datetime,datetime_nano,KQ.m@SHFE.bu.open,KQ.m@SHFE.bu.high,KQ.m@SHFE.bu.low,KQ.m@SHFE.bu.close,KQ.m@SHFE.bu.volume,KQ.m@SHFE.bu.open_oi,KQ.m@SHFE.bu.close_oi
2021-07-30 21:00:00.000000000,1627650000000000000,3288,3294,3284,3288,9540,251776,251200
2021-07-30 21:01:00.000000000,1627650060000000000,3288,3294,3288,3294,4586,251200,250509
2021-07-30 21:02:00.000000000,1627650120000000000,3294,3294,3284,3286,2946,250509,250891
2021-07-30 21:03:00.000000000,1627650180000000000,3286,3288,3286,3286,3000,250891,250969
2021-07-30 21:04:00.000000000,1627650240000000000,3286,3288,3274,3274,4028,250969,251473
2021-07-30 21:05:00.000000000,1627650300000000000,3274,3276,3268,3276,6647,251473,250986
2021-07-30 21:06:00.000000000,1627650360000000000,3276,3280,3274,3280,2134,250986,250813
2021-07-30 21:07:00.000000000,1627650420000000000,3280,3284,3278,3284,2625,250813,250780
2021-07-30 21:08:00.000000000,1627650480000000000,3284,3284,3278,3282,3184,250780,251138
2021-07-30 21:09:00.000000000,1627650540000000000,3282,3286,3280,3284,2140,251138,251252
2021-07-30 21:10:00.000000000,1627650600000000000,3284,3292,3284,3292,2856,251252,251350
2021-07-30 21:11:00.000000000,1627650660000000000,3292,3296,3290,3294,2616,251350,251203
2021-07-30 21:12:00.000000000,1627650720000000000,3294,3296,3292,3296,872,251203,251400
2021-07-30 21:13:00.000000000,1627650780000000000,3296,3298,3292,3296,3149,251400,251555
2021-07-30 21:14:00.000000000,1627650840000000000,3296,3302,3296,3300,3397,251555,251433
2021-07-30 21:15:00.000000000,1627650900000000000,3300,3302,3298,3298,3147,251433,251953
2021-07-30 21:16:00.000000000,1627650960000000000,3298,3302,3298,3300,1354,251953,252034
2021-07-30 21:17:00.000000000,1627651020000000000,3300,3310,3300,3308,6014,252034,251199
2021-07-30 21:18:00.000000000,1627651080000000000,3308,3310,3306,3308,3594,251199,250505
2021-07-30 21:19:00.000000000,1627651140000000000,3308,3310,3306,3308,1895,250505,250189
2021-07-30 21:20:00.000000000,1627651200000000000,3308,3308,3304,3306,2006,250189,249839
2021-07-30 21:21:00.000000000,1627651260000000000,3306,3310,3304,3306,2189,249839,249649
2021-07-30 21:22:00.000000000,1627651320000000000,3306,3310,3306,3308,1618,249649,249767
2021-07-30 21:23:00.000000000,1627651380000000000,3308,3308,3306,3308,963,249767,249872
2021-07-30 21:24:00.000000000,1627651440000000000,3308,3308,3304,3306,3484,249872,249779
2021-07-30 21:25:00.000000000,1627651500000000000,3306,3306,3304,3306,865,249779,249603
2021-07-30 21:26:00.000000000,1627651560000000000,3306,3308,3302,3308,3157,249603,248764
2021-07-30 21:27:00.000000000,1627651620000000000,3308,3310,3304,3306,1246,248764,248732
2021-07-30 21:28:00.000000000,1627651680000000000,3306,3308,3304,3308,1827,248732,248852
2021-07-30 21:29:00.000000000,1627651740000000000,3308,3308,3304,3304,2513,248852,248925
2021-07-30 21:30:00.000000000,1627651800000000000,3304,3310,3304,3306,2015,248925,248807
2021-07-30 21:31:00.000000000,1627651860000000000,3306,3306,3304,3306,734,248807,248778
2021-07-30 21:32:00.000000000,1627651920000000000,3306,3308,3304,3304,974,248778,249066
2021-07-30 21:33:00.000000000,1627651980000000000,3304,3308,3304,3308,955,249066,249220
2021-07-30 21:34:00.000000000,1627652040000000000,3308,3308,3306,3308,383,249220,249158
2021-07-30 21:35:00.000000000,1627652100000000000,3308,3308,3306,3306,934,249158,249167
2021-07-30 21:36:00.000000000,1627652160000000000,3306,3308,3304,3306,926,249167,249211
2021-07-30 21:37:00.000000000,1627652220000000000,3306,3306,3300,3300,1831,249211,248801
2021-07-30 21:38:00.000000000,1627652280000000000,3300,3302,3300,3302,756,248801,248733
2021-07-30 21:39:00.000000000,1627652340000000000,3302,3304,3300,3304,562,248733,248762
2021-07-30 21:40:00.000000000,1627652400000000000,3304,3304,3302,3304,587,248762,248760
2021-07-30 21:41:00.000000000,1627652460000000000,3304,3306,3302,3304,883,248760,248384
2021-07-30 21:42:00.000000000,1627652520000000000,3304,3306,3304,3306,196,248384,248303
2021-07-30 21:43:00.000000000,1627652580000000000,3306,3306,3304,3306,185,248303,248242
2021-07-30 21:44:00.000000000,1627652640000000000,3306,3306,3302,3302,435,248242,248152
2021-07-30 21:45:00.000000000,1627652700000000000,3302,3304,3302,3304,646,248152,248119
2021-07-30 21:46:00.000000000,1627652760000000000,3304,3306,3302,3304,1048,248119,248193
2021-07-30 21:47:00.000000000,1627652820000000000,3304,3306,3302,3304,758,248193,248084
2021-07-30 21:48:00.000000000,1627652880000000000,3304,3304,3302,3302,202,248084,248017
2021-07-30 21:49:00.000000000,1627652940000000000,3302,3306,3302,3304,1071,248017,247867
2021-07-30 21:50:00.000000000,1627653000000000000,3304,3308,3304,3306,2934,247867,247095
2021-07-30 21:51:00.000000000,1627653060000000000,3306,3310,3306,3310,2258,247095,246547
2021-07-30 21:52:00.000000000,1627653120000000000,3310,3310,3306,3308,1839,246547,246539
2021-07-30 21:53:00.000000000,1627653180000000000,3308,3310,3308,3308,405,246539,246452
2021-07-30 21:54:00.000000000,1627653240000000000,3308,3310,3308,3308,283,246452,246552
2021-07-30 21:55:00.000000000,1627653300000000000,3308,3314,3308,3312,2022,246552,246894
2021-07-30 21:56:00.000000000,1627653360000000000,3312,3316,3312,3316,1860,246894,247084
2021-07-30 21:57:00.000000000,1627653420000000000,3316,3316,3314,3314,1243,247084,246763
2021-07-30 21:58:00.000000000,1627653480000000000,3314,3316,3312,3314,1389,246763,246500
2021-07-30 21:59:00.000000000,1627653540000000000,3314,3316,3312,3312,660,246500,246602
2021-07-30 22:00:00.000000000,1627653600000000000,3312,3318,3312,3316,1788,246602,246333
2021-07-30 22:01:00.000000000,1627653660000000000,3316,3318,3314,3318,513,246333,246379
2021-07-30 22:02:00.000000000,1627653720000000000,3318,3318,3312,3312,1828,246379,246510
2021-07-30 22:03:00.000000000,1627653780000000000,3312,3316,3312,3314,903,246510,246317
2021-07-30 22:04:00.000000000,1627653840000000000,3314,3314,3310,3310,1950,246317,245787
2021-07-30 22:05:00.000000000,1627653900000000000,3310,3314,3310,3312,1244,245787,245844
2021-07-30 22:06:00.000000000,1627653960000000000,3312,3314,3310,3314,847,245844,245638
2021-07-30 22:07:00.000000000,1627654020000000000,3314,3314,3312,3314,280,245638,245545
2021-07-30 22:08:00.000000000,1627654080000000000,3314,3316,3312,3314,1365,245545,245280
2021-07-30 22:09:00.000000000,1627654140000000000,3314,3316,3310,3312,818,245280,245305
2021-07-30 22:10:00.000000000,1627654200000000000,3312,3312,3308,3310,767,245305,244952
2021-07-30 22:11:00.000000000,1627654260000000000,3310,3312,3302,3304,2257,244952,245158
2021-07-30 22:12:00.000000000,1627654320000000000,3304,3306,3300,3306,1900,245158,244991
2021-07-30 22:13:00.000000000,1627654380000000000,3306,3308,3304,3306,582,244991,244947
2021-07-30 22:14:00.000000000,1627654440000000000,3306,3308,3304,3306,480,244947,244914
2021-07-30 22:15:00.000000000,1627654500000000000,3306,3308,3302,3302,979,244914,244901
2021-07-30 22:16:00.000000000,1627654560000000000,3302,3304,3302,3304,386,244901,244806
2021-07-30 22:17:00.000000000,1627654620000000000,3304,3304,3298,3298,1765,244806,244667
2021-07-30 22:18:00.000000000,1627654680000000000,3298,3300,3288,3292,2937,244667,244549
2021-07-30 22:19:00.000000000,1627654740000000000,3292,3294,3290,3294,1579,244549,244170
2021-07-30 22:20:00.000000000,1627654800000000000,3294,3298,3292,3296,1867,244170,243989
2021-07-30 22:21:00.000000000,1627654860000000000,3296,3296,3292,3294,1421,243989,244099
2021-07-30 22:22:00.000000000,1627654920000000000,3294,3298,3294,3298,702,244099,243953
2021-07-30 22:23:00.000000000,1627654980000000000,3298,3298,3294,3294,807,243953,243649
2021-07-30 22:24:00.000000000,1627655040000000000,3294,3296,3292,3294,813,243649,243512
2021-07-30 22:25:00.000000000,1627655100000000000,3294,3296,3292,3296,759,243512,243313
2021-07-30 22:26:00.000000000,1627655160000000000,3296,3296,3292,3296,621,243313,243216
2021-07-30 22:27:00.000000000,1627655220000000000,3296,3298,3294,3298,408,243216,243130
2021-07-30 22:28:00.000000000,1627655280000000000,3298,3298,3294,3298,745,243130,242988
2021-07-30 22:29:00.000000000,1627655340000000000,3298,3298,3292,3292,928,242988,243189
2021-07-30 22:30:00.000000000,1627655400000000000,3292,3296,3292,3294,593,243189,243165
2021-07-30 22:31:00.000000000,1627655460000000000,3294,3296,3292,3292,862,243165,243153
2021-07-30 22:32:00.000000000,1627655520000000000,3292,3294,3290,3292,703,243153,243215
2021-07-30 22:33:00.000000000,1627655580000000000,3292,3292,3290,3290,552,243215,243234
2021-07-30 22:34:00.000000000,1627655640000000000,3290,3292,3290,3292,505,243234,243145
2021-07-30 22:35:00.000000000,1627655700000000000,3292,3292,3288,3288,840,243145,243038
2021-07-30 22:36:00.000000000,1627655760000000000,3288,3292,3288,3292,1123,243038,242891
2021-07-30 22:37:00.000000000,1627655820000000000,3292,3292,3288,3290,1117,242891,242848
2021-07-30 22:38:00.000000000,1627655880000000000,3290,3294,3288,3294,708,242848,242797
2021-07-30 22:39:00.000000000,1627655940000000000,3294,3294,3292,3294,324,242797,242685
2021-07-30 22:40:00.000000000,1627656000000000000,3294,3294,3288,3292,1048,242685,242343
2021-07-30 22:41:00.000000000,1627656060000000000,3292,3294,3292,3294,331,242343,242415
2021-07-30 22:42:00.000000000,1627656120000000000,3294,3294,3288,3288,882,242415,242238
2021-07-30 22:43:00.000000000,1627656180000000000,3288,3292,3286,3290,1053,242238,242194
2021-07-30 22:44:00.000000000,1627656240000000000,3290,3290,3286,3290,915,242194,242177
2021-07-30 22:45:00.000000000,1627656300000000000,3290,3292,3282,3286,1315,242177,241947
2021-07-30 22:46:00.000000000,1627656360000000000,3286,3290,3284,3288,1183,241947,241989
2021-07-30 22:47:00.000000000,1627656420000000000,3288,3290,3286,3290,823,241989,241960
2021-07-30 22:48:00.000000000,1627656480000000000,3290,3290,3284,3286,1209,241960,241738
2021-07-30 22:49:00.000000000,1627656540000000000,3286,3288,3282,3282,1312,241738,241468
2021-07-30 22:50:00.000000000,1627656600000000000,3282,3286,3282,3284,1518,241468,241076
2021-07-30 22:51:00.000000000,1627656660000000000,3284,3286,3282,3284,1409,241076,241143
2021-07-30 22:52:00.000000000,1627656720000000000,3284,3284,3280,3282,1149,241143,240960
2021-07-30 22:53:00.000000000,1627656780000000000,3282,3284,3280,3280,1288,240960,240608
2021-07-30 22:54:00.000000000,1627656840000000000,3280,3284,3280,3284,674,240608,240482
2021-07-30 22:55:00.000000000,1627656900000000000,3284,3284,3282,3284,255,240482,240531
2021-07-30 22:56:00.000000000,1627656960000000000,3284,3288,3284,3286,1037,240531,240155
2021-07-30 22:57:00.000000000,1627657020000000000,3286,3286,3284,3286,407,240155,240144
2021-07-30 22:58:00.000000000,1627657080000000000,3286,3286,3282,3284,1146,240144,239641
2021-07-30 22:59:00.000000000,1627657140000000000,3284,3286,3280,3282,1358,239641,239307
2021-08-02 09:00:00.000000000,1627866000000000000,3282,3284,3262,3270,8404,239307,238565
2021-08-02 09:01:00.000000000,1627866060000000000,3270,3276,3266,3268,5108,238565,238010
2021-08-02 09:02:00.000000000,1627866120000000000,3268,3270,3258,3258,6487,238010,238585
2021-08-02 09:03:00.000000000,1627866180000000000,3258,3266,3258,3266,4841,238585,238572
2021-08-02 09:04:00.000000000,1627866240000000000,3266,3266,3256,3258,3420,238572,238949
2021-08-02 09:05:00.000000000,1627866300000000000,3258,3258,3240,3240,8253,238949,238056
2021-08-02 09:06:00.000000000,1627866360000000000,3240,3248,3240,3242,3766,238056,237539
2021-08-02 09:07:00.000000000,1627866420000000000,3242,3246,3238,3244,3169,237539,237439
2021-08-02 09:08:00.000000000,1627866480000000000,3244,3244,3232,3236,6817,237439,237573
2021-08-02 09:09:00.000000000,1627866540000000000,3236,3242,3232,3242,3796,237573,236785
2021-08-02 09:10:00.000000000,1627866600000000000,3242,3242,3232,3236,4087,236785,237105
2021-08-02 09:11:00.000000000,1627866660000000000,3236,3236,3230,3232,3391,237105,236989
2021-08-02 09:12:00.000000000,1627866720000000000,3232,3234,3218,3220,4889,236989,237161
2021-08-02 09:13:00.000000000,1627866780000000000,3220,3228,3220,3224,3670,237161,237015
2021-08-02 09:14:00.000000000,1627866840000000000,3224,3228,3222,3226,2750,237015,237145
2021-08-02 09:15:00.000000000,1627866900000000000,3226,3232,3220,3232,4064,237145,236996
2021-08-02 09:16:00.000000000,1627866960000000000,3232,3234,3228,3234,3568,236996,236399
2021-08-02 09:17:00.000000000,1627867020000000000,3234,3234,3230,3232,2265,236399,235796
2021-08-02 09:18:00.000000000,1627867080000000000,3232,3236,3230,3234,2007,235796,236052
2021-08-02 09:19:00.000000000,1627867140000000000,3234,3234,3226,3228,3137,236052,236106
2021-08-02 09:20:00.000000000,1627867200000000000,3228,3228,3220,3220,3108,236106,236439
2021-08-02 09:21:00.000000000,1627867260000000000,3220,3222,3218,3220,2106,236439,236799
2021-08-02 09:22:00.000000000,1627867320000000000,3220,3226,3218,3220,1948,236799,236513
2021-08-02 09:23:00.000000000,1627867380000000000,3220,3224,3220,3224,875,236513,236590
2021-08-02 09:24:00.000000000,1627867440000000000,3224,3224,3214,3218,3472,236590,236881
2021-08-02 09:25:00.000000000,1627867500000000000,3218,3218,3214,3218,2457,236881,236970
2021-08-02 09:26:00.000000000,1627867560000000000,3218,3218,3212,3214,1903,236970,236992
2021-08-02 09:27:00.000000000,1627867620000000000,3214,3216,3212,3214,1779,236992,237064
2021-08-02 09:28:00.000000000,1627867680000000000,3214,3216,3210,3210,1922,237064,236980
2021-08-02 09:29:00.000000000,1627867740000000000,3210,3214,3210,3214,2041,236980,236895
2021-08-02 09:30:00.000000000,1627867800000000000,3214,3214,3204,3206,5270,236895,236357
2021-08-02 09:31:00.000000000,1627867860000000000,3206,3212,3206,3208,2457,236357,235967
2021-08-02 09:32:00.000000000,1627867920000000000,3208,3208,3204,3206,2006,235967,235706
2021-08-02 09:33:00.000000000,1627867980000000000,3206,3208,3202,3208,1608,235706,235744
2021-08-02 09:34:00.000000000,1627868040000000000,3208,3214,3206,3212,2139,235744,235185
2021-08-02 09:35:00.000000000,1627868100000000000,3212,3214,3208,3210,2445,235185,234779
2021-08-02 09:36:00.000000000,1627868160000000000,3210,3210,3206,3208,1843,234779,234705
2021-08-02 09:37:00.000000000,1627868220000000000,3208,3212,3206,3212,2778,234705,234068
2021-08-02 09:38:00.000000000,1627868280000000000,3212,3216,3208,3216,3283,234068,233434
2021-08-02 09:39:00.000000000,1627868340000000000,3216,3226,3214,3224,4134,233434,232930
2021-08-02 09:40:00.000000000,1627868400000000000,3224,3224,3220,3224,1435,232930,232661
2021-08-02 09:41:00.000000000,1627868460000000000,3224,3224,3220,3222,782,232661,232527
2021-08-02 09:42:00.000000000,1627868520000000000,3222,3224,3220,3222,1001,232527,232633
2021-08-02 09:43:00.000000000,1627868580000000000,3222,3226,3220,3226,2156,232633,232030
2021-08-02 09:44:00.000000000,1627868640000000000,3226,3226,3218,3220,1413,232030,232219
2021-08-02 09:45:00.000000000,1627868700000000000,3220,3220,3214,3216,1361,232219,232352
2021-08-02 09:46:00.000000000,1627868760000000000,3216,3218,3212,3216,1882,232352,232049
2021-08-02 09:47:00.000000000,1627868820000000000,3216,3224,3216,3224,1737,232049,231633
2021-08-02 09:48:00.000000000,1627868880000000000,3224,3224,3218,3218,1278,231633,231790
2021-08-02 09:49:00.000000000,1627868940000000000,3218,3224,3214,3222,2592,231790,232098
2021-08-02 09:50:00.000000000,1627869000000000000,3222,3222,3218,3222,823,232098,231922
2021-08-02 09:51:00.000000000,1627869060000000000,3222,3228,3220,3226,3207,231922,231547
2021-08-02 09:52:00.000000000,1627869120000000000,3226,3228,3224,3224,1177,231547,231350
2021-08-02 09:53:00.000000000,1627869180000000000,3224,3226,3220,3224,890,231350,231367
2021-08-02 09:54:00.000000000,1627869240000000000,3224,3226,3224,3224,328,231367,231288
2021-08-02 09:55:00.000000000,1627869300000000000,3224,3226,3222,3224,820,231288,231305
2021-08-02 09:56:00.000000000,1627869360000000000,3224,3226,3224,3226,167,231305,231234
2021-08-02 09:57:00.000000000,1627869420000000000,3226,3226,3220,3222,674,231234,231156
2021-08-02 09:58:00.000000000,1627869480000000000,3222,3226,3220,3220,2751,231156,230669
2021-08-02 09:59:00.000000000,1627869540000000000,3220,3224,3216,3216,1267,230669,230641
2021-08-02 10:00:00.000000000,1627869600000000000,3216,3222,3214,3220,2809,230641,230488
2021-08-02 10:01:00.000000000,1627869660000000000,3220,3220,3212,3212,3842,230488,229312
2021-08-02 10:02:00.000000000,1627869720000000000,3212,3214,3210,3212,2055,229312,228935
2021-08-02 10:03:00.000000000,1627869780000000000,3212,3214,3208,3212,2303,228935,228799
2021-08-02 10:04:00.000000000,1627869840000000000,3212,3218,3210,3216,1121,228799,228543
2021-08-02 10:05:00.000000000,1627869900000000000,3216,3222,3216,3220,2141,228543,228381
2021-08-02 10:06:00.000000000,1627869960000000000,3220,3224,3218,3222,462,228381,228451
2021-08-02 10:07:00.000000000,1627870020000000000,3222,3226,3220,3226,1936,228451,227649
2021-08-02 10:08:00.000000000,1627870080000000000,3226,3226,3222,3222,1360,227649,227611
2021-08-02 10:09:00.000000000,1627870140000000000,3222,3226,3222,3224,449,227611,227658
2021-08-02 10:10:00.000000000,1627870200000000000,3224,3226,3222,3222,991,227658,227783
2021-08-02 10:11:00.000000000,1627870260000000000,3222,3224,3220,3222,736,227783,227730
2021-08-02 10:12:00.000000000,1627870320000000000,3222,3224,3220,3222,398,227730,227688
2021-08-02 10:13:00.000000000,1627870380000000000,3222,3224,3220,3220,774,227688,227436
2021-08-02 10:14:00.000000000,1627870440000000000,3220,3224,3220,3222,717,227436,227329
2021-08-02 10:30:00.000000000,1627871400000000000,3230,3234,3226,3232,4772,227329,226720
2021-08-02 10:31:00.000000000,1627871460000000000,3232,3232,3226,3228,662,226720,226823
2021-08-02 10:32:00.000000000,1627871520000000000,3228,3230,3226,3228,1807,226823,226229
2021-08-02 10:33:00.000000000,1627871580000000000,3228,3230,3226,3228,530,226229,226091
2021-08-02 10:34:00.000000000,1627871640000000000,3228,3230,3226,3226,663,226091,226103
2021-08-02 10:35:00.000000000,1627871700000000000,3226,3228,3224,3226,534,226103,226235
2021-08-02 10:36:00.000000000,1627871760000000000,3226,3228,3224,3224,1039,226235,225999
2021-08-02 10:37:00.000000000,1627871820000000000,3224,3224,3222,3222,325,225999,226036
2021-08-02 10:38:00.000000000,1627871880000000000,3222,3226,3222,3224,1237,226036,225857
2021-08-02 10:39:00.000000000,1627871940000000000,3224,3224,3222,3222,764,225857,225614
2021-08-02 10:40:00.000000000,1627872000000000000,3222,3226,3222,3226,157,225614,225585
2021-08-02 10:41:00.000000000,1627872060000000000,3226,3226,3222,3224,335,225585,225626
2021-08-02 10:42:00.000000000,1627872120000000000,3224,3224,3220,3222,742,225626,225688
2021-08-02 10:43:00.000000000,1627872180000000000,3222,3224,3222,3224,149,225688,225753
2021-08-02 10:44:00.000000000,1627872240000000000,3224,3224,3220,3222,441,225753,225730
2021-08-02 10:45:00.000000000,1627872300000000000,3222,3224,3220,3224,959,225730,225798
2021-08-02 10:46:00.000000000,1627872360000000000,3224,3224,3222,3224,63,225798,225828
2021-08-02 10:47:00.000000000,1627872420000000000,3224,3226,3222,3226,739,225828,225908
2021-08-02 10:48:00.000000000,1627872480000000000,3226,3226,3224,3226,206,225908,225831
2021-08-02 10:49:00.000000000,1627872540000000000,3226,3226,3224,3224,687,225831,225799
2021-08-02 10:50:00.000000000,1627872600000000000,3224,3226,3222,3224,430,225799,225777
2021-08-02 10:51:00.000000000,1627872660000000000,3224,3224,3222,3224,99,225777,225719
2021-08-02 10:52:00.000000000,1627872720000000000,3224,3232,3224,3232,1630,225719,225741
2021-08-02 10:53:00.000000000,1627872780000000000,3232,3234,3230,3234,1132,225741,225642
2021-08-02 10:54:00.000000000,1627872840000000000,3234,3234,3232,3232,689,225642,225653
2021-08-02 10:55:00.000000000,1627872900000000000,3232,3234,3230,3232,998,225653,225627
2021-08-02 10:56:00.000000000,1627872960000000000,3232,3234,3230,3230,582,225627,225703
2021-08-02 10:57:00.000000000,1627873020000000000,3230,3236,3230,3234,1321,225703,225581
2021-08-02 10:58:00.000000000,1627873080000000000,3234,3242,3232,3242,3087,225581,225733
2021-08-02 10:59:00.000000000,1627873140000000000,3242,3246,3240,3240,3141,225733,225261
2021-08-02 11:00:00.000000000,1627873200000000000,3240,3246,3240,3240,3129,225261,225396
2021-08-02 11:01:00.000000000,1627873260000000000,3240,3242,3238,3242,800,225396,225554
2021-08-02 11:02:00.000000000,1627873320000000000,3242,3248,3240,3248,1979,225554,225640
2021-08-02 11:03:00.000000000,1627873380000000000,3248,3248,3244,3246,1174,225640,225293
2021-08-02 11:04:00.000000000,1627873440000000000,3246,3250,3246,3250,1601,225293,225308
2021-08-02 11:05:00.000000000,1627873500000000000,3250,3254,3248,3250,3020,225308,224757
2021-08-02 11:06:00.000000000,1627873560000000000,3250,3252,3248,3250,1761,224757,224516
2021-08-02 11:07:00.000000000,1627873620000000000,3250,3252,3250,3252,576,224516,224594
2021-08-02 11:08:00.000000000,1627873680000000000,3252,3252,3246,3248,1471,224594,224082
2021-08-02 11:09:00.000000000,1627873740000000000,3248,3250,3248,3248,1268,224082,223933
2021-08-02 11:10:00.000000000,1627873800000000000,3248,3250,3246,3246,1482,223933,223859
2021-08-02 11:11:00.000000000,1627873860000000000,3246,3248,3242,3248,1673,223859,223298
2021-08-02 11:12:00.000000000,1627873920000000000,3248,3248,3244,3244,495,223298,223236
2021-08-02 11:13:00.000000000,1627873980000000000,3244,3246,3244,3244,173,223236,223161
2021-08-02 11:14:00.000000000,1627874040000000000,3244,3246,3242,3242,1267,223161,223291
2021-08-02 11:15:00.000000000,1627874100000000000,3242,3248,3242,3246,1001,223291,223286
2021-08-02 11:16:00.000000000,1627874160000000000,3246,3248,3244,3246,547,223286,222925
2021-08-02 11:17:00.000000000,1627874220000000000,3246,3246,3244,3246,185,222925,222975
2021-08-02 11:18:00.000000000,1627874280000000000,3246,3248,3246,3248,1464,222975,223173
2021-08-02 11:19:00.000000000,1627874340000000000,3248,3248,3246,3246,281,223173,223193
2021-08-02 11:20:00.000000000,1627874400000000000,3246,3252,3246,3252,878,223193,223581
2021-08-02 11:21:00.000000000,1627874460000000000,3252,3252,3248,3252,1381,223581,223412
2021-08-02 11:22:00.000000000,1627874520000000000,3252,3252,3250,3252,289,223412,223334
2021-08-02 11:23:00.000000000,1627874580000000000,3252,3254,3250,3252,1858,223334,222944
2021-08-02 11:24:00.000000000,1627874640000000000,3252,3256,3252,3256,728,222944,222914
2021-08-02 11:25:00.000000000,1627874700000000000,3256,3258,3254,3258,1087,222914,222585
2021-08-02 11:26:00.000000000,1627874760000000000,3258,3258,3252,3254,1970,222585,221692
2021-08-02 11:27:00.000000000,1627874820000000000,3254,3260,3254,3258,1556,221692,221607
2021-08-02 11:28:00.000000000,1627874880000000000,3258,3260,3256,3256,898,221607,221643
2021-08-02 11:29:00.000000000,1627874940000000000,3256,3258,3256,3256,879,221643,221509
2021-08-02 13:30:00.000000000,1627882200000000000,3266,3270,3262,3268,5130,221509,221057
2021-08-02 13:31:00.000000000,1627882260000000000,3268,3270,3264,3264,1731,221057,221268
2021-08-02 13:32:00.000000000,1627882320000000000,3264,3268,3262,3268,1722,221268,221170
2021-08-02 13:33:00.000000000,1627882380000000000,3268,3272,3266,3268,2761,221170,221191
2021-08-02 13:34:00.000000000,1627882440000000000,3268,3270,3268,3270,1381,221191,221292
2021-08-02 13:35:00.000000000,1627882500000000000,3270,3272,3268,3268,987,221292,221057
2021-08-02 13:36:00.000000000,1627882560000000000,3268,3274,3268,3272,1411,221057,221076
2021-08-02 13:37:00.000000000,1627882620000000000,3272,3274,3270,3272,1939,221076,221437
2021-08-02 13:38:00.000000000,1627882680000000000,3272,3274,3270,3270,1199,221437,221164
2021-08-02 13:39:00.000000000,1627882740000000000,3270,3274,3270,3270,897,221164,221144
2021-08-02 13:40:00.000000000,1627882800000000000,3270,3274,3270,3270,871,221144,221468
2021-08-02 13:41:00.000000000,1627882860000000000,3270,3272,3266,3268,2492,221468,221847
2021-08-02 13:42:00.000000000,1627882920000000000,3268,3270,3268,3268,1068,221847,221651
2021-08-02 13:43:00.000000000,1627882980000000000,3268,3272,3268,3270,644,221651,221583
2021-08-02 13:44:00.000000000,1627883040000000000,3270,3272,3270,3272,246,221583,221500
2021-08-02 13:45:00.000000000,1627883100000000000,3272,3274,3270,3274,1064,221500,221639
2021-08-02 13:46:00.000000000,1627883160000000000,3274,3274,3270,3272,537,221639,221514
2021-08-02 13:47:00.000000000,1627883220000000000,3272,3272,3270,3270,423,221514,221340
2021-08-02 13:48:00.000000000,1627883280000000000,3270,3272,3268,3268,427,221340,221154
2021-08-02 13:49:00.000000000,1627883340000000000,3268,3270,3268,3268,293,221154,221028
2021-08-02 13:50:00.000000000,1627883400000000000,3268,3272,3268,3270,566,221028,221057
2021-08-02 13:51:00.000000000,1627883460000000000,3270,3274,3268,3268,1199,221057,221082
2021-08-02 13:52:00.000000000,1627883520000000000,3268,3270,3268,3268,292,221082,221168
2021-08-02 13:53:00.000000000,1627883580000000000,3268,3270,3268,3268,197,221168,221153
2021-08-02 13:54:00.000000000,1627883640000000000,3268,3270,3264,3264,1294,221153,220609
2021-08-02 13:55:00.000000000,1627883700000000000,3264,3266,3264,3264,427,220609,220564
2021-08-02 13:56:00.000000000,1627883760000000000,3264,3268,3264,3266,1061,220564,220516
2021-08-02 13:57:00.000000000,1627883820000000000,3266,3266,3262,3264,1187,220516,220597
2021-08-02 13:58:00.000000000,1627883880000000000,3264,3264,3262,3264,374,220597,220708
2021-08-02 13:59:00.000000000,1627883940000000000,3264,3268,3262,3268,953,220708,220797
2021-08-02 14:00:00.000000000,1627884000000000000,3268,3268,3262,3264,1956,220797,220457
2021-08-02 14:01:00.000000000,1627884060000000000,3264,3264,3262,3264,401,220457,220460
2021-08-02 14:02:00.000000000,1627884120000000000,3264,3266,3262,3266,690,220460,220406
2021-08-02 14:03:00.000000000,1627884180000000000,3266,3272,3266,3272,1291,220406,220713
2021-08-02 14:04:00.000000000,1627884240000000000,3272,3272,3270,3272,413,220713,220549
2021-08-02 14:05:00.000000000,1627884300000000000,3272,3272,3268,3268,980,220549,220175
2021-08-02 14:06:00.000000000,1627884360000000000,3268,3272,3268,3270,885,220175,220096
2021-08-02 14:07:00.000000000,1627884420000000000,3270,3272,3270,3270,99,220096,220088
2021-08-02 14:08:00.000000000,1627884480000000000,3270,3272,3270,3270,494,220088,219871
2021-08-02 14:09:00.000000000,1627884540000000000,3270,3272,3268,3270,1324,219871,219927
2021-08-02 14:10:00.000000000,1627884600000000000,3270,3274,3270,3272,712,219927,219890
2021-08-02 14:11:00.000000000,1627884660000000000,3272,3272,3270,3272,107,219890,219901
2021-08-02 14:12:00.000000000,1627884720000000000,3272,3272,3270,3270,938,219901,219900
2021-08-02 14:13:00.000000000,1627884780000000000,3270,3272,3270,3270,462,219900,220067
2021-08-02 14:14:00.000000000,1627884840000000000,3270,3274,3270,3272,434,220067,220135
2021-08-02 14:15:00.000000000,1627884900000000000,3272,3278,3272,3278,2018,220135,219758
2021-08-02 14:16:00.000000000,1627884960000000000,3278,3278,3276,3278,867,219758,219696
2021-08-02 14:17:00.000000000,1627885020000000000,3278,3278,3276,3276,2566,219696,219699
2021-08-02 14:18:00.000000000,1627885080000000000,3276,3280,3276,3280,1102,219699,219625
2021-08-02 14:19:00.000000000,1627885140000000000,3280,3280,3276,3276,730,219625,219381
2021-08-02 14:20:00.000000000,1627885200000000000,3276,3278,3276,3278,407,219381,219416
2021-08-02 14:21:00.000000000,1627885260000000000,3278,3280,3276,3276,888,219416,219618
2021-08-02 14:22:00.000000000,1627885320000000000,3276,3278,3272,3272,1382,219618,219668
2021-08-02 14:23:00.000000000,1627885380000000000,3272,3274,3272,3272,169,219668,219611
2021-08-02 14:24:00.000000000,1627885440000000000,3272,3276,3272,3276,946,219611,219868
2021-08-02 14:25:00.000000000,1627885500000000000,3276,3276,3272,3274,930,219868,219607
2021-08-02 14:26:00.000000000,1627885560000000000,3274,3278,3274,3276,810,219607,219322
2021-08-02 14:27:00.000000000,1627885620000000000,3276,3278,3274,3278,399,219322,219216
2021-08-02 14:28:00.000000000,1627885680000000000,3278,3280,3276,3280,542,219216,219261
2021-08-02 14:29:00.000000000,1627885740000000000,3280,3280,3276,3276,653,219261,218996
2021-08-02 14:30:00.000000000,1627885800000000000,3276,3280,3276,3278,753,218996,219125
2021-08-02 14:31:00.000000000,1627885860000000000,3278,3280,3278,3278,286,219125,219082
2021-08-02 14:32:00.000000000,1627885920000000000,3278,3280,3278,3278,1015,219082,218875
2021-08-02 14:33:00.000000000,1627885980000000000,3278,3282,3278,3280,1799,218875,219291
2021-08-02 14:34:00.000000000,1627886040000000000,3280,3280,3278,3278,177,219291,219263
2021-08-02 14:35:00.000000000,1627886100000000000,3278,3280,3276,3276,348,219263,219354
2021-08-02 14:36:00.000000000,1627886160000000000,3276,3278,3274,3276,749,219354,219093
2021-08-02 14:37:00.000000000,1627886220000000000,3276,3278,3276,3276,479,219093,219129
2021-08-02 14:38:00.000000000,1627886280000000000,3276,3280,3276,3276,731,219129,218925
2021-08-02 14:39:00.000000000,1627886340000000000,3276,3284,3276,3284,1898,218925,218424
2021-08-02 14:40:00.000000000,1627886400000000000,3284,3290,3282,3290,3138,218424,217994
2021-08-02 14:41:00.000000000,1627886460000000000,3290,3290,3286,3288,1877,217994,218047
2021-08-02 14:42:00.000000000,1627886520000000000,3288,3296,3286,3294,3751,218047,218073
2021-08-02 14:43:00.000000000,1627886580000000000,3294,3296,3292,3294,1027,218073,218170
2021-08-02 14:44:00.000000000,1627886640000000000,3294,3300,3294,3296,2668,218170,218103
2021-08-02 14:45:00.000000000,1627886700000000000,3296,3300,3296,3300,3011,218103,218033
2021-08-02 14:46:00.000000000,1627886760000000000,3300,3302,3296,3300,2994,218033,217853
2021-08-02 14:47:00.000000000,1627886820000000000,3300,3300,3298,3300,1426,217853,217822
2021-08-02 14:48:00.000000000,1627886880000000000,3300,3302,3296,3296,2796,217822,217440
2021-08-02 14:49:00.000000000,1627886940000000000,3296,3298,3292,3296,1957,217440,217220
2021-08-02 14:50:00.000000000,1627887000000000000,3296,3298,3292,3294,1047,217220,216892
2021-08-02 14:51:00.000000000,1627887060000000000,3294,3296,3292,3292,1393,216892,217003
2021-08-02 14:52:00.000000000,1627887120000000000,3292,3294,3292,3292,799,217003,216847
2021-08-02 14:53:00.000000000,1627887180000000000,3292,3294,3288,3288,1310,216847,216821
2021-08-02 14:54:00.000000000,1627887240000000000,3288,3292,3288,3292,859,216821,216580
2021-08-02 14:55:00.000000000,1627887300000000000,3292,3292,3288,3290,1943,216580,216123
2021-08-02 14:56:00.000000000,1627887360000000000,3290,3290,3288,3288,917,216123,216033
2021-08-02 14:57:00.000000000,1627887420000000000,3288,3290,3286,3286,1530,216033,215460
2021-08-02 14:58:00.000000000,1627887480000000000,3286,3288,3284,3286,2526,215460,214826
2021-08-02 14:59:00.000000000,1627887540000000000,3286,3292,3284,3292,2680,214826,214525
2021-08-02 21:00:00.000000000,1627909200000000000,3288,3300,3286,3298,7804,214525,215253
2021-08-02 21:01:00.000000000,1627909260000000000,3298,3308,3296,3306,6343,215253,215377
2021-08-02 21:02:00.000000000,1627909320000000000,3306,3312,3300,3312,6382,215377,215523
2021-08-02 21:03:00.000000000,1627909380000000000,3312,3320,3308,3314,9016,215523,214914
2021-08-02 21:04:00.000000000,1627909440000000000,3314,3316,3310,3312,3481,214914,215357
2021-08-02 21:05:00.000000000,1627909500000000000,3312,3320,3312,3316,4343,215357,215309
2021-08-02 21:06:00.000000000,1627909560000000000,3316,3320,3312,3314,3840,215309,215045
2021-08-02 21:07:00.000000000,1627909620000000000,3314,3316,3306,3308,2759,215045,214865
2021-08-02 21:08:00.000000000,1627909680000000000,3308,3308,3304,3306,2122,214865,214782
2021-08-02 21:09:00.000000000,1627909740000000000,3306,3306,3298,3298,3802,214782,214630
2021-08-02 21:10:00.000000000,1627909800000000000,3298,3302,3292,3294,3405,214630,214038
2021-08-02 21:11:00.000000000,1627909860000000000,3294,3298,3290,3294,2591,214038,214203
2021-08-02 21:12:00.000000000,1627909920000000000,3294,3298,3292,3298,2212,214203,214268
2021-08-02 21:13:00.000000000,1627909980000000000,3298,3302,3296,3302,3060,214268,214329
2021-08-02 21:14:00.000000000,1627910040000000000,3302,3304,3296,3300,2231,214329,214189
2021-08-02 21:15:00.000000000,1627910100000000000,3300,3302,3298,3300,1179,214189,214291
2021-08-02 21:16:00.000000000,1627910160000000000,3300,3300,3294,3296,1417,214291,214224
2021-08-02 21:17:00.000000000,1627910220000000000,3296,3298,3294,3298,1432,214224,214388
2021-08-02 21:18:00.000000000,1627910280000000000,3298,3298,3294,3296,1226,214388,214453
2021-08-02 21:19:00.000000000,1627910340000000000,3296,3300,3292,3300,1350,214453,214815
2021-08-02 21:20:00.000000000,1627910400000000000,3300,3302,3298,3302,1787,214815,214837
2021-08-02 21:21:00.000000000,1627910460000000000,3302,3302,3294,3296,2630,214837,215133
2021-08-02 21:22:00.000000000,1627910520000000000,3296,3298,3294,3298,1337,215133,215335
2021-08-02 21:23:00.000000000,1627910580000000000,3298,3298,3294,3296,1132,215335,215251
2021-08-02 21:24:00.000000000,1627910640000000000,3296,3296,3286,3286,2880,215251,214701
2021-08-02 21:25:00.000000000,1627910700000000000,3286,3290,3286,3290,1181,214701,214796
2021-08-02 21:26:00.000000000,1627910760000000000,3290,3290,3284,3286,1935,214796,214912
2021-08-02 21:27:00.000000000,1627910820000000000,3286,3288,3284,3288,1504,214912,214724
2021-08-02 21:28:00.000000000,1627910880000000000,3288,3290,3286,3290,831,214724,214639
2021-08-02 21:29:00.000000000,1627910940000000000,3290,3292,3286,3290,1218,214639,214601
2021-08-02 21:30:00.000000000,1627911000000000000,3290,3296,3288,3292,2789,214601,215112
2021-08-02 21:31:00.000000000,1627911060000000000,3292,3294,3290,3292,1682,215112,215151
2021-08-02 21:32:00.000000000,1627911120000000000,3292,3296,3290,3294,922,215151,215170
2021-08-02 21:33:00.000000000,1627911180000000000,3294,3296,3294,3294,339,215170,215134
2021-08-02 21:34:00.000000000,1627911240000000000,3294,3296,3290,3292,1009,215134,214965
2021-08-02 21:35:00.000000000,1627911300000000000,3292,3298,3292,3298,629,214965,214977
2021-08-02 21:36:00.000000000,1627911360000000000,3298,3298,3294,3296,679,214977,214932
2021-08-02 21:37:00.000000000,1627911420000000000,3296,3298,3292,3292,1124,214932,214902
2021-08-02 21:38:00.000000000,1627911480000000000,3292,3296,3292,3294,393,214902,214903
2021-08-02 21:39:00.000000000,1627911540000000000,3294,3296,3294,3294,572,214903,214989
2021-08-02 21:40:00.000000000,1627911600000000000,3294,3296,3290,3292,1101,214989,215029
2021-08-02 21:41:00.000000000,1627911660000000000,3292,3294,3290,3292,1288,215029,214785
2021-08-02 21:42:00.000000000,1627911720000000000,3292,3296,3290,3296,481,214785,214669
2021-08-02 21:43:00.000000000,1627911780000000000,3296,3296,3294,3296,217,214669,214579
2021-08-02 21:44:00.000000000,1627911840000000000,3296,3298,3294,3296,917,214579,214893
2021-08-02 21:45:00.000000000,1627911900000000000,3296,3300,3294,3300,1589,214893,214315
2021-08-02 21:46:00.000000000,1627911960000000000,3300,3300,3296,3298,1185,214315,214232
2021-08-02 21:47:00.000000000,1627912020000000000,3298,3298,3294,3298,779,214232,214470
2021-08-02 21:48:00.000000000,1627912080000000000,3298,3300,3296,3298,854,214470,214075
2021-08-02 21:49:00.000000000,1627912140000000000,3298,3300,3296,3298,275,214075,214041
2021-08-02 21:50:00.000000000,1627912200000000000,3298,3298,3292,3294,852,214041,214337
2021-08-02 21:51:00.000000000,1627912260000000000,3294,3296,3290,3294,1225,214337,214181
2021-08-02 21:52:00.000000000,1627912320000000000,3294,3294,3290,3292,756,214181,214119
2021-08-02 21:53:00.000000000,1627912380000000000,3292,3294,3290,3292,581,214119,214127
2021-08-02 21:54:00.000000000,1627912440000000000,3292,3294,3286,3286,1434,214127,214374
2021-08-02 21:55:00.000000000,1627912500000000000,3286,3290,3286,3290,1204,214374,213820
2021-08-02 21:56:00.000000000,1627912560000000000,3290,3292,3288,3290,1304,213820,213774
2021-08-02 21:57:00.000000000,1627912620000000000,3290,3292,3288,3290,582,213774,214050
2021-08-02 21:58:00.000000000,1627912680000000000,3290,3292,3288,3292,905,214050,214023
2021-08-02 21:59:00.000000000,1627912740000000000,3292,3294,3290,3292,374,214023,214016
2021-08-02 22:00:00.000000000,1627912800000000000,3292,3296,3292,3294,1089,214016,213920
2021-08-02 22:01:00.000000000,1627912860000000000,3294,3296,3294,3296,382,213920,213843
2021-08-02 22:02:00.000000000,1627912920000000000,3296,3296,3292,3294,806,213843,214032
2021-08-02 22:03:00.000000000,1627912980000000000,3294,3296,3292,3294,576,214032,214024
2021-08-02 22:04:00.000000000,1627913040000000000,3294,3294,3288,3290,695,214024,214191
2021-08-02 22:05:00.000000000,1627913100000000000,3290,3290,3284,3286,2467,214191,214002
2021-08-02 22:06:00.000000000,1627913160000000000,3286,3288,3284,3288,1700,214002,213807
2021-08-02 22:07:00.000000000,1627913220000000000,3288,3288,3286,3288,314,213807,213745
2021-08-02 22:08:00.000000000,1627913280000000000,3288,3288,3284,3288,1118,213745,213867
2021-08-02 22:09:00.000000000,1627913340000000000,3288,3288,3286,3286,552,213867,213575
2021-08-02 22:10:00.000000000,1627913400000000000,3286,3290,3286,3290,645,213575,213639
2021-08-02 22:11:00.000000000,1627913460000000000,3290,3290,3284,3284,925,213639,213798
2021-08-02 22:12:00.000000000,1627913520000000000,3284,3286,3280,3282,2736,213798,213271
2021-08-02 22:13:00.000000000,1627913580000000000,3282,3284,3280,3282,1713,213271,213150
2021-08-02 22:14:00.000000000,1627913640000000000,3282,3282,3280,3282,491,213150,213165
2021-08-02 22:15:00.000000000,1627913700000000000,3282,3284,3280,3284,1856,213165,213098
2021-08-02 22:16:00.000000000,1627913760000000000,3284,3286,3282,3284,899,213098,213236
2021-08-02 22:17:00.000000000,1627913820000000000,3284,3286,3280,3284,1702,213236,213219
2021-08-02 22:18:00.000000000,1627913880000000000,3284,3286,3284,3286,198,213219,213165
2021-08-02 22:19:00.000000000,1627913940000000000,3286,3286,3280,3280,1437,213165,213039
2021-08-02 22:20:00.000000000,1627914000000000000,3280,3284,3280,3282,1020,213039,212909
2021-08-02 22:21:00.000000000,1627914060000000000,3282,3284,3280,3282,687,212909,212671
2021-08-02 22:22:00.000000000,1627914120000000000,3282,3282,3278,3280,1311,212671,212521
2021-08-02 22:23:00.000000000,1627914180000000000,3280,3282,3278,3280,939,212521,212458
2021-08-02 22:24:00.000000000,1627914240000000000,3280,3280,3274,3276,2289,212458,212523
2021-08-02 22:25:00.000000000,1627914300000000000,3276,3282,3276,3282,2203,212523,211897
2021-08-02 22:26:00.000000000,1627914360000000000,3282,3282,3278,3278,904,211897,211894
2021-08-02 22:27:00.000000000,1627914420000000000,3278,3280,3276,3280,1555,211894,211707
2021-08-02 22:28:00.000000000,1627914480000000000,3280,3280,3272,3274,3636,211707,212190
2021-08-02 22:29:00.000000000,1627914540000000000,3274,3274,3268,3272,2756,212190,212563
2021-08-02 22:30:00.000000000,1627914600000000000,3272,3274,3270,3272,1657,212563,212196
2021-08-02 22:31:00.000000000,1627914660000000000,3272,3276,3272,3274,1724,212196,211986
2021-08-02 22:32:00.000000000,1627914720000000000,3274,3276,3270,3272,978,211986,211932
2021-08-02 22:33:00.000000000,1627914780000000000,3272,3272,3268,3270,3266,211932,211945
2021-08-02 22:34:00.000000000,1627914840000000000,3270,3276,3270,3276,2232,211945,211449
2021-08-02 22:35:00.000000000,1627914900000000000,3276,3280,3274,3280,2231,211449,211307
2021-08-02 22:36:00.000000000,1627914960000000000,3280,3284,3278,3280,2344,211307,211618
2021-08-02 22:37:00.000000000,1627915020000000000,3280,3280,3276,3278,866,211618,211568
2021-08-02 22:38:00.000000000,1627915080000000000,3278,3278,3272,3276,1099,211568,211644
2021-08-02 22:39:00.000000000,1627915140000000000,3276,3276,3270,3272,1701,211644,211339
2021-08-02 22:40:00.000000000,1627915200000000000,3272,3272,3268,3270,2298,211339,211478
2021-08-02 22:41:00.000000000,1627915260000000000,3270,3270,3262,3264,4415,211478,211881
2021-08-02 22:42:00.000000000,1627915320000000000,3264,3266,3260,3262,4982,211881,212116
2021-08-02 22:43:00.000000000,1627915380000000000,3262,3266,3262,3266,2178,212116,211528
2021-08-02 22:44:00.000000000,1627915440000000000,3266,3266,3260,3262,2083,211528,211261
2021-08-02 22:45:00.000000000,1627915500000000000,3262,3264,3260,3264,1264,211261,211207
2021-08-02 22:46:00.000000000,1627915560000000000,3264,3268,3262,3266,1613,211207,211234
2021-08-02 22:47:00.000000000,1627915620000000000,3266,3268,3262,3266,1089,211234,211076
2021-08-02 22:48:00.000000000,1627915680000000000,3266,3268,3264,3268,1010,211076,211137
2021-08-02 22:49:00.000000000,1627915740000000000,3268,3268,3264,3266,535,211137,211048
2021-08-02 22:50:00.000000000,1627915800000000000,3266,3266,3262,3262,1155,211048,211186
2021-08-02 22:51:00.000000000,1627915860000000000,3262,3266,3260,3264,1875,211186,211001
2021-08-02 22:52:00.000000000,1627915920000000000,3264,3264,3260,3262,981,211001,211063
2021-08-02 22:53:00.000000000,1627915980000000000,3262,3266,3262,3266,1394,211063,210858
2021-08-02 22:54:00.000000000,1627916040000000000,3266,3266,3262,3266,1143,210858,210694
2021-08-02 22:55:00.000000000,1627916100000000000,3266,3266,3258,3258,1570,210694,210729
2021-08-02 22:56:00.000000000,1627916160000000000,3258,3262,3258,3258,2745,210729,210611
2021-08-02 22:57:00.000000000,1627916220000000000,3258,3260,3252,3256,2906,210611,210230
2021-08-02 22:58:00.000000000,1627916280000000000,3256,3256,3254,3256,1395,210230,210142
2021-08-02 22:59:00.000000000,1627916340000000000,3256,3256,3240,3244,3960,210142,209506
2021-08-03 09:00:00.000000000,1627952400000000000,3250,3254,3246,3250,6071,209506,209398
2021-08-03 09:01:00.000000000,1627952460000000000,3250,3250,3242,3244,4757,209398,209813
2021-08-03 09:02:00.000000000,1627952520000000000,3244,3244,3236,3238,4726,209813,210057
2021-08-03 09:03:00.000000000,1627952580000000000,3238,3240,3232,3236,3995,210057,210287
2021-08-03 09:04:00.000000000,1627952640000000000,3236,3248,3234,3248,3544,210287,209650
2021-08-03 09:05:00.000000000,1627952700000000000,3248,3248,3242,3246,2184,209650,209599
2021-08-03 09:06:00.000000000,1627952760000000000,3246,3250,3244,3248,2810,209599,209496
2021-08-03 09:07:00.000000000,1627952820000000000,3248,3248,3242,3242,1443,209496,209543
2021-08-03 09:08:00.000000000,1627952880000000000,3242,3242,3232,3232,4105,209543,209771
2021-08-03 09:09:00.000000000,1627952940000000000,3232,3242,3232,3240,1919,209771,209855
2021-08-03 09:10:00.000000000,1627953000000000000,3240,3242,3234,3236,1996,209855,209895
2021-08-03 09:11:00.000000000,1627953060000000000,3236,3244,3234,3242,1620,209895,209377
2021-08-03 09:12:00.000000000,1627953120000000000,3242,3244,3240,3244,1354,209377,209249
2021-08-03 09:13:00.000000000,1627953180000000000,3244,3246,3242,3244,749,209249,209262
2021-08-03 09:14:00.000000000,1627953240000000000,3244,3244,3236,3236,1883,209262,209355
2021-08-03 09:15:00.000000000,1627953300000000000,3236,3238,3228,3232,4213,209355,208716
2021-08-03 09:16:00.000000000,1627953360000000000,3232,3238,3232,3236,1300,208716,208611
2021-08-03 09:17:00.000000000,1627953420000000000,3236,3238,3234,3236,1203,208611,208351
2021-08-03 09:18:00.000000000,1627953480000000000,3236,3242,3236,3242,1271,208351,208070
2021-08-03 09:19:00.000000000,1627953540000000000,3242,3242,3238,3238,971,208070,208217
2021-08-03 09:20:00.000000000,1627953600000000000,3238,3248,3238,3248,1793,208217,207921
2021-08-03 09:21:00.000000000,1627953660000000000,3248,3248,3242,3242,1593,207921,208074
2021-08-03 09:22:00.000000000,1627953720000000000,3242,3246,3242,3242,632,208074,207931
2021-08-03 09:23:00.000000000,1627953780000000000,3242,3246,3240,3244,1305,207931,207874
2021-08-03 09:24:00.000000000,1627953840000000000,3244,3244,3238,3240,628,207874,207890
2021-08-03 09:25:00.000000000,1627953900000000000,3240,3240,3236,3240,671,207890,207903
2021-08-03 09:26:00.000000000,1627953960000000000,3240,3240,3236,3238,1157,207903,207984
2021-08-03 09:27:00.000000000,1627954020000000000,3238,3238,3234,3236,402,207984,207861
2021-08-03 09:28:00.000000000,1627954080000000000,3236,3236,3234,3234,246,207861,207931
2021-08-03 09:29:00.000000000,1627954140000000000,3234,3240,3234,3240,1119,207931,207473
2021-08-03 09:30:00.000000000,1627954200000000000,3240,3240,3234,3234,2042,207473,207432
2021-08-03 09:31:00.000000000,1627954260000000000,3234,3236,3232,3234,1387,207432,207259
2021-08-03 09:32:00.000000000,1627954320000000000,3234,3240,3234,3238,1045,207259,206891
2021-08-03 09:33:00.000000000,1627954380000000000,3238,3242,3236,3240,2404,206891,206597
2021-08-03 09:34:00.000000000,1627954440000000000,3240,3242,3238,3240,1029,206597,206757
2021-08-03 09:35:00.000000000,1627954500000000000,3240,3240,3236,3236,826,206757,206596
2021-08-03 09:36:00.000000000,1627954560000000000,3236,3240,3236,3238,941,206596,206454
2021-08-03 09:37:00.000000000,1627954620000000000,3238,3242,3238,3240,490,206454,206482
2021-08-03 09:38:00.000000000,1627954680000000000,3240,3244,3238,3238,1347,206482,206426
2021-08-03 09:39:00.000000000,1627954740000000000,3238,3238,3232,3234,1464,206426,206606
2021-08-03 09:40:00.000000000,1627954800000000000,3234,3234,3230,3232,2597,206606,206671
2021-08-03 09:41:00.000000000,1627954860000000000,3232,3232,3226,3228,2414,206671,206686
2021-08-03 09:42:00.000000000,1627954920000000000,3228,3228,3222,3224,2640,206686,206573
2021-08-03 09:43:00.000000000,1627954980000000000,3224,3226,3220,3226,2262,206573,206590
2021-08-03 09:44:00.000000000,1627955040000000000,3226,3230,3224,3228,2774,206590,205584
2021-08-03 09:45:00.000000000,1627955100000000000,3228,3228,3222,3226,2333,205584,205275
2021-08-03 09:46:00.000000000,1627955160000000000,3226,3234,3226,3234,2197,205275,205173
2021-08-03 09:47:00.000000000,1627955220000000000,3234,3240,3232,3238,2195,205173,204533
2021-08-03 09:48:00.000000000,1627955280000000000,3238,3238,3232,3236,1210,204533,204412
2021-08-03 09:49:00.000000000,1627955340000000000,3236,3240,3234,3238,1328,204412,204418
2021-08-03 09:50:00.000000000,1627955400000000000,3238,3238,3234,3236,339,204418,204340
2021-08-03 09:51:00.000000000,1627955460000000000,3236,3236,3232,3232,711,204340,204340
2021-08-03 09:52:00.000000000,1627955520000000000,3232,3234,3230,3230,461,204340,204241
2021-08-03 09:53:00.000000000,1627955580000000000,3230,3232,3228,3230,769,204241,204235
2021-08-03 09:54:00.000000000,1627955640000000000,3230,3232,3224,3226,1244,204235,204187
2021-08-03 09:55:00.000000000,1627955700000000000,3226,3228,3224,3228,640,204187,203923
2021-08-03 09:56:00.000000000,1627955760000000000,3228,3228,3224,3224,1031,203923,203889
2021-08-03 09:57:00.000000000,1627955820000000000,3224,3228,3224,3224,858,203889,203960
2021-08-03 09:58:00.000000000,1627955880000000000,3224,3226,3222,3224,1472,203960,203905
2021-08-03 09:59:00.000000000,1627955940000000000,3224,3226,3220,3222,1642,203905,203790
2021-08-03 10:00:00.000000000,1627956000000000000,3222,3228,3216,3226,3305,203790,204211
2021-08-03 10:01:00.000000000,1627956060000000000,3226,3230,3224,3228,1533,204211,203926
2021-08-03 10:02:00.000000000,1627956120000000000,3228,3228,3224,3226,953,203926,203843
2021-08-03 10:03:00.000000000,1627956180000000000,3226,3228,3222,3224,893,203843,203872
2021-08-03 10:04:00.000000000,1627956240000000000,3224,3226,3222,3226,646,203872,203849
2021-08-03 10:05:00.000000000,1627956300000000000,3226,3226,3222,3222,527,203849,203978
2021-08-03 10:06:00.000000000,1627956360000000000,3222,3228,3220,3226,2485,203978,204200
2021-08-03 10:07:00.000000000,1627956420000000000,3226,3228,3222,3228,1363,204200,204139
2021-08-03 10:08:00.000000000,1627956480000000000,3228,3228,3224,3228,800,204139,204074
2021-08-03 10:09:00.000000000,1627956540000000000,3228,3228,3222,3224,1583,204074,204412
2021-08-03 10:10:00.000000000,1627956600000000000,3224,3224,3222,3222,229,204412,204415
2021-08-03 10:11:00.000000000,1627956660000000000,3222,3224,3218,3220,1897,204415,204687
2021-08-03 10:12:00.000000000,1627956720000000000,3220,3224,3216,3224,2695,204687,205217
2021-08-03 10:13:00.000000000,1627956780000000000,3224,3224,3220,3222,462,205217,205262
2021-08-03 10:14:00.000000000,1627956840000000000,3222,3224,3220,3220,863,205262,205231
2021-08-03 10:30:00.000000000,1627957800000000000,3222,3222,3218,3218,1528,205231,204947
2021-08-03 10:31:00.000000000,1627957860000000000,3218,3224,3216,3222,1718,204947,204822
2021-08-03 10:32:00.000000000,1627957920000000000,3222,3222,3220,3220,385,204822,204831
2021-08-03 10:33:00.000000000,1627957980000000000,3220,3228,3220,3226,1233,204831,204837
2021-08-03 10:34:00.000000000,1627958040000000000,3226,3230,3224,3230,1478,204837,204750
2021-08-03 10:35:00.000000000,1627958100000000000,3230,3230,3226,3228,1269,204750,205038
2021-08-03 10:36:00.000000000,1627958160000000000,3228,3230,3226,3226,2197,205038,205228
2021-08-03 10:37:00.000000000,1627958220000000000,3226,3226,3222,3226,1131,205228,205251
2021-08-03 10:38:00.000000000,1627958280000000000,3226,3228,3224,3224,1049,205251,205245
2021-08-03 10:39:00.000000000,1627958340000000000,3224,3224,3220,3220,793,205245,205300
2021-08-03 10:40:00.000000000,1627958400000000000,3220,3224,3218,3218,1822,205300,205298
2021-08-03 10:41:00.000000000,1627958460000000000,3218,3222,3218,3220,1213,205298,205296
2021-08-03 10:42:00.000000000,1627958520000000000,3220,3222,3216,3218,1573,205296,205542
2021-08-03 10:43:00.000000000,1627958580000000000,3218,3220,3216,3220,317,205542,205510
2021-08-03 10:44:00.000000000,1627958640000000000,3220,3220,3216,3220,675,205510,205571
2021-08-03 10:45:00.000000000,1627958700000000000,3220,3220,3212,3214,2246,205571,205555
2021-08-03 10:46:00.000000000,1627958760000000000,3214,3218,3214,3216,1245,205555,205569
2021-08-03 10:47:00.000000000,1627958820000000000,3216,3220,3214,3220,570,205569,205494
2021-08-03 10:48:00.000000000,1627958880000000000,3220,3220,3216,3216,588,205494,205456
2021-08-03 10:49:00.000000000,1627958940000000000,3216,3220,3216,3218,328,205456,205395
2021-08-03 10:50:00.000000000,1627959000000000000,3218,3220,3212,3212,1145,205395,205132
2021-08-03 10:51:00.000000000,1627959060000000000,3212,3214,3212,3214,770,205132,205183
2021-08-03 10:52:00.000000000,1627959120000000000,3214,3216,3212,3212,364,205183,205157
2021-08-03 10:53:00.000000000,1627959180000000000,3212,3214,3212,3212,219,205157,205211
2021-08-03 10:54:00.000000000,1627959240000000000,3212,3216,3212,3214,460,205211,205274
2021-08-03 10:55:00.000000000,1627959300000000000,3214,3214,3210,3210,855,205274,205793
2021-08-03 10:56:00.000000000,1627959360000000000,3210,3214,3210,3212,826,205793,205871
2021-08-03 10:57:00.000000000,1627959420000000000,3212,3214,3212,3212,227,205871,205866
2021-08-03 10:58:00.000000000,1627959480000000000,3212,3214,3210,3212,1244,205866,205816
2021-08-03 10:59:00.000000000,1627959540000000000,3212,3216,3212,3214,1478,205816,205884
2021-08-03 11:00:00.000000000,1627959600000000000,3214,3214,3206,3208,3520,205884,206715
2021-08-03 11:01:00.000000000,1627959660000000000,3208,3212,3208,3210,812,206715,206739
2021-08-03 11:02:00.000000000,1627959720000000000,3210,3212,3208,3208,567,206739,206734
2021-08-03 11:03:00.000000000,1627959780000000000,3208,3210,3206,3206,792,206734,206700
2021-08-03 11:04:00.000000000,1627959840000000000,3206,3210,3206,3210,1079,206700,206961
2021-08-03 11:05:00.000000000,1627959900000000000,3210,3212,3208,3210,873,206961,206932
2021-08-03 11:06:00.000000000,1627959960000000000,3210,3212,3208,3210,792,206932,206857
2021-08-03 11:07:00.000000000,1627960020000000000,3210,3214,3208,3214,880,206857,207068
2021-08-03 11:08:00.000000000,1627960080000000000,3214,3214,3210,3210,463,207068,206905
2021-08-03 11:09:00.000000000,1627960140000000000,3210,3212,3210,3212,579,206905,207073
2021-08-03 11:10:00.000000000,1627960200000000000,3212,3214,3210,3214,1275,207073,207163
2021-08-03 11:11:00.000000000,1627960260000000000,3214,3216,3214,3216,1493,207163,207523
2021-08-03 11:12:00.000000000,1627960320000000000,3216,3216,3210,3214,1319,207523,207728
2021-08-03 11:13:00.000000000,1627960380000000000,3214,3218,3212,3218,1228,207728,207577
2021-08-03 11:14:00.000000000,1627960440000000000,3218,3218,3216,3218,378,207577,207536
2021-08-03 11:15:00.000000000,1627960500000000000,3218,3218,3216,3218,792,207536,207648
2021-08-03 11:16:00.000000000,1627960560000000000,3218,3224,3216,3224,1554,207648,207656
2021-08-03 11:17:00.000000000,1627960620000000000,3224,3224,3214,3214,2493,207656,207442
2021-08-03 11:18:00.000000000,1627960680000000000,3214,3218,3212,3218,1844,207442,207647
2021-08-03 11:19:00.000000000,1627960740000000000,3218,3218,3214,3216,518,207647,207682
2021-08-03 11:20:00.000000000,1627960800000000000,3216,3220,3214,3218,1436,207682,207824
2021-08-03 11:21:00.000000000,1627960860000000000,3218,3220,3216,3220,651,207824,207780
2021-08-03 11:22:00.000000000,1627960920000000000,3220,3224,3220,3224,1430,207780,207551
2021-08-03 11:23:00.000000000,1627960980000000000,3224,3226,3222,3226,778,207551,207717
2021-08-03 11:24:00.000000000,1627961040000000000,3226,3226,3222,3222,785,207717,207803
2021-08-03 11:25:00.000000000,1627961100000000000,3222,3226,3222,3222,1232,207803,207758
2021-08-03 11:26:00.000000000,1627961160000000000,3222,3224,3220,3220,380,207758,207681
2021-08-03 11:27:00.000000000,1627961220000000000,3220,3224,3220,3222,814,207681,207803
2021-08-03 11:28:00.000000000,1627961280000000000,3222,3224,3220,3220,844,207803,207540
2021-08-03 11:29:00.000000000,1627961340000000000,3220,3224,3220,3222,814,207540,207463
2021-08-03 13:30:00.000000000,1627968600000000000,3222,3230,3222,3230,2213,207463,207693
2021-08-03 13:31:00.000000000,1627968660000000000,3230,3232,3224,3224,2215,207693,207136
2021-08-03 13:32:00.000000000,1627968720000000000,3224,3226,3218,3218,1401,207136,207402
2021-08-03 13:33:00.000000000,1627968780000000000,3218,3222,3218,3222,1388,207402,207535
2021-08-03 13:34:00.000000000,1627968840000000000,3222,3222,3220,3220,239,207535,207494
2021-08-03 13:35:00.000000000,1627968900000000000,3220,3228,3220,3222,2022,207494,207669
2021-08-03 13:36:00.000000000,1627968960000000000,3222,3224,3220,3224,866,207669,207743
2021-08-03 13:37:00.000000000,1627969020000000000,3224,3224,3222,3224,185,207743,207810
2021-08-03 13:38:00.000000000,1627969080000000000,3224,3224,3218,3220,969,207810,207852
2021-08-03 13:39:00.000000000,1627969140000000000,3220,3222,3218,3222,677,207852,207807
2021-08-03 13:40:00.000000000,1627969200000000000,3222,3222,3216,3218,956,207807,207997
2021-08-03 13:41:00.000000000,1627969260000000000,3218,3218,3216,3218,1342,207997,207861
2021-08-03 13:42:00.000000000,1627969320000000000,3218,3218,3214,3218,704,207861,207979
2021-08-03 13:43:00.000000000,1627969380000000000,3218,3218,3214,3216,653,207979,207986
2021-08-03 13:44:00.000000000,1627969440000000000,3216,3216,3214,3214,231,207986,208006
2021-08-03 13:45:00.000000000,1627969500000000000,3214,3220,3214,3218,1318,208006,208205
2021-08-03 13:46:00.000000000,1627969560000000000,3218,3220,3214,3218,985,208205,208211
2021-08-03 13:47:00.000000000,1627969620000000000,3218,3218,3214,3216,392,208211,208240
2021-08-03 13:48:00.000000000,1627969680000000000,3216,3218,3214,3216,316,208240,208256
2021-08-03 13:49:00.000000000,1627969740000000000,3216,3220,3216,3220,667,208256,208445
2021-08-03 13:50:00.000000000,1627969800000000000,3220,3222,3216,3218,1508,208445,208176
2021-08-03 13:51:00.000000000,1627969860000000000,3218,3218,3214,3218,882,208176,208244
2021-08-03 13:52:00.000000000,1627969920000000000,3218,3220,3216,3218,555,208244,208153
2021-08-03 13:53:00.000000000,1627969980000000000,3218,3220,3216,3218,250,208153,208214
2021-08-03 13:54:00.000000000,1627970040000000000,3218,3218,3216,3216,123,208214,208205
2021-08-03 13:55:00.000000000,1627970100000000000,3216,3220,3216,3220,675,208205,208359
2021-08-03 13:56:00.000000000,1627970160000000000,3220,3220,3218,3218,325,208359,208317
2021-08-03 13:57:00.000000000,1627970220000000000,3218,3220,3218,3218,259,208317,208466
2021-08-03 13:58:00.000000000,1627970280000000000,3218,3220,3216,3218,257,208466,208516
2021-08-03 13:59:00.000000000,1627970340000000000,3218,3220,3216,3220,1198,208516,208237
2021-08-03 14:00:00.000000000,1627970400000000000,3220,3220,3216,3216,520,208237,208405
2021-08-03 14:01:00.000000000,1627970460000000000,3216,3226,3216,3226,1835,208405,209211
2021-08-03 14:02:00.000000000,1627970520000000000,3226,3226,3222,3224,930,209211,209206
2021-08-03 14:03:00.000000000,1627970580000000000,3224,3226,3224,3226,203,209206,209212
2021-08-03 14:04:00.000000000,1627970640000000000,3226,3226,3222,3224,662,209212,209176
2021-08-03 14:05:00.000000000,1627970700000000000,3224,3228,3224,3226,427,209176,209309
2021-08-03 14:06:00.000000000,1627970760000000000,3226,3228,3224,3226,1025,209309,209126
2021-08-03 14:07:00.000000000,1627970820000000000,3226,3228,3224,3224,752,209126,209420
2021-08-03 14:08:00.000000000,1627970880000000000,3224,3228,3224,3226,356,209420,209236
2021-08-03 14:09:00.000000000,1627970940000000000,3226,3230,3226,3226,850,209236,209226
2021-08-03 14:10:00.000000000,1627971000000000000,3226,3228,3224,3224,435,209226,209016
2021-08-03 14:11:00.000000000,1627971060000000000,3224,3226,3224,3226,111,209016,209013
2021-08-03 14:12:00.000000000,1627971120000000000,3226,3226,3224,3224,201,209013,209076
2021-08-03 14:13:00.000000000,1627971180000000000,3224,3226,3222,3224,551,209076,208935
2021-08-03 14:14:00.000000000,1627971240000000000,3224,3224,3220,3220,1703,208935,209413
2021-08-03 14:15:00.000000000,1627971300000000000,3220,3222,3218,3220,578,209413,209251
2021-08-03 14:16:00.000000000,1627971360000000000,3220,3220,3216,3216,564,209251,209329
2021-08-03 14:17:00.000000000,1627971420000000000,3216,3220,3216,3220,917,209329,209344
2021-08-03 14:18:00.000000000,1627971480000000000,3220,3220,3216,3220,435,209344,209302
2021-08-03 14:19:00.000000000,1627971540000000000,3220,3220,3216,3218,353,209302,209299
2021-08-03 14:20:00.000000000,1627971600000000000,3218,3222,3216,3220,1069,209299,209548
2021-08-03 14:21:00.000000000,1627971660000000000,3220,3224,3220,3224,445,209548,209522
2021-08-03 14:22:00.000000000,1627971720000000000,3224,3224,3220,3222,335,209522,209542
2021-08-03 14:23:00.000000000,1627971780000000000,3222,3222,3218,3220,724,209542,209498
2021-08-03 14:24:00.000000000,1627971840000000000,3220,3222,3218,3222,671,209498,209298
2021-08-03 14:25:00.000000000,1627971900000000000,3222,3226,3222,3224,677,209298,209355
2021-08-03 14:26:00.000000000,1627971960000000000,3224,3224,3222,3224,87,209355,209320
2021-08-03 14:27:00.000000000,1627972020000000000,3224,3224,3220,3222,487,209320,209282
2021-08-03 14:28:00.000000000,1627972080000000000,3222,3224,3222,3224,77,209282,209264
2021-08-03 14:29:00.000000000,1627972140000000000,3224,3224,3222,3222,496,209264,209257
2021-08-03 14:30:00.000000000,1627972200000000000,3222,3224,3222,3224,107,209257,209287
2021-08-03 14:31:00.000000000,1627972260000000000,3224,3224,3220,3220,314,209287,209182
2021-08-03 14:32:00.000000000,1627972320000000000,3220,3224,3220,3224,423,209182,209169
2021-08-03 14:33:00.000000000,1627972380000000000,3224,3226,3222,3224,960,209169,209187
2021-08-03 14:34:00.000000000,1627972440000000000,3224,3226,3222,3222,754,209187,209302
2021-08-03 14:35:00.000000000,1627972500000000000,3222,3228,3222,3226,1156,209302,209287
2021-08-03 14:36:00.000000000,1627972560000000000,3226,3228,3222,3226,1397,209287,209323
2021-08-03 14:37:00.000000000,1627972620000000000,3226,3228,3226,3226,1318,209323,209030
2021-08-03 14:38:00.000000000,1627972680000000000,3226,3226,3224,3226,469,209030,208996
2021-08-03 14:39:00.000000000,1627972740000000000,3226,3228,3222,3222,740,208996,209093
2021-08-03 14:40:00.000000000,1627972800000000000,3222,3224,3222,3222,625,209093,209071
2021-08-03 14:41:00.000000000,1627972860000000000,3222,3224,3220,3220,1000,209071,208981
2021-08-03 14:42:00.000000000,1627972920000000000,3220,3222,3220,3222,674,208981,208867
2021-08-03 14:43:00.000000000,1627972980000000000,3222,3224,3220,3224,660,208867,208661
2021-08-03 14:44:00.000000000,1627973040000000000,3224,3226,3222,3222,560,208661,208557
2021-08-03 14:45:00.000000000,1627973100000000000,3222,3226,3222,3224,912,208557,208520
2021-08-03 14:46:00.000000000,1627973160000000000,3224,3226,3224,3224,435,208520,208315
2021-08-03 14:47:00.000000000,1627973220000000000,3224,3226,3222,3222,817,208315,208300
2021-08-03 14:48:00.000000000,1627973280000000000,3222,3224,3222,3222,164,208300,208267
2021-08-03 14:49:00.000000000,1627973340000000000,3222,3224,3220,3222,1410,208267,208065
2021-08-03 14:50:00.000000000,1627973400000000000,3222,3222,3218,3220,603,208065,207906
2021-08-03 14:51:00.000000000,1627973460000000000,3220,3220,3218,3220,1133,207906,207449
2021-08-03 14:52:00.000000000,1627973520000000000,3220,3220,3216,3216,1167,207449,207515
2021-08-03 14:53:00.000000000,1627973580000000000,3216,3218,3214,3216,1720,207515,207420
2021-08-03 14:54:00.000000000,1627973640000000000,3216,3218,3214,3218,1019,207420,207396
2021-08-03 14:55:00.000000000,1627973700000000000,3218,3224,3216,3224,1866,207396,207780
2021-08-03 14:56:00.000000000,1627973760000000000,3224,3226,3222,3224,1542,207780,207669
2021-08-03 14:57:00.000000000,1627973820000000000,3224,3226,3224,3224,833,207669,207513
2021-08-03 14:58:00.000000000,1627973880000000000,3224,3226,3222,3222,1436,207513,207241
2021-08-03 14:59:00.000000000,1627973940000000000,3222,3226,3222,3224,2629,207241,206431
2021-08-03 21:00:00.000000000,1627995600000000000,3188,3192,3174,3188,17599,206431,206117
2021-08-03 21:01:00.000000000,1627995660000000000,3188,3190,3176,3182,6409,206117,206389
2021-08-03 21:02:00.000000000,1627995720000000000,3182,3184,3178,3182,6263,206389,206327
2021-08-03 21:03:00.000000000,1627995780000000000,3182,3184,3176,3176,4278,206327,205974
2021-08-03 21:04:00.000000000,1627995840000000000,3176,3188,3176,3188,3624,205974,206390
2021-08-03 21:05:00.000000000,1627995900000000000,3188,3194,3188,3192,5017,206390,207228
2021-08-03 21:06:00.000000000,1627995960000000000,3192,3198,3192,3196,3304,207228,207297
2021-08-03 21:07:00.000000000,1627996020000000000,3196,3204,3194,3204,7280,207297,206567
2021-08-03 21:08:00.000000000,1627996080000000000,3204,3208,3198,3204,4816,206567,206817
2021-08-03 21:09:00.000000000,1627996140000000000,3204,3206,3200,3200,2862,206817,206774
2021-08-03 21:10:00.000000000,1627996200000000000,3200,3202,3194,3196,2926,206774,207066
2021-08-03 21:11:00.000000000,1627996260000000000,3196,3206,3194,3204,2791,207066,206995
2021-08-03 21:12:00.000000000,1627996320000000000,3204,3206,3204,3206,1271,206995,206792
2021-08-03 21:13:00.000000000,1627996380000000000,3206,3212,3202,3210,3103,206792,206938
2021-08-03 21:14:00.000000000,1627996440000000000,3210,3210,3200,3202,3817,206938,206262
2021-08-03 21:15:00.000000000,1627996500000000000,3202,3202,3192,3200,3420,206262,206101
2021-08-03 21:16:00.000000000,1627996560000000000,3200,3204,3196,3196,2327,206101,205967
2021-08-03 21:17:00.000000000,1627996620000000000,3196,3204,3196,3202,3136,205967,206418
2021-08-03 21:18:00.000000000,1627996680000000000,3202,3208,3200,3202,2214,206418,206421
2021-08-03 21:19:00.000000000,1627996740000000000,3202,3202,3196,3198,2457,206421,206585
2021-08-03 21:20:00.000000000,1627996800000000000,3198,3200,3196,3196,2504,206585,207012
2021-08-03 21:21:00.000000000,1627996860000000000,3196,3198,3190,3190,1580,207012,206999
2021-08-03 21:22:00.000000000,1627996920000000000,3190,3194,3190,3192,2191,206999,207156
2021-08-03 21:23:00.000000000,1627996980000000000,3192,3194,3186,3192,3920,207156,207717
2021-08-03 21:24:00.000000000,1627997040000000000,3192,3198,3192,3198,1380,207717,207914
2021-08-03 21:25:00.000000000,1627997100000000000,3198,3200,3194,3198,766,207914,207931
2021-08-03 21:26:00.000000000,1627997160000000000,3198,3200,3196,3198,1111,207931,208124
2021-08-03 21:27:00.000000000,1627997220000000000,3198,3202,3198,3202,1217,208124,208088
2021-08-03 21:28:00.000000000,1627997280000000000,3202,3202,3196,3202,1098,208088,207977
2021-08-03 21:29:00.000000000,1627997340000000000,3202,3202,3198,3202,786,207977,208134
2021-08-03 21:30:00.000000000,1627997400000000000,3202,3208,3200,3208,2688,208134,208157
2021-08-03 21:31:00.000000000,1627997460000000000,3208,3210,3204,3210,3396,208157,208455
2021-08-03 21:32:00.000000000,1627997520000000000,3210,3212,3206,3206,2151,208455,208180
2021-08-03 21:33:00.000000000,1627997580000000000,3206,3208,3204,3204,2677,208180,208527
2021-08-03 21:34:00.000000000,1627997640000000000,3204,3208,3204,3206,1825,208527,208507
2021-08-03 21:35:00.000000000,1627997700000000000,3206,3210,3206,3206,2344,208507,208418
2021-08-03 21:36:00.000000000,1627997760000000000,3206,3206,3204,3204,1270,208418,208520
2021-08-03 21:37:00.000000000,1627997820000000000,3204,3206,3202,3202,2207,208520,208586
2021-08-03 21:38:00.000000000,1627997880000000000,3202,3204,3198,3200,1706,208586,208848
2021-08-03 21:39:00.000000000,1627997940000000000,3200,3204,3200,3202,1458,208848,208825
2021-08-03 21:40:00.000000000,1627998000000000000,3202,3204,3198,3200,2267,208825,208742
2021-08-03 21:41:00.000000000,1627998060000000000,3200,3206,3200,3204,1169,208742,209010
2021-08-03 21:42:00.000000000,1627998120000000000,3204,3208,3204,3208,2072,209010,208927
2021-08-03 21:43:00.000000000,1627998180000000000,3208,3210,3206,3208,985,208927,208911
2021-08-03 21:44:00.000000000,1627998240000000000,3208,3208,3202,3204,1425,208911,208868
2021-08-03 21:45:00.000000000,1627998300000000000,3204,3206,3202,3202,1915,208868,208885
2021-08-03 21:46:00.000000000,1627998360000000000,3202,3204,3200,3202,1022,208885,208728
2021-08-03 21:47:00.000000000,1627998420000000000,3202,3202,3198,3200,1903,208728,208780
2021-08-03 21:48:00.000000000,1627998480000000000,3200,3202,3200,3200,831,208780,208732
2021-08-03 21:49:00.000000000,1627998540000000000,3200,3202,3200,3202,1791,208732,208276
2021-08-03 21:50:00.000000000,1627998600000000000,3202,3202,3200,3200,440,208276,208304
2021-08-03 21:51:00.000000000,1627998660000000000,3200,3202,3198,3202,1445,208304,208500
2021-08-03 21:52:00.000000000,1627998720000000000,3202,3204,3196,3198,1360,208500,208305
2021-08-03 21:53:00.000000000,1627998780000000000,3198,3202,3196,3196,1617,208305,208614
2021-08-03 21:54:00.000000000,1627998840000000000,3196,3200,3196,3196,462,208614,208807
2021-08-03 21:55:00.000000000,1627998900000000000,3196,3202,3196,3202,1724,208807,208608
2021-08-03 21:56:00.000000000,1627998960000000000,3202,3202,3200,3200,402,208608,208645
2021-08-03 21:57:00.000000000,1627999020000000000,3200,3204,3198,3200,1708,208645,208665
2021-08-03 21:58:00.000000000,1627999080000000000,3200,3200,3196,3196,811,208665,208634
2021-08-03 21:59:00.000000000,1627999140000000000,3196,3198,3196,3198,176,208634,208682
2021-08-03 22:00:00.000000000,1627999200000000000,3198,3200,3192,3198,2726,208682,208610
2021-08-03 22:01:00.000000000,1627999260000000000,3198,3202,3198,3202,468,208610,208610
2021-08-03 22:02:00.000000000,1627999320000000000,3202,3202,3196,3202,2313,208610,208795
2021-08-03 22:03:00.000000000,1627999380000000000,3202,3206,3200,3206,1990,208795,208616
2021-08-03 22:04:00.000000000,1627999440000000000,3206,3206,3202,3204,1853,208616,208498
2021-08-03 22:05:00.000000000,1627999500000000000,3204,3204,3200,3200,1118,208498,208387
2021-08-03 22:06:00.000000000,1627999560000000000,3200,3208,3200,3206,1835,208387,208419
2021-08-03 22:07:00.000000000,1627999620000000000,3206,3206,3202,3204,1401,208419,208210
2021-08-03 22:08:00.000000000,1627999680000000000,3204,3208,3204,3206,1756,208210,208303
2021-08-03 22:09:00.000000000,1627999740000000000,3206,3208,3204,3208,970,208303,208221
2021-08-03 22:10:00.000000000,1627999800000000000,3208,3208,3204,3206,488,208221,208207
2021-08-03 22:11:00.000000000,1627999860000000000,3206,3212,3206,3210,1813,208207,208707
2021-08-03 22:12:00.000000000,1627999920000000000,3210,3212,3208,3208,688,208707,208698
2021-08-03 22:13:00.000000000,1627999980000000000,3208,3210,3208,3208,213,208698,208739
2021-08-03 22:14:00.000000000,1628000040000000000,3208,3210,3204,3208,978,208739,208699
2021-08-03 22:15:00.000000000,1628000100000000000,3208,3212,3206,3212,1318,208699,208879
2021-08-03 22:16:00.000000000,1628000160000000000,3212,3214,3208,3214,1392,208879,208964
2021-08-03 22:17:00.000000000,1628000220000000000,3214,3214,3212,3214,284,208964,208943
2021-08-03 22:18:00.000000000,1628000280000000000,3214,3214,3210,3210,1291,208943,208798
2021-08-03 22:19:00.000000000,1628000340000000000,3210,3220,3210,3220,3290,208798,208687
2021-08-03 22:20:00.000000000,1628000400000000000,3220,3220,3216,3216,1075,208687,208580
2021-08-03 22:21:00.000000000,1628000460000000000,3216,3218,3214,3216,1022,208580,208386
2021-08-03 22:22:00.000000000,1628000520000000000,3216,3216,3214,3216,157,208386,208332
2021-08-03 22:23:00.000000000,1628000580000000000,3216,3220,3216,3218,960,208332,208570
2021-08-03 22:24:00.000000000,1628000640000000000,3218,3220,3214,3214,862,208570,208253
2021-08-03 22:25:00.000000000,1628000700000000000,3214,3220,3214,3216,1314,208253,208133
2021-08-03 22:26:00.000000000,1628000760000000000,3216,3216,3212,3214,929,208133,208382
2021-08-03 22:27:00.000000000,1628000820000000000,3214,3216,3214,3216,251,208382,208408
2021-08-03 22:28:00.000000000,1628000880000000000,3216,3218,3214,3216,365,208408,208438
2021-08-03 22:29:00.000000000,1628000940000000000,3216,3218,3214,3216,782,208438,208610
2021-08-03 22:30:00.000000000,1628001000000000000,3216,3218,3214,3214,409,208610,208499
2021-08-03 22:31:00.000000000,1628001060000000000,3214,3224,3214,3222,1985,208499,208006
2021-08-03 22:32:00.000000000,1628001120000000000,3222,3222,3218,3220,1446,208006,207951
2021-08-03 22:33:00.000000000,1628001180000000000,3220,3222,3218,3220,621,207951,207789
2021-08-03 22:34:00.000000000,1628001240000000000,3220,3222,3220,3222,1612,207789,207269
2021-08-03 22:35:00.000000000,1628001300000000000,3222,3228,3220,3226,2810,207269,206882
2021-08-03 22:36:00.000000000,1628001360000000000,3226,3226,3220,3222,2551,206882,206757
2021-08-03 22:37:00.000000000,1628001420000000000,3222,3222,3218,3220,1153,206757,206241
2021-08-03 22:38:00.000000000,1628001480000000000,3220,3226,3220,3224,1477,206241,206553
2021-08-03 22:39:00.000000000,1628001540000000000,3224,3228,3224,3226,1497,206553,206472
2021-08-03 22:40:00.000000000,1628001600000000000,3226,3228,3226,3226,445,206472,206541
2021-08-03 22:41:00.000000000,1628001660000000000,3226,3228,3224,3226,490,206541,206346
2021-08-03 22:42:00.000000000,1628001720000000000,3226,3226,3222,3224,704,206346,206338
2021-08-03 22:43:00.000000000,1628001780000000000,3224,3226,3222,3224,760,206338,206101
2021-08-03 22:44:00.000000000,1628001840000000000,3224,3232,3224,3230,1682,206101,205891
2021-08-03 22:45:00.000000000,1628001900000000000,3230,3232,3226,3226,1752,205891,206001
2021-08-03 22:46:00.000000000,1628001960000000000,3226,3228,3224,3224,698,206001,205802
2021-08-03 22:47:00.000000000,1628002020000000000,3224,3230,3224,3226,1023,205802,205654
2021-08-03 22:48:00.000000000,1628002080000000000,3226,3230,3226,3226,371,205654,205601
2021-08-03 22:49:00.000000000,1628002140000000000,3226,3228,3226,3228,148,205601,205606
2021-08-03 22:50:00.000000000,1628002200000000000,3228,3228,3222,3224,1411,205606,205239
2021-08-03 22:51:00.000000000,1628002260000000000,3224,3226,3224,3226,459,205239,205224
2021-08-03 22:52:00.000000000,1628002320000000000,3226,3228,3224,3226,240,205224,205098
2021-08-03 22:53:00.000000000,1628002380000000000,3226,3226,3222,3222,1127,205098,204699
2021-08-03 22:54:00.000000000,1628002440000000000,3222,3224,3222,3224,528,204699,204563
2021-08-03 22:55:00.000000000,1628002500000000000,3224,3224,3222,3224,761,204563,204049
2021-08-03 22:56:00.000000000,1628002560000000000,3224,3224,3222,3222,342,204049,203877
2021-08-03 22:57:00.000000000,1628002620000000000,3222,3224,3222,3222,157,203877,203832
2021-08-03 22:58:00.000000000,1628002680000000000,3222,3226,3222,3224,975,203832,203732
2021-08-03 22:59:00.000000000,1628002740000000000,3224,3230,3224,3230,1906,203732,203224
2021-08-04 09:00:00.000000000,1628038800000000000,3236,3240,3228,3230,5044,203224,203069
2021-08-04 09:01:00.000000000,1628038860000000000,3230,3230,3224,3224,1939,203069,203010
2021-08-04 09:02:00.000000000,1628038920000000000,3224,3226,3222,3224,2084,203010,203172
2021-08-04 09:03:00.000000000,1628038980000000000,3224,3228,3224,3226,1474,203172,203504
2021-08-04 09:04:00.000000000,1628039040000000000,3226,3228,3224,3226,1161,203504,203574
2021-08-04 09:05:00.000000000,1628039100000000000,3226,3226,3222,3224,685,203574,203492
2021-08-04 09:06:00.000000000,1628039160000000000,3224,3228,3224,3228,1294,203492,203607
2021-08-04 09:07:00.000000000,1628039220000000000,3228,3232,3228,3230,1705,203607,203743
2021-08-04 09:08:00.000000000,1628039280000000000,3230,3232,3228,3232,517,203743,203695
2021-08-04 09:09:00.000000000,1628039340000000000,3232,3232,3228,3232,859,203695,203616
2021-08-04 09:10:00.000000000,1628039400000000000,3232,3232,3228,3232,566,203616,203539
2021-08-04 09:11:00.000000000,1628039460000000000,3232,3232,3228,3232,362,203539,203510
2021-08-04 09:12:00.000000000,1628039520000000000,3232,3232,3228,3230,572,203510,203525
2021-08-04 09:13:00.000000000,1628039580000000000,3230,3230,3226,3230,794,203525,203439
2021-08-04 09:14:00.000000000,1628039640000000000,3230,3230,3226,3228,388,203439,203433
2021-08-04 09:15:00.000000000,1628039700000000000,3228,3228,3222,3224,847,203433,203179
2021-08-04 09:16:00.000000000,1628039760000000000,3224,3224,3222,3224,531,203179,203029
2021-08-04 09:17:00.000000000,1628039820000000000,3224,3224,3222,3224,207,203029,203078
2021-08-04 09:18:00.000000000,1628039880000000000,3224,3224,3222,3224,273,203078,203000
2021-08-04 09:19:00.000000000,1628039940000000000,3224,3226,3222,3226,477,203000,203093
2021-08-04 09:20:00.000000000,1628040000000000000,3226,3232,3224,3232,1068,203093,203268
2021-08-04 09:21:00.000000000,1628040060000000000,3232,3232,3230,3232,176,203268,203218
2021-08-04 09:22:00.000000000,1628040120000000000,3232,3232,3228,3230,489,203218,203035
2021-08-04 09:23:00.000000000,1628040180000000000,3230,3230,3228,3228,103,203035,203027
2021-08-04 09:24:00.000000000,1628040240000000000,3228,3230,3224,3226,840,203027,202915
2021-08-04 09:25:00.000000000,1628040300000000000,3226,3226,3222,3224,778,202915,203024
2021-08-04 09:26:00.000000000,1628040360000000000,3224,3224,3220,3224,1029,203024,202899
2021-08-04 09:27:00.000000000,1628040420000000000,3224,3224,3222,3224,185,202899,202931
2021-08-04 09:28:00.000000000,1628040480000000000,3224,3226,3220,3222,778,202931,203019
2021-08-04 09:29:00.000000000,1628040540000000000,3222,3224,3220,3224,1090,203019,202910
2021-08-04 09:30:00.000000000,1628040600000000000,3224,3224,3218,3220,1984,202910,202508
2021-08-04 09:31:00.000000000,1628040660000000000,3220,3222,3220,3220,617,202508,202361
2021-08-04 09:32:00.000000000,1628040720000000000,3220,3220,3218,3220,442,202361,202348
2021-08-04 09:33:00.000000000,1628040780000000000,3220,3222,3218,3222,540,202348,202297
2021-08-04 09:34:00.000000000,1628040840000000000,3222,3226,3220,3224,1168,202297,202096
2021-08-04 09:35:00.000000000,1628040900000000000,3224,3226,3224,3226,630,202096,201961
2021-08-04 09:36:00.000000000,1628040960000000000,3226,3228,3224,3228,728,201961,201911
2021-08-04 09:37:00.000000000,1628041020000000000,3228,3230,3226,3228,1245,201911,202006
2021-08-04 09:38:00.000000000,1628041080000000000,3228,3230,3226,3228,372,202006,201862
2021-08-04 09:39:00.000000000,1628041140000000000,3228,3230,3228,3228,358,201862,201876
2021-08-04 09:40:00.000000000,1628041200000000000,3228,3230,3226,3226,169,201876,201820
2021-08-04 09:41:00.000000000,1628041260000000000,3226,3228,3226,3228,459,201820,201803
2021-08-04 09:42:00.000000000,1628041320000000000,3228,3228,3226,3228,159,201803,201785
2021-08-04 09:43:00.000000000,1628041380000000000,3228,3228,3226,3226,177,201785,201733
2021-08-04 09:44:00.000000000,1628041440000000000,3226,3228,3224,3224,607,201733,201688
2021-08-04 09:45:00.000000000,1628041500000000000,3224,3226,3224,3226,400,201688,201758
2021-08-04 09:46:00.000000000,1628041560000000000,3226,3228,3224,3226,427,201758,201674
2021-08-04 09:47:00.000000000,1628041620000000000,3226,3226,3224,3224,100,201674,201624
2021-08-04 09:48:00.000000000,1628041680000000000,3224,3226,3224,3226,218,201624,201557
2021-08-04 09:49:00.000000000,1628041740000000000,3226,3230,3224,3230,1192,201557,201229
2021-08-04 09:50:00.000000000,1628041800000000000,3230,3230,3228,3230,434,201229,201101
2021-08-04 09:51:00.000000000,1628041860000000000,3230,3230,3226,3228,443,201101,200973
2021-08-04 09:52:00.000000000,1628041920000000000,3228,3230,3226,3228,811,200973,200953
2021-08-04 09:53:00.000000000,1628041980000000000,3228,3230,3228,3228,238,200953,201023
2021-08-04 09:54:00.000000000,1628042040000000000,3228,3232,3228,3230,1335,201023,201426
2021-08-04 09:55:00.000000000,1628042100000000000,3230,3232,3228,3232,863,201426,201530
2021-08-04 09:56:00.000000000,1628042160000000000,3232,3236,3232,3236,811,201530,201495
2021-08-04 09:57:00.000000000,1628042220000000000,3236,3236,3234,3236,978,201495,201652
2021-08-04 09:58:00.000000000,1628042280000000000,3236,3236,3232,3234,298,201652,201623
2021-08-04 09:59:00.000000000,1628042340000000000,3234,3236,3232,3236,584,201623,201299
2021-08-04 10:00:00.000000000,1628042400000000000,3236,3240,3236,3238,1782,201299,201255
2021-08-04 10:01:00.000000000,1628042460000000000,3238,3240,3236,3240,785,201255,201605
2021-08-04 10:02:00.000000000,1628042520000000000,3240,3240,3236,3236,1816,201605,201405
2021-08-04 10:03:00.000000000,1628042580000000000,3236,3238,3236,3236,199,201405,201359
2021-08-04 10:04:00.000000000,1628042640000000000,3236,3238,3232,3232,1038,201359,201204
2021-08-04 10:05:00.000000000,1628042700000000000,3232,3234,3232,3234,503,201204,201179
2021-08-04 10:06:00.000000000,1628042760000000000,3234,3234,3232,3232,145,201179,201139
2021-08-04 10:07:00.000000000,1628042820000000000,3232,3234,3232,3232,194,201139,201134
2021-08-04 10:08:00.000000000,1628042880000000000,3232,3234,3230,3232,340,201134,201255
2021-08-04 10:09:00.000000000,1628042940000000000,3232,3232,3230,3230,347,201255,201401
2021-08-04 10:10:00.000000000,1628043000000000000,3230,3232,3228,3230,656,201401,201357
2021-08-04 10:11:00.000000000,1628043060000000000,3230,3230,3228,3230,73,201357,201351
2021-08-04 10:12:00.000000000,1628043120000000000,3230,3232,3228,3230,1229,201351,201488
2021-08-04 10:13:00.000000000,1628043180000000000,3230,3232,3230,3232,45,201488,201484
2021-08-04 10:14:00.000000000,1628043240000000000,3232,3234,3232,3234,386,201484,201461
2021-08-04 10:30:00.000000000,1628044200000000000,3232,3236,3228,3230,1061,201461,201377
2021-08-04 10:31:00.000000000,1628044260000000000,3230,3232,3226,3226,738,201377,201369
2021-08-04 10:32:00.000000000,1628044320000000000,3226,3228,3226,3226,197,201369,201378
2021-08-04 10:33:00.000000000,1628044380000000000,3226,3230,3226,3228,755,201378,201501
2021-08-04 10:34:00.000000000,1628044440000000000,3228,3232,3226,3228,841,201501,201564
2021-08-04 10:35:00.000000000,1628044500000000000,3228,3232,3228,3230,703,201564,201421
2021-08-04 10:36:00.000000000,1628044560000000000,3230,3234,3230,3234,908,201421,201311
2021-08-04 10:37:00.000000000,1628044620000000000,3234,3236,3232,3234,520,201311,201360
2021-08-04 10:38:00.000000000,1628044680000000000,3234,3236,3232,3232,593,201360,201325
2021-08-04 10:39:00.000000000,1628044740000000000,3232,3236,3232,3232,642,201325,201371
2021-08-04 10:40:00.000000000,1628044800000000000,3232,3232,3228,3228,498,201371,201447
2021-08-04 10:41:00.000000000,1628044860000000000,3228,3232,3228,3232,449,201447,201460
2021-08-04 10:42:00.000000000,1628044920000000000,3232,3234,3230,3232,369,201460,201542
2021-08-04 10:43:00.000000000,1628044980000000000,3232,3234,3230,3234,204,201542,201533
2021-08-04 10:44:00.000000000,1628045040000000000,3234,3236,3232,3234,374,201533,201638
2021-08-04 10:45:00.000000000,1628045100000000000,3234,3238,3234,3238,914,201638,201811
2021-08-04 10:46:00.000000000,1628045160000000000,3238,3240,3236,3240,952,201811,201993
2021-08-04 10:47:00.000000000,1628045220000000000,3240,3242,3238,3238,1160,201993,202062
2021-08-04 10:48:00.000000000,1628045280000000000,3238,3240,3238,3238,684,202062,201951
2021-08-04 10:49:00.000000000,1628045340000000000,3238,3240,3236,3236,989,201951,202041
2021-08-04 10:50:00.000000000,1628045400000000000,3236,3238,3234,3234,1583,202041,201595
2021-08-04 10:51:00.000000000,1628045460000000000,3234,3238,3234,3238,367,201595,201654
2021-08-04 10:52:00.000000000,1628045520000000000,3238,3238,3236,3238,98,201654,201634
2021-08-04 10:53:00.000000000,1628045580000000000,3238,3238,3234,3236,355,201634,201618
2021-08-04 10:54:00.000000000,1628045640000000000,3236,3240,3234,3240,972,201618,201641
2021-08-04 10:55:00.000000000,1628045700000000000,3240,3240,3238,3240,200,201641,201588
2021-08-04 10:56:00.000000000,1628045760000000000,3240,3240,3238,3240,814,201588,201856
2021-08-04 10:57:00.000000000,1628045820000000000,3240,3244,3240,3244,1854,201856,201773
2021-08-04 10:58:00.000000000,1628045880000000000,3244,3244,3240,3244,757,201773,201714
2021-08-04 10:59:00.000000000,1628045940000000000,3244,3248,3244,3248,1777,201714,201943
2021-08-04 11:00:00.000000000,1628046000000000000,3248,3248,3246,3246,1707,201943,201823
2021-08-04 11:01:00.000000000,1628046060000000000,3246,3248,3244,3246,1654,201823,201625
2021-08-04 11:02:00.000000000,1628046120000000000,3246,3246,3242,3242,704,201625,201622
2021-08-04 11:03:00.000000000,1628046180000000000,3242,3244,3242,3244,187,201622,201594
2021-08-04 11:04:00.000000000,1628046240000000000,3244,3246,3242,3246,823,201594,201669
2021-08-04 11:05:00.000000000,1628046300000000000,3246,3248,3244,3246,662,201669,201709
2021-08-04 11:06:00.000000000,1628046360000000000,3246,3246,3242,3244,555,201709,201476
2021-08-04 11:07:00.000000000,1628046420000000000,3244,3244,3240,3242,585,201476,201453
2021-08-04 11:08:00.000000000,1628046480000000000,3242,3244,3242,3242,303,201453,201644
2021-08-04 11:09:00.000000000,1628046540000000000,3242,3246,3242,3246,514,201644,201477
2021-08-04 11:10:00.000000000,1628046600000000000,3246,3248,3244,3244,691,201477,201759
2021-08-04 11:11:00.000000000,1628046660000000000,3244,3248,3244,3246,925,201759,201853
2021-08-04 11:12:00.000000000,1628046720000000000,3246,3248,3244,3246,558,201853,201991
2021-08-04 11:13:00.000000000,1628046780000000000,3246,3248,3244,3248,436,201991,201905
2021-08-04 11:14:00.000000000,1628046840000000000,3248,3250,3246,3250,1672,201905,202095
2021-08-04 11:15:00.000000000,1628046900000000000,3250,3254,3250,3250,2194,202095,201757
2021-08-04 11:16:00.000000000,1628046960000000000,3250,3254,3250,3252,564,201757,201803
2021-08-04 11:17:00.000000000,1628047020000000000,3252,3256,3252,3254,1802,201803,201986
2021-08-04 11:18:00.000000000,1628047080000000000,3254,3256,3254,3254,1120,201986,202245
2021-08-04 11:19:00.000000000,1628047140000000000,3254,3256,3254,3254,978,202245,202263
2021-08-04 11:20:00.000000000,1628047200000000000,3254,3258,3254,3256,1760,202263,202255
2021-08-04 11:21:00.000000000,1628047260000000000,3256,3260,3256,3258,1977,202255,202438
2021-08-04 11:22:00.000000000,1628047320000000000,3258,3260,3254,3258,1504,202438,202363
2021-08-04 11:23:00.000000000,1628047380000000000,3258,3258,3254,3256,639,202363,202346
2021-08-04 11:24:00.000000000,1628047440000000000,3256,3258,3254,3256,680,202346,202239
2021-08-04 11:25:00.000000000,1628047500000000000,3256,3260,3254,3256,1185,202239,202291
2021-08-04 11:26:00.000000000,1628047560000000000,3256,3258,3254,3256,853,202291,202095
2021-08-04 11:27:00.000000000,1628047620000000000,3256,3260,3256,3256,819,202095,202101
2021-08-04 11:28:00.000000000,1628047680000000000,3256,3258,3254,3254,811,202101,201904
2021-08-04 11:29:00.000000000,1628047740000000000,3254,3258,3254,3258,775,201904,201801
2021-08-04 13:30:00.000000000,1628055000000000000,3254,3258,3248,3250,3528,201801,201444
2021-08-04 13:31:00.000000000,1628055060000000000,3250,3252,3248,3250,916,201444,201323
2021-08-04 13:32:00.000000000,1628055120000000000,3250,3252,3246,3246,1196,201323,201286
2021-08-04 13:33:00.000000000,1628055180000000000,3246,3254,3246,3252,1167,201286,200933
2021-08-04 13:34:00.000000000,1628055240000000000,3252,3254,3250,3252,447,200933,201008
2021-08-04 13:35:00.000000000,1628055300000000000,3252,3258,3252,3256,1560,201008,200910
2021-08-04 13:36:00.000000000,1628055360000000000,3256,3256,3254,3254,298,200910,200888
2021-08-04 13:37:00.000000000,1628055420000000000,3254,3258,3254,3256,688,200888,200934
2021-08-04 13:38:00.000000000,1628055480000000000,3256,3258,3252,3252,553,200934,200959
2021-08-04 13:39:00.000000000,1628055540000000000,3252,3256,3252,3254,512,200959,200966
2021-08-04 13:40:00.000000000,1628055600000000000,3254,3254,3250,3250,890,200966,200749
2021-08-04 13:41:00.000000000,1628055660000000000,3250,3254,3250,3252,326,200749,200811
2021-08-04 13:42:00.000000000,1628055720000000000,3252,3254,3252,3252,377,200811,200774
2021-08-04 13:43:00.000000000,1628055780000000000,3252,3254,3246,3246,1896,200774,200547
2021-08-04 13:44:00.000000000,1628055840000000000,3246,3250,3246,3248,1034,200547,200498
2021-08-04 13:45:00.000000000,1628055900000000000,3248,3250,3242,3244,1880,200498,200172
2021-08-04 13:46:00.000000000,1628055960000000000,3244,3246,3242,3244,720,200172,200109
2021-08-04 13:47:00.000000000,1628056020000000000,3244,3248,3242,3244,2389,200109,199717
2021-08-04 13:48:00.000000000,1628056080000000000,3244,3244,3242,3244,623,199717,199600
2021-08-04 13:49:00.000000000,1628056140000000000,3244,3246,3242,3244,1092,199600,199701
2021-08-04 13:50:00.000000000,1628056200000000000,3244,3246,3238,3240,1880,199701,199506
2021-08-04 13:51:00.000000000,1628056260000000000,3240,3242,3238,3238,783,199506,199382
2021-08-04 13:52:00.000000000,1628056320000000000,3238,3242,3238,3240,1058,199382,199097
2021-08-04 13:53:00.000000000,1628056380000000000,3240,3242,3240,3240,1281,199097,199491
2021-08-04 13:54:00.000000000,1628056440000000000,3240,3244,3240,3242,847,199491,199651
2021-08-04 13:55:00.000000000,1628056500000000000,3242,3244,3240,3244,319,199651,199639
2021-08-04 13:56:00.000000000,1628056560000000000,3244,3250,3242,3250,1186,199639,199883
2021-08-04 13:57:00.000000000,1628056620000000000,3250,3252,3248,3252,1664,199883,199667
2021-08-04 13:58:00.000000000,1628056680000000000,3252,3252,3250,3250,640,199667,199743
2021-08-04 13:59:00.000000000,1628056740000000000,3250,3252,3246,3246,1022,199743,199953
2021-08-04 14:00:00.000000000,1628056800000000000,3246,3252,3246,3250,1000,199953,199980
2021-08-04 14:01:00.000000000,1628056860000000000,3250,3250,3248,3250,367,199980,199860
2021-08-04 14:02:00.000000000,1628056920000000000,3250,3252,3248,3250,453,199860,199875
2021-08-04 14:03:00.000000000,1628056980000000000,3250,3250,3248,3250,552,199875,200056
2021-08-04 14:04:00.000000000,1628057040000000000,3250,3250,3246,3248,539,200056,200208
2021-08-04 14:05:00.000000000,1628057100000000000,3248,3250,3248,3248,302,200208,200109
2021-08-04 14:06:00.000000000,1628057160000000000,3248,3252,3248,3250,468,200109,200191
2021-08-04 14:07:00.000000000,1628057220000000000,3250,3252,3250,3250,453,200191,200146
2021-08-04 14:08:00.000000000,1628057280000000000,3250,3252,3248,3250,444,200146,200192
2021-08-04 14:09:00.000000000,1628057340000000000,3250,3250,3248,3250,94,200192,200154
2021-08-04 14:10:00.000000000,1628057400000000000,3250,3254,3250,3254,804,200154,200161
2021-08-04 14:11:00.000000000,1628057460000000000,3254,3254,3252,3254,110,200161,200143
2021-08-04 14:12:00.000000000,1628057520000000000,3254,3254,3250,3252,473,200143,200142
2021-08-04 14:13:00.000000000,1628057580000000000,3252,3256,3252,3256,1184,200142,200287
2021-08-04 14:14:00.000000000,1628057640000000000,3256,3256,3254,3254,212,200287,200193
2021-08-04 14:15:00.000000000,1628057700000000000,3254,3256,3254,3256,867,200193,200068
2021-08-04 14:16:00.000000000,1628057760000000000,3256,3256,3252,3254,483,200068,199966
2021-08-04 14:17:00.000000000,1628057820000000000,3254,3256,3252,3254,806,199966,199673
2021-08-04 14:18:00.000000000,1628057880000000000,3254,3256,3252,3252,756,199673,199640
2021-08-04 14:19:00.000000000,1628057940000000000,3252,3256,3252,3252,490,199640,199728
2021-08-04 14:20:00.000000000,1628058000000000000,3252,3256,3252,3252,370,199728,199828
2021-08-04 14:21:00.000000000,1628058060000000000,3252,3256,3252,3256,301,199828,199897
2021-08-04 14:22:00.000000000,1628058120000000000,3256,3256,3252,3254,317,199897,199898
2021-08-04 14:23:00.000000000,1628058180000000000,3254,3254,3250,3252,502,199898,199797
2021-08-04 14:24:00.000000000,1628058240000000000,3252,3252,3250,3250,180,199797,199826
2021-08-04 14:25:00.000000000,1628058300000000000,3250,3252,3250,3252,156,199826,199731
2021-08-04 14:26:00.000000000,1628058360000000000,3252,3254,3248,3252,1865,199731,199303
2021-08-04 14:27:00.000000000,1628058420000000000,3252,3252,3250,3250,123,199303,199289
2021-08-04 14:28:00.000000000,1628058480000000000,3250,3252,3248,3250,281,199289,199291
2021-08-04 14:29:00.000000000,1628058540000000000,3250,3250,3248,3250,81,199291,199305
2021-08-04 14:30:00.000000000,1628058600000000000,3250,3250,3246,3246,588,199305,198927
2021-08-04 14:31:00.000000000,1628058660000000000,3246,3248,3246,3246,674,198927,198872
2021-08-04 14:32:00.000000000,1628058720000000000,3246,3248,3246,3246,254,198872,198898
2021-08-04 14:33:00.000000000,1628058780000000000,3246,3248,3246,3246,521,198898,198549
2021-08-04 14:34:00.000000000,1628058840000000000,3246,3246,3244,3244,481,198549,198316
2021-08-04 14:35:00.000000000,1628058900000000000,3244,3246,3244,3246,259,198316,198387
2021-08-04 14:36:00.000000000,1628058960000000000,3246,3248,3244,3248,421,198387,198405
2021-08-04 14:37:00.000000000,1628059020000000000,3248,3248,3246,3248,412,198405,198351
2021-08-04 14:38:00.000000000,1628059080000000000,3248,3250,3248,3248,742,198351,198038
2021-08-04 14:39:00.000000000,1628059140000000000,3248,3250,3246,3250,250,198038,198107
2021-08-04 14:40:00.000000000,1628059200000000000,3250,3250,3246,3246,413,198107,198174
2021-08-04 14:41:00.000000000,1628059260000000000,3246,3248,3246,3246,149,198174,198184
2021-08-04 14:42:00.000000000,1628059320000000000,3246,3250,3246,3248,451,198184,198047
2021-08-04 14:43:00.000000000,1628059380000000000,3248,3250,3248,3250,96,198047,198034
2021-08-04 14:44:00.000000000,1628059440000000000,3250,3250,3246,3246,236,198034,197983
2021-08-04 14:45:00.000000000,1628059500000000000,3246,3250,3246,3250,527,197983,198086
2021-08-04 14:46:00.000000000,1628059560000000000,3250,3252,3248,3250,476,198086,198155
2021-08-04 14:47:00.000000000,1628059620000000000,3250,3252,3250,3252,266,198155,198118
2021-08-04 14:48:00.000000000,1628059680000000000,3252,3254,3250,3252,512,198118,198093
2021-08-04 14:49:00.000000000,1628059740000000000,3252,3252,3250,3252,387,198093,198095
2021-08-04 14:50:00.000000000,1628059800000000000,3252,3252,3250,3252,556,198095,198067
2021-08-04 14:51:00.000000000,1628059860000000000,3252,3252,3248,3248,397,198067,197985
2021-08-04 14:52:00.000000000,1628059920000000000,3248,3252,3248,3248,678,197985,197909
2021-08-04 14:53:00.000000000,1628059980000000000,3248,3250,3246,3246,915,197909,197855
2021-08-04 14:54:00.000000000,1628060040000000000,3246,3250,3246,3248,652,197855,197773
2021-08-04 14:55:00.000000000,1628060100000000000,3248,3248,3244,3246,751,197773,197464
2021-08-04 14:56:00.000000000,1628060160000000000,3246,3246,3242,3244,1034,197464,197384
2021-08-04 14:57:00.000000000,1628060220000000000,3244,3244,3242,3242,666,197384,197115
2021-08-04 14:58:00.000000000,1628060280000000000,3242,3244,3242,3242,928,197115,196758
2021-08-04 14:59:00.000000000,1628060340000000000,3242,3244,3242,3244,2298,196758,195974
2021-08-04 21:00:00.000000000,1628082000000000000,3210,3220,3206,3220,9441,195974,195287
2021-08-04 21:01:00.000000000,1628082060000000000,3220,3220,3216,3218,5451,195287,195085
2021-08-04 21:02:00.000000000,1628082120000000000,3218,3222,3216,3222,3630,195085,195199
2021-08-04 21:03:00.000000000,1628082180000000000,3222,3226,3220,3222,2964,195199,194715
2021-08-04 21:04:00.000000000,1628082240000000000,3222,3224,3218,3218,3333,194715,194748
2021-08-04 21:05:00.000000000,1628082300000000000,3218,3224,3218,3220,3946,194748,195526
2021-08-04 21:06:00.000000000,1628082360000000000,3220,3222,3216,3218,3004,195526,195938
2021-08-04 21:07:00.000000000,1628082420000000000,3218,3220,3216,3218,1717,195938,196194
2021-08-04 21:08:00.000000000,1628082480000000000,3218,3222,3216,3218,2062,196194,196419
2021-08-04 21:09:00.000000000,1628082540000000000,3218,3220,3216,3216,2282,196419,196558
2021-08-04 21:10:00.000000000,1628082600000000000,3216,3216,3212,3214,2405,196558,197054
2021-08-04 21:11:00.000000000,1628082660000000000,3214,3214,3210,3210,1972,197054,197474
2021-08-04 21:12:00.000000000,1628082720000000000,3210,3216,3210,3216,1377,197474,197473
2021-08-04 21:13:00.000000000,1628082780000000000,3216,3222,3216,3220,2595,197473,197845
2021-08-04 21:14:00.000000000,1628082840000000000,3220,3222,3216,3218,2173,197845,198456
2021-08-04 21:15:00.000000000,1628082900000000000,3218,3222,3214,3214,3531,198456,199291
2021-08-04 21:16:00.000000000,1628082960000000000,3214,3216,3210,3212,2807,199291,199823
2021-08-04 21:17:00.000000000,1628083020000000000,3212,3214,3210,3214,2087,199823,200233
2021-08-04 21:18:00.000000000,1628083080000000000,3214,3218,3214,3218,2440,200233,200849
2021-08-04 21:19:00.000000000,1628083140000000000,3218,3220,3216,3218,1159,200849,201179
2021-08-04 21:20:00.000000000,1628083200000000000,3218,3222,3218,3218,3260,201179,201890
2021-08-04 21:21:00.000000000,1628083260000000000,3218,3220,3216,3216,1006,201890,202026
2021-08-04 21:22:00.000000000,1628083320000000000,3216,3218,3216,3218,303,202026,201944
2021-08-04 21:23:00.000000000,1628083380000000000,3218,3218,3208,3210,2262,201944,201648
2021-08-04 21:24:00.000000000,1628083440000000000,3210,3214,3208,3212,3295,201648,201594
2021-08-04 21:25:00.000000000,1628083500000000000,3212,3214,3210,3210,1773,201594,201631
2021-08-04 21:26:00.000000000,1628083560000000000,3210,3212,3208,3210,1239,201631,201572
2021-08-04 21:27:00.000000000,1628083620000000000,3210,3212,3208,3208,623,201572,201725
2021-08-04 21:28:00.000000000,1628083680000000000,3208,3210,3206,3208,2364,201725,201307
2021-08-04 21:29:00.000000000,1628083740000000000,3208,3210,3206,3208,1964,201307,201874
2021-08-04 21:30:00.000000000,1628083800000000000,3208,3216,3208,3212,3901,201874,201696
2021-08-04 21:31:00.000000000,1628083860000000000,3212,3214,3210,3214,2269,201696,202703
2021-08-04 21:32:00.000000000,1628083920000000000,3214,3214,3208,3208,1371,202703,203049
2021-08-04 21:33:00.000000000,1628083980000000000,3208,3214,3208,3212,2231,203049,203397
2021-08-04 21:34:00.000000000,1628084040000000000,3212,3212,3210,3212,1302,203397,203394
2021-08-04 21:35:00.000000000,1628084100000000000,3212,3220,3210,3218,2808,203394,203133
2021-08-04 21:36:00.000000000,1628084160000000000,3218,3220,3216,3216,1867,203133,203163
2021-08-04 21:37:00.000000000,1628084220000000000,3216,3218,3212,3212,1607,203163,203419
2021-08-04 21:38:00.000000000,1628084280000000000,3212,3216,3210,3212,1005,203419,203659
2021-08-04 21:39:00.000000000,1628084340000000000,3212,3214,3210,3212,1382,203659,203767
2021-08-04 21:40:00.000000000,1628084400000000000,3212,3212,3210,3212,881,203767,203622
2021-08-04 21:41:00.000000000,1628084460000000000,3212,3214,3210,3212,1480,203622,203750
2021-08-04 21:42:00.000000000,1628084520000000000,3212,3214,3210,3210,779,203750,203500
2021-08-04 21:43:00.000000000,1628084580000000000,3210,3214,3210,3212,623,203500,203607
2021-08-04 21:44:00.000000000,1628084640000000000,3212,3212,3208,3210,1101,203607,203758
2021-08-04 21:45:00.000000000,1628084700000000000,3210,3210,3208,3210,534,203758,203748
2021-08-04 21:46:00.000000000,1628084760000000000,3210,3210,3206,3208,1999,203748,204185
2021-08-04 21:47:00.000000000,1628084820000000000,3208,3210,3208,3208,519,204185,204062
2021-08-04 21:48:00.000000000,1628084880000000000,3208,3214,3208,3210,1987,204062,203405
2021-08-04 21:49:00.000000000,1628084940000000000,3210,3216,3210,3216,1468,203405,203075
2021-08-04 21:50:00.000000000,1628085000000000000,3216,3218,3212,3216,1767,203075,203122
2021-08-04 21:51:00.000000000,1628085060000000000,3216,3218,3214,3218,1365,203122,203324
2021-08-04 21:52:00.000000000,1628085120000000000,3218,3220,3216,3220,3136,203324,203367
2021-08-04 21:53:00.000000000,1628085180000000000,3220,3224,3218,3222,3731,203367,203256
2021-08-04 21:54:00.000000000,1628085240000000000,3222,3236,3222,3234,4604,203256,203347
2021-08-04 21:55:00.000000000,1628085300000000000,3234,3236,3230,3234,3082,203347,203683
2021-08-04 21:56:00.000000000,1628085360000000000,3234,3236,3230,3232,2277,203683,203680
2021-08-04 21:57:00.000000000,1628085420000000000,3232,3236,3230,3234,2681,203680,204046
2021-08-04 21:58:00.000000000,1628085480000000000,3234,3238,3234,3236,1719,204046,204269
2021-08-04 21:59:00.000000000,1628085540000000000,3236,3242,3236,3240,2144,204269,204562
2021-08-04 22:00:00.000000000,1628085600000000000,3240,3242,3234,3238,3228,204562,203866
2021-08-04 22:01:00.000000000,1628085660000000000,3238,3244,3238,3244,1882,203866,204244
2021-08-04 22:02:00.000000000,1628085720000000000,3244,3252,3242,3250,4020,204244,204712
2021-08-04 22:03:00.000000000,1628085780000000000,3250,3252,3246,3248,3124,204712,204760
2021-08-04 22:04:00.000000000,1628085840000000000,3248,3252,3246,3250,2453,204760,204693
2021-08-04 22:05:00.000000000,1628085900000000000,3250,3252,3246,3248,1428,204693,204817
2021-08-04 22:06:00.000000000,1628085960000000000,3248,3250,3246,3246,1548,204817,205018
2021-08-04 22:07:00.000000000,1628086020000000000,3246,3248,3246,3246,1434,205018,205511
2021-08-04 22:08:00.000000000,1628086080000000000,3246,3248,3244,3244,1854,205511,205413
2021-08-04 22:09:00.000000000,1628086140000000000,3244,3246,3244,3244,581,205413,205327
2021-08-04 22:10:00.000000000,1628086200000000000,3244,3246,3244,3246,461,205327,205426
2021-08-04 22:11:00.000000000,1628086260000000000,3246,3250,3244,3248,1959,205426,205496
2021-08-04 22:12:00.000000000,1628086320000000000,3248,3250,3248,3250,1585,205496,205451
2021-08-04 22:13:00.000000000,1628086380000000000,3250,3250,3248,3250,1241,205451,205507
2021-08-04 22:14:00.000000000,1628086440000000000,3250,3252,3248,3248,875,205507,205363
2021-08-04 22:15:00.000000000,1628086500000000000,3248,3250,3246,3246,1664,205363,205229
2021-08-04 22:16:00.000000000,1628086560000000000,3246,3250,3244,3248,1395,205229,205360
2021-08-04 22:17:00.000000000,1628086620000000000,3248,3252,3248,3250,1443,205360,205059
2021-08-04 22:18:00.000000000,1628086680000000000,3250,3252,3248,3248,1300,205059,205050
2021-08-04 22:19:00.000000000,1628086740000000000,3248,3250,3246,3246,815,205050,204950
2021-08-04 22:20:00.000000000,1628086800000000000,3246,3248,3244,3244,1209,204950,204590
2021-08-04 22:21:00.000000000,1628086860000000000,3244,3248,3244,3246,1068,204590,204359
2021-08-04 22:22:00.000000000,1628086920000000000,3246,3250,3246,3248,865,204359,204406
2021-08-04 22:23:00.000000000,1628086980000000000,3248,3248,3242,3242,1092,204406,204283
2021-08-04 22:24:00.000000000,1628087040000000000,3242,3246,3242,3242,1234,204283,204010
2021-08-04 22:25:00.000000000,1628087100000000000,3242,3244,3240,3240,1372,204010,203679
2021-08-04 22:26:00.000000000,1628087160000000000,3240,3246,3240,3242,834,203679,203574
2021-08-04 22:27:00.000000000,1628087220000000000,3242,3244,3242,3242,147,203574,203517
2021-08-04 22:28:00.000000000,1628087280000000000,3242,3246,3240,3240,1231,203517,203004
2021-08-04 22:29:00.000000000,1628087340000000000,3240,3242,3240,3240,1303,203004,202951
2021-08-04 22:30:00.000000000,1628087400000000000,3240,3240,3230,3234,4962,202951,202126
2021-08-04 22:31:00.000000000,1628087460000000000,3234,3234,3222,3222,4207,202126,201319
2021-08-04 22:32:00.000000000,1628087520000000000,3222,3230,3220,3228,4106,201319,201141
2021-08-04 22:33:00.000000000,1628087580000000000,3228,3232,3226,3230,1516,201141,201221
2021-08-04 22:34:00.000000000,1628087640000000000,3230,3234,3228,3232,1314,201221,201312
2021-08-04 22:35:00.000000000,1628087700000000000,3232,3238,3232,3234,1797,201312,201273
2021-08-04 22:36:00.000000000,1628087760000000000,3234,3238,3232,3236,1238,201273,201360
2021-08-04 22:37:00.000000000,1628087820000000000,3236,3244,3236,3244,2702,201360,201013
2021-08-04 22:38:00.000000000,1628087880000000000,3244,3246,3238,3240,1328,201013,201030
2021-08-04 22:39:00.000000000,1628087940000000000,3240,3244,3238,3242,1678,201030,201210
2021-08-04 22:40:00.000000000,1628088000000000000,3242,3246,3242,3246,1695,201210,201215
2021-08-04 22:41:00.000000000,1628088060000000000,3246,3248,3240,3242,1966,201215,200911
2021-08-04 22:42:00.000000000,1628088120000000000,3242,3248,3242,3244,1708,200911,200757
2021-08-04 22:43:00.000000000,1628088180000000000,3244,3246,3242,3244,1068,200757,200846
2021-08-04 22:44:00.000000000,1628088240000000000,3244,3244,3240,3242,1005,200846,200675
2021-08-04 22:45:00.000000000,1628088300000000000,3242,3242,3238,3240,1308,200675,200759
2021-08-04 22:46:00.000000000,1628088360000000000,3240,3246,3238,3244,1367,200759,200483
2021-08-04 22:47:00.000000000,1628088420000000000,3244,3248,3244,3246,1088,200483,200670
2021-08-04 22:48:00.000000000,1628088480000000000,3246,3246,3242,3244,858,200670,200570
2021-08-04 22:49:00.000000000,1628088540000000000,3244,3246,3242,3244,678,200570,200411
2021-08-04 22:50:00.000000000,1628088600000000000,3244,3246,3244,3244,128,200411,200456
2021-08-04 22:51:00.000000000,1628088660000000000,3244,3246,3242,3244,422,200456,200360
2021-08-04 22:52:00.000000000,1628088720000000000,3244,3244,3240,3242,710,200360,200438
2021-08-04 22:53:00.000000000,1628088780000000000,3242,3244,3242,3242,182,200438,200414
2021-08-04 22:54:00.000000000,1628088840000000000,3242,3242,3238,3240,908,200414,200196
2021-08-04 22:55:00.000000000,1628088900000000000,3240,3240,3238,3238,124,200196,200179
2021-08-04 22:56:00.000000000,1628088960000000000,3238,3240,3238,3238,575,200179,199899
2021-08-04 22:57:00.000000000,1628089020000000000,3238,3244,3238,3244,1092,199899,199684
2021-08-04 22:58:00.000000000,1628089080000000000,3244,3244,3240,3240,1339,199684,199282
2021-08-04 22:59:00.000000000,1628089140000000000,3240,3242,3238,3240,1284,199282,198824
2021-08-05 09:00:00.000000000,1628125200000000000,3222,3236,3222,3230,6459,198824,199305
2021-08-05 09:01:00.000000000,1628125260000000000,3230,3234,3228,3234,2390,199305,199567
2021-08-05 09:02:00.000000000,1628125320000000000,3234,3236,3228,3228,2156,199567,199206
2021-08-05 09:03:00.000000000,1628125380000000000,3228,3230,3226,3228,1312,199206,199265
2021-08-05 09:04:00.000000000,1628125440000000000,3228,3228,3224,3226,1052,199265,199275
2021-08-05 09:05:00.000000000,1628125500000000000,3226,3230,3224,3226,1225,199275,199129
2021-08-05 09:06:00.000000000,1628125560000000000,3226,3230,3226,3230,436,199129,199094
2021-08-05 09:07:00.000000000,1628125620000000000,3230,3230,3224,3226,1350,199094,198772
2021-08-05 09:08:00.000000000,1628125680000000000,3226,3228,3224,3226,1039,198772,199238
2021-08-05 09:09:00.000000000,1628125740000000000,3226,3228,3224,3224,970,199238,198935
2021-08-05 09:10:00.000000000,1628125800000000000,3224,3226,3218,3222,3688,198935,198998
2021-08-05 09:11:00.000000000,1628125860000000000,3222,3226,3222,3222,774,198998,199059
2021-08-05 09:12:00.000000000,1628125920000000000,3222,3224,3220,3220,610,199059,198896
2021-08-05 09:13:00.000000000,1628125980000000000,3220,3222,3218,3220,636,198896,198949
2021-08-05 09:14:00.000000000,1628126040000000000,3220,3224,3218,3224,897,198949,198901
2021-08-05 09:15:00.000000000,1628126100000000000,3224,3224,3218,3222,869,198901,199002
2021-08-05 09:16:00.000000000,1628126160000000000,3222,3222,3218,3218,465,199002,198924
2021-08-05 09:17:00.000000000,1628126220000000000,3218,3224,3218,3222,1052,198924,198483
2021-08-05 09:18:00.000000000,1628126280000000000,3222,3226,3222,3226,507,198483,198531
2021-08-05 09:19:00.000000000,1628126340000000000,3226,3230,3224,3228,1105,198531,198256
2021-08-05 09:20:00.000000000,1628126400000000000,3228,3230,3226,3230,791,198256,198326
2021-08-05 09:21:00.000000000,1628126460000000000,3230,3230,3226,3228,729,198326,198393
2021-08-05 09:22:00.000000000,1628126520000000000,3228,3230,3228,3228,286,198393,198365
2021-08-05 09:23:00.000000000,1628126580000000000,3228,3228,3226,3226,80,198365,198357
2021-08-05 09:24:00.000000000,1628126640000000000,3226,3230,3226,3228,410,198357,198349
2021-08-05 09:25:00.000000000,1628126700000000000,3228,3230,3226,3228,493,198349,198435
2021-08-05 09:26:00.000000000,1628126760000000000,3228,3230,3226,3230,330,198435,198313
2021-08-05 09:27:00.000000000,1628126820000000000,3230,3230,3226,3228,353,198313,198421
2021-08-05 09:28:00.000000000,1628126880000000000,3228,3228,3226,3228,314,198421,198497
2021-08-05 09:29:00.000000000,1628126940000000000,3228,3230,3226,3228,220,198497,198469
2021-08-05 09:30:00.000000000,1628127000000000000,3228,3228,3224,3226,844,198469,198700
2021-08-05 09:31:00.000000000,1628127060000000000,3226,3228,3224,3226,445,198700,198585
2021-08-05 09:32:00.000000000,1628127120000000000,3226,3226,3222,3224,459,198585,198624
2021-08-05 09:33:00.000000000,1628127180000000000,3224,3224,3222,3222,721,198624,198717
2021-08-05 09:34:00.000000000,1628127240000000000,3222,3224,3222,3222,145,198717,198688
2021-08-05 09:35:00.000000000,1628127300000000000,3222,3224,3220,3220,411,198688,198735
2021-08-05 09:36:00.000000000,1628127360000000000,3220,3222,3216,3220,1757,198735,198741
2021-08-05 09:37:00.000000000,1628127420000000000,3220,3222,3218,3218,790,198741,198724
2021-08-05 09:38:00.000000000,1628127480000000000,3218,3220,3218,3220,255,198724,198728
2021-08-05 09:39:00.000000000,1628127540000000000,3220,3222,3218,3222,780,198728,199048
2021-08-05 09:40:00.000000000,1628127600000000000,3222,3222,3218,3220,538,199048,198809
2021-08-05 09:41:00.000000000,1628127660000000000,3220,3224,3220,3224,1981,198809,198888
2021-08-05 09:42:00.000000000,1628127720000000000,3224,3228,3220,3226,1484,198888,198906
2021-08-05 09:43:00.000000000,1628127780000000000,3226,3228,3224,3226,1017,198906,198809
2021-08-05 09:44:00.000000000,1628127840000000000,3226,3226,3222,3224,412,198809,198888
2021-08-05 09:45:00.000000000,1628127900000000000,3224,3224,3218,3220,1224,198888,198625
2021-08-05 09:46:00.000000000,1628127960000000000,3220,3222,3218,3220,1061,198625,198670
2021-08-05 09:47:00.000000000,1628128020000000000,3220,3222,3218,3220,552,198670,198812
2021-08-05 09:48:00.000000000,1628128080000000000,3220,3222,3218,3220,259,198812,198769
2021-08-05 09:49:00.000000000,1628128140000000000,3220,3222,3218,3220,475,198769,198683
2021-08-05 09:50:00.000000000,1628128200000000000,3220,3222,3220,3222,364,198683,198898
2021-08-05 09:51:00.000000000,1628128260000000000,3222,3222,3220,3222,377,198898,198963
2021-08-05 09:52:00.000000000,1628128320000000000,3222,3222,3220,3220,553,198963,199062
2021-08-05 09:53:00.000000000,1628128380000000000,3220,3224,3220,3224,299,199062,199104
2021-08-05 09:54:00.000000000,1628128440000000000,3224,3224,3220,3222,370,199104,198854
2021-08-05 09:55:00.000000000,1628128500000000000,3222,3226,3222,3226,751,198854,199023
2021-08-05 09:56:00.000000000,1628128560000000000,3226,3226,3224,3226,85,199023,199032
2021-08-05 09:57:00.000000000,1628128620000000000,3226,3226,3224,3226,724,199032,198991
2021-08-05 09:58:00.000000000,1628128680000000000,3226,3226,3222,3226,584,198991,198950
2021-08-05 09:59:00.000000000,1628128740000000000,3226,3226,3224,3224,113,198950,198907
2021-08-05 10:00:00.000000000,1628128800000000000,3224,3224,3222,3224,490,198907,198861
2021-08-05 10:01:00.000000000,1628128860000000000,3224,3226,3224,3224,377,198861,198739
2021-08-05 10:02:00.000000000,1628128920000000000,3224,3226,3222,3224,712,198739,198356
2021-08-05 10:03:00.000000000,1628128980000000000,3224,3226,3224,3226,168,198356,198410
2021-08-05 10:04:00.000000000,1628129040000000000,3226,3226,3224,3224,64,198410,198392
2021-08-05 10:05:00.000000000,1628129100000000000,3224,3226,3224,3224,742,198392,198307
2021-08-05 10:06:00.000000000,1628129160000000000,3224,3226,3224,3224,492,198307,198076
2021-08-05 10:07:00.000000000,1628129220000000000,3224,3226,3220,3220,551,198076,198125
2021-08-05 10:08:00.000000000,1628129280000000000,3220,3222,3220,3222,726,198125,198070
2021-08-05 10:09:00.000000000,1628129340000000000,3222,3224,3222,3224,92,198070,198038
2021-08-05 10:10:00.000000000,1628129400000000000,3224,3230,3222,3230,1429,198038,197766
2021-08-05 10:11:00.000000000,1628129460000000000,3230,3230,3228,3230,360,197766,197647
2021-08-05 10:12:00.000000000,1628129520000000000,3230,3232,3228,3230,1131,197647,197680
2021-08-05 10:13:00.000000000,1628129580000000000,3230,3234,3230,3232,642,197680,197859
2021-08-05 10:14:00.000000000,1628129640000000000,3232,3232,3228,3228,289,197859,197757
2021-08-05 10:30:00.000000000,1628130600000000000,3232,3232,3226,3226,1173,197757,197906
2021-08-05 10:31:00.000000000,1628130660000000000,3226,3228,3222,3228,1771,197906,198036
2021-08-05 10:32:00.000000000,1628130720000000000,3228,3228,3224,3226,339,198036,197902
2021-08-05 10:33:00.000000000,1628130780000000000,3226,3230,3224,3228,780,197902,197817
2021-08-05 10:34:00.000000000,1628130840000000000,3228,3230,3226,3228,523,197817,197793
2021-08-05 10:35:00.000000000,1628130900000000000,3228,3230,3226,3228,482,197793,197696
2021-08-05 10:36:00.000000000,1628130960000000000,3228,3230,3226,3228,273,197696,197711
2021-08-05 10:37:00.000000000,1628131020000000000,3228,3230,3226,3228,492,197711,197719
2021-08-05 10:38:00.000000000,1628131080000000000,3228,3230,3228,3228,60,197719,197704
2021-08-05 10:39:00.000000000,1628131140000000000,3228,3232,3228,3232,439,197704,197695
2021-08-05 10:40:00.000000000,1628131200000000000,3232,3234,3228,3232,881,197695,197660
2021-08-05 10:41:00.000000000,1628131260000000000,3232,3234,3230,3232,930,197660,197749
2021-08-05 10:42:00.000000000,1628131320000000000,3232,3232,3228,3228,243,197749,197741
2021-08-05 10:43:00.000000000,1628131380000000000,3228,3232,3228,3230,497,197741,197663
2021-08-05 10:44:00.000000000,1628131440000000000,3230,3230,3228,3230,293,197663,197666
2021-08-05 10:45:00.000000000,1628131500000000000,3230,3230,3224,3224,951,197666,197852
2021-08-05 10:46:00.000000000,1628131560000000000,3224,3224,3222,3224,706,197852,197689
2021-08-05 10:47:00.000000000,1628131620000000000,3224,3226,3222,3224,770,197689,197974
2021-08-05 10:48:00.000000000,1628131680000000000,3224,3224,3220,3220,2337,197974,197451
2021-08-05 10:49:00.000000000,1628131740000000000,3220,3224,3218,3222,1159,197451,197396
2021-08-05 10:50:00.000000000,1628131800000000000,3222,3224,3220,3222,546,197396,197506
2021-08-05 10:51:00.000000000,1628131860000000000,3222,3222,3220,3220,541,197506,197350
2021-08-05 10:52:00.000000000,1628131920000000000,3220,3222,3220,3220,1089,197350,197589
2021-08-05 10:53:00.000000000,1628131980000000000,3220,3222,3220,3222,235,197589,197568
2021-08-05 10:54:00.000000000,1628132040000000000,3222,3222,3218,3220,801,197568,197730
2021-08-05 10:55:00.000000000,1628132100000000000,3220,3224,3218,3220,1024,197730,197727
2021-08-05 10:56:00.000000000,1628132160000000000,3220,3222,3218,3222,708,197727,197886
2021-08-05 10:57:00.000000000,1628132220000000000,3222,3222,3218,3220,562,197886,197813
2021-08-05 10:58:00.000000000,1628132280000000000,3220,3220,3218,3220,330,197813,197719
2021-08-05 10:59:00.000000000,1628132340000000000,3220,3220,3216,3216,752,197719,198046
2021-08-05 11:00:00.000000000,1628132400000000000,3216,3218,3214,3214,1856,198046,198277
2021-08-05 11:01:00.000000000,1628132460000000000,3214,3216,3214,3216,557,198277,198199
2021-08-05 11:02:00.000000000,1628132520000000000,3216,3220,3214,3220,1393,198199,198289
2021-08-05 11:03:00.000000000,1628132580000000000,3220,3220,3216,3220,1105,198289,198185
2021-08-05 11:04:00.000000000,1628132640000000000,3220,3220,3218,3220,198,198185,198246
2021-08-05 11:05:00.000000000,1628132700000000000,3220,3220,3216,3218,442,198246,198275
2021-08-05 11:06:00.000000000,1628132760000000000,3218,3218,3216,3216,395,198275,198174
2021-08-05 11:07:00.000000000,1628132820000000000,3216,3218,3210,3212,4093,198174,197496
2021-08-05 11:08:00.000000000,1628132880000000000,3212,3212,3208,3212,659,197496,197568
2021-08-05 11:09:00.000000000,1628132940000000000,3212,3212,3210,3210,485,197568,197560
2021-08-05 11:10:00.000000000,1628133000000000000,3210,3212,3206,3212,2964,197560,197959
2021-08-05 11:11:00.000000000,1628133060000000000,3212,3216,3210,3214,1341,197959,197992
2021-08-05 11:12:00.000000000,1628133120000000000,3214,3214,3212,3212,94,197992,197952
2021-08-05 11:13:00.000000000,1628133180000000000,3212,3212,3210,3210,725,197952,198120
2021-08-05 11:14:00.000000000,1628133240000000000,3210,3216,3210,3214,551,198120,198162
2021-08-05 11:15:00.000000000,1628133300000000000,3214,3218,3214,3214,759,198162,198054
2021-08-05 11:16:00.000000000,1628133360000000000,3214,3216,3214,3216,689,198054,198050
2021-08-05 11:17:00.000000000,1628133420000000000,3216,3218,3214,3216,504,198050,198070
2021-08-05 11:18:00.000000000,1628133480000000000,3216,3216,3210,3212,1331,198070,197723
2021-08-05 11:19:00.000000000,1628133540000000000,3212,3214,3210,3212,364,197723,197696
2021-08-05 11:20:00.000000000,1628133600000000000,3212,3216,3212,3214,878,197696,197854
2021-08-05 11:21:00.000000000,1628133660000000000,3214,3216,3212,3216,218,197854,197837
2021-08-05 11:22:00.000000000,1628133720000000000,3216,3216,3214,3216,129,197837,197834
2021-08-05 11:23:00.000000000,1628133780000000000,3216,3218,3216,3216,514,197834,197894
2021-08-05 11:24:00.000000000,1628133840000000000,3216,3220,3216,3218,375,197894,197925
2021-08-05 11:25:00.000000000,1628133900000000000,3218,3222,3218,3220,1149,197925,198042
2021-08-05 11:26:00.000000000,1628133960000000000,3220,3222,3216,3220,1913,198042,198482
2021-08-05 11:27:00.000000000,1628134020000000000,3220,3226,3220,3222,1628,198482,197779
2021-08-05 11:28:00.000000000,1628134080000000000,3222,3226,3222,3226,531,197779,197751
2021-08-05 11:29:00.000000000,1628134140000000000,3226,3226,3224,3226,864,197751,197404
2021-08-05 13:30:00.000000000,1628141400000000000,3224,3224,3216,3220,2503,197404,197067
2021-08-05 13:31:00.000000000,1628141460000000000,3220,3222,3220,3220,794,197067,196997
2021-08-05 13:32:00.000000000,1628141520000000000,3220,3226,3220,3224,1349,196997,197233
2021-08-05 13:33:00.000000000,1628141580000000000,3224,3228,3224,3226,829,197233,197041
2021-08-05 13:34:00.000000000,1628141640000000000,3226,3228,3224,3228,341,197041,197124
2021-08-05 13:35:00.000000000,1628141700000000000,3228,3230,3226,3230,561,197124,197277
2021-08-05 13:36:00.000000000,1628141760000000000,3230,3230,3226,3228,1151,197277,196876
2021-08-05 13:37:00.000000000,1628141820000000000,3228,3232,3226,3228,1390,196876,196503
2021-08-05 13:38:00.000000000,1628141880000000000,3228,3230,3226,3228,384,196503,196524
2021-08-05 13:39:00.000000000,1628141940000000000,3228,3230,3226,3228,782,196524,196468
2021-08-05 13:40:00.000000000,1628142000000000000,3228,3230,3226,3228,758,196468,196560
2021-08-05 13:41:00.000000000,1628142060000000000,3228,3230,3226,3228,541,196560,196399
2021-08-05 13:42:00.000000000,1628142120000000000,3228,3228,3226,3226,81,196399,196421
2021-08-05 13:43:00.000000000,1628142180000000000,3226,3228,3226,3226,125,196421,196399
2021-08-05 13:44:00.000000000,1628142240000000000,3226,3228,3226,3228,104,196399,196342
2021-08-05 13:45:00.000000000,1628142300000000000,3228,3228,3224,3224,1283,196342,196396
2021-08-05 13:46:00.000000000,1628142360000000000,3224,3228,3222,3222,779,196396,196529
2021-08-05 13:47:00.000000000,1628142420000000000,3222,3224,3222,3222,639,196529,196529
2021-08-05 13:48:00.000000000,1628142480000000000,3222,3224,3220,3220,315,196529,196502
2021-08-05 13:49:00.000000000,1628142540000000000,3220,3224,3220,3222,500,196502,196414
2021-08-05 13:50:00.000000000,1628142600000000000,3222,3224,3218,3220,780,196414,196517
2021-08-05 13:51:00.000000000,1628142660000000000,3220,3222,3218,3222,478,196517,196560
2021-08-05 13:52:00.000000000,1628142720000000000,3222,3226,3220,3224,556,196560,196414
2021-08-05 13:53:00.000000000,1628142780000000000,3224,3226,3220,3220,614,196414,196518
2021-08-05 13:54:00.000000000,1628142840000000000,3220,3222,3218,3218,243,196518,196532
2021-08-05 13:55:00.000000000,1628142900000000000,3218,3220,3216,3218,1235,196532,196745
2021-08-05 13:56:00.000000000,1628142960000000000,3218,3222,3218,3220,945,196745,196723
2021-08-05 13:57:00.000000000,1628143020000000000,3220,3220,3216,3216,1256,196723,197046
2021-08-05 13:58:00.000000000,1628143080000000000,3216,3218,3216,3216,763,197046,197178
2021-08-05 13:59:00.000000000,1628143140000000000,3216,3216,3212,3214,899,197178,197102
2021-08-05 14:00:00.000000000,1628143200000000000,3214,3216,3210,3212,1608,197102,196981
2021-08-05 14:01:00.000000000,1628143260000000000,3212,3214,3210,3210,995,196981,197049
2021-08-05 14:02:00.000000000,1628143320000000000,3210,3214,3210,3212,769,197049,197123
2021-08-05 14:03:00.000000000,1628143380000000000,3212,3214,3210,3212,743,197123,197280
2021-08-05 14:04:00.000000000,1628143440000000000,3212,3212,3210,3212,225,197280,197364
2021-08-05 14:05:00.000000000,1628143500000000000,3212,3212,3208,3210,1639,197364,197364
2021-08-05 14:06:00.000000000,1628143560000000000,3210,3212,3206,3208,3050,197364,197846
2021-08-05 14:07:00.000000000,1628143620000000000,3208,3210,3206,3206,957,197846,197754
2021-08-05 14:08:00.000000000,1628143680000000000,3206,3212,3206,3210,1673,197754,197628
2021-08-05 14:09:00.000000000,1628143740000000000,3210,3210,3208,3208,416,197628,197612
2021-08-05 14:10:00.000000000,1628143800000000000,3208,3210,3208,3210,746,197612,197766
2021-08-05 14:11:00.000000000,1628143860000000000,3210,3214,3210,3214,1870,197766,197933
2021-08-05 14:12:00.000000000,1628143920000000000,3214,3214,3212,3212,363,197933,197926
2021-08-05 14:13:00.000000000,1628143980000000000,3212,3214,3210,3212,1106,197926,197703
2021-08-05 14:14:00.000000000,1628144040000000000,3212,3212,3210,3210,1100,197703,197699
2021-08-05 14:15:00.000000000,1628144100000000000,3210,3212,3208,3210,1011,197699,197859
2021-08-05 14:16:00.000000000,1628144160000000000,3210,3210,3208,3210,89,197859,197875
2021-08-05 14:17:00.000000000,1628144220000000000,3210,3210,3200,3208,5265,197875,198596
2021-08-05 14:18:00.000000000,1628144280000000000,3208,3212,3206,3210,1185,198596,198182
2021-08-05 14:19:00.000000000,1628144340000000000,3210,3214,3210,3214,1127,198182,198386
2021-08-05 14:20:00.000000000,1628144400000000000,3214,3216,3212,3216,1175,198386,198671
2021-08-05 14:21:00.000000000,1628144460000000000,3216,3220,3214,3218,2704,198671,198172
2021-08-05 14:22:00.000000000,1628144520000000000,3218,3218,3214,3216,779,198172,198015
2021-08-05 14:23:00.000000000,1628144580000000000,3216,3218,3214,3214,803,198015,198015
2021-08-05 14:24:00.000000000,1628144640000000000,3214,3216,3212,3212,1167,198015,197644
2021-08-05 14:25:00.000000000,1628144700000000000,3212,3214,3210,3212,736,197644,197920
2021-08-05 14:26:00.000000000,1628144760000000000,3212,3216,3212,3214,702,197920,197791
2021-08-05 14:27:00.000000000,1628144820000000000,3214,3216,3212,3212,413,197791,197702
2021-08-05 14:28:00.000000000,1628144880000000000,3212,3212,3210,3212,453,197702,197770
2021-08-05 14:29:00.000000000,1628144940000000000,3212,3212,3208,3210,1612,197770,197784
2021-08-05 14:30:00.000000000,1628145000000000000,3210,3210,3206,3208,1078,197784,198301
2021-08-05 14:31:00.000000000,1628145060000000000,3208,3212,3208,3212,1216,198301,198628
2021-08-05 14:32:00.000000000,1628145120000000000,3212,3212,3208,3210,1177,198628,198313
2021-08-05 14:33:00.000000000,1628145180000000000,3210,3212,3210,3210,646,198313,198375
2021-08-05 14:34:00.000000000,1628145240000000000,3210,3212,3206,3206,814,198375,198591
2021-08-05 14:35:00.000000000,1628145300000000000,3206,3208,3206,3206,234,198591,198574
2021-08-05 14:36:00.000000000,1628145360000000000,3206,3208,3204,3204,1097,198574,199022
2021-08-05 14:37:00.000000000,1628145420000000000,3204,3206,3202,3204,1776,199022,199125
2021-08-05 14:38:00.000000000,1628145480000000000,3204,3204,3196,3196,3880,199125,199239
2021-08-05 14:39:00.000000000,1628145540000000000,3196,3202,3196,3198,1945,199239,199481
2021-08-05 14:40:00.000000000,1628145600000000000,3198,3200,3196,3198,1433,199481,199556
2021-08-05 14:41:00.000000000,1628145660000000000,3198,3202,3198,3202,1310,199556,199304
2021-08-05 14:42:00.000000000,1628145720000000000,3202,3206,3202,3206,1454,199304,199211
2021-08-05 14:43:00.000000000,1628145780000000000,3206,3206,3204,3206,1056,199211,199147
2021-08-05 14:44:00.000000000,1628145840000000000,3206,3206,3204,3206,1205,199147,198832
2021-08-05 14:45:00.000000000,1628145900000000000,3206,3206,3200,3202,1870,198832,198703
2021-08-05 14:46:00.000000000,1628145960000000000,3202,3204,3198,3200,1260,198703,198744
2021-08-05 14:47:00.000000000,1628146020000000000,3200,3202,3198,3202,1329,198744,198792
2021-08-05 14:48:00.000000000,1628146080000000000,3202,3202,3198,3198,1052,198792,198738
2021-08-05 14:49:00.000000000,1628146140000000000,3198,3200,3194,3196,2274,198738,198465
2021-08-05 14:50:00.000000000,1628146200000000000,3196,3200,3196,3200,1937,198465,198466
2021-08-05 14:51:00.000000000,1628146260000000000,3200,3202,3198,3200,1070,198466,198439
2021-08-05 14:52:00.000000000,1628146320000000000,3200,3204,3200,3204,1620,198439,198239
2021-08-05 14:53:00.000000000,1628146380000000000,3204,3206,3202,3204,700,198239,197993
2021-08-05 14:54:00.000000000,1628146440000000000,3204,3206,3204,3204,1180,197993,198023
2021-08-05 14:55:00.000000000,1628146500000000000,3204,3212,3204,3210,3495,198023,197477
2021-08-05 14:56:00.000000000,1628146560000000000,3210,3212,3208,3212,1714,197477,197410
2021-08-05 14:57:00.000000000,1628146620000000000,3212,3214,3210,3212,2061,197410,197473
2021-08-05 14:58:00.000000000,1628146680000000000,3212,3212,3210,3212,935,197473,197280
2021-08-05 14:59:00.000000000,1628146740000000000,3212,3218,3212,3216,3433,197280,196382
2021-08-05 21:00:00.000000000,1628168400000000000,3236,3248,3234,3242,12581,196382,194750
2021-08-05 21:01:00.000000000,1628168460000000000,3242,3250,3242,3250,6843,194750,194957
2021-08-05 21:02:00.000000000,1628168520000000000,3250,3252,3240,3244,6315,194957,195463
2021-08-05 21:03:00.000000000,1628168580000000000,3244,3248,3244,3246,4094,195463,195442
2021-08-05 21:04:00.000000000,1628168640000000000,3246,3248,3240,3244,5189,195442,195726
2021-08-05 21:05:00.000000000,1628168700000000000,3244,3248,3240,3244,5064,195726,195778
2021-08-05 21:06:00.000000000,1628168760000000000,3244,3252,3244,3250,5749,195778,195608
2021-08-05 21:07:00.000000000,1628168820000000000,3250,3258,3250,3256,7041,195608,195571
2021-08-05 21:08:00.000000000,1628168880000000000,3256,3258,3254,3256,2917,195571,195575
2021-08-05 21:09:00.000000000,1628168940000000000,3256,3264,3254,3260,6238,195575,195585
2021-08-05 21:10:00.000000000,1628169000000000000,3260,3266,3258,3260,5904,195585,195438
2021-08-05 21:11:00.000000000,1628169060000000000,3260,3260,3254,3258,3599,195438,195847
2021-08-05 21:12:00.000000000,1628169120000000000,3258,3260,3256,3258,2898,195847,195964
2021-08-05 21:13:00.000000000,1628169180000000000,3258,3268,3258,3268,5228,195964,196488
2021-08-05 21:14:00.000000000,1628169240000000000,3268,3268,3264,3264,2261,196488,196465
2021-08-05 21:15:00.000000000,1628169300000000000,3264,3276,3264,3276,6207,196465,197674
2021-08-05 21:16:00.000000000,1628169360000000000,3276,3276,3268,3274,4422,197674,197569
2021-08-05 21:17:00.000000000,1628169420000000000,3274,3274,3272,3274,1600,197569,197901
2021-08-05 21:18:00.000000000,1628169480000000000,3274,3276,3272,3274,3760,197901,197560
2021-08-05 21:19:00.000000000,1628169540000000000,3274,3276,3270,3270,3540,197560,197087
2021-08-05 21:20:00.000000000,1628169600000000000,3270,3274,3268,3268,2706,197087,197117
2021-08-05 21:21:00.000000000,1628169660000000000,3268,3272,3268,3268,1560,197117,197120
2021-08-05 21:22:00.000000000,1628169720000000000,3268,3268,3262,3262,4039,197120,196981
2021-08-05 21:23:00.000000000,1628169780000000000,3262,3266,3262,3266,2455,196981,196671
2021-08-05 21:24:00.000000000,1628169840000000000,3266,3270,3266,3268,1860,196671,196384
2021-08-05 21:25:00.000000000,1628169900000000000,3268,3270,3264,3264,1907,196384,196634
2021-08-05 21:26:00.000000000,1628169960000000000,3264,3268,3264,3266,1369,196634,196589
2021-08-05 21:27:00.000000000,1628170020000000000,3266,3268,3264,3266,1164,196589,196444
2021-08-05 21:28:00.000000000,1628170080000000000,3266,3268,3260,3260,2122,196444,196415
2021-08-05 21:29:00.000000000,1628170140000000000,3260,3264,3260,3264,2953,196415,196606
2021-08-05 21:30:00.000000000,1628170200000000000,3264,3268,3262,3264,2253,196606,196370
2021-08-05 21:31:00.000000000,1628170260000000000,3264,3266,3264,3264,2054,196370,196181
2021-08-05 21:32:00.000000000,1628170320000000000,3264,3266,3264,3266,1131,196181,196244
2021-08-05 21:33:00.000000000,1628170380000000000,3266,3270,3264,3268,3312,196244,196103
2021-08-05 21:34:00.000000000,1628170440000000000,3268,3270,3268,3270,1419,196103,196098
2021-08-05 21:35:00.000000000,1628170500000000000,3270,3272,3268,3270,2995,196098,196011
2021-08-05 21:36:00.000000000,1628170560000000000,3270,3272,3270,3270,1331,196011,195768
2021-08-05 21:37:00.000000000,1628170620000000000,3270,3272,3268,3270,1842,195768,196071
2021-08-05 21:38:00.000000000,1628170680000000000,3270,3272,3266,3270,1968,196071,195734
2021-08-05 21:39:00.000000000,1628170740000000000,3270,3270,3268,3268,292,195734,195762
2021-08-05 21:40:00.000000000,1628170800000000000,3268,3270,3266,3268,475,195762,195659
2021-08-05 21:41:00.000000000,1628170860000000000,3268,3268,3262,3264,1622,195659,195691
2021-08-05 21:42:00.000000000,1628170920000000000,3264,3266,3260,3262,2077,195691,195004
2021-08-05 21:43:00.000000000,1628170980000000000,3262,3264,3260,3262,1292,195004,195066
2021-08-05 21:44:00.000000000,1628171040000000000,3262,3266,3260,3266,1158,195066,195011
2021-08-05 21:45:00.000000000,1628171100000000000,3266,3268,3264,3268,1789,195011,194863
2021-08-05 21:46:00.000000000,1628171160000000000,3268,3268,3264,3264,329,194863,194894
2021-08-05 21:47:00.000000000,1628171220000000000,3264,3266,3262,3264,1093,194894,194814
2021-08-05 21:48:00.000000000,1628171280000000000,3264,3266,3260,3260,1685,194814,194131
2021-08-05 21:49:00.000000000,1628171340000000000,3260,3260,3256,3258,2804,194131,194136
2021-08-05 21:50:00.000000000,1628171400000000000,3258,3260,3256,3260,1452,194136,193862
2021-08-05 21:51:00.000000000,1628171460000000000,3260,3260,3256,3260,1305,193862,193624
2021-08-05 21:52:00.000000000,1628171520000000000,3260,3260,3258,3260,927,193624,193519
2021-08-05 21:53:00.000000000,1628171580000000000,3260,3260,3258,3260,818,193519,193588
2021-08-05 21:54:00.000000000,1628171640000000000,3260,3262,3258,3262,449,193588,193652
2021-08-05 21:55:00.000000000,1628171700000000000,3262,3262,3260,3262,230,193652,193527
2021-08-05 21:56:00.000000000,1628171760000000000,3262,3262,3260,3260,137,193527,193459
2021-08-05 21:57:00.000000000,1628171820000000000,3260,3262,3258,3260,1188,193459,193472
2021-08-05 21:58:00.000000000,1628171880000000000,3260,3262,3260,3260,956,193472,193323
2021-08-05 21:59:00.000000000,1628171940000000000,3260,3266,3260,3264,1157,193323,193100
2021-08-05 22:00:00.000000000,1628172000000000000,3264,3266,3262,3264,1192,193100,193367
2021-08-05 22:01:00.000000000,1628172060000000000,3264,3268,3264,3266,1048,193367,193151
2021-08-05 22:02:00.000000000,1628172120000000000,3266,3268,3266,3268,971,193151,193284
2021-08-05 22:03:00.000000000,1628172180000000000,3268,3270,3264,3266,2142,193284,193326
2021-08-05 22:04:00.000000000,1628172240000000000,3266,3268,3264,3268,1095,193326,193176
2021-08-05 22:05:00.000000000,1628172300000000000,3268,3272,3268,3270,2597,193176,193088
2021-08-05 22:06:00.000000000,1628172360000000000,3270,3272,3266,3266,1003,193088,193139
2021-08-05 22:07:00.000000000,1628172420000000000,3266,3270,3266,3268,1197,193139,193072
2021-08-05 22:08:00.000000000,1628172480000000000,3268,3272,3266,3272,1226,193072,192922
2021-08-05 22:09:00.000000000,1628172540000000000,3272,3278,3270,3276,2998,192922,192806
2021-08-05 22:10:00.000000000,1628172600000000000,3276,3282,3276,3280,5142,192806,192495
2021-08-05 22:11:00.000000000,1628172660000000000,3280,3282,3272,3272,2358,192495,192809
2021-08-05 22:12:00.000000000,1628172720000000000,3272,3278,3272,3276,980,192809,192812
2021-08-05 22:13:00.000000000,1628172780000000000,3276,3280,3276,3276,2276,192812,192342
2021-08-05 22:14:00.000000000,1628172840000000000,3276,3278,3276,3278,202,192342,192353
2021-08-05 22:15:00.000000000,1628172900000000000,3278,3280,3278,3278,1305,192353,192340
2021-08-05 22:16:00.000000000,1628172960000000000,3278,3280,3274,3274,1620,192340,192117
2021-08-05 22:17:00.000000000,1628173020000000000,3274,3278,3274,3274,1812,192117,192101
2021-08-05 22:18:00.000000000,1628173080000000000,3274,3276,3274,3274,1490,192101,191825
2021-08-05 22:19:00.000000000,1628173140000000000,3274,3276,3274,3276,1849,191825,191760
2021-08-05 22:20:00.000000000,1628173200000000000,3276,3278,3274,3276,1253,191760,191403
2021-08-05 22:21:00.000000000,1628173260000000000,3276,3278,3276,3278,224,191403,191435
2021-08-05 22:22:00.000000000,1628173320000000000,3278,3278,3276,3276,471,191435,191362
2021-08-05 22:23:00.000000000,1628173380000000000,3276,3276,3274,3276,279,191362,191365
2021-08-05 22:24:00.000000000,1628173440000000000,3276,3276,3272,3272,773,191365,191164
2021-08-05 22:25:00.000000000,1628173500000000000,3272,3276,3272,3272,730,191164,191152
2021-08-05 22:26:00.000000000,1628173560000000000,3272,3276,3272,3274,577,191152,190953
2021-08-05 22:27:00.000000000,1628173620000000000,3274,3276,3272,3272,420,190953,190812
2021-08-05 22:28:00.000000000,1628173680000000000,3272,3274,3270,3270,1101,190812,191009
2021-08-05 22:29:00.000000000,1628173740000000000,3270,3274,3270,3272,577,191009,190836
2021-08-05 22:30:00.000000000,1628173800000000000,3272,3276,3272,3274,1095,190836,190668
2021-08-05 22:31:00.000000000,1628173860000000000,3274,3278,3274,3276,826,190668,190452
2021-08-05 22:32:00.000000000,1628173920000000000,3276,3276,3274,3274,244,190452,190482
2021-08-05 22:33:00.000000000,1628173980000000000,3274,3276,3274,3274,188,190482,190523
2021-08-05 22:34:00.000000000,1628174040000000000,3274,3276,3272,3274,493,190523,190670
2021-08-05 22:35:00.000000000,1628174100000000000,3274,3276,3270,3272,956,190670,190725
2021-08-05 22:36:00.000000000,1628174160000000000,3272,3274,3268,3270,717,190725,190479
2021-08-05 22:37:00.000000000,1628174220000000000,3270,3272,3268,3270,375,190479,190423
2021-08-05 22:38:00.000000000,1628174280000000000,3270,3272,3270,3272,138,190423,190401
2021-08-05 22:39:00.000000000,1628174340000000000,3272,3274,3270,3272,632,190401,190500
2021-08-05 22:40:00.000000000,1628174400000000000,3272,3276,3272,3276,598,190500,190573
2021-08-05 22:41:00.000000000,1628174460000000000,3276,3276,3272,3274,873,190573,190785
2021-08-05 22:42:00.000000000,1628174520000000000,3274,3274,3272,3272,168,190785,190754
2021-08-05 22:43:00.000000000,1628174580000000000,3272,3276,3272,3274,273,190754,190637
2021-08-05 22:44:00.000000000,1628174640000000000,3274,3276,3274,3274,228,190637,190612
2021-08-05 22:45:00.000000000,1628174700000000000,3274,3278,3274,3278,642,190612,190564
2021-08-05 22:46:00.000000000,1628174760000000000,3278,3278,3276,3278,173,190564,190551
2021-08-05 22:47:00.000000000,1628174820000000000,3278,3280,3276,3278,1435,190551,190486
2021-08-05 22:48:00.000000000,1628174880000000000,3278,3280,3276,3276,915,190486,190274
2021-08-05 22:49:00.000000000,1628174940000000000,3276,3278,3276,3278,144,190274,190299
2021-08-05 22:50:00.000000000,1628175000000000000,3278,3280,3276,3280,471,190299,190401
2021-08-05 22:51:00.000000000,1628175060000000000,3280,3280,3278,3278,195,190401,190470
2021-08-05 22:52:00.000000000,1628175120000000000,3278,3280,3274,3274,1166,190470,190370
2021-08-05 22:53:00.000000000,1628175180000000000,3274,3276,3272,3276,908,190370,190041
2021-08-05 22:54:00.000000000,1628175240000000000,3276,3276,3270,3270,1618,190041,189612
2021-08-05 22:55:00.000000000,1628175300000000000,3270,3272,3270,3272,677,189612,189445
2021-08-05 22:56:00.000000000,1628175360000000000,3272,3272,3270,3272,398,189445,189328
2021-08-05 22:57:00.000000000,1628175420000000000,3272,3272,3270,3270,368,189328,189131
2021-08-05 22:58:00.000000000,1628175480000000000,3270,3272,3270,3270,560,189131,188809
2021-08-05 22:59:00.000000000,1628175540000000000,3270,3272,3268,3272,1561,188809,188011
2021-08-06 09:00:00.000000000,1628211600000000000,3282,3284,3278,3282,4454,188011,188510
2021-08-06 09:01:00.000000000,1628211660000000000,3282,3282,3278,3280,1253,188510,188376
2021-08-06 09:02:00.000000000,1628211720000000000,3280,3286,3280,3284,2300,188376,188179
2021-08-06 09:03:00.000000000,1628211780000000000,3284,3290,3284,3288,3624,188179,187229
2021-08-06 09:04:00.000000000,1628211840000000000,3288,3290,3286,3288,1762,187229,186793
2021-08-06 09:05:00.000000000,1628211900000000000,3288,3292,3288,3292,1638,186793,186561
2021-08-06 09:06:00.000000000,1628211960000000000,3292,3296,3292,3294,2719,186561,186159
2021-08-06 09:07:00.000000000,1628212020000000000,3294,3294,3288,3290,1836,186159,186247
2021-08-06 09:08:00.000000000,1628212080000000000,3290,3294,3290,3292,2116,186247,186355
2021-08-06 09:09:00.000000000,1628212140000000000,3292,3294,3290,3290,1406,186355,186468
2021-08-06 09:10:00.000000000,1628212200000000000,3290,3296,3290,3294,1801,186468,186588
2021-08-06 09:11:00.000000000,1628212260000000000,3294,3296,3290,3290,1728,186588,186829
2021-08-06 09:12:00.000000000,1628212320000000000,3290,3292,3288,3288,1361,186829,186444
2021-08-06 09:13:00.000000000,1628212380000000000,3288,3290,3288,3290,1413,186444,186448
2021-08-06 09:14:00.000000000,1628212440000000000,3290,3294,3288,3292,2443,186448,186380
2021-08-06 09:15:00.000000000,1628212500000000000,3292,3296,3290,3294,1442,186380,186564
2021-08-06 09:16:00.000000000,1628212560000000000,3294,3294,3290,3294,1280,186564,186839
2021-08-06 09:17:00.000000000,1628212620000000000,3294,3294,3292,3294,415,186839,186880
2021-08-06 09:18:00.000000000,1628212680000000000,3294,3294,3292,3294,880,186880,186456
2021-08-06 09:19:00.000000000,1628212740000000000,3294,3298,3292,3296,1960,186456,186790
2021-08-06 09:20:00.000000000,1628212800000000000,3296,3298,3294,3296,1785,186790,186645
2021-08-06 09:21:00.000000000,1628212860000000000,3296,3298,3296,3296,1268,186645,186298
2021-08-06 09:22:00.000000000,1628212920000000000,3296,3298,3294,3294,2734,186298,186031
2021-08-06 09:23:00.000000000,1628212980000000000,3294,3296,3294,3294,563,186031,185694
2021-08-06 09:24:00.000000000,1628213040000000000,3294,3296,3292,3292,1620,185694,185240
2021-08-06 09:25:00.000000000,1628213100000000000,3292,3294,3290,3290,742,185240,185095
2021-08-06 09:26:00.000000000,1628213160000000000,3290,3292,3288,3290,926,185095,185045
2021-08-06 09:27:00.000000000,1628213220000000000,3290,3292,3290,3292,962,185045,185248
2021-08-06 09:28:00.000000000,1628213280000000000,3292,3294,3290,3292,1331,185248,185116
2021-08-06 09:29:00.000000000,1628213340000000000,3292,3294,3292,3294,220,185116,185039
2021-08-06 09:30:00.000000000,1628213400000000000,3294,3296,3294,3296,869,185039,185026
2021-08-06 09:31:00.000000000,1628213460000000000,3296,3298,3294,3296,1200,185026,185247
2021-08-06 09:32:00.000000000,1628213520000000000,3296,3298,3296,3296,691,185247,185252
2021-08-06 09:33:00.000000000,1628213580000000000,3296,3300,3296,3298,2299,185252,185883
2021-08-06 09:34:00.000000000,1628213640000000000,3298,3304,3298,3302,3739,185883,186172
2021-08-06 09:35:00.000000000,1628213700000000000,3302,3304,3300,3302,2711,186172,186337
2021-08-06 09:36:00.000000000,1628213760000000000,3302,3304,3300,3304,1161,186337,186606
2021-08-06 09:37:00.000000000,1628213820000000000,3304,3306,3300,3306,1882,186606,186926
2021-08-06 09:38:00.000000000,1628213880000000000,3306,3306,3302,3302,1436,186926,187175
2021-08-06 09:39:00.000000000,1628213940000000000,3302,3306,3302,3304,1245,187175,187101
2021-08-06 09:40:00.000000000,1628214000000000000,3304,3310,3304,3310,2885,187101,187884
2021-08-06 09:41:00.000000000,1628214060000000000,3310,3312,3308,3312,1902,187884,188088
2021-08-06 09:42:00.000000000,1628214120000000000,3312,3312,3306,3306,2285,188088,187772
2021-08-06 09:43:00.000000000,1628214180000000000,3306,3310,3306,3310,774,187772,187751
2021-08-06 09:44:00.000000000,1628214240000000000,3310,3312,3308,3310,983,187751,187881
2021-08-06 09:45:00.000000000,1628214300000000000,3310,3316,3310,3314,4013,187881,188497
2021-08-06 09:46:00.000000000,1628214360000000000,3314,3318,3312,3314,2729,188497,189101
2021-08-06 09:47:00.000000000,1628214420000000000,3314,3316,3312,3316,1335,189101,189582
2021-08-06 09:48:00.000000000,1628214480000000000,3316,3318,3312,3312,1824,189582,189862
2021-08-06 09:49:00.000000000,1628214540000000000,3312,3314,3306,3308,3257,189862,190368
2021-08-06 09:50:00.000000000,1628214600000000000,3308,3310,3302,3304,3068,190368,190007
2021-08-06 09:51:00.000000000,1628214660000000000,3304,3310,3304,3304,1211,190007,190278
2021-08-06 09:52:00.000000000,1628214720000000000,3304,3306,3302,3302,1899,190278,190210
2021-08-06 09:53:00.000000000,1628214780000000000,3302,3304,3294,3300,5009,190210,189072
2021-08-06 09:54:00.000000000,1628214840000000000,3300,3308,3298,3306,2074,189072,188916
2021-08-06 09:55:00.000000000,1628214900000000000,3306,3306,3298,3298,2101,188916,188193
2021-08-06 09:56:00.000000000,1628214960000000000,3298,3302,3298,3300,767,188193,188294
2021-08-06 09:57:00.000000000,1628215020000000000,3300,3302,3294,3296,2090,188294,188315
2021-08-06 09:58:00.000000000,1628215080000000000,3296,3298,3296,3298,644,188315,188486
2021-08-06 09:59:00.000000000,1628215140000000000,3298,3298,3294,3298,1545,188486,188653
2021-08-06 10:00:00.000000000,1628215200000000000,3298,3302,3296,3298,1868,188653,188452
2021-08-06 10:01:00.000000000,1628215260000000000,3298,3300,3296,3296,1707,188452,188332
2021-08-06 10:02:00.000000000,1628215320000000000,3296,3300,3296,3298,926,188332,188671
2021-08-06 10:03:00.000000000,1628215380000000000,3298,3300,3296,3296,1305,188671,188380
2021-08-06 10:04:00.000000000,1628215440000000000,3296,3298,3296,3298,579,188380,188514
2021-08-06 10:05:00.000000000,1628215500000000000,3298,3300,3294,3300,1915,188514,188476
2021-08-06 10:06:00.000000000,1628215560000000000,3300,3300,3296,3298,745,188476,188548
2021-08-06 10:07:00.000000000,1628215620000000000,3298,3302,3298,3300,1160,188548,188779
2021-08-06 10:08:00.000000000,1628215680000000000,3300,3302,3300,3300,266,188779,188896
2021-08-06 10:09:00.000000000,1628215740000000000,3300,3304,3300,3302,952,188896,188929
2021-08-06 10:10:00.000000000,1628215800000000000,3302,3304,3300,3302,511,188929,189044
2021-08-06 10:11:00.000000000,1628215860000000000,3302,3304,3302,3302,181,189044,188971
2021-08-06 10:12:00.000000000,1628215920000000000,3302,3304,3300,3300,570,188971,189116
2021-08-06 10:13:00.000000000,1628215980000000000,3300,3302,3298,3300,1193,189116,189553
2021-08-06 10:14:00.000000000,1628216040000000000,3300,3304,3300,3304,582,189553,189393
2021-08-06 10:30:00.000000000,1628217000000000000,3304,3306,3304,3304,1115,189393,189256
2021-08-06 10:31:00.000000000,1628217060000000000,3304,3308,3304,3306,1052,189256,189183
2021-08-06 10:32:00.000000000,1628217120000000000,3306,3310,3306,3310,1651,189183,189099
2021-08-06 10:33:00.000000000,1628217180000000000,3310,3312,3308,3310,1149,189099,189100
2021-08-06 10:34:00.000000000,1628217240000000000,3310,3310,3306,3308,1093,189100,189300
2021-08-06 10:35:00.000000000,1628217300000000000,3308,3312,3308,3310,598,189300,189333
2021-08-06 10:36:00.000000000,1628217360000000000,3310,3312,3308,3312,639,189333,189245
2021-08-06 10:37:00.000000000,1628217420000000000,3312,3312,3308,3312,896,189245,189174
2021-08-06 10:38:00.000000000,1628217480000000000,3312,3312,3308,3310,708,189174,189146
2021-08-06 10:39:00.000000000,1628217540000000000,3310,3312,3308,3310,556,189146,189429
2021-08-06 10:40:00.000000000,1628217600000000000,3310,3312,3308,3310,1161,189429,189386
2021-08-06 10:41:00.000000000,1628217660000000000,3310,3312,3310,3312,990,189386,189472
2021-08-06 10:42:00.000000000,1628217720000000000,3312,3314,3310,3312,487,189472,189437
2021-08-06 10:43:00.000000000,1628217780000000000,3312,3314,3312,3314,465,189437,189405
2021-08-06 10:44:00.000000000,1628217840000000000,3314,3316,3312,3314,1256,189405,189720
2021-08-06 10:45:00.000000000,1628217900000000000,3314,3316,3312,3312,794,189720,189534
2021-08-06 10:46:00.000000000,1628217960000000000,3312,3314,3308,3308,1742,189534,189615
2021-08-06 10:47:00.000000000,1628218020000000000,3308,3312,3308,3312,960,189615,189369
2021-08-06 10:48:00.000000000,1628218080000000000,3312,3312,3310,3310,219,189369,189347
2021-08-06 10:49:00.000000000,1628218140000000000,3310,3314,3310,3314,773,189347,189523
2021-08-06 10:50:00.000000000,1628218200000000000,3314,3316,3306,3314,3808,189523,190688
2021-08-06 10:51:00.000000000,1628218260000000000,3314,3316,3312,3314,1588,190688,190518
2021-08-06 10:52:00.000000000,1628218320000000000,3314,3316,3312,3314,662,190518,190537
2021-08-06 10:53:00.000000000,1628218380000000000,3314,3314,3312,3314,264,190537,190560
2021-08-06 10:54:00.000000000,1628218440000000000,3314,3314,3312,3312,658,190560,190605
2021-08-06 10:55:00.000000000,1628218500000000000,3312,3314,3312,3312,393,190605,190679
2021-08-06 10:56:00.000000000,1628218560000000000,3312,3314,3312,3312,386,190679,190635
2021-08-06 10:57:00.000000000,1628218620000000000,3312,3316,3312,3316,450,190635,190844
2021-08-06 10:58:00.000000000,1628218680000000000,3316,3316,3312,3312,1594,190844,191142
2021-08-06 10:59:00.000000000,1628218740000000000,3312,3314,3310,3312,659,191142,191068
2021-08-06 11:00:00.000000000,1628218800000000000,3312,3316,3312,3316,833,191068,191137
2021-08-06 11:01:00.000000000,1628218860000000000,3316,3316,3314,3316,597,191137,191229
2021-08-06 11:02:00.000000000,1628218920000000000,3316,3316,3314,3316,535,191229,191448
2021-08-06 11:03:00.000000000,1628218980000000000,3316,3318,3314,3316,946,191448,191579
2021-08-06 11:04:00.000000000,1628219040000000000,3316,3318,3316,3318,640,191579,191536
2021-08-06 11:05:00.000000000,1628219100000000000,3318,3318,3316,3318,572,191536,191598
2021-08-06 11:06:00.000000000,1628219160000000000,3318,3320,3316,3320,2539,191598,191901
2021-08-06 11:07:00.000000000,1628219220000000000,3320,3322,3318,3320,1523,191901,191938
2021-08-06 11:08:00.000000000,1628219280000000000,3320,3322,3320,3320,619,191938,192038
2021-08-06 11:09:00.000000000,1628219340000000000,3320,3320,3318,3320,1063,192038,192315
2021-08-06 11:10:00.000000000,1628219400000000000,3320,3322,3318,3318,3804,192315,192611
2021-08-06 11:11:00.000000000,1628219460000000000,3318,3320,3316,3316,797,192611,192563
2021-08-06 11:12:00.000000000,1628219520000000000,3316,3318,3316,3316,284,192563,192622
2021-08-06 11:13:00.000000000,1628219580000000000,3316,3320,3316,3318,913,192622,192622
2021-08-06 11:14:00.000000000,1628219640000000000,3318,3318,3316,3318,388,192622,192712
2021-08-06 11:15:00.000000000,1628219700000000000,3318,3322,3318,3320,1270,192712,192756
2021-08-06 11:16:00.000000000,1628219760000000000,3320,3322,3318,3320,749,192756,192737
2021-08-06 11:17:00.000000000,1628219820000000000,3320,3320,3316,3316,419,192737,192653
2021-08-06 11:18:00.000000000,1628219880000000000,3316,3318,3310,3310,2603,192653,192654
2021-08-06 11:19:00.000000000,1628219940000000000,3310,3314,3310,3312,456,192654,192702
2021-08-06 11:20:00.000000000,1628220000000000000,3312,3314,3312,3314,291,192702,192727
2021-08-06 11:21:00.000000000,1628220060000000000,3314,3316,3312,3314,587,192727,192629
2021-08-06 11:22:00.000000000,1628220120000000000,3314,3318,3314,3318,1365,192629,192607
2021-08-06 11:23:00.000000000,1628220180000000000,3318,3318,3314,3316,593,192607,192669
2021-08-06 11:24:00.000000000,1628220240000000000,3316,3318,3316,3316,256,192669,192673
2021-08-06 11:25:00.000000000,1628220300000000000,3316,3318,3316,3316,372,192673,192724
2021-08-06 11:26:00.000000000,1628220360000000000,3316,3318,3314,3314,325,192724,192673
2021-08-06 11:27:00.000000000,1628220420000000000,3314,3318,3314,3316,353,192673,192743
2021-08-06 11:28:00.000000000,1628220480000000000,3316,3318,3314,3314,394,192743,192746
2021-08-06 11:29:00.000000000,1628220540000000000,3314,3320,3314,3318,1357,192746,192267
2021-08-06 13:30:00.000000000,1628227800000000000,3316,3322,3316,3318,2446,192267,192351
2021-08-06 13:31:00.000000000,1628227860000000000,3318,3324,3318,3322,1825,192351,192350
2021-08-06 13:32:00.000000000,1628227920000000000,3322,3324,3320,3322,956,192350,192445
2021-08-06 13:33:00.000000000,1628227980000000000,3322,3322,3318,3318,318,192445,192462
2021-08-06 13:34:00.000000000,1628228040000000000,3318,3320,3316,3318,641,192462,192425
2021-08-06 13:35:00.000000000,1628228100000000000,3318,3322,3318,3322,499,192425,192461
2021-08-06 13:36:00.000000000,1628228160000000000,3322,3322,3312,3312,1989,192461,192090
2021-08-06 13:37:00.000000000,1628228220000000000,3312,3318,3312,3316,1049,192090,192095
2021-08-06 13:38:00.000000000,1628228280000000000,3316,3316,3314,3314,407,192095,192168
2021-08-06 13:39:00.000000000,1628228340000000000,3314,3314,3310,3312,1727,192168,192348
2021-08-06 13:40:00.000000000,1628228400000000000,3312,3314,3310,3310,950,192348,192438
2021-08-06 13:41:00.000000000,1628228460000000000,3310,3312,3310,3312,802,192438,192275
2021-08-06 13:42:00.000000000,1628228520000000000,3312,3312,3308,3308,1063,192275,192213
2021-08-06 13:43:00.000000000,1628228580000000000,3308,3316,3308,3316,1751,192213,192291
2021-08-06 13:44:00.000000000,1628228640000000000,3316,3316,3312,3314,437,192291,192328
2021-08-06 13:45:00.000000000,1628228700000000000,3314,3318,3312,3316,1586,192328,192439
2021-08-06 13:46:00.000000000,1628228760000000000,3316,3320,3314,3320,1253,192439,192473
2021-08-06 13:47:00.000000000,1628228820000000000,3320,3322,3318,3320,1562,192473,192447
2021-08-06 13:48:00.000000000,1628228880000000000,3320,3324,3320,3324,1420,192447,192928
2021-08-06 13:49:00.000000000,1628228940000000000,3324,3326,3320,3320,2376,192928,193171
2021-08-06 13:50:00.000000000,1628229000000000000,3320,3326,3320,3324,2318,193171,193283
2021-08-06 13:51:00.000000000,1628229060000000000,3324,3324,3318,3320,1510,193283,193360
2021-08-06 13:52:00.000000000,1628229120000000000,3320,3324,3320,3322,656,193360,193489
2021-08-06 13:53:00.000000000,1628229180000000000,3322,3324,3320,3324,594,193489,193424
2021-08-06 13:54:00.000000000,1628229240000000000,3324,3324,3320,3322,783,193424,193516
2021-08-06 13:55:00.000000000,1628229300000000000,3322,3324,3320,3320,561,193516,193488
2021-08-06 13:56:00.000000000,1628229360000000000,3320,3324,3320,3322,450,193488,193415
2021-08-06 13:57:00.000000000,1628229420000000000,3322,3324,3320,3322,801,193415,193614
2021-08-06 13:58:00.000000000,1628229480000000000,3322,3324,3320,3322,585,193614,193802
2021-08-06 13:59:00.000000000,1628229540000000000,3322,3322,3320,3320,949,193802,193969
2021-08-06 14:00:00.000000000,1628229600000000000,3320,3324,3320,3320,622,193969,194175
2021-08-06 14:01:00.000000000,1628229660000000000,3320,3322,3318,3318,971,194175,194161
2021-08-06 14:02:00.000000000,1628229720000000000,3318,3322,3318,3318,961,194161,194124
2021-08-06 14:03:00.000000000,1628229780000000000,3318,3320,3318,3318,516,194124,194320
2021-08-06 14:04:00.000000000,1628229840000000000,3318,3318,3314,3316,1316,194320,194293
2021-08-06 14:05:00.000000000,1628229900000000000,3316,3320,3316,3318,659,194293,194185
2021-08-06 14:06:00.000000000,1628229960000000000,3318,3320,3316,3316,1098,194185,194380
2021-08-06 14:07:00.000000000,1628230020000000000,3316,3322,3316,3322,1204,194380,194497
2021-08-06 14:08:00.000000000,1628230080000000000,3322,3324,3320,3322,1159,194497,194481
2021-08-06 14:09:00.000000000,1628230140000000000,3322,3322,3318,3320,952,194481,194649
2021-08-06 14:10:00.000000000,1628230200000000000,3320,3322,3318,3322,460,194649,194647
2021-08-06 14:11:00.000000000,1628230260000000000,3322,3322,3320,3320,109,194647,194671
2021-08-06 14:12:00.000000000,1628230320000000000,3320,3324,3320,3322,823,194671,194598
2021-08-06 14:13:00.000000000,1628230380000000000,3322,3322,3320,3320,109,194598,194564
2021-08-06 14:14:00.000000000,1628230440000000000,3320,3322,3320,3322,204,194564,194598
2021-08-06 14:15:00.000000000,1628230500000000000,3322,3324,3320,3324,1463,194598,194986
2021-08-06 14:16:00.000000000,1628230560000000000,3324,3326,3322,3324,1293,194986,194753
2021-08-06 14:17:00.000000000,1628230620000000000,3324,3324,3318,3318,1038,194753,194792
2021-08-06 14:18:00.000000000,1628230680000000000,3318,3320,3318,3318,463,194792,194806
2021-08-06 14:19:00.000000000,1628230740000000000,3318,3322,3318,3320,508,194806,194770
2021-08-06 14:20:00.000000000,1628230800000000000,3320,3320,3318,3320,284,194770,194783
2021-08-06 14:21:00.000000000,1628230860000000000,3320,3322,3318,3320,385,194783,194793
2021-08-06 14:22:00.000000000,1628230920000000000,3320,3320,3316,3316,870,194793,194868
2021-08-06 14:23:00.000000000,1628230980000000000,3316,3318,3314,3316,723,194868,194659
2021-08-06 14:24:00.000000000,1628231040000000000,3316,3318,3314,3316,1108,194659,194718
2021-08-06 14:25:00.000000000,1628231100000000000,3316,3320,3316,3318,530,194718,194669
2021-08-06 14:26:00.000000000,1628231160000000000,3318,3324,3318,3324,1204,194669,194624
2021-08-06 14:27:00.000000000,1628231220000000000,3324,3324,3320,3320,299,194624,194589
2021-08-06 14:28:00.000000000,1628231280000000000,3320,3324,3320,3322,307,194589,194502
2021-08-06 14:29:00.000000000,1628231340000000000,3322,3324,3322,3324,291,194502,194488
2021-08-06 14:30:00.000000000,1628231400000000000,3324,3324,3322,3322,801,194488,194536
2021-08-06 14:31:00.000000000,1628231460000000000,3322,3324,3320,3322,1219,194536,194586
2021-08-06 14:32:00.000000000,1628231520000000000,3322,3324,3320,3324,478,194586,194581
2021-08-06 14:33:00.000000000,1628231580000000000,3324,3324,3320,3320,605,194581,194704
2021-08-06 14:34:00.000000000,1628231640000000000,3320,3322,3320,3322,187,194704,194732
2021-08-06 14:35:00.000000000,1628231700000000000,3322,3324,3318,3320,1164,194732,194434
2021-08-06 14:36:00.000000000,1628231760000000000,3320,3322,3318,3318,1064,194434,194716
2021-08-06 14:37:00.000000000,1628231820000000000,3318,3324,3318,3324,1388,194716,194168
2021-08-06 14:38:00.000000000,1628231880000000000,3324,3326,3322,3326,1056,194168,193715
2021-08-06 14:39:00.000000000,1628231940000000000,3326,3326,3322,3322,945,193715,193568
2021-08-06 14:40:00.000000000,1628232000000000000,3322,3324,3320,3322,582,193568,193443
2021-08-06 14:41:00.000000000,1628232060000000000,3322,3324,3322,3324,568,193443,193339
2021-08-06 14:42:00.000000000,1628232120000000000,3324,3326,3322,3324,1000,193339,193126
2021-08-06 14:43:00.000000000,1628232180000000000,3324,3324,3320,3322,923,193126,193107
2021-08-06 14:44:00.000000000,1628232240000000000,3322,3324,3322,3324,364,193107,193074
2021-08-06 14:45:00.000000000,1628232300000000000,3324,3324,3322,3324,520,193074,193051
2021-08-06 14:46:00.000000000,1628232360000000000,3324,3324,3320,3322,944,193051,193009
2021-08-06 14:47:00.000000000,1628232420000000000,3322,3324,3320,3324,506,193009,192883
2021-08-06 14:48:00.000000000,1628232480000000000,3324,3324,3320,3320,524,192883,192879
2021-08-06 14:49:00.000000000,1628232540000000000,3320,3324,3320,3322,364,192879,192761
2021-08-06 14:50:00.000000000,1628232600000000000,3322,3326,3322,3326,1069,192761,192612
2021-08-06 14:51:00.000000000,1628232660000000000,3326,3326,3324,3324,902,192612,192630
2021-08-06 14:52:00.000000000,1628232720000000000,3324,3326,3320,3322,1628,192630,192475
2021-08-06 14:53:00.000000000,1628232780000000000,3322,3322,3318,3318,1281,192475,192262
2021-08-06 14:54:00.000000000,1628232840000000000,3318,3320,3314,3316,1457,192262,191915
2021-08-06 14:55:00.000000000,1628232900000000000,3316,3316,3312,3312,2139,191915,191382
2021-08-06 14:56:00.000000000,1628232960000000000,3312,3314,3312,3314,2174,191382,190679
2021-08-06 14:57:00.000000000,1628233020000000000,3314,3318,3312,3314,2152,190679,190571
2021-08-06 14:58:00.000000000,1628233080000000000,3314,3316,3314,3314,1649,190571,190667
2021-08-06 14:59:00.000000000,1628233140000000000,3314,3316,3310,3314,4772,190667,190218
2021-08-06 21:00:00.000000000,1628254800000000000,3322,3332,3314,3322,11583,190218,189308
2021-08-06 21:01:00.000000000,1628254860000000000,3322,3326,3314,3316,4882,189308,189915
2021-08-06 21:02:00.000000000,1628254920000000000,3316,3318,3312,3314,3137,189915,189939
2021-08-06 21:03:00.000000000,1628254980000000000,3314,3314,3310,3312,1915,189939,190124
2021-08-06 21:04:00.000000000,1628255040000000000,3312,3316,3306,3314,3530,190124,189540
2021-08-06 21:05:00.000000000,1628255100000000000,3314,3316,3312,3314,1580,189540,189418
2021-08-06 21:06:00.000000000,1628255160000000000,3314,3314,3302,3304,5003,189418,189882
2021-08-06 21:07:00.000000000,1628255220000000000,3304,3306,3300,3304,4435,189882,190049
2021-08-06 21:08:00.000000000,1628255280000000000,3304,3306,3300,3300,2971,190049,190091
2021-08-06 21:09:00.000000000,1628255340000000000,3300,3306,3300,3302,1699,190091,190050
2021-08-06 21:10:00.000000000,1628255400000000000,3302,3304,3300,3302,1378,190050,190030
2021-08-06 21:11:00.000000000,1628255460000000000,3302,3304,3298,3300,2230,190030,189454
2021-08-06 21:12:00.000000000,1628255520000000000,3300,3306,3300,3304,2343,189454,189325
2021-08-06 21:13:00.000000000,1628255580000000000,3304,3304,3298,3298,1671,189325,188988
2021-08-06 21:14:00.000000000,1628255640000000000,3298,3300,3296,3298,3326,188988,189111
2021-08-06 21:15:00.000000000,1628255700000000000,3298,3300,3294,3300,2583,189111,189326
2021-08-06 21:16:00.000000000,1628255760000000000,3300,3300,3294,3294,2174,189326,189245
2021-08-06 21:17:00.000000000,1628255820000000000,3294,3294,3288,3290,2423,189245,189132
2021-08-06 21:18:00.000000000,1628255880000000000,3290,3296,3290,3296,1453,189132,189101
2021-08-06 21:19:00.000000000,1628255940000000000,3296,3296,3288,3288,2587,189101,188529
2021-08-06 21:20:00.000000000,1628256000000000000,3288,3288,3284,3288,2648,188529,188526
2021-08-06 21:21:00.000000000,1628256060000000000,3288,3290,3284,3284,1979,188526,188630
2021-08-06 21:22:00.000000000,1628256120000000000,3284,3286,3280,3282,3171,188630,188418
2021-08-06 21:23:00.000000000,1628256180000000000,3282,3284,3280,3282,1230,188418,188554
2021-08-06 21:24:00.000000000,1628256240000000000,3282,3286,3280,3286,1259,188554,188424
2021-08-06 21:25:00.000000000,1628256300000000000,3286,3286,3284,3284,1157,188424,188052
2021-08-06 21:26:00.000000000,1628256360000000000,3284,3292,3284,3290,2714,188052,187941
2021-08-06 21:27:00.000000000,1628256420000000000,3290,3292,3288,3292,693,187941,187846
2021-08-06 21:28:00.000000000,1628256480000000000,3292,3294,3286,3290,2419,187846,187582
2021-08-06 21:29:00.000000000,1628256540000000000,3290,3290,3280,3280,2283,187582,187513
2021-08-06 21:30:00.000000000,1628256600000000000,3280,3286,3278,3284,3257,187513,187674
2021-08-06 21:31:00.000000000,1628256660000000000,3284,3284,3280,3282,1382,187674,187383
2021-08-06 21:32:00.000000000,1628256720000000000,3282,3284,3276,3282,3818,187383,187177
2021-08-06 21:33:00.000000000,1628256780000000000,3282,3282,3278,3278,1404,187177,187044
2021-08-06 21:34:00.000000000,1628256840000000000,3278,3280,3274,3276,1945,187044,186840
2021-08-06 21:35:00.000000000,1628256900000000000,3276,3278,3272,3278,2489,186840,186953
2021-08-06 21:36:00.000000000,1628256960000000000,3278,3278,3272,3274,2612,186953,187345
2021-08-06 21:37:00.000000000,1628257020000000000,3274,3274,3270,3274,1535,187345,187528
2021-08-06 21:38:00.000000000,1628257080000000000,3274,3274,3270,3272,1260,187528,187208
2021-08-06 21:39:00.000000000,1628257140000000000,3272,3274,3270,3272,2376,187208,187019
2021-08-06 21:40:00.000000000,1628257200000000000,3272,3272,3262,3266,5353,187019,187438
2021-08-06 21:41:00.000000000,1628257260000000000,3266,3274,3266,3272,3821,187438,186842
2021-08-06 21:42:00.000000000,1628257320000000000,3272,3274,3270,3270,1223,186842,186902
2021-08-06 21:43:00.000000000,1628257380000000000,3270,3274,3270,3274,1298,186902,186786
2021-08-06 21:44:00.000000000,1628257440000000000,3274,3274,3270,3270,1721,186786,186842
2021-08-06 21:45:00.000000000,1628257500000000000,3270,3272,3264,3266,1772,186842,186875
2021-08-06 21:46:00.000000000,1628257560000000000,3266,3268,3262,3264,2517,186875,187077
2021-08-06 21:47:00.000000000,1628257620000000000,3264,3266,3262,3264,1957,187077,186842
2021-08-06 21:48:00.000000000,1628257680000000000,3264,3266,3262,3262,1687,186842,186754
2021-08-06 21:49:00.000000000,1628257740000000000,3262,3266,3262,3266,1096,186754,186662
2021-08-06 21:50:00.000000000,1628257800000000000,3266,3266,3260,3262,3187,186662,186821
2021-08-06 21:51:00.000000000,1628257860000000000,3262,3266,3260,3264,1756,186821,186786
2021-08-06 21:52:00.000000000,1628257920000000000,3264,3270,3264,3266,2836,186786,186634
2021-08-06 21:53:00.000000000,1628257980000000000,3266,3270,3266,3270,1903,186634,186366
2021-08-06 21:54:00.000000000,1628258040000000000,3270,3272,3268,3270,3680,186366,186548
2021-08-06 21:55:00.000000000,1628258100000000000,3270,3274,3268,3272,1945,186548,185970
2021-08-06 21:56:00.000000000,1628258160000000000,3272,3274,3270,3274,1572,185970,185875
2021-08-06 21:57:00.000000000,1628258220000000000,3274,3274,3266,3268,2152,185875,185975
2021-08-06 21:58:00.000000000,1628258280000000000,3268,3268,3264,3266,1465,185975,186178
2021-08-06 21:59:00.000000000,1628258340000000000,3266,3266,3260,3264,3550,186178,187425
2021-08-06 22:00:00.000000000,1628258400000000000,3264,3264,3258,3258,3114,187425,187492
2021-08-06 22:01:00.000000000,1628258460000000000,3258,3262,3258,3260,957,187492,187001
2021-08-06 22:02:00.000000000,1628258520000000000,3260,3262,3258,3260,1335,187001,186575
2021-08-06 22:03:00.000000000,1628258580000000000,3260,3260,3252,3258,4016,186575,187329
2021-08-06 22:04:00.000000000,1628258640000000000,3258,3262,3256,3260,1182,187329,187292
2021-08-06 22:05:00.000000000,1628258700000000000,3260,3264,3258,3264,2376,187292,187654
2021-08-06 22:06:00.000000000,1628258760000000000,3264,3266,3262,3266,941,187654,187496
2021-08-06 22:07:00.000000000,1628258820000000000,3266,3268,3264,3268,652,187496,187284
2021-08-06 22:08:00.000000000,1628258880000000000,3268,3268,3264,3266,783,187284,187175
2021-08-06 22:09:00.000000000,1628258940000000000,3266,3268,3264,3266,537,187175,187093
2021-08-06 22:10:00.000000000,1628259000000000000,3266,3266,3262,3266,784,187093,187029
2021-08-06 22:11:00.000000000,1628259060000000000,3266,3274,3264,3272,2908,187029,186105
2021-08-06 22:12:00.000000000,1628259120000000000,3272,3276,3272,3276,1837,186105,185500
2021-08-06 22:13:00.000000000,1628259180000000000,3276,3276,3272,3274,1900,185500,185003
2021-08-06 22:14:00.000000000,1628259240000000000,3274,3278,3274,3276,693,185003,184878
2021-08-06 22:15:00.000000000,1628259300000000000,3276,3282,3276,3278,1791,184878,184501
2021-08-06 22:16:00.000000000,1628259360000000000,3278,3284,3278,3282,3127,184501,184221
2021-08-06 22:17:00.000000000,1628259420000000000,3282,3282,3278,3280,1727,184221,183912
2021-08-06 22:18:00.000000000,1628259480000000000,3280,3284,3280,3282,1796,183912,183627
2021-08-06 22:19:00.000000000,1628259540000000000,3282,3284,3278,3280,1281,183627,183364
2021-08-06 22:20:00.000000000,1628259600000000000,3280,3288,3280,3286,2680,183364,183485
2021-08-06 22:21:00.000000000,1628259660000000000,3286,3286,3282,3282,1106,183485,183280
2021-08-06 22:22:00.000000000,1628259720000000000,3282,3284,3282,3282,962,183280,182988
2021-08-06 22:23:00.000000000,1628259780000000000,3282,3282,3278,3282,674,182988,182906
2021-08-06 22:24:00.000000000,1628259840000000000,3282,3282,3280,3282,637,182906,182749
2021-08-06 22:25:00.000000000,1628259900000000000,3282,3284,3280,3280,867,182749,182781
2021-08-06 22:26:00.000000000,1628259960000000000,3280,3280,3278,3278,1360,182781,182571
2021-08-06 22:27:00.000000000,1628260020000000000,3278,3280,3276,3278,1520,182571,182401
2021-08-06 22:28:00.000000000,1628260080000000000,3278,3278,3272,3274,2396,182401,183044
2021-08-06 22:29:00.000000000,1628260140000000000,3274,3276,3272,3276,1419,183044,183012
2021-08-06 22:30:00.000000000,1628260200000000000,3276,3276,3274,3274,120,183012,183025
2021-08-06 22:31:00.000000000,1628260260000000000,3274,3278,3274,3276,735,183025,182959
2021-08-06 22:32:00.000000000,1628260320000000000,3276,3276,3272,3276,1533,182959,183029
2021-08-06 22:33:00.000000000,1628260380000000000,3276,3276,3272,3272,320,183029,182915
2021-08-06 22:34:00.000000000,1628260440000000000,3272,3274,3270,3274,767,182915,182710
2021-08-06 22:35:00.000000000,1628260500000000000,3274,3274,3270,3272,533,182710,182737
2021-08-06 22:36:00.000000000,1628260560000000000,3272,3274,3270,3270,888,182737,182554
2021-08-06 22:37:00.000000000,1628260620000000000,3270,3274,3270,3274,305,182554,182518
2021-08-06 22:38:00.000000000,1628260680000000000,3274,3280,3274,3278,1255,182518,182383
2021-08-06 22:39:00.000000000,1628260740000000000,3278,3278,3274,3274,1028,182383,182171
2021-08-06 22:40:00.000000000,1628260800000000000,3274,3274,3270,3270,1084,182171,181962
2021-08-06 22:41:00.000000000,1628260860000000000,3270,3274,3270,3272,547,181962,181955
2021-08-06 22:42:00.000000000,1628260920000000000,3272,3274,3270,3274,360,181955,182023
2021-08-06 22:43:00.000000000,1628260980000000000,3274,3274,3272,3274,124,182023,182025
2021-08-06 22:44:00.000000000,1628261040000000000,3274,3274,3270,3272,1007,182025,182070
2021-08-06 22:45:00.000000000,1628261100000000000,3272,3274,3272,3274,123,182070,181987
2021-08-06 22:46:00.000000000,1628261160000000000,3274,3274,3272,3274,55,181987,181985
2021-08-06 22:47:00.000000000,1628261220000000000,3274,3274,3270,3270,676,181985,182060
2021-08-06 22:48:00.000000000,1628261280000000000,3270,3272,3270,3272,71,182060,182044
2021-08-06 22:49:00.000000000,1628261340000000000,3272,3272,3266,3268,2127,182044,181930
2021-08-06 22:50:00.000000000,1628261400000000000,3268,3270,3266,3266,1370,181930,181969
2021-08-06 22:51:00.000000000,1628261460000000000,3266,3270,3264,3268,1898,181969,182061
2021-08-06 22:52:00.000000000,1628261520000000000,3268,3270,3266,3266,1171,182061,181779
2021-08-06 22:53:00.000000000,1628261580000000000,3266,3270,3266,3268,352,181779,181712
2021-08-06 22:54:00.000000000,1628261640000000000,3268,3272,3268,3272,933,181712,181492
2021-08-06 22:55:00.000000000,1628261700000000000,3272,3272,3270,3270,394,181492,181286
2021-08-06 22:56:00.000000000,1628261760000000000,3270,3272,3270,3272,573,181286,181074
2021-08-06 22:57:00.000000000,1628261820000000000,3272,3274,3270,3270,728,181074,180908
2021-08-06 22:58:00.000000000,1628261880000000000,3270,3272,3266,3266,2499,180908,179589
2021-08-06 22:59:00.000000000,1628261940000000000,3266,3270,3266,3268,1507,179589,178951
2021-08-09 09:00:00.000000000,1628470800000000000,3224,3238,3220,3222,16740,178951,176174
2021-08-09 09:01:00.000000000,1628470860000000000,3222,3224,3214,3224,7460,176174,175817
2021-08-09 09:02:00.000000000,1628470920000000000,3224,3226,3212,3214,6563,175817,175731
2021-08-09 09:03:00.000000000,1628470980000000000,3214,3214,3208,3212,4796,175731,175663
2021-08-09 09:04:00.000000000,1628471040000000000,3212,3218,3210,3212,5204,175663,174905
2021-08-09 09:05:00.000000000,1628471100000000000,3212,3212,3198,3202,6582,174905,174373
2021-08-09 09:06:00.000000000,1628471160000000000,3202,3202,3186,3190,7574,174373,174232
2021-08-09 09:07:00.000000000,1628471220000000000,3190,3192,3182,3186,5880,174232,174458
2021-08-09 09:08:00.000000000,1628471280000000000,3186,3188,3172,3174,7612,174458,175280
2021-08-09 09:09:00.000000000,1628471340000000000,3174,3184,3170,3182,5561,175280,175191
2021-08-09 09:10:00.000000000,1628471400000000000,3182,3182,3162,3164,7561,175191,175085
2021-08-09 09:11:00.000000000,1628471460000000000,3164,3172,3162,3168,4050,175085,175078
2021-08-09 09:12:00.000000000,1628471520000000000,3168,3170,3162,3166,4365,175078,174715
2021-08-09 09:13:00.000000000,1628471580000000000,3166,3166,3158,3162,4679,174715,174664
2021-08-09 09:14:00.000000000,1628471640000000000,3162,3166,3152,3158,5954,174664,174982
2021-08-09 09:15:00.000000000,1628471700000000000,3158,3158,3144,3152,7292,174982,175749
2021-08-09 09:16:00.000000000,1628471760000000000,3152,3158,3148,3152,3475,175749,175905
2021-08-09 09:17:00.000000000,1628471820000000000,3152,3160,3152,3156,5959,175905,176002
2021-08-09 09:18:00.000000000,1628471880000000000,3156,3160,3152,3156,4318,176002,176303
2021-08-09 09:19:00.000000000,1628471940000000000,3156,3158,3146,3148,5742,176303,176811
2021-08-09 09:20:00.000000000,1628472000000000000,3148,3148,3138,3138,4946,176811,177351
2021-08-09 09:21:00.000000000,1628472060000000000,3138,3142,3136,3140,3000,177351,177179
2021-08-09 09:22:00.000000000,1628472120000000000,3140,3140,3132,3138,6018,177179,178649
2021-08-09 09:23:00.000000000,1628472180000000000,3138,3142,3134,3138,3409,178649,179395
2021-08-09 09:24:00.000000000,1628472240000000000,3138,3144,3134,3142,3979,179395,179487
2021-08-09 09:25:00.000000000,1628472300000000000,3142,3144,3140,3144,2830,179487,178969
2021-08-09 09:26:00.000000000,1628472360000000000,3144,3144,3134,3134,4185,178969,178797
2021-08-09 09:27:00.000000000,1628472420000000000,3134,3142,3132,3140,3176,178797,178617
2021-08-09 09:28:00.000000000,1628472480000000000,3140,3140,3132,3134,2233,178617,178687
2021-08-09 09:29:00.000000000,1628472540000000000,3134,3138,3132,3132,3299,178687,179505
2021-08-09 09:30:00.000000000,1628472600000000000,3132,3132,3124,3130,5246,179505,180154
2021-08-09 09:31:00.000000000,1628472660000000000,3130,3132,3126,3128,2589,180154,180617
2021-08-09 09:32:00.000000000,1628472720000000000,3128,3128,3120,3120,3391,180617,180880
2021-08-09 09:33:00.000000000,1628472780000000000,3120,3122,3118,3122,3104,180880,181027
2021-08-09 09:34:00.000000000,1628472840000000000,3122,3130,3120,3128,2981,181027,181122
2021-08-09 09:35:00.000000000,1628472900000000000,3128,3134,3126,3128,4206,181122,181160
2021-08-09 09:36:00.000000000,1628472960000000000,3128,3128,3122,3122,2600,181160,181464
2021-08-09 09:37:00.000000000,1628473020000000000,3122,3124,3118,3122,2722,181464,181642
2021-08-09 09:38:00.000000000,1628473080000000000,3122,3132,3120,3130,3382,181642,181259
2021-08-09 09:39:00.000000000,1628473140000000000,3130,3136,3130,3132,3657,181259,181610
2021-08-09 09:40:00.000000000,1628473200000000000,3132,3136,3130,3136,3099,181610,181156
2021-08-09 09:41:00.000000000,1628473260000000000,3136,3136,3126,3126,2324,181156,181477
2021-08-09 09:42:00.000000000,1628473320000000000,3126,3128,3122,3126,2387,181477,181159
2021-08-09 09:43:00.000000000,1628473380000000000,3126,3126,3122,3124,1334,181159,181440
2021-08-09 09:44:00.000000000,1628473440000000000,3124,3124,3120,3122,2027,181440,181432
2021-08-09 09:45:00.000000000,1628473500000000000,3122,3122,3116,3120,3691,181432,182122
2021-08-09 09:46:00.000000000,1628473560000000000,3120,3122,3112,3120,4566,182122,182618
2021-08-09 09:47:00.000000000,1628473620000000000,3120,3126,3118,3124,2342,182618,182786
2021-08-09 09:48:00.000000000,1628473680000000000,3124,3126,3120,3120,1780,182786,182317
2021-08-09 09:49:00.000000000,1628473740000000000,3120,3122,3116,3118,1674,182317,182386
2021-08-09 09:50:00.000000000,1628473800000000000,3118,3120,3116,3120,2115,182386,182410
2021-08-09 09:51:00.000000000,1628473860000000000,3120,3120,3116,3118,1037,182410,182140
2021-08-09 09:52:00.000000000,1628473920000000000,3118,3126,3116,3122,1917,182140,182201
2021-08-09 09:53:00.000000000,1628473980000000000,3122,3128,3120,3126,2009,182201,182080
2021-08-09 09:54:00.000000000,1628474040000000000,3126,3128,3124,3126,2207,182080,182127
2021-08-09 09:55:00.000000000,1628474100000000000,3126,3132,3122,3130,2383,182127,181822
2021-08-09 09:56:00.000000000,1628474160000000000,3130,3134,3126,3132,3523,181822,181350
2021-08-09 09:57:00.000000000,1628474220000000000,3132,3134,3128,3130,2479,181350,180739
2021-08-09 09:58:00.000000000,1628474280000000000,3130,3132,3126,3128,1723,180739,180635
2021-08-09 09:59:00.000000000,1628474340000000000,3128,3130,3118,3118,2881,180635,181409
2021-08-09 10:00:00.000000000,1628474400000000000,3118,3118,3112,3118,6447,181409,182229
2021-08-09 10:01:00.000000000,1628474460000000000,3118,3122,3116,3120,1760,182229,182306
2021-08-09 10:02:00.000000000,1628474520000000000,3120,3126,3116,3126,2347,182306,182393
2021-08-09 10:03:00.000000000,1628474580000000000,3126,3126,3120,3126,1949,182393,182387
2021-08-09 10:04:00.000000000,1628474640000000000,3126,3130,3124,3130,2543,182387,182216
2021-08-09 10:05:00.000000000,1628474700000000000,3130,3130,3126,3128,856,182216,182444
2021-08-09 10:06:00.000000000,1628474760000000000,3128,3130,3126,3128,585,182444,182545
2021-08-09 10:07:00.000000000,1628474820000000000,3128,3130,3126,3126,1263,182545,182051
2021-08-09 10:08:00.000000000,1628474880000000000,3126,3128,3126,3126,1190,182051,181833
2021-08-09 10:09:00.000000000,1628474940000000000,3126,3130,3126,3130,1014,181833,181984
2021-08-09 10:10:00.000000000,1628475000000000000,3130,3136,3126,3134,2124,181984,182168
2021-08-09 10:11:00.000000000,1628475060000000000,3134,3136,3132,3132,2290,182168,181799
2021-08-09 10:12:00.000000000,1628475120000000000,3132,3134,3128,3132,1197,181799,181444
2021-08-09 10:13:00.000000000,1628475180000000000,3132,3134,3130,3134,1469,181444,181319
2021-08-09 10:14:00.000000000,1628475240000000000,3134,3134,3128,3132,1033,181319,181373
2021-08-09 10:30:00.000000000,1628476200000000000,3132,3134,3126,3128,1828,181373,181406
2021-08-09 10:31:00.000000000,1628476260000000000,3128,3128,3122,3126,1911,181406,181419
2021-08-09 10:32:00.000000000,1628476320000000000,3126,3126,3122,3124,1659,181419,181655
2021-08-09 10:33:00.000000000,1628476380000000000,3124,3124,3120,3120,588,181655,181708
2021-08-09 10:34:00.000000000,1628476440000000000,3120,3124,3120,3124,1625,181708,182277
2021-08-09 10:35:00.000000000,1628476500000000000,3124,3124,3120,3122,1771,182277,182169
2021-08-09 10:36:00.000000000,1628476560000000000,3122,3124,3120,3122,764,182169,182198
2021-08-09 10:37:00.000000000,1628476620000000000,3122,3122,3118,3120,3000,182198,182131
2021-08-09 10:38:00.000000000,1628476680000000000,3120,3122,3118,3120,2623,182131,182384
2021-08-09 10:39:00.000000000,1628476740000000000,3120,3122,3116,3118,1458,182384,182318
2021-08-09 10:40:00.000000000,1628476800000000000,3118,3120,3116,3120,1832,182318,183192
2021-08-09 10:41:00.000000000,1628476860000000000,3120,3120,3118,3118,550,183192,183246
2021-08-09 10:42:00.000000000,1628476920000000000,3118,3120,3116,3118,1678,183246,184191
2021-08-09 10:43:00.000000000,1628476980000000000,3118,3120,3116,3118,1036,184191,184387
2021-08-09 10:44:00.000000000,1628477040000000000,3118,3126,3118,3124,4351,184387,186620
2021-08-09 10:45:00.000000000,1628477100000000000,3124,3126,3122,3124,1202,186620,186879
2021-08-09 10:46:00.000000000,1628477160000000000,3124,3124,3122,3124,695,186879,187141
2021-08-09 10:47:00.000000000,1628477220000000000,3124,3124,3120,3120,719,187141,187327
2021-08-09 10:48:00.000000000,1628477280000000000,3120,3124,3120,3122,1336,187327,186974
2021-08-09 10:49:00.000000000,1628477340000000000,3122,3126,3122,3124,1060,186974,187755
2021-08-09 10:50:00.000000000,1628477400000000000,3124,3126,3124,3126,1545,187755,188157
2021-08-09 10:51:00.000000000,1628477460000000000,3126,3126,3122,3122,545,188157,188166
2021-08-09 10:52:00.000000000,1628477520000000000,3122,3124,3120,3120,461,188166,188241
2021-08-09 10:53:00.000000000,1628477580000000000,3120,3124,3120,3122,774,188241,188371
2021-08-09 10:54:00.000000000,1628477640000000000,3122,3124,3120,3122,510,188371,188289
2021-08-09 10:55:00.000000000,1628477700000000000,3122,3124,3118,3120,1214,188289,188223
2021-08-09 10:56:00.000000000,1628477760000000000,3120,3122,3120,3120,743,188223,188250
2021-08-09 10:57:00.000000000,1628477820000000000,3120,3124,3118,3122,1249,188250,188026
2021-08-09 10:58:00.000000000,1628477880000000000,3122,3124,3122,3122,244,188026,188105
2021-08-09 10:59:00.000000000,1628477940000000000,3122,3126,3118,3118,2006,188105,188815
2021-08-09 11:00:00.000000000,1628478000000000000,3118,3122,3118,3122,1296,188815,189130
2021-08-09 11:01:00.000000000,1628478060000000000,3122,3126,3122,3126,814,189130,189109
2021-08-09 11:02:00.000000000,1628478120000000000,3126,3128,3124,3126,1376,189109,188815
2021-08-09 11:03:00.000000000,1628478180000000000,3126,3126,3122,3126,1057,188815,188514
2021-08-09 11:04:00.000000000,1628478240000000000,3126,3126,3122,3124,802,188514,188697
2021-08-09 11:05:00.000000000,1628478300000000000,3124,3126,3124,3126,169,188697,188818
2021-08-09 11:06:00.000000000,1628478360000000000,3126,3126,3124,3126,922,188818,189254
2021-08-09 11:07:00.000000000,1628478420000000000,3126,3126,3124,3124,176,189254,189367
2021-08-09 11:08:00.000000000,1628478480000000000,3124,3126,3124,3124,63,189367,189408
2021-08-09 11:09:00.000000000,1628478540000000000,3124,3128,3124,3128,2390,189408,190248
2021-08-09 11:10:00.000000000,1628478600000000000,3128,3128,3126,3128,793,190248,190266
2021-08-09 11:11:00.000000000,1628478660000000000,3128,3130,3126,3130,1822,190266,189723
2021-08-09 11:12:00.000000000,1628478720000000000,3130,3134,3130,3134,1757,189723,189463
2021-08-09 11:13:00.000000000,1628478780000000000,3134,3134,3130,3130,767,189463,189622
2021-08-09 11:14:00.000000000,1628478840000000000,3130,3132,3128,3130,1168,189622,189851
2021-08-09 11:15:00.000000000,1628478900000000000,3130,3130,3126,3126,576,189851,189899
2021-08-09 11:16:00.000000000,1628478960000000000,3126,3126,3124,3126,1200,189899,189651
2021-08-09 11:17:00.000000000,1628479020000000000,3126,3128,3124,3128,907,189651,189738
2021-08-09 11:18:00.000000000,1628479080000000000,3128,3130,3126,3128,756,189738,189822
2021-08-09 11:19:00.000000000,1628479140000000000,3128,3130,3128,3130,398,189822,189829
2021-08-09 11:20:00.000000000,1628479200000000000,3130,3130,3128,3128,367,189829,189850
2021-08-09 11:21:00.000000000,1628479260000000000,3128,3134,3128,3134,937,189850,189411
2021-08-09 11:22:00.000000000,1628479320000000000,3134,3134,3132,3134,1570,189411,189794
2021-08-09 11:23:00.000000000,1628479380000000000,3134,3136,3132,3134,1054,189794,189526
2021-08-09 11:24:00.000000000,1628479440000000000,3134,3136,3132,3136,2209,189526,189493
2021-08-09 11:25:00.000000000,1628479500000000000,3136,3136,3128,3128,2116,189493,189082
2021-08-09 11:26:00.000000000,1628479560000000000,3128,3132,3128,3130,547,189082,189219
2021-08-09 11:27:00.000000000,1628479620000000000,3130,3130,3128,3128,891,189219,189319
2021-08-09 11:28:00.000000000,1628479680000000000,3128,3130,3128,3128,352,189319,189449
2021-08-09 11:29:00.000000000,1628479740000000000,3128,3130,3124,3126,1987,189449,189525
2021-08-09 13:30:00.000000000,1628487000000000000,3126,3128,3122,3122,4776,189525,190779
2021-08-09 13:31:00.000000000,1628487060000000000,3122,3128,3122,3124,1908,190779,190650
2021-08-09 13:32:00.000000000,1628487120000000000,3124,3130,3122,3128,1960,190650,190689
2021-08-09 13:33:00.000000000,1628487180000000000,3128,3128,3126,3128,533,190689,190712
2021-08-09 13:34:00.000000000,1628487240000000000,3128,3130,3126,3130,527,190712,190811
2021-08-09 13:35:00.000000000,1628487300000000000,3130,3130,3126,3128,840,190811,191068
2021-08-09 13:36:00.000000000,1628487360000000000,3128,3132,3128,3130,1443,191068,191193
2021-08-09 13:37:00.000000000,1628487420000000000,3130,3134,3128,3132,1975,191193,191176
2021-08-09 13:38:00.000000000,1628487480000000000,3132,3134,3130,3132,607,191176,191151
2021-08-09 13:39:00.000000000,1628487540000000000,3132,3132,3130,3130,763,191151,190867
2021-08-09 13:40:00.000000000,1628487600000000000,3130,3134,3130,3134,672,190867,190986
2021-08-09 13:41:00.000000000,1628487660000000000,3134,3134,3130,3130,433,190986,191171
2021-08-09 13:42:00.000000000,1628487720000000000,3130,3132,3128,3128,1147,191171,191300
2021-08-09 13:43:00.000000000,1628487780000000000,3128,3130,3126,3126,1570,191300,192105
2021-08-09 13:44:00.000000000,1628487840000000000,3126,3126,3122,3122,1742,192105,192136
2021-08-09 13:45:00.000000000,1628487900000000000,3122,3126,3120,3122,1645,192136,192397
2021-08-09 13:46:00.000000000,1628487960000000000,3122,3126,3120,3126,1046,192397,192482
2021-08-09 13:47:00.000000000,1628488020000000000,3126,3126,3122,3124,1499,192482,192487
2021-08-09 13:48:00.000000000,1628488080000000000,3124,3124,3122,3124,276,192487,192538
2021-08-09 13:49:00.000000000,1628488140000000000,3124,3124,3120,3124,1593,192538,192531
2021-08-09 13:50:00.000000000,1628488200000000000,3124,3124,3122,3122,225,192531,192512
2021-08-09 13:51:00.000000000,1628488260000000000,3122,3124,3120,3120,870,192512,192822
2021-08-09 13:52:00.000000000,1628488320000000000,3120,3124,3120,3122,1091,192822,192897
2021-08-09 13:53:00.000000000,1628488380000000000,3122,3122,3120,3120,228,192897,192923
2021-08-09 13:54:00.000000000,1628488440000000000,3120,3124,3120,3122,878,192923,193242
2021-08-09 13:55:00.000000000,1628488500000000000,3122,3124,3120,3122,1011,193242,193476
2021-08-09 13:56:00.000000000,1628488560000000000,3122,3124,3120,3122,688,193476,193690
2021-08-09 13:57:00.000000000,1628488620000000000,3122,3122,3118,3120,2467,193690,194404
2021-08-09 13:58:00.000000000,1628488680000000000,3120,3122,3118,3120,465,194404,194364
2021-08-09 13:59:00.000000000,1628488740000000000,3120,3122,3118,3120,1622,194364,194546
2021-08-09 14:00:00.000000000,1628488800000000000,3120,3122,3116,3118,1525,194546,195103
2021-08-09 14:01:00.000000000,1628488860000000000,3118,3122,3116,3118,1256,195103,195175
2021-08-09 14:02:00.000000000,1628488920000000000,3118,3122,3118,3122,1173,195175,195096
2021-08-09 14:03:00.000000000,1628488980000000000,3122,3124,3120,3124,1137,195096,195204
2021-08-09 14:04:00.000000000,1628489040000000000,3124,3124,3118,3120,1329,195204,195146
2021-08-09 14:05:00.000000000,1628489100000000000,3120,3122,3118,3120,1026,195146,195013
2021-08-09 14:06:00.000000000,1628489160000000000,3120,3124,3120,3122,577,195013,195026
2021-08-09 14:07:00.000000000,1628489220000000000,3122,3124,3120,3120,1091,195026,195317
2021-08-09 14:08:00.000000000,1628489280000000000,3120,3124,3120,3122,1048,195317,195247
2021-08-09 14:09:00.000000000,1628489340000000000,3122,3124,3120,3122,541,195247,195301
2021-08-09 14:10:00.000000000,1628489400000000000,3122,3124,3120,3124,209,195301,195340
2021-08-09 14:11:00.000000000,1628489460000000000,3124,3126,3122,3126,915,195340,194927
2021-08-09 14:12:00.000000000,1628489520000000000,3126,3126,3120,3122,539,194927,194970
2021-08-09 14:13:00.000000000,1628489580000000000,3122,3122,3120,3120,212,194970,194984
2021-08-09 14:14:00.000000000,1628489640000000000,3120,3122,3120,3120,233,194984,194982
2021-08-09 14:15:00.000000000,1628489700000000000,3120,3124,3120,3122,1431,194982,195062
2021-08-09 14:16:00.000000000,1628489760000000000,3122,3124,3122,3122,244,195062,195031
2021-08-09 14:17:00.000000000,1628489820000000000,3122,3124,3120,3122,337,195031,194999
2021-08-09 14:18:00.000000000,1628489880000000000,3122,3124,3120,3124,468,194999,195097
2021-08-09 14:19:00.000000000,1628489940000000000,3124,3126,3122,3122,727,195097,195015
2021-08-09 14:20:00.000000000,1628490000000000000,3122,3126,3122,3124,752,195015,195037
2021-08-09 14:21:00.000000000,1628490060000000000,3124,3126,3122,3126,282,195037,195054
2021-08-09 14:22:00.000000000,1628490120000000000,3126,3126,3122,3122,582,195054,194906
2021-08-09 14:23:00.000000000,1628490180000000000,3122,3124,3122,3122,668,194906,195380
2021-08-09 14:24:00.000000000,1628490240000000000,3122,3122,3118,3120,712,195380,195422
2021-08-09 14:25:00.000000000,1628490300000000000,3120,3122,3118,3120,936,195422,195568
2021-08-09 14:26:00.000000000,1628490360000000000,3120,3122,3118,3120,327,195568,195550
2021-08-09 14:27:00.000000000,1628490420000000000,3120,3122,3120,3120,188,195550,195476
2021-08-09 14:28:00.000000000,1628490480000000000,3120,3122,3118,3120,872,195476,195529
2021-08-09 14:29:00.000000000,1628490540000000000,3120,3120,3116,3118,887,195529,195793
2021-08-09 14:30:00.000000000,1628490600000000000,3118,3120,3116,3118,858,195793,195713
2021-08-09 14:31:00.000000000,1628490660000000000,3118,3120,3116,3118,492,195713,195711
2021-08-09 14:32:00.000000000,1628490720000000000,3118,3120,3114,3116,1721,195711,196285
2021-08-09 14:33:00.000000000,1628490780000000000,3116,3118,3114,3116,1271,196285,196056
2021-08-09 14:34:00.000000000,1628490840000000000,3116,3120,3114,3118,1306,196056,195939
2021-08-09 14:35:00.000000000,1628490900000000000,3118,3122,3116,3120,1192,195939,195975
2021-08-09 14:36:00.000000000,1628490960000000000,3120,3120,3112,3116,2574,195975,195993
2021-08-09 14:37:00.000000000,1628491020000000000,3116,3116,3114,3116,997,195993,196137
2021-08-09 14:38:00.000000000,1628491080000000000,3116,3118,3114,3116,268,196137,196108
2021-08-09 14:39:00.000000000,1628491140000000000,3116,3118,3116,3116,290,196108,195974
2021-08-09 14:40:00.000000000,1628491200000000000,3116,3120,3116,3118,637,195974,195926
2021-08-09 14:41:00.000000000,1628491260000000000,3118,3120,3116,3120,690,195926,195998
2021-08-09 14:42:00.000000000,1628491320000000000,3120,3120,3118,3118,257,195998,195928
2021-08-09 14:43:00.000000000,1628491380000000000,3118,3122,3118,3122,954,195928,195773
2021-08-09 14:44:00.000000000,1628491440000000000,3122,3122,3120,3122,328,195773,195723
2021-08-09 14:45:00.000000000,1628491500000000000,3122,3122,3118,3120,967,195723,195862
2021-08-09 14:46:00.000000000,1628491560000000000,3120,3122,3118,3120,476,195862,195965
2021-08-09 14:47:00.000000000,1628491620000000000,3120,3122,3120,3120,411,195965,196084
2021-08-09 14:48:00.000000000,1628491680000000000,3120,3122,3120,3120,447,196084,196021
2021-08-09 14:49:00.000000000,1628491740000000000,3120,3122,3120,3122,272,196021,196063
2021-08-09 14:50:00.000000000,1628491800000000000,3122,3122,3120,3120,558,196063,195926
2021-08-09 14:51:00.000000000,1628491860000000000,3120,3124,3120,3124,769,195926,195673
2021-08-09 14:52:00.000000000,1628491920000000000,3124,3124,3120,3120,643,195673,195505
2021-08-09 14:53:00.000000000,1628491980000000000,3120,3124,3120,3124,794,195505,195364
2021-08-09 14:54:00.000000000,1628492040000000000,3124,3124,3122,3122,445,195364,195448
2021-08-09 14:55:00.000000000,1628492100000000000,3122,3124,3122,3124,802,195448,195308
2021-08-09 14:56:00.000000000,1628492160000000000,3124,3124,3122,3124,1660,195308,194896
2021-08-09 14:57:00.000000000,1628492220000000000,3124,3124,3122,3122,1196,194896,194132
2021-08-09 14:58:00.000000000,1628492280000000000,3122,3124,3120,3122,2529,194132,193588
2021-08-09 14:59:00.000000000,1628492340000000000,3122,3122,3118,3120,4459,193588,191822
2021-08-09 21:00:00.000000000,1628514000000000000,3094,3114,3088,3112,18826,191822,192980
2021-08-09 21:01:00.000000000,1628514060000000000,3112,3120,3108,3118,7537,192980,192062
2021-08-09 21:02:00.000000000,1628514120000000000,3118,3120,3114,3116,4600,192062,191638
2021-08-09 21:03:00.000000000,1628514180000000000,3116,3118,3110,3116,6027,191638,192405
2021-08-09 21:04:00.000000000,1628514240000000000,3116,3124,3114,3124,4660,192405,192652
2021-08-09 21:05:00.000000000,1628514300000000000,3124,3124,3114,3118,4260,192652,192288
2021-08-09 21:06:00.000000000,1628514360000000000,3118,3120,3114,3114,2148,192288,192137
2021-08-09 21:07:00.000000000,1628514420000000000,3114,3116,3112,3114,2905,192137,192301
2021-08-09 21:08:00.000000000,1628514480000000000,3114,3116,3110,3114,1548,192301,192542
2021-08-09 21:09:00.000000000,1628514540000000000,3114,3122,3114,3122,1971,192542,192391
2021-08-09 21:10:00.000000000,1628514600000000000,3122,3122,3114,3116,2998,192391,192585
2021-08-09 21:11:00.000000000,1628514660000000000,3116,3116,3112,3114,1822,192585,192460
2021-08-09 21:12:00.000000000,1628514720000000000,3114,3120,3114,3118,2121,192460,192512
2021-08-09 21:13:00.000000000,1628514780000000000,3118,3118,3114,3118,1912,192512,192204
2021-08-09 21:14:00.000000000,1628514840000000000,3118,3122,3116,3118,2025,192204,191899
2021-08-09 21:15:00.000000000,1628514900000000000,3118,3120,3118,3118,1372,191899,192232
2021-08-09 21:16:00.000000000,1628514960000000000,3118,3126,3118,3126,3225,192232,192004
2021-08-09 21:17:00.000000000,1628515020000000000,3126,3128,3122,3124,2165,192004,192013
2021-08-09 21:18:00.000000000,1628515080000000000,3124,3124,3120,3120,1737,192013,191991
2021-08-09 21:19:00.000000000,1628515140000000000,3120,3126,3120,3124,1389,191991,191717
2021-08-09 21:20:00.000000000,1628515200000000000,3124,3126,3122,3126,1197,191717,191757
2021-08-09 21:21:00.000000000,1628515260000000000,3126,3132,3124,3128,3656,191757,191777
2021-08-09 21:22:00.000000000,1628515320000000000,3128,3132,3128,3130,1185,191777,191699
2021-08-09 21:23:00.000000000,1628515380000000000,3130,3132,3128,3130,1274,191699,191545
2021-08-09 21:24:00.000000000,1628515440000000000,3130,3130,3126,3128,1188,191545,191601
2021-08-09 21:25:00.000000000,1628515500000000000,3128,3130,3126,3130,1261,191601,191508
2021-08-09 21:26:00.000000000,1628515560000000000,3130,3130,3126,3126,1424,191508,191477
2021-08-09 21:27:00.000000000,1628515620000000000,3126,3130,3124,3130,2800,191477,191610
2021-08-09 21:28:00.000000000,1628515680000000000,3130,3132,3126,3130,1621,191610,191317
2021-08-09 21:29:00.000000000,1628515740000000000,3130,3140,3130,3136,5039,191317,191411
2021-08-09 21:30:00.000000000,1628515800000000000,3136,3136,3130,3136,3573,191411,191193
2021-08-09 21:31:00.000000000,1628515860000000000,3136,3136,3128,3130,2333,191193,191390
2021-08-09 21:32:00.000000000,1628515920000000000,3130,3134,3128,3132,1982,191390,191018
2021-08-09 21:33:00.000000000,1628515980000000000,3132,3132,3126,3130,2436,191018,191121
2021-08-09 21:34:00.000000000,1628516040000000000,3130,3130,3124,3124,2818,191121,191409
2021-08-09 21:35:00.000000000,1628516100000000000,3124,3130,3124,3128,1154,191409,191430
2021-08-09 21:36:00.000000000,1628516160000000000,3128,3132,3128,3128,884,191430,191560
2021-08-09 21:37:00.000000000,1628516220000000000,3128,3134,3128,3134,966,191560,191154
2021-08-09 21:38:00.000000000,1628516280000000000,3134,3140,3132,3138,2886,191154,190412
2021-08-09 21:39:00.000000000,1628516340000000000,3138,3140,3132,3140,2443,190412,190409
2021-08-09 21:40:00.000000000,1628516400000000000,3140,3140,3134,3136,1565,190409,190419
2021-08-09 21:41:00.000000000,1628516460000000000,3136,3136,3132,3132,338,190419,190531
2021-08-09 21:42:00.000000000,1628516520000000000,3132,3136,3132,3134,883,190531,190416
2021-08-09 21:43:00.000000000,1628516580000000000,3134,3136,3134,3136,225,190416,190328
2021-08-09 21:44:00.000000000,1628516640000000000,3136,3136,3132,3136,1177,190328,190095
2021-08-09 21:45:00.000000000,1628516700000000000,3136,3138,3136,3136,1143,190095,189997
2021-08-09 21:46:00.000000000,1628516760000000000,3136,3140,3136,3140,1100,189997,190048
2021-08-09 21:47:00.000000000,1628516820000000000,3140,3140,3136,3136,333,190048,190080
2021-08-09 21:48:00.000000000,1628516880000000000,3136,3138,3136,3136,162,190080,190071
2021-08-09 21:49:00.000000000,1628516940000000000,3136,3138,3132,3134,1365,190071,189993
2021-08-09 21:50:00.000000000,1628517000000000000,3134,3134,3130,3132,1432,189993,189773
2021-08-09 21:51:00.000000000,1628517060000000000,3132,3136,3132,3136,483,189773,189422
2021-08-09 21:52:00.000000000,1628517120000000000,3136,3136,3132,3132,449,189422,189405
2021-08-09 21:53:00.000000000,1628517180000000000,3132,3134,3128,3132,1110,189405,189313
2021-08-09 21:54:00.000000000,1628517240000000000,3132,3134,3130,3130,239,189313,189238
2021-08-09 21:55:00.000000000,1628517300000000000,3130,3132,3128,3130,877,189238,189240
2021-08-09 21:56:00.000000000,1628517360000000000,3130,3132,3128,3130,1215,189240,189400
2021-08-09 21:57:00.000000000,1628517420000000000,3130,3132,3128,3132,442,189400,189455
2021-08-09 21:58:00.000000000,1628517480000000000,3132,3134,3128,3132,979,189455,189348
2021-08-09 21:59:00.000000000,1628517540000000000,3132,3132,3130,3132,367,189348,189415
2021-08-09 22:00:00.000000000,1628517600000000000,3132,3134,3128,3128,2111,189415,189754
2021-08-09 22:01:00.000000000,1628517660000000000,3128,3130,3124,3124,2802,189754,189513
2021-08-09 22:02:00.000000000,1628517720000000000,3124,3126,3122,3124,1281,189513,189697
2021-08-09 22:03:00.000000000,1628517780000000000,3124,3128,3122,3126,1417,189697,189340
2021-08-09 22:04:00.000000000,1628517840000000000,3126,3128,3124,3126,621,189340,189208
2021-08-09 22:05:00.000000000,1628517900000000000,3126,3128,3124,3126,745,189208,189224
2021-08-09 22:06:00.000000000,1628517960000000000,3126,3128,3126,3126,586,189224,189158
2021-08-09 22:07:00.000000000,1628518020000000000,3126,3126,3122,3122,1296,189158,189125
2021-08-09 22:08:00.000000000,1628518080000000000,3122,3124,3122,3122,307,189125,189126
2021-08-09 22:09:00.000000000,1628518140000000000,3122,3124,3120,3120,753,189126,189163
2021-08-09 22:10:00.000000000,1628518200000000000,3120,3124,3120,3122,780,189163,189162
2021-08-09 22:11:00.000000000,1628518260000000000,3122,3122,3114,3118,2354,189162,188772
2021-08-09 22:12:00.000000000,1628518320000000000,3118,3124,3116,3122,1820,188772,188695
2021-08-09 22:13:00.000000000,1628518380000000000,3122,3124,3120,3122,885,188695,188517
2021-08-09 22:14:00.000000000,1628518440000000000,3122,3126,3118,3126,1144,188517,188578
2021-08-09 22:15:00.000000000,1628518500000000000,3126,3126,3118,3118,1472,188578,188860
2021-08-09 22:16:00.000000000,1628518560000000000,3118,3120,3116,3116,2045,188860,188875
2021-08-09 22:17:00.000000000,1628518620000000000,3116,3116,3110,3112,2739,188875,188815
2021-08-09 22:18:00.000000000,1628518680000000000,3112,3116,3112,3114,1459,188815,188730
2021-08-09 22:19:00.000000000,1628518740000000000,3114,3116,3112,3114,891,188730,188728
2021-08-09 22:20:00.000000000,1628518800000000000,3114,3116,3112,3116,589,188728,188813
2021-08-09 22:21:00.000000000,1628518860000000000,3116,3116,3110,3110,1804,188813,189545
2021-08-09 22:22:00.000000000,1628518920000000000,3110,3116,3110,3116,1196,189545,189477
2021-08-09 22:23:00.000000000,1628518980000000000,3116,3116,3114,3116,652,189477,189412
2021-08-09 22:24:00.000000000,1628519040000000000,3116,3120,3114,3116,1619,189412,189377
2021-08-09 22:25:00.000000000,1628519100000000000,3116,3118,3114,3118,458,189377,189406
2021-08-09 22:26:00.000000000,1628519160000000000,3118,3120,3116,3118,1380,189406,189271
2021-08-09 22:27:00.000000000,1628519220000000000,3118,3118,3116,3116,449,189271,189259
2021-08-09 22:28:00.000000000,1628519280000000000,3116,3120,3116,3118,819,189259,189299
2021-08-09 22:29:00.000000000,1628519340000000000,3118,3120,3116,3118,716,189299,189282
2021-08-09 22:30:00.000000000,1628519400000000000,3118,3118,3114,3114,579,189282,189306
2021-08-09 22:31:00.000000000,1628519460000000000,3114,3118,3114,3116,801,189306,189439
2021-08-09 22:32:00.000000000,1628519520000000000,3116,3120,3116,3118,1219,189439,189098
2021-08-09 22:33:00.000000000,1628519580000000000,3118,3118,3112,3112,822,189098,189255
2021-08-09 22:34:00.000000000,1628519640000000000,3112,3116,3112,3116,1271,189255,189231
2021-08-09 22:35:00.000000000,1628519700000000000,3116,3116,3112,3112,606,189231,189271
2021-08-09 22:36:00.000000000,1628519760000000000,3112,3114,3110,3110,1811,189271,189607
2021-08-09 22:37:00.000000000,1628519820000000000,3110,3114,3110,3112,1123,189607,189557
2021-08-09 22:38:00.000000000,1628519880000000000,3112,3116,3112,3114,747,189557,189440
2021-08-09 22:39:00.000000000,1628519940000000000,3114,3116,3110,3112,670,189440,189622
2021-08-09 22:40:00.000000000,1628520000000000000,3112,3114,3110,3112,1039,189622,189872
2021-08-09 22:41:00.000000000,1628520060000000000,3112,3114,3112,3114,403,189872,189918
2021-08-09 22:42:00.000000000,1628520120000000000,3114,3114,3110,3112,548,189918,189894
2021-08-09 22:43:00.000000000,1628520180000000000,3112,3112,3110,3112,586,189894,189992
2021-08-09 22:44:00.000000000,1628520240000000000,3112,3114,3110,3114,564,189992,189984
2021-08-09 22:45:00.000000000,1628520300000000000,3114,3114,3108,3110,1255,189984,190172
2021-08-09 22:46:00.000000000,1628520360000000000,3110,3114,3110,3112,361,190172,190070
2021-08-09 22:47:00.000000000,1628520420000000000,3112,3114,3112,3114,274,190070,190049
2021-08-09 22:48:00.000000000,1628520480000000000,3114,3114,3110,3112,630,190049,190279
2021-08-09 22:49:00.000000000,1628520540000000000,3112,3116,3110,3114,713,190279,189930
2021-08-09 22:50:00.000000000,1628520600000000000,3114,3118,3114,3116,853,189930,189807
2021-08-09 22:51:00.000000000,1628520660000000000,3116,3118,3114,3116,631,189807,189787
2021-08-09 22:52:00.000000000,1628520720000000000,3116,3118,3114,3116,700,189787,189673
2021-08-09 22:53:00.000000000,1628520780000000000,3116,3118,3116,3116,196,189673,189612
2021-08-09 22:54:00.000000000,1628520840000000000,3116,3118,3116,3118,392,189612,189536
2021-08-09 22:55:00.000000000,1628520900000000000,3118,3118,3116,3118,256,189536,189518
2021-08-09 22:56:00.000000000,1628520960000000000,3118,3118,3114,3116,413,189518,189602
2021-08-09 22:57:00.000000000,1628521020000000000,3116,3116,3112,3112,881,189602,189776
2021-08-09 22:58:00.000000000,1628521080000000000,3112,3116,3112,3114,728,189776,189437
2021-08-09 22:59:00.000000000,1628521140000000000,3114,3116,3104,3104,2267,189437,189240
2021-08-10 09:00:00.000000000,1628557200000000000,3134,3136,3128,3130,7626,189240,189483
2021-08-10 09:01:00.000000000,1628557260000000000,3130,3132,3128,3128,3644,189483,188558
2021-08-10 09:02:00.000000000,1628557320000000000,3128,3138,3128,3136,4713,188558,187971
2021-08-10 09:03:00.000000000,1628557380000000000,3136,3136,3132,3132,1996,187971,188149
2021-08-10 09:04:00.000000000,1628557440000000000,3132,3134,3132,3132,1903,188149,187819
2021-08-10 09:05:00.000000000,1628557500000000000,3132,3134,3128,3130,1171,187819,187607
2021-08-10 09:06:00.000000000,1628557560000000000,3130,3132,3126,3126,1164,187607,187652
2021-08-10 09:07:00.000000000,1628557620000000000,3126,3128,3124,3124,1685,187652,188135
2021-08-10 09:08:00.000000000,1628557680000000000,3124,3128,3124,3124,746,188135,188505
2021-08-10 09:09:00.000000000,1628557740000000000,3124,3126,3122,3122,1246,188505,188838
2021-08-10 09:10:00.000000000,1628557800000000000,3122,3128,3122,3128,1789,188838,189301
2021-08-10 09:11:00.000000000,1628557860000000000,3128,3132,3128,3132,1471,189301,189091
2021-08-10 09:12:00.000000000,1628557920000000000,3132,3132,3128,3128,995,189091,189093
2021-08-10 09:13:00.000000000,1628557980000000000,3128,3130,3128,3128,265,189093,189100
2021-08-10 09:14:00.000000000,1628558040000000000,3128,3130,3126,3126,1003,189100,189359
2021-08-10 09:15:00.000000000,1628558100000000000,3126,3128,3122,3124,1388,189359,189687
2021-08-10 09:16:00.000000000,1628558160000000000,3124,3124,3120,3122,1059,189687,189639
2021-08-10 09:17:00.000000000,1628558220000000000,3122,3124,3120,3122,903,189639,189595
2021-08-10 09:18:00.000000000,1628558280000000000,3122,3124,3120,3120,825,189595,189618
2021-08-10 09:19:00.000000000,1628558340000000000,3120,3122,3114,3120,2389,189618,190306
2021-08-10 09:20:00.000000000,1628558400000000000,3120,3122,3118,3118,450,190306,190286
2021-08-10 09:21:00.000000000,1628558460000000000,3118,3120,3118,3120,581,190286,190134
2021-08-10 09:22:00.000000000,1628558520000000000,3120,3122,3118,3120,504,190134,190225
2021-08-10 09:23:00.000000000,1628558580000000000,3120,3120,3118,3120,678,190225,190297
2021-08-10 09:24:00.000000000,1628558640000000000,3120,3122,3120,3122,740,190297,190097
2021-08-10 09:25:00.000000000,1628558700000000000,3122,3124,3120,3122,986,190097,189845
2021-08-10 09:26:00.000000000,1628558760000000000,3122,3124,3120,3122,571,189845,189964
2021-08-10 09:27:00.000000000,1628558820000000000,3122,3122,3116,3116,726,189964,190095
2021-08-10 09:28:00.000000000,1628558880000000000,3116,3118,3114,3114,1050,190095,190452
2021-08-10 09:29:00.000000000,1628558940000000000,3114,3118,3114,3118,649,190452,190560
2021-08-10 09:30:00.000000000,1628559000000000000,3118,3118,3112,3112,1039,190560,190653
2021-08-10 09:31:00.000000000,1628559060000000000,3112,3116,3112,3114,530,190653,190802
2021-08-10 09:32:00.000000000,1628559120000000000,3114,3116,3112,3112,701,190802,190925
2021-08-10 09:33:00.000000000,1628559180000000000,3112,3114,3110,3110,1500,190925,191380
2021-08-10 09:34:00.000000000,1628559240000000000,3110,3112,3110,3110,559,191380,191459
2021-08-10 09:35:00.000000000,1628559300000000000,3110,3114,3110,3112,1557,191459,192038
2021-08-10 09:36:00.000000000,1628559360000000000,3112,3114,3110,3112,822,192038,191811
2021-08-10 09:37:00.000000000,1628559420000000000,3112,3112,3110,3112,347,191811,191776
2021-08-10 09:38:00.000000000,1628559480000000000,3112,3114,3110,3112,715,191776,191972
2021-08-10 09:39:00.000000000,1628559540000000000,3112,3112,3110,3110,444,191972,191780
2021-08-10 09:40:00.000000000,1628559600000000000,3110,3112,3110,3112,213,191780,191850
2021-08-10 09:41:00.000000000,1628559660000000000,3112,3116,3110,3114,1380,191850,192040
2021-08-10 09:42:00.000000000,1628559720000000000,3114,3118,3114,3116,944,192040,192140
2021-08-10 09:43:00.000000000,1628559780000000000,3116,3116,3110,3110,794,192140,192202
2021-08-10 09:44:00.000000000,1628559840000000000,3110,3116,3110,3112,788,192202,192218
2021-08-10 09:45:00.000000000,1628559900000000000,3112,3112,3110,3112,771,192218,192280
2021-08-10 09:46:00.000000000,1628559960000000000,3112,3114,3110,3112,396,192280,192316
2021-08-10 09:47:00.000000000,1628560020000000000,3112,3116,3112,3116,415,192316,192178
2021-08-10 09:48:00.000000000,1628560080000000000,3116,3116,3112,3114,362,192178,192164
2021-08-10 09:49:00.000000000,1628560140000000000,3114,3114,3112,3114,154,192164,192195
2021-08-10 09:50:00.000000000,1628560200000000000,3114,3114,3110,3114,1039,192195,192112
2021-08-10 09:51:00.000000000,1628560260000000000,3114,3116,3114,3116,166,192112,192132
2021-08-10 09:52:00.000000000,1628560320000000000,3116,3116,3112,3114,425,192132,192086
2021-08-10 09:53:00.000000000,1628560380000000000,3114,3116,3114,3114,157,192086,192122
2021-08-10 09:54:00.000000000,1628560440000000000,3114,3116,3114,3116,826,192122,191896
2021-08-10 09:55:00.000000000,1628560500000000000,3116,3118,3116,3118,364,191896,191926
2021-08-10 09:56:00.000000000,1628560560000000000,3118,3118,3116,3116,250,191926,191921
2021-08-10 09:57:00.000000000,1628560620000000000,3116,3118,3114,3114,510,191921,191947
2021-08-10 09:58:00.000000000,1628560680000000000,3114,3114,3112,3112,301,191947,192025
2021-08-10 09:59:00.000000000,1628560740000000000,3112,3114,3112,3112,209,192025,192017
2021-08-10 10:00:00.000000000,1628560800000000000,3112,3114,3110,3110,1023,192017,192068
2021-08-10 10:01:00.000000000,1628560860000000000,3110,3112,3110,3110,342,192068,192121
2021-08-10 10:02:00.000000000,1628560920000000000,3110,3112,3110,3110,535,192121,192298
2021-08-10 10:03:00.000000000,1628560980000000000,3110,3116,3110,3116,739,192298,192378
2021-08-10 10:04:00.000000000,1628561040000000000,3116,3116,3110,3110,690,192378,192417
2021-08-10 10:05:00.000000000,1628561100000000000,3110,3114,3110,3110,900,192417,192362
2021-08-10 10:06:00.000000000,1628561160000000000,3110,3112,3110,3112,195,192362,192378
2021-08-10 10:07:00.000000000,1628561220000000000,3112,3114,3110,3112,352,192378,192520
2021-08-10 10:08:00.000000000,1628561280000000000,3112,3114,3110,3110,541,192520,192525
2021-08-10 10:09:00.000000000,1628561340000000000,3110,3112,3110,3110,605,192525,192620
2021-08-10 10:10:00.000000000,1628561400000000000,3110,3112,3108,3110,1075,192620,192571
2021-08-10 10:11:00.000000000,1628561460000000000,3110,3114,3110,3112,426,192571,192644
2021-08-10 10:12:00.000000000,1628561520000000000,3112,3114,3110,3112,811,192644,192458
2021-08-10 10:13:00.000000000,1628561580000000000,3112,3112,3110,3110,71,192458,192452
2021-08-10 10:14:00.000000000,1628561640000000000,3110,3112,3110,3112,594,192452,192499
2021-08-10 10:30:00.000000000,1628562600000000000,3112,3114,3110,3114,411,192499,192537
2021-08-10 10:31:00.000000000,1628562660000000000,3114,3114,3108,3108,1024,192537,192717
2021-08-10 10:32:00.000000000,1628562720000000000,3108,3110,3108,3108,233,192717,192684
2021-08-10 10:33:00.000000000,1628562780000000000,3108,3110,3102,3104,2074,192684,193272
2021-08-10 10:34:00.000000000,1628562840000000000,3104,3106,3102,3102,916,193272,193505
2021-08-10 10:35:00.000000000,1628562900000000000,3102,3106,3102,3104,1201,193505,193561
2021-08-10 10:36:00.000000000,1628562960000000000,3104,3106,3104,3106,400,193561,193535
2021-08-10 10:37:00.000000000,1628563020000000000,3106,3108,3104,3106,418,193535,193449
2021-08-10 10:38:00.000000000,1628563080000000000,3106,3108,3104,3106,718,193449,193573
2021-08-10 10:39:00.000000000,1628563140000000000,3106,3112,3106,3110,1316,193573,193484
2021-08-10 10:40:00.000000000,1628563200000000000,3110,3114,3110,3112,664,193484,193524
2021-08-10 10:41:00.000000000,1628563260000000000,3112,3116,3112,3116,946,193524,193399
2021-08-10 10:42:00.000000000,1628563320000000000,3116,3116,3112,3114,1373,193399,193400
2021-08-10 10:43:00.000000000,1628563380000000000,3114,3116,3114,3116,172,193400,193398
2021-08-10 10:44:00.000000000,1628563440000000000,3116,3116,3112,3114,789,193398,193345
2021-08-10 10:45:00.000000000,1628563500000000000,3114,3116,3114,3116,217,193345,193250
2021-08-10 10:46:00.000000000,1628563560000000000,3116,3116,3114,3116,716,193250,193246
2021-08-10 10:47:00.000000000,1628563620000000000,3116,3116,3114,3114,145,193246,193212
2021-08-10 10:48:00.000000000,1628563680000000000,3114,3116,3114,3114,247,193212,193165
2021-08-10 10:49:00.000000000,1628563740000000000,3114,3116,3114,3116,137,193165,193185
2021-08-10 10:50:00.000000000,1628563800000000000,3116,3116,3112,3114,743,193185,193187
2021-08-10 10:51:00.000000000,1628563860000000000,3114,3116,3114,3114,103,193187,193170
2021-08-10 10:52:00.000000000,1628563920000000000,3114,3118,3114,3118,707,193170,192980
2021-08-10 10:53:00.000000000,1628563980000000000,3118,3122,3116,3122,1019,192980,192981
2021-08-10 10:54:00.000000000,1628564040000000000,3122,3122,3116,3118,835,192981,192865
2021-08-10 10:55:00.000000000,1628564100000000000,3118,3118,3114,3116,693,192865,192726
2021-08-10 10:56:00.000000000,1628564160000000000,3116,3116,3114,3116,176,192726,192716
2021-08-10 10:57:00.000000000,1628564220000000000,3116,3116,3112,3114,474,192716,192550
2021-08-10 10:58:00.000000000,1628564280000000000,3114,3114,3112,3114,146,192550,192556
2021-08-10 10:59:00.000000000,1628564340000000000,3114,3114,3112,3114,140,192556,192478
2021-08-10 11:00:00.000000000,1628564400000000000,3114,3114,3110,3114,1022,192478,192499
2021-08-10 11:01:00.000000000,1628564460000000000,3114,3114,3108,3110,764,192499,192699
2021-08-10 11:02:00.000000000,1628564520000000000,3110,3112,3108,3110,650,192699,192801
2021-08-10 11:03:00.000000000,1628564580000000000,3110,3112,3108,3112,497,192801,193064
2021-08-10 11:04:00.000000000,1628564640000000000,3112,3112,3108,3110,367,193064,192841
2021-08-10 11:05:00.000000000,1628564700000000000,3110,3110,3108,3110,93,192841,192864
2021-08-10 11:06:00.000000000,1628564760000000000,3110,3110,3108,3110,228,192864,192934
2021-08-10 11:07:00.000000000,1628564820000000000,3110,3112,3108,3112,384,192934,193122
2021-08-10 11:08:00.000000000,1628564880000000000,3112,3112,3108,3108,467,193122,192968
2021-08-10 11:09:00.000000000,1628564940000000000,3108,3112,3108,3112,300,192968,192998
2021-08-10 11:10:00.000000000,1628565000000000000,3112,3112,3108,3110,250,192998,193097
2021-08-10 11:11:00.000000000,1628565060000000000,3110,3112,3108,3112,348,193097,193114
2021-08-10 11:12:00.000000000,1628565120000000000,3112,3112,3110,3112,94,193114,193111
2021-08-10 11:13:00.000000000,1628565180000000000,3112,3114,3110,3114,439,193111,193180
2021-08-10 11:14:00.000000000,1628565240000000000,3114,3114,3110,3110,445,193180,193250
2021-08-10 11:15:00.000000000,1628565300000000000,3110,3112,3108,3108,604,193250,193259
2021-08-10 11:16:00.000000000,1628565360000000000,3108,3112,3108,3112,414,193259,193430
2021-08-10 11:17:00.000000000,1628565420000000000,3112,3112,3108,3110,413,193430,193443
2021-08-10 11:18:00.000000000,1628565480000000000,3110,3112,3106,3106,1086,193443,193439
2021-08-10 11:19:00.000000000,1628565540000000000,3106,3108,3106,3108,309,193439,193480
2021-08-10 11:20:00.000000000,1628565600000000000,3108,3108,3106,3106,143,193480,193536
2021-08-10 11:21:00.000000000,1628565660000000000,3106,3110,3106,3110,478,193536,193735
2021-08-10 11:22:00.000000000,1628565720000000000,3110,3110,3108,3110,82,193735,193724
2021-08-10 11:23:00.000000000,1628565780000000000,3110,3110,3106,3108,430,193724,193946
2021-08-10 11:24:00.000000000,1628565840000000000,3108,3108,3106,3108,179,193946,194029
2021-08-10 11:25:00.000000000,1628565900000000000,3108,3112,3106,3112,552,194029,193958
2021-08-10 11:26:00.000000000,1628565960000000000,3112,3114,3110,3112,374,193958,194070
2021-08-10 11:27:00.000000000,1628566020000000000,3112,3114,3110,3112,491,194070,194062
2021-08-10 11:28:00.000000000,1628566080000000000,3112,3114,3110,3110,323,194062,194050
2021-08-10 11:29:00.000000000,1628566140000000000,3110,3112,3110,3110,520,194050,194105
2021-08-10 13:30:00.000000000,1628573400000000000,3114,3118,3112,3118,2065,194105,193833
2021-08-10 13:31:00.000000000,1628573460000000000,3118,3122,3116,3120,1380,193833,193570
2021-08-10 13:32:00.000000000,1628573520000000000,3120,3124,3120,3122,1864,193570,193656
2021-08-10 13:33:00.000000000,1628573580000000000,3122,3124,3122,3124,863,193656,193521
2021-08-10 13:34:00.000000000,1628573640000000000,3124,3126,3122,3122,1638,193521,193383
2021-08-10 13:35:00.000000000,1628573700000000000,3122,3124,3120,3122,804,193383,193300
2021-08-10 13:36:00.000000000,1628573760000000000,3122,3126,3120,3124,1289,193300,193028
2021-08-10 13:37:00.000000000,1628573820000000000,3124,3126,3122,3124,769,193028,192771
2021-08-10 13:38:00.000000000,1628573880000000000,3124,3128,3124,3124,946,192771,192971
2021-08-10 13:39:00.000000000,1628573940000000000,3124,3128,3124,3128,1358,192971,193176
2021-08-10 13:40:00.000000000,1628574000000000000,3128,3128,3122,3124,1356,193176,193426
2021-08-10 13:41:00.000000000,1628574060000000000,3124,3126,3124,3126,234,193426,193444
2021-08-10 13:42:00.000000000,1628574120000000000,3126,3126,3122,3122,952,193444,193323
2021-08-10 13:43:00.000000000,1628574180000000000,3122,3126,3122,3126,931,193323,193340
2021-08-10 13:44:00.000000000,1628574240000000000,3126,3130,3124,3130,1320,193340,193534
2021-08-10 13:45:00.000000000,1628574300000000000,3130,3130,3124,3124,1518,193534,193833
2021-08-10 13:46:00.000000000,1628574360000000000,3124,3126,3124,3126,348,193833,193882
2021-08-10 13:47:00.000000000,1628574420000000000,3126,3126,3122,3126,1083,193882,193839
2021-08-10 13:48:00.000000000,1628574480000000000,3126,3126,3124,3124,220,193839,193836
2021-08-10 13:49:00.000000000,1628574540000000000,3124,3128,3124,3126,624,193836,193784
2021-08-10 13:50:00.000000000,1628574600000000000,3126,3128,3124,3126,997,193784,193722
2021-08-10 13:51:00.000000000,1628574660000000000,3126,3126,3124,3124,321,193722,193799
2021-08-10 13:52:00.000000000,1628574720000000000,3124,3126,3124,3124,272,193799,193772
2021-08-10 13:53:00.000000000,1628574780000000000,3124,3128,3124,3126,1072,193772,193606
2021-08-10 13:54:00.000000000,1628574840000000000,3126,3130,3126,3128,2151,193606,193149
2021-08-10 13:55:00.000000000,1628574900000000000,3128,3130,3126,3128,817,193149,193127
2021-08-10 13:56:00.000000000,1628574960000000000,3128,3132,3128,3130,1303,193127,193046
2021-08-10 13:57:00.000000000,1628575020000000000,3130,3132,3130,3132,797,193046,193233
2021-08-10 13:58:00.000000000,1628575080000000000,3132,3132,3128,3128,352,193233,193334
2021-08-10 13:59:00.000000000,1628575140000000000,3128,3130,3126,3128,916,193334,193368
2021-08-10 14:00:00.000000000,1628575200000000000,3128,3130,3124,3126,875,193368,193500
2021-08-10 14:01:00.000000000,1628575260000000000,3126,3126,3122,3124,936,193500,193454
2021-08-10 14:02:00.000000000,1628575320000000000,3124,3126,3122,3124,1013,193454,193356
2021-08-10 14:03:00.000000000,1628575380000000000,3124,3126,3122,3124,680,193356,193439
2021-08-10 14:04:00.000000000,1628575440000000000,3124,3128,3124,3128,481,193439,193399
2021-08-10 14:05:00.000000000,1628575500000000000,3128,3128,3126,3128,830,193399,193348
2021-08-10 14:06:00.000000000,1628575560000000000,3128,3130,3128,3130,644,193348,193277
2021-08-10 14:07:00.000000000,1628575620000000000,3130,3132,3128,3130,1119,193277,193269
2021-08-10 14:08:00.000000000,1628575680000000000,3130,3130,3126,3126,435,193269,193262
2021-08-10 14:09:00.000000000,1628575740000000000,3126,3128,3126,3128,563,193262,193194
2021-08-10 14:10:00.000000000,1628575800000000000,3128,3128,3126,3126,228,193194,193215
2021-08-10 14:11:00.000000000,1628575860000000000,3126,3128,3126,3126,124,193215,193314
2021-08-10 14:12:00.000000000,1628575920000000000,3126,3130,3126,3128,367,193314,193146
2021-08-10 14:13:00.000000000,1628575980000000000,3128,3130,3128,3130,483,193146,193019
2021-08-10 14:14:00.000000000,1628576040000000000,3130,3130,3128,3128,325,193019,192946
2021-08-10 14:15:00.000000000,1628576100000000000,3128,3130,3128,3130,234,192946,192924
2021-08-10 14:16:00.000000000,1628576160000000000,3130,3130,3128,3130,247,192924,192935
2021-08-10 14:17:00.000000000,1628576220000000000,3130,3132,3128,3132,1434,192935,192960
2021-08-10 14:18:00.000000000,1628576280000000000,3132,3134,3130,3132,1025,192960,192909
2021-08-10 14:19:00.000000000,1628576340000000000,3132,3132,3130,3132,130,192909,192899
2021-08-10 14:20:00.000000000,1628576400000000000,3132,3132,3128,3132,996,192899,192945
2021-08-10 14:21:00.000000000,1628576460000000000,3132,3132,3130,3130,164,192945,192885
2021-08-10 14:22:00.000000000,1628576520000000000,3130,3132,3130,3130,223,192885,192812
2021-08-10 14:23:00.000000000,1628576580000000000,3130,3132,3128,3128,508,192812,193056
2021-08-10 14:24:00.000000000,1628576640000000000,3128,3132,3128,3130,377,193056,192887
2021-08-10 14:25:00.000000000,1628576700000000000,3130,3130,3126,3128,1017,192887,192611
2021-08-10 14:26:00.000000000,1628576760000000000,3128,3130,3128,3128,124,192611,192538
2021-08-10 14:27:00.000000000,1628576820000000000,3128,3132,3128,3132,499,192538,192495
2021-08-10 14:28:00.000000000,1628576880000000000,3132,3132,3128,3128,632,192495,192310
2021-08-10 14:29:00.000000000,1628576940000000000,3128,3130,3128,3128,85,192310,192328
2021-08-10 14:30:00.000000000,1628577000000000000,3128,3132,3128,3130,515,192328,192324
2021-08-10 14:31:00.000000000,1628577060000000000,3130,3132,3130,3132,213,192324,192329
2021-08-10 14:32:00.000000000,1628577120000000000,3132,3138,3130,3134,2866,192329,192681
2021-08-10 14:33:00.000000000,1628577180000000000,3134,3140,3134,3138,1876,192681,193204
2021-08-10 14:34:00.000000000,1628577240000000000,3138,3138,3134,3136,1520,193204,193468
2021-08-10 14:35:00.000000000,1628577300000000000,3136,3144,3136,3140,2775,193468,193292
2021-08-10 14:36:00.000000000,1628577360000000000,3140,3144,3140,3144,2120,193292,193109
2021-08-10 14:37:00.000000000,1628577420000000000,3144,3150,3142,3148,2655,193109,193228
2021-08-10 14:38:00.000000000,1628577480000000000,3148,3148,3144,3144,2397,193228,193015
2021-08-10 14:39:00.000000000,1628577540000000000,3144,3146,3142,3144,843,193015,192710
2021-08-10 14:40:00.000000000,1628577600000000000,3144,3144,3140,3142,1441,192710,192729
2021-08-10 14:41:00.000000000,1628577660000000000,3142,3144,3140,3140,2606,192729,192354
2021-08-10 14:42:00.000000000,1628577720000000000,3140,3146,3140,3144,1548,192354,192205
2021-08-10 14:43:00.000000000,1628577780000000000,3144,3146,3142,3142,700,192205,192075
2021-08-10 14:44:00.000000000,1628577840000000000,3142,3142,3140,3142,596,192075,191984
2021-08-10 14:45:00.000000000,1628577900000000000,3142,3142,3138,3138,614,191984,191901
2021-08-10 14:46:00.000000000,1628577960000000000,3138,3140,3134,3136,1343,191901,191798
2021-08-10 14:47:00.000000000,1628578020000000000,3136,3142,3134,3140,2364,191798,191597
2021-08-10 14:48:00.000000000,1628578080000000000,3140,3144,3140,3140,1924,191597,192020
2021-08-10 14:49:00.000000000,1628578140000000000,3140,3144,3140,3142,1384,192020,192473
2021-08-10 14:50:00.000000000,1628578200000000000,3142,3146,3142,3146,1108,192473,192590
2021-08-10 14:51:00.000000000,1628578260000000000,3146,3146,3142,3144,980,192590,192901
2021-08-10 14:52:00.000000000,1628578320000000000,3144,3144,3136,3136,2520,192901,193036
2021-08-10 14:53:00.000000000,1628578380000000000,3136,3138,3134,3134,906,193036,193051
2021-08-10 14:54:00.000000000,1628578440000000000,3134,3134,3132,3132,2040,193051,193479
2021-08-10 14:55:00.000000000,1628578500000000000,3132,3136,3132,3132,2346,193479,193599
2021-08-10 14:56:00.000000000,1628578560000000000,3132,3134,3130,3134,1139,193599,193372
2021-08-10 14:57:00.000000000,1628578620000000000,3134,3138,3132,3136,1338,193372,193024
2021-08-10 14:58:00.000000000,1628578680000000000,3136,3138,3136,3138,1428,193024,193023
2021-08-10 14:59:00.000000000,1628578740000000000,3138,3140,3136,3140,2510,193023,192350
2021-08-10 21:00:00.000000000,1628600400000000000,3136,3140,3130,3136,7303,192350,192864
2021-08-10 21:01:00.000000000,1628600460000000000,3136,3138,3134,3138,3203,192864,192790
2021-08-10 21:02:00.000000000,1628600520000000000,3138,3142,3136,3142,4133,192790,193241
2021-08-10 21:03:00.000000000,1628600580000000000,3142,3142,3136,3136,1815,193241,193234
2021-08-10 21:04:00.000000000,1628600640000000000,3136,3142,3136,3140,1910,193234,193300
2021-08-10 21:05:00.000000000,1628600700000000000,3140,3142,3134,3134,2579,193300,193416
2021-08-10 21:06:00.000000000,1628600760000000000,3134,3136,3126,3130,3334,193416,193225
2021-08-10 21:07:00.000000000,1628600820000000000,3130,3134,3128,3130,2754,193225,193223
2021-08-10 21:08:00.000000000,1628600880000000000,3130,3132,3128,3130,1674,193223,193165
2021-08-10 21:09:00.000000000,1628600940000000000,3130,3132,3128,3132,1075,193165,193161
2021-08-10 21:10:00.000000000,1628601000000000000,3132,3134,3128,3128,1756,193161,193274
2021-08-10 21:11:00.000000000,1628601060000000000,3128,3130,3124,3126,2457,193274,193153
2021-08-10 21:12:00.000000000,1628601120000000000,3126,3130,3126,3128,1097,193153,193114
2021-08-10 21:13:00.000000000,1628601180000000000,3128,3130,3128,3130,918,193114,192923
2021-08-10 21:14:00.000000000,1628601240000000000,3130,3132,3128,3130,1027,192923,192882
2021-08-10 21:15:00.000000000,1628601300000000000,3130,3132,3128,3128,718,192882,193034
2021-08-10 21:16:00.000000000,1628601360000000000,3128,3134,3128,3132,1113,193034,193184
2021-08-10 21:17:00.000000000,1628601420000000000,3132,3134,3130,3132,1067,193184,193252
2021-08-10 21:18:00.000000000,1628601480000000000,3132,3138,3132,3136,1510,193252,192881
2021-08-10 21:19:00.000000000,1628601540000000000,3136,3136,3130,3132,1082,192881,193091
2021-08-10 21:20:00.000000000,1628601600000000000,3132,3134,3130,3132,1118,193091,192657
2021-08-10 21:21:00.000000000,1628601660000000000,3132,3132,3128,3128,668,192657,192843
2021-08-10 21:22:00.000000000,1628601720000000000,3128,3130,3128,3130,615,192843,192840
2021-08-10 21:23:00.000000000,1628601780000000000,3130,3136,3130,3134,703,192840,192681
2021-08-10 21:24:00.000000000,1628601840000000000,3134,3138,3132,3136,1587,192681,192831
2021-08-10 21:25:00.000000000,1628601900000000000,3136,3138,3134,3134,608,192831,192885
2021-08-10 21:26:00.000000000,1628601960000000000,3134,3136,3132,3132,465,192885,192938
2021-08-10 21:27:00.000000000,1628602020000000000,3132,3136,3132,3132,549,192938,192997
2021-08-10 21:28:00.000000000,1628602080000000000,3132,3134,3132,3132,165,192997,192990
2021-08-10 21:29:00.000000000,1628602140000000000,3132,3136,3132,3134,533,192990,192900
2021-08-10 21:30:00.000000000,1628602200000000000,3134,3140,3132,3138,1986,192900,192603
2021-08-10 21:31:00.000000000,1628602260000000000,3138,3140,3136,3140,1521,192603,192545
2021-08-10 21:32:00.000000000,1628602320000000000,3140,3144,3138,3144,1578,192545,192780
2021-08-10 21:33:00.000000000,1628602380000000000,3144,3144,3140,3142,964,192780,192829
2021-08-10 21:34:00.000000000,1628602440000000000,3142,3146,3140,3140,1409,192829,192637
2021-08-10 21:35:00.000000000,1628602500000000000,3140,3144,3138,3142,1824,192637,192215
2021-08-10 21:36:00.000000000,1628602560000000000,3142,3144,3138,3144,1598,192215,192489
2021-08-10 21:37:00.000000000,1628602620000000000,3144,3144,3140,3142,590,192489,192477
2021-08-10 21:38:00.000000000,1628602680000000000,3142,3144,3140,3140,452,192477,192339
2021-08-10 21:39:00.000000000,1628602740000000000,3140,3144,3138,3138,1236,192339,192315
2021-08-10 21:40:00.000000000,1628602800000000000,3138,3142,3138,3140,423,192315,192086
2021-08-10 21:41:00.000000000,1628602860000000000,3140,3144,3140,3142,613,192086,192120
2021-08-10 21:42:00.000000000,1628602920000000000,3142,3144,3140,3142,901,192120,191992
2021-08-10 21:43:00.000000000,1628602980000000000,3142,3144,3140,3142,856,191992,192067
2021-08-10 21:44:00.000000000,1628603040000000000,3142,3144,3142,3144,137,192067,192047
2021-08-10 21:45:00.000000000,1628603100000000000,3144,3144,3138,3138,1955,192047,192350
2021-08-10 21:46:00.000000000,1628603160000000000,3138,3140,3136,3136,706,192350,192532
2021-08-10 21:47:00.000000000,1628603220000000000,3136,3136,3134,3134,2084,192532,192459
2021-08-10 21:48:00.000000000,1628603280000000000,3134,3138,3134,3136,508,192459,192579
2021-08-10 21:49:00.000000000,1628603340000000000,3136,3142,3136,3140,902,192579,192410
2021-08-10 21:50:00.000000000,1628603400000000000,3140,3142,3138,3140,659,192410,192370
2021-08-10 21:51:00.000000000,1628603460000000000,3140,3142,3140,3142,276,192370,192352
2021-08-10 21:52:00.000000000,1628603520000000000,3142,3144,3138,3142,1557,192352,192371
2021-08-10 21:53:00.000000000,1628603580000000000,3142,3144,3140,3142,442,192371,192320
2021-08-10 21:54:00.000000000,1628603640000000000,3142,3144,3140,3142,446,192320,192246
2021-08-10 21:55:00.000000000,1628603700000000000,3142,3144,3140,3144,865,192246,192305
2021-08-10 21:56:00.000000000,1628603760000000000,3144,3148,3142,3148,1483,192305,192244
2021-08-10 21:57:00.000000000,1628603820000000000,3148,3150,3146,3148,3142,192244,191948
2021-08-10 21:58:00.000000000,1628603880000000000,3148,3154,3148,3154,2096,191948,191990
2021-08-10 21:59:00.000000000,1628603940000000000,3154,3156,3152,3154,1894,191990,192098
2021-08-10 22:00:00.000000000,1628604000000000000,3154,3154,3150,3152,2610,192098,192290
2021-08-10 22:01:00.000000000,1628604060000000000,3152,3152,3146,3148,2390,192290,192357
2021-08-10 22:02:00.000000000,1628604120000000000,3148,3158,3148,3158,3555,192357,192749
2021-08-10 22:03:00.000000000,1628604180000000000,3158,3160,3156,3156,3990,192749,191966
2021-08-10 22:04:00.000000000,1628604240000000000,3156,3160,3154,3154,1837,191966,191580
2021-08-10 22:05:00.000000000,1628604300000000000,3154,3158,3154,3158,1528,191580,191514
2021-08-10 22:06:00.000000000,1628604360000000000,3158,3158,3156,3158,328,191514,191445
2021-08-10 22:07:00.000000000,1628604420000000000,3158,3158,3154,3156,1670,191445,191359
2021-08-10 22:08:00.000000000,1628604480000000000,3156,3160,3156,3158,1223,191359,191345
2021-08-10 22:09:00.000000000,1628604540000000000,3158,3160,3154,3156,1083,191345,191428
2021-08-10 22:10:00.000000000,1628604600000000000,3156,3158,3154,3154,538,191428,191305
2021-08-10 22:11:00.000000000,1628604660000000000,3154,3154,3150,3150,1518,191305,190939
2021-08-10 22:12:00.000000000,1628604720000000000,3150,3150,3148,3148,1435,190939,190822
2021-08-10 22:13:00.000000000,1628604780000000000,3148,3152,3148,3150,935,190822,191028
2021-08-10 22:14:00.000000000,1628604840000000000,3150,3154,3148,3152,636,191028,191026
2021-08-10 22:15:00.000000000,1628604900000000000,3152,3154,3150,3150,709,191026,191007
2021-08-10 22:16:00.000000000,1628604960000000000,3150,3154,3150,3152,390,191007,190953
2021-08-10 22:17:00.000000000,1628605020000000000,3152,3154,3150,3154,319,190953,190951
2021-08-10 22:18:00.000000000,1628605080000000000,3154,3154,3150,3152,504,190951,190858
2021-08-10 22:19:00.000000000,1628605140000000000,3152,3156,3152,3154,961,190858,190896
2021-08-10 22:20:00.000000000,1628605200000000000,3154,3158,3154,3156,1243,190896,190736
2021-08-10 22:21:00.000000000,1628605260000000000,3156,3158,3156,3158,747,190736,190683
2021-08-10 22:22:00.000000000,1628605320000000000,3158,3158,3154,3154,737,190683,190666
2021-08-10 22:23:00.000000000,1628605380000000000,3154,3156,3154,3154,607,190666,190747
2021-08-10 22:24:00.000000000,1628605440000000000,3154,3156,3152,3156,866,190747,190529
2021-08-10 22:25:00.000000000,1628605500000000000,3156,3158,3154,3156,489,190529,190432
2021-08-10 22:26:00.000000000,1628605560000000000,3156,3158,3156,3156,540,190432,190321
2021-08-10 22:27:00.000000000,1628605620000000000,3156,3160,3156,3158,645,190321,190438
2021-08-10 22:28:00.000000000,1628605680000000000,3158,3158,3152,3156,1131,190438,190185
2021-08-10 22:29:00.000000000,1628605740000000000,3156,3158,3156,3156,548,190185,190010
2021-08-10 22:30:00.000000000,1628605800000000000,3156,3164,3156,3162,2773,190010,189610
2021-08-10 22:31:00.000000000,1628605860000000000,3162,3164,3160,3164,894,189610,189526
2021-08-10 22:32:00.000000000,1628605920000000000,3164,3164,3162,3162,270,189526,189421
2021-08-10 22:33:00.000000000,1628605980000000000,3162,3166,3162,3166,1308,189421,189645
2021-08-10 22:34:00.000000000,1628606040000000000,3166,3166,3160,3160,819,189645,189457
2021-08-10 22:35:00.000000000,1628606100000000000,3160,3162,3158,3160,1500,189457,189295
2021-08-10 22:36:00.000000000,1628606160000000000,3160,3164,3158,3160,988,189295,189085
2021-08-10 22:37:00.000000000,1628606220000000000,3160,3162,3158,3158,446,189085,188959
2021-08-10 22:38:00.000000000,1628606280000000000,3158,3162,3158,3162,940,188959,188688
2021-08-10 22:39:00.000000000,1628606340000000000,3162,3164,3160,3162,1020,188688,188295
2021-08-10 22:40:00.000000000,1628606400000000000,3162,3166,3160,3162,1133,188295,188485
2021-08-10 22:41:00.000000000,1628606460000000000,3162,3162,3158,3158,375,188485,188364
2021-08-10 22:42:00.000000000,1628606520000000000,3158,3160,3154,3154,1314,188364,188139
2021-08-10 22:43:00.000000000,1628606580000000000,3154,3156,3154,3156,1417,188139,187946
2021-08-10 22:44:00.000000000,1628606640000000000,3156,3158,3156,3156,401,187946,187857
2021-08-10 22:45:00.000000000,1628606700000000000,3156,3160,3154,3158,1522,187857,187576
2021-08-10 22:46:00.000000000,1628606760000000000,3158,3158,3154,3156,499,187576,187423
2021-08-10 22:47:00.000000000,1628606820000000000,3156,3158,3154,3158,799,187423,187303
2021-08-10 22:48:00.000000000,1628606880000000000,3158,3160,3156,3158,569,187303,187290
2021-08-10 22:49:00.000000000,1628606940000000000,3158,3160,3156,3156,222,187290,187308
2021-08-10 22:50:00.000000000,1628607000000000000,3156,3160,3156,3160,480,187308,187196
2021-08-10 22:51:00.000000000,1628607060000000000,3160,3160,3158,3158,882,187196,187247
2021-08-10 22:52:00.000000000,1628607120000000000,3158,3158,3154,3154,980,187247,187091
2021-08-10 22:53:00.000000000,1628607180000000000,3154,3156,3152,3154,1151,187091,186970
2021-08-10 22:54:00.000000000,1628607240000000000,3154,3156,3152,3156,421,186970,186969
2021-08-10 22:55:00.000000000,1628607300000000000,3156,3158,3154,3156,808,186969,186823
2021-08-10 22:56:00.000000000,1628607360000000000,3156,3156,3154,3156,133,186823,186803
2021-08-10 22:57:00.000000000,1628607420000000000,3156,3156,3152,3152,1335,186803,187037
2021-08-10 22:58:00.000000000,1628607480000000000,3152,3156,3152,3154,568,187037,186812
2021-08-10 22:59:00.000000000,1628607540000000000,3154,3156,3152,3154,1672,186812,186052
2021-08-11 09:00:00.000000000,1628643600000000000,3148,3152,3138,3150,6276,186052,185718
2021-08-11 09:01:00.000000000,1628643660000000000,3150,3152,3142,3144,2109,185718,185753
2021-08-11 09:02:00.000000000,1628643720000000000,3144,3152,3142,3150,2214,185753,185541
2021-08-11 09:03:00.000000000,1628643780000000000,3150,3156,3150,3156,1911,185541,185906
2021-08-11 09:04:00.000000000,1628643840000000000,3156,3156,3154,3154,901,185906,185640
2021-08-11 09:05:00.000000000,1628643900000000000,3154,3158,3154,3154,741,185640,185522
2021-08-11 09:06:00.000000000,1628643960000000000,3154,3156,3152,3154,1304,185522,185444
2021-08-11 09:07:00.000000000,1628644020000000000,3154,3166,3154,3160,3830,185444,185711
2021-08-11 09:08:00.000000000,1628644080000000000,3160,3168,3160,3162,3865,185711,185975
2021-08-11 09:09:00.000000000,1628644140000000000,3162,3164,3160,3160,1320,185975,185559
2021-08-11 09:10:00.000000000,1628644200000000000,3160,3166,3160,3164,1874,185559,185360
2021-08-11 09:11:00.000000000,1628644260000000000,3164,3166,3162,3164,880,185360,185053
2021-08-11 09:12:00.000000000,1628644320000000000,3164,3166,3162,3164,1219,185053,184743
2021-08-11 09:13:00.000000000,1628644380000000000,3164,3170,3164,3170,3172,184743,184701
2021-08-11 09:14:00.000000000,1628644440000000000,3170,3176,3168,3174,2478,184701,184477
2021-08-11 09:15:00.000000000,1628644500000000000,3174,3176,3172,3176,1843,184477,184431
2021-08-11 09:16:00.000000000,1628644560000000000,3176,3178,3172,3178,1809,184431,184620
2021-08-11 09:17:00.000000000,1628644620000000000,3178,3178,3172,3178,2223,184620,184336
2021-08-11 09:18:00.000000000,1628644680000000000,3178,3178,3174,3174,1244,184336,184291
2021-08-11 09:19:00.000000000,1628644740000000000,3174,3176,3170,3172,1063,184291,184056
2021-08-11 09:20:00.000000000,1628644800000000000,3172,3172,3168,3168,1034,184056,183656
2021-08-11 09:21:00.000000000,1628644860000000000,3168,3172,3168,3172,1144,183656,183780
2021-08-11 09:22:00.000000000,1628644920000000000,3172,3174,3170,3174,845,183780,183613
2021-08-11 09:23:00.000000000,1628644980000000000,3174,3174,3170,3172,707,183613,183366
2021-08-11 09:24:00.000000000,1628645040000000000,3172,3172,3168,3170,1289,183366,183209
2021-08-11 09:25:00.000000000,1628645100000000000,3170,3172,3168,3168,283,183209,183166
2021-08-11 09:26:00.000000000,1628645160000000000,3168,3170,3166,3170,1161,183166,182958
2021-08-11 09:27:00.000000000,1628645220000000000,3170,3170,3168,3170,289,182958,182763
2021-08-11 09:28:00.000000000,1628645280000000000,3170,3176,3168,3174,2520,182763,182470
2021-08-11 09:29:00.000000000,1628645340000000000,3174,3176,3172,3172,829,182470,182360
2021-08-11 09:30:00.000000000,1628645400000000000,3172,3176,3172,3174,1095,182360,182256
2021-08-11 09:31:00.000000000,1628645460000000000,3174,3174,3172,3174,133,182256,182261
2021-08-11 09:32:00.000000000,1628645520000000000,3174,3174,3170,3170,626,182261,182058
2021-08-11 09:33:00.000000000,1628645580000000000,3170,3172,3168,3168,473,182058,181818
2021-08-11 09:34:00.000000000,1628645640000000000,3168,3172,3168,3170,621,181818,181818
2021-08-11 09:35:00.000000000,1628645700000000000,3170,3172,3168,3168,336,181818,181656
2021-08-11 09:36:00.000000000,1628645760000000000,3168,3170,3168,3170,694,181656,181621
2021-08-11 09:37:00.000000000,1628645820000000000,3170,3172,3168,3172,441,181621,181747
2021-08-11 09:38:00.000000000,1628645880000000000,3172,3172,3168,3170,626,181747,181628
2021-08-11 09:39:00.000000000,1628645940000000000,3170,3170,3168,3168,219,181628,181668
2021-08-11 09:40:00.000000000,1628646000000000000,3168,3172,3166,3170,1107,181668,181427
2021-08-11 09:41:00.000000000,1628646060000000000,3170,3174,3170,3174,889,181427,181150
2021-08-11 09:42:00.000000000,1628646120000000000,3174,3174,3170,3172,416,181150,181179
2021-08-11 09:43:00.000000000,1628646180000000000,3172,3172,3170,3172,244,181179,181098
2021-08-11 09:44:00.000000000,1628646240000000000,3172,3172,3170,3170,159,181098,180993
2021-08-11 09:45:00.000000000,1628646300000000000,3170,3172,3168,3168,501,180993,180875
2021-08-11 09:46:00.000000000,1628646360000000000,3168,3170,3166,3166,497,180875,180654
2021-08-11 09:47:00.000000000,1628646420000000000,3166,3168,3164,3166,1139,180654,180608
2021-08-11 09:48:00.000000000,1628646480000000000,3166,3168,3164,3164,525,180608,180569
2021-08-11 09:49:00.000000000,1628646540000000000,3164,3166,3162,3162,465,180569,180501
2021-08-11 09:50:00.000000000,1628646600000000000,3162,3166,3162,3164,426,180501,180483
2021-08-11 09:51:00.000000000,1628646660000000000,3164,3166,3164,3166,195,180483,180455
2021-08-11 09:52:00.000000000,1628646720000000000,3166,3166,3164,3166,156,180455,180428
2021-08-11 09:53:00.000000000,1628646780000000000,3166,3166,3164,3166,183,180428,180367
2021-08-11 09:54:00.000000000,1628646840000000000,3166,3168,3166,3168,356,180367,180392
2021-08-11 09:55:00.000000000,1628646900000000000,3168,3170,3166,3166,751,180392,180369
2021-08-11 09:56:00.000000000,1628646960000000000,3166,3166,3162,3166,866,180369,180379
2021-08-11 09:57:00.000000000,1628647020000000000,3166,3166,3164,3164,159,180379,180279
2021-08-11 09:58:00.000000000,1628647080000000000,3164,3166,3160,3160,1127,180279,179736
2021-08-11 09:59:00.000000000,1628647140000000000,3160,3164,3160,3164,499,179736,179798
2021-08-11 10:00:00.000000000,1628647200000000000,3164,3166,3162,3162,611,179798,179842
2021-08-11 10:01:00.000000000,1628647260000000000,3162,3164,3160,3162,999,179842,180134
2021-08-11 10:02:00.000000000,1628647320000000000,3162,3166,3162,3166,691,180134,179914
2021-08-11 10:03:00.000000000,1628647380000000000,3166,3170,3164,3170,1522,179914,179964
2021-08-11 10:04:00.000000000,1628647440000000000,3170,3170,3168,3168,146,179964,179987
2021-08-11 10:05:00.000000000,1628647500000000000,3168,3172,3168,3170,551,179987,180039
2021-08-11 10:06:00.000000000,1628647560000000000,3170,3172,3168,3170,1024,180039,179827
2021-08-11 10:07:00.000000000,1628647620000000000,3170,3172,3170,3172,257,179827,179803
2021-08-11 10:08:00.000000000,1628647680000000000,3172,3172,3168,3168,607,179803,179840
2021-08-11 10:09:00.000000000,1628647740000000000,3168,3170,3168,3168,207,179840,179690
2021-08-11 10:10:00.000000000,1628647800000000000,3168,3170,3168,3168,146,179690,179609
2021-08-11 10:11:00.000000000,1628647860000000000,3168,3170,3168,3170,147,179609,179583
2021-08-11 10:12:00.000000000,1628647920000000000,3170,3172,3170,3170,562,179583,179559
2021-08-11 10:13:00.000000000,1628647980000000000,3170,3172,3168,3170,595,179559,179457
2021-08-11 10:14:00.000000000,1628648040000000000,3170,3172,3168,3170,360,179457,179271
2021-08-11 10:30:00.000000000,1628649000000000000,3170,3172,3166,3166,1780,179271,178686
2021-08-11 10:31:00.000000000,1628649060000000000,3166,3170,3164,3164,1022,178686,178607
2021-08-11 10:32:00.000000000,1628649120000000000,3164,3166,3164,3164,190,178607,178595
2021-08-11 10:33:00.000000000,1628649180000000000,3164,3166,3162,3162,399,178595,178643
2021-08-11 10:34:00.000000000,1628649240000000000,3162,3164,3156,3160,1534,178643,178275
2021-08-11 10:35:00.000000000,1628649300000000000,3160,3160,3156,3160,812,178275,178205
2021-08-11 10:36:00.000000000,1628649360000000000,3160,3162,3156,3160,1454,178205,178100
2021-08-11 10:37:00.000000000,1628649420000000000,3160,3160,3156,3160,858,178100,178474
2021-08-11 10:38:00.000000000,1628649480000000000,3160,3160,3156,3156,306,178474,178429
2021-08-11 10:39:00.000000000,1628649540000000000,3156,3156,3154,3156,904,178429,178399
2021-08-11 10:40:00.000000000,1628649600000000000,3156,3158,3154,3158,579,178399,178240
2021-08-11 10:41:00.000000000,1628649660000000000,3158,3158,3154,3156,656,178240,178076
2021-08-11 10:42:00.000000000,1628649720000000000,3156,3156,3154,3154,319,178076,178058
2021-08-11 10:43:00.000000000,1628649780000000000,3154,3158,3154,3154,431,178058,178119
2021-08-11 10:44:00.000000000,1628649840000000000,3154,3156,3154,3154,163,178119,178044
2021-08-11 10:45:00.000000000,1628649900000000000,3154,3156,3154,3154,172,178044,178067
2021-08-11 10:46:00.000000000,1628649960000000000,3154,3158,3154,3156,384,178067,178068
2021-08-11 10:47:00.000000000,1628650020000000000,3156,3158,3156,3158,231,178068,178106
2021-08-11 10:48:00.000000000,1628650080000000000,3158,3158,3156,3158,104,178106,178088
2021-08-11 10:49:00.000000000,1628650140000000000,3158,3158,3154,3156,644,178088,178121
2021-08-11 10:50:00.000000000,1628650200000000000,3156,3158,3154,3156,713,178121,178269
2021-08-11 10:51:00.000000000,1628650260000000000,3156,3158,3154,3156,492,178269,178332
2021-08-11 10:52:00.000000000,1628650320000000000,3156,3158,3156,3156,233,178332,178272
2021-08-11 10:53:00.000000000,1628650380000000000,3156,3160,3156,3160,624,178272,178316
2021-08-11 10:54:00.000000000,1628650440000000000,3160,3162,3158,3160,609,178316,178366
2021-08-11 10:55:00.000000000,1628650500000000000,3160,3164,3160,3162,325,178366,178260
2021-08-11 10:56:00.000000000,1628650560000000000,3162,3168,3162,3168,916,178260,178462
2021-08-11 10:57:00.000000000,1628650620000000000,3168,3168,3166,3166,217,178462,178500
2021-08-11 10:58:00.000000000,1628650680000000000,3166,3168,3166,3168,95,178500,178445
2021-08-11 10:59:00.000000000,1628650740000000000,3168,3170,3164,3168,973,178445,178134
2021-08-11 11:00:00.000000000,1628650800000000000,3168,3172,3168,3170,1074,178134,177973
2021-08-11 11:01:00.000000000,1628650860000000000,3170,3172,3168,3168,507,177973,177857
2021-08-11 11:02:00.000000000,1628650920000000000,3168,3172,3168,3170,901,177857,177774
2021-08-11 11:03:00.000000000,1628650980000000000,3170,3172,3170,3170,746,177774,177710
2021-08-11 11:04:00.000000000,1628651040000000000,3170,3172,3170,3172,417,177710,177621
2021-08-11 11:05:00.000000000,1628651100000000000,3172,3172,3170,3170,273,177621,177576
2021-08-11 11:06:00.000000000,1628651160000000000,3170,3172,3168,3168,1048,177576,177631
2021-08-11 11:07:00.000000000,1628651220000000000,3168,3170,3166,3168,497,177631,177666
2021-08-11 11:08:00.000000000,1628651280000000000,3168,3168,3166,3166,196,177666,177605
2021-08-11 11:09:00.000000000,1628651340000000000,3166,3168,3166,3166,136,177605,177624
2021-08-11 11:10:00.000000000,1628651400000000000,3166,3168,3166,3168,139,177624,177617
2021-08-11 11:11:00.000000000,1628651460000000000,3168,3172,3168,3168,1531,177617,177278
2021-08-11 11:12:00.000000000,1628651520000000000,3168,3170,3166,3168,663,177278,177215
2021-08-11 11:13:00.000000000,1628651580000000000,3168,3168,3166,3166,119,177215,177169
2021-08-11 11:14:00.000000000,1628651640000000000,3166,3168,3166,3168,156,177169,177082
2021-08-11 11:15:00.000000000,1628651700000000000,3168,3168,3166,3166,646,177082,176932
2021-08-11 11:16:00.000000000,1628651760000000000,3166,3168,3162,3164,1079,176932,176723
2021-08-11 11:17:00.000000000,1628651820000000000,3164,3166,3162,3162,1197,176723,176632
2021-08-11 11:18:00.000000000,1628651880000000000,3162,3162,3160,3162,135,176632,176623
2021-08-11 11:19:00.000000000,1628651940000000000,3162,3162,3158,3160,747,176623,176805
2021-08-11 11:20:00.000000000,1628652000000000000,3160,3162,3158,3160,231,176805,176843
2021-08-11 11:21:00.000000000,1628652060000000000,3160,3160,3156,3156,886,176843,176807
2021-08-11 11:22:00.000000000,1628652120000000000,3156,3160,3156,3160,494,176807,176743
2021-08-11 11:23:00.000000000,1628652180000000000,3160,3162,3158,3160,764,176743,176714
2021-08-11 11:24:00.000000000,1628652240000000000,3160,3164,3160,3164,946,176714,176641
2021-08-11 11:25:00.000000000,1628652300000000000,3164,3164,3160,3162,205,176641,176724
2021-08-11 11:26:00.000000000,1628652360000000000,3162,3164,3162,3164,231,176724,176796
2021-08-11 11:27:00.000000000,1628652420000000000,3164,3164,3160,3164,460,176796,176688
2021-08-11 11:28:00.000000000,1628652480000000000,3164,3166,3162,3164,469,176688,176635
2021-08-11 11:29:00.000000000,1628652540000000000,3164,3168,3164,3166,737,176635,176448
2021-08-11 13:30:00.000000000,1628659800000000000,3168,3170,3162,3168,1483,176448,176606
2021-08-11 13:31:00.000000000,1628659860000000000,3168,3170,3166,3168,426,176606,176600
2021-08-11 13:32:00.000000000,1628659920000000000,3168,3170,3166,3168,339,176600,176367
2021-08-11 13:33:00.000000000,1628659980000000000,3168,3170,3168,3170,627,176367,176260
2021-08-11 13:34:00.000000000,1628660040000000000,3170,3170,3164,3164,614,176260,176068
2021-08-11 13:35:00.000000000,1628660100000000000,3164,3166,3164,3166,211,176068,176040
2021-08-11 13:36:00.000000000,1628660160000000000,3166,3168,3164,3164,323,176040,175971
2021-08-11 13:37:00.000000000,1628660220000000000,3164,3166,3162,3164,742,175971,175953
2021-08-11 13:38:00.000000000,1628660280000000000,3164,3166,3162,3164,317,175953,175866
2021-08-11 13:39:00.000000000,1628660340000000000,3164,3166,3162,3164,180,175866,175784
2021-08-11 13:40:00.000000000,1628660400000000000,3164,3166,3162,3162,262,175784,175794
2021-08-11 13:41:00.000000000,1628660460000000000,3162,3164,3162,3162,741,175794,175790
2021-08-11 13:42:00.000000000,1628660520000000000,3162,3164,3160,3164,574,175790,175804
2021-08-11 13:43:00.000000000,1628660580000000000,3164,3166,3164,3164,194,175804,175776
2021-08-11 13:44:00.000000000,1628660640000000000,3164,3166,3164,3166,426,175776,175743
2021-08-11 13:45:00.000000000,1628660700000000000,3166,3170,3164,3170,755,175743,175876
2021-08-11 13:46:00.000000000,1628660760000000000,3170,3170,3168,3170,233,175876,175923
2021-08-11 13:47:00.000000000,1628660820000000000,3170,3170,3166,3168,479,175923,175659
2021-08-11 13:48:00.000000000,1628660880000000000,3168,3170,3166,3168,396,175659,175746
2021-08-11 13:49:00.000000000,1628660940000000000,3168,3170,3166,3166,337,175746,175650
2021-08-11 13:50:00.000000000,1628661000000000000,3166,3172,3166,3168,982,175650,175854
2021-08-11 13:51:00.000000000,1628661060000000000,3168,3172,3166,3166,728,175854,175800
2021-08-11 13:52:00.000000000,1628661120000000000,3166,3168,3166,3168,255,175800,175708
2021-08-11 13:53:00.000000000,1628661180000000000,3168,3168,3166,3168,247,175708,175673
2021-08-11 13:54:00.000000000,1628661240000000000,3168,3170,3164,3164,650,175673,175573
2021-08-11 13:55:00.000000000,1628661300000000000,3164,3168,3164,3166,284,175573,175514
2021-08-11 13:56:00.000000000,1628661360000000000,3166,3166,3164,3164,199,175514,175515
2021-08-11 13:57:00.000000000,1628661420000000000,3164,3168,3164,3168,330,175515,175385
2021-08-11 13:58:00.000000000,1628661480000000000,3168,3172,3166,3170,794,175385,175283
2021-08-11 13:59:00.000000000,1628661540000000000,3170,3172,3168,3172,535,175283,175088
2021-08-11 14:00:00.000000000,1628661600000000000,3172,3172,3168,3170,586,175088,174981
2021-08-11 14:01:00.000000000,1628661660000000000,3170,3172,3170,3170,365,174981,174887
2021-08-11 14:02:00.000000000,1628661720000000000,3170,3172,3170,3170,180,174887,174892
2021-08-11 14:03:00.000000000,1628661780000000000,3170,3174,3170,3172,696,174892,174741
2021-08-11 14:04:00.000000000,1628661840000000000,3172,3176,3172,3174,1322,174741,174588
2021-08-11 14:05:00.000000000,1628661900000000000,3174,3176,3172,3176,396,174588,174486
2021-08-11 14:06:00.000000000,1628661960000000000,3176,3178,3174,3178,787,174486,174187
2021-08-11 14:07:00.000000000,1628662020000000000,3178,3178,3174,3176,554,174187,174109
2021-08-11 14:08:00.000000000,1628662080000000000,3176,3178,3174,3178,1022,174109,173948
2021-08-11 14:09:00.000000000,1628662140000000000,3178,3178,3174,3176,627,173948,173855
2021-08-11 14:10:00.000000000,1628662200000000000,3176,3178,3176,3176,1382,173855,173802
2021-08-11 14:11:00.000000000,1628662260000000000,3176,3178,3174,3176,1149,173802,173713
2021-08-11 14:12:00.000000000,1628662320000000000,3176,3184,3176,3184,2772,173713,173303
2021-08-11 14:13:00.000000000,1628662380000000000,3184,3184,3178,3178,1248,173303,173136
2021-08-11 14:14:00.000000000,1628662440000000000,3178,3184,3178,3184,1574,173136,172729
2021-08-11 14:15:00.000000000,1628662500000000000,3184,3186,3180,3180,1219,172729,172522
2021-08-11 14:16:00.000000000,1628662560000000000,3180,3184,3180,3182,1399,172522,172528
2021-08-11 14:17:00.000000000,1628662620000000000,3182,3184,3180,3182,578,172528,172584
2021-08-11 14:18:00.000000000,1628662680000000000,3182,3186,3182,3182,780,172584,172343
2021-08-11 14:19:00.000000000,1628662740000000000,3182,3184,3182,3182,671,172343,172086
2021-08-11 14:20:00.000000000,1628662800000000000,3182,3186,3182,3182,535,172086,171872
2021-08-11 14:21:00.000000000,1628662860000000000,3182,3184,3180,3182,492,171872,171656
2021-08-11 14:22:00.000000000,1628662920000000000,3182,3184,3180,3180,580,171656,171510
2021-08-11 14:23:00.000000000,1628662980000000000,3180,3180,3178,3180,680,171510,171377
2021-08-11 14:24:00.000000000,1628663040000000000,3180,3182,3180,3180,676,171377,171072
2021-08-11 14:25:00.000000000,1628663100000000000,3180,3184,3180,3184,844,171072,171115
2021-08-11 14:26:00.000000000,1628663160000000000,3184,3186,3182,3186,1067,171115,171234
2021-08-11 14:27:00.000000000,1628663220000000000,3186,3186,3182,3184,1016,171234,171029
2021-08-11 14:28:00.000000000,1628663280000000000,3184,3184,3182,3184,471,171029,170978
2021-08-11 14:29:00.000000000,1628663340000000000,3184,3184,3178,3180,711,170978,171021
2021-08-11 14:30:00.000000000,1628663400000000000,3180,3182,3178,3182,722,171021,170851
2021-08-11 14:31:00.000000000,1628663460000000000,3182,3182,3178,3180,443,170851,170985
2021-08-11 14:32:00.000000000,1628663520000000000,3180,3182,3178,3180,400,170985,170893
2021-08-11 14:33:00.000000000,1628663580000000000,3180,3180,3174,3178,1101,170893,170834
2021-08-11 14:34:00.000000000,1628663640000000000,3178,3180,3176,3180,501,170834,170859
2021-08-11 14:35:00.000000000,1628663700000000000,3180,3180,3178,3180,212,170859,170837
2021-08-11 14:36:00.000000000,1628663760000000000,3180,3182,3178,3180,563,170837,170695
2021-08-11 14:37:00.000000000,1628663820000000000,3180,3182,3178,3180,494,170695,170677
2021-08-11 14:38:00.000000000,1628663880000000000,3180,3184,3180,3182,559,170677,170731
2021-08-11 14:39:00.000000000,1628663940000000000,3182,3186,3180,3182,1131,170731,170842
2021-08-11 14:40:00.000000000,1628664000000000000,3182,3184,3180,3182,1079,170842,170370
2021-08-11 14:41:00.000000000,1628664060000000000,3182,3182,3180,3182,201,170370,170327
2021-08-11 14:42:00.000000000,1628664120000000000,3182,3182,3180,3182,197,170327,170267
2021-08-11 14:43:00.000000000,1628664180000000000,3182,3184,3180,3184,466,170267,170136
2021-08-11 14:44:00.000000000,1628664240000000000,3184,3184,3182,3184,1064,170136,169964
2021-08-11 14:45:00.000000000,1628664300000000000,3184,3186,3182,3184,522,169964,169728
2021-08-11 14:46:00.000000000,1628664360000000000,3184,3188,3184,3186,922,169728,169602
2021-08-11 14:47:00.000000000,1628664420000000000,3186,3186,3182,3182,694,169602,169397
2021-08-11 14:48:00.000000000,1628664480000000000,3182,3184,3178,3178,1457,169397,168929
2021-08-11 14:49:00.000000000,1628664540000000000,3178,3182,3178,3182,436,168929,168709
2021-08-11 14:50:00.000000000,1628664600000000000,3182,3182,3178,3180,808,168709,168499
2021-08-11 14:51:00.000000000,1628664660000000000,3180,3180,3176,3178,988,168499,168374
2021-08-11 14:52:00.000000000,1628664720000000000,3178,3182,3176,3178,1399,168374,167920
2021-08-11 14:53:00.000000000,1628664780000000000,3178,3182,3178,3182,755,167920,167838
2021-08-11 14:54:00.000000000,1628664840000000000,3182,3182,3178,3180,723,167838,167653
2021-08-11 14:55:00.000000000,1628664900000000000,3180,3182,3180,3182,573,167653,167321
2021-08-11 14:56:00.000000000,1628664960000000000,3182,3182,3178,3180,1685,167321,167193
2021-08-11 14:57:00.000000000,1628665020000000000,3180,3184,3180,3184,1119,167193,167124
2021-08-11 14:58:00.000000000,1628665080000000000,3184,3184,3182,3182,703,167124,166843
2021-08-11 14:59:00.000000000,1628665140000000000,3182,3188,3182,3186,2567,166843,165826
2021-08-11 21:00:00.000000000,1628686800000000000,3166,3176,3164,3172,13953,165826,163783
2021-08-11 21:01:00.000000000,1628686860000000000,3172,3174,3158,3162,7389,163783,162903
2021-08-11 21:02:00.000000000,1628686920000000000,3162,3164,3158,3160,6192,162903,162164
2021-08-11 21:03:00.000000000,1628686980000000000,3160,3162,3156,3158,4196,162164,161829
2021-08-11 21:04:00.000000000,1628687040000000000,3158,3160,3154,3154,2897,161829,161215
2021-08-11 21:05:00.000000000,1628687100000000000,3154,3162,3154,3162,4256,161215,161043
2021-08-11 21:06:00.000000000,1628687160000000000,3162,3164,3158,3162,3536,161043,161143
2021-08-11 21:07:00.000000000,1628687220000000000,3162,3166,3160,3166,1938,161143,160924
2021-08-11 21:08:00.000000000,1628687280000000000,3166,3166,3160,3162,1482,160924,160800
2021-08-11 21:09:00.000000000,1628687340000000000,3162,3164,3160,3162,1163,160800,160870
2021-08-11 21:10:00.000000000,1628687400000000000,3162,3162,3158,3160,1133,160870,160805
2021-08-11 21:11:00.000000000,1628687460000000000,3160,3160,3154,3156,1823,160805,160945
2021-08-11 21:12:00.000000000,1628687520000000000,3156,3156,3150,3152,2995,160945,160551
2021-08-11 21:13:00.000000000,1628687580000000000,3152,3160,3150,3160,2265,160551,160651
2021-08-11 21:14:00.000000000,1628687640000000000,3160,3164,3158,3160,2064,160651,160496
2021-08-11 21:15:00.000000000,1628687700000000000,3160,3160,3158,3160,1670,160496,160545
2021-08-11 21:16:00.000000000,1628687760000000000,3160,3160,3156,3158,974,160545,160485
2021-08-11 21:17:00.000000000,1628687820000000000,3158,3158,3154,3158,844,160485,160622
2021-08-11 21:18:00.000000000,1628687880000000000,3158,3158,3156,3158,1417,160622,160787
2021-08-11 21:19:00.000000000,1628687940000000000,3158,3160,3156,3158,1382,160787,160904
2021-08-11 21:20:00.000000000,1628688000000000000,3158,3158,3154,3158,560,160904,160831
2021-08-11 21:21:00.000000000,1628688060000000000,3158,3160,3156,3158,1404,160831,160863
2021-08-11 21:22:00.000000000,1628688120000000000,3158,3160,3156,3156,598,160863,160873
2021-08-11 21:23:00.000000000,1628688180000000000,3156,3162,3156,3162,860,160873,160948
2021-08-11 21:24:00.000000000,1628688240000000000,3162,3166,3160,3166,1599,160948,161207
2021-08-11 21:25:00.000000000,1628688300000000000,3166,3166,3162,3166,1323,161207,161479
2021-08-11 21:26:00.000000000,1628688360000000000,3166,3166,3164,3166,828,161479,161632
2021-08-11 21:27:00.000000000,1628688420000000000,3166,3166,3162,3166,1045,161632,161392
2021-08-11 21:28:00.000000000,1628688480000000000,3166,3166,3164,3166,407,161392,161342
2021-08-11 21:29:00.000000000,1628688540000000000,3166,3166,3162,3166,982,161342,161121
2021-08-11 21:30:00.000000000,1628688600000000000,3166,3168,3164,3166,1213,161121,161265
2021-08-11 21:31:00.000000000,1628688660000000000,3166,3168,3162,3166,1415,161265,160975
2021-08-11 21:32:00.000000000,1628688720000000000,3166,3168,3162,3166,836,160975,160853
2021-08-11 21:33:00.000000000,1628688780000000000,3166,3166,3160,3164,1589,160853,160687
2021-08-11 21:34:00.000000000,1628688840000000000,3164,3164,3156,3156,1144,160687,160878
2021-08-11 21:35:00.000000000,1628688900000000000,3156,3162,3156,3158,1296,160878,160876
2021-08-11 21:36:00.000000000,1628688960000000000,3158,3160,3156,3160,1341,160876,161001
2021-08-11 21:37:00.000000000,1628689020000000000,3160,3162,3158,3160,930,161001,160929
2021-08-11 21:38:00.000000000,1628689080000000000,3160,3164,3160,3164,689,160929,160963
2021-08-11 21:39:00.000000000,1628689140000000000,3164,3164,3162,3162,859,160963,161078
2021-08-11 21:40:00.000000000,1628689200000000000,3162,3164,3160,3164,1193,161078,160951
2021-08-11 21:41:00.000000000,1628689260000000000,3164,3164,3160,3162,316,160951,160895
2021-08-11 21:42:00.000000000,1628689320000000000,3162,3164,3162,3162,243,160895,160908
2021-08-11 21:43:00.000000000,1628689380000000000,3162,3164,3162,3164,124,160908,160879
2021-08-11 21:44:00.000000000,1628689440000000000,3164,3164,3162,3162,437,160879,160839
2021-08-11 21:45:00.000000000,1628689500000000000,3162,3164,3160,3162,580,160839,160641
2021-08-11 21:46:00.000000000,1628689560000000000,3162,3164,3160,3164,414,160641,160690
2021-08-11 21:47:00.000000000,1628689620000000000,3164,3166,3162,3166,1168,160690,160712
2021-08-11 21:48:00.000000000,1628689680000000000,3166,3166,3162,3164,225,160712,160751
2021-08-11 21:49:00.000000000,1628689740000000000,3164,3166,3164,3164,401,160751,160846
2021-08-11 21:50:00.000000000,1628689800000000000,3164,3168,3164,3168,807,160846,161064
2021-08-11 21:51:00.000000000,1628689860000000000,3168,3168,3166,3168,432,161064,161056
2021-08-11 21:52:00.000000000,1628689920000000000,3168,3168,3166,3166,760,161056,160971
2021-08-11 21:53:00.000000000,1628689980000000000,3166,3166,3164,3166,220,160971,160970
2021-08-11 21:54:00.000000000,1628690040000000000,3166,3166,3164,3164,498,160970,160824
2021-08-11 21:55:00.000000000,1628690100000000000,3164,3166,3164,3166,253,160824,160775
2021-08-11 21:56:00.000000000,1628690160000000000,3166,3166,3162,3164,620,160775,160740
2021-08-11 21:57:00.000000000,1628690220000000000,3164,3166,3162,3164,367,160740,160741
2021-08-11 21:58:00.000000000,1628690280000000000,3164,3164,3162,3164,140,160741,160726
2021-08-11 21:59:00.000000000,1628690340000000000,3164,3166,3160,3164,805,160726,160851
2021-08-11 22:00:00.000000000,1628690400000000000,3164,3166,3160,3162,1276,160851,160688
2021-08-11 22:01:00.000000000,1628690460000000000,3162,3164,3162,3164,63,160688,160681
2021-08-11 22:02:00.000000000,1628690520000000000,3164,3164,3158,3160,794,160681,160813
2021-08-11 22:03:00.000000000,1628690580000000000,3160,3160,3158,3160,409,160813,160828
2021-08-11 22:04:00.000000000,1628690640000000000,3160,3160,3156,3158,929,160828,160781
2021-08-11 22:05:00.000000000,1628690700000000000,3158,3160,3158,3158,491,160781,160700
2021-08-11 22:06:00.000000000,1628690760000000000,3158,3160,3156,3160,774,160700,160861
2021-08-11 22:07:00.000000000,1628690820000000000,3160,3160,3152,3156,1436,160861,160715
2021-08-11 22:08:00.000000000,1628690880000000000,3156,3158,3154,3154,918,160715,160835
2021-08-11 22:09:00.000000000,1628690940000000000,3154,3156,3152,3152,1025,160835,161041
2021-08-11 22:10:00.000000000,1628691000000000000,3152,3156,3152,3154,818,161041,161059
2021-08-11 22:11:00.000000000,1628691060000000000,3154,3156,3152,3156,257,161059,161109
2021-08-11 22:12:00.000000000,1628691120000000000,3156,3158,3154,3158,901,161109,161221
2021-08-11 22:13:00.000000000,1628691180000000000,3158,3160,3156,3160,550,161221,161157
2021-08-11 22:14:00.000000000,1628691240000000000,3160,3160,3158,3158,730,161157,161150
2021-08-11 22:15:00.000000000,1628691300000000000,3158,3160,3156,3160,529,161150,161116
2021-08-11 22:16:00.000000000,1628691360000000000,3160,3162,3158,3160,412,161116,161072
2021-08-11 22:17:00.000000000,1628691420000000000,3160,3162,3158,3162,867,161072,161170
2021-08-11 22:18:00.000000000,1628691480000000000,3162,3166,3162,3166,1040,161170,161024
2021-08-11 22:19:00.000000000,1628691540000000000,3166,3166,3160,3160,1040,161024,160829
2021-08-11 22:20:00.000000000,1628691600000000000,3160,3164,3160,3164,417,160829,160723
2021-08-11 22:21:00.000000000,1628691660000000000,3164,3164,3162,3164,238,160723,160651
2021-08-11 22:22:00.000000000,1628691720000000000,3164,3164,3162,3162,95,160651,160654
2021-08-11 22:23:00.000000000,1628691780000000000,3162,3164,3160,3162,335,160654,160546
2021-08-11 22:24:00.000000000,1628691840000000000,3162,3164,3158,3160,609,160546,160445
2021-08-11 22:25:00.000000000,1628691900000000000,3160,3162,3158,3160,341,160445,160489
2021-08-11 22:26:00.000000000,1628691960000000000,3160,3162,3160,3162,149,160489,160464
2021-08-11 22:27:00.000000000,1628692020000000000,3162,3162,3160,3162,85,160464,160479
2021-08-11 22:28:00.000000000,1628692080000000000,3162,3162,3160,3160,290,160479,160613
2021-08-11 22:29:00.000000000,1628692140000000000,3160,3160,3158,3158,281,160613,160632
2021-08-11 22:30:00.000000000,1628692200000000000,3158,3160,3154,3160,2041,160632,160197
2021-08-11 22:31:00.000000000,1628692260000000000,3160,3166,3160,3164,1877,160197,160333
2021-08-11 22:32:00.000000000,1628692320000000000,3164,3164,3158,3160,1158,160333,160305
2021-08-11 22:33:00.000000000,1628692380000000000,3160,3160,3156,3158,935,160305,160221
2021-08-11 22:34:00.000000000,1628692440000000000,3158,3162,3158,3160,1119,160221,160276
2021-08-11 22:35:00.000000000,1628692500000000000,3160,3162,3158,3162,897,160276,160034
2021-08-11 22:36:00.000000000,1628692560000000000,3162,3162,3158,3160,354,160034,160053
2021-08-11 22:37:00.000000000,1628692620000000000,3160,3164,3160,3162,611,160053,159922
2021-08-11 22:38:00.000000000,1628692680000000000,3162,3164,3160,3164,642,159922,160056
2021-08-11 22:39:00.000000000,1628692740000000000,3164,3164,3158,3158,625,160056,160030
2021-08-11 22:40:00.000000000,1628692800000000000,3158,3160,3156,3158,1184,160030,160066
2021-08-11 22:41:00.000000000,1628692860000000000,3158,3162,3158,3160,870,160066,160307
2021-08-11 22:42:00.000000000,1628692920000000000,3160,3160,3158,3160,365,160307,160221
2021-08-11 22:43:00.000000000,1628692980000000000,3160,3162,3160,3162,332,160221,160165
2021-08-11 22:44:00.000000000,1628693040000000000,3162,3162,3158,3160,393,160165,160049
2021-08-11 22:45:00.000000000,1628693100000000000,3160,3160,3158,3160,388,160049,160046
2021-08-11 22:46:00.000000000,1628693160000000000,3160,3162,3158,3162,214,160046,159973
2021-08-11 22:47:00.000000000,1628693220000000000,3162,3164,3160,3162,318,159973,159993
2021-08-11 22:48:00.000000000,1628693280000000000,3162,3164,3162,3162,867,159993,160081
2021-08-11 22:49:00.000000000,1628693340000000000,3162,3164,3162,3162,1208,160081,160016
2021-08-11 22:50:00.000000000,1628693400000000000,3162,3166,3162,3164,759,160016,159692
2021-08-11 22:51:00.000000000,1628693460000000000,3164,3166,3162,3164,831,159692,159563
2021-08-11 22:52:00.000000000,1628693520000000000,3164,3166,3162,3164,598,159563,159444
2021-08-11 22:53:00.000000000,1628693580000000000,3164,3164,3162,3164,87,159444,159388
2021-08-11 22:54:00.000000000,1628693640000000000,3164,3164,3162,3162,402,159388,159222
2021-08-11 22:55:00.000000000,1628693700000000000,3162,3164,3162,3164,59,159222,159187
2021-08-11 22:56:00.000000000,1628693760000000000,3164,3164,3160,3162,1038,159187,158844
2021-08-11 22:57:00.000000000,1628693820000000000,3162,3164,3160,3162,582,158844,158867
2021-08-11 22:58:00.000000000,1628693880000000000,3162,3164,3162,3162,353,158867,158700
2021-08-11 22:59:00.000000000,1628693940000000000,3162,3164,3162,3162,783,158700,158522
2021-08-12 09:00:00.000000000,1628730000000000000,3194,3198,3186,3192,8312,158522,158428
2021-08-12 09:01:00.000000000,1628730060000000000,3192,3192,3186,3188,2863,158428,158558
2021-08-12 09:02:00.000000000,1628730120000000000,3188,3192,3188,3190,1422,158558,158462
2021-08-12 09:03:00.000000000,1628730180000000000,3190,3196,3190,3196,2097,158462,158175
2021-08-12 09:04:00.000000000,1628730240000000000,3196,3202,3194,3200,3273,158175,158666
2021-08-12 09:05:00.000000000,1628730300000000000,3200,3208,3200,3206,3314,158666,158136
2021-08-12 09:06:00.000000000,1628730360000000000,3206,3212,3206,3212,2848,158136,158427
2021-08-12 09:07:00.000000000,1628730420000000000,3212,3214,3210,3214,2182,158427,158164
2021-08-12 09:08:00.000000000,1628730480000000000,3214,3214,3206,3208,2667,158164,158174
2021-08-12 09:09:00.000000000,1628730540000000000,3208,3212,3206,3208,1997,158174,158214
2021-08-12 09:10:00.000000000,1628730600000000000,3208,3210,3206,3206,2226,158214,157971
2021-08-12 09:11:00.000000000,1628730660000000000,3206,3208,3200,3200,2546,157971,158004
2021-08-12 09:12:00.000000000,1628730720000000000,3200,3204,3200,3202,1115,158004,158258
2021-08-12 09:13:00.000000000,1628730780000000000,3202,3210,3202,3210,1689,158258,158177
2021-08-12 09:14:00.000000000,1628730840000000000,3210,3210,3208,3210,2055,158177,158949
2021-08-12 09:15:00.000000000,1628730900000000000,3210,3216,3210,3214,3670,158949,158641
2021-08-12 09:16:00.000000000,1628730960000000000,3214,3216,3212,3216,1409,158641,158396
2021-08-12 09:17:00.000000000,1628731020000000000,3216,3216,3212,3214,1237,158396,157849
2021-08-12 09:18:00.000000000,1628731080000000000,3214,3216,3214,3216,656,157849,157550
2021-08-12 09:19:00.000000000,1628731140000000000,3216,3220,3214,3220,2280,157550,157781
2021-08-12 09:20:00.000000000,1628731200000000000,3220,3220,3216,3218,1314,157781,157206
2021-08-12 09:21:00.000000000,1628731260000000000,3218,3220,3214,3214,1644,157206,156965
2021-08-12 09:22:00.000000000,1628731320000000000,3214,3216,3212,3214,531,156965,157021
2021-08-12 09:23:00.000000000,1628731380000000000,3214,3214,3210,3212,642,157021,156800
2021-08-12 09:24:00.000000000,1628731440000000000,3212,3212,3208,3208,738,156800,156630
2021-08-12 09:25:00.000000000,1628731500000000000,3208,3214,3208,3214,1338,156630,156525
2021-08-12 09:26:00.000000000,1628731560000000000,3214,3216,3212,3214,776,156525,156527
2021-08-12 09:27:00.000000000,1628731620000000000,3214,3214,3208,3210,882,156527,156422
2021-08-12 09:28:00.000000000,1628731680000000000,3210,3212,3210,3212,361,156422,156183
2021-08-12 09:29:00.000000000,1628731740000000000,3212,3212,3210,3210,453,156183,156029
2021-08-12 09:30:00.000000000,1628731800000000000,3210,3216,3210,3216,1029,156029,155944
2021-08-12 09:31:00.000000000,1628731860000000000,3216,3216,3212,3216,415,155944,155876
2021-08-12 09:32:00.000000000,1628731920000000000,3216,3218,3216,3218,379,155876,155939
2021-08-12 09:33:00.000000000,1628731980000000000,3218,3218,3214,3216,1209,155939,155158
2021-08-12 09:34:00.000000000,1628732040000000000,3216,3220,3214,3220,1516,155158,155167
2021-08-12 09:35:00.000000000,1628732100000000000,3220,3222,3218,3222,1508,155167,155105
2021-08-12 09:36:00.000000000,1628732160000000000,3222,3222,3218,3222,975,155105,154952
2021-08-12 09:37:00.000000000,1628732220000000000,3222,3222,3220,3222,336,154952,154912
2021-08-12 09:38:00.000000000,1628732280000000000,3222,3222,3216,3216,842,154912,154621
2021-08-12 09:39:00.000000000,1628732340000000000,3216,3218,3216,3216,85,154621,154625
2021-08-12 09:40:00.000000000,1628732400000000000,3216,3220,3216,3218,669,154625,154317
2021-08-12 09:41:00.000000000,1628732460000000000,3218,3218,3214,3214,712,154317,154207
2021-08-12 09:42:00.000000000,1628732520000000000,3214,3216,3210,3212,953,154207,153855
2021-08-12 09:43:00.000000000,1628732580000000000,3212,3214,3210,3212,1008,153855,153923
2021-08-12 09:44:00.000000000,1628732640000000000,3212,3214,3212,3214,168,153923,153920
2021-08-12 09:45:00.000000000,1628732700000000000,3214,3214,3212,3214,429,153920,153805
2021-08-12 09:46:00.000000000,1628732760000000000,3214,3216,3212,3212,480,153805,153811
2021-08-12 09:47:00.000000000,1628732820000000000,3212,3214,3212,3212,359,153811,153775
2021-08-12 09:48:00.000000000,1628732880000000000,3212,3214,3212,3212,491,153775,153629
2021-08-12 09:49:00.000000000,1628732940000000000,3212,3218,3212,3216,426,153629,153542
2021-08-12 09:50:00.000000000,1628733000000000000,3216,3218,3214,3216,531,153542,153334
2021-08-12 09:51:00.000000000,1628733060000000000,3216,3218,3214,3216,274,153334,153185
2021-08-12 09:52:00.000000000,1628733120000000000,3216,3216,3214,3214,264,153185,153148
2021-08-12 09:53:00.000000000,1628733180000000000,3214,3216,3212,3212,466,153148,153190
2021-08-12 09:54:00.000000000,1628733240000000000,3212,3214,3210,3212,528,153190,153093
2021-08-12 09:55:00.000000000,1628733300000000000,3212,3214,3212,3212,406,153093,152950
2021-08-12 09:56:00.000000000,1628733360000000000,3212,3214,3212,3214,139,152950,152896
2021-08-12 09:57:00.000000000,1628733420000000000,3214,3216,3212,3214,1249,152896,152795
2021-08-12 09:58:00.000000000,1628733480000000000,3214,3216,3212,3214,328,152795,152705
2021-08-12 09:59:00.000000000,1628733540000000000,3214,3214,3212,3214,153,152705,152667
2021-08-12 10:00:00.000000000,1628733600000000000,3214,3218,3214,3216,1450,152667,151994
2021-08-12 10:01:00.000000000,1628733660000000000,3216,3218,3214,3216,480,151994,151881
2021-08-12 10:02:00.000000000,1628733720000000000,3216,3218,3216,3216,473,151881,151825
2021-08-12 10:03:00.000000000,1628733780000000000,3216,3218,3214,3214,602,151825,151786
2021-08-12 10:04:00.000000000,1628733840000000000,3214,3216,3210,3212,572,151786,151860
2021-08-12 10:05:00.000000000,1628733900000000000,3212,3216,3210,3214,870,151860,151646
2021-08-12 10:06:00.000000000,1628733960000000000,3214,3216,3212,3212,242,151646,151533
2021-08-12 10:07:00.000000000,1628734020000000000,3212,3214,3210,3212,425,151533,151508
2021-08-12 10:08:00.000000000,1628734080000000000,3212,3214,3208,3208,1190,151508,151631
2021-08-12 10:09:00.000000000,1628734140000000000,3208,3210,3206,3206,1105,151631,151566
2021-08-12 10:10:00.000000000,1628734200000000000,3206,3210,3206,3210,819,151566,151541
2021-08-12 10:11:00.000000000,1628734260000000000,3210,3210,3208,3208,473,151541,151289
2021-08-12 10:12:00.000000000,1628734320000000000,3208,3214,3208,3212,890,151289,150819
2021-08-12 10:13:00.000000000,1628734380000000000,3212,3214,3210,3212,404,150819,150773
2021-08-12 10:14:00.000000000,1628734440000000000,3212,3214,3212,3214,336,150773,150644
2021-08-12 10:30:00.000000000,1628735400000000000,3216,3216,3214,3214,747,150644,150535
2021-08-12 10:31:00.000000000,1628735460000000000,3214,3218,3214,3216,415,150535,150415
2021-08-12 10:32:00.000000000,1628735520000000000,3216,3218,3216,3218,301,150415,150461
2021-08-12 10:33:00.000000000,1628735580000000000,3218,3218,3216,3218,383,150461,150416
2021-08-12 10:34:00.000000000,1628735640000000000,3218,3218,3216,3218,390,150416,150288
2021-08-12 10:35:00.000000000,1628735700000000000,3218,3218,3216,3218,1258,150288,150641
2021-08-12 10:36:00.000000000,1628735760000000000,3218,3220,3218,3218,488,150641,150572
2021-08-12 10:37:00.000000000,1628735820000000000,3218,3220,3218,3220,562,150572,150640
2021-08-12 10:38:00.000000000,1628735880000000000,3220,3220,3216,3216,564,150640,150738
2021-08-12 10:39:00.000000000,1628735940000000000,3216,3218,3216,3218,162,150738,150679
2021-08-12 10:40:00.000000000,1628736000000000000,3218,3218,3216,3216,62,150679,150633
2021-08-12 10:41:00.000000000,1628736060000000000,3216,3218,3214,3214,712,150633,150589
2021-08-12 10:42:00.000000000,1628736120000000000,3214,3218,3214,3216,329,150589,150616
2021-08-12 10:43:00.000000000,1628736180000000000,3216,3218,3212,3212,538,150616,150645
2021-08-12 10:44:00.000000000,1628736240000000000,3212,3216,3212,3214,552,150645,150488
2021-08-12 10:45:00.000000000,1628736300000000000,3214,3216,3214,3216,451,150488,150414
2021-08-12 10:46:00.000000000,1628736360000000000,3216,3216,3212,3212,322,150414,150317
2021-08-12 10:47:00.000000000,1628736420000000000,3212,3214,3212,3212,226,150317,150371
2021-08-12 10:48:00.000000000,1628736480000000000,3212,3214,3208,3210,874,150371,150222
2021-08-12 10:49:00.000000000,1628736540000000000,3210,3212,3208,3210,542,150222,150395
2021-08-12 10:50:00.000000000,1628736600000000000,3210,3214,3210,3214,409,150395,150368
2021-08-12 10:51:00.000000000,1628736660000000000,3214,3214,3210,3212,180,150368,150402
2021-08-12 10:52:00.000000000,1628736720000000000,3212,3212,3208,3210,872,150402,150520
2021-08-12 10:53:00.000000000,1628736780000000000,3210,3212,3208,3210,447,150520,150444
2021-08-12 10:54:00.000000000,1628736840000000000,3210,3210,3208,3210,264,150444,150471
2021-08-12 10:55:00.000000000,1628736900000000000,3210,3210,3208,3210,134,150471,150493
2021-08-12 10:56:00.000000000,1628736960000000000,3210,3210,3208,3208,401,150493,150426
2021-08-12 10:57:00.000000000,1628737020000000000,3208,3210,3208,3210,65,150426,150445
2021-08-12 10:58:00.000000000,1628737080000000000,3210,3212,3208,3212,859,150445,150277
2021-08-12 10:59:00.000000000,1628737140000000000,3212,3212,3208,3212,645,150277,150124
2021-08-12 11:00:00.000000000,1628737200000000000,3212,3212,3208,3208,480,150124,150057
2021-08-12 11:01:00.000000000,1628737260000000000,3208,3212,3208,3208,352,150057,149971
2021-08-12 11:02:00.000000000,1628737320000000000,3208,3212,3208,3210,344,149971,149923
2021-08-12 11:03:00.000000000,1628737380000000000,3210,3212,3210,3212,115,149923,149871
2021-08-12 11:04:00.000000000,1628737440000000000,3212,3216,3210,3214,487,149871,149942
2021-08-12 11:05:00.000000000,1628737500000000000,3214,3216,3214,3214,470,149942,149882
2021-08-12 11:06:00.000000000,1628737560000000000,3214,3216,3214,3216,104,149882,149843
2021-08-12 11:07:00.000000000,1628737620000000000,3216,3216,3214,3214,51,149843,149804
2021-08-12 11:08:00.000000000,1628737680000000000,3214,3216,3212,3214,433,149804,149671
2021-08-12 11:09:00.000000000,1628737740000000000,3214,3216,3214,3216,413,149671,149592
2021-08-12 11:10:00.000000000,1628737800000000000,3216,3216,3214,3214,250,149592,149594
2021-08-12 11:11:00.000000000,1628737860000000000,3214,3216,3214,3214,360,149594,149470
2021-08-12 11:12:00.000000000,1628737920000000000,3214,3216,3212,3214,89,149470,149446
2021-08-12 11:13:00.000000000,1628737980000000000,3214,3214,3212,3214,317,149446,149502
2021-08-12 11:14:00.000000000,1628738040000000000,3214,3216,3212,3214,217,149502,149487
2021-08-12 11:15:00.000000000,1628738100000000000,3214,3216,3210,3212,571,149487,149288
2021-08-12 11:16:00.000000000,1628738160000000000,3212,3212,3210,3210,99,149288,149225
2021-08-12 11:17:00.000000000,1628738220000000000,3210,3212,3208,3210,732,149225,148990
2021-08-12 11:18:00.000000000,1628738280000000000,3210,3210,3208,3208,894,148990,149181
2021-08-12 11:19:00.000000000,1628738340000000000,3208,3212,3208,3212,159,149181,149169
2021-08-12 11:20:00.000000000,1628738400000000000,3212,3212,3208,3212,588,149169,149068
2021-08-12 11:21:00.000000000,1628738460000000000,3212,3212,3210,3212,382,149068,149064
2021-08-12 11:22:00.000000000,1628738520000000000,3212,3214,3210,3214,204,149064,149088
2021-08-12 11:23:00.000000000,1628738580000000000,3214,3214,3212,3212,386,149088,148918
2021-08-12 11:24:00.000000000,1628738640000000000,3212,3212,3210,3210,90,148918,148861
2021-08-12 11:25:00.000000000,1628738700000000000,3210,3212,3208,3210,488,148861,148894
2021-08-12 11:26:00.000000000,1628738760000000000,3210,3212,3208,3210,550,148894,148842
2021-08-12 11:27:00.000000000,1628738820000000000,3210,3210,3208,3208,92,148842,148851
2021-08-12 11:28:00.000000000,1628738880000000000,3208,3210,3208,3208,435,148851,148765
2021-08-12 11:29:00.000000000,1628738940000000000,3208,3210,3206,3206,1066,148765,148555
2021-08-12 13:30:00.000000000,1628746200000000000,3206,3208,3202,3206,2334,148555,148482
2021-08-12 13:31:00.000000000,1628746260000000000,3206,3210,3204,3210,988,148482,148586
2021-08-12 13:32:00.000000000,1628746320000000000,3210,3210,3206,3210,867,148586,148384
2021-08-12 13:33:00.000000000,1628746380000000000,3210,3212,3210,3212,302,148384,148383
2021-08-12 13:34:00.000000000,1628746440000000000,3212,3212,3210,3210,57,148383,148392
2021-08-12 13:35:00.000000000,1628746500000000000,3210,3212,3208,3210,398,148392,148401
2021-08-12 13:36:00.000000000,1628746560000000000,3210,3210,3206,3208,735,148401,148395
2021-08-12 13:37:00.000000000,1628746620000000000,3208,3208,3206,3206,78,148395,148365
2021-08-12 13:38:00.000000000,1628746680000000000,3206,3210,3206,3210,700,148365,148363
2021-08-12 13:39:00.000000000,1628746740000000000,3210,3210,3206,3208,189,148363,148298
2021-08-12 13:40:00.000000000,1628746800000000000,3208,3208,3204,3206,947,148298,148211
2021-08-12 13:41:00.000000000,1628746860000000000,3206,3208,3206,3206,123,148211,148242
2021-08-12 13:42:00.000000000,1628746920000000000,3206,3208,3204,3206,285,148242,148274
2021-08-12 13:43:00.000000000,1628746980000000000,3206,3206,3202,3204,542,148274,148330
2021-08-12 13:44:00.000000000,1628747040000000000,3204,3206,3202,3204,580,148330,148253
2021-08-12 13:45:00.000000000,1628747100000000000,3204,3204,3200,3200,950,148253,148277
2021-08-12 13:46:00.000000000,1628747160000000000,3200,3202,3198,3198,1608,148277,148505
2021-08-12 13:47:00.000000000,1628747220000000000,3198,3200,3194,3198,1604,148505,148395
2021-08-12 13:48:00.000000000,1628747280000000000,3198,3204,3198,3200,952,148395,148551
2021-08-12 13:49:00.000000000,1628747340000000000,3200,3202,3200,3202,67,148551,148552
2021-08-12 13:50:00.000000000,1628747400000000000,3202,3206,3200,3204,770,148552,148487
2021-08-12 13:51:00.000000000,1628747460000000000,3204,3206,3202,3204,413,148487,148397
2021-08-12 13:52:00.000000000,1628747520000000000,3204,3206,3202,3204,625,148397,148235
2021-08-12 13:53:00.000000000,1628747580000000000,3204,3206,3202,3204,198,148235,148269
2021-08-12 13:54:00.000000000,1628747640000000000,3204,3204,3202,3204,504,148269,148186
2021-08-12 13:55:00.000000000,1628747700000000000,3204,3206,3202,3204,215,148186,148102
2021-08-12 13:56:00.000000000,1628747760000000000,3204,3206,3202,3202,348,148102,148226
2021-08-12 13:57:00.000000000,1628747820000000000,3202,3204,3202,3204,90,148226,148198
2021-08-12 13:58:00.000000000,1628747880000000000,3204,3204,3200,3200,380,148198,148191
2021-08-12 13:59:00.000000000,1628747940000000000,3200,3200,3198,3198,473,148191,148288
2021-08-12 14:00:00.000000000,1628748000000000000,3198,3202,3198,3202,408,148288,148022
2021-08-12 14:01:00.000000000,1628748060000000000,3202,3204,3200,3204,744,148022,147789
2021-08-12 14:02:00.000000000,1628748120000000000,3204,3204,3202,3204,426,147789,147857
2021-08-12 14:03:00.000000000,1628748180000000000,3204,3204,3202,3202,150,147857,147821
2021-08-12 14:04:00.000000000,1628748240000000000,3202,3204,3198,3200,899,147821,147662
2021-08-12 14:05:00.000000000,1628748300000000000,3200,3200,3196,3196,466,147662,147622
2021-08-12 14:06:00.000000000,1628748360000000000,3196,3200,3196,3198,859,147622,147574
2021-08-12 14:07:00.000000000,1628748420000000000,3198,3200,3196,3198,369,147574,147328
2021-08-12 14:08:00.000000000,1628748480000000000,3198,3198,3194,3194,904,147328,147323
2021-08-12 14:09:00.000000000,1628748540000000000,3194,3196,3192,3194,1069,147323,147269
2021-08-12 14:10:00.000000000,1628748600000000000,3194,3196,3190,3192,734,147269,147305
2021-08-12 14:11:00.000000000,1628748660000000000,3192,3194,3190,3194,378,147305,147242
2021-08-12 14:12:00.000000000,1628748720000000000,3194,3194,3192,3194,685,147242,147266
2021-08-12 14:13:00.000000000,1628748780000000000,3194,3194,3190,3192,494,147266,147262
2021-08-12 14:14:00.000000000,1628748840000000000,3192,3194,3190,3192,1780,147262,147420
2021-08-12 14:15:00.000000000,1628748900000000000,3192,3192,3190,3190,164,147420,147418
2021-08-12 14:16:00.000000000,1628748960000000000,3190,3192,3190,3190,111,147418,147373
2021-08-12 14:17:00.000000000,1628749020000000000,3190,3192,3190,3192,175,147373,147378
2021-08-12 14:18:00.000000000,1628749080000000000,3192,3192,3190,3192,227,147378,147337
2021-08-12 14:19:00.000000000,1628749140000000000,3192,3194,3188,3192,1543,147337,147429
2021-08-12 14:20:00.000000000,1628749200000000000,3192,3194,3192,3192,284,147429,147364
2021-08-12 14:21:00.000000000,1628749260000000000,3192,3196,3192,3196,526,147364,147365
2021-08-12 14:22:00.000000000,1628749320000000000,3196,3198,3196,3196,290,147365,147348
2021-08-12 14:23:00.000000000,1628749380000000000,3196,3198,3196,3198,111,147348,147368
2021-08-12 14:24:00.000000000,1628749440000000000,3198,3198,3194,3194,338,147368,147401
2021-08-12 14:25:00.000000000,1628749500000000000,3194,3196,3194,3196,254,147401,147419
2021-08-12 14:26:00.000000000,1628749560000000000,3196,3202,3196,3200,877,147419,147270
2021-08-12 14:27:00.000000000,1628749620000000000,3200,3202,3198,3200,661,147270,147419
2021-08-12 14:28:00.000000000,1628749680000000000,3200,3200,3198,3198,536,147419,147511
2021-08-12 14:29:00.000000000,1628749740000000000,3198,3200,3198,3200,104,147511,147544
2021-08-12 14:30:00.000000000,1628749800000000000,3200,3202,3198,3198,840,147544,147520
2021-08-12 14:31:00.000000000,1628749860000000000,3198,3198,3196,3196,81,147520,147494
2021-08-12 14:32:00.000000000,1628749920000000000,3196,3198,3196,3196,503,147494,147399
2021-08-12 14:33:00.000000000,1628749980000000000,3196,3198,3194,3196,498,147399,147393
2021-08-12 14:34:00.000000000,1628750040000000000,3196,3198,3196,3198,109,147393,147414
2021-08-12 14:35:00.000000000,1628750100000000000,3198,3202,3196,3200,1306,147414,147011
2021-08-12 14:36:00.000000000,1628750160000000000,3200,3202,3200,3202,221,147011,147054
2021-08-12 14:37:00.000000000,1628750220000000000,3202,3202,3200,3200,544,147054,146939
2021-08-12 14:38:00.000000000,1628750280000000000,3200,3202,3198,3200,326,146939,146902
2021-08-12 14:39:00.000000000,1628750340000000000,3200,3200,3198,3198,329,146902,146903
2021-08-12 14:40:00.000000000,1628750400000000000,3198,3198,3196,3196,483,146903,146732
2021-08-12 14:41:00.000000000,1628750460000000000,3196,3198,3196,3196,169,146732,146672
2021-08-12 14:42:00.000000000,1628750520000000000,3196,3198,3192,3194,1000,146672,146584
2021-08-12 14:43:00.000000000,1628750580000000000,3194,3194,3192,3192,346,146584,146517
2021-08-12 14:44:00.000000000,1628750640000000000,3192,3194,3192,3192,180,146517,146462
2021-08-12 14:45:00.000000000,1628750700000000000,3192,3194,3190,3190,579,146462,146537
2021-08-12 14:46:00.000000000,1628750760000000000,3190,3194,3190,3194,442,146537,146401
2021-08-12 14:47:00.000000000,1628750820000000000,3194,3196,3192,3196,695,146401,146381
2021-08-12 14:48:00.000000000,1628750880000000000,3196,3196,3192,3194,789,146381,146263
2021-08-12 14:49:00.000000000,1628750940000000000,3194,3196,3192,3194,449,146263,146320
2021-08-12 14:50:00.000000000,1628751000000000000,3194,3196,3190,3192,670,146320,146412
2021-08-12 14:51:00.000000000,1628751060000000000,3192,3192,3190,3190,553,146412,146212
2021-08-12 14:52:00.000000000,1628751120000000000,3190,3192,3190,3190,289,146212,146146
2021-08-12 14:53:00.000000000,1628751180000000000,3190,3192,3190,3192,599,146146,145967
2021-08-12 14:54:00.000000000,1628751240000000000,3192,3194,3190,3190,1288,145967,145944
2021-08-12 14:55:00.000000000,1628751300000000000,3190,3194,3190,3192,849,145944,146102
2021-08-12 14:56:00.000000000,1628751360000000000,3192,3194,3192,3194,419,146102,146181
2021-08-12 14:57:00.000000000,1628751420000000000,3194,3196,3192,3192,1039,146181,145949
2021-08-12 14:58:00.000000000,1628751480000000000,3192,3194,3192,3194,696,145949,145703
2021-08-12 14:59:00.000000000,1628751540000000000,3194,3198,3192,3198,1817,145703,145209
2021-08-12 21:00:00.000000000,1628773200000000000,3188,3194,3186,3190,7180,145209,143876
2021-08-12 21:01:00.000000000,1628773260000000000,3190,3194,3184,3186,4447,143876,143140
2021-08-12 21:02:00.000000000,1628773320000000000,3186,3192,3184,3190,2151,143140,143248
2021-08-12 21:03:00.000000000,1628773380000000000,3190,3198,3190,3196,2284,143248,143492
2021-08-12 21:04:00.000000000,1628773440000000000,3196,3198,3192,3198,3963,143492,143015
2021-08-12 21:05:00.000000000,1628773500000000000,3198,3204,3196,3202,3284,143015,143844
2021-08-12 21:06:00.000000000,1628773560000000000,3202,3204,3200,3204,1936,143844,143803
2021-08-12 21:07:00.000000000,1628773620000000000,3204,3204,3200,3200,1526,143803,143843
2021-08-12 21:08:00.000000000,1628773680000000000,3200,3202,3196,3196,1621,143843,143453
2021-08-12 21:09:00.000000000,1628773740000000000,3196,3200,3196,3200,1822,143453,143086
2021-08-12 21:10:00.000000000,1628773800000000000,3200,3206,3198,3204,2894,143086,143791
2021-08-12 21:11:00.000000000,1628773860000000000,3204,3204,3200,3202,1910,143791,143743
2021-08-12 21:12:00.000000000,1628773920000000000,3202,3206,3202,3202,654,143743,143949
2021-08-12 21:13:00.000000000,1628773980000000000,3202,3204,3200,3200,914,143949,143910
2021-08-12 21:14:00.000000000,1628774040000000000,3200,3202,3198,3200,894,143910,143902
2021-08-12 21:15:00.000000000,1628774100000000000,3200,3202,3198,3200,1034,143902,143973
2021-08-12 21:16:00.000000000,1628774160000000000,3200,3202,3198,3202,1087,143973,144093
2021-08-12 21:17:00.000000000,1628774220000000000,3202,3204,3200,3202,1033,144093,144433
2021-08-12 21:18:00.000000000,1628774280000000000,3202,3202,3196,3196,1083,144433,144523
2021-08-12 21:19:00.000000000,1628774340000000000,3196,3198,3196,3198,538,144523,144563
2021-08-12 21:20:00.000000000,1628774400000000000,3198,3198,3192,3192,1284,144563,144723
2021-08-12 21:21:00.000000000,1628774460000000000,3192,3194,3188,3192,2154,144723,144322
2021-08-12 21:22:00.000000000,1628774520000000000,3192,3194,3190,3194,729,144322,144383
2021-08-12 21:23:00.000000000,1628774580000000000,3194,3194,3192,3194,620,144383,144506
2021-08-12 21:24:00.000000000,1628774640000000000,3194,3194,3188,3190,1101,144506,144483
2021-08-12 21:25:00.000000000,1628774700000000000,3190,3190,3188,3190,686,144483,144628
2021-08-12 21:26:00.000000000,1628774760000000000,3190,3194,3190,3194,997,144628,144615
2021-08-12 21:27:00.000000000,1628774820000000000,3194,3194,3192,3194,239,144615,144579
2021-08-12 21:28:00.000000000,1628774880000000000,3194,3196,3192,3196,1239,144579,144351
2021-08-12 21:29:00.000000000,1628774940000000000,3196,3198,3194,3194,1626,144351,143799
2021-08-12 21:30:00.000000000,1628775000000000000,3194,3196,3192,3194,1443,143799,143820
2021-08-12 21:31:00.000000000,1628775060000000000,3194,3194,3188,3190,977,143820,143746
2021-08-12 21:32:00.000000000,1628775120000000000,3190,3190,3188,3190,639,143746,143651
2021-08-12 21:33:00.000000000,1628775180000000000,3190,3192,3188,3192,769,143651,143623
2021-08-12 21:34:00.000000000,1628775240000000000,3192,3196,3190,3196,514,143623,143533
2021-08-12 21:35:00.000000000,1628775300000000000,3196,3196,3192,3194,332,143533,143457
2021-08-12 21:36:00.000000000,1628775360000000000,3194,3196,3192,3194,229,143457,143478
2021-08-12 21:37:00.000000000,1628775420000000000,3194,3194,3188,3190,996,143478,143615
2021-08-12 21:38:00.000000000,1628775480000000000,3190,3192,3188,3190,673,143615,143684
2021-08-12 21:39:00.000000000,1628775540000000000,3190,3190,3186,3188,1711,143684,143893
2021-08-12 21:40:00.000000000,1628775600000000000,3188,3192,3186,3192,1690,143893,143692
2021-08-12 21:41:00.000000000,1628775660000000000,3192,3192,3190,3192,129,143692,143716
2021-08-12 21:42:00.000000000,1628775720000000000,3192,3194,3192,3194,578,143716,143796
2021-08-12 21:43:00.000000000,1628775780000000000,3194,3194,3190,3192,296,143796,143634
2021-08-12 21:44:00.000000000,1628775840000000000,3192,3192,3190,3192,115,143634,143574
2021-08-12 21:45:00.000000000,1628775900000000000,3192,3192,3186,3188,1416,143574,143772
2021-08-12 21:46:00.000000000,1628775960000000000,3188,3190,3188,3188,518,143772,143807
2021-08-12 21:47:00.000000000,1628776020000000000,3188,3188,3186,3186,456,143807,143856
2021-08-12 21:48:00.000000000,1628776080000000000,3186,3190,3186,3190,307,143856,143719
2021-08-12 21:49:00.000000000,1628776140000000000,3190,3190,3184,3186,470,143719,143739
2021-08-12 21:50:00.000000000,1628776200000000000,3186,3190,3184,3188,445,143739,143644
2021-08-12 21:51:00.000000000,1628776260000000000,3188,3190,3188,3190,101,143644,143630
2021-08-12 21:52:00.000000000,1628776320000000000,3190,3190,3186,3186,439,143630,143638
2021-08-12 21:53:00.000000000,1628776380000000000,3186,3188,3186,3186,463,143638,143714
2021-08-12 21:54:00.000000000,1628776440000000000,3186,3188,3186,3186,317,143714,143675
2021-08-12 21:55:00.000000000,1628776500000000000,3186,3188,3186,3188,505,143675,143589
2021-08-12 21:56:00.000000000,1628776560000000000,3188,3188,3186,3186,113,143589,143553
2021-08-12 21:57:00.000000000,1628776620000000000,3186,3190,3186,3188,347,143553,143469
2021-08-12 21:58:00.000000000,1628776680000000000,3188,3190,3186,3186,521,143469,143435
2021-08-12 21:59:00.000000000,1628776740000000000,3186,3188,3184,3186,495,143435,143511
2021-08-12 22:00:00.000000000,1628776800000000000,3186,3186,3182,3182,1497,143511,143740
2021-08-12 22:01:00.000000000,1628776860000000000,3182,3186,3182,3186,1139,143740,143530
2021-08-12 22:02:00.000000000,1628776920000000000,3186,3190,3184,3190,504,143530,143598
2021-08-12 22:03:00.000000000,1628776980000000000,3190,3194,3190,3192,1022,143598,143409
2021-08-12 22:04:00.000000000,1628777040000000000,3192,3194,3190,3192,304,143409,143464
2021-08-12 22:05:00.000000000,1628777100000000000,3192,3192,3190,3190,496,143464,143463
2021-08-12 22:06:00.000000000,1628777160000000000,3190,3190,3186,3190,812,143463,143624
2021-08-12 22:07:00.000000000,1628777220000000000,3190,3190,3188,3190,48,143624,143653
2021-08-12 22:08:00.000000000,1628777280000000000,3190,3190,3186,3188,658,143653,143587
2021-08-12 22:09:00.000000000,1628777340000000000,3188,3190,3186,3188,379,143587,143596
2021-08-12 22:10:00.000000000,1628777400000000000,3188,3192,3188,3192,185,143596,143641
2021-08-12 22:11:00.000000000,1628777460000000000,3192,3192,3190,3190,402,143641,143603
2021-08-12 22:12:00.000000000,1628777520000000000,3190,3192,3190,3192,479,143603,143756
2021-08-12 22:13:00.000000000,1628777580000000000,3192,3192,3190,3190,225,143756,143765
2021-08-12 22:14:00.000000000,1628777640000000000,3190,3192,3190,3190,106,143765,143783
2021-08-12 22:15:00.000000000,1628777700000000000,3190,3192,3190,3192,27,143783,143764
2021-08-12 22:16:00.000000000,1628777760000000000,3192,3192,3190,3190,44,143764,143739
2021-08-12 22:17:00.000000000,1628777820000000000,3190,3192,3188,3192,494,143739,143746
2021-08-12 22:18:00.000000000,1628777880000000000,3192,3192,3188,3192,310,143746,143710
2021-08-12 22:19:00.000000000,1628777940000000000,3192,3192,3190,3192,83,143710,143667
2021-08-12 22:20:00.000000000,1628778000000000000,3192,3192,3190,3192,1048,143667,143645
2021-08-12 22:21:00.000000000,1628778060000000000,3192,3192,3190,3192,410,143645,143662
2021-08-12 22:22:00.000000000,1628778120000000000,3192,3194,3190,3194,267,143662,143728
2021-08-12 22:23:00.000000000,1628778180000000000,3194,3196,3192,3194,659,143728,143558
2021-08-12 22:24:00.000000000,1628778240000000000,3194,3196,3194,3196,571,143558,143468
2021-08-12 22:25:00.000000000,1628778300000000000,3196,3198,3194,3194,444,143468,143342
2021-08-12 22:26:00.000000000,1628778360000000000,3194,3196,3194,3196,289,143342,143265
2021-08-12 22:27:00.000000000,1628778420000000000,3196,3198,3194,3196,309,143265,143235
2021-08-12 22:28:00.000000000,1628778480000000000,3196,3198,3194,3196,213,143235,143172
2021-08-12 22:29:00.000000000,1628778540000000000,3196,3198,3194,3196,257,143172,143222
2021-08-12 22:30:00.000000000,1628778600000000000,3196,3198,3194,3196,322,143222,143176
2021-08-12 22:31:00.000000000,1628778660000000000,3196,3196,3194,3194,457,143176,143270
2021-08-12 22:32:00.000000000,1628778720000000000,3194,3196,3194,3194,253,143270,143200
2021-08-12 22:33:00.000000000,1628778780000000000,3194,3194,3190,3190,331,143200,143359
2021-08-12 22:34:00.000000000,1628778840000000000,3190,3192,3188,3190,706,143359,143401
2021-08-12 22:35:00.000000000,1628778900000000000,3190,3190,3188,3188,59,143401,143391
2021-08-12 22:36:00.000000000,1628778960000000000,3188,3192,3188,3192,262,143391,143337
2021-08-12 22:37:00.000000000,1628779020000000000,3192,3192,3190,3192,308,143337,143366
2021-08-12 22:38:00.000000000,1628779080000000000,3192,3192,3190,3192,37,143366,143361
2021-08-12 22:39:00.000000000,1628779140000000000,3192,3192,3188,3190,380,143361,143380
2021-08-12 22:40:00.000000000,1628779200000000000,3190,3198,3190,3198,1235,143380,142915
2021-08-12 22:41:00.000000000,1628779260000000000,3198,3198,3196,3196,686,142915,142770
2021-08-12 22:42:00.000000000,1628779320000000000,3196,3198,3196,3198,539,142770,142694
2021-08-12 22:43:00.000000000,1628779380000000000,3198,3200,3198,3200,268,142694,142652
2021-08-12 22:44:00.000000000,1628779440000000000,3200,3200,3196,3198,208,142652,142643
2021-08-12 22:45:00.000000000,1628779500000000000,3198,3198,3196,3196,46,142643,142636
2021-08-12 22:46:00.000000000,1628779560000000000,3196,3196,3194,3194,369,142636,142757
2021-08-12 22:47:00.000000000,1628779620000000000,3194,3196,3194,3196,76,142757,142758
2021-08-12 22:48:00.000000000,1628779680000000000,3196,3196,3194,3196,60,142758,142737
2021-08-12 22:49:00.000000000,1628779740000000000,3196,3196,3194,3194,280,142737,142692
2021-08-12 22:50:00.000000000,1628779800000000000,3194,3196,3192,3194,522,142692,142740
2021-08-12 22:51:00.000000000,1628779860000000000,3194,3194,3192,3192,115,142740,142712
2021-08-12 22:52:00.000000000,1628779920000000000,3192,3194,3192,3194,125,142712,142773
2021-08-12 22:53:00.000000000,1628779980000000000,3194,3196,3192,3194,255,142773,142769
2021-08-12 22:54:00.000000000,1628780040000000000,3194,3196,3192,3196,192,142769,142704
2021-08-12 22:55:00.000000000,1628780100000000000,3196,3196,3194,3194,152,142704,142637
2021-08-12 22:56:00.000000000,1628780160000000000,3194,3196,3194,3196,62,142637,142610
2021-08-12 22:57:00.000000000,1628780220000000000,3196,3198,3194,3198,852,142610,142208
2021-08-12 22:58:00.000000000,1628780280000000000,3198,3198,3194,3194,405,142208,142008
2021-08-12 22:59:00.000000000,1628780340000000000,3194,3196,3194,3194,629,142008,141893
2021-08-13 09:00:00.000000000,1628816400000000000,3190,3196,3188,3194,1965,141893,141977
2021-08-13 09:01:00.000000000,1628816460000000000,3194,3194,3188,3188,1210,141977,141658
2021-08-13 09:02:00.000000000,1628816520000000000,3188,3192,3188,3192,1038,141658,141510
2021-08-13 09:03:00.000000000,1628816580000000000,3192,3196,3192,3194,665,141510,141433
2021-08-13 09:04:00.000000000,1628816640000000000,3194,3196,3192,3194,637,141433,141391
2021-08-13 09:05:00.000000000,1628816700000000000,3194,3196,3192,3194,317,141391,141434
2021-08-13 09:06:00.000000000,1628816760000000000,3194,3198,3194,3198,608,141434,141413
2021-08-13 09:07:00.000000000,1628816820000000000,3198,3208,3198,3202,3256,141413,140894
2021-08-13 09:08:00.000000000,1628816880000000000,3202,3204,3200,3200,477,140894,140734
2021-08-13 09:09:00.000000000,1628816940000000000,3200,3202,3196,3196,724,140734,140877
2021-08-13 09:10:00.000000000,1628817000000000000,3196,3200,3196,3196,581,140877,140862
2021-08-13 09:11:00.000000000,1628817060000000000,3196,3198,3194,3196,568,140862,140929
2021-08-13 09:12:00.000000000,1628817120000000000,3196,3196,3192,3194,848,140929,140918
2021-08-13 09:13:00.000000000,1628817180000000000,3194,3196,3192,3194,364,140918,140812
2021-08-13 09:14:00.000000000,1628817240000000000,3194,3196,3194,3194,412,140812,140865
2021-08-13 09:15:00.000000000,1628817300000000000,3194,3196,3192,3194,343,140865,140883
2021-08-13 09:16:00.000000000,1628817360000000000,3194,3198,3194,3198,241,140883,140792
2021-08-13 09:17:00.000000000,1628817420000000000,3198,3200,3196,3198,304,140792,140788
2021-08-13 09:18:00.000000000,1628817480000000000,3198,3202,3198,3202,736,140788,140782
2021-08-13 09:19:00.000000000,1628817540000000000,3202,3202,3200,3200,1289,140782,140776
2021-08-13 09:20:00.000000000,1628817600000000000,3200,3202,3200,3202,822,140776,140810
2021-08-13 09:21:00.000000000,1628817660000000000,3202,3204,3200,3202,850,140810,140778
2021-08-13 09:22:00.000000000,1628817720000000000,3202,3204,3198,3200,860,140778,140881
2021-08-13 09:23:00.000000000,1628817780000000000,3200,3200,3194,3198,929,140881,140800
2021-08-13 09:24:00.000000000,1628817840000000000,3198,3198,3196,3196,420,140800,140611
2021-08-13 09:25:00.000000000,1628817900000000000,3196,3200,3196,3196,354,140611,140589
2021-08-13 09:26:00.000000000,1628817960000000000,3196,3196,3194,3194,740,140589,140829
2021-08-13 09:27:00.000000000,1628818020000000000,3194,3194,3192,3194,131,140829,140791
2021-08-13 09:28:00.000000000,1628818080000000000,3194,3194,3192,3192,192,140791,140792
2021-08-13 09:29:00.000000000,1628818140000000000,3192,3194,3192,3194,160,140792,140828
2021-08-13 09:30:00.000000000,1628818200000000000,3194,3194,3188,3188,2158,140828,140962
2021-08-13 09:31:00.000000000,1628818260000000000,3188,3192,3188,3190,754,140962,140709
2021-08-13 09:32:00.000000000,1628818320000000000,3190,3190,3188,3188,727,140709,140529
2021-08-13 09:33:00.000000000,1628818380000000000,3188,3190,3186,3188,279,140529,140474
2021-08-13 09:34:00.000000000,1628818440000000000,3188,3188,3184,3186,411,140474,140590
2021-08-13 09:35:00.000000000,1628818500000000000,3186,3186,3178,3184,2183,140590,140852
2021-08-13 09:36:00.000000000,1628818560000000000,3184,3186,3182,3186,829,140852,140834
2021-08-13 09:37:00.000000000,1628818620000000000,3186,3188,3184,3188,473,140834,140765
2021-08-13 09:38:00.000000000,1628818680000000000,3188,3190,3188,3188,433,140765,140782
2021-08-13 09:39:00.000000000,1628818740000000000,3188,3190,3188,3190,84,140782,140825
2021-08-13 09:40:00.000000000,1628818800000000000,3190,3190,3188,3188,479,140825,141016
2021-08-13 09:41:00.000000000,1628818860000000000,3188,3190,3188,3190,200,141016,140949
2021-08-13 09:42:00.000000000,1628818920000000000,3190,3190,3188,3188,32,140949,140940
2021-08-13 09:43:00.000000000,1628818980000000000,3188,3190,3188,3188,93,140940,140936
2021-08-13 09:44:00.000000000,1628819040000000000,3188,3192,3188,3190,371,140936,141036
2021-08-13 09:45:00.000000000,1628819100000000000,3190,3192,3188,3190,1700,141036,140581
2021-08-13 09:46:00.000000000,1628819160000000000,3190,3192,3188,3188,163,140581,140575
2021-08-13 09:47:00.000000000,1628819220000000000,3188,3190,3188,3190,41,140575,140564
2021-08-13 09:48:00.000000000,1628819280000000000,3190,3190,3188,3190,426,140564,140571
2021-08-13 09:49:00.000000000,1628819340000000000,3190,3190,3188,3188,39,140571,140550
2021-08-13 09:50:00.000000000,1628819400000000000,3188,3188,3184,3186,621,140550,140687
2021-08-13 09:51:00.000000000,1628819460000000000,3186,3188,3184,3186,450,140687,140690
2021-08-13 09:52:00.000000000,1628819520000000000,3186,3186,3184,3186,114,140690,140698
2021-08-13 09:53:00.000000000,1628819580000000000,3186,3186,3184,3186,74,140698,140684
2021-08-13 09:54:00.000000000,1628819640000000000,3186,3186,3180,3180,1234,140684,140450
2021-08-13 09:55:00.000000000,1628819700000000000,3180,3182,3180,3182,510,140450,140368
2021-08-13 09:56:00.000000000,1628819760000000000,3182,3182,3180,3180,408,140368,140408
2021-08-13 09:57:00.000000000,1628819820000000000,3180,3182,3178,3180,1629,140408,140867
2021-08-13 09:58:00.000000000,1628819880000000000,3180,3184,3180,3184,565,140867,141039
2021-08-13 09:59:00.000000000,1628819940000000000,3184,3186,3182,3184,338,141039,140931
2021-08-13 10:00:00.000000000,1628820000000000000,3184,3186,3182,3184,307,140931,140954
2021-08-13 10:01:00.000000000,1628820060000000000,3184,3186,3184,3184,540,140954,140986
2021-08-13 10:02:00.000000000,1628820120000000000,3184,3184,3182,3184,483,140986,141036
2021-08-13 10:03:00.000000000,1628820180000000000,3184,3188,3182,3184,1022,141036,141127
2021-08-13 10:04:00.000000000,1628820240000000000,3184,3186,3182,3186,415,141127,141284
2021-08-13 10:05:00.000000000,1628820300000000000,3186,3186,3182,3184,219,141284,141306
2021-08-13 10:06:00.000000000,1628820360000000000,3184,3184,3178,3178,1039,141306,141116
2021-08-13 10:07:00.000000000,1628820420000000000,3178,3182,3178,3180,348,141116,141273
2021-08-13 10:08:00.000000000,1628820480000000000,3180,3182,3180,3182,706,141273,141065
2021-08-13 10:09:00.000000000,1628820540000000000,3182,3182,3178,3178,189,141065,141006
2021-08-13 10:10:00.000000000,1628820600000000000,3178,3180,3178,3178,174,141006,141044
2021-08-13 10:11:00.000000000,1628820660000000000,3178,3180,3178,3180,238,141044,141015
2021-08-13 10:12:00.000000000,1628820720000000000,3180,3180,3176,3176,402,141015,141091
2021-08-13 10:13:00.000000000,1628820780000000000,3176,3178,3176,3176,124,141091,141099
2021-08-13 10:14:00.000000000,1628820840000000000,3176,3178,3174,3176,514,141099,141273
2021-08-13 10:30:00.000000000,1628821800000000000,3176,3176,3174,3176,344,141273,141291
2021-08-13 10:31:00.000000000,1628821860000000000,3176,3176,3172,3172,750,141291,141326
2021-08-13 10:32:00.000000000,1628821920000000000,3172,3176,3172,3174,752,141326,141366
2021-08-13 10:33:00.000000000,1628821980000000000,3174,3176,3174,3176,193,141366,141282
2021-08-13 10:34:00.000000000,1628822040000000000,3176,3176,3174,3176,382,141282,141282
2021-08-13 10:35:00.000000000,1628822100000000000,3176,3180,3176,3180,372,141282,141210
2021-08-13 10:36:00.000000000,1628822160000000000,3180,3184,3178,3184,654,141210,141220
2021-08-13 10:37:00.000000000,1628822220000000000,3184,3184,3182,3182,163,141220,141228
2021-08-13 10:38:00.000000000,1628822280000000000,3182,3184,3180,3182,277,141228,141068
2021-08-13 10:39:00.000000000,1628822340000000000,3182,3184,3180,3184,262,141068,141049
2021-08-13 10:40:00.000000000,1628822400000000000,3184,3184,3182,3184,52,141049,141049
2021-08-13 10:41:00.000000000,1628822460000000000,3184,3184,3180,3182,622,141049,140996
2021-08-13 10:42:00.000000000,1628822520000000000,3182,3182,3180,3180,689,140996,140971
2021-08-13 10:43:00.000000000,1628822580000000000,3180,3180,3174,3176,1285,140971,141013
2021-08-13 10:44:00.000000000,1628822640000000000,3176,3178,3174,3176,615,141013,141160
2021-08-13 10:45:00.000000000,1628822700000000000,3176,3176,3172,3174,489,141160,141262
2021-08-13 10:46:00.000000000,1628822760000000000,3174,3174,3172,3172,354,141262,141362
2021-08-13 10:47:00.000000000,1628822820000000000,3172,3176,3172,3172,460,141362,141471
2021-08-13 10:48:00.000000000,1628822880000000000,3172,3174,3172,3172,96,141471,141491
2021-08-13 10:49:00.000000000,1628822940000000000,3172,3172,3170,3172,694,141491,141541
2021-08-13 10:50:00.000000000,1628823000000000000,3172,3172,3166,3166,1274,141541,141625
2021-08-13 10:51:00.000000000,1628823060000000000,3166,3170,3166,3170,526,141625,141510
2021-08-13 10:52:00.000000000,1628823120000000000,3170,3170,3168,3168,240,141510,141529
2021-08-13 10:53:00.000000000,1628823180000000000,3168,3172,3168,3170,705,141529,141596
2021-08-13 10:54:00.000000000,1628823240000000000,3170,3172,3168,3170,307,141596,141578
2021-08-13 10:55:00.000000000,1628823300000000000,3170,3172,3168,3170,423,141578,141661
2021-08-13 10:56:00.000000000,1628823360000000000,3170,3172,3168,3170,279,141661,141570
2021-08-13 10:57:00.000000000,1628823420000000000,3170,3172,3168,3172,231,141570,141612
2021-08-13 10:58:00.000000000,1628823480000000000,3172,3172,3170,3172,87,141612,141594
2021-08-13 10:59:00.000000000,1628823540000000000,3172,3172,3170,3170,581,141594,141517
2021-08-13 11:00:00.000000000,1628823600000000000,3170,3172,3168,3170,297,141517,141535
2021-08-13 11:01:00.000000000,1628823660000000000,3170,3170,3168,3168,532,141535,141435
2021-08-13 11:02:00.000000000,1628823720000000000,3168,3170,3168,3170,118,141435,141434
2021-08-13 11:03:00.000000000,1628823780000000000,3170,3170,3168,3170,194,141434,141420
2021-08-13 11:04:00.000000000,1628823840000000000,3170,3172,3168,3172,232,141420,141425
2021-08-13 11:05:00.000000000,1628823900000000000,3172,3172,3170,3172,68,141425,141439
2021-08-13 11:06:00.000000000,1628823960000000000,3172,3172,3170,3172,111,141439,141451
2021-08-13 11:07:00.000000000,1628824020000000000,3172,3172,3170,3172,46,141451,141468
2021-08-13 11:08:00.000000000,1628824080000000000,3172,3172,3170,3172,43,141468,141457
2021-08-13 11:09:00.000000000,1628824140000000000,3172,3172,3170,3172,121,141457,141485
2021-08-13 11:10:00.000000000,1628824200000000000,3172,3172,3170,3170,99,141485,141475
2021-08-13 11:11:00.000000000,1628824260000000000,3170,3172,3170,3172,133,141475,141446
2021-08-13 11:12:00.000000000,1628824320000000000,3172,3172,3168,3168,255,141446,141471
2021-08-13 11:13:00.000000000,1628824380000000000,3168,3170,3168,3170,83,141471,141415
2021-08-13 11:14:00.000000000,1628824440000000000,3170,3170,3160,3164,2243,141415,141184
2021-08-13 11:15:00.000000000,1628824500000000000,3164,3164,3158,3160,1854,141184,141392
2021-08-13 11:16:00.000000000,1628824560000000000,3160,3164,3158,3164,1215,141392,141623
2021-08-13 11:17:00.000000000,1628824620000000000,3164,3168,3162,3166,1328,141623,141576
2021-08-13 11:18:00.000000000,1628824680000000000,3166,3168,3164,3164,666,141576,141543
2021-08-13 11:19:00.000000000,1628824740000000000,3164,3168,3164,3168,683,141543,141756
2021-08-13 11:20:00.000000000,1628824800000000000,3168,3168,3164,3164,281,141756,141752
2021-08-13 11:21:00.000000000,1628824860000000000,3164,3174,3164,3172,1957,141752,141587
2021-08-13 11:22:00.000000000,1628824920000000000,3172,3174,3172,3172,833,141587,141373
2021-08-13 11:23:00.000000000,1628824980000000000,3172,3174,3172,3172,129,141373,141338
2021-08-13 11:24:00.000000000,1628825040000000000,3172,3174,3170,3172,604,141338,141234
2021-08-13 11:25:00.000000000,1628825100000000000,3172,3172,3170,3172,298,141234,141339
2021-08-13 11:26:00.000000000,1628825160000000000,3172,3172,3168,3170,202,141339,141384
2021-08-13 11:27:00.000000000,1628825220000000000,3170,3172,3170,3170,290,141384,141465
2021-08-13 11:28:00.000000000,1628825280000000000,3170,3172,3170,3172,211,141465,141361
2021-08-13 11:29:00.000000000,1628825340000000000,3172,3174,3170,3174,664,141361,141423
2021-08-13 13:30:00.000000000,1628832600000000000,3164,3166,3160,3164,2515,141423,140896
2021-08-13 13:31:00.000000000,1628832660000000000,3164,3166,3160,3160,827,140896,140971
2021-08-13 13:32:00.000000000,1628832720000000000,3160,3164,3160,3162,492,140971,140950
2021-08-13 13:33:00.000000000,1628832780000000000,3162,3162,3160,3162,492,140950,140904
2021-08-13 13:34:00.000000000,1628832840000000000,3162,3164,3160,3164,158,140904,140847
2021-08-13 13:35:00.000000000,1628832900000000000,3164,3164,3160,3162,553,140847,140856
2021-08-13 13:36:00.000000000,1628832960000000000,3162,3164,3160,3162,270,140856,140919
2021-08-13 13:37:00.000000000,1628833020000000000,3162,3164,3162,3164,101,140919,140899
2021-08-13 13:38:00.000000000,1628833080000000000,3164,3166,3162,3166,308,140899,140776
2021-08-13 13:39:00.000000000,1628833140000000000,3166,3166,3160,3162,772,140776,140877
2021-08-13 13:40:00.000000000,1628833200000000000,3162,3162,3158,3158,562,140877,140963
2021-08-13 13:41:00.000000000,1628833260000000000,3158,3158,3152,3154,1651,140963,141358
2021-08-13 13:42:00.000000000,1628833320000000000,3154,3154,3148,3154,2179,141358,141425
2021-08-13 13:43:00.000000000,1628833380000000000,3154,3158,3152,3158,929,141425,141457
2021-08-13 13:44:00.000000000,1628833440000000000,3158,3158,3150,3150,1112,141457,141925
2021-08-13 13:45:00.000000000,1628833500000000000,3150,3152,3148,3150,1487,141925,141939
2021-08-13 13:46:00.000000000,1628833560000000000,3150,3152,3150,3150,768,141939,141880
2021-08-13 13:47:00.000000000,1628833620000000000,3150,3154,3150,3152,874,141880,142049
2021-08-13 13:48:00.000000000,1628833680000000000,3152,3152,3150,3150,337,142049,141997
2021-08-13 13:49:00.000000000,1628833740000000000,3150,3154,3150,3154,818,141997,141998
2021-08-13 13:50:00.000000000,1628833800000000000,3154,3154,3152,3154,462,141998,142091
2021-08-13 13:51:00.000000000,1628833860000000000,3154,3154,3152,3154,339,142091,142151
2021-08-13 13:52:00.000000000,1628833920000000000,3154,3154,3152,3154,479,142151,142113
2021-08-13 13:53:00.000000000,1628833980000000000,3154,3158,3152,3158,525,142113,142020
2021-08-13 13:54:00.000000000,1628834040000000000,3158,3158,3154,3158,443,142020,142003
2021-08-13 13:55:00.000000000,1628834100000000000,3158,3158,3156,3156,383,142003,142029
2021-08-13 13:56:00.000000000,1628834160000000000,3156,3156,3154,3156,116,142029,142059
2021-08-13 13:57:00.000000000,1628834220000000000,3156,3156,3154,3154,390,142059,141974
2021-08-13 13:58:00.000000000,1628834280000000000,3154,3158,3154,3158,398,141974,142046
2021-08-13 13:59:00.000000000,1628834340000000000,3158,3160,3156,3160,281,142046,142000
2021-08-13 14:00:00.000000000,1628834400000000000,3160,3160,3156,3158,650,142000,141956
2021-08-13 14:01:00.000000000,1628834460000000000,3158,3162,3158,3160,714,141956,142038
2021-08-13 14:02:00.000000000,1628834520000000000,3160,3160,3158,3160,210,142038,142071
2021-08-13 14:03:00.000000000,1628834580000000000,3160,3160,3156,3156,296,142071,142154
2021-08-13 14:04:00.000000000,1628834640000000000,3156,3158,3152,3154,1108,142154,142514
2021-08-13 14:05:00.000000000,1628834700000000000,3154,3154,3152,3152,210,142514,142537
2021-08-13 14:06:00.000000000,1628834760000000000,3152,3168,3152,3166,2235,142537,142363
2021-08-13 14:07:00.000000000,1628834820000000000,3166,3172,3166,3168,1996,142363,142102
2021-08-13 14:08:00.000000000,1628834880000000000,3168,3170,3166,3168,646,142102,142090
2021-08-13 14:09:00.000000000,1628834940000000000,3168,3170,3168,3170,154,142090,142033
2021-08-13 14:10:00.000000000,1628835000000000000,3170,3170,3164,3168,1206,142033,141984
2021-08-13 14:11:00.000000000,1628835060000000000,3168,3172,3166,3172,960,141984,141712
2021-08-13 14:12:00.000000000,1628835120000000000,3172,3174,3170,3172,955,141712,141573
2021-08-13 14:13:00.000000000,1628835180000000000,3172,3174,3168,3170,829,141573,141732
2021-08-13 14:14:00.000000000,1628835240000000000,3170,3174,3168,3172,600,141732,141466
2021-08-13 14:15:00.000000000,1628835300000000000,3172,3174,3172,3172,449,141466,141495
2021-08-13 14:16:00.000000000,1628835360000000000,3172,3176,3172,3172,1246,141495,141492
2021-08-13 14:17:00.000000000,1628835420000000000,3172,3174,3172,3172,237,141492,141458
2021-08-13 14:18:00.000000000,1628835480000000000,3172,3174,3172,3174,423,141458,141307
2021-08-13 14:19:00.000000000,1628835540000000000,3174,3174,3170,3170,287,141307,141320
2021-08-13 14:20:00.000000000,1628835600000000000,3170,3172,3170,3170,129,141320,141361
2021-08-13 14:21:00.000000000,1628835660000000000,3170,3172,3168,3170,932,141361,141415
2021-08-13 14:22:00.000000000,1628835720000000000,3170,3170,3168,3168,285,141415,141293
2021-08-13 14:23:00.000000000,1628835780000000000,3168,3170,3168,3170,234,141293,141317
2021-08-13 14:24:00.000000000,1628835840000000000,3170,3170,3168,3168,120,141317,141296
2021-08-13 14:25:00.000000000,1628835900000000000,3168,3168,3166,3166,553,141296,141358
2021-08-13 14:26:00.000000000,1628835960000000000,3166,3170,3166,3168,382,141358,141435
2021-08-13 14:27:00.000000000,1628836020000000000,3168,3170,3168,3168,104,141435,141467
2021-08-13 14:28:00.000000000,1628836080000000000,3168,3170,3168,3170,145,141467,141514
2021-08-13 14:29:00.000000000,1628836140000000000,3170,3170,3166,3170,341,141514,141425
2021-08-13 14:30:00.000000000,1628836200000000000,3170,3170,3166,3168,246,141425,141326
2021-08-13 14:31:00.000000000,1628836260000000000,3168,3170,3166,3170,159,141326,141269
2021-08-13 14:32:00.000000000,1628836320000000000,3170,3174,3168,3174,480,141269,141144
2021-08-13 14:33:00.000000000,1628836380000000000,3174,3178,3172,3178,964,141144,141230
2021-08-13 14:34:00.000000000,1628836440000000000,3178,3182,3176,3180,1493,141230,141322
2021-08-13 14:35:00.000000000,1628836500000000000,3180,3182,3178,3180,1158,141322,141068
2021-08-13 14:36:00.000000000,1628836560000000000,3180,3182,3176,3178,1385,141068,140747
2021-08-13 14:37:00.000000000,1628836620000000000,3178,3178,3174,3174,820,140747,140515
2021-08-13 14:38:00.000000000,1628836680000000000,3174,3176,3174,3176,106,140515,140494
2021-08-13 14:39:00.000000000,1628836740000000000,3176,3178,3174,3178,312,140494,140598
2021-08-13 14:40:00.000000000,1628836800000000000,3178,3178,3174,3174,652,140598,140453
2021-08-13 14:41:00.000000000,1628836860000000000,3174,3176,3172,3172,414,140453,140303
2021-08-13 14:42:00.000000000,1628836920000000000,3172,3174,3170,3172,1158,140303,140260
2021-08-13 14:43:00.000000000,1628836980000000000,3172,3174,3170,3174,868,140260,140066
2021-08-13 14:44:00.000000000,1628837040000000000,3174,3174,3172,3172,470,140066,139871
2021-08-13 14:45:00.000000000,1628837100000000000,3172,3174,3170,3174,472,139871,139762
2021-08-13 14:46:00.000000000,1628837160000000000,3174,3174,3170,3170,281,139762,139697
2021-08-13 14:47:00.000000000,1628837220000000000,3170,3172,3170,3170,215,139697,139712
2021-08-13 14:48:00.000000000,1628837280000000000,3170,3172,3168,3168,502,139712,139794
2021-08-13 14:49:00.000000000,1628837340000000000,3168,3170,3168,3170,213,139794,139782
2021-08-13 14:50:00.000000000,1628837400000000000,3170,3174,3168,3172,714,139782,139539
2021-08-13 14:51:00.000000000,1628837460000000000,3172,3174,3170,3172,353,139539,139373
2021-08-13 14:52:00.000000000,1628837520000000000,3172,3176,3172,3174,563,139373,139325
2021-08-13 14:53:00.000000000,1628837580000000000,3174,3178,3172,3176,862,139325,139233
2021-08-13 14:54:00.000000000,1628837640000000000,3176,3178,3174,3178,592,139233,138959
2021-08-13 14:55:00.000000000,1628837700000000000,3178,3178,3176,3176,424,138959,138946
2021-08-13 14:56:00.000000000,1628837760000000000,3176,3178,3174,3176,928,138946,139051
2021-08-13 14:57:00.000000000,1628837820000000000,3176,3178,3174,3174,423,139051,138853
2021-08-13 14:58:00.000000000,1628837880000000000,3174,3180,3174,3180,912,138853,138648
2021-08-13 14:59:00.000000000,1628837940000000000,3180,3180,3178,3178,1150,138648,138343
2021-08-13 21:00:00.000000000,1628859600000000000,3198,3198,3192,3196,5068,138343,137354
2021-08-13 21:01:00.000000000,1628859660000000000,3196,3202,3194,3202,2449,137354,137247
2021-08-13 21:02:00.000000000,1628859720000000000,3202,3204,3196,3196,2332,137247,137173
2021-08-13 21:03:00.000000000,1628859780000000000,3196,3198,3196,3198,1211,137173,137058
2021-08-13 21:04:00.000000000,1628859840000000000,3198,3202,3196,3202,2317,137058,137111
2021-08-13 21:05:00.000000000,1628859900000000000,3202,3208,3200,3208,1814,137111,137270
2021-08-13 21:06:00.000000000,1628859960000000000,3208,3208,3202,3204,974,137270,137103
2021-08-13 21:07:00.000000000,1628860020000000000,3204,3208,3202,3208,1565,137103,136622
2021-08-13 21:08:00.000000000,1628860080000000000,3208,3208,3204,3206,1194,136622,136316
2021-08-13 21:09:00.000000000,1628860140000000000,3206,3208,3204,3206,904,136316,136448
2021-08-13 21:10:00.000000000,1628860200000000000,3206,3208,3204,3204,1315,136448,136278
2021-08-13 21:11:00.000000000,1628860260000000000,3204,3206,3202,3206,699,136278,136241
2021-08-13 21:12:00.000000000,1628860320000000000,3206,3206,3204,3204,239,136241,136183
2021-08-13 21:13:00.000000000,1628860380000000000,3204,3206,3204,3204,204,136183,136217
2021-08-13 21:14:00.000000000,1628860440000000000,3204,3206,3202,3204,396,136217,136330
2021-08-13 21:15:00.000000000,1628860500000000000,3204,3206,3202,3204,438,136330,136254
2021-08-13 21:16:00.000000000,1628860560000000000,3204,3204,3200,3200,396,136254,136328
2021-08-13 21:17:00.000000000,1628860620000000000,3200,3204,3200,3204,469,136328,136363
2021-08-13 21:18:00.000000000,1628860680000000000,3204,3206,3202,3204,1569,136363,136612
2021-08-13 21:19:00.000000000,1628860740000000000,3204,3204,3200,3202,391,136612,136415
2021-08-13 21:20:00.000000000,1628860800000000000,3202,3202,3198,3200,624,136415,136521
2021-08-13 21:21:00.000000000,1628860860000000000,3200,3200,3196,3196,932,136521,136578
2021-08-13 21:22:00.000000000,1628860920000000000,3196,3198,3194,3196,720,136578,136757
2021-08-13 21:23:00.000000000,1628860980000000000,3196,3196,3194,3194,439,136757,136751
2021-08-13 21:24:00.000000000,1628861040000000000,3194,3196,3194,3194,247,136751,136804
2021-08-13 21:25:00.000000000,1628861100000000000,3194,3198,3192,3198,1751,136804,136915
2021-08-13 21:26:00.000000000,1628861160000000000,3198,3198,3194,3194,387,136915,137037
2021-08-13 21:27:00.000000000,1628861220000000000,3194,3194,3190,3190,901,137037,137047
2021-08-13 21:28:00.000000000,1628861280000000000,3190,3194,3190,3194,404,137047,136983
2021-08-13 21:29:00.000000000,1628861340000000000,3194,3196,3192,3194,576,136983,137037
2021-08-13 21:30:00.000000000,1628861400000000000,3194,3196,3184,3186,2406,137037,136975
2021-08-13 21:31:00.000000000,1628861460000000000,3186,3186,3182,3182,1383,136975,137245
2021-08-13 21:32:00.000000000,1628861520000000000,3182,3188,3182,3186,1126,137245,136966
2021-08-13 21:33:00.000000000,1628861580000000000,3186,3188,3184,3188,622,136966,136880
2021-08-13 21:34:00.000000000,1628861640000000000,3188,3192,3186,3188,1357,136880,136592
2021-08-13 21:35:00.000000000,1628861700000000000,3188,3194,3188,3194,353,136592,136572
2021-08-13 21:36:00.000000000,1628861760000000000,3194,3194,3190,3190,591,136572,136617
2021-08-13 21:37:00.000000000,1628861820000000000,3190,3192,3188,3190,372,136617,136647
2021-08-13 21:38:00.000000000,1628861880000000000,3190,3192,3188,3190,360,136647,136554
2021-08-13 21:39:00.000000000,1628861940000000000,3190,3190,3188,3188,504,136554,136609
2021-08-13 21:40:00.000000000,1628862000000000000,3188,3190,3188,3190,38,136609,136606
2021-08-13 21:41:00.000000000,1628862060000000000,3190,3190,3188,3188,37,136606,136592
2021-08-13 21:42:00.000000000,1628862120000000000,3188,3190,3186,3186,231,136592,136640
2021-08-13 21:43:00.000000000,1628862180000000000,3186,3188,3186,3188,474,136640,136643
2021-08-13 21:44:00.000000000,1628862240000000000,3188,3190,3188,3188,189,136643,136584
2021-08-13 21:45:00.000000000,1628862300000000000,3188,3190,3188,3188,274,136584,136591
2021-08-13 21:46:00.000000000,1628862360000000000,3188,3190,3188,3190,41,136591,136611
2021-08-13 21:47:00.000000000,1628862420000000000,3190,3190,3188,3190,86,136611,136589
2021-08-13 21:48:00.000000000,1628862480000000000,3190,3190,3188,3188,92,136589,136539
2021-08-13 21:49:00.000000000,1628862540000000000,3188,3192,3188,3190,570,136539,136423
2021-08-13 21:50:00.000000000,1628862600000000000,3190,3192,3186,3186,491,136423,136476
2021-08-13 21:51:00.000000000,1628862660000000000,3186,3190,3186,3188,249,136476,136412
2021-08-13 21:52:00.000000000,1628862720000000000,3188,3188,3186,3188,120,136412,136407
2021-08-13 21:53:00.000000000,1628862780000000000,3188,3190,3184,3186,444,136407,136537
2021-08-13 21:54:00.000000000,1628862840000000000,3186,3186,3182,3182,470,136537,136728
2021-08-13 21:55:00.000000000,1628862900000000000,3182,3186,3182,3186,317,136728,136635
2021-08-13 21:56:00.000000000,1628862960000000000,3186,3186,3182,3184,552,136635,136593
2021-08-13 21:57:00.000000000,1628863020000000000,3184,3186,3182,3182,515,136593,136638
2021-08-13 21:58:00.000000000,1628863080000000000,3182,3184,3182,3184,63,136638,136647
2021-08-13 21:59:00.000000000,1628863140000000000,3184,3184,3180,3182,503,136647,136802
2021-08-13 22:00:00.000000000,1628863200000000000,3182,3182,3178,3178,811,136802,137253
2021-08-13 22:01:00.000000000,1628863260000000000,3178,3182,3178,3182,842,137253,137125
2021-08-13 22:02:00.000000000,1628863320000000000,3182,3184,3180,3182,529,137125,137088
2021-08-13 22:03:00.000000000,1628863380000000000,3182,3184,3178,3178,674,137088,137265
2021-08-13 22:04:00.000000000,1628863440000000000,3178,3180,3172,3174,1125,137265,137753
2021-08-13 22:05:00.000000000,1628863500000000000,3174,3178,3174,3174,1246,137753,137267
2021-08-13 22:06:00.000000000,1628863560000000000,3174,3176,3174,3174,159,137267,137224
2021-08-13 22:07:00.000000000,1628863620000000000,3174,3176,3172,3172,497,137224,137392
2021-08-13 22:08:00.000000000,1628863680000000000,3172,3178,3172,3178,641,137392,137169
2021-08-13 22:09:00.000000000,1628863740000000000,3178,3178,3174,3174,208,137169,137192
2021-08-13 22:10:00.000000000,1628863800000000000,3174,3178,3174,3178,364,137192,137101
2021-08-13 22:11:00.000000000,1628863860000000000,3178,3178,3176,3178,90,137101,137103
2021-08-13 22:12:00.000000000,1628863920000000000,3178,3180,3176,3178,471,137103,137300
2021-08-13 22:13:00.000000000,1628863980000000000,3178,3178,3174,3176,657,137300,137434
2021-08-13 22:14:00.000000000,1628864040000000000,3176,3180,3176,3180,339,137434,137436
2021-08-13 22:15:00.000000000,1628864100000000000,3180,3180,3176,3178,281,137436,137457
2021-08-13 22:16:00.000000000,1628864160000000000,3178,3178,3174,3174,243,137457,137496
2021-08-13 22:17:00.000000000,1628864220000000000,3174,3176,3172,3172,452,137496,137542
2021-08-13 22:18:00.000000000,1628864280000000000,3172,3174,3172,3172,424,137542,137495
2021-08-13 22:19:00.000000000,1628864340000000000,3172,3176,3172,3174,538,137495,137441
2021-08-13 22:20:00.000000000,1628864400000000000,3174,3178,3174,3178,668,137441,137309
2021-08-13 22:21:00.000000000,1628864460000000000,3178,3180,3176,3178,283,137309,137304
2021-08-13 22:22:00.000000000,1628864520000000000,3178,3182,3178,3180,573,137304,137201
2021-08-13 22:23:00.000000000,1628864580000000000,3180,3186,3180,3184,1036,137201,137075
2021-08-13 22:24:00.000000000,1628864640000000000,3184,3186,3184,3184,701,137075,137080
2021-08-13 22:25:00.000000000,1628864700000000000,3184,3188,3184,3186,496,137080,137125
2021-08-13 22:26:00.000000000,1628864760000000000,3186,3186,3180,3182,594,137125,137084
2021-08-13 22:27:00.000000000,1628864820000000000,3182,3184,3182,3184,98,137084,137056
2021-08-13 22:28:00.000000000,1628864880000000000,3184,3184,3182,3184,443,137056,136938
2021-08-13 22:29:00.000000000,1628864940000000000,3184,3186,3184,3186,201,136938,136859
2021-08-13 22:30:00.000000000,1628865000000000000,3186,3188,3186,3188,271,136859,136771
2021-08-13 22:31:00.000000000,1628865060000000000,3188,3190,3186,3188,542,136771,136724
2021-08-13 22:32:00.000000000,1628865120000000000,3188,3188,3186,3186,208,136724,136686
2021-08-13 22:33:00.000000000,1628865180000000000,3186,3188,3186,3188,100,136686,136662
2021-08-13 22:34:00.000000000,1628865240000000000,3188,3188,3186,3186,133,136662,136620
2021-08-13 22:35:00.000000000,1628865300000000000,3186,3188,3184,3186,449,136620,136469
2021-08-13 22:36:00.000000000,1628865360000000000,3186,3188,3184,3186,349,136469,136405
2021-08-13 22:37:00.000000000,1628865420000000000,3186,3186,3184,3186,157,136405,136308
2021-08-13 22:38:00.000000000,1628865480000000000,3186,3188,3186,3186,179,136308,136220
2021-08-13 22:39:00.000000000,1628865540000000000,3186,3188,3186,3186,174,136220,136128
2021-08-13 22:40:00.000000000,1628865600000000000,3186,3188,3186,3186,316,136128,136177
2021-08-13 22:41:00.000000000,1628865660000000000,3186,3186,3182,3182,185,136177,136125
2021-08-13 22:42:00.000000000,1628865720000000000,3182,3184,3182,3182,85,136125,136103
2021-08-13 22:43:00.000000000,1628865780000000000,3182,3182,3180,3180,292,136103,136040
2021-08-13 22:44:00.000000000,1628865840000000000,3180,3182,3180,3180,321,136040,135984
2021-08-13 22:45:00.000000000,1628865900000000000,3180,3182,3180,3180,142,135984,135976
2021-08-13 22:46:00.000000000,1628865960000000000,3180,3180,3178,3178,326,135976,135910
2021-08-13 22:47:00.000000000,1628866020000000000,3178,3180,3178,3180,324,135910,135889
2021-08-13 22:48:00.000000000,1628866080000000000,3180,3180,3178,3180,88,135889,135861
2021-08-13 22:49:00.000000000,1628866140000000000,3180,3182,3178,3182,388,135861,135793
2021-08-13 22:50:00.000000000,1628866200000000000,3182,3184,3180,3182,533,135793,135931
2021-08-13 22:51:00.000000000,1628866260000000000,3182,3184,3182,3182,42,135931,135928
2021-08-13 22:52:00.000000000,1628866320000000000,3182,3186,3182,3186,627,135928,135741
2021-08-13 22:53:00.000000000,1628866380000000000,3186,3188,3184,3186,256,135741,135598
2021-08-13 22:54:00.000000000,1628866440000000000,3186,3190,3186,3186,508,135598,135439
2021-08-13 22:55:00.000000000,1628866500000000000,3186,3188,3186,3186,572,135439,135269
2021-08-13 22:56:00.000000000,1628866560000000000,3186,3188,3186,3186,163,135269,135155
2021-08-13 22:57:00.000000000,1628866620000000000,3186,3190,3186,3188,533,135155,134906
2021-08-13 22:58:00.000000000,1628866680000000000,3188,3190,3188,3190,565,134906,134688
2021-08-13 22:59:00.000000000,1628866740000000000,3190,3190,3186,3186,766,134688,134269
2021-08-16 09:00:00.000000000,1629075600000000000,3160,3160,3144,3148,7699,134269,133274
2021-08-16 09:01:00.000000000,1629075660000000000,3148,3150,3144,3150,3186,133274,133267
2021-08-16 09:02:00.000000000,1629075720000000000,3150,3150,3134,3136,3490,133267,132707
2021-08-16 09:03:00.000000000,1629075780000000000,3136,3136,3130,3132,3714,132707,132754
2021-08-16 09:04:00.000000000,1629075840000000000,3132,3136,3130,3136,2195,132754,132527
2021-08-16 09:05:00.000000000,1629075900000000000,3136,3136,3116,3118,4899,132527,132943
2021-08-16 09:06:00.000000000,1629075960000000000,3118,3124,3116,3122,2081,132943,133173
2021-08-16 09:07:00.000000000,1629076020000000000,3122,3124,3118,3122,1784,133173,133267
2021-08-16 09:08:00.000000000,1629076080000000000,3122,3122,3114,3116,1990,133267,133592
2021-08-16 09:09:00.000000000,1629076140000000000,3116,3120,3112,3120,1467,133592,133817
2021-08-16 09:10:00.000000000,1629076200000000000,3120,3120,3114,3114,2710,133817,134216
2021-08-16 09:11:00.000000000,1629076260000000000,3114,3124,3114,3122,1748,134216,134394
2021-08-16 09:12:00.000000000,1629076320000000000,3122,3122,3116,3116,1601,134394,134116
2021-08-16 09:13:00.000000000,1629076380000000000,3116,3120,3114,3116,1206,134116,134240
2021-08-16 09:14:00.000000000,1629076440000000000,3116,3118,3114,3118,1027,134240,134279
2021-08-16 09:15:00.000000000,1629076500000000000,3118,3118,3114,3116,1084,134279,134465
2021-08-16 09:16:00.000000000,1629076560000000000,3116,3122,3116,3122,1133,134465,134386
2021-08-16 09:17:00.000000000,1629076620000000000,3122,3130,3120,3130,2306,134386,134587
2021-08-16 09:18:00.000000000,1629076680000000000,3130,3130,3122,3124,1079,134587,134499
2021-08-16 09:19:00.000000000,1629076740000000000,3124,3128,3122,3124,1055,134499,134616
2021-08-16 09:20:00.000000000,1629076800000000000,3124,3128,3124,3126,539,134616,134666
2021-08-16 09:21:00.000000000,1629076860000000000,3126,3132,3124,3130,1528,134666,134914
2021-08-16 09:22:00.000000000,1629076920000000000,3130,3132,3128,3128,462,134914,134817
2021-08-16 09:23:00.000000000,1629076980000000000,3128,3128,3124,3124,327,134817,134746
2021-08-16 09:24:00.000000000,1629077040000000000,3124,3126,3124,3124,572,134746,134803
2021-08-16 09:25:00.000000000,1629077100000000000,3124,3126,3122,3124,519,134803,134937
2021-08-16 09:26:00.000000000,1629077160000000000,3124,3128,3124,3126,443,134937,134997
2021-08-16 09:27:00.000000000,1629077220000000000,3126,3128,3124,3126,681,134997,134802
2021-08-16 09:28:00.000000000,1629077280000000000,3126,3126,3122,3122,321,134802,134892
2021-08-16 09:29:00.000000000,1629077340000000000,3122,3122,3120,3122,601,134892,134974
2021-08-16 09:30:00.000000000,1629077400000000000,3122,3126,3120,3126,922,134974,135108
2021-08-16 09:31:00.000000000,1629077460000000000,3126,3126,3122,3124,318,135108,135075
2021-08-16 09:32:00.000000000,1629077520000000000,3124,3124,3122,3124,111,135075,135038
2021-08-16 09:33:00.000000000,1629077580000000000,3124,3124,3120,3122,289,135038,135076
2021-08-16 09:34:00.000000000,1629077640000000000,3122,3124,3120,3124,698,135076,135021
2021-08-16 09:35:00.000000000,1629077700000000000,3124,3124,3120,3120,161,135021,135044
2021-08-16 09:36:00.000000000,1629077760000000000,3120,3124,3120,3122,573,135044,134808
2021-08-16 09:37:00.000000000,1629077820000000000,3122,3124,3120,3120,225,134808,134813
2021-08-16 09:38:00.000000000,1629077880000000000,3120,3122,3120,3120,95,134813,134830
2021-08-16 09:39:00.000000000,1629077940000000000,3120,3124,3120,3122,391,134830,134774
2021-08-16 09:40:00.000000000,1629078000000000000,3122,3124,3118,3120,685,134774,134857
2021-08-16 09:41:00.000000000,1629078060000000000,3120,3122,3120,3122,224,134857,134926
2021-08-16 09:42:00.000000000,1629078120000000000,3122,3124,3122,3122,441,134926,134913
2021-08-16 09:43:00.000000000,1629078180000000000,3122,3124,3122,3124,99,134913,134891
2021-08-16 09:44:00.000000000,1629078240000000000,3124,3126,3122,3124,206,134891,134824
2021-08-16 09:45:00.000000000,1629078300000000000,3124,3126,3122,3124,456,134824,134871
2021-08-16 09:46:00.000000000,1629078360000000000,3124,3124,3120,3120,357,134871,134828
2021-08-16 09:47:00.000000000,1629078420000000000,3120,3124,3120,3124,1068,134828,134634
2021-08-16 09:48:00.000000000,1629078480000000000,3124,3128,3122,3126,881,134634,134347
2021-08-16 09:49:00.000000000,1629078540000000000,3126,3132,3124,3132,1017,134347,134507
2021-08-16 09:50:00.000000000,1629078600000000000,3132,3134,3130,3132,532,134507,134601
2021-08-16 09:51:00.000000000,1629078660000000000,3132,3132,3130,3130,308,134601,134402
2021-08-16 09:52:00.000000000,1629078720000000000,3130,3132,3130,3132,125,134402,134373
2021-08-16 09:53:00.000000000,1629078780000000000,3132,3132,3126,3128,809,134373,134175
2021-08-16 09:54:00.000000000,1629078840000000000,3128,3130,3126,3128,637,134175,134053
2021-08-16 09:55:00.000000000,1629078900000000000,3128,3136,3128,3136,665,134053,133983
2021-08-16 09:56:00.000000000,1629078960000000000,3136,3136,3134,3134,358,133983,133893
2021-08-16 09:57:00.000000000,1629079020000000000,3134,3136,3134,3136,98,133893,133852
2021-08-16 09:58:00.000000000,1629079080000000000,3136,3136,3132,3132,339,133852,133805
2021-08-16 09:59:00.000000000,1629079140000000000,3132,3136,3132,3134,539,133805,133770
2021-08-16 10:00:00.000000000,1629079200000000000,3134,3136,3130,3132,1157,133770,134412
2021-08-16 10:01:00.000000000,1629079260000000000,3132,3136,3132,3136,400,134412,134446
2021-08-16 10:02:00.000000000,1629079320000000000,3136,3136,3132,3134,293,134446,134465
2021-08-16 10:03:00.000000000,1629079380000000000,3134,3138,3134,3136,543,134465,134384
2021-08-16 10:04:00.000000000,1629079440000000000,3136,3138,3136,3138,60,134384,134369
2021-08-16 10:05:00.000000000,1629079500000000000,3138,3138,3136,3136,363,134369,134197
2021-08-16 10:06:00.000000000,1629079560000000000,3136,3140,3136,3140,341,134197,134271
2021-08-16 10:07:00.000000000,1629079620000000000,3140,3140,3136,3138,665,134271,134149
2021-08-16 10:08:00.000000000,1629079680000000000,3138,3138,3134,3134,335,134149,134093
2021-08-16 10:09:00.000000000,1629079740000000000,3134,3138,3134,3134,381,134093,134151
2021-08-16 10:10:00.000000000,1629079800000000000,3134,3136,3134,3134,123,134151,134195
2021-08-16 10:11:00.000000000,1629079860000000000,3134,3136,3132,3134,256,134195,134264
2021-08-16 10:12:00.000000000,1629079920000000000,3134,3134,3132,3132,164,134264,134287
2021-08-16 10:13:00.000000000,1629079980000000000,3132,3134,3132,3132,65,134287,134277
2021-08-16 10:14:00.000000000,1629080040000000000,3132,3134,3132,3132,159,134277,134255
2021-08-16 10:30:00.000000000,1629081000000000000,3132,3134,3130,3130,268,134255,134230
2021-08-16 10:31:00.000000000,1629081060000000000,3130,3132,3130,3130,316,134230,134313
2021-08-16 10:32:00.000000000,1629081120000000000,3130,3132,3130,3132,681,134313,134306
2021-08-16 10:33:00.000000000,1629081180000000000,3132,3134,3130,3134,452,134306,134231
2021-08-16 10:34:00.000000000,1629081240000000000,3134,3134,3130,3132,283,134231,134242
2021-08-16 10:35:00.000000000,1629081300000000000,3132,3134,3132,3134,237,134242,134216
2021-08-16 10:36:00.000000000,1629081360000000000,3134,3136,3132,3134,782,134216,134046
2021-08-16 10:37:00.000000000,1629081420000000000,3134,3136,3132,3134,152,134046,134060
2021-08-16 10:38:00.000000000,1629081480000000000,3134,3136,3134,3136,405,134060,134121
2021-08-16 10:39:00.000000000,1629081540000000000,3136,3136,3132,3132,366,134121,134189
2021-08-16 10:40:00.000000000,1629081600000000000,3132,3132,3130,3130,565,134189,134198
2021-08-16 10:41:00.000000000,1629081660000000000,3130,3130,3128,3130,260,134198,134228
2021-08-16 10:42:00.000000000,1629081720000000000,3130,3132,3128,3128,422,134228,134179
2021-08-16 10:43:00.000000000,1629081780000000000,3128,3130,3128,3130,54,134179,134170
2021-08-16 10:44:00.000000000,1629081840000000000,3130,3130,3126,3126,359,134170,134286
2021-08-16 10:45:00.000000000,1629081900000000000,3126,3128,3126,3126,496,134286,134262
2021-08-16 10:46:00.000000000,1629081960000000000,3126,3130,3126,3130,231,134262,134320
2021-08-16 10:47:00.000000000,1629082020000000000,3130,3130,3128,3128,33,134320,134294
2021-08-16 10:48:00.000000000,1629082080000000000,3128,3130,3128,3130,65,134294,134279
2021-08-16 10:49:00.000000000,1629082140000000000,3130,3132,3128,3130,423,134279,134422
2021-08-16 10:50:00.000000000,1629082200000000000,3130,3132,3128,3130,210,134422,134363
2021-08-16 10:51:00.000000000,1629082260000000000,3130,3132,3130,3132,38,134363,134354
2021-08-16 10:52:00.000000000,1629082320000000000,3132,3132,3130,3132,40,134354,134359
2021-08-16 10:53:00.000000000,1629082380000000000,3132,3132,3128,3128,285,134359,134311
2021-08-16 10:54:00.000000000,1629082440000000000,3128,3128,3124,3124,904,134311,134167
2021-08-16 10:55:00.000000000,1629082500000000000,3124,3128,3124,3128,456,134167,134195
2021-08-16 10:56:00.000000000,1629082560000000000,3128,3128,3126,3128,130,134195,134182
2021-08-16 10:57:00.000000000,1629082620000000000,3128,3128,3124,3124,314,134182,134227
2021-08-16 10:58:00.000000000,1629082680000000000,3124,3126,3124,3126,531,134227,134303
2021-08-16 10:59:00.000000000,1629082740000000000,3126,3126,3120,3120,774,134303,134416
2021-08-16 11:00:00.000000000,1629082800000000000,3120,3122,3116,3118,2030,134416,134774
2021-08-16 11:01:00.000000000,1629082860000000000,3118,3124,3118,3122,851,134774,134782
2021-08-16 11:02:00.000000000,1629082920000000000,3122,3124,3114,3120,1371,134782,134983
2021-08-16 11:03:00.000000000,1629082980000000000,3120,3120,3116,3118,376,134983,135009
2021-08-16 11:04:00.000000000,1629083040000000000,3118,3126,3118,3126,835,135009,135220
2021-08-16 11:05:00.000000000,1629083100000000000,3126,3126,3124,3126,467,135220,135405
2021-08-16 11:06:00.000000000,1629083160000000000,3126,3128,3126,3126,400,135405,135348
2021-08-16 11:07:00.000000000,1629083220000000000,3126,3126,3120,3120,674,135348,135305
2021-08-16 11:08:00.000000000,1629083280000000000,3120,3124,3120,3122,1115,135305,135442
2021-08-16 11:09:00.000000000,1629083340000000000,3122,3124,3122,3122,188,135442,135448
2021-08-16 11:10:00.000000000,1629083400000000000,3122,3122,3120,3120,698,135448,135656
2021-08-16 11:11:00.000000000,1629083460000000000,3120,3122,3118,3118,273,135656,135700
2021-08-16 11:12:00.000000000,1629083520000000000,3118,3120,3116,3120,764,135700,135635
2021-08-16 11:13:00.000000000,1629083580000000000,3120,3122,3120,3120,96,135635,135642
2021-08-16 11:14:00.000000000,1629083640000000000,3120,3124,3120,3122,164,135642,135571
2021-08-16 11:15:00.000000000,1629083700000000000,3122,3126,3122,3124,1045,135571,135430
2021-08-16 11:16:00.000000000,1629083760000000000,3124,3126,3122,3124,650,135430,135402
2021-08-16 11:17:00.000000000,1629083820000000000,3124,3126,3124,3126,582,135402,135187
2021-08-16 11:18:00.000000000,1629083880000000000,3126,3126,3122,3124,232,135187,135259
2021-08-16 11:19:00.000000000,1629083940000000000,3124,3126,3124,3124,207,135259,135301
2021-08-16 11:20:00.000000000,1629084000000000000,3124,3126,3122,3122,106,135301,135247
2021-08-16 11:21:00.000000000,1629084060000000000,3122,3124,3122,3122,62,135247,135225
2021-08-16 11:22:00.000000000,1629084120000000000,3122,3128,3122,3128,1028,135225,135367
2021-08-16 11:23:00.000000000,1629084180000000000,3128,3130,3128,3128,260,135367,135346
2021-08-16 11:24:00.000000000,1629084240000000000,3128,3132,3128,3132,370,135346,135210
2021-08-16 11:25:00.000000000,1629084300000000000,3132,3134,3128,3134,874,135210,135017
2021-08-16 11:26:00.000000000,1629084360000000000,3134,3136,3132,3136,300,135017,134859
2021-08-16 11:27:00.000000000,1629084420000000000,3136,3136,3134,3134,82,134859,134871
2021-08-16 11:28:00.000000000,1629084480000000000,3134,3136,3132,3136,570,134871,134647
2021-08-16 11:29:00.000000000,1629084540000000000,3136,3136,3132,3134,741,134647,134566
2021-08-16 13:30:00.000000000,1629091800000000000,3132,3132,3130,3132,349,134566,134555
2021-08-16 13:31:00.000000000,1629091860000000000,3132,3136,3130,3134,808,134555,134620
2021-08-16 13:32:00.000000000,1629091920000000000,3134,3136,3134,3136,270,134620,134672
2021-08-16 13:33:00.000000000,1629091980000000000,3136,3140,3136,3136,429,134672,134652
2021-08-16 13:34:00.000000000,1629092040000000000,3136,3140,3136,3138,327,134652,134617
2021-08-16 13:35:00.000000000,1629092100000000000,3138,3138,3132,3136,794,134617,134270
2021-08-16 13:36:00.000000000,1629092160000000000,3136,3138,3136,3136,446,134270,134207
2021-08-16 13:37:00.000000000,1629092220000000000,3136,3138,3134,3136,445,134207,134193
2021-08-16 13:38:00.000000000,1629092280000000000,3136,3140,3136,3138,629,134193,134016
2021-08-16 13:39:00.000000000,1629092340000000000,3138,3138,3136,3138,232,134016,134001
2021-08-16 13:40:00.000000000,1629092400000000000,3138,3140,3136,3138,416,134001,133958
2021-08-16 13:41:00.000000000,1629092460000000000,3138,3140,3138,3138,297,133958,134079
2021-08-16 13:42:00.000000000,1629092520000000000,3138,3138,3134,3136,340,134079,134070
2021-08-16 13:43:00.000000000,1629092580000000000,3136,3136,3134,3134,202,134070,134090
2021-08-16 13:44:00.000000000,1629092640000000000,3134,3134,3132,3132,111,134090,134061
2021-08-16 13:45:00.000000000,1629092700000000000,3132,3134,3132,3134,90,134061,134071
2021-08-16 13:46:00.000000000,1629092760000000000,3134,3134,3130,3130,272,134071,134087
2021-08-16 13:47:00.000000000,1629092820000000000,3130,3132,3130,3130,120,134087,134084
2021-08-16 13:48:00.000000000,1629092880000000000,3130,3132,3130,3132,96,134084,134101
2021-08-16 13:49:00.000000000,1629092940000000000,3132,3132,3130,3132,292,134101,134095
2021-08-16 13:50:00.000000000,1629093000000000000,3132,3132,3130,3132,155,134095,134084
2021-08-16 13:51:00.000000000,1629093060000000000,3132,3132,3130,3130,75,134084,134094
2021-08-16 13:52:00.000000000,1629093120000000000,3130,3132,3130,3132,129,134094,134105
2021-08-16 13:53:00.000000000,1629093180000000000,3132,3132,3130,3130,147,134105,134128
2021-08-16 13:54:00.000000000,1629093240000000000,3130,3134,3130,3132,1114,134128,134409
2021-08-16 13:55:00.000000000,1629093300000000000,3132,3132,3130,3130,638,134409,134430
2021-08-16 13:56:00.000000000,1629093360000000000,3130,3134,3130,3132,169,134430,134503
2021-08-16 13:57:00.000000000,1629093420000000000,3132,3134,3132,3132,142,134503,134447
2021-08-16 13:58:00.000000000,1629093480000000000,3132,3134,3132,3134,64,134447,134459
2021-08-16 13:59:00.000000000,1629093540000000000,3134,3134,3132,3134,139,134459,134512
2021-08-16 14:00:00.000000000,1629093600000000000,3134,3134,3132,3134,44,134512,134525
2021-08-16 14:01:00.000000000,1629093660000000000,3134,3136,3132,3136,266,134525,134565
2021-08-16 14:02:00.000000000,1629093720000000000,3136,3140,3136,3138,511,134565,134480
2021-08-16 14:03:00.000000000,1629093780000000000,3138,3140,3134,3134,642,134480,134314
2021-08-16 14:04:00.000000000,1629093840000000000,3134,3136,3134,3134,133,134314,134332
2021-08-16 14:05:00.000000000,1629093900000000000,3134,3138,3134,3134,257,134332,134290
2021-08-16 14:06:00.000000000,1629093960000000000,3134,3136,3134,3134,118,134290,134258
2021-08-16 14:07:00.000000000,1629094020000000000,3134,3138,3134,3138,130,134258,134288
2021-08-16 14:08:00.000000000,1629094080000000000,3138,3138,3132,3134,814,134288,133917
2021-08-16 14:09:00.000000000,1629094140000000000,3134,3134,3132,3132,167,133917,133915
2021-08-16 14:10:00.000000000,1629094200000000000,3132,3134,3132,3132,225,133915,133929
2021-08-16 14:11:00.000000000,1629094260000000000,3132,3132,3128,3130,413,133929,133832
2021-08-16 14:12:00.000000000,1629094320000000000,3130,3130,3128,3128,59,133832,133838
2021-08-16 14:13:00.000000000,1629094380000000000,3128,3130,3128,3128,118,133838,133851
2021-08-16 14:14:00.000000000,1629094440000000000,3128,3130,3124,3124,608,133851,133841
2021-08-16 14:15:00.000000000,1629094500000000000,3124,3132,3124,3128,1090,133841,133753
2021-08-16 14:16:00.000000000,1629094560000000000,3128,3130,3128,3128,279,133753,133698
2021-08-16 14:17:00.000000000,1629094620000000000,3128,3132,3126,3132,282,133698,133728
2021-08-16 14:18:00.000000000,1629094680000000000,3132,3132,3130,3130,88,133728,133739
2021-08-16 14:19:00.000000000,1629094740000000000,3130,3132,3130,3130,48,133739,133723
2021-08-16 14:20:00.000000000,1629094800000000000,3130,3132,3130,3132,382,133723,133654
2021-08-16 14:21:00.000000000,1629094860000000000,3132,3132,3130,3130,164,133654,133678
2021-08-16 14:22:00.000000000,1629094920000000000,3130,3132,3130,3132,153,133678,133688
2021-08-16 14:23:00.000000000,1629094980000000000,3132,3134,3130,3130,292,133688,133597
2021-08-16 14:24:00.000000000,1629095040000000000,3130,3132,3130,3132,52,133597,133599
2021-08-16 14:25:00.000000000,1629095100000000000,3132,3132,3130,3130,55,133599,133609
2021-08-16 14:26:00.000000000,1629095160000000000,3130,3132,3130,3130,87,133609,133595
2021-08-16 14:27:00.000000000,1629095220000000000,3130,3132,3130,3130,136,133595,133545
2021-08-16 14:28:00.000000000,1629095280000000000,3130,3130,3128,3130,124,133545,133480
2021-08-16 14:29:00.000000000,1629095340000000000,3130,3132,3128,3128,279,133480,133492
2021-08-16 14:30:00.000000000,1629095400000000000,3128,3130,3128,3128,260,133492,133475
2021-08-16 14:31:00.000000000,1629095460000000000,3128,3130,3128,3128,318,133475,133473
2021-08-16 14:32:00.000000000,1629095520000000000,3128,3130,3126,3130,281,133473,133465
2021-08-16 14:33:00.000000000,1629095580000000000,3130,3130,3128,3128,143,133465,133444
2021-08-16 14:34:00.000000000,1629095640000000000,3128,3132,3128,3130,241,133444,133389
2021-08-16 14:35:00.000000000,1629095700000000000,3130,3134,3130,3132,385,133389,133564
2021-08-16 14:36:00.000000000,1629095760000000000,3132,3134,3132,3134,99,133564,133527
2021-08-16 14:37:00.000000000,1629095820000000000,3134,3134,3132,3134,36,133527,133508
2021-08-16 14:38:00.000000000,1629095880000000000,3134,3134,3130,3132,485,133508,133583
2021-08-16 14:39:00.000000000,1629095940000000000,3132,3134,3132,3134,147,133583,133588
2021-08-16 14:40:00.000000000,1629096000000000000,3134,3134,3132,3134,495,133588,133589
2021-08-16 14:41:00.000000000,1629096060000000000,3134,3136,3132,3134,349,133589,133480
2021-08-16 14:42:00.000000000,1629096120000000000,3134,3134,3132,3134,429,133480,133561
2021-08-16 14:43:00.000000000,1629096180000000000,3134,3134,3130,3130,479,133561,133674
2021-08-16 14:44:00.000000000,1629096240000000000,3130,3132,3130,3132,255,133674,133589
2021-08-16 14:45:00.000000000,1629096300000000000,3132,3132,3126,3128,1082,133589,133882
2021-08-16 14:46:00.000000000,1629096360000000000,3128,3130,3128,3128,201,133882,133852
2021-08-16 14:47:00.000000000,1629096420000000000,3128,3130,3126,3130,326,133852,133891
2021-08-16 14:48:00.000000000,1629096480000000000,3130,3130,3126,3128,597,133891,133697
2021-08-16 14:49:00.000000000,1629096540000000000,3128,3130,3126,3126,427,133697,133630
2021-08-16 14:50:00.000000000,1629096600000000000,3126,3128,3124,3126,469,133630,133614
2021-08-16 14:51:00.000000000,1629096660000000000,3126,3126,3122,3126,586,133614,133506
2021-08-16 14:52:00.000000000,1629096720000000000,3126,3130,3124,3130,409,133506,133520
2021-08-16 14:53:00.000000000,1629096780000000000,3130,3130,3126,3128,600,133520,133665
2021-08-16 14:54:00.000000000,1629096840000000000,3128,3130,3126,3130,282,133665,133610
2021-08-16 14:55:00.000000000,1629096900000000000,3130,3132,3128,3132,534,133610,133504
2021-08-16 14:56:00.000000000,1629096960000000000,3132,3134,3130,3132,840,133504,133224
2021-08-16 14:57:00.000000000,1629097020000000000,3132,3134,3130,3130,663,133224,132873
2021-08-16 14:58:00.000000000,1629097080000000000,3130,3132,3130,3130,543,132873,132613
2021-08-16 14:59:00.000000000,1629097140000000000,3130,3136,3130,3136,1136,132613,132298
2021-08-16 21:00:00.000000000,1629118800000000000,3132,3144,3126,3130,17812,132298,239686
2021-08-16 21:01:00.000000000,1629118860000000000,3130,3132,3124,3128,7444,239686,241068
2021-08-16 21:02:00.000000000,1629118920000000000,3128,3134,3126,3132,4035,241068,241264
2021-08-16 21:03:00.000000000,1629118980000000000,3132,3132,3126,3130,4016,241264,241864
2021-08-16 21:04:00.000000000,1629119040000000000,3130,3138,3130,3134,3881,241864,241880
2021-08-16 21:05:00.000000000,1629119100000000000,3134,3136,3128,3130,3007,241880,243070
2021-08-16 21:06:00.000000000,1629119160000000000,3130,3132,3126,3128,3043,243070,244205
2021-08-16 21:07:00.000000000,1629119220000000000,3128,3140,3126,3140,3941,244205,244585
2021-08-16 21:08:00.000000000,1629119280000000000,3140,3140,3136,3138,2448,244585,244916
2021-08-16 21:09:00.000000000,1629119340000000000,3138,3142,3136,3140,2009,244916,245100
2021-08-16 21:10:00.000000000,1629119400000000000,3140,3142,3132,3136,2768,245100,245733
2021-08-16 21:11:00.000000000,1629119460000000000,3136,3138,3132,3138,2377,245733,245721
2021-08-16 21:12:00.000000000,1629119520000000000,3138,3142,3134,3140,2242,245721,245910
2021-08-16 21:13:00.000000000,1629119580000000000,3140,3144,3138,3144,2159,245910,245840
2021-08-16 21:14:00.000000000,1629119640000000000,3144,3148,3142,3144,4045,245840,246580
2021-08-16 21:15:00.000000000,1629119700000000000,3144,3146,3140,3140,2785,246580,246590
2021-08-16 21:16:00.000000000,1629119760000000000,3140,3142,3138,3140,1605,246590,247155
2021-08-16 21:17:00.000000000,1629119820000000000,3140,3142,3138,3138,1291,247155,247415
2021-08-16 21:18:00.000000000,1629119880000000000,3138,3144,3138,3144,1131,247415,247626
2021-08-16 21:19:00.000000000,1629119940000000000,3144,3144,3142,3144,484,247626,247640
2021-08-16 21:20:00.000000000,1629120000000000000,3144,3144,3138,3140,1339,247640,247714
2021-08-16 21:21:00.000000000,1629120060000000000,3140,3142,3140,3142,1051,247714,247950
2021-08-16 21:22:00.000000000,1629120120000000000,3142,3142,3136,3138,1947,247950,247531
2021-08-16 21:23:00.000000000,1629120180000000000,3138,3140,3136,3138,1518,247531,247935
2021-08-16 21:24:00.000000000,1629120240000000000,3138,3140,3136,3138,1318,247935,248368
2021-08-16 21:25:00.000000000,1629120300000000000,3138,3144,3138,3144,1303,248368,247992
2021-08-16 21:26:00.000000000,1629120360000000000,3144,3146,3142,3144,1260,247992,247606
2021-08-16 21:27:00.000000000,1629120420000000000,3144,3146,3142,3142,669,247606,247756
2021-08-16 21:28:00.000000000,1629120480000000000,3142,3146,3140,3146,1401,247756,248150
2021-08-16 21:29:00.000000000,1629120540000000000,3146,3148,3146,3146,1307,248150,248234
2021-08-16 21:30:00.000000000,1629120600000000000,3146,3148,3142,3144,2180,248234,248413
2021-08-16 21:31:00.000000000,1629120660000000000,3144,3148,3142,3142,989,248413,248488
2021-08-16 21:32:00.000000000,1629120720000000000,3142,3144,3140,3144,1137,248488,248682
2021-08-16 21:33:00.000000000,1629120780000000000,3144,3144,3138,3140,1291,248682,248879
2021-08-16 21:34:00.000000000,1629120840000000000,3140,3140,3138,3140,1701,248879,249184
2021-08-16 21:35:00.000000000,1629120900000000000,3140,3140,3136,3136,1279,249184,249252
2021-08-16 21:36:00.000000000,1629120960000000000,3136,3142,3136,3142,767,249252,249399
2021-08-16 21:37:00.000000000,1629121020000000000,3142,3144,3140,3142,803,249399,249436
2021-08-16 21:38:00.000000000,1629121080000000000,3142,3144,3140,3144,611,249436,249397
2021-08-16 21:39:00.000000000,1629121140000000000,3144,3146,3142,3144,908,249397,249582
2021-08-16 21:40:00.000000000,1629121200000000000,3144,3144,3142,3142,391,249582,249519
2021-08-16 21:41:00.000000000,1629121260000000000,3142,3144,3142,3142,189,249519,249516
2021-08-16 21:42:00.000000000,1629121320000000000,3142,3144,3140,3144,888,249516,249517
2021-08-16 21:43:00.000000000,1629121380000000000,3144,3144,3140,3142,735,249517,249501
2021-08-16 21:44:00.000000000,1629121440000000000,3142,3144,3140,3142,454,249501,249723
2021-08-16 21:45:00.000000000,1629121500000000000,3142,3144,3142,3142,119,249723,249729
2021-08-16 21:46:00.000000000,1629121560000000000,3142,3142,3140,3142,555,249729,249828
2021-08-16 21:47:00.000000000,1629121620000000000,3142,3142,3138,3140,490,249828,249940
2021-08-16 21:48:00.000000000,1629121680000000000,3140,3140,3136,3140,985,249940,250054
2021-08-16 21:49:00.000000000,1629121740000000000,3140,3140,3138,3140,213,250054,250091
2021-08-16 21:50:00.000000000,1629121800000000000,3140,3142,3138,3140,587,250091,250364
2021-08-16 21:51:00.000000000,1629121860000000000,3140,3142,3138,3140,1164,250364,250824
2021-08-16 21:52:00.000000000,1629121920000000000,3140,3142,3140,3142,153,250824,250852
2021-08-16 21:53:00.000000000,1629121980000000000,3142,3142,3138,3138,1047,250852,251126
2021-08-16 21:54:00.000000000,1629122040000000000,3138,3140,3136,3136,1060,251126,251050
2021-08-16 21:55:00.000000000,1629122100000000000,3136,3138,3134,3138,1681,251050,251187
2021-08-16 21:56:00.000000000,1629122160000000000,3138,3140,3138,3138,449,251187,251225
2021-08-16 21:57:00.000000000,1629122220000000000,3138,3140,3136,3140,907,251225,251016
2021-08-16 21:58:00.000000000,1629122280000000000,3140,3140,3136,3136,244,251016,250958
2021-08-16 21:59:00.000000000,1629122340000000000,3136,3136,3132,3132,1352,250958,251284
2021-08-16 22:00:00.000000000,1629122400000000000,3132,3134,3130,3132,2486,251284,252412
2021-08-16 22:01:00.000000000,1629122460000000000,3132,3134,3130,3132,1124,252412,252327
2021-08-16 22:02:00.000000000,1629122520000000000,3132,3140,3132,3138,1642,252327,252421
2021-08-16 22:03:00.000000000,1629122580000000000,3138,3140,3134,3136,1396,252421,252670
2021-08-16 22:04:00.000000000,1629122640000000000,3136,3138,3134,3134,569,252670,252711
2021-08-16 22:05:00.000000000,1629122700000000000,3134,3136,3134,3136,389,252711,252881
2021-08-16 22:06:00.000000000,1629122760000000000,3136,3138,3134,3136,2478,252881,253367
2021-08-16 22:07:00.000000000,1629122820000000000,3136,3142,3136,3142,1379,253367,252978
2021-08-16 22:08:00.000000000,1629122880000000000,3142,3142,3138,3138,998,252978,253099
2021-08-16 22:09:00.000000000,1629122940000000000,3138,3140,3138,3138,142,253099,253105
2021-08-16 22:10:00.000000000,1629123000000000000,3138,3140,3138,3140,551,253105,253394
2021-08-16 22:11:00.000000000,1629123060000000000,3140,3142,3138,3142,764,253394,253412
2021-08-16 22:12:00.000000000,1629123120000000000,3142,3144,3140,3140,1136,253412,253334
2021-08-16 22:13:00.000000000,1629123180000000000,3140,3142,3140,3142,1122,253334,253270
2021-08-16 22:14:00.000000000,1629123240000000000,3142,3144,3140,3140,579,253270,253302
2021-08-16 22:15:00.000000000,1629123300000000000,3140,3142,3138,3142,845,253302,253403
2021-08-16 22:16:00.000000000,1629123360000000000,3142,3144,3140,3140,995,253403,253349
2021-08-16 22:17:00.000000000,1629123420000000000,3140,3142,3140,3140,1625,253349,253283
2021-08-16 22:18:00.000000000,1629123480000000000,3140,3142,3138,3140,500,253283,253417
2021-08-16 22:19:00.000000000,1629123540000000000,3140,3142,3140,3140,637,253417,253408
2021-08-16 22:20:00.000000000,1629123600000000000,3140,3144,3140,3142,565,253408,253167
2021-08-16 22:21:00.000000000,1629123660000000000,3142,3144,3140,3144,720,253167,253100
2021-08-16 22:22:00.000000000,1629123720000000000,3144,3144,3142,3142,653,253100,253106
2021-08-16 22:23:00.000000000,1629123780000000000,3142,3146,3142,3144,758,253106,252929
2021-08-16 22:24:00.000000000,1629123840000000000,3144,3148,3142,3146,1578,252929,252908
2021-08-16 22:25:00.000000000,1629123900000000000,3146,3148,3144,3144,981,252908,252924
2021-08-16 22:26:00.000000000,1629123960000000000,3144,3146,3142,3144,514,252924,252895
2021-08-16 22:27:00.000000000,1629124020000000000,3144,3146,3142,3142,286,252895,252895
2021-08-16 22:28:00.000000000,1629124080000000000,3142,3144,3140,3142,777,252895,252865
2021-08-16 22:29:00.000000000,1629124140000000000,3142,3144,3140,3142,437,252865,252904
2021-08-16 22:30:00.000000000,1629124200000000000,3142,3146,3142,3144,654,252904,252807
2021-08-16 22:31:00.000000000,1629124260000000000,3144,3148,3142,3148,1146,252807,253049
2021-08-16 22:32:00.000000000,1629124320000000000,3148,3150,3146,3150,1076,253049,253209
2021-08-16 22:33:00.000000000,1629124380000000000,3150,3150,3144,3146,879,253209,253517
2021-08-16 22:34:00.000000000,1629124440000000000,3146,3146,3144,3146,81,253517,253572
2021-08-16 22:35:00.000000000,1629124500000000000,3146,3148,3144,3148,426,253572,253743
2021-08-16 22:36:00.000000000,1629124560000000000,3148,3150,3146,3148,777,253743,253896
2021-08-16 22:37:00.000000000,1629124620000000000,3148,3148,3146,3148,365,253896,253907
2021-08-16 22:38:00.000000000,1629124680000000000,3148,3148,3146,3148,125,253907,253857
2021-08-16 22:39:00.000000000,1629124740000000000,3148,3148,3146,3146,392,253857,253716
2021-08-16 22:40:00.000000000,1629124800000000000,3146,3148,3146,3148,148,253716,253705
2021-08-16 22:41:00.000000000,1629124860000000000,3148,3148,3146,3146,103,253705,253726
2021-08-16 22:42:00.000000000,1629124920000000000,3146,3150,3146,3148,583,253726,253681
2021-08-16 22:43:00.000000000,1629124980000000000,3148,3150,3148,3148,222,253681,253677
2021-08-16 22:44:00.000000000,1629125040000000000,3148,3150,3148,3150,193,253677,253625
2021-08-16 22:45:00.000000000,1629125100000000000,3150,3150,3148,3150,213,253625,253667
2021-08-16 22:46:00.000000000,1629125160000000000,3150,3150,3148,3150,434,253667,253819
2021-08-16 22:47:00.000000000,1629125220000000000,3150,3150,3148,3148,443,253819,254085
2021-08-16 22:48:00.000000000,1629125280000000000,3148,3152,3148,3152,717,254085,254085
2021-08-16 22:49:00.000000000,1629125340000000000,3152,3154,3150,3152,540,254085,254123
2021-08-16 22:50:00.000000000,1629125400000000000,3152,3154,3152,3154,498,254123,254169
2021-08-16 22:51:00.000000000,1629125460000000000,3154,3154,3150,3150,1540,254169,253898
2021-08-16 22:52:00.000000000,1629125520000000000,3150,3152,3148,3148,658,253898,254156
2021-08-16 22:53:00.000000000,1629125580000000000,3148,3150,3146,3150,658,254156,254151
2021-08-16 22:54:00.000000000,1629125640000000000,3150,3150,3146,3146,485,254151,254155
2021-08-16 22:55:00.000000000,1629125700000000000,3146,3148,3146,3148,770,254155,254269
2021-08-16 22:56:00.000000000,1629125760000000000,3148,3150,3146,3148,712,254269,254607
2021-08-16 22:57:00.000000000,1629125820000000000,3148,3150,3146,3150,312,254607,254545
2021-08-16 22:58:00.000000000,1629125880000000000,3150,3150,3148,3148,320,254545,254460
2021-08-16 22:59:00.000000000,1629125940000000000,3148,3150,3146,3148,1238,254460,254378
2021-08-17 09:00:00.000000000,1629162000000000000,3166,3170,3158,3164,4849,254378,254493
2021-08-17 09:01:00.000000000,1629162060000000000,3164,3176,3162,3172,5936,254493,253410
2021-08-17 09:02:00.000000000,1629162120000000000,3172,3174,3166,3170,2098,253410,253528
2021-08-17 09:03:00.000000000,1629162180000000000,3170,3172,3168,3170,1555,253528,253695
2021-08-17 09:04:00.000000000,1629162240000000000,3170,3172,3168,3170,2021,253695,253777
2021-08-17 09:05:00.000000000,1629162300000000000,3170,3172,3164,3166,2915,253777,253957
2021-08-17 09:06:00.000000000,1629162360000000000,3166,3166,3160,3160,2167,253957,254415
2021-08-17 09:07:00.000000000,1629162420000000000,3160,3168,3160,3166,3255,254415,254548
2021-08-17 09:08:00.000000000,1629162480000000000,3166,3170,3166,3166,932,254548,254562
2021-08-17 09:09:00.000000000,1629162540000000000,3166,3170,3166,3170,1704,254562,255216
2021-08-17 09:10:00.000000000,1629162600000000000,3170,3170,3164,3164,802,255216,255452
2021-08-17 09:11:00.000000000,1629162660000000000,3164,3166,3162,3164,1739,255452,255726
2021-08-17 09:12:00.000000000,1629162720000000000,3164,3166,3162,3162,2056,255726,256568
2021-08-17 09:13:00.000000000,1629162780000000000,3162,3164,3160,3164,831,256568,256729
2021-08-17 09:14:00.000000000,1629162840000000000,3164,3164,3160,3162,1649,256729,257031
2021-08-17 09:15:00.000000000,1629162900000000000,3162,3164,3160,3162,661,257031,257168
2021-08-17 09:16:00.000000000,1629162960000000000,3162,3162,3160,3160,474,257168,257374
2021-08-17 09:17:00.000000000,1629163020000000000,3160,3162,3156,3158,2001,257374,257490
2021-08-17 09:18:00.000000000,1629163080000000000,3158,3160,3156,3160,1056,257490,257505
2021-08-17 09:19:00.000000000,1629163140000000000,3160,3164,3158,3164,778,257505,257581
2021-08-17 09:20:00.000000000,1629163200000000000,3164,3164,3160,3162,680,257581,257633
2021-08-17 09:21:00.000000000,1629163260000000000,3162,3162,3152,3154,4927,257633,259676
2021-08-17 09:22:00.000000000,1629163320000000000,3154,3156,3152,3154,928,259676,260006
2021-08-17 09:23:00.000000000,1629163380000000000,3154,3158,3154,3156,1015,260006,259945
2021-08-17 09:24:00.000000000,1629163440000000000,3156,3156,3154,3156,1585,259945,260622
2021-08-17 09:25:00.000000000,1629163500000000000,3156,3158,3154,3156,1239,260622,260846
2021-08-17 09:26:00.000000000,1629163560000000000,3156,3160,3156,3158,1291,260846,261443
2021-08-17 09:27:00.000000000,1629163620000000000,3158,3162,3156,3160,1045,261443,261743
2021-08-17 09:28:00.000000000,1629163680000000000,3160,3164,3158,3164,1641,261743,261959
2021-08-17 09:29:00.000000000,1629163740000000000,3164,3168,3160,3166,1966,261959,262224
2021-08-17 09:30:00.000000000,1629163800000000000,3166,3168,3162,3162,1685,262224,262494
2021-08-17 09:31:00.000000000,1629163860000000000,3162,3166,3158,3160,1210,262494,262714
2021-08-17 09:32:00.000000000,1629163920000000000,3160,3162,3156,3158,1088,262714,262837
2021-08-17 09:33:00.000000000,1629163980000000000,3158,3160,3156,3156,835,262837,262901
2021-08-17 09:34:00.000000000,1629164040000000000,3156,3158,3156,3156,517,262901,262808
2021-08-17 09:35:00.000000000,1629164100000000000,3156,3160,3156,3158,750,262808,262864
2021-08-17 09:36:00.000000000,1629164160000000000,3158,3160,3156,3160,1024,262864,263087
2021-08-17 09:37:00.000000000,1629164220000000000,3160,3160,3158,3158,177,263087,263043
2021-08-17 09:38:00.000000000,1629164280000000000,3158,3160,3158,3160,686,263043,262958
2021-08-17 09:39:00.000000000,1629164340000000000,3160,3162,3158,3162,469,262958,262920
2021-08-17 09:40:00.000000000,1629164400000000000,3162,3166,3162,3164,785,262920,262890
2021-08-17 09:41:00.000000000,1629164460000000000,3164,3166,3162,3166,1031,262890,262762
2021-08-17 09:42:00.000000000,1629164520000000000,3166,3168,3164,3166,849,262762,262852
2021-08-17 09:43:00.000000000,1629164580000000000,3166,3168,3164,3166,418,262852,262789
2021-08-17 09:44:00.000000000,1629164640000000000,3166,3168,3164,3168,839,262789,262655
2021-08-17 09:45:00.000000000,1629164700000000000,3168,3168,3164,3168,709,262655,262865
2021-08-17 09:46:00.000000000,1629164760000000000,3168,3172,3166,3172,2872,262865,263414
2021-08-17 09:47:00.000000000,1629164820000000000,3172,3176,3170,3176,2506,263414,263813
2021-08-17 09:48:00.000000000,1629164880000000000,3176,3176,3170,3172,1625,263813,264032
2021-08-17 09:49:00.000000000,1629164940000000000,3172,3174,3168,3168,719,264032,264240
2021-08-17 09:50:00.000000000,1629165000000000000,3168,3174,3168,3174,1473,264240,264274
2021-08-17 09:51:00.000000000,1629165060000000000,3174,3174,3172,3174,672,264274,264204
2021-08-17 09:52:00.000000000,1629165120000000000,3174,3176,3172,3174,672,264204,264332
2021-08-17 09:53:00.000000000,1629165180000000000,3174,3180,3174,3178,2315,264332,264922
2021-08-17 09:54:00.000000000,1629165240000000000,3178,3178,3174,3176,1303,264922,264793
2021-08-17 09:55:00.000000000,1629165300000000000,3176,3180,3176,3180,740,264793,264758
2021-08-17 09:56:00.000000000,1629165360000000000,3180,3180,3174,3174,2035,264758,265278
2021-08-17 09:57:00.000000000,1629165420000000000,3174,3176,3170,3170,835,265278,265571
2021-08-17 09:58:00.000000000,1629165480000000000,3170,3174,3170,3170,540,265571,265648
2021-08-17 09:59:00.000000000,1629165540000000000,3170,3172,3170,3172,876,265648,265539
2021-08-17 10:00:00.000000000,1629165600000000000,3172,3174,3170,3172,418,265539,265483
2021-08-17 10:01:00.000000000,1629165660000000000,3172,3174,3170,3172,591,265483,265629
2021-08-17 10:02:00.000000000,1629165720000000000,3172,3172,3168,3168,772,265629,265979
2021-08-17 10:03:00.000000000,1629165780000000000,3168,3172,3168,3168,1034,265979,265860
2021-08-17 10:04:00.000000000,1629165840000000000,3168,3170,3168,3170,613,265860,265827
2021-08-17 10:05:00.000000000,1629165900000000000,3170,3170,3168,3168,184,265827,265893
2021-08-17 10:06:00.000000000,1629165960000000000,3168,3170,3168,3170,168,265893,265891
2021-08-17 10:07:00.000000000,1629166020000000000,3170,3172,3168,3172,452,265891,266013
2021-08-17 10:08:00.000000000,1629166080000000000,3172,3174,3170,3170,1359,266013,266006
2021-08-17 10:09:00.000000000,1629166140000000000,3170,3174,3170,3172,993,266006,266173
2021-08-17 10:10:00.000000000,1629166200000000000,3172,3176,3172,3174,933,266173,266275
2021-08-17 10:11:00.000000000,1629166260000000000,3174,3176,3174,3174,411,266275,266455
2021-08-17 10:12:00.000000000,1629166320000000000,3174,3176,3170,3172,1269,266455,266496
2021-08-17 10:13:00.000000000,1629166380000000000,3172,3174,3172,3174,909,266496,266658
2021-08-17 10:14:00.000000000,1629166440000000000,3174,3174,3164,3166,2305,266658,267434
2021-08-17 10:30:00.000000000,1629167400000000000,3168,3168,3166,3166,742,267434,267442
2021-08-17 10:31:00.000000000,1629167460000000000,3166,3168,3164,3166,1099,267442,267621
2021-08-17 10:32:00.000000000,1629167520000000000,3166,3166,3162,3164,893,267621,267789
2021-08-17 10:33:00.000000000,1629167580000000000,3164,3164,3156,3158,3676,267789,269433
2021-08-17 10:34:00.000000000,1629167640000000000,3158,3158,3154,3156,1375,269433,269983
2021-08-17 10:35:00.000000000,1629167700000000000,3156,3156,3152,3156,2230,269983,270842
2021-08-17 10:36:00.000000000,1629167760000000000,3156,3158,3154,3158,969,270842,270941
2021-08-17 10:37:00.000000000,1629167820000000000,3158,3160,3158,3160,1165,270941,270780
2021-08-17 10:38:00.000000000,1629167880000000000,3160,3160,3156,3156,853,270780,270684
2021-08-17 10:39:00.000000000,1629167940000000000,3156,3158,3152,3156,2103,270684,271523
2021-08-17 10:40:00.000000000,1629168000000000000,3156,3156,3152,3156,1517,271523,272064
2021-08-17 10:41:00.000000000,1629168060000000000,3156,3156,3148,3152,2991,272064,273385
2021-08-17 10:42:00.000000000,1629168120000000000,3152,3154,3150,3150,1441,273385,273233
2021-08-17 10:43:00.000000000,1629168180000000000,3150,3154,3150,3154,2023,273233,273477
2021-08-17 10:44:00.000000000,1629168240000000000,3154,3154,3152,3154,618,273477,273573
2021-08-17 10:45:00.000000000,1629168300000000000,3154,3156,3152,3154,515,273573,273569
2021-08-17 10:46:00.000000000,1629168360000000000,3154,3158,3154,3156,922,273569,273526
2021-08-17 10:47:00.000000000,1629168420000000000,3156,3162,3156,3160,1469,273526,273308
2021-08-17 10:48:00.000000000,1629168480000000000,3160,3166,3158,3162,1708,273308,273919
2021-08-17 10:49:00.000000000,1629168540000000000,3162,3164,3162,3162,320,273919,273869
2021-08-17 10:50:00.000000000,1629168600000000000,3162,3164,3162,3164,151,273869,273895
2021-08-17 10:51:00.000000000,1629168660000000000,3164,3164,3158,3158,925,273895,274288
2021-08-17 10:52:00.000000000,1629168720000000000,3158,3162,3158,3160,558,274288,274218
2021-08-17 10:53:00.000000000,1629168780000000000,3160,3162,3160,3160,150,274218,274208
2021-08-17 10:54:00.000000000,1629168840000000000,3160,3164,3160,3164,499,274208,274229
2021-08-17 10:55:00.000000000,1629168900000000000,3164,3164,3162,3162,195,274229,274248
2021-08-17 10:56:00.000000000,1629168960000000000,3162,3162,3160,3160,444,274248,274234
2021-08-17 10:57:00.000000000,1629169020000000000,3160,3164,3160,3162,678,274234,274342
2021-08-17 10:58:00.000000000,1629169080000000000,3162,3164,3162,3164,125,274342,274397
2021-08-17 10:59:00.000000000,1629169140000000000,3164,3166,3162,3164,796,274397,274379
2021-08-17 11:00:00.000000000,1629169200000000000,3164,3164,3160,3162,622,274379,274422
2021-08-17 11:01:00.000000000,1629169260000000000,3162,3164,3160,3160,272,274422,274485
2021-08-17 11:02:00.000000000,1629169320000000000,3160,3162,3160,3162,222,274485,274623
2021-08-17 11:03:00.000000000,1629169380000000000,3162,3162,3160,3162,114,274623,274633
2021-08-17 11:04:00.000000000,1629169440000000000,3162,3162,3160,3162,150,274633,274747
2021-08-17 11:05:00.000000000,1629169500000000000,3162,3162,3158,3158,407,274747,274903
2021-08-17 11:06:00.000000000,1629169560000000000,3158,3160,3156,3158,418,274903,274855
2021-08-17 11:07:00.000000000,1629169620000000000,3158,3158,3156,3158,156,274855,274847
2021-08-17 11:08:00.000000000,1629169680000000000,3158,3158,3156,3158,72,274847,274840
2021-08-17 11:09:00.000000000,1629169740000000000,3158,3158,3156,3158,151,274840,274884
2021-08-17 11:10:00.000000000,1629169800000000000,3158,3160,3156,3160,424,274884,274982
2021-08-17 11:11:00.000000000,1629169860000000000,3160,3160,3158,3160,138,274982,274984
2021-08-17 11:12:00.000000000,1629169920000000000,3160,3162,3158,3162,489,274984,275068
2021-08-17 11:13:00.000000000,1629169980000000000,3162,3162,3156,3158,473,275068,274905
2021-08-17 11:14:00.000000000,1629170040000000000,3158,3158,3156,3158,97,274905,274934
2021-08-17 11:15:00.000000000,1629170100000000000,3158,3158,3156,3158,463,274934,275191
2021-08-17 11:16:00.000000000,1629170160000000000,3158,3158,3154,3156,1069,275191,275168
2021-08-17 11:17:00.000000000,1629170220000000000,3156,3156,3152,3152,768,275168,275111
2021-08-17 11:18:00.000000000,1629170280000000000,3152,3156,3152,3154,1078,275111,275054
2021-08-17 11:19:00.000000000,1629170340000000000,3154,3156,3152,3154,312,275054,275167
2021-08-17 11:20:00.000000000,1629170400000000000,3154,3156,3154,3154,140,275167,275130
2021-08-17 11:21:00.000000000,1629170460000000000,3154,3156,3152,3156,639,275130,275148
2021-08-17 11:22:00.000000000,1629170520000000000,3156,3158,3154,3158,337,275148,275211
2021-08-17 11:23:00.000000000,1629170580000000000,3158,3158,3156,3156,87,275211,275215
2021-08-17 11:24:00.000000000,1629170640000000000,3156,3160,3156,3158,578,275215,275149
2021-08-17 11:25:00.000000000,1629170700000000000,3158,3158,3156,3158,80,275149,275104
2021-08-17 11:26:00.000000000,1629170760000000000,3158,3158,3154,3156,349,275104,275063
2021-08-17 11:27:00.000000000,1629170820000000000,3156,3156,3154,3154,156,275063,275050
2021-08-17 11:28:00.000000000,1629170880000000000,3154,3156,3154,3156,77,275050,275094
2021-08-17 11:29:00.000000000,1629170940000000000,3156,3156,3152,3154,936,275094,275064
2021-08-17 13:30:00.000000000,1629178200000000000,3154,3156,3150,3154,2834,275064,275536
2021-08-17 13:31:00.000000000,1629178260000000000,3154,3158,3152,3156,1794,275536,275651
2021-08-17 13:32:00.000000000,1629178320000000000,3156,3156,3152,3152,716,275651,275903
2021-08-17 13:33:00.000000000,1629178380000000000,3152,3156,3152,3156,660,275903,275925
2021-08-17 13:34:00.000000000,1629178440000000000,3156,3156,3152,3152,812,275925,275674
2021-08-17 13:35:00.000000000,1629178500000000000,3152,3152,3148,3152,1666,275674,276234
2021-08-17 13:36:00.000000000,1629178560000000000,3152,3152,3148,3148,2397,276234,275743
2021-08-17 13:37:00.000000000,1629178620000000000,3148,3152,3148,3148,1547,275743,276152
2021-08-17 13:38:00.000000000,1629178680000000000,3148,3148,3144,3146,1543,276152,276737
2021-08-17 13:39:00.000000000,1629178740000000000,3146,3148,3146,3146,335,276737,276875
2021-08-17 13:40:00.000000000,1629178800000000000,3146,3148,3142,3148,1603,276875,277462
2021-08-17 13:41:00.000000000,1629178860000000000,3148,3150,3146,3146,830,277462,277392
2021-08-17 13:42:00.000000000,1629178920000000000,3146,3148,3146,3146,220,277392,277479
2021-08-17 13:43:00.000000000,1629178980000000000,3146,3148,3144,3146,1083,277479,277948
2021-08-17 13:44:00.000000000,1629179040000000000,3146,3148,3144,3146,382,277948,277979
2021-08-17 13:45:00.000000000,1629179100000000000,3146,3146,3142,3144,2258,277979,278746
2021-08-17 13:46:00.000000000,1629179160000000000,3144,3146,3142,3142,689,278746,278761
2021-08-17 13:47:00.000000000,1629179220000000000,3142,3144,3142,3142,1260,278761,279172
2021-08-17 13:48:00.000000000,1629179280000000000,3142,3144,3140,3142,1429,279172,279429
2021-08-17 13:49:00.000000000,1629179340000000000,3142,3144,3140,3140,1701,279429,279816
2021-08-17 13:50:00.000000000,1629179400000000000,3140,3144,3140,3144,911,279816,279871
2021-08-17 13:51:00.000000000,1629179460000000000,3144,3146,3142,3144,1404,279871,279975
2021-08-17 13:52:00.000000000,1629179520000000000,3144,3144,3142,3144,191,279975,279976
2021-08-17 13:53:00.000000000,1629179580000000000,3144,3146,3142,3144,726,279976,280230
2021-08-17 13:54:00.000000000,1629179640000000000,3144,3144,3142,3144,514,280230,280364
2021-08-17 13:55:00.000000000,1629179700000000000,3144,3144,3142,3142,371,280364,280483
2021-08-17 13:56:00.000000000,1629179760000000000,3142,3144,3142,3142,805,280483,280918
2021-08-17 13:57:00.000000000,1629179820000000000,3142,3146,3142,3146,835,280918,280771
2021-08-17 13:58:00.000000000,1629179880000000000,3146,3146,3142,3144,793,280771,281087
2021-08-17 13:59:00.000000000,1629179940000000000,3144,3144,3142,3142,121,281087,281120
2021-08-17 14:00:00.000000000,1629180000000000000,3142,3144,3140,3142,2273,281120,281528
2021-08-17 14:01:00.000000000,1629180060000000000,3142,3142,3140,3140,1213,281528,281864
2021-08-17 14:02:00.000000000,1629180120000000000,3140,3142,3138,3140,1672,281864,281814
2021-08-17 14:03:00.000000000,1629180180000000000,3140,3142,3140,3140,417,281814,281780
2021-08-17 14:04:00.000000000,1629180240000000000,3140,3142,3138,3142,932,281780,281973
2021-08-17 14:05:00.000000000,1629180300000000000,3142,3144,3140,3144,697,281973,282047
2021-08-17 14:06:00.000000000,1629180360000000000,3144,3144,3142,3144,156,282047,282117
2021-08-17 14:07:00.000000000,1629180420000000000,3144,3148,3142,3146,2094,282117,281822
2021-08-17 14:08:00.000000000,1629180480000000000,3146,3148,3146,3148,810,281822,281959
2021-08-17 14:09:00.000000000,1629180540000000000,3148,3148,3146,3148,640,281959,282092
2021-08-17 14:10:00.000000000,1629180600000000000,3148,3148,3144,3144,664,282092,282213
2021-08-17 14:11:00.000000000,1629180660000000000,3144,3148,3144,3144,939,282213,282373
2021-08-17 14:12:00.000000000,1629180720000000000,3144,3146,3142,3142,408,282373,282456
2021-08-17 14:13:00.000000000,1629180780000000000,3142,3144,3142,3142,591,282456,282607
2021-08-17 14:14:00.000000000,1629180840000000000,3142,3144,3140,3142,612,282607,282648
2021-08-17 14:15:00.000000000,1629180900000000000,3142,3144,3142,3142,706,282648,282655
2021-08-17 14:16:00.000000000,1629180960000000000,3142,3142,3138,3138,1128,282655,282964
2021-08-17 14:17:00.000000000,1629181020000000000,3138,3140,3134,3140,2693,282964,282868
2021-08-17 14:18:00.000000000,1629181080000000000,3140,3140,3136,3138,1670,282868,283302
2021-08-17 14:19:00.000000000,1629181140000000000,3138,3140,3136,3138,759,283302,283422
2021-08-17 14:20:00.000000000,1629181200000000000,3138,3140,3136,3140,782,283422,283700
2021-08-17 14:21:00.000000000,1629181260000000000,3140,3142,3138,3142,1101,283700,283698
2021-08-17 14:22:00.000000000,1629181320000000000,3142,3142,3140,3142,720,283698,284119
2021-08-17 14:23:00.000000000,1629181380000000000,3142,3144,3142,3144,594,284119,284029
2021-08-17 14:24:00.000000000,1629181440000000000,3144,3144,3140,3142,474,284029,284192
2021-08-17 14:25:00.000000000,1629181500000000000,3142,3144,3140,3140,546,284192,284137
2021-08-17 14:26:00.000000000,1629181560000000000,3140,3140,3138,3138,532,284137,284147
2021-08-17 14:27:00.000000000,1629181620000000000,3138,3140,3138,3138,462,284147,284284
2021-08-17 14:28:00.000000000,1629181680000000000,3138,3140,3138,3138,185,284284,284365
2021-08-17 14:29:00.000000000,1629181740000000000,3138,3140,3138,3140,899,284365,284549
2021-08-17 14:30:00.000000000,1629181800000000000,3140,3140,3138,3138,865,284549,284770
2021-08-17 14:31:00.000000000,1629181860000000000,3138,3140,3138,3140,173,284770,284781
2021-08-17 14:32:00.000000000,1629181920000000000,3140,3144,3138,3142,719,284781,284655
2021-08-17 14:33:00.000000000,1629181980000000000,3142,3144,3142,3144,498,284655,284809
2021-08-17 14:34:00.000000000,1629182040000000000,3144,3144,3142,3142,849,284809,285221
2021-08-17 14:35:00.000000000,1629182100000000000,3142,3146,3142,3144,1315,285221,285264
2021-08-17 14:36:00.000000000,1629182160000000000,3144,3144,3142,3142,621,285264,285401
2021-08-17 14:37:00.000000000,1629182220000000000,3142,3144,3140,3144,737,285401,285242
2021-08-17 14:38:00.000000000,1629182280000000000,3144,3144,3138,3140,514,285242,285402
2021-08-17 14:39:00.000000000,1629182340000000000,3140,3140,3138,3138,178,285402,285396
2021-08-17 14:40:00.000000000,1629182400000000000,3138,3140,3138,3140,154,285396,285420
2021-08-17 14:41:00.000000000,1629182460000000000,3140,3140,3138,3138,210,285420,285458
2021-08-17 14:42:00.000000000,1629182520000000000,3138,3142,3138,3138,741,285458,285438
2021-08-17 14:43:00.000000000,1629182580000000000,3138,3140,3138,3140,522,285438,285550
2021-08-17 14:44:00.000000000,1629182640000000000,3140,3142,3136,3136,1837,285550,286248
2021-08-17 14:45:00.000000000,1629182700000000000,3136,3138,3134,3136,1652,286248,286601
2021-08-17 14:46:00.000000000,1629182760000000000,3136,3138,3136,3136,575,286601,286508
2021-08-17 14:47:00.000000000,1629182820000000000,3136,3138,3134,3134,755,286508,286727
2021-08-17 14:48:00.000000000,1629182880000000000,3134,3136,3130,3130,4295,286727,287372
2021-08-17 14:49:00.000000000,1629182940000000000,3130,3132,3128,3128,4521,287372,288330
2021-08-17 14:50:00.000000000,1629183000000000000,3128,3130,3126,3130,2061,288330,288698
2021-08-17 14:51:00.000000000,1629183060000000000,3130,3130,3126,3128,1827,288698,289298
2021-08-17 14:52:00.000000000,1629183120000000000,3128,3130,3126,3128,1184,289298,289621
2021-08-17 14:53:00.000000000,1629183180000000000,3128,3128,3118,3120,6334,289621,289979
2021-08-17 14:54:00.000000000,1629183240000000000,3120,3122,3118,3122,3672,289979,290182
2021-08-17 14:55:00.000000000,1629183300000000000,3122,3132,3122,3132,4859,290182,290478
2021-08-17 14:56:00.000000000,1629183360000000000,3132,3134,3128,3134,2920,290478,290480
2021-08-17 14:57:00.000000000,1629183420000000000,3134,3134,3130,3134,1679,290480,290383
2021-08-17 14:58:00.000000000,1629183480000000000,3134,3134,3132,3132,1667,290383,290081
2021-08-17 14:59:00.000000000,1629183540000000000,3132,3136,3132,3134,3007,290081,290313
2021-08-17 21:00:00.000000000,1629205200000000000,3124,3132,3122,3132,10373,290313,292684
2021-08-17 21:01:00.000000000,1629205260000000000,3132,3132,3126,3126,3621,292684,292917
2021-08-17 21:02:00.000000000,1629205320000000000,3126,3132,3126,3128,2605,292917,293016
2021-08-17 21:03:00.000000000,1629205380000000000,3128,3136,3128,3132,3450,293016,293402
2021-08-17 21:04:00.000000000,1629205440000000000,3132,3138,3132,3136,1525,293402,293444
2021-08-17 21:05:00.000000000,1629205500000000000,3136,3140,3136,3138,2737,293444,294069
2021-08-17 21:06:00.000000000,1629205560000000000,3138,3140,3136,3138,1124,294069,294476
2021-08-17 21:07:00.000000000,1629205620000000000,3138,3138,3134,3138,1845,294476,295044
2021-08-17 21:08:00.000000000,1629205680000000000,3138,3138,3134,3134,733,295044,295114
2021-08-17 21:09:00.000000000,1629205740000000000,3134,3138,3134,3138,1563,295114,295352
2021-08-17 21:10:00.000000000,1629205800000000000,3138,3140,3136,3138,910,295352,295587
2021-08-17 21:11:00.000000000,1629205860000000000,3138,3138,3136,3136,427,295587,295746
2021-08-17 21:12:00.000000000,1629205920000000000,3136,3140,3136,3138,845,295746,295826
2021-08-17 21:13:00.000000000,1629205980000000000,3138,3142,3138,3140,1293,295826,295641
2021-08-17 21:14:00.000000000,1629206040000000000,3140,3140,3136,3136,629,295641,295686
2021-08-17 21:15:00.000000000,1629206100000000000,3136,3138,3134,3134,1085,295686,296148
2021-08-17 21:16:00.000000000,1629206160000000000,3134,3136,3132,3134,853,296148,296227
2021-08-17 21:17:00.000000000,1629206220000000000,3134,3136,3132,3132,959,296227,296341
2021-08-17 21:18:00.000000000,1629206280000000000,3132,3134,3132,3132,262,296341,296455
2021-08-17 21:19:00.000000000,1629206340000000000,3132,3136,3132,3132,663,296455,296609
2021-08-17 21:20:00.000000000,1629206400000000000,3132,3136,3132,3132,694,296609,296672
2021-08-17 21:21:00.000000000,1629206460000000000,3132,3134,3130,3132,923,296672,296690
2021-08-17 21:22:00.000000000,1629206520000000000,3132,3136,3132,3134,642,296690,296883
2021-08-17 21:23:00.000000000,1629206580000000000,3134,3136,3132,3134,362,296883,296903
2021-08-17 21:24:00.000000000,1629206640000000000,3134,3134,3132,3134,307,296903,296831
2021-08-17 21:25:00.000000000,1629206700000000000,3134,3134,3132,3132,230,296831,296926
2021-08-17 21:26:00.000000000,1629206760000000000,3132,3134,3128,3130,2234,296926,297046
2021-08-17 21:27:00.000000000,1629206820000000000,3130,3132,3128,3128,725,297046,297047
2021-08-17 21:28:00.000000000,1629206880000000000,3128,3130,3124,3126,2400,297047,297470
2021-08-17 21:29:00.000000000,1629206940000000000,3126,3128,3122,3124,1514,297470,297490
2021-08-17 21:30:00.000000000,1629207000000000000,3124,3126,3122,3124,1874,297490,297680
2021-08-17 21:31:00.000000000,1629207060000000000,3124,3126,3122,3124,2033,297680,298430
2021-08-17 21:32:00.000000000,1629207120000000000,3124,3124,3122,3122,1577,298430,298368
2021-08-17 21:33:00.000000000,1629207180000000000,3122,3124,3120,3122,1396,298368,298034
2021-08-17 21:34:00.000000000,1629207240000000000,3122,3128,3122,3128,1583,298034,298484
2021-08-17 21:35:00.000000000,1629207300000000000,3128,3136,3126,3134,2823,298484,299436
2021-08-17 21:36:00.000000000,1629207360000000000,3134,3138,3132,3136,2707,299436,299436
2021-08-17 21:37:00.000000000,1629207420000000000,3136,3140,3134,3138,2075,299436,299761
2021-08-17 21:38:00.000000000,1629207480000000000,3138,3140,3136,3140,1603,299761,299673
2021-08-17 21:39:00.000000000,1629207540000000000,3140,3140,3136,3138,1353,299673,299656
2021-08-17 21:40:00.000000000,1629207600000000000,3138,3144,3138,3142,2909,299656,300144
2021-08-17 21:41:00.000000000,1629207660000000000,3142,3142,3138,3140,2333,300144,299642
2021-08-17 21:42:00.000000000,1629207720000000000,3140,3140,3136,3136,1131,299642,299835
2021-08-17 21:43:00.000000000,1629207780000000000,3136,3140,3134,3136,1172,299835,299697
2021-08-17 21:44:00.000000000,1629207840000000000,3136,3140,3134,3136,872,299697,299841
2021-08-17 21:45:00.000000000,1629207900000000000,3136,3140,3136,3138,945,299841,299731
2021-08-17 21:46:00.000000000,1629207960000000000,3138,3138,3134,3136,433,299731,299779
2021-08-17 21:47:00.000000000,1629208020000000000,3136,3136,3132,3132,824,299779,299826
2021-08-17 21:48:00.000000000,1629208080000000000,3132,3136,3132,3134,1084,299826,300095
2021-08-17 21:49:00.000000000,1629208140000000000,3134,3136,3134,3134,851,300095,300473
2021-08-17 21:50:00.000000000,1629208200000000000,3134,3136,3130,3130,1291,300473,300680
2021-08-17 21:51:00.000000000,1629208260000000000,3130,3132,3128,3128,1862,300680,301133
2021-08-17 21:52:00.000000000,1629208320000000000,3128,3132,3128,3130,900,301133,301270
2021-08-17 21:53:00.000000000,1629208380000000000,3130,3132,3128,3130,678,301270,301654
2021-08-17 21:54:00.000000000,1629208440000000000,3130,3132,3128,3130,789,301654,301745
2021-08-17 21:55:00.000000000,1629208500000000000,3130,3132,3126,3130,1423,301745,302040
2021-08-17 21:56:00.000000000,1629208560000000000,3130,3132,3128,3128,569,302040,302045
2021-08-17 21:57:00.000000000,1629208620000000000,3128,3130,3126,3126,1027,302045,301876
2021-08-17 21:58:00.000000000,1629208680000000000,3126,3130,3126,3130,588,301876,301991
2021-08-17 21:59:00.000000000,1629208740000000000,3130,3130,3128,3130,545,301991,302017
2021-08-17 22:00:00.000000000,1629208800000000000,3130,3132,3128,3132,1488,302017,302223
2021-08-17 22:01:00.000000000,1629208860000000000,3132,3132,3128,3132,1212,302223,302573
2021-08-17 22:02:00.000000000,1629208920000000000,3132,3132,3130,3130,143,302573,302578
2021-08-17 22:03:00.000000000,1629208980000000000,3130,3132,3130,3130,180,302578,302621
2021-08-17 22:04:00.000000000,1629209040000000000,3130,3132,3130,3130,205,302621,302617
2021-08-17 22:05:00.000000000,1629209100000000000,3130,3136,3130,3134,1676,302617,302678
2021-08-17 22:06:00.000000000,1629209160000000000,3134,3136,3132,3134,690,302678,302711
2021-08-17 22:07:00.000000000,1629209220000000000,3134,3136,3132,3132,1684,302711,302468
2021-08-17 22:08:00.000000000,1629209280000000000,3132,3142,3132,3142,2822,302468,301180
2021-08-17 22:09:00.000000000,1629209340000000000,3142,3144,3138,3138,2633,301180,300345
2021-08-17 22:10:00.000000000,1629209400000000000,3138,3144,3138,3142,1793,300345,300682
2021-08-17 22:11:00.000000000,1629209460000000000,3142,3148,3142,3144,4735,300682,299364
2021-08-17 22:12:00.000000000,1629209520000000000,3144,3150,3142,3148,2739,299364,298531
2021-08-17 22:13:00.000000000,1629209580000000000,3148,3152,3148,3148,2272,298531,297779
2021-08-17 22:14:00.000000000,1629209640000000000,3148,3150,3148,3148,673,297779,297612
2021-08-17 22:15:00.000000000,1629209700000000000,3148,3150,3146,3146,857,297612,297378
2021-08-17 22:16:00.000000000,1629209760000000000,3146,3148,3144,3146,1069,297378,297259
2021-08-17 22:17:00.000000000,1629209820000000000,3146,3148,3144,3146,1617,297259,297507
2021-08-17 22:18:00.000000000,1629209880000000000,3146,3148,3146,3146,251,297507,297370
2021-08-17 22:19:00.000000000,1629209940000000000,3146,3150,3146,3148,828,297370,297391
2021-08-17 22:20:00.000000000,1629210000000000000,3148,3152,3148,3150,1554,297391,297896
2021-08-17 22:21:00.000000000,1629210060000000000,3150,3150,3146,3146,831,297896,297852
2021-08-17 22:22:00.000000000,1629210120000000000,3146,3148,3146,3148,1142,297852,297331
2021-08-17 22:23:00.000000000,1629210180000000000,3148,3150,3146,3148,836,297331,297044
2021-08-17 22:24:00.000000000,1629210240000000000,3148,3148,3144,3148,531,297044,296961
2021-08-17 22:25:00.000000000,1629210300000000000,3148,3148,3146,3146,666,296961,296760
2021-08-17 22:26:00.000000000,1629210360000000000,3146,3150,3146,3148,865,296760,296544
2021-08-17 22:27:00.000000000,1629210420000000000,3148,3148,3146,3148,228,296544,296534
2021-08-17 22:28:00.000000000,1629210480000000000,3148,3150,3146,3148,511,296534,296319
2021-08-17 22:29:00.000000000,1629210540000000000,3148,3150,3146,3146,610,296319,296280
2021-08-17 22:30:00.000000000,1629210600000000000,3146,3150,3146,3148,448,296280,296298
2021-08-17 22:31:00.000000000,1629210660000000000,3148,3150,3142,3142,1237,296298,296357
2021-08-17 22:32:00.000000000,1629210720000000000,3142,3144,3142,3142,632,296357,296423
2021-08-17 22:33:00.000000000,1629210780000000000,3142,3144,3142,3144,171,296423,296435
2021-08-17 22:34:00.000000000,1629210840000000000,3144,3146,3142,3146,371,296435,296448
2021-08-17 22:35:00.000000000,1629210900000000000,3146,3146,3142,3144,494,296448,296434
2021-08-17 22:36:00.000000000,1629210960000000000,3144,3146,3144,3146,103,296434,296374
2021-08-17 22:37:00.000000000,1629211020000000000,3146,3146,3142,3144,488,296374,296425
2021-08-17 22:38:00.000000000,1629211080000000000,3144,3144,3142,3144,67,296425,296442
2021-08-17 22:39:00.000000000,1629211140000000000,3144,3144,3142,3144,334,296442,296492
2021-08-17 22:40:00.000000000,1629211200000000000,3144,3146,3144,3146,255,296492,296446
2021-08-17 22:41:00.000000000,1629211260000000000,3146,3150,3146,3150,1204,296446,296248
2021-08-17 22:42:00.000000000,1629211320000000000,3150,3152,3148,3152,780,296248,296085
2021-08-17 22:43:00.000000000,1629211380000000000,3152,3152,3148,3150,942,296085,296279
2021-08-17 22:44:00.000000000,1629211440000000000,3150,3152,3150,3152,1485,296279,296151
2021-08-17 22:45:00.000000000,1629211500000000000,3152,3156,3152,3154,1630,296151,295765
2021-08-17 22:46:00.000000000,1629211560000000000,3154,3156,3150,3150,1309,295765,295900
2021-08-17 22:47:00.000000000,1629211620000000000,3150,3154,3150,3152,432,295900,295768
2021-08-17 22:48:00.000000000,1629211680000000000,3152,3154,3150,3150,735,295768,296019
2021-08-17 22:49:00.000000000,1629211740000000000,3150,3152,3150,3150,937,296019,295703
2021-08-17 22:50:00.000000000,1629211800000000000,3150,3154,3150,3152,632,295703,295651
2021-08-17 22:51:00.000000000,1629211860000000000,3152,3152,3148,3150,811,295651,295482
2021-08-17 22:52:00.000000000,1629211920000000000,3150,3152,3148,3148,874,295482,295439
2021-08-17 22:53:00.000000000,1629211980000000000,3148,3150,3148,3150,592,295439,295423
2021-08-17 22:54:00.000000000,1629212040000000000,3150,3150,3148,3148,516,295423,295419
2021-08-17 22:55:00.000000000,1629212100000000000,3148,3150,3146,3150,508,295419,295402
2021-08-17 22:56:00.000000000,1629212160000000000,3150,3150,3148,3150,349,295402,295169
2021-08-17 22:57:00.000000000,1629212220000000000,3150,3152,3148,3150,660,295169,294885
2021-08-17 22:58:00.000000000,1629212280000000000,3150,3152,3150,3150,1005,294885,294620
2021-08-17 22:59:00.000000000,1629212340000000000,3150,3158,3150,3156,1521,294620,294102
2021-08-18 09:00:00.000000000,1629248400000000000,3130,3134,3126,3134,7773,294102,294148
2021-08-18 09:01:00.000000000,1629248460000000000,3134,3134,3128,3132,3540,294148,294391
2021-08-18 09:02:00.000000000,1629248520000000000,3132,3136,3130,3134,3608,294391,294252
2021-08-18 09:03:00.000000000,1629248580000000000,3134,3136,3134,3136,2404,294252,293970
2021-08-18 09:04:00.000000000,1629248640000000000,3136,3138,3134,3138,1047,293970,293805
2021-08-18 09:05:00.000000000,1629248700000000000,3138,3138,3136,3138,1185,293805,293941
2021-08-18 09:06:00.000000000,1629248760000000000,3138,3138,3132,3134,1428,293941,293946
2021-08-18 09:07:00.000000000,1629248820000000000,3134,3134,3130,3130,928,293946,293871
2021-08-18 09:08:00.000000000,1629248880000000000,3130,3132,3128,3128,1716,293871,293863
2021-08-18 09:09:00.000000000,1629248940000000000,3128,3132,3128,3130,758,293863,294184
2021-08-18 09:10:00.000000000,1629249000000000000,3130,3134,3130,3132,713,294184,294234
2021-08-18 09:11:00.000000000,1629249060000000000,3132,3134,3130,3134,310,294234,294239
2021-08-18 09:12:00.000000000,1629249120000000000,3134,3138,3132,3132,1624,294239,294357
2021-08-18 09:13:00.000000000,1629249180000000000,3132,3136,3132,3136,506,294357,294433
2021-08-18 09:14:00.000000000,1629249240000000000,3136,3136,3134,3134,184,294433,294463
2021-08-18 09:15:00.000000000,1629249300000000000,3134,3136,3130,3132,1307,294463,294730
2021-08-18 09:16:00.000000000,1629249360000000000,3132,3132,3130,3132,243,294730,294747
2021-08-18 09:17:00.000000000,1629249420000000000,3132,3132,3128,3130,1073,294747,294798
2021-08-18 09:18:00.000000000,1629249480000000000,3130,3134,3130,3132,1453,294798,294958
2021-08-18 09:19:00.000000000,1629249540000000000,3132,3132,3130,3130,947,294958,295177
2021-08-18 09:20:00.000000000,1629249600000000000,3130,3132,3128,3132,1124,295177,295433
2021-08-18 09:21:00.000000000,1629249660000000000,3132,3134,3130,3134,1018,295433,295479
2021-08-18 09:22:00.000000000,1629249720000000000,3134,3134,3130,3132,872,295479,295428
2021-08-18 09:23:00.000000000,1629249780000000000,3132,3134,3130,3130,575,295428,295442
2021-08-18 09:24:00.000000000,1629249840000000000,3130,3130,3128,3130,191,295442,295560
2021-08-18 09:25:00.000000000,1629249900000000000,3130,3130,3128,3130,336,295560,295704
2021-08-18 09:26:00.000000000,1629249960000000000,3130,3130,3126,3130,1718,295704,295810
2021-08-18 09:27:00.000000000,1629250020000000000,3130,3132,3128,3130,657,295810,295846
2021-08-18 09:28:00.000000000,1629250080000000000,3130,3132,3128,3128,631,295846,295832
2021-08-18 09:29:00.000000000,1629250140000000000,3128,3130,3126,3126,1177,295832,296190
2021-08-18 09:30:00.000000000,1629250200000000000,3126,3128,3124,3124,1877,296190,296473
2021-08-18 09:31:00.000000000,1629250260000000000,3124,3128,3124,3126,2182,296473,296864
2021-08-18 09:32:00.000000000,1629250320000000000,3126,3130,3126,3128,1151,296864,296746
2021-08-18 09:33:00.000000000,1629250380000000000,3128,3130,3126,3126,666,296746,296650
2021-08-18 09:34:00.000000000,1629250440000000000,3126,3128,3126,3126,971,296650,296928
2021-08-18 09:35:00.000000000,1629250500000000000,3126,3128,3126,3128,877,296928,296803
2021-08-18 09:36:00.000000000,1629250560000000000,3128,3128,3126,3126,283,296803,296884
2021-08-18 09:37:00.000000000,1629250620000000000,3126,3128,3126,3128,914,296884,297227
2021-08-18 09:38:00.000000000,1629250680000000000,3128,3128,3124,3124,532,297227,297127
2021-08-18 09:39:00.000000000,1629250740000000000,3124,3126,3124,3126,231,297127,297169
2021-08-18 09:40:00.000000000,1629250800000000000,3126,3126,3124,3124,943,297169,297336
2021-08-18 09:41:00.000000000,1629250860000000000,3124,3126,3122,3124,1211,297336,297221
2021-08-18 09:42:00.000000000,1629250920000000000,3124,3128,3122,3126,1598,297221,297312
2021-08-18 09:43:00.000000000,1629250980000000000,3126,3126,3122,3124,1149,297312,297342
2021-08-18 09:44:00.000000000,1629251040000000000,3124,3124,3122,3124,295,297342,297399
2021-08-18 09:45:00.000000000,1629251100000000000,3124,3124,3122,3122,586,297399,297575
2021-08-18 09:46:00.000000000,1629251160000000000,3122,3126,3122,3122,992,297575,297913
2021-08-18 09:47:00.000000000,1629251220000000000,3122,3124,3120,3122,1718,297913,298241
2021-08-18 09:48:00.000000000,1629251280000000000,3122,3126,3122,3124,1643,298241,298939
2021-08-18 09:49:00.000000000,1629251340000000000,3124,3126,3120,3120,1808,298939,299490
2021-08-18 09:50:00.000000000,1629251400000000000,3120,3124,3120,3122,1479,299490,299633
2021-08-18 09:51:00.000000000,1629251460000000000,3122,3122,3118,3118,3620,299633,300737
2021-08-18 09:52:00.000000000,1629251520000000000,3118,3120,3112,3114,3960,300737,301459
2021-08-18 09:53:00.000000000,1629251580000000000,3114,3116,3110,3114,3575,301459,301750
2021-08-18 09:54:00.000000000,1629251640000000000,3114,3114,3108,3110,3987,301750,301997
2021-08-18 09:55:00.000000000,1629251700000000000,3110,3112,3108,3112,2648,301997,302462
2021-08-18 09:56:00.000000000,1629251760000000000,3112,3112,3108,3110,1651,302462,303097
2021-08-18 09:57:00.000000000,1629251820000000000,3110,3114,3108,3114,2000,303097,303281
2021-08-18 09:58:00.000000000,1629251880000000000,3114,3114,3112,3112,872,303281,303390
2021-08-18 09:59:00.000000000,1629251940000000000,3112,3116,3112,3114,1294,303390,302865
2021-08-18 10:00:00.000000000,1629252000000000000,3114,3116,3110,3114,3262,302865,304109
2021-08-18 10:01:00.000000000,1629252060000000000,3114,3116,3112,3112,752,304109,304390
2021-08-18 10:02:00.000000000,1629252120000000000,3112,3114,3110,3110,1326,304390,304733
2021-08-18 10:03:00.000000000,1629252180000000000,3110,3112,3106,3108,2532,304733,305486
2021-08-18 10:04:00.000000000,1629252240000000000,3108,3110,3104,3104,2076,305486,305839
2021-08-18 10:05:00.000000000,1629252300000000000,3104,3108,3104,3106,2703,305839,306216
2021-08-18 10:06:00.000000000,1629252360000000000,3106,3108,3106,3108,898,306216,306059
2021-08-18 10:07:00.000000000,1629252420000000000,3108,3112,3106,3108,2185,306059,305904
2021-08-18 10:08:00.000000000,1629252480000000000,3108,3110,3106,3110,529,305904,306100
2021-08-18 10:09:00.000000000,1629252540000000000,3110,3110,3104,3106,1062,306100,305897
2021-08-18 10:10:00.000000000,1629252600000000000,3106,3106,3098,3098,5389,305897,307903
2021-08-18 10:11:00.000000000,1629252660000000000,3098,3102,3098,3100,1236,307903,307811
2021-08-18 10:12:00.000000000,1629252720000000000,3100,3100,3092,3096,5614,307811,309498
2021-08-18 10:13:00.000000000,1629252780000000000,3096,3096,3092,3094,1585,309498,309666
2021-08-18 10:14:00.000000000,1629252840000000000,3094,3094,3088,3092,4124,309666,309726
2021-08-18 10:30:00.000000000,1629253800000000000,3092,3098,3092,3096,3723,309726,310251
2021-08-18 10:31:00.000000000,1629253860000000000,3096,3100,3096,3096,3113,310251,311007
2021-08-18 10:32:00.000000000,1629253920000000000,3096,3098,3094,3096,1863,311007,310916
2021-08-18 10:33:00.000000000,1629253980000000000,3096,3096,3092,3094,812,310916,310846
2021-08-18 10:34:00.000000000,1629254040000000000,3094,3096,3092,3096,1303,310846,311140
2021-08-18 10:35:00.000000000,1629254100000000000,3096,3100,3094,3100,1494,311140,311607
2021-08-18 10:36:00.000000000,1629254160000000000,3100,3102,3096,3098,1636,311607,311574
2021-08-18 10:37:00.000000000,1629254220000000000,3098,3100,3094,3096,1120,311574,312023
2021-08-18 10:38:00.000000000,1629254280000000000,3096,3100,3096,3100,817,312023,312194
2021-08-18 10:39:00.000000000,1629254340000000000,3100,3104,3098,3102,1458,312194,312259
2021-08-18 10:40:00.000000000,1629254400000000000,3102,3104,3100,3100,748,312259,312319
2021-08-18 10:41:00.000000000,1629254460000000000,3100,3104,3100,3102,518,312319,312198
2021-08-18 10:42:00.000000000,1629254520000000000,3102,3108,3100,3108,1501,312198,312219
2021-08-18 10:43:00.000000000,1629254580000000000,3108,3110,3106,3108,2189,312219,312367
2021-08-18 10:44:00.000000000,1629254640000000000,3108,3112,3108,3112,1002,312367,312319
2021-08-18 10:45:00.000000000,1629254700000000000,3112,3116,3110,3114,3033,312319,311817
2021-08-18 10:46:00.000000000,1629254760000000000,3114,3114,3110,3112,1250,311817,311890
2021-08-18 10:47:00.000000000,1629254820000000000,3112,3120,3112,3120,3033,311890,312024
2021-08-18 10:48:00.000000000,1629254880000000000,3120,3124,3118,3122,3988,312024,311546
2021-08-18 10:49:00.000000000,1629254940000000000,3122,3124,3120,3120,1659,311546,310837
2021-08-18 10:50:00.000000000,1629255000000000000,3120,3124,3120,3124,1584,310837,310567
2021-08-18 10:51:00.000000000,1629255060000000000,3124,3128,3122,3124,2536,310567,310034
2021-08-18 10:52:00.000000000,1629255120000000000,3124,3126,3124,3124,1070,310034,309475
2021-08-18 10:53:00.000000000,1629255180000000000,3124,3126,3124,3124,539,309475,309290
2021-08-18 10:54:00.000000000,1629255240000000000,3124,3130,3124,3128,4958,309290,310142
2021-08-18 10:55:00.000000000,1629255300000000000,3128,3130,3126,3128,2565,310142,309724
2021-08-18 10:56:00.000000000,1629255360000000000,3128,3130,3126,3126,1097,309724,309528
2021-08-18 10:57:00.000000000,1629255420000000000,3126,3134,3126,3130,4167,309528,309267
2021-08-18 10:58:00.000000000,1629255480000000000,3130,3130,3128,3128,776,309267,308909
2021-08-18 10:59:00.000000000,1629255540000000000,3128,3130,3126,3128,1558,308909,308895
2021-08-18 11:00:00.000000000,1629255600000000000,3128,3130,3128,3130,544,308895,308699
2021-08-18 11:01:00.000000000,1629255660000000000,3130,3134,3130,3134,2087,308699,308414
2021-08-18 11:02:00.000000000,1629255720000000000,3134,3136,3132,3134,1578,308414,308055
2021-08-18 11:03:00.000000000,1629255780000000000,3134,3136,3132,3132,1185,308055,307768
2021-08-18 11:04:00.000000000,1629255840000000000,3132,3134,3132,3132,873,307768,307599
2021-08-18 11:05:00.000000000,1629255900000000000,3132,3136,3132,3136,1667,307599,307024
2021-08-18 11:06:00.000000000,1629255960000000000,3136,3138,3134,3136,1780,307024,306914
2021-08-18 11:07:00.000000000,1629256020000000000,3136,3136,3132,3134,683,306914,306875
2021-08-18 11:08:00.000000000,1629256080000000000,3134,3136,3132,3134,750,306875,306920
2021-08-18 11:09:00.000000000,1629256140000000000,3134,3136,3132,3132,1010,306920,306751
2021-08-18 11:10:00.000000000,1629256200000000000,3132,3134,3130,3130,1171,306751,306915
2021-08-18 11:11:00.000000000,1629256260000000000,3130,3132,3128,3128,2230,306915,306563
2021-08-18 11:12:00.000000000,1629256320000000000,3128,3130,3126,3126,1055,306563,306608
2021-08-18 11:13:00.000000000,1629256380000000000,3126,3130,3126,3130,1287,306608,306813
2021-08-18 11:14:00.000000000,1629256440000000000,3130,3132,3128,3130,1384,306813,306819
2021-08-18 11:15:00.000000000,1629256500000000000,3130,3132,3130,3130,478,306819,306753
2021-08-18 11:16:00.000000000,1629256560000000000,3130,3130,3128,3128,510,306753,306672
2021-08-18 11:17:00.000000000,1629256620000000000,3128,3130,3126,3128,966,306672,306692
2021-08-18 11:18:00.000000000,1629256680000000000,3128,3130,3126,3128,337,306692,306564
2021-08-18 11:19:00.000000000,1629256740000000000,3128,3130,3126,3128,343,306564,306684
2021-08-18 11:20:00.000000000,1629256800000000000,3128,3130,3126,3126,368,306684,306800
2021-08-18 11:21:00.000000000,1629256860000000000,3126,3130,3126,3130,433,306800,306722
2021-08-18 11:22:00.000000000,1629256920000000000,3130,3130,3126,3128,571,306722,306789
2021-08-18 11:23:00.000000000,1629256980000000000,3128,3128,3126,3128,381,306789,306852
2021-08-18 11:24:00.000000000,1629257040000000000,3128,3128,3126,3126,205,306852,306891
2021-08-18 11:25:00.000000000,1629257100000000000,3126,3128,3126,3126,203,306891,306977
2021-08-18 11:26:00.000000000,1629257160000000000,3126,3130,3126,3128,724,306977,307114
2021-08-18 11:27:00.000000000,1629257220000000000,3128,3130,3126,3128,656,307114,307075
2021-08-18 11:28:00.000000000,1629257280000000000,3128,3130,3126,3128,393,307075,307110
2021-08-18 11:29:00.000000000,1629257340000000000,3128,3130,3128,3130,547,307110,306832
2021-08-18 13:30:00.000000000,1629264600000000000,3136,3146,3136,3144,7609,306832,305854
2021-08-18 13:31:00.000000000,1629264660000000000,3144,3150,3144,3148,3866,305854,305753
2021-08-18 13:32:00.000000000,1629264720000000000,3148,3150,3146,3150,2892,305753,306296
2021-08-18 13:33:00.000000000,1629264780000000000,3150,3156,3148,3154,4107,306296,306660
2021-08-18 13:34:00.000000000,1629264840000000000,3154,3156,3150,3152,4748,306660,306973
2021-08-18 13:35:00.000000000,1629264900000000000,3152,3156,3152,3154,1820,306973,306688
2021-08-18 13:36:00.000000000,1629264960000000000,3154,3154,3150,3152,1551,306688,306675
2021-08-18 13:37:00.000000000,1629265020000000000,3152,3154,3150,3150,1656,306675,307305
2021-08-18 13:38:00.000000000,1629265080000000000,3150,3152,3146,3148,2763,307305,306738
2021-08-18 13:39:00.000000000,1629265140000000000,3148,3152,3148,3152,969,306738,306691
2021-08-18 13:40:00.000000000,1629265200000000000,3152,3152,3142,3144,3098,306691,307859
2021-08-18 13:41:00.000000000,1629265260000000000,3144,3144,3140,3140,937,307859,308018
2021-08-18 13:42:00.000000000,1629265320000000000,3140,3142,3134,3138,1892,308018,308628
2021-08-18 13:43:00.000000000,1629265380000000000,3138,3140,3136,3138,830,308628,308737
2021-08-18 13:44:00.000000000,1629265440000000000,3138,3140,3136,3138,1107,308737,308663
2021-08-18 13:45:00.000000000,1629265500000000000,3138,3140,3136,3138,521,308663,308688
2021-08-18 13:46:00.000000000,1629265560000000000,3138,3142,3136,3140,1103,308688,308885
2021-08-18 13:47:00.000000000,1629265620000000000,3140,3142,3138,3140,748,308885,308942
2021-08-18 13:48:00.000000000,1629265680000000000,3140,3140,3136,3138,692,308942,309093
2021-08-18 13:49:00.000000000,1629265740000000000,3138,3142,3138,3140,771,309093,308929
2021-08-18 13:50:00.000000000,1629265800000000000,3140,3142,3140,3140,244,308929,308886
2021-08-18 13:51:00.000000000,1629265860000000000,3140,3142,3138,3140,420,308886,308696
2021-08-18 13:52:00.000000000,1629265920000000000,3140,3140,3138,3138,164,308696,308653
2021-08-18 13:53:00.000000000,1629265980000000000,3138,3140,3138,3140,189,308653,308682
2021-08-18 13:54:00.000000000,1629266040000000000,3140,3140,3138,3138,391,308682,308642
2021-08-18 13:55:00.000000000,1629266100000000000,3138,3140,3134,3134,2578,308642,309335
2021-08-18 13:56:00.000000000,1629266160000000000,3134,3136,3134,3136,212,309335,309367
2021-08-18 13:57:00.000000000,1629266220000000000,3136,3136,3134,3136,599,309367,309577
2021-08-18 13:58:00.000000000,1629266280000000000,3136,3138,3134,3136,1406,309577,309777
2021-08-18 13:59:00.000000000,1629266340000000000,3136,3136,3134,3136,435,309777,309874
2021-08-18 14:00:00.000000000,1629266400000000000,3136,3138,3134,3138,371,309874,309736
2021-08-18 14:01:00.000000000,1629266460000000000,3138,3142,3136,3142,3195,309736,309608
2021-08-18 14:02:00.000000000,1629266520000000000,3142,3142,3136,3140,2474,309608,310089
2021-08-18 14:03:00.000000000,1629266580000000000,3140,3140,3138,3138,1032,310089,310211
2021-08-18 14:04:00.000000000,1629266640000000000,3138,3138,3134,3134,1103,310211,310343
2021-08-18 14:05:00.000000000,1629266700000000000,3134,3138,3134,3136,853,310343,310661
2021-08-18 14:06:00.000000000,1629266760000000000,3136,3140,3136,3140,721,310661,311037
2021-08-18 14:07:00.000000000,1629266820000000000,3140,3140,3136,3138,1062,311037,310754
2021-08-18 14:08:00.000000000,1629266880000000000,3138,3140,3138,3140,270,310754,310781
2021-08-18 14:09:00.000000000,1629266940000000000,3140,3140,3136,3138,341,310781,310779
2021-08-18 14:10:00.000000000,1629267000000000000,3138,3138,3136,3138,161,310779,310844
2021-08-18 14:11:00.000000000,1629267060000000000,3138,3138,3136,3136,128,310844,310921
2021-08-18 14:12:00.000000000,1629267120000000000,3136,3138,3136,3136,169,310921,310964
2021-08-18 14:13:00.000000000,1629267180000000000,3136,3138,3136,3138,85,310964,311011
2021-08-18 14:14:00.000000000,1629267240000000000,3138,3140,3136,3138,634,311011,311089
2021-08-18 14:15:00.000000000,1629267300000000000,3138,3142,3138,3140,1151,311089,310939
2021-08-18 14:16:00.000000000,1629267360000000000,3140,3142,3138,3138,1121,310939,310995
2021-08-18 14:17:00.000000000,1629267420000000000,3138,3140,3138,3140,633,310995,310882
2021-08-18 14:18:00.000000000,1629267480000000000,3140,3140,3138,3138,126,310882,310858
2021-08-18 14:19:00.000000000,1629267540000000000,3138,3140,3138,3140,38,310858,310860
2021-08-18 14:20:00.000000000,1629267600000000000,3140,3140,3138,3138,650,310860,310556
2021-08-18 14:21:00.000000000,1629267660000000000,3138,3140,3138,3140,307,310556,310561
2021-08-18 14:22:00.000000000,1629267720000000000,3140,3142,3138,3138,1404,310561,310421
2021-08-18 14:23:00.000000000,1629267780000000000,3138,3138,3134,3136,1334,310421,310682
2021-08-18 14:24:00.000000000,1629267840000000000,3136,3140,3136,3140,607,310682,310811
2021-08-18 14:25:00.000000000,1629267900000000000,3140,3140,3136,3140,692,310811,310803
2021-08-18 14:26:00.000000000,1629267960000000000,3140,3140,3136,3136,463,310803,310758
2021-08-18 14:27:00.000000000,1629268020000000000,3136,3138,3136,3136,209,310758,310796
2021-08-18 14:28:00.000000000,1629268080000000000,3136,3138,3136,3138,165,310796,310844
2021-08-18 14:29:00.000000000,1629268140000000000,3138,3138,3134,3136,816,310844,310617
2021-08-18 14:30:00.000000000,1629268200000000000,3136,3140,3136,3138,989,310617,310476
2021-08-18 14:31:00.000000000,1629268260000000000,3138,3140,3136,3136,794,310476,310522
2021-08-18 14:32:00.000000000,1629268320000000000,3136,3138,3136,3136,310,310522,310566
2021-08-18 14:33:00.000000000,1629268380000000000,3136,3142,3136,3142,1325,310566,311034
2021-08-18 14:34:00.000000000,1629268440000000000,3142,3142,3138,3140,778,311034,311157
2021-08-18 14:35:00.000000000,1629268500000000000,3140,3142,3138,3140,627,311157,310979
2021-08-18 14:36:00.000000000,1629268560000000000,3140,3140,3138,3140,784,310979,311132
2021-08-18 14:37:00.000000000,1629268620000000000,3140,3142,3140,3140,128,311132,311119
2021-08-18 14:38:00.000000000,1629268680000000000,3140,3144,3140,3144,797,311119,311005
2021-08-18 14:39:00.000000000,1629268740000000000,3144,3144,3142,3142,825,311005,310732
2021-08-18 14:40:00.000000000,1629268800000000000,3142,3146,3142,3146,684,310732,310923
2021-08-18 14:41:00.000000000,1629268860000000000,3146,3150,3144,3148,2625,310923,311581
2021-08-18 14:42:00.000000000,1629268920000000000,3148,3150,3146,3148,2242,311581,311630
2021-08-18 14:43:00.000000000,1629268980000000000,3148,3150,3146,3150,986,311630,311115
2021-08-18 14:44:00.000000000,1629269040000000000,3150,3152,3148,3150,1552,311115,311318
2021-08-18 14:45:00.000000000,1629269100000000000,3150,3156,3150,3154,4503,311318,310165
2021-08-18 14:46:00.000000000,1629269160000000000,3154,3156,3152,3154,1849,310165,310129
2021-08-18 14:47:00.000000000,1629269220000000000,3154,3160,3154,3154,4327,310129,311060
2021-08-18 14:48:00.000000000,1629269280000000000,3154,3158,3154,3156,1917,311060,311155
2021-08-18 14:49:00.000000000,1629269340000000000,3156,3158,3154,3158,1587,311155,311111
2021-08-18 14:50:00.000000000,1629269400000000000,3158,3160,3156,3158,2760,311111,311372
2021-08-18 14:51:00.000000000,1629269460000000000,3158,3158,3152,3154,2292,311372,311284
2021-08-18 14:52:00.000000000,1629269520000000000,3154,3158,3154,3156,1673,311284,310858
2021-08-18 14:53:00.000000000,1629269580000000000,3156,3156,3152,3154,1247,310858,310799
2021-08-18 14:54:00.000000000,1629269640000000000,3154,3156,3152,3154,1484,310799,310739
2021-08-18 14:55:00.000000000,1629269700000000000,3154,3156,3152,3156,2670,310739,311053
2021-08-18 14:56:00.000000000,1629269760000000000,3156,3156,3154,3156,668,311053,310951
2021-08-18 14:57:00.000000000,1629269820000000000,3156,3158,3154,3156,1427,310951,310613
2021-08-18 14:58:00.000000000,1629269880000000000,3156,3156,3152,3152,1758,310613,310638
2021-08-18 14:59:00.000000000,1629269940000000000,3152,3158,3152,3156,2719,310638,310520
2021-08-18 21:00:00.000000000,1629291600000000000,3164,3170,3156,3160,9040,310520,310253
2021-08-18 21:01:00.000000000,1629291660000000000,3160,3160,3154,3154,4437,310253,311083
2021-08-18 21:02:00.000000000,1629291720000000000,3154,3158,3154,3156,3264,311083,311444
2021-08-18 21:03:00.000000000,1629291780000000000,3156,3160,3156,3158,2886,311444,311798
2021-08-18 21:04:00.000000000,1629291840000000000,3158,3158,3152,3152,2081,311798,312278
2021-08-18 21:05:00.000000000,1629291900000000000,3152,3154,3146,3146,3359,312278,313011
2021-08-18 21:06:00.000000000,1629291960000000000,3146,3150,3144,3146,3819,313011,312909
2021-08-18 21:07:00.000000000,1629292020000000000,3146,3150,3146,3148,2806,312909,313321
2021-08-18 21:08:00.000000000,1629292080000000000,3148,3150,3146,3148,1772,313321,313368
2021-08-18 21:09:00.000000000,1629292140000000000,3148,3148,3144,3148,1975,313368,313852
2021-08-18 21:10:00.000000000,1629292200000000000,3148,3150,3146,3148,1496,313852,314029
2021-08-18 21:11:00.000000000,1629292260000000000,3148,3150,3148,3148,1069,314029,314033
2021-08-18 21:12:00.000000000,1629292320000000000,3148,3152,3148,3150,1687,314033,314454
2021-08-18 21:13:00.000000000,1629292380000000000,3150,3152,3148,3152,1097,314454,314479
2021-08-18 21:14:00.000000000,1629292440000000000,3152,3154,3150,3154,1101,314479,314230
2021-08-18 21:15:00.000000000,1629292500000000000,3154,3154,3148,3150,1102,314230,314151
2021-08-18 21:16:00.000000000,1629292560000000000,3150,3150,3144,3146,1958,314151,313893
2021-08-18 21:17:00.000000000,1629292620000000000,3146,3146,3144,3146,705,313893,313757
2021-08-18 21:18:00.000000000,1629292680000000000,3146,3148,3144,3148,827,313757,313486
2021-08-18 21:19:00.000000000,1629292740000000000,3148,3148,3146,3148,478,313486,313636
2021-08-18 21:20:00.000000000,1629292800000000000,3148,3148,3146,3148,684,313636,313591
2021-08-18 21:21:00.000000000,1629292860000000000,3148,3148,3146,3148,237,313591,313574
2021-08-18 21:22:00.000000000,1629292920000000000,3148,3148,3134,3134,5024,313574,314097
2021-08-18 21:23:00.000000000,1629292980000000000,3134,3142,3134,3140,2316,314097,313594
2021-08-18 21:24:00.000000000,1629293040000000000,3140,3140,3136,3140,1831,313594,313815
2021-08-18 21:25:00.000000000,1629293100000000000,3140,3142,3136,3138,1655,313815,313865
2021-08-18 21:26:00.000000000,1629293160000000000,3138,3140,3136,3140,906,313865,313765
2021-08-18 21:27:00.000000000,1629293220000000000,3140,3140,3132,3134,1828,313765,314620
2021-08-18 21:28:00.000000000,1629293280000000000,3134,3140,3132,3138,3839,314620,314551
2021-08-18 21:29:00.000000000,1629293340000000000,3138,3142,3136,3142,1784,314551,315227
2021-08-18 21:30:00.000000000,1629293400000000000,3142,3142,3134,3134,1931,315227,314927
2021-08-18 21:31:00.000000000,1629293460000000000,3134,3138,3134,3136,2361,314927,314715
2021-08-18 21:32:00.000000000,1629293520000000000,3136,3140,3134,3140,2330,314715,315244
2021-08-18 21:33:00.000000000,1629293580000000000,3140,3142,3138,3140,940,315244,315415
2021-08-18 21:34:00.000000000,1629293640000000000,3140,3140,3136,3138,954,315415,315435
2021-08-18 21:35:00.000000000,1629293700000000000,3138,3142,3138,3140,925,315435,315252
2021-08-18 21:36:00.000000000,1629293760000000000,3140,3142,3138,3138,638,315252,315161
2021-08-18 21:37:00.000000000,1629293820000000000,3138,3138,3134,3138,927,315161,315294
2021-08-18 21:38:00.000000000,1629293880000000000,3138,3138,3132,3132,1407,315294,315514
2021-08-18 21:39:00.000000000,1629293940000000000,3132,3134,3130,3132,1377,315514,315836
2021-08-18 21:40:00.000000000,1629294000000000000,3132,3134,3130,3134,544,315836,315819
2021-08-18 21:41:00.000000000,1629294060000000000,3134,3134,3130,3132,1664,315819,315922
2021-08-18 21:42:00.000000000,1629294120000000000,3132,3132,3128,3130,1796,315922,316287
2021-08-18 21:43:00.000000000,1629294180000000000,3130,3130,3126,3130,2052,316287,316485
2021-08-18 21:44:00.000000000,1629294240000000000,3130,3130,3126,3128,1314,316485,316725
2021-08-18 21:45:00.000000000,1629294300000000000,3128,3130,3124,3126,2279,316725,316074
2021-08-18 21:46:00.000000000,1629294360000000000,3126,3128,3126,3126,1210,316074,316299
2021-08-18 21:47:00.000000000,1629294420000000000,3126,3128,3124,3126,1514,316299,316353
2021-08-18 21:48:00.000000000,1629294480000000000,3126,3128,3126,3128,1425,316353,316172
2021-08-18 21:49:00.000000000,1629294540000000000,3128,3130,3126,3126,1035,316172,316263
2021-08-18 21:50:00.000000000,1629294600000000000,3126,3128,3126,3126,413,316263,316193
2021-08-18 21:51:00.000000000,1629294660000000000,3126,3130,3126,3128,1264,316193,316220
2021-08-18 21:52:00.000000000,1629294720000000000,3128,3134,3126,3134,1727,316220,316285
2021-08-18 21:53:00.000000000,1629294780000000000,3134,3134,3128,3130,2158,316285,316180
2021-08-18 21:54:00.000000000,1629294840000000000,3130,3134,3128,3132,927,316180,316057
2021-08-18 21:55:00.000000000,1629294900000000000,3132,3132,3130,3130,345,316057,316096
2021-08-18 21:56:00.000000000,1629294960000000000,3130,3136,3130,3136,1880,316096,316008
2021-08-18 21:57:00.000000000,1629295020000000000,3136,3136,3132,3134,868,316008,316030
2021-08-18 21:58:00.000000000,1629295080000000000,3134,3136,3132,3134,646,316030,315892
2021-08-18 21:59:00.000000000,1629295140000000000,3134,3138,3134,3136,1437,315892,315851
2021-08-18 22:00:00.000000000,1629295200000000000,3136,3138,3134,3134,773,315851,316062
2021-08-18 22:01:00.000000000,1629295260000000000,3134,3136,3132,3134,793,316062,316286
2021-08-18 22:02:00.000000000,1629295320000000000,3134,3134,3130,3130,852,316286,316435
2021-08-18 22:03:00.000000000,1629295380000000000,3130,3134,3130,3134,1446,316435,317030
2021-08-18 22:04:00.000000000,1629295440000000000,3134,3134,3128,3128,1234,317030,317235
2021-08-18 22:05:00.000000000,1629295500000000000,3128,3132,3128,3130,666,317235,317210
2021-08-18 22:06:00.000000000,1629295560000000000,3130,3132,3130,3132,601,317210,317260
2021-08-18 22:07:00.000000000,1629295620000000000,3132,3132,3130,3132,249,317260,317274
2021-08-18 22:08:00.000000000,1629295680000000000,3132,3132,3126,3126,2188,317274,317547
2021-08-18 22:09:00.000000000,1629295740000000000,3126,3128,3124,3128,1414,317547,317651
2021-08-18 22:10:00.000000000,1629295800000000000,3128,3130,3126,3126,874,317651,317513
2021-08-18 22:11:00.000000000,1629295860000000000,3126,3128,3124,3126,945,317513,317637
2021-08-18 22:12:00.000000000,1629295920000000000,3126,3128,3124,3124,1249,317637,317864
2021-08-18 22:13:00.000000000,1629295980000000000,3124,3128,3124,3126,400,317864,317841
2021-08-18 22:14:00.000000000,1629296040000000000,3126,3128,3126,3128,196,317841,317848
2021-08-18 22:15:00.000000000,1629296100000000000,3128,3128,3124,3124,864,317848,317981
2021-08-18 22:16:00.000000000,1629296160000000000,3124,3126,3116,3118,3924,317981,318129
2021-08-18 22:17:00.000000000,1629296220000000000,3118,3124,3118,3122,2168,318129,317983
2021-08-18 22:18:00.000000000,1629296280000000000,3122,3122,3120,3120,793,317983,318108
2021-08-18 22:19:00.000000000,1629296340000000000,3120,3124,3118,3118,1645,318108,317789
2021-08-18 22:20:00.000000000,1629296400000000000,3118,3122,3118,3120,1410,317789,317888
2021-08-18 22:21:00.000000000,1629296460000000000,3120,3122,3118,3118,1021,317888,317958
2021-08-18 22:22:00.000000000,1629296520000000000,3118,3120,3116,3118,1547,317958,318312
2021-08-18 22:23:00.000000000,1629296580000000000,3118,3122,3116,3122,1779,318312,318400
2021-08-18 22:24:00.000000000,1629296640000000000,3122,3122,3114,3116,2395,318400,317897
2021-08-18 22:25:00.000000000,1629296700000000000,3116,3118,3114,3116,1070,317897,318035
2021-08-18 22:26:00.000000000,1629296760000000000,3116,3116,3114,3116,584,318035,318087
2021-08-18 22:27:00.000000000,1629296820000000000,3116,3116,3112,3112,1417,318087,318399
2021-08-18 22:28:00.000000000,1629296880000000000,3112,3114,3112,3114,918,318399,318278
2021-08-18 22:29:00.000000000,1629296940000000000,3114,3114,3110,3110,1021,318278,318382
2021-08-18 22:30:00.000000000,1629297000000000000,3110,3124,3110,3116,4283,318382,317704
2021-08-18 22:31:00.000000000,1629297060000000000,3116,3120,3116,3118,1380,317704,317876
2021-08-18 22:32:00.000000000,1629297120000000000,3118,3118,3106,3108,4569,317876,318556
2021-08-18 22:33:00.000000000,1629297180000000000,3108,3114,3108,3112,1914,318556,318450
2021-08-18 22:34:00.000000000,1629297240000000000,3112,3118,3110,3114,3031,318450,318611
2021-08-18 22:35:00.000000000,1629297300000000000,3114,3116,3108,3116,2230,318611,318693
2021-08-18 22:36:00.000000000,1629297360000000000,3116,3118,3114,3116,749,318693,318729
2021-08-18 22:37:00.000000000,1629297420000000000,3116,3120,3116,3116,1926,318729,318662
2021-08-18 22:38:00.000000000,1629297480000000000,3116,3118,3108,3110,2394,318662,318756
2021-08-18 22:39:00.000000000,1629297540000000000,3110,3112,3108,3108,1187,318756,318962
2021-08-18 22:40:00.000000000,1629297600000000000,3108,3110,3106,3108,1077,318962,318926
2021-08-18 22:41:00.000000000,1629297660000000000,3108,3110,3106,3106,1431,318926,319069
2021-08-18 22:42:00.000000000,1629297720000000000,3106,3108,3104,3106,2234,319069,319582
2021-08-18 22:43:00.000000000,1629297780000000000,3106,3106,3102,3102,2361,319582,320273
2021-08-18 22:44:00.000000000,1629297840000000000,3102,3104,3100,3104,3076,320273,321078
2021-08-18 22:45:00.000000000,1629297900000000000,3104,3106,3100,3106,2184,321078,320900
2021-08-18 22:46:00.000000000,1629297960000000000,3106,3108,3102,3108,1736,320900,320807
2021-08-18 22:47:00.000000000,1629298020000000000,3108,3110,3106,3108,1076,320807,321177
2021-08-18 22:48:00.000000000,1629298080000000000,3108,3116,3106,3114,3170,321177,320500
2021-08-18 22:49:00.000000000,1629298140000000000,3114,3114,3106,3106,1627,320500,320657
2021-08-18 22:50:00.000000000,1629298200000000000,3106,3108,3104,3106,1786,320657,320821
2021-08-18 22:51:00.000000000,1629298260000000000,3106,3116,3106,3112,2609,320821,320195
2021-08-18 22:52:00.000000000,1629298320000000000,3112,3114,3112,3112,542,320195,320093
2021-08-18 22:53:00.000000000,1629298380000000000,3112,3118,3112,3118,1398,320093,319810
2021-08-18 22:54:00.000000000,1629298440000000000,3118,3118,3116,3116,930,319810,319898
2021-08-18 22:55:00.000000000,1629298500000000000,3116,3116,3112,3114,978,319898,319769
2021-08-18 22:56:00.000000000,1629298560000000000,3114,3116,3112,3114,469,319769,319786
2021-08-18 22:57:00.000000000,1629298620000000000,3114,3116,3114,3116,695,319786,319885
2021-08-18 22:58:00.000000000,1629298680000000000,3116,3116,3112,3112,1203,319885,320095
2021-08-18 22:59:00.000000000,1629298740000000000,3112,3114,3108,3110,2028,320095,320121
2021-08-19 09:00:00.000000000,1629334800000000000,3058,3068,3048,3050,35762,320121,321347
2021-08-19 09:01:00.000000000,1629334860000000000,3050,3058,3040,3056,8296,321347,321377
2021-08-19 09:02:00.000000000,1629334920000000000,3056,3064,3054,3060,3880,321377,321517
2021-08-19 09:03:00.000000000,1629334980000000000,3060,3062,3052,3054,4369,321517,321269
2021-08-19 09:04:00.000000000,1629335040000000000,3054,3058,3052,3054,2458,321269,320922
2021-08-19 09:05:00.000000000,1629335100000000000,3054,3054,3044,3046,4128,320922,321909
2021-08-19 09:06:00.000000000,1629335160000000000,3046,3046,3040,3042,3839,321909,322692
2021-08-19 09:07:00.000000000,1629335220000000000,3042,3048,3040,3042,4526,322692,323864
2021-08-19 09:08:00.000000000,1629335280000000000,3042,3044,3034,3038,4393,323864,324263
2021-08-19 09:09:00.000000000,1629335340000000000,3038,3044,3036,3044,3165,324263,324805
2021-08-19 09:10:00.000000000,1629335400000000000,3044,3048,3040,3044,4133,324805,325504
2021-08-19 09:11:00.000000000,1629335460000000000,3044,3046,3042,3046,1669,325504,325777
2021-08-19 09:12:00.000000000,1629335520000000000,3046,3046,3040,3042,2141,325777,326243
2021-08-19 09:13:00.000000000,1629335580000000000,3042,3046,3038,3044,2448,326243,326763
2021-08-19 09:14:00.000000000,1629335640000000000,3044,3052,3040,3050,2884,326763,327157
2021-08-19 09:15:00.000000000,1629335700000000000,3050,3056,3046,3056,4289,327157,327496
2021-08-19 09:16:00.000000000,1629335760000000000,3056,3056,3050,3050,2516,327496,327844
2021-08-19 09:17:00.000000000,1629335820000000000,3050,3052,3048,3050,2208,327844,328268
2021-08-19 09:18:00.000000000,1629335880000000000,3050,3054,3048,3052,1599,328268,328731
2021-08-19 09:19:00.000000000,1629335940000000000,3052,3056,3052,3054,2132,328731,328938
2021-08-19 09:20:00.000000000,1629336000000000000,3054,3058,3054,3056,1889,328938,329405
2021-08-19 09:21:00.000000000,1629336060000000000,3056,3064,3056,3064,3193,329405,329986
2021-08-19 09:22:00.000000000,1629336120000000000,3064,3064,3060,3064,1719,329986,329761
2021-08-19 09:23:00.000000000,1629336180000000000,3064,3064,3058,3060,1444,329761,329963
2021-08-19 09:24:00.000000000,1629336240000000000,3060,3070,3060,3064,3589,329963,329741
2021-08-19 09:25:00.000000000,1629336300000000000,3064,3066,3060,3064,2267,329741,329824
2021-08-19 09:26:00.000000000,1629336360000000000,3064,3066,3062,3064,1224,329824,329942
2021-08-19 09:27:00.000000000,1629336420000000000,3064,3064,3062,3062,396,329942,330014
2021-08-19 09:28:00.000000000,1629336480000000000,3062,3064,3062,3062,921,330014,330105
2021-08-19 09:29:00.000000000,1629336540000000000,3062,3062,3060,3062,858,330105,329947
2021-08-19 09:30:00.000000000,1629336600000000000,3062,3070,3060,3068,2451,329947,330277
2021-08-19 09:31:00.000000000,1629336660000000000,3068,3070,3066,3066,1871,330277,329827
2021-08-19 09:32:00.000000000,1629336720000000000,3066,3070,3066,3066,2003,329827,329864
2021-08-19 09:33:00.000000000,1629336780000000000,3066,3068,3058,3060,2795,329864,330573
2021-08-19 09:34:00.000000000,1629336840000000000,3060,3064,3060,3062,1282,330573,330500
2021-08-19 09:35:00.000000000,1629336900000000000,3062,3062,3056,3056,2103,330500,330868
2021-08-19 09:36:00.000000000,1629336960000000000,3056,3060,3054,3060,1851,330868,331297
2021-08-19 09:37:00.000000000,1629337020000000000,3060,3060,3054,3056,1200,331297,331050
2021-08-19 09:38:00.000000000,1629337080000000000,3056,3070,3056,3068,4515,331050,332324
2021-08-19 09:39:00.000000000,1629337140000000000,3068,3070,3066,3068,2484,332324,333041
2021-08-19 09:40:00.000000000,1629337200000000000,3068,3070,3064,3064,1228,333041,332999
2021-08-19 09:41:00.000000000,1629337260000000000,3064,3064,3062,3064,1181,332999,333091
2021-08-19 09:42:00.000000000,1629337320000000000,3064,3064,3060,3064,1110,333091,333240
2021-08-19 09:43:00.000000000,1629337380000000000,3064,3064,3056,3058,1239,333240,332999
2021-08-19 09:44:00.000000000,1629337440000000000,3058,3060,3058,3060,537,332999,333104
2021-08-19 09:45:00.000000000,1629337500000000000,3060,3060,3056,3060,1105,333104,333429
2021-08-19 09:46:00.000000000,1629337560000000000,3060,3062,3056,3056,1137,333429,333360
2021-08-19 09:47:00.000000000,1629337620000000000,3056,3058,3056,3058,1275,333360,333452
2021-08-19 09:48:00.000000000,1629337680000000000,3058,3058,3052,3056,1846,333452,333783
2021-08-19 09:49:00.000000000,1629337740000000000,3056,3062,3054,3058,1200,333783,333724
2021-08-19 09:50:00.000000000,1629337800000000000,3058,3064,3056,3064,1281,333724,333597
2021-08-19 09:51:00.000000000,1629337860000000000,3064,3064,3060,3060,1014,333597,333442
2021-08-19 09:52:00.000000000,1629337920000000000,3060,3064,3060,3062,521,333442,333318
2021-08-19 09:53:00.000000000,1629337980000000000,3062,3068,3062,3066,889,333318,333500
2021-08-19 09:54:00.000000000,1629338040000000000,3066,3068,3066,3068,487,333500,333432
2021-08-19 09:55:00.000000000,1629338100000000000,3068,3068,3062,3064,1163,333432,333576
2021-08-19 09:56:00.000000000,1629338160000000000,3064,3070,3062,3070,2126,333576,333282
2021-08-19 09:57:00.000000000,1629338220000000000,3070,3072,3062,3064,2059,333282,333406
2021-08-19 09:58:00.000000000,1629338280000000000,3064,3066,3062,3062,549,333406,333270
2021-08-19 09:59:00.000000000,1629338340000000000,3062,3064,3058,3062,1080,333270,333163
2021-08-19 10:00:00.000000000,1629338400000000000,3062,3062,3058,3060,1139,333163,333126
2021-08-19 10:01:00.000000000,1629338460000000000,3060,3062,3058,3058,1310,333126,333292
2021-08-19 10:02:00.000000000,1629338520000000000,3058,3060,3054,3060,2373,333292,333104
2021-08-19 10:03:00.000000000,1629338580000000000,3060,3060,3056,3060,669,333104,333014
2021-08-19 10:04:00.000000000,1629338640000000000,3060,3062,3058,3060,1253,333014,333151
2021-08-19 10:05:00.000000000,1629338700000000000,3060,3064,3060,3062,1341,333151,333099
2021-08-19 10:06:00.000000000,1629338760000000000,3062,3066,3062,3064,2070,333099,332862
2021-08-19 10:07:00.000000000,1629338820000000000,3064,3066,3062,3064,1172,332862,332944
2021-08-19 10:08:00.000000000,1629338880000000000,3064,3068,3062,3066,1878,332944,333043
2021-08-19 10:09:00.000000000,1629338940000000000,3066,3066,3058,3060,1678,333043,333278
2021-08-19 10:10:00.000000000,1629339000000000000,3060,3060,3058,3060,568,333278,333280
2021-08-19 10:11:00.000000000,1629339060000000000,3060,3060,3058,3058,419,333280,333228
2021-08-19 10:12:00.000000000,1629339120000000000,3058,3060,3056,3058,946,333228,333160
2021-08-19 10:13:00.000000000,1629339180000000000,3058,3060,3054,3056,1403,333160,333034
2021-08-19 10:14:00.000000000,1629339240000000000,3056,3056,3054,3056,225,333034,333053
2021-08-19 10:30:00.000000000,1629340200000000000,3054,3058,3054,3056,838,333053,333086
2021-08-19 10:31:00.000000000,1629340260000000000,3056,3058,3052,3054,1310,333086,333345
2021-08-19 10:32:00.000000000,1629340320000000000,3054,3056,3052,3054,925,333345,333678
2021-08-19 10:33:00.000000000,1629340380000000000,3054,3054,3052,3052,448,333678,333712
2021-08-19 10:34:00.000000000,1629340440000000000,3052,3054,3052,3052,216,333712,333782
2021-08-19 10:35:00.000000000,1629340500000000000,3052,3056,3052,3052,891,333782,333840
2021-08-19 10:36:00.000000000,1629340560000000000,3052,3054,3052,3052,977,333840,333827
2021-08-19 10:37:00.000000000,1629340620000000000,3052,3054,3050,3052,1384,333827,333809
2021-08-19 10:38:00.000000000,1629340680000000000,3052,3054,3050,3054,1637,333809,333653
2021-08-19 10:39:00.000000000,1629340740000000000,3054,3056,3052,3056,1394,333653,333587
2021-08-19 10:40:00.000000000,1629340800000000000,3056,3056,3050,3050,1094,333587,333748
2021-08-19 10:41:00.000000000,1629340860000000000,3050,3054,3050,3050,692,333748,333877
2021-08-19 10:42:00.000000000,1629340920000000000,3050,3052,3046,3048,1865,333877,333963
2021-08-19 10:43:00.000000000,1629340980000000000,3048,3048,3044,3046,632,333963,333977
2021-08-19 10:44:00.000000000,1629341040000000000,3046,3050,3046,3050,1659,333977,334238
2021-08-19 10:45:00.000000000,1629341100000000000,3050,3050,3046,3046,1141,334238,333986
2021-08-19 10:46:00.000000000,1629341160000000000,3046,3048,3046,3046,580,333986,334236
2021-08-19 10:47:00.000000000,1629341220000000000,3046,3050,3046,3048,472,334236,334361
2021-08-19 10:48:00.000000000,1629341280000000000,3048,3050,3046,3050,842,334361,334197
2021-08-19 10:49:00.000000000,1629341340000000000,3050,3050,3046,3046,714,334197,334224
2021-08-19 10:50:00.000000000,1629341400000000000,3046,3050,3046,3048,1086,334224,334618
2021-08-19 10:51:00.000000000,1629341460000000000,3048,3050,3046,3050,361,334618,334822
2021-08-19 10:52:00.000000000,1629341520000000000,3050,3050,3046,3048,454,334822,334841
2021-08-19 10:53:00.000000000,1629341580000000000,3048,3048,3046,3048,691,334841,335054
2021-08-19 10:54:00.000000000,1629341640000000000,3048,3048,3042,3044,1531,335054,335242
2021-08-19 10:55:00.000000000,1629341700000000000,3044,3046,3042,3046,1203,335242,335176
2021-08-19 10:56:00.000000000,1629341760000000000,3046,3048,3044,3046,1034,335176,335076
2021-08-19 10:57:00.000000000,1629341820000000000,3046,3048,3044,3044,782,335076,335052
2021-08-19 10:58:00.000000000,1629341880000000000,3044,3046,3042,3044,1013,335052,335311
2021-08-19 10:59:00.000000000,1629341940000000000,3044,3046,3044,3046,755,335311,335261
2021-08-19 11:00:00.000000000,1629342000000000000,3046,3046,3042,3044,1440,335261,335305
2021-08-19 11:01:00.000000000,1629342060000000000,3044,3050,3042,3048,1941,335305,335074
2021-08-19 11:02:00.000000000,1629342120000000000,3048,3050,3046,3050,959,335074,335071
2021-08-19 11:03:00.000000000,1629342180000000000,3050,3052,3048,3052,738,335071,335150
2021-08-19 11:04:00.000000000,1629342240000000000,3052,3052,3050,3050,568,335150,334970
2021-08-19 11:05:00.000000000,1629342300000000000,3050,3052,3048,3050,595,334970,335027
2021-08-19 11:06:00.000000000,1629342360000000000,3050,3052,3048,3050,816,335027,334860
2021-08-19 11:07:00.000000000,1629342420000000000,3050,3052,3048,3052,1130,334860,334916
2021-08-19 11:08:00.000000000,1629342480000000000,3052,3054,3050,3050,372,334916,334838
2021-08-19 11:09:00.000000000,1629342540000000000,3050,3052,3050,3052,910,334838,334770
2021-08-19 11:10:00.000000000,1629342600000000000,3052,3054,3052,3052,471,334770,334841
2021-08-19 11:11:00.000000000,1629342660000000000,3052,3054,3050,3050,198,334841,334809
2021-08-19 11:12:00.000000000,1629342720000000000,3050,3052,3050,3050,184,334809,334772
2021-08-19 11:13:00.000000000,1629342780000000000,3050,3054,3050,3052,614,334772,334880
2021-08-19 11:14:00.000000000,1629342840000000000,3052,3054,3050,3052,734,334880,335026
2021-08-19 11:15:00.000000000,1629342900000000000,3052,3054,3052,3054,1040,335026,335051
2021-08-19 11:16:00.000000000,1629342960000000000,3054,3054,3050,3052,297,335051,334957
2021-08-19 11:17:00.000000000,1629343020000000000,3052,3054,3052,3052,433,334957,335023
2021-08-19 11:18:00.000000000,1629343080000000000,3052,3054,3052,3052,44,335023,335001
2021-08-19 11:19:00.000000000,1629343140000000000,3052,3054,3052,3054,510,335001,335125
2021-08-19 11:20:00.000000000,1629343200000000000,3054,3058,3054,3056,1235,335125,334918
2021-08-19 11:21:00.000000000,1629343260000000000,3056,3062,3056,3060,1967,334918,334960
2021-08-19 11:22:00.000000000,1629343320000000000,3060,3062,3058,3062,1488,334960,334715
2021-08-19 11:23:00.000000000,1629343380000000000,3062,3062,3060,3062,950,334715,334570
2021-08-19 11:24:00.000000000,1629343440000000000,3062,3064,3060,3062,1036,334570,334458
2021-08-19 11:25:00.000000000,1629343500000000000,3062,3062,3058,3060,1140,334458,333885
2021-08-19 11:26:00.000000000,1629343560000000000,3060,3062,3058,3060,868,333885,333840
2021-08-19 11:27:00.000000000,1629343620000000000,3060,3062,3058,3060,607,333840,333615
2021-08-19 11:28:00.000000000,1629343680000000000,3060,3060,3056,3056,511,333615,333377
2021-08-19 11:29:00.000000000,1629343740000000000,3056,3062,3056,3062,1048,333377,333455
2021-08-19 13:30:00.000000000,1629351000000000000,3060,3060,3054,3058,2265,333455,332845
2021-08-19 13:31:00.000000000,1629351060000000000,3058,3058,3054,3058,1843,332845,332710
2021-08-19 13:32:00.000000000,1629351120000000000,3058,3060,3054,3060,1305,332710,332707
2021-08-19 13:33:00.000000000,1629351180000000000,3060,3064,3058,3064,1751,332707,332837
2021-08-19 13:34:00.000000000,1629351240000000000,3064,3066,3062,3066,855,332837,333094
2021-08-19 13:35:00.000000000,1629351300000000000,3066,3068,3064,3068,1740,333094,333300
2021-08-19 13:36:00.000000000,1629351360000000000,3068,3068,3066,3066,319,333300,333318
2021-08-19 13:37:00.000000000,1629351420000000000,3066,3068,3064,3064,945,333318,333066
2021-08-19 13:38:00.000000000,1629351480000000000,3064,3066,3064,3066,336,333066,333106
2021-08-19 13:39:00.000000000,1629351540000000000,3066,3066,3062,3064,648,333106,333241
2021-08-19 13:40:00.000000000,1629351600000000000,3064,3064,3062,3062,135,333241,333218
2021-08-19 13:41:00.000000000,1629351660000000000,3062,3064,3060,3062,684,333218,333177
2021-08-19 13:42:00.000000000,1629351720000000000,3062,3068,3060,3068,1532,333177,333333
2021-08-19 13:43:00.000000000,1629351780000000000,3068,3068,3064,3064,1069,333333,332999
2021-08-19 13:44:00.000000000,1629351840000000000,3064,3064,3058,3060,1168,332999,333077
2021-08-19 13:45:00.000000000,1629351900000000000,3060,3062,3060,3062,648,333077,333083
2021-08-19 13:46:00.000000000,1629351960000000000,3062,3068,3062,3066,2024,333083,333041
2021-08-19 13:47:00.000000000,1629352020000000000,3066,3066,3064,3066,303,333041,333037
2021-08-19 13:48:00.000000000,1629352080000000000,3066,3066,3064,3064,508,333037,332861
2021-08-19 13:49:00.000000000,1629352140000000000,3064,3070,3064,3068,2614,332861,333389
2021-08-19 13:50:00.000000000,1629352200000000000,3068,3070,3066,3068,687,333389,333397
2021-08-19 13:51:00.000000000,1629352260000000000,3068,3068,3066,3068,702,333397,333454
2021-08-19 13:52:00.000000000,1629352320000000000,3068,3068,3064,3064,564,333454,333564
2021-08-19 13:53:00.000000000,1629352380000000000,3064,3066,3062,3062,796,333564,333527
2021-08-19 13:54:00.000000000,1629352440000000000,3062,3064,3062,3062,442,333527,333730
2021-08-19 13:55:00.000000000,1629352500000000000,3062,3062,3056,3058,2000,333730,333477
2021-08-19 13:56:00.000000000,1629352560000000000,3058,3060,3056,3060,1143,333477,333281
2021-08-19 13:57:00.000000000,1629352620000000000,3060,3062,3058,3058,956,333281,333086
2021-08-19 13:58:00.000000000,1629352680000000000,3058,3060,3058,3060,700,333086,333355
2021-08-19 13:59:00.000000000,1629352740000000000,3060,3062,3060,3060,744,333355,333186
2021-08-19 14:00:00.000000000,1629352800000000000,3060,3062,3058,3058,495,333186,333158
2021-08-19 14:01:00.000000000,1629352860000000000,3058,3060,3058,3060,227,333158,333219
2021-08-19 14:02:00.000000000,1629352920000000000,3060,3060,3058,3060,57,333219,333225
2021-08-19 14:03:00.000000000,1629352980000000000,3060,3060,3058,3058,137,333225,333179
2021-08-19 14:04:00.000000000,1629353040000000000,3058,3060,3058,3060,117,333179,333142
2021-08-19 14:05:00.000000000,1629353100000000000,3060,3060,3058,3058,238,333142,333193
2021-08-19 14:06:00.000000000,1629353160000000000,3058,3060,3056,3056,936,333193,333166
2021-08-19 14:07:00.000000000,1629353220000000000,3056,3058,3056,3058,597,333166,333070
2021-08-19 14:08:00.000000000,1629353280000000000,3058,3058,3056,3056,89,333070,333048
2021-08-19 14:09:00.000000000,1629353340000000000,3056,3058,3056,3056,160,333048,333046
2021-08-19 14:10:00.000000000,1629353400000000000,3056,3062,3056,3060,978,333046,333341
2021-08-19 14:11:00.000000000,1629353460000000000,3060,3062,3058,3060,935,333341,333290
2021-08-19 14:12:00.000000000,1629353520000000000,3060,3060,3058,3058,233,333290,333256
2021-08-19 14:13:00.000000000,1629353580000000000,3058,3064,3058,3062,1121,333256,333189
2021-08-19 14:14:00.000000000,1629353640000000000,3062,3062,3060,3062,405,333189,333229
2021-08-19 14:15:00.000000000,1629353700000000000,3062,3062,3058,3058,1236,333229,333041
2021-08-19 14:16:00.000000000,1629353760000000000,3058,3060,3058,3058,663,333041,333238
2021-08-19 14:17:00.000000000,1629353820000000000,3058,3060,3056,3058,490,333238,333193
2021-08-19 14:18:00.000000000,1629353880000000000,3058,3058,3054,3056,549,333193,333151
2021-08-19 14:19:00.000000000,1629353940000000000,3056,3058,3054,3058,929,333151,333111
2021-08-19 14:20:00.000000000,1629354000000000000,3058,3058,3056,3056,413,333111,333054
2021-08-19 14:21:00.000000000,1629354060000000000,3056,3058,3056,3058,104,333054,333013
2021-08-19 14:22:00.000000000,1629354120000000000,3058,3058,3054,3056,739,333013,332949
2021-08-19 14:23:00.000000000,1629354180000000000,3056,3058,3056,3058,265,332949,332960
2021-08-19 14:24:00.000000000,1629354240000000000,3058,3058,3054,3056,324,332960,333086
2021-08-19 14:25:00.000000000,1629354300000000000,3056,3060,3056,3060,897,333086,333343
2021-08-19 14:26:00.000000000,1629354360000000000,3060,3060,3056,3058,860,333343,333696
2021-08-19 14:27:00.000000000,1629354420000000000,3058,3058,3056,3058,514,333696,333556
2021-08-19 14:28:00.000000000,1629354480000000000,3058,3058,3054,3056,572,333556,333319
2021-08-19 14:29:00.000000000,1629354540000000000,3056,3056,3054,3056,336,333319,333222
2021-08-19 14:30:00.000000000,1629354600000000000,3056,3056,3052,3054,1079,333222,333370
2021-08-19 14:31:00.000000000,1629354660000000000,3054,3056,3052,3054,565,333370,333185
2021-08-19 14:32:00.000000000,1629354720000000000,3054,3056,3052,3054,878,333185,333104
2021-08-19 14:33:00.000000000,1629354780000000000,3054,3056,3048,3050,3120,333104,334036
2021-08-19 14:34:00.000000000,1629354840000000000,3050,3050,3046,3046,3055,334036,334563
2021-08-19 14:35:00.000000000,1629354900000000000,3046,3048,3042,3046,3534,334563,334947
2021-08-19 14:36:00.000000000,1629354960000000000,3046,3048,3044,3046,1717,334947,335145
2021-08-19 14:37:00.000000000,1629355020000000000,3046,3046,3042,3046,1108,335145,335015
2021-08-19 14:38:00.000000000,1629355080000000000,3046,3046,3042,3042,730,335015,335105
2021-08-19 14:39:00.000000000,1629355140000000000,3042,3048,3042,3048,848,335105,335341
2021-08-19 14:40:00.000000000,1629355200000000000,3048,3048,3044,3044,1292,335341,335229
2021-08-19 14:41:00.000000000,1629355260000000000,3044,3046,3042,3044,866,335229,335432
2021-08-19 14:42:00.000000000,1629355320000000000,3044,3046,3042,3046,1012,335432,335625
2021-08-19 14:43:00.000000000,1629355380000000000,3046,3046,3044,3046,488,335625,335767
2021-08-19 14:44:00.000000000,1629355440000000000,3046,3046,3042,3044,1345,335767,335820
2021-08-19 14:45:00.000000000,1629355500000000000,3044,3046,3042,3044,759,335820,335832
2021-08-19 14:46:00.000000000,1629355560000000000,3044,3044,3040,3040,2764,335832,336119
2021-08-19 14:47:00.000000000,1629355620000000000,3040,3040,3036,3038,2219,336119,336318
2021-08-19 14:48:00.000000000,1629355680000000000,3038,3042,3036,3040,1528,336318,336693
2021-08-19 14:49:00.000000000,1629355740000000000,3040,3044,3040,3044,1766,336693,337138
2021-08-19 14:50:00.000000000,1629355800000000000,3044,3046,3040,3040,1241,337138,337274
2021-08-19 14:51:00.000000000,1629355860000000000,3040,3046,3038,3044,2388,337274,337401
2021-08-19 14:52:00.000000000,1629355920000000000,3044,3048,3044,3044,1310,337401,337340
2021-08-19 14:53:00.000000000,1629355980000000000,3044,3048,3044,3046,1353,337340,337427
2021-08-19 14:54:00.000000000,1629356040000000000,3046,3050,3044,3050,1912,337427,337370
2021-08-19 14:55:00.000000000,1629356100000000000,3050,3052,3050,3050,2708,337370,337803
2021-08-19 14:56:00.000000000,1629356160000000000,3050,3052,3048,3052,1218,337803,337717
2021-08-19 14:57:00.000000000,1629356220000000000,3052,3052,3048,3050,1696,337717,337680
2021-08-19 14:58:00.000000000,1629356280000000000,3050,3052,3048,3050,1408,337680,337204
2021-08-19 14:59:00.000000000,1629356340000000000,3050,3054,3050,3054,3326,337204,335995
2021-08-19 21:00:00.000000000,1629378000000000000,3024,3040,3020,3036,14392,335995,338234
2021-08-19 21:01:00.000000000,1629378060000000000,3036,3036,3024,3026,5649,338234,338802
2021-08-19 21:02:00.000000000,1629378120000000000,3026,3036,3024,3034,4229,338802,340025
2021-08-19 21:03:00.000000000,1629378180000000000,3034,3036,3030,3036,3114,340025,340339
2021-08-19 21:04:00.000000000,1629378240000000000,3036,3036,3026,3028,3392,340339,339795
2021-08-19 21:05:00.000000000,1629378300000000000,3028,3028,3024,3026,3559,339795,340403
2021-08-19 21:06:00.000000000,1629378360000000000,3026,3030,3026,3026,2761,340403,340544
2021-08-19 21:07:00.000000000,1629378420000000000,3026,3032,3024,3024,4843,340544,342247
2021-08-19 21:08:00.000000000,1629378480000000000,3024,3026,3020,3022,5631,342247,344027
2021-08-19 21:09:00.000000000,1629378540000000000,3022,3024,3020,3022,2245,344027,344273
2021-08-19 21:10:00.000000000,1629378600000000000,3022,3024,3018,3020,4263,344273,345880
2021-08-19 21:11:00.000000000,1629378660000000000,3020,3030,3018,3030,2785,345880,346387
2021-08-19 21:12:00.000000000,1629378720000000000,3030,3032,3026,3028,2231,346387,346894
2021-08-19 21:13:00.000000000,1629378780000000000,3028,3028,3022,3022,1942,346894,347707
2021-08-19 21:14:00.000000000,1629378840000000000,3022,3024,3010,3012,7382,347707,351419
2021-08-19 21:15:00.000000000,1629378900000000000,3012,3016,3010,3014,3463,351419,352427
2021-08-19 21:16:00.000000000,1629378960000000000,3014,3018,3014,3018,1999,352427,352434
2021-08-19 21:17:00.000000000,1629379020000000000,3018,3018,3012,3014,2521,352434,352976
2021-08-19 21:18:00.000000000,1629379080000000000,3014,3016,3012,3012,974,352976,353422
2021-08-19 21:19:00.000000000,1629379140000000000,3012,3016,3012,3014,1465,353422,354130
2021-08-19 21:20:00.000000000,1629379200000000000,3014,3014,3008,3012,3378,354130,354857
2021-08-19 21:21:00.000000000,1629379260000000000,3012,3014,3010,3012,2540,354857,354753
2021-08-19 21:22:00.000000000,1629379320000000000,3012,3014,3010,3010,1412,354753,355096
2021-08-19 21:23:00.000000000,1629379380000000000,3010,3012,3006,3006,4154,355096,357054
2021-08-19 21:24:00.000000000,1629379440000000000,3006,3008,3004,3008,3036,357054,357811
2021-08-19 21:25:00.000000000,1629379500000000000,3008,3010,3006,3008,1528,357811,358149
2021-08-19 21:26:00.000000000,1629379560000000000,3008,3010,3006,3008,2451,358149,358962
2021-08-19 21:27:00.000000000,1629379620000000000,3008,3010,3006,3010,1359,358962,359274
2021-08-19 21:28:00.000000000,1629379680000000000,3010,3016,3010,3014,2517,359274,359562
2021-08-19 21:29:00.000000000,1629379740000000000,3014,3016,3012,3014,1219,359562,359561
2021-08-19 21:30:00.000000000,1629379800000000000,3014,3018,3010,3016,3353,359561,360176
2021-08-19 21:31:00.000000000,1629379860000000000,3016,3018,3012,3012,1882,360176,360523
2021-08-19 21:32:00.000000000,1629379920000000000,3012,3016,3012,3014,3075,360523,361549
2021-08-19 21:33:00.000000000,1629379980000000000,3014,3020,3014,3020,1871,361549,361965
2021-08-19 21:34:00.000000000,1629380040000000000,3020,3020,3016,3018,1861,361965,361483
2021-08-19 21:35:00.000000000,1629380100000000000,3018,3020,3012,3016,3003,361483,362154
2021-08-19 21:36:00.000000000,1629380160000000000,3016,3016,3012,3012,789,362154,362299
2021-08-19 21:37:00.000000000,1629380220000000000,3012,3016,3010,3012,2260,362299,362869
2021-08-19 21:38:00.000000000,1629380280000000000,3012,3012,3008,3008,1781,362869,362882
2021-08-19 21:39:00.000000000,1629380340000000000,3008,3016,3008,3014,1994,362882,362733
2021-08-19 21:40:00.000000000,1629380400000000000,3014,3016,3010,3010,1030,362733,362572
2021-08-19 21:41:00.000000000,1629380460000000000,3010,3014,3010,3012,1523,362572,362777
2021-08-19 21:42:00.000000000,1629380520000000000,3012,3014,3012,3014,1175,362777,362744
2021-08-19 21:43:00.000000000,1629380580000000000,3014,3022,3014,3020,3733,362744,361593
2021-08-19 21:44:00.000000000,1629380640000000000,3020,3022,3018,3020,1671,361593,361539
2021-08-19 21:45:00.000000000,1629380700000000000,3020,3026,3018,3026,2479,361539,361679
2021-08-19 21:46:00.000000000,1629380760000000000,3026,3028,3024,3028,3961,361679,361876
2021-08-19 21:47:00.000000000,1629380820000000000,3028,3028,3022,3024,2124,361876,361439
2021-08-19 21:48:00.000000000,1629380880000000000,3024,3026,3024,3026,1311,361439,361438
2021-08-19 21:49:00.000000000,1629380940000000000,3026,3028,3024,3026,1428,361438,361596
2021-08-19 21:50:00.000000000,1629381000000000000,3026,3028,3022,3026,1536,361596,361498
2021-08-19 21:51:00.000000000,1629381060000000000,3026,3028,3024,3026,1252,361498,361511
2021-08-19 21:52:00.000000000,1629381120000000000,3026,3028,3024,3024,912,361511,361435
2021-08-19 21:53:00.000000000,1629381180000000000,3024,3026,3022,3024,461,361435,361348
2021-08-19 21:54:00.000000000,1629381240000000000,3024,3024,3022,3024,865,361348,361249
2021-08-19 21:55:00.000000000,1629381300000000000,3024,3024,3020,3022,1027,361249,361027
2021-08-19 21:56:00.000000000,1629381360000000000,3022,3026,3020,3024,923,361027,361020
2021-08-19 21:57:00.000000000,1629381420000000000,3024,3028,3022,3028,2103,361020,360980
2021-08-19 21:58:00.000000000,1629381480000000000,3028,3030,3026,3030,1177,360980,360952
2021-08-19 21:59:00.000000000,1629381540000000000,3030,3030,3024,3024,1138,360952,360989
2021-08-19 22:00:00.000000000,1629381600000000000,3024,3026,3022,3026,1108,360989,360701
2021-08-19 22:01:00.000000000,1629381660000000000,3026,3026,3024,3026,1628,360701,360715
2021-08-19 22:02:00.000000000,1629381720000000000,3026,3026,3020,3020,1464,360715,360603
2021-08-19 22:03:00.000000000,1629381780000000000,3020,3024,3020,3022,1430,360603,361164
2021-08-19 22:04:00.000000000,1629381840000000000,3022,3024,3020,3024,816,361164,361309
2021-08-19 22:05:00.000000000,1629381900000000000,3024,3026,3024,3026,804,361309,361520
2021-08-19 22:06:00.000000000,1629381960000000000,3026,3026,3024,3024,371,361520,361496
2021-08-19 22:07:00.000000000,1629382020000000000,3024,3026,3022,3024,732,361496,361435
2021-08-19 22:08:00.000000000,1629382080000000000,3024,3024,3020,3022,1102,361435,361817
2021-08-19 22:09:00.000000000,1629382140000000000,3022,3024,3020,3020,680,361817,361853
2021-08-19 22:10:00.000000000,1629382200000000000,3020,3024,3020,3020,1821,361853,362653
2021-08-19 22:11:00.000000000,1629382260000000000,3020,3022,3016,3016,2269,362653,362855
2021-08-19 22:12:00.000000000,1629382320000000000,3016,3018,3014,3014,1367,362855,363256
2021-08-19 22:13:00.000000000,1629382380000000000,3014,3020,3014,3018,936,363256,363036
2021-08-19 22:14:00.000000000,1629382440000000000,3018,3020,3012,3012,1703,363036,362752
2021-08-19 22:15:00.000000000,1629382500000000000,3012,3016,3012,3014,597,362752,362829
2021-08-19 22:16:00.000000000,1629382560000000000,3014,3018,3014,3016,1621,362829,362522
2021-08-19 22:17:00.000000000,1629382620000000000,3016,3018,3014,3016,720,362522,362337
2021-08-19 22:18:00.000000000,1629382680000000000,3016,3018,3014,3016,1279,362337,362160
2021-08-19 22:19:00.000000000,1629382740000000000,3016,3018,3014,3016,437,362160,362102
2021-08-19 22:20:00.000000000,1629382800000000000,3016,3018,3010,3012,1987,362102,362800
2021-08-19 22:21:00.000000000,1629382860000000000,3012,3012,3010,3010,393,362800,362834
2021-08-19 22:22:00.000000000,1629382920000000000,3010,3012,3010,3010,760,362834,362982
2021-08-19 22:23:00.000000000,1629382980000000000,3010,3012,3008,3010,2856,362982,363008
2021-08-19 22:24:00.000000000,1629383040000000000,3010,3012,3008,3010,1203,363008,362841
2021-08-19 22:25:00.000000000,1629383100000000000,3010,3010,3006,3008,997,362841,362787
2021-08-19 22:26:00.000000000,1629383160000000000,3008,3010,3006,3006,1003,362787,363187
2021-08-19 22:27:00.000000000,1629383220000000000,3006,3010,3006,3008,824,363187,362988
2021-08-19 22:28:00.000000000,1629383280000000000,3008,3010,3008,3010,804,362988,363320
2021-08-19 22:29:00.000000000,1629383340000000000,3010,3010,3006,3008,940,363320,363203
2021-08-19 22:30:00.000000000,1629383400000000000,3008,3010,3006,3006,2385,363203,363856
2021-08-19 22:31:00.000000000,1629383460000000000,3006,3008,3006,3006,811,363856,363614
2021-08-19 22:32:00.000000000,1629383520000000000,3006,3008,3006,3008,1190,363614,363473
2021-08-19 22:33:00.000000000,1629383580000000000,3008,3008,3002,3002,2030,363473,363811
2021-08-19 22:34:00.000000000,1629383640000000000,3002,3004,2998,2998,5352,363811,364901
2021-08-19 22:35:00.000000000,1629383700000000000,2998,3000,2994,2996,3235,364901,365157
2021-08-19 22:36:00.000000000,1629383760000000000,2996,3002,2996,3000,3317,365157,364732
2021-08-19 22:37:00.000000000,1629383820000000000,3000,3002,2998,3000,1661,364732,364697
2021-08-19 22:38:00.000000000,1629383880000000000,3000,3000,2992,2992,3297,364697,365362
2021-08-19 22:39:00.000000000,1629383940000000000,2992,2998,2992,2994,2492,365362,365345
2021-08-19 22:40:00.000000000,1629384000000000000,2994,2996,2992,2994,1013,365345,365601
2021-08-19 22:41:00.000000000,1629384060000000000,2994,2994,2990,2992,2466,365601,365697
2021-08-19 22:42:00.000000000,1629384120000000000,2992,2996,2990,2996,2241,365697,365875
2021-08-19 22:43:00.000000000,1629384180000000000,2996,3000,2994,2996,1408,365875,365499
2021-08-19 22:44:00.000000000,1629384240000000000,2996,2996,2992,2992,765,365499,365767
2021-08-19 22:45:00.000000000,1629384300000000000,2992,2994,2988,2992,1905,365767,366432
2021-08-19 22:46:00.000000000,1629384360000000000,2992,2998,2990,2998,1742,366432,365932
2021-08-19 22:47:00.000000000,1629384420000000000,2998,3000,2994,2998,1278,365932,365861
2021-08-19 22:48:00.000000000,1629384480000000000,2998,2998,2992,2994,891,365861,366028
2021-08-19 22:49:00.000000000,1629384540000000000,2994,3002,2994,3002,1340,366028,365756
2021-08-19 22:50:00.000000000,1629384600000000000,3002,3002,2996,2998,1386,365756,365454
2021-08-19 22:51:00.000000000,1629384660000000000,2998,3004,2998,3002,1909,365454,365366
2021-08-19 22:52:00.000000000,1629384720000000000,3002,3006,3002,3006,1907,365366,364585
2021-08-19 22:53:00.000000000,1629384780000000000,3006,3008,3004,3008,1620,364585,364743
2021-08-19 22:54:00.000000000,1629384840000000000,3008,3008,3006,3006,1771,364743,364714
2021-08-19 22:55:00.000000000,1629384900000000000,3006,3008,3006,3006,908,364714,364537
2021-08-19 22:56:00.000000000,1629384960000000000,3006,3008,3004,3006,1193,364537,364515
2021-08-19 22:57:00.000000000,1629385020000000000,3006,3010,3006,3008,1613,364515,364178
2021-08-19 22:58:00.000000000,1629385080000000000,3008,3010,3008,3008,991,364178,363907
2021-08-19 22:59:00.000000000,1629385140000000000,3008,3010,2998,3002,3425,363907,362730
2021-08-20 09:00:00.000000000,1629421200000000000,3032,3036,3026,3028,8764,362730,361967
2021-08-20 09:01:00.000000000,1629421260000000000,3028,3034,3026,3028,4144,361967,361691
2021-08-20 09:02:00.000000000,1629421320000000000,3028,3028,3022,3026,3293,361691,361744
2021-08-20 09:03:00.000000000,1629421380000000000,3026,3034,3026,3030,3873,361744,361513
2021-08-20 09:04:00.000000000,1629421440000000000,3030,3036,3030,3036,5105,361513,361276
2021-08-20 09:05:00.000000000,1629421500000000000,3036,3036,3032,3032,2575,361276,360660
2021-08-20 09:06:00.000000000,1629421560000000000,3032,3034,3030,3032,745,360660,360540
2021-08-20 09:07:00.000000000,1629421620000000000,3032,3034,3030,3032,1853,360540,360268
2021-08-20 09:08:00.000000000,1629421680000000000,3032,3034,3030,3032,1062,360268,360399
2021-08-20 09:09:00.000000000,1629421740000000000,3032,3036,3032,3034,1711,360399,360079
2021-08-20 09:10:00.000000000,1629421800000000000,3034,3038,3034,3036,1730,360079,359984
2021-08-20 09:11:00.000000000,1629421860000000000,3036,3036,3034,3036,535,359984,360018
2021-08-20 09:12:00.000000000,1629421920000000000,3036,3036,3030,3034,1390,360018,359977
2021-08-20 09:13:00.000000000,1629421980000000000,3034,3034,3030,3034,724,359977,359739
2021-08-20 09:14:00.000000000,1629422040000000000,3034,3034,3030,3034,706,359739,359568
2021-08-20 09:15:00.000000000,1629422100000000000,3034,3036,3032,3036,851,359568,359433
2021-08-20 09:16:00.000000000,1629422160000000000,3036,3036,3032,3034,525,359433,359376
2021-08-20 09:17:00.000000000,1629422220000000000,3034,3034,3032,3032,1219,359376,359068
2021-08-20 09:18:00.000000000,1629422280000000000,3032,3034,3030,3030,963,359068,358965
2021-08-20 09:19:00.000000000,1629422340000000000,3030,3034,3030,3034,739,358965,358992
2021-08-20 09:20:00.000000000,1629422400000000000,3034,3036,3032,3036,1503,358992,359025
2021-08-20 09:21:00.000000000,1629422460000000000,3036,3036,3034,3034,730,359025,358568
2021-08-20 09:22:00.000000000,1629422520000000000,3034,3034,3032,3032,328,358568,358595
2021-08-20 09:23:00.000000000,1629422580000000000,3032,3036,3032,3036,1086,358595,358441
2021-08-20 09:24:00.000000000,1629422640000000000,3036,3038,3034,3036,1076,358441,358110
2021-08-20 09:25:00.000000000,1629422700000000000,3036,3040,3034,3040,1238,358110,358315
2021-08-20 09:26:00.000000000,1629422760000000000,3040,3040,3036,3038,1266,358315,358115
2021-08-20 09:27:00.000000000,1629422820000000000,3038,3042,3038,3040,1457,358115,358264
2021-08-20 09:28:00.000000000,1629422880000000000,3040,3042,3040,3042,520,358264,358188
2021-08-20 09:29:00.000000000,1629422940000000000,3042,3042,3038,3038,1698,358188,358368
2021-08-20 09:30:00.000000000,1629423000000000000,3038,3040,3034,3036,1232,358368,358481
2021-08-20 09:31:00.000000000,1629423060000000000,3036,3038,3034,3034,619,358481,358287
2021-08-20 09:32:00.000000000,1629423120000000000,3034,3036,3032,3032,496,358287,358127
2021-08-20 09:33:00.000000000,1629423180000000000,3032,3036,3032,3032,657,358127,358061
2021-08-20 09:34:00.000000000,1629423240000000000,3032,3034,3030,3032,1390,358061,358212
2021-08-20 09:35:00.000000000,1629423300000000000,3032,3034,3028,3030,2096,358212,358126
2021-08-20 09:36:00.000000000,1629423360000000000,3030,3030,3026,3028,716,358126,357936
2021-08-20 09:37:00.000000000,1629423420000000000,3028,3028,3024,3026,1358,357936,358281
2021-08-20 09:38:00.000000000,1629423480000000000,3026,3026,3020,3024,2007,358281,359022
2021-08-20 09:39:00.000000000,1629423540000000000,3024,3024,3022,3024,551,359022,359042
2021-08-20 09:40:00.000000000,1629423600000000000,3024,3028,3024,3028,959,359042,359123
2021-08-20 09:41:00.000000000,1629423660000000000,3028,3028,3024,3028,621,359123,359034
2021-08-20 09:42:00.000000000,1629423720000000000,3028,3028,3024,3028,832,359034,358813
2021-08-20 09:43:00.000000000,1629423780000000000,3028,3028,3024,3024,515,358813,358804
2021-08-20 09:44:00.000000000,1629423840000000000,3024,3028,3024,3026,664,358804,358856
2021-08-20 09:45:00.000000000,1629423900000000000,3026,3026,3024,3024,124,358856,358784
2021-08-20 09:46:00.000000000,1629423960000000000,3024,3026,3022,3022,1920,358784,358695
2021-08-20 09:47:00.000000000,1629424020000000000,3022,3026,3022,3026,765,358695,358533
2021-08-20 09:48:00.000000000,1629424080000000000,3026,3026,3024,3024,163,358533,358591
2021-08-20 09:49:00.000000000,1629424140000000000,3024,3026,3024,3026,127,358591,358629
2021-08-20 09:50:00.000000000,1629424200000000000,3026,3026,3024,3024,210,358629,358676
2021-08-20 09:51:00.000000000,1629424260000000000,3024,3026,3020,3020,1744,358676,359052
2021-08-20 09:52:00.000000000,1629424320000000000,3020,3026,3020,3026,480,359052,359122
2021-08-20 09:53:00.000000000,1629424380000000000,3026,3026,3024,3026,252,359122,359090
2021-08-20 09:54:00.000000000,1629424440000000000,3026,3028,3024,3026,961,359090,359262
2021-08-20 09:55:00.000000000,1629424500000000000,3026,3026,3022,3022,788,359262,359436
2021-08-20 09:56:00.000000000,1629424560000000000,3022,3026,3022,3024,698,359436,359402
2021-08-20 09:57:00.000000000,1629424620000000000,3024,3026,3022,3024,515,359402,359255
2021-08-20 09:58:00.000000000,1629424680000000000,3024,3026,3024,3024,95,359255,359217
2021-08-20 09:59:00.000000000,1629424740000000000,3024,3026,3022,3024,682,359217,359171
2021-08-20 10:00:00.000000000,1629424800000000000,3024,3026,3024,3026,249,359171,359243
2021-08-20 10:01:00.000000000,1629424860000000000,3026,3032,3026,3032,1918,359243,359085
2021-08-20 10:02:00.000000000,1629424920000000000,3032,3032,3030,3030,584,359085,359077
2021-08-20 10:03:00.000000000,1629424980000000000,3030,3034,3030,3030,799,359077,358877
2021-08-20 10:04:00.000000000,1629425040000000000,3030,3034,3030,3034,411,358877,358943
2021-08-20 10:05:00.000000000,1629425100000000000,3034,3034,3030,3034,974,358943,359006
2021-08-20 10:06:00.000000000,1629425160000000000,3034,3036,3032,3034,1635,359006,358907
2021-08-20 10:07:00.000000000,1629425220000000000,3034,3036,3030,3032,883,358907,358641
2021-08-20 10:08:00.000000000,1629425280000000000,3032,3032,3026,3028,1371,358641,358639
2021-08-20 10:09:00.000000000,1629425340000000000,3028,3030,3026,3028,353,358639,358713
2021-08-20 10:10:00.000000000,1629425400000000000,3028,3030,3026,3030,613,358713,358558
2021-08-20 10:11:00.000000000,1629425460000000000,3030,3032,3028,3030,677,358558,358419
2021-08-20 10:12:00.000000000,1629425520000000000,3030,3032,3028,3028,223,358419,358476
2021-08-20 10:13:00.000000000,1629425580000000000,3028,3030,3028,3028,311,358476,358521
2021-08-20 10:14:00.000000000,1629425640000000000,3028,3028,3024,3024,1161,358521,358817
2021-08-20 10:30:00.000000000,1629426600000000000,3026,3028,3026,3026,202,358817,358828
2021-08-20 10:31:00.000000000,1629426660000000000,3026,3028,3024,3024,1168,358828,359165
2021-08-20 10:32:00.000000000,1629426720000000000,3024,3028,3024,3028,626,359165,359328
2021-08-20 10:33:00.000000000,1629426780000000000,3028,3028,3024,3024,1823,359328,359633
2021-08-20 10:34:00.000000000,1629426840000000000,3024,3024,3020,3020,1062,359633,360002
2021-08-20 10:35:00.000000000,1629426900000000000,3020,3024,3020,3022,904,360002,360048
2021-08-20 10:36:00.000000000,1629426960000000000,3022,3026,3020,3024,1133,360048,360487
2021-08-20 10:37:00.000000000,1629427020000000000,3024,3024,3020,3022,519,360487,360729
2021-08-20 10:38:00.000000000,1629427080000000000,3022,3024,3022,3024,414,360729,360842
2021-08-20 10:39:00.000000000,1629427140000000000,3024,3024,3022,3022,110,360842,360858
2021-08-20 10:40:00.000000000,1629427200000000000,3022,3026,3022,3026,217,360858,360853
2021-08-20 10:41:00.000000000,1629427260000000000,3026,3026,3024,3026,139,360853,360857
2021-08-20 10:42:00.000000000,1629427320000000000,3026,3026,3024,3026,163,360857,360849
2021-08-20 10:43:00.000000000,1629427380000000000,3026,3026,3024,3026,83,360849,360856
2021-08-20 10:44:00.000000000,1629427440000000000,3026,3028,3024,3026,702,360856,360796
2021-08-20 10:45:00.000000000,1629427500000000000,3026,3026,3022,3022,424,360796,360751
2021-08-20 10:46:00.000000000,1629427560000000000,3022,3024,3022,3024,142,360751,360823
2021-08-20 10:47:00.000000000,1629427620000000000,3024,3024,3022,3024,729,360823,360879
2021-08-20 10:48:00.000000000,1629427680000000000,3024,3028,3024,3028,349,360879,361003
2021-08-20 10:49:00.000000000,1629427740000000000,3028,3028,3024,3028,469,361003,360979
2021-08-20 10:50:00.000000000,1629427800000000000,3028,3028,3026,3028,423,360979,360932
2021-08-20 10:51:00.000000000,1629427860000000000,3028,3030,3026,3028,1910,360932,361037
2021-08-20 10:52:00.000000000,1629427920000000000,3028,3032,3028,3032,911,361037,360929
2021-08-20 10:53:00.000000000,1629427980000000000,3032,3032,3028,3030,1028,360929,360939
2021-08-20 10:54:00.000000000,1629428040000000000,3030,3034,3030,3032,857,360939,360734
2021-08-20 10:55:00.000000000,1629428100000000000,3032,3034,3032,3032,221,360734,360612
2021-08-20 10:56:00.000000000,1629428160000000000,3032,3034,3032,3034,724,360612,360405
2021-08-20 10:57:00.000000000,1629428220000000000,3034,3034,3030,3030,706,360405,360217
2021-08-20 10:58:00.000000000,1629428280000000000,3030,3032,3030,3030,329,360217,360286
2021-08-20 10:59:00.000000000,1629428340000000000,3030,3032,3028,3030,888,360286,360261
2021-08-20 11:00:00.000000000,1629428400000000000,3030,3030,3026,3026,494,360261,360218
2021-08-20 11:01:00.000000000,1629428460000000000,3026,3028,3024,3026,1252,360218,360073
2021-08-20 11:02:00.000000000,1629428520000000000,3026,3030,3026,3030,648,360073,360097
2021-08-20 11:03:00.000000000,1629428580000000000,3030,3032,3028,3030,400,360097,360062
2021-08-20 11:04:00.000000000,1629428640000000000,3030,3032,3028,3028,261,360062,359998
2021-08-20 11:05:00.000000000,1629428700000000000,3028,3030,3024,3024,982,359998,360204
2021-08-20 11:06:00.000000000,1629428760000000000,3024,3026,3024,3024,444,360204,360124
2021-08-20 11:07:00.000000000,1629428820000000000,3024,3026,3022,3024,757,360124,360352
2021-08-20 11:08:00.000000000,1629428880000000000,3024,3026,3022,3024,502,360352,360410
2021-08-20 11:09:00.000000000,1629428940000000000,3024,3026,3022,3024,496,360410,360575
2021-08-20 11:10:00.000000000,1629429000000000000,3024,3024,3020,3022,917,360575,361125
2021-08-20 11:11:00.000000000,1629429060000000000,3022,3024,3020,3022,1159,361125,361271
2021-08-20 11:12:00.000000000,1629429120000000000,3022,3026,3022,3026,874,361271,361839
2021-08-20 11:13:00.000000000,1629429180000000000,3026,3026,3022,3024,357,361839,362051
2021-08-20 11:14:00.000000000,1629429240000000000,3024,3024,3020,3022,976,362051,362359
2021-08-20 11:15:00.000000000,1629429300000000000,3022,3026,3020,3022,1235,362359,362204
2021-08-20 11:16:00.000000000,1629429360000000000,3022,3024,3020,3022,929,362204,362362
2021-08-20 11:17:00.000000000,1629429420000000000,3022,3024,3022,3022,694,362362,362323
2021-08-20 11:18:00.000000000,1629429480000000000,3022,3026,3022,3024,147,362323,362362
2021-08-20 11:19:00.000000000,1629429540000000000,3024,3028,3024,3024,1008,362362,362594
2021-08-20 11:20:00.000000000,1629429600000000000,3024,3026,3018,3020,2679,362594,363208
2021-08-20 11:21:00.000000000,1629429660000000000,3020,3020,3018,3018,1246,363208,363408
2021-08-20 11:22:00.000000000,1629429720000000000,3018,3020,3016,3018,1298,363408,363421
2021-08-20 11:23:00.000000000,1629429780000000000,3018,3020,3016,3018,527,363421,363449
2021-08-20 11:24:00.000000000,1629429840000000000,3018,3020,3016,3018,737,363449,363525
2021-08-20 11:25:00.000000000,1629429900000000000,3018,3022,3016,3022,1119,363525,363733
2021-08-20 11:26:00.000000000,1629429960000000000,3022,3024,3022,3024,678,363733,363869
2021-08-20 11:27:00.000000000,1629430020000000000,3024,3028,3024,3026,2638,363869,363758
2021-08-20 11:28:00.000000000,1629430080000000000,3026,3028,3024,3026,587,363758,363768
2021-08-20 11:29:00.000000000,1629430140000000000,3026,3028,3024,3024,919,363768,363735
2021-08-20 13:30:00.000000000,1629437400000000000,3018,3020,3014,3016,2968,363735,363714
2021-08-20 13:31:00.000000000,1629437460000000000,3016,3020,3012,3014,3098,363714,364284
2021-08-20 13:32:00.000000000,1629437520000000000,3014,3020,3014,3018,2486,364284,365032
2021-08-20 13:33:00.000000000,1629437580000000000,3018,3020,3016,3018,568,365032,365166
2021-08-20 13:34:00.000000000,1629437640000000000,3018,3020,3016,3016,902,365166,365060
2021-08-20 13:35:00.000000000,1629437700000000000,3016,3018,3016,3016,322,365060,365184
2021-08-20 13:36:00.000000000,1629437760000000000,3016,3018,3014,3016,478,365184,365316
2021-08-20 13:37:00.000000000,1629437820000000000,3016,3016,3012,3012,1785,365316,365636
2021-08-20 13:38:00.000000000,1629437880000000000,3012,3016,3012,3012,1577,365636,365892
2021-08-20 13:39:00.000000000,1629437940000000000,3012,3014,3006,3008,2182,365892,366240
2021-08-20 13:40:00.000000000,1629438000000000000,3008,3010,3002,3002,3751,366240,367314
2021-08-20 13:41:00.000000000,1629438060000000000,3002,3006,3002,3006,2317,367314,367500
2021-08-20 13:42:00.000000000,1629438120000000000,3006,3006,3002,3004,2757,367500,367963
2021-08-20 13:43:00.000000000,1629438180000000000,3004,3004,3002,3002,483,367963,368155
2021-08-20 13:44:00.000000000,1629438240000000000,3002,3008,3002,3008,1932,368155,368146
2021-08-20 13:45:00.000000000,1629438300000000000,3008,3008,3004,3008,721,368146,368168
2021-08-20 13:46:00.000000000,1629438360000000000,3008,3008,3006,3008,474,368168,368284
2021-08-20 13:47:00.000000000,1629438420000000000,3008,3010,3006,3010,1031,368284,368537
2021-08-20 13:48:00.000000000,1629438480000000000,3010,3012,3008,3012,382,368537,368701
2021-08-20 13:49:00.000000000,1629438540000000000,3012,3012,3010,3012,236,368701,368706
2021-08-20 13:50:00.000000000,1629438600000000000,3012,3012,3010,3012,237,368706,368732
2021-08-20 13:51:00.000000000,1629438660000000000,3012,3012,3010,3010,627,368732,368718
2021-08-20 13:52:00.000000000,1629438720000000000,3010,3010,3006,3008,1705,368718,369460
2021-08-20 13:53:00.000000000,1629438780000000000,3008,3008,3006,3008,256,369460,369477
2021-08-20 13:54:00.000000000,1629438840000000000,3008,3010,3006,3010,1409,369477,370109
2021-08-20 13:55:00.000000000,1629438900000000000,3010,3010,3008,3008,161,370109,370071
2021-08-20 13:56:00.000000000,1629438960000000000,3008,3010,3006,3006,689,370071,370190
2021-08-20 13:57:00.000000000,1629439020000000000,3006,3008,3004,3008,1558,370190,370166
2021-08-20 13:58:00.000000000,1629439080000000000,3008,3008,3004,3004,976,370166,370187
2021-08-20 13:59:00.000000000,1629439140000000000,3004,3006,3004,3004,349,370187,370213
2021-08-20 14:00:00.000000000,1629439200000000000,3004,3008,3004,3006,2032,370213,370773
2021-08-20 14:01:00.000000000,1629439260000000000,3006,3008,3004,3006,1020,370773,370997
2021-08-20 14:02:00.000000000,1629439320000000000,3006,3006,3002,3004,2470,370997,371620
2021-08-20 14:03:00.000000000,1629439380000000000,3004,3006,3004,3006,1091,371620,371541
2021-08-20 14:04:00.000000000,1629439440000000000,3006,3008,3004,3008,359,371541,371720
2021-08-20 14:05:00.000000000,1629439500000000000,3008,3008,3004,3006,765,371720,371944
2021-08-20 14:06:00.000000000,1629439560000000000,3006,3006,3004,3004,106,371944,371953
2021-08-20 14:07:00.000000000,1629439620000000000,3004,3006,3002,3002,583,371953,372198
2021-08-20 14:08:00.000000000,1629439680000000000,3002,3008,3002,3006,1525,372198,372279
2021-08-20 14:09:00.000000000,1629439740000000000,3006,3008,3006,3008,508,372279,372521
2021-08-20 14:10:00.000000000,1629439800000000000,3008,3008,3006,3008,188,372521,372592
2021-08-20 14:11:00.000000000,1629439860000000000,3008,3008,3006,3008,1138,372592,372662
2021-08-20 14:12:00.000000000,1629439920000000000,3008,3008,3006,3006,183,372662,372690
2021-08-20 14:13:00.000000000,1629439980000000000,3006,3008,3004,3006,1489,372690,372559
2021-08-20 14:14:00.000000000,1629440040000000000,3006,3008,3004,3008,1061,372559,373056
2021-08-20 14:15:00.000000000,1629440100000000000,3008,3010,3006,3008,800,373056,373026
2021-08-20 14:16:00.000000000,1629440160000000000,3008,3012,3008,3012,2187,373026,373479
2021-08-20 14:17:00.000000000,1629440220000000000,3012,3014,3010,3014,1055,373479,373844
2021-08-20 14:18:00.000000000,1629440280000000000,3014,3014,3010,3010,495,373844,373983
2021-08-20 14:19:00.000000000,1629440340000000000,3010,3014,3010,3012,908,373983,374043
2021-08-20 14:20:00.000000000,1629440400000000000,3012,3012,3010,3012,146,374043,373969
2021-08-20 14:21:00.000000000,1629440460000000000,3012,3012,3010,3010,647,373969,374108
2021-08-20 14:22:00.000000000,1629440520000000000,3010,3014,3010,3014,334,374108,374211
2021-08-20 14:23:00.000000000,1629440580000000000,3014,3014,3010,3010,327,374211,374160
2021-08-20 14:24:00.000000000,1629440640000000000,3010,3014,3010,3012,743,374160,374056
2021-08-20 14:25:00.000000000,1629440700000000000,3012,3014,3012,3014,245,374056,374022
2021-08-20 14:26:00.000000000,1629440760000000000,3014,3014,3010,3014,954,374022,373897
2021-08-20 14:27:00.000000000,1629440820000000000,3014,3014,3012,3012,420,373897,373814
2021-08-20 14:28:00.000000000,1629440880000000000,3012,3014,3010,3010,593,373814,373862
2021-08-20 14:29:00.000000000,1629440940000000000,3010,3014,3010,3014,412,373862,373753
2021-08-20 14:30:00.000000000,1629441000000000000,3014,3014,3010,3010,456,373753,373692
2021-08-20 14:31:00.000000000,1629441060000000000,3010,3012,3010,3010,969,373692,373442
2021-08-20 14:32:00.000000000,1629441120000000000,3010,3014,3010,3012,763,373442,373077
2021-08-20 14:33:00.000000000,1629441180000000000,3012,3012,3008,3010,545,373077,373113
2021-08-20 14:34:00.000000000,1629441240000000000,3010,3010,3008,3010,138,373113,373035
2021-08-20 14:35:00.000000000,1629441300000000000,3010,3010,3006,3006,552,373035,373105
2021-08-20 14:36:00.000000000,1629441360000000000,3006,3008,3004,3006,649,373105,372959
2021-08-20 14:37:00.000000000,1629441420000000000,3006,3010,3004,3008,2035,372959,373213
2021-08-20 14:38:00.000000000,1629441480000000000,3008,3012,3008,3012,393,373213,373112
2021-08-20 14:39:00.000000000,1629441540000000000,3012,3012,3006,3008,1091,373112,372894
2021-08-20 14:40:00.000000000,1629441600000000000,3008,3008,3006,3006,186,372894,372895
2021-08-20 14:41:00.000000000,1629441660000000000,3006,3008,3004,3004,1434,372895,372865
2021-08-20 14:42:00.000000000,1629441720000000000,3004,3006,3004,3004,761,372865,373022
2021-08-20 14:43:00.000000000,1629441780000000000,3004,3006,3004,3006,317,373022,373008
2021-08-20 14:44:00.000000000,1629441840000000000,3006,3006,3004,3004,446,373008,373078
2021-08-20 14:45:00.000000000,1629441900000000000,3004,3006,3004,3006,952,373078,373185
2021-08-20 14:46:00.000000000,1629441960000000000,3006,3006,3004,3004,297,373185,373131
2021-08-20 14:47:00.000000000,1629442020000000000,3004,3008,3004,3008,1135,373131,372917
2021-08-20 14:48:00.000000000,1629442080000000000,3008,3008,3006,3006,915,372917,373038
2021-08-20 14:49:00.000000000,1629442140000000000,3006,3010,3006,3010,386,373038,373025
2021-08-20 14:50:00.000000000,1629442200000000000,3010,3012,3008,3012,1325,373025,373404
2021-08-20 14:51:00.000000000,1629442260000000000,3012,3014,3010,3012,1467,373404,373063
2021-08-20 14:52:00.000000000,1629442320000000000,3012,3016,3012,3014,1524,373063,372947
2021-08-20 14:53:00.000000000,1629442380000000000,3014,3016,3014,3014,1217,372947,372913
2021-08-20 14:54:00.000000000,1629442440000000000,3014,3016,3012,3012,689,372913,373121
2021-08-20 14:55:00.000000000,1629442500000000000,3012,3016,3012,3014,792,373121,373164
2021-08-20 14:56:00.000000000,1629442560000000000,3014,3018,3012,3018,3751,373164,372434
2021-08-20 14:57:00.000000000,1629442620000000000,3018,3018,3016,3018,628,372434,372367
2021-08-20 14:58:00.000000000,1629442680000000000,3018,3018,3016,3016,1469,372367,371605
2021-08-20 14:59:00.000000000,1629442740000000000,3016,3018,3014,3014,2854,371605,371117
2021-08-20 21:00:00.000000000,1629464400000000000,2972,2976,2960,2968,19021,371117,373264
2021-08-20 21:01:00.000000000,1629464460000000000,2968,2968,2954,2954,8483,373264,374416
2021-08-20 21:02:00.000000000,1629464520000000000,2954,2964,2954,2962,7230,374416,375540
2021-08-20 21:03:00.000000000,1629464580000000000,2962,2968,2958,2966,3987,375540,376360
2021-08-20 21:04:00.000000000,1629464640000000000,2966,2978,2964,2970,5646,376360,376301
2021-08-20 21:05:00.000000000,1629464700000000000,2970,2970,2960,2964,4034,376301,377292
2021-08-20 21:06:00.000000000,1629464760000000000,2964,2966,2956,2964,5464,377292,378658
2021-08-20 21:07:00.000000000,1629464820000000000,2964,2966,2960,2962,4295,378658,379161
2021-08-20 21:08:00.000000000,1629464880000000000,2962,2968,2960,2968,3510,379161,379506
2021-08-20 21:09:00.000000000,1629464940000000000,2968,2974,2966,2974,5226,379506,379207
2021-08-20 21:10:00.000000000,1629465000000000000,2974,2978,2972,2972,4905,379207,378381
2021-08-20 21:11:00.000000000,1629465060000000000,2972,2978,2972,2976,2693,378381,378885
2021-08-20 21:12:00.000000000,1629465120000000000,2976,2978,2974,2976,2149,378885,378981
2021-08-20 21:13:00.000000000,1629465180000000000,2976,2984,2974,2984,3858,378981,379796
2021-08-20 21:14:00.000000000,1629465240000000000,2984,2984,2976,2978,2342,379796,379795
2021-08-20 21:15:00.000000000,1629465300000000000,2978,2978,2972,2976,3415,379795,379643
2021-08-20 21:16:00.000000000,1629465360000000000,2976,2980,2976,2978,1412,379643,379410
2021-08-20 21:17:00.000000000,1629465420000000000,2978,2980,2976,2978,1389,379410,379359
2021-08-20 21:18:00.000000000,1629465480000000000,2978,2982,2978,2982,1112,379359,379808
2021-08-20 21:19:00.000000000,1629465540000000000,2982,2986,2978,2984,5001,379808,379231
2021-08-20 21:20:00.000000000,1629465600000000000,2984,2986,2980,2982,2196,379231,379326
2021-08-20 21:21:00.000000000,1629465660000000000,2982,2984,2980,2982,2109,379326,379315
2021-08-20 21:22:00.000000000,1629465720000000000,2982,2982,2978,2980,1671,379315,379032
2021-08-20 21:23:00.000000000,1629465780000000000,2980,2982,2976,2976,905,379032,379049
2021-08-20 21:24:00.000000000,1629465840000000000,2976,2978,2976,2976,337,379049,379145
2021-08-20 21:25:00.000000000,1629465900000000000,2976,2978,2976,2976,804,379145,378961
2021-08-20 21:26:00.000000000,1629465960000000000,2976,2978,2972,2972,2091,378961,378748
2021-08-20 21:27:00.000000000,1629466020000000000,2972,2976,2972,2976,1997,378748,378509
2021-08-20 21:28:00.000000000,1629466080000000000,2976,2980,2974,2978,1184,378509,378228
2021-08-20 21:29:00.000000000,1629466140000000000,2978,2980,2976,2978,990,378228,378187
2021-08-20 21:30:00.000000000,1629466200000000000,2978,2982,2974,2982,2497,378187,378232
2021-08-20 21:31:00.000000000,1629466260000000000,2982,2988,2980,2986,4056,378232,377683
2021-08-20 21:32:00.000000000,1629466320000000000,2986,2996,2984,2992,4566,377683,377602
2021-08-20 21:33:00.000000000,1629466380000000000,2992,2996,2988,2990,3094,377602,377172
2021-08-20 21:34:00.000000000,1629466440000000000,2990,2996,2988,2996,3015,377172,376654
2021-08-20 21:35:00.000000000,1629466500000000000,2996,3004,2994,2998,4532,376654,376676
2021-08-20 21:36:00.000000000,1629466560000000000,2998,3000,2996,2996,2235,376676,376563
2021-08-20 21:37:00.000000000,1629466620000000000,2996,3000,2996,3000,2240,376563,376642
2021-08-20 21:38:00.000000000,1629466680000000000,3000,3000,2998,2998,953,376642,376571
2021-08-20 21:39:00.000000000,1629466740000000000,2998,3000,2998,3000,303,376571,376501
2021-08-20 21:40:00.000000000,1629466800000000000,3000,3002,3000,3000,1322,376501,376648
2021-08-20 21:41:00.000000000,1629466860000000000,3000,3002,2996,2996,2648,376648,376004
2021-08-20 21:42:00.000000000,1629466920000000000,2996,3000,2996,2998,1001,376004,375783
2021-08-20 21:43:00.000000000,1629466980000000000,2998,2998,2994,2996,1858,375783,375520
2021-08-20 21:44:00.000000000,1629467040000000000,2996,2998,2992,2996,1541,375520,375355
2021-08-20 21:45:00.000000000,1629467100000000000,2996,3004,2996,3002,2152,375355,375890
2021-08-20 21:46:00.000000000,1629467160000000000,3002,3004,3000,3002,1374,375890,376104
2021-08-20 21:47:00.000000000,1629467220000000000,3002,3004,3002,3004,527,376104,376161
2021-08-20 21:48:00.000000000,1629467280000000000,3004,3006,3004,3004,2059,376161,376372
2021-08-20 21:49:00.000000000,1629467340000000000,3004,3006,3002,3002,806,376372,376273
2021-08-20 21:50:00.000000000,1629467400000000000,3002,3006,3002,3006,929,376273,376143
2021-08-20 21:51:00.000000000,1629467460000000000,3006,3010,3004,3010,1284,376143,376202
2021-08-20 21:52:00.000000000,1629467520000000000,3010,3010,3006,3010,1546,376202,375989
2021-08-20 21:53:00.000000000,1629467580000000000,3010,3010,3004,3004,1423,375989,375865
2021-08-20 21:54:00.000000000,1629467640000000000,3004,3010,3004,3008,1380,375865,375512
2021-08-20 21:55:00.000000000,1629467700000000000,3008,3014,3008,3012,1136,375512,375137
2021-08-20 21:56:00.000000000,1629467760000000000,3012,3014,3010,3014,1443,375137,374803
2021-08-20 21:57:00.000000000,1629467820000000000,3014,3018,3012,3016,2606,374803,374553
2021-08-20 21:58:00.000000000,1629467880000000000,3016,3018,3014,3014,1311,374553,374307
2021-08-20 21:59:00.000000000,1629467940000000000,3014,3018,3012,3016,2218,374307,374160
2021-08-20 22:00:00.000000000,1629468000000000000,3016,3020,3014,3018,2935,374160,374288
2021-08-20 22:01:00.000000000,1629468060000000000,3018,3020,3012,3016,2103,374288,374154
2021-08-20 22:02:00.000000000,1629468120000000000,3016,3018,3012,3012,1609,374154,373927
2021-08-20 22:03:00.000000000,1629468180000000000,3012,3016,3012,3014,901,373927,373851
2021-08-20 22:04:00.000000000,1629468240000000000,3014,3018,3010,3012,3105,373851,373667
2021-08-20 22:05:00.000000000,1629468300000000000,3012,3012,3004,3006,3779,373667,373111
2021-08-20 22:06:00.000000000,1629468360000000000,3006,3010,3004,3008,1532,373111,373053
2021-08-20 22:07:00.000000000,1629468420000000000,3008,3008,3002,3006,2802,373053,373597
2021-08-20 22:08:00.000000000,1629468480000000000,3006,3006,3000,3002,1389,373597,373762
2021-08-20 22:09:00.000000000,1629468540000000000,3002,3004,3000,3000,1410,373762,373824
2021-08-20 22:10:00.000000000,1629468600000000000,3000,3002,2996,2998,1592,373824,373701
2021-08-20 22:11:00.000000000,1629468660000000000,2998,3002,2994,2996,2664,373701,374415
2021-08-20 22:12:00.000000000,1629468720000000000,2996,3000,2994,3000,885,374415,374411
2021-08-20 22:13:00.000000000,1629468780000000000,3000,3002,2998,3002,736,374411,374437
2021-08-20 22:14:00.000000000,1629468840000000000,3002,3002,3000,3000,761,374437,374454
2021-08-20 22:15:00.000000000,1629468900000000000,3000,3002,2998,3000,1120,374454,374621
2021-08-20 22:16:00.000000000,1629468960000000000,3000,3000,2996,2996,690,374621,374697
2021-08-20 22:17:00.000000000,1629469020000000000,2996,3000,2996,3000,841,374697,374575
2021-08-20 22:18:00.000000000,1629469080000000000,3000,3002,2998,3000,813,374575,374399
2021-08-20 22:19:00.000000000,1629469140000000000,3000,3002,2998,3000,997,374399,374999
2021-08-20 22:20:00.000000000,1629469200000000000,3000,3002,2998,3000,344,374999,375003
2021-08-20 22:21:00.000000000,1629469260000000000,3000,3002,3000,3000,287,375003,374963
2021-08-20 22:22:00.000000000,1629469320000000000,3000,3004,3000,3004,398,374963,374785
2021-08-20 22:23:00.000000000,1629469380000000000,3004,3004,3000,3002,546,374785,374691
2021-08-20 22:24:00.000000000,1629469440000000000,3002,3002,2998,2998,883,374691,374835
2021-08-20 22:25:00.000000000,1629469500000000000,2998,3000,2998,2998,449,374835,374860
2021-08-20 22:26:00.000000000,1629469560000000000,2998,3002,2998,3002,380,374860,374897
2021-08-20 22:27:00.000000000,1629469620000000000,3002,3002,2998,3000,287,374897,374828
2021-08-20 22:28:00.000000000,1629469680000000000,3000,3002,2998,3002,356,374828,374885
2021-08-20 22:29:00.000000000,1629469740000000000,3002,3002,3000,3000,63,374885,374873
2021-08-20 22:30:00.000000000,1629469800000000000,3000,3002,2998,3000,711,374873,374676
2021-08-20 22:31:00.000000000,1629469860000000000,3000,3000,2996,2998,729,374676,374757
2021-08-20 22:32:00.000000000,1629469920000000000,2998,3000,2996,2998,810,374757,374738
2021-08-20 22:33:00.000000000,1629469980000000000,2998,3000,2998,3000,76,374738,374734
2021-08-20 22:34:00.000000000,1629470040000000000,3000,3000,2998,3000,459,374734,374759
2021-08-20 22:35:00.000000000,1629470100000000000,3000,3004,2998,3002,925,374759,374608
2021-08-20 22:36:00.000000000,1629470160000000000,3002,3002,2998,3002,432,374608,374595
2021-08-20 22:37:00.000000000,1629470220000000000,3002,3002,3000,3002,574,374595,374361
2021-08-20 22:38:00.000000000,1629470280000000000,3002,3004,3000,3000,397,374361,374195
2021-08-20 22:39:00.000000000,1629470340000000000,3000,3002,2998,3000,952,374195,374395
2021-08-20 22:40:00.000000000,1629470400000000000,3000,3002,2996,2996,585,374395,374425
2021-08-20 22:41:00.000000000,1629470460000000000,2996,2998,2996,2998,557,374425,374504
2021-08-20 22:42:00.000000000,1629470520000000000,2998,3000,2996,2998,561,374504,374403
2021-08-20 22:43:00.000000000,1629470580000000000,2998,3000,2998,2998,487,374403,374359
2021-08-20 22:44:00.000000000,1629470640000000000,2998,3000,2998,2998,387,374359,374323
2021-08-20 22:45:00.000000000,1629470700000000000,2998,3000,2998,3000,342,374323,374231
2021-08-20 22:46:00.000000000,1629470760000000000,3000,3000,2998,3000,748,374231,374228
2021-08-20 22:47:00.000000000,1629470820000000000,3000,3000,2998,2998,559,374228,374270
2021-08-20 22:48:00.000000000,1629470880000000000,2998,3000,2996,2996,590,374270,374238
2021-08-20 22:49:00.000000000,1629470940000000000,2996,3000,2996,3000,311,374238,374130
2021-08-20 22:50:00.000000000,1629471000000000000,3000,3000,2996,2996,757,374130,374097
2021-08-20 22:51:00.000000000,1629471060000000000,2996,2998,2996,2996,166,374097,374039
2021-08-20 22:52:00.000000000,1629471120000000000,2996,3000,2996,2998,1029,374039,374166
2021-08-20 22:53:00.000000000,1629471180000000000,2998,3002,2998,3000,1098,374166,373880
2021-08-20 22:54:00.000000000,1629471240000000000,3000,3002,3000,3002,349,373880,373824
2021-08-20 22:55:00.000000000,1629471300000000000,3002,3002,2998,2998,456,373824,373742
2021-08-20 22:56:00.000000000,1629471360000000000,2998,3000,2998,2998,1375,373742,373681
2021-08-20 22:57:00.000000000,1629471420000000000,2998,3000,2998,2998,1465,373681,373197
2021-08-20 22:58:00.000000000,1629471480000000000,2998,3000,2998,2998,1080,373197,372594
2021-08-20 22:59:00.000000000,1629471540000000000,2998,3000,2998,3000,1769,372594,371901
2021-08-23 09:00:00.000000000,1629680400000000000,3002,3014,3002,3014,9981,371901,373073
2021-08-23 09:01:00.000000000,1629680460000000000,3014,3016,3004,3008,4221,373073,373565
2021-08-23 09:02:00.000000000,1629680520000000000,3008,3008,2998,3002,3156,373565,374894
2021-08-23 09:03:00.000000000,1629680580000000000,3002,3004,3000,3002,1338,374894,375111
2021-08-23 09:04:00.000000000,1629680640000000000,3002,3006,3000,3002,1390,375111,375712
2021-08-23 09:05:00.000000000,1629680700000000000,3002,3004,3000,3004,2022,375712,376097
2021-08-23 09:06:00.000000000,1629680760000000000,3004,3008,3002,3008,1008,376097,376146
2021-08-23 09:07:00.000000000,1629680820000000000,3008,3010,3006,3010,1130,376146,376186
2021-08-23 09:08:00.000000000,1629680880000000000,3010,3012,3008,3010,1406,376186,376156
2021-08-23 09:09:00.000000000,1629680940000000000,3010,3010,3006,3008,908,376156,376235
2021-08-23 09:10:00.000000000,1629681000000000000,3008,3012,3008,3010,1636,376235,376297
2021-08-23 09:11:00.000000000,1629681060000000000,3010,3012,3008,3010,941,376297,376034
2021-08-23 09:12:00.000000000,1629681120000000000,3010,3012,3004,3004,1453,376034,375792
2021-08-23 09:13:00.000000000,1629681180000000000,3004,3010,3004,3008,885,375792,375476
2021-08-23 09:14:00.000000000,1629681240000000000,3008,3010,3008,3010,688,375476,375525
2021-08-23 09:15:00.000000000,1629681300000000000,3010,3010,3006,3008,719,375525,375445
2021-08-23 09:16:00.000000000,1629681360000000000,3008,3008,3006,3008,310,375445,375447
2021-08-23 09:17:00.000000000,1629681420000000000,3008,3010,3006,3008,1032,375447,375392
2021-08-23 09:18:00.000000000,1629681480000000000,3008,3008,3004,3004,678,375392,375579
2021-08-23 09:19:00.000000000,1629681540000000000,3004,3006,3004,3006,1167,375579,375451
2021-08-23 09:20:00.000000000,1629681600000000000,3006,3006,3002,3004,872,375451,375479
2021-08-23 09:21:00.000000000,1629681660000000000,3004,3006,3002,3004,591,375479,375464
2021-08-23 09:22:00.000000000,1629681720000000000,3004,3006,3002,3002,376,375464,375354
2021-08-23 09:23:00.000000000,1629681780000000000,3002,3006,3002,3006,446,375354,375362
2021-08-23 09:24:00.000000000,1629681840000000000,3006,3008,3004,3006,703,375362,375204
2021-08-23 09:25:00.000000000,1629681900000000000,3006,3008,3004,3006,439,375204,375215
2021-08-23 09:26:00.000000000,1629681960000000000,3006,3008,3004,3008,621,375215,375400
2021-08-23 09:27:00.000000000,1629682020000000000,3008,3008,3004,3004,1260,375400,375595
2021-08-23 09:28:00.000000000,1629682080000000000,3004,3008,3004,3006,811,375595,375442
2021-08-23 09:29:00.000000000,1629682140000000000,3006,3008,3006,3006,160,375442,375457
2021-08-23 09:30:00.000000000,1629682200000000000,3006,3008,3004,3004,987,375457,375200
2021-08-23 09:31:00.000000000,1629682260000000000,3004,3004,3002,3002,1236,375200,375436
2021-08-23 09:32:00.000000000,1629682320000000000,3002,3002,3000,3000,1091,375436,375435
2021-08-23 09:33:00.000000000,1629682380000000000,3000,3002,3000,3002,287,375435,375488
2021-08-23 09:34:00.000000000,1629682440000000000,3002,3004,3000,3002,706,375488,375249
2021-08-23 09:35:00.000000000,1629682500000000000,3002,3002,3000,3000,533,375249,375255
2021-08-23 09:36:00.000000000,1629682560000000000,3000,3002,3000,3000,180,375255,375291
2021-08-23 09:37:00.000000000,1629682620000000000,3000,3002,2998,2998,738,375291,375296
2021-08-23 09:38:00.000000000,1629682680000000000,2998,3000,2996,2998,1226,375296,375511
2021-08-23 09:39:00.000000000,1629682740000000000,2998,2998,2994,2994,1082,375511,375587
2021-08-23 09:40:00.000000000,1629682800000000000,2994,2996,2994,2996,959,375587,375496
2021-08-23 09:41:00.000000000,1629682860000000000,2996,2998,2994,2998,1057,375496,375447
2021-08-23 09:42:00.000000000,1629682920000000000,2998,3000,2996,3000,566,375447,375737
2021-08-23 09:43:00.000000000,1629682980000000000,3000,3000,2998,2998,128,375737,375791
2021-08-23 09:44:00.000000000,1629683040000000000,2998,3000,2996,2998,924,375791,375622
2021-08-23 09:45:00.000000000,1629683100000000000,2998,3000,2996,3000,830,375622,375536
2021-08-23 09:46:00.000000000,1629683160000000000,3000,3000,2994,2994,1530,375536,376149
2021-08-23 09:47:00.000000000,1629683220000000000,2994,2996,2994,2994,242,376149,376150
2021-08-23 09:48:00.000000000,1629683280000000000,2994,2998,2994,2994,815,376150,376182
2021-08-23 09:49:00.000000000,1629683340000000000,2994,2996,2994,2996,378,376182,376135
2021-08-23 09:50:00.000000000,1629683400000000000,2996,3000,2994,2998,976,376135,376307
2021-08-23 09:51:00.000000000,1629683460000000000,2998,2998,2996,2996,697,376307,376539
2021-08-23 09:52:00.000000000,1629683520000000000,2996,2998,2996,2996,305,376539,376462
2021-08-23 09:53:00.000000000,1629683580000000000,2996,3000,2996,2998,408,376462,376651
2021-08-23 09:54:00.000000000,1629683640000000000,2998,3000,2998,2998,634,376651,376521
2021-08-23 09:55:00.000000000,1629683700000000000,2998,3000,2996,2998,820,376521,376569
2021-08-23 09:56:00.000000000,1629683760000000000,2998,3000,2998,2998,430,376569,376708
2021-08-23 09:57:00.000000000,1629683820000000000,2998,3000,2996,2998,519,376708,376603
2021-08-23 09:58:00.000000000,1629683880000000000,2998,3000,2996,2996,749,376603,376767
2021-08-23 09:59:00.000000000,1629683940000000000,2996,2998,2994,2994,473,376767,376813
2021-08-23 10:00:00.000000000,1629684000000000000,2994,2994,2992,2992,1450,376813,376990
2021-08-23 10:01:00.000000000,1629684060000000000,2992,3000,2992,3000,1255,376990,377052
2021-08-23 10:02:00.000000000,1629684120000000000,3000,3002,2998,3002,983,377052,377300
2021-08-23 10:03:00.000000000,1629684180000000000,3002,3004,3000,3002,807,377300,377518
2021-08-23 10:04:00.000000000,1629684240000000000,3002,3006,3002,3006,625,377518,377533
2021-08-23 10:05:00.000000000,1629684300000000000,3006,3006,3004,3006,425,377533,377437
2021-08-23 10:06:00.000000000,1629684360000000000,3006,3006,3004,3006,381,377437,377431
2021-08-23 10:07:00.000000000,1629684420000000000,3006,3006,3002,3006,466,377431,377534
2021-08-23 10:08:00.000000000,1629684480000000000,3006,3006,3004,3004,412,377534,377609
2021-08-23 10:09:00.000000000,1629684540000000000,3004,3008,3004,3006,915,377609,377336
2021-08-23 10:10:00.000000000,1629684600000000000,3006,3008,3004,3006,2358,377336,376942
2021-08-23 10:11:00.000000000,1629684660000000000,3006,3006,3004,3006,345,376942,376814
2021-08-23 10:12:00.000000000,1629684720000000000,3006,3006,3002,3002,540,376814,376850
2021-08-23 10:13:00.000000000,1629684780000000000,3002,3004,3002,3004,225,376850,376907
2021-08-23 10:14:00.000000000,1629684840000000000,3004,3004,3000,3002,682,376907,376786
2021-08-23 10:30:00.000000000,1629685800000000000,3000,3004,2998,3004,1193,376786,376963
2021-08-23 10:31:00.000000000,1629685860000000000,3004,3004,3002,3002,392,376963,377044
2021-08-23 10:32:00.000000000,1629685920000000000,3002,3002,2996,2998,1091,377044,377197
2021-08-23 10:33:00.000000000,1629685980000000000,2998,3000,2994,2996,1313,377197,377106
2021-08-23 10:34:00.000000000,1629686040000000000,2996,2996,2994,2994,717,377106,377309
2021-08-23 10:35:00.000000000,1629686100000000000,2994,3000,2994,3000,2360,377309,378129
2021-08-23 10:36:00.000000000,1629686160000000000,3000,3002,2998,3002,445,378129,378150
2021-08-23 10:37:00.000000000,1629686220000000000,3002,3004,3000,3004,327,378150,378247
2021-08-23 10:38:00.000000000,1629686280000000000,3004,3006,3002,3004,787,378247,378280
2021-08-23 10:39:00.000000000,1629686340000000000,3004,3006,3004,3004,568,378280,378381
2021-08-23 10:40:00.000000000,1629686400000000000,3004,3006,3002,3004,404,378381,378338
2021-08-23 10:41:00.000000000,1629686460000000000,3004,3004,3002,3004,232,378338,378241
2021-08-23 10:42:00.000000000,1629686520000000000,3004,3004,3002,3002,101,378241,378228
2021-08-23 10:43:00.000000000,1629686580000000000,3002,3008,3002,3006,1200,378228,378190
2021-08-23 10:44:00.000000000,1629686640000000000,3006,3008,3004,3006,776,378190,378173
2021-08-23 10:45:00.000000000,1629686700000000000,3006,3008,3004,3006,307,378173,378164
2021-08-23 10:46:00.000000000,1629686760000000000,3006,3008,3006,3006,187,378164,378193
2021-08-23 10:47:00.000000000,1629686820000000000,3006,3008,3006,3008,272,378193,378133
2021-08-23 10:48:00.000000000,1629686880000000000,3008,3010,3006,3008,1561,378133,378307
2021-08-23 10:49:00.000000000,1629686940000000000,3008,3012,3008,3010,1679,378307,378200
2021-08-23 10:50:00.000000000,1629687000000000000,3010,3012,3008,3012,1129,378200,378484
2021-08-23 10:51:00.000000000,1629687060000000000,3012,3016,3010,3014,3379,378484,378530
2021-08-23 10:52:00.000000000,1629687120000000000,3014,3018,3014,3016,1906,378530,378643
2021-08-23 10:53:00.000000000,1629687180000000000,3016,3020,3014,3018,2123,378643,378491
2021-08-23 10:54:00.000000000,1629687240000000000,3018,3022,3016,3020,2766,378491,377872
2021-08-23 10:55:00.000000000,1629687300000000000,3020,3024,3018,3022,3475,377872,377354
2021-08-23 10:56:00.000000000,1629687360000000000,3022,3024,3020,3020,1552,377354,377494
2021-08-23 10:57:00.000000000,1629687420000000000,3020,3022,3018,3018,919,377494,377470
2021-08-23 10:58:00.000000000,1629687480000000000,3018,3020,3016,3018,1011,377470,377344
2021-08-23 10:59:00.000000000,1629687540000000000,3018,3022,3018,3018,1438,377344,377046
2021-08-23 11:00:00.000000000,1629687600000000000,3018,3024,3018,3024,1895,377046,377031
2021-08-23 11:01:00.000000000,1629687660000000000,3024,3024,3020,3020,757,377031,376714
2021-08-23 11:02:00.000000000,1629687720000000000,3020,3022,3018,3018,1059,376714,376759
2021-08-23 11:03:00.000000000,1629687780000000000,3018,3020,3016,3016,665,376759,376736
2021-08-23 11:04:00.000000000,1629687840000000000,3016,3018,3014,3014,1297,376736,376629
2021-08-23 11:05:00.000000000,1629687900000000000,3014,3018,3014,3018,374,376629,376576
2021-08-23 11:06:00.000000000,1629687960000000000,3018,3022,3016,3022,1183,376576,376538
2021-08-23 11:07:00.000000000,1629688020000000000,3022,3024,3020,3024,698,376538,376655
2021-08-23 11:08:00.000000000,1629688080000000000,3024,3026,3022,3026,2839,376655,376708
2021-08-23 11:09:00.000000000,1629688140000000000,3026,3026,3022,3024,1505,376708,376771
2021-08-23 11:10:00.000000000,1629688200000000000,3024,3028,3024,3024,1525,376771,376299
2021-08-23 11:11:00.000000000,1629688260000000000,3024,3028,3024,3026,1948,376299,376013
2021-08-23 11:12:00.000000000,1629688320000000000,3026,3032,3026,3030,2991,376013,376667
2021-08-23 11:13:00.000000000,1629688380000000000,3030,3034,3030,3032,2791,376667,376357
2021-08-23 11:14:00.000000000,1629688440000000000,3032,3036,3030,3036,2704,376357,375522
2021-08-23 11:15:00.000000000,1629688500000000000,3036,3036,3032,3034,1659,375522,374831
2021-08-23 11:16:00.000000000,1629688560000000000,3034,3034,3032,3034,1035,374831,374774
2021-08-23 11:17:00.000000000,1629688620000000000,3034,3040,3034,3038,3756,374774,374039
2021-08-23 11:18:00.000000000,1629688680000000000,3038,3040,3036,3036,1825,374039,373640
2021-08-23 11:19:00.000000000,1629688740000000000,3036,3040,3034,3038,1608,373640,373517
2021-08-23 11:20:00.000000000,1629688800000000000,3038,3042,3038,3038,3393,373517,373487
2021-08-23 11:21:00.000000000,1629688860000000000,3038,3042,3038,3038,2814,373487,373489
2021-08-23 11:22:00.000000000,1629688920000000000,3038,3040,3036,3038,1384,373489,373213
2021-08-23 11:23:00.000000000,1629688980000000000,3038,3038,3034,3034,1497,373213,373162
2021-08-23 11:24:00.000000000,1629689040000000000,3034,3036,3034,3034,768,373162,372839
2021-08-23 11:25:00.000000000,1629689100000000000,3034,3038,3034,3036,448,372839,372790
2021-08-23 11:26:00.000000000,1629689160000000000,3036,3036,3032,3032,1281,372790,373213
2021-08-23 11:27:00.000000000,1629689220000000000,3032,3034,3032,3032,1149,373213,372661
2021-08-23 11:28:00.000000000,1629689280000000000,3032,3034,3030,3032,643,372661,372650
2021-08-23 11:29:00.000000000,1629689340000000000,3032,3034,3030,3034,768,372650,372520
2021-08-23 13:30:00.000000000,1629696600000000000,3032,3038,3030,3034,2219,372520,372214
2021-08-23 13:31:00.000000000,1629696660000000000,3034,3036,3030,3032,1425,372214,372340
2021-08-23 13:32:00.000000000,1629696720000000000,3032,3034,3030,3032,673,372340,372323
2021-08-23 13:33:00.000000000,1629696780000000000,3032,3034,3028,3028,1683,372323,372520
2021-08-23 13:34:00.000000000,1629696840000000000,3028,3030,3026,3028,829,372520,372396
2021-08-23 13:35:00.000000000,1629696900000000000,3028,3032,3028,3030,1041,372396,372397
2021-08-23 13:36:00.000000000,1629696960000000000,3030,3034,3030,3034,557,372397,372484
2021-08-23 13:37:00.000000000,1629697020000000000,3034,3036,3032,3036,2160,372484,372590
2021-08-23 13:38:00.000000000,1629697080000000000,3036,3036,3032,3034,381,372590,372539
2021-08-23 13:39:00.000000000,1629697140000000000,3034,3040,3034,3038,2304,372539,372532
2021-08-23 13:40:00.000000000,1629697200000000000,3038,3038,3034,3036,732,372532,372638
2021-08-23 13:41:00.000000000,1629697260000000000,3036,3036,3032,3034,864,372638,372824
2021-08-23 13:42:00.000000000,1629697320000000000,3034,3034,3030,3032,383,372824,372877
2021-08-23 13:43:00.000000000,1629697380000000000,3032,3032,3030,3032,139,372877,372855
2021-08-23 13:44:00.000000000,1629697440000000000,3032,3036,3032,3036,1416,372855,372716
2021-08-23 13:45:00.000000000,1629697500000000000,3036,3038,3034,3036,568,372716,372669
2021-08-23 13:46:00.000000000,1629697560000000000,3036,3038,3034,3034,367,372669,372733
2021-08-23 13:47:00.000000000,1629697620000000000,3034,3038,3034,3034,751,372733,372635
2021-08-23 13:48:00.000000000,1629697680000000000,3034,3036,3034,3036,101,372635,372616
2021-08-23 13:49:00.000000000,1629697740000000000,3036,3036,3034,3034,329,372616,372736
2021-08-23 13:50:00.000000000,1629697800000000000,3034,3036,3034,3034,458,372736,372637
2021-08-23 13:51:00.000000000,1629697860000000000,3034,3036,3034,3034,126,372637,372611
2021-08-23 13:52:00.000000000,1629697920000000000,3034,3036,3034,3036,531,372611,372623
2021-08-23 13:53:00.000000000,1629697980000000000,3036,3036,3034,3036,128,372623,372630
2021-08-23 13:54:00.000000000,1629698040000000000,3036,3036,3034,3036,666,372630,372884
2021-08-23 13:55:00.000000000,1629698100000000000,3036,3036,3032,3032,339,372884,372808
2021-08-23 13:56:00.000000000,1629698160000000000,3032,3034,3032,3032,423,372808,372915
2021-08-23 13:57:00.000000000,1629698220000000000,3032,3032,3028,3028,1612,372915,373354
2021-08-23 13:58:00.000000000,1629698280000000000,3028,3028,3022,3024,3146,373354,372924
2021-08-23 13:59:00.000000000,1629698340000000000,3024,3026,3022,3024,1584,372924,373035
2021-08-23 14:00:00.000000000,1629698400000000000,3024,3028,3024,3028,885,373035,372991
2021-08-23 14:01:00.000000000,1629698460000000000,3028,3028,3022,3024,1003,372991,373282
2021-08-23 14:02:00.000000000,1629698520000000000,3024,3024,3020,3024,1351,373282,373320
2021-08-23 14:03:00.000000000,1629698580000000000,3024,3024,3020,3020,871,373320,373309
2021-08-23 14:04:00.000000000,1629698640000000000,3020,3022,3020,3022,142,373309,373325
2021-08-23 14:05:00.000000000,1629698700000000000,3022,3022,3020,3022,1631,373325,373552
2021-08-23 14:06:00.000000000,1629698760000000000,3022,3024,3020,3024,723,373552,373822
2021-08-23 14:07:00.000000000,1629698820000000000,3024,3026,3022,3026,1015,373822,374382
2021-08-23 14:08:00.000000000,1629698880000000000,3026,3028,3026,3026,319,374382,374442
2021-08-23 14:09:00.000000000,1629698940000000000,3026,3028,3024,3026,573,374442,374323
2021-08-23 14:10:00.000000000,1629699000000000000,3026,3028,3024,3026,698,374323,374307
2021-08-23 14:11:00.000000000,1629699060000000000,3026,3028,3026,3028,276,374307,374294
2021-08-23 14:12:00.000000000,1629699120000000000,3028,3030,3026,3030,1972,374294,374121
2021-08-23 14:13:00.000000000,1629699180000000000,3030,3030,3026,3026,470,374121,374053
2021-08-23 14:14:00.000000000,1629699240000000000,3026,3028,3026,3028,113,374053,374030
2021-08-23 14:15:00.000000000,1629699300000000000,3028,3028,3026,3028,830,374030,373726
2021-08-23 14:16:00.000000000,1629699360000000000,3028,3030,3026,3030,427,373726,373862
2021-08-23 14:17:00.000000000,1629699420000000000,3030,3032,3028,3030,717,373862,373943
2021-08-23 14:18:00.000000000,1629699480000000000,3030,3034,3030,3034,1442,373943,374226
2021-08-23 14:19:00.000000000,1629699540000000000,3034,3034,3032,3034,504,374226,374214
2021-08-23 14:20:00.000000000,1629699600000000000,3034,3036,3032,3036,1944,374214,373978
2021-08-23 14:21:00.000000000,1629699660000000000,3036,3036,3034,3034,742,373978,374071
2021-08-23 14:22:00.000000000,1629699720000000000,3034,3036,3034,3034,328,374071,373989
2021-08-23 14:23:00.000000000,1629699780000000000,3034,3036,3032,3034,589,373989,373916
2021-08-23 14:24:00.000000000,1629699840000000000,3034,3036,3032,3034,570,373916,373945
2021-08-23 14:25:00.000000000,1629699900000000000,3034,3036,3034,3036,483,373945,374073
2021-08-23 14:26:00.000000000,1629699960000000000,3036,3036,3032,3034,533,374073,374060
2021-08-23 14:27:00.000000000,1629700020000000000,3034,3034,3030,3032,523,374060,374189
2021-08-23 14:28:00.000000000,1629700080000000000,3032,3034,3032,3034,131,374189,374259
2021-08-23 14:29:00.000000000,1629700140000000000,3034,3034,3032,3034,218,374259,374311
2021-08-23 14:30:00.000000000,1629700200000000000,3034,3034,3032,3032,770,374311,374195
2021-08-23 14:31:00.000000000,1629700260000000000,3032,3034,3030,3032,901,374195,374253
2021-08-23 14:32:00.000000000,1629700320000000000,3032,3032,3024,3026,2449,374253,374465
2021-08-23 14:33:00.000000000,1629700380000000000,3026,3028,3026,3026,753,374465,374277
2021-08-23 14:34:00.000000000,1629700440000000000,3026,3026,3024,3026,1369,374277,374084
2021-08-23 14:35:00.000000000,1629700500000000000,3026,3028,3024,3026,713,374084,374356
2021-08-23 14:36:00.000000000,1629700560000000000,3026,3030,3026,3030,860,374356,374611
2021-08-23 14:37:00.000000000,1629700620000000000,3030,3030,3024,3024,1011,374611,374775
2021-08-23 14:38:00.000000000,1629700680000000000,3024,3026,3022,3022,1386,374775,374896
2021-08-23 14:39:00.000000000,1629700740000000000,3022,3026,3022,3024,617,374896,374948
2021-08-23 14:40:00.000000000,1629700800000000000,3024,3024,3022,3024,263,374948,374942
2021-08-23 14:41:00.000000000,1629700860000000000,3024,3024,3022,3022,161,374942,374977
2021-08-23 14:42:00.000000000,1629700920000000000,3022,3024,3020,3022,2011,374977,374961
2021-08-23 14:43:00.000000000,1629700980000000000,3022,3022,3016,3020,2577,374961,375299
2021-08-23 14:44:00.000000000,1629701040000000000,3020,3022,3020,3020,705,375299,375323
2021-08-23 14:45:00.000000000,1629701100000000000,3020,3022,3016,3020,2101,375323,375507
2021-08-23 14:46:00.000000000,1629701160000000000,3020,3020,3016,3016,1858,375507,375645
2021-08-23 14:47:00.000000000,1629701220000000000,3016,3020,3016,3020,1198,375645,375757
2021-08-23 14:48:00.000000000,1629701280000000000,3020,3022,3018,3022,583,375757,375654
2021-08-23 14:49:00.000000000,1629701340000000000,3022,3024,3020,3020,1232,375654,375552
2021-08-23 14:50:00.000000000,1629701400000000000,3020,3022,3020,3022,1038,375552,375579
2021-08-23 14:51:00.000000000,1629701460000000000,3022,3022,3020,3022,530,375579,375794
2021-08-23 14:52:00.000000000,1629701520000000000,3022,3024,3020,3020,1331,375794,375979
2021-08-23 14:53:00.000000000,1629701580000000000,3020,3022,3016,3016,1722,375979,376528
2021-08-23 14:54:00.000000000,1629701640000000000,3016,3020,3016,3016,1188,376528,376601
2021-08-23 14:55:00.000000000,1629701700000000000,3016,3022,3016,3020,1394,376601,376877
2021-08-23 14:56:00.000000000,1629701760000000000,3020,3022,3020,3022,586,376877,376939
2021-08-23 14:57:00.000000000,1629701820000000000,3022,3022,3020,3022,977,376939,376667
2021-08-23 14:58:00.000000000,1629701880000000000,3022,3022,3018,3020,1596,376667,376711
2021-08-23 14:59:00.000000000,1629701940000000000,3020,3020,3016,3018,2030,376711,376544
2021-08-23 21:00:00.000000000,1629723600000000000,3038,3048,3034,3046,13325,376544,375629
2021-08-23 21:01:00.000000000,1629723660000000000,3046,3048,3042,3042,7169,375629,374736
2021-08-23 21:02:00.000000000,1629723720000000000,3042,3044,3032,3034,6725,374736,374779
2021-08-23 21:03:00.000000000,1629723780000000000,3034,3048,3034,3048,4245,374779,375108
2021-08-23 21:04:00.000000000,1629723840000000000,3048,3048,3044,3044,2622,375108,375081
2021-08-23 21:05:00.000000000,1629723900000000000,3044,3050,3042,3048,3765,375081,375036
2021-08-23 21:06:00.000000000,1629723960000000000,3048,3048,3042,3044,3236,375036,374232
2021-08-23 21:07:00.000000000,1629724020000000000,3044,3050,3044,3046,3594,374232,374290
2021-08-23 21:08:00.000000000,1629724080000000000,3046,3046,3042,3044,1763,374290,374580
2021-08-23 21:09:00.000000000,1629724140000000000,3044,3048,3044,3048,2023,374580,375036
2021-08-23 21:10:00.000000000,1629724200000000000,3048,3048,3044,3046,2935,375036,374699
2021-08-23 21:11:00.000000000,1629724260000000000,3046,3048,3042,3042,2104,374699,374857
2021-08-23 21:12:00.000000000,1629724320000000000,3042,3044,3042,3044,1938,374857,374716
2021-08-23 21:13:00.000000000,1629724380000000000,3044,3046,3042,3042,1467,374716,374948
2021-08-23 21:14:00.000000000,1629724440000000000,3042,3044,3040,3042,1399,374948,374643
2021-08-23 21:15:00.000000000,1629724500000000000,3042,3048,3040,3046,4165,374643,374754
2021-08-23 21:16:00.000000000,1629724560000000000,3046,3048,3044,3046,1501,374754,375060
2021-08-23 21:17:00.000000000,1629724620000000000,3046,3048,3044,3046,1727,375060,375076
2021-08-23 21:18:00.000000000,1629724680000000000,3046,3048,3044,3046,2559,375076,375509
2021-08-23 21:19:00.000000000,1629724740000000000,3046,3046,3044,3046,1482,375509,375383
2021-08-23 21:20:00.000000000,1629724800000000000,3046,3048,3044,3046,1790,375383,375565
2021-08-23 21:21:00.000000000,1629724860000000000,3046,3050,3046,3050,2438,375565,375710
2021-08-23 21:22:00.000000000,1629724920000000000,3050,3050,3046,3046,1634,375710,376252
2021-08-23 21:23:00.000000000,1629724980000000000,3046,3050,3046,3046,835,376252,376183
2021-08-23 21:24:00.000000000,1629725040000000000,3046,3048,3046,3048,1034,376183,376491
2021-08-23 21:25:00.000000000,1629725100000000000,3048,3050,3046,3048,1874,376491,376864
2021-08-23 21:26:00.000000000,1629725160000000000,3048,3050,3046,3048,1220,376864,376825
2021-08-23 21:27:00.000000000,1629725220000000000,3048,3050,3046,3050,1505,376825,377132
2021-08-23 21:28:00.000000000,1629725280000000000,3050,3050,3046,3050,936,377132,377097
2021-08-23 21:29:00.000000000,1629725340000000000,3050,3052,3048,3050,3897,377097,377961
2021-08-23 21:30:00.000000000,1629725400000000000,3050,3056,3050,3054,4713,377961,376939
2021-08-23 21:31:00.000000000,1629725460000000000,3054,3056,3054,3054,2043,376939,377039
2021-08-23 21:32:00.000000000,1629725520000000000,3054,3058,3054,3056,1686,377039,376992
2021-08-23 21:33:00.000000000,1629725580000000000,3056,3056,3052,3052,1241,376992,376796
2021-08-23 21:34:00.000000000,1629725640000000000,3052,3054,3050,3050,3231,376796,376982
2021-08-23 21:35:00.000000000,1629725700000000000,3050,3054,3050,3052,1205,376982,376746
2021-08-23 21:36:00.000000000,1629725760000000000,3052,3054,3050,3050,1552,376746,376256
2021-08-23 21:37:00.000000000,1629725820000000000,3050,3050,3046,3046,1222,376256,376462
2021-08-23 21:38:00.000000000,1629725880000000000,3046,3050,3046,3050,1864,376462,376329
2021-08-23 21:39:00.000000000,1629725940000000000,3050,3054,3048,3050,1627,376329,376288
2021-08-23 21:40:00.000000000,1629726000000000000,3050,3054,3048,3054,2252,376288,376034
2021-08-23 21:41:00.000000000,1629726060000000000,3054,3054,3052,3054,818,376034,376104
2021-08-23 21:42:00.000000000,1629726120000000000,3054,3054,3050,3052,854,376104,376153
2021-08-23 21:43:00.000000000,1629726180000000000,3052,3056,3052,3054,682,376153,376185
2021-08-23 21:44:00.000000000,1629726240000000000,3054,3058,3054,3058,984,376185,376115
2021-08-23 21:45:00.000000000,1629726300000000000,3058,3058,3054,3058,2239,376115,375538
2021-08-23 21:46:00.000000000,1629726360000000000,3058,3060,3056,3058,1388,375538,375520
2021-08-23 21:47:00.000000000,1629726420000000000,3058,3060,3056,3058,1322,375520,375331
2021-08-23 21:48:00.000000000,1629726480000000000,3058,3058,3056,3056,516,375331,375197
2021-08-23 21:49:00.000000000,1629726540000000000,3056,3058,3054,3056,1480,375197,375322
2021-08-23 21:50:00.000000000,1629726600000000000,3056,3058,3054,3056,1657,375322,375200
2021-08-23 21:51:00.000000000,1629726660000000000,3056,3062,3056,3058,4035,375200,375061
2021-08-23 21:52:00.000000000,1629726720000000000,3058,3060,3056,3058,896,375061,374558
2021-08-23 21:53:00.000000000,1629726780000000000,3058,3060,3058,3058,1116,374558,373984
2021-08-23 21:54:00.000000000,1629726840000000000,3058,3060,3058,3060,815,373984,374007
2021-08-23 21:55:00.000000000,1629726900000000000,3060,3060,3058,3060,1229,374007,374136
2021-08-23 21:56:00.000000000,1629726960000000000,3060,3060,3058,3060,750,374136,374220
2021-08-23 21:57:00.000000000,1629727020000000000,3060,3062,3058,3060,1602,374220,374105
2021-08-23 21:58:00.000000000,1629727080000000000,3060,3062,3058,3062,935,374105,374005
2021-08-23 21:59:00.000000000,1629727140000000000,3062,3062,3058,3060,1914,374005,373791
2021-08-23 22:00:00.000000000,1629727200000000000,3060,3064,3058,3058,1827,373791,374133
2021-08-23 22:01:00.000000000,1629727260000000000,3058,3060,3058,3058,978,374133,373856
2021-08-23 22:02:00.000000000,1629727320000000000,3058,3064,3058,3064,2287,373856,373668
2021-08-23 22:03:00.000000000,1629727380000000000,3064,3064,3058,3058,1313,373668,373773
2021-08-23 22:04:00.000000000,1629727440000000000,3058,3062,3058,3060,738,373773,373906
2021-08-23 22:05:00.000000000,1629727500000000000,3060,3062,3060,3060,236,373906,373873
2021-08-23 22:06:00.000000000,1629727560000000000,3060,3062,3060,3060,844,373873,373757
2021-08-23 22:07:00.000000000,1629727620000000000,3060,3060,3058,3058,1037,373757,373677
2021-08-23 22:08:00.000000000,1629727680000000000,3058,3060,3056,3056,974,373677,373753
2021-08-23 22:09:00.000000000,1629727740000000000,3056,3058,3056,3058,1101,373753,373856
2021-08-23 22:10:00.000000000,1629727800000000000,3058,3062,3058,3062,2069,373856,373868
2021-08-23 22:11:00.000000000,1629727860000000000,3062,3062,3060,3062,334,373868,373721
2021-08-23 22:12:00.000000000,1629727920000000000,3062,3064,3060,3064,1024,373721,373630
2021-08-23 22:13:00.000000000,1629727980000000000,3064,3064,3060,3060,651,373630,373476
2021-08-23 22:14:00.000000000,1629728040000000000,3060,3064,3060,3064,699,373476,373481
2021-08-23 22:15:00.000000000,1629728100000000000,3064,3066,3062,3064,1477,373481,373616
2021-08-23 22:16:00.000000000,1629728160000000000,3064,3064,3062,3062,304,373616,373467
2021-08-23 22:17:00.000000000,1629728220000000000,3062,3066,3062,3064,1196,373467,373520
2021-08-23 22:18:00.000000000,1629728280000000000,3064,3066,3062,3064,759,373520,373322
2021-08-23 22:19:00.000000000,1629728340000000000,3064,3068,3064,3068,2293,373322,372991
2021-08-23 22:20:00.000000000,1629728400000000000,3068,3068,3062,3062,2316,372991,372451
2021-08-23 22:21:00.000000000,1629728460000000000,3062,3066,3062,3066,517,372451,372523
2021-08-23 22:22:00.000000000,1629728520000000000,3066,3068,3064,3066,949,372523,372505
2021-08-23 22:23:00.000000000,1629728580000000000,3066,3068,3066,3066,361,372505,372457
2021-08-23 22:24:00.000000000,1629728640000000000,3066,3068,3066,3066,348,372457,372386
2021-08-23 22:25:00.000000000,1629728700000000000,3066,3068,3066,3068,880,372386,372251
2021-08-23 22:26:00.000000000,1629728760000000000,3068,3070,3068,3070,924,372251,372132
2021-08-23 22:27:00.000000000,1629728820000000000,3070,3070,3068,3070,215,372132,372143
2021-08-23 22:28:00.000000000,1629728880000000000,3070,3070,3068,3070,1198,372143,372049
2021-08-23 22:29:00.000000000,1629728940000000000,3070,3070,3068,3070,306,372049,371954
2021-08-23 22:30:00.000000000,1629729000000000000,3070,3076,3070,3074,3119,371954,371897
2021-08-23 22:31:00.000000000,1629729060000000000,3074,3076,3072,3076,2090,371897,372180
2021-08-23 22:32:00.000000000,1629729120000000000,3076,3076,3074,3074,893,372180,372174
2021-08-23 22:33:00.000000000,1629729180000000000,3074,3076,3072,3072,1733,372174,372173
2021-08-23 22:34:00.000000000,1629729240000000000,3072,3076,3072,3074,1164,372173,372039
2021-08-23 22:35:00.000000000,1629729300000000000,3074,3074,3072,3074,733,372039,371937
2021-08-23 22:36:00.000000000,1629729360000000000,3074,3078,3072,3076,2879,371937,370742
2021-08-23 22:37:00.000000000,1629729420000000000,3076,3078,3072,3074,1665,370742,370405
2021-08-23 22:38:00.000000000,1629729480000000000,3074,3074,3070,3070,1958,370405,369954
2021-08-23 22:39:00.000000000,1629729540000000000,3070,3072,3068,3068,1139,369954,369650
2021-08-23 22:40:00.000000000,1629729600000000000,3068,3070,3066,3066,1864,369650,369638
2021-08-23 22:41:00.000000000,1629729660000000000,3066,3066,3062,3062,2290,369638,368652
2021-08-23 22:42:00.000000000,1629729720000000000,3062,3064,3058,3058,2390,368652,368007
2021-08-23 22:43:00.000000000,1629729780000000000,3058,3062,3058,3062,660,368007,367837
2021-08-23 22:44:00.000000000,1629729840000000000,3062,3062,3060,3060,1823,367837,367715
2021-08-23 22:45:00.000000000,1629729900000000000,3060,3064,3060,3064,1493,367715,367990
2021-08-23 22:46:00.000000000,1629729960000000000,3064,3064,3062,3064,1174,367990,367879
2021-08-23 22:47:00.000000000,1629730020000000000,3064,3064,3060,3062,758,367879,367914
2021-08-23 22:48:00.000000000,1629730080000000000,3062,3064,3060,3062,845,367914,367742
2021-08-23 22:49:00.000000000,1629730140000000000,3062,3066,3062,3062,821,367742,367782
2021-08-23 22:50:00.000000000,1629730200000000000,3062,3066,3062,3064,721,367782,367753
2021-08-23 22:51:00.000000000,1629730260000000000,3064,3064,3060,3062,1199,367753,367534
2021-08-23 22:52:00.000000000,1629730320000000000,3062,3062,3060,3062,703,367534,367552
2021-08-23 22:53:00.000000000,1629730380000000000,3062,3064,3060,3062,1681,367552,367633
2021-08-23 22:54:00.000000000,1629730440000000000,3062,3068,3060,3068,2301,367633,367988
2021-08-23 22:55:00.000000000,1629730500000000000,3068,3070,3066,3070,1205,367988,367866
2021-08-23 22:56:00.000000000,1629730560000000000,3070,3070,3068,3070,347,367866,367709
2021-08-23 22:57:00.000000000,1629730620000000000,3070,3070,3068,3068,910,367709,367735
2021-08-23 22:58:00.000000000,1629730680000000000,3068,3070,3066,3066,1000,367735,367993
2021-08-23 22:59:00.000000000,1629730740000000000,3066,3068,3064,3064,1681,367993,367621
2021-08-24 09:00:00.000000000,1629766800000000000,3066,3072,3066,3070,4906,367621,367603
2021-08-24 09:01:00.000000000,1629766860000000000,3070,3072,3066,3066,2238,367603,367632
2021-08-24 09:02:00.000000000,1629766920000000000,3066,3066,3062,3064,2888,367632,367136
2021-08-24 09:03:00.000000000,1629766980000000000,3064,3064,3060,3062,1774,367136,367181
2021-08-24 09:04:00.000000000,1629767040000000000,3062,3068,3062,3068,1338,367181,367185
2021-08-24 09:05:00.000000000,1629767100000000000,3068,3068,3062,3064,1203,367185,367186
2021-08-24 09:06:00.000000000,1629767160000000000,3064,3064,3060,3064,1033,367186,367101
2021-08-24 09:07:00.000000000,1629767220000000000,3064,3064,3060,3064,1761,367101,366777
2021-08-24 09:08:00.000000000,1629767280000000000,3064,3066,3062,3064,712,366777,366583
2021-08-24 09:09:00.000000000,1629767340000000000,3064,3066,3062,3064,568,366583,366478
2021-08-24 09:10:00.000000000,1629767400000000000,3064,3068,3062,3068,1289,366478,366399
2021-08-24 09:11:00.000000000,1629767460000000000,3068,3070,3066,3066,870,366399,366523
2021-08-24 09:12:00.000000000,1629767520000000000,3066,3074,3066,3074,1535,366523,366616
2021-08-24 09:13:00.000000000,1629767580000000000,3074,3074,3070,3074,1446,366616,366681
2021-08-24 09:14:00.000000000,1629767640000000000,3074,3078,3072,3074,2616,366681,366159
2021-08-24 09:15:00.000000000,1629767700000000000,3074,3078,3074,3076,1549,366159,366134
2021-08-24 09:16:00.000000000,1629767760000000000,3076,3076,3072,3074,634,366134,366172
2021-08-24 09:17:00.000000000,1629767820000000000,3074,3074,3070,3072,681,366172,365906
2021-08-24 09:18:00.000000000,1629767880000000000,3072,3074,3072,3072,570,365906,365833
2021-08-24 09:19:00.000000000,1629767940000000000,3072,3074,3070,3070,1106,365833,365649
2021-08-24 09:20:00.000000000,1629768000000000000,3070,3072,3070,3070,194,365649,365617
2021-08-24 09:21:00.000000000,1629768060000000000,3070,3074,3070,3072,584,365617,365370
2021-08-24 09:22:00.000000000,1629768120000000000,3072,3074,3070,3072,1019,365370,365416
2021-08-24 09:23:00.000000000,1629768180000000000,3072,3074,3070,3072,733,365416,365403
2021-08-24 09:24:00.000000000,1629768240000000000,3072,3074,3072,3072,234,365403,365468
2021-08-24 09:25:00.000000000,1629768300000000000,3072,3078,3072,3076,1370,365468,365208
2021-08-24 09:26:00.000000000,1629768360000000000,3076,3078,3076,3076,988,365208,365262
2021-08-24 09:27:00.000000000,1629768420000000000,3076,3080,3076,3078,1436,365262,365828
2021-08-24 09:28:00.000000000,1629768480000000000,3078,3078,3076,3078,374,365828,365788
2021-08-24 09:29:00.000000000,1629768540000000000,3078,3078,3074,3074,874,365788,365807
2021-08-24 09:30:00.000000000,1629768600000000000,3074,3080,3074,3080,1103,365807,365920
2021-08-24 09:31:00.000000000,1629768660000000000,3080,3082,3078,3080,1194,365920,366283
2021-08-24 09:32:00.000000000,1629768720000000000,3080,3086,3078,3086,3045,366283,366609
2021-08-24 09:33:00.000000000,1629768780000000000,3086,3088,3084,3086,1798,366609,366805
2021-08-24 09:34:00.000000000,1629768840000000000,3086,3088,3084,3086,1738,366805,367001
2021-08-24 09:35:00.000000000,1629768900000000000,3086,3092,3084,3090,2718,367001,366606
2021-08-24 09:36:00.000000000,1629768960000000000,3090,3092,3088,3090,1688,366606,366603
2021-08-24 09:37:00.000000000,1629769020000000000,3090,3096,3088,3094,2761,366603,366584
2021-08-24 09:38:00.000000000,1629769080000000000,3094,3096,3092,3096,1180,366584,366802
2021-08-24 09:39:00.000000000,1629769140000000000,3096,3096,3092,3094,1881,366802,366901
2021-08-24 09:40:00.000000000,1629769200000000000,3094,3096,3092,3094,2001,366901,366818
2021-08-24 09:41:00.000000000,1629769260000000000,3094,3094,3090,3090,1477,366818,366919
2021-08-24 09:42:00.000000000,1629769320000000000,3090,3092,3090,3090,842,366919,366998
2021-08-24 09:43:00.000000000,1629769380000000000,3090,3092,3088,3090,1739,366998,366991
2021-08-24 09:44:00.000000000,1629769440000000000,3090,3092,3086,3092,1818,366991,366826
2021-08-24 09:45:00.000000000,1629769500000000000,3092,3094,3090,3094,726,366826,366717
2021-08-24 09:46:00.000000000,1629769560000000000,3094,3094,3092,3094,653,366717,366709
2021-08-24 09:47:00.000000000,1629769620000000000,3094,3094,3092,3094,459,366709,366699
2021-08-24 09:48:00.000000000,1629769680000000000,3094,3098,3092,3096,2869,366699,367113
2021-08-24 09:49:00.000000000,1629769740000000000,3096,3096,3092,3092,1359,367113,367116
2021-08-24 09:50:00.000000000,1629769800000000000,3092,3096,3092,3092,1286,367116,367019
2021-08-24 09:51:00.000000000,1629769860000000000,3092,3094,3092,3094,1080,367019,366829
2021-08-24 09:52:00.000000000,1629769920000000000,3094,3096,3092,3094,1019,366829,366804
2021-08-24 09:53:00.000000000,1629769980000000000,3094,3098,3094,3098,2027,366804,366550
2021-08-24 09:54:00.000000000,1629770040000000000,3098,3100,3094,3096,4044,366550,367142
2021-08-24 09:55:00.000000000,1629770100000000000,3096,3098,3096,3098,1033,367142,366927
2021-08-24 09:56:00.000000000,1629770160000000000,3098,3098,3094,3094,651,366927,367070
2021-08-24 09:57:00.000000000,1629770220000000000,3094,3096,3094,3096,546,367070,366954
2021-08-24 09:58:00.000000000,1629770280000000000,3096,3096,3092,3094,640,366954,367002
2021-08-24 09:59:00.000000000,1629770340000000000,3094,3094,3090,3094,1539,367002,366813
2021-08-24 10:00:00.000000000,1629770400000000000,3094,3096,3090,3092,2428,366813,366877
2021-08-24 10:01:00.000000000,1629770460000000000,3092,3094,3086,3090,4516,366877,366014
2021-08-24 10:02:00.000000000,1629770520000000000,3090,3094,3090,3090,1435,366014,365828
2021-08-24 10:03:00.000000000,1629770580000000000,3090,3094,3090,3090,851,365828,365568
2021-08-24 10:04:00.000000000,1629770640000000000,3090,3092,3088,3088,812,365568,365572
2021-08-24 10:05:00.000000000,1629770700000000000,3088,3090,3088,3090,892,365572,365430
2021-08-24 10:06:00.000000000,1629770760000000000,3090,3092,3088,3090,283,365430,365365
2021-08-24 10:07:00.000000000,1629770820000000000,3090,3092,3090,3092,198,365365,365396
2021-08-24 10:08:00.000000000,1629770880000000000,3092,3094,3090,3092,521,365396,365322
2021-08-24 10:09:00.000000000,1629770940000000000,3092,3094,3092,3092,167,365322,365264
2021-08-24 10:10:00.000000000,1629771000000000000,3092,3096,3092,3096,766,365264,365151
2021-08-24 10:11:00.000000000,1629771060000000000,3096,3096,3092,3094,799,365151,365023
2021-08-24 10:12:00.000000000,1629771120000000000,3094,3096,3092,3096,464,365023,364904
2021-08-24 10:13:00.000000000,1629771180000000000,3096,3096,3092,3096,422,364904,364936
2021-08-24 10:14:00.000000000,1629771240000000000,3096,3096,3094,3094,260,364936,364841
2021-08-24 10:30:00.000000000,1629772200000000000,3092,3092,3088,3090,4683,364841,365692
2021-08-24 10:31:00.000000000,1629772260000000000,3090,3100,3090,3098,5026,365692,367121
2021-08-24 10:32:00.000000000,1629772320000000000,3098,3104,3098,3102,2492,367121,367452
2021-08-24 10:33:00.000000000,1629772380000000000,3102,3104,3100,3102,1171,367452,367471
2021-08-24 10:34:00.000000000,1629772440000000000,3102,3102,3098,3100,859,367471,367598
2021-08-24 10:35:00.000000000,1629772500000000000,3100,3102,3098,3102,1687,367598,367179
2021-08-24 10:36:00.000000000,1629772560000000000,3102,3104,3098,3100,1409,367179,367462
2021-08-24 10:37:00.000000000,1629772620000000000,3100,3100,3094,3096,1719,367462,368004
2021-08-24 10:38:00.000000000,1629772680000000000,3096,3098,3094,3096,902,368004,367643
2021-08-24 10:39:00.000000000,1629772740000000000,3096,3096,3092,3094,578,367643,367668
2021-08-24 10:40:00.000000000,1629772800000000000,3094,3094,3090,3090,699,367668,367617
2021-08-24 10:41:00.000000000,1629772860000000000,3090,3092,3088,3088,2547,367617,367522
2021-08-24 10:42:00.000000000,1629772920000000000,3088,3088,3086,3086,2110,367522,367500
2021-08-24 10:43:00.000000000,1629772980000000000,3086,3088,3086,3088,952,367500,367468
2021-08-24 10:44:00.000000000,1629773040000000000,3088,3088,3082,3082,2003,367468,367096
2021-08-24 10:45:00.000000000,1629773100000000000,3082,3084,3078,3082,2372,367096,367207
2021-08-24 10:46:00.000000000,1629773160000000000,3082,3082,3076,3078,1638,367207,366949
2021-08-24 10:47:00.000000000,1629773220000000000,3078,3080,3072,3074,3497,366949,367190
2021-08-24 10:48:00.000000000,1629773280000000000,3074,3076,3072,3072,2301,367190,367003
2021-08-24 10:49:00.000000000,1629773340000000000,3072,3076,3070,3076,4157,367003,367242
2021-08-24 10:50:00.000000000,1629773400000000000,3076,3076,3070,3074,2155,367242,367811
2021-08-24 10:51:00.000000000,1629773460000000000,3074,3080,3072,3078,3411,367811,367462
2021-08-24 10:52:00.000000000,1629773520000000000,3078,3084,3078,3082,1350,367462,367602
2021-08-24 10:53:00.000000000,1629773580000000000,3082,3084,3080,3082,800,367602,367544
2021-08-24 10:54:00.000000000,1629773640000000000,3082,3084,3082,3082,422,367544,367583
2021-08-24 10:55:00.000000000,1629773700000000000,3082,3084,3080,3082,1148,367583,367708
2021-08-24 10:56:00.000000000,1629773760000000000,3082,3082,3078,3080,1045,367708,368124
2021-08-24 10:57:00.000000000,1629773820000000000,3080,3080,3076,3078,803,368124,367799
2021-08-24 10:58:00.000000000,1629773880000000000,3078,3084,3078,3082,2171,367799,368219
2021-08-24 10:59:00.000000000,1629773940000000000,3082,3082,3078,3080,1231,368219,368264
2021-08-24 11:00:00.000000000,1629774000000000000,3080,3082,3078,3080,787,368264,368089
2021-08-24 11:01:00.000000000,1629774060000000000,3080,3082,3078,3080,644,368089,368143
2021-08-24 11:02:00.000000000,1629774120000000000,3080,3080,3074,3074,1147,368143,367978
2021-08-24 11:03:00.000000000,1629774180000000000,3074,3076,3074,3076,1089,367978,368432
2021-08-24 11:04:00.000000000,1629774240000000000,3076,3076,3072,3074,1160,368432,368400
2021-08-24 11:05:00.000000000,1629774300000000000,3074,3076,3070,3072,2606,368400,368463
2021-08-24 11:06:00.000000000,1629774360000000000,3072,3076,3070,3074,1551,368463,368582
2021-08-24 11:07:00.000000000,1629774420000000000,3074,3074,3072,3072,425,368582,368617
2021-08-24 11:08:00.000000000,1629774480000000000,3072,3074,3070,3070,1371,368617,368994
2021-08-24 11:09:00.000000000,1629774540000000000,3070,3070,3066,3068,3443,368994,368820
2021-08-24 11:10:00.000000000,1629774600000000000,3068,3068,3064,3064,1398,368820,368960
2021-08-24 11:11:00.000000000,1629774660000000000,3064,3068,3064,3068,1949,368960,369811
2021-08-24 11:12:00.000000000,1629774720000000000,3068,3068,3066,3068,427,369811,370012
2021-08-24 11:13:00.000000000,1629774780000000000,3068,3070,3062,3062,2365,370012,370478
2021-08-24 11:14:00.000000000,1629774840000000000,3062,3066,3060,3062,2801,370478,371212
2021-08-24 11:15:00.000000000,1629774900000000000,3062,3064,3060,3064,2039,371212,371177
2021-08-24 11:16:00.000000000,1629774960000000000,3064,3066,3062,3064,1367,371177,371350
2021-08-24 11:17:00.000000000,1629775020000000000,3064,3064,3062,3064,410,371350,371405
2021-08-24 11:18:00.000000000,1629775080000000000,3064,3064,3056,3058,3664,371405,371597
2021-08-24 11:19:00.000000000,1629775140000000000,3058,3062,3058,3062,1868,371597,371848
2021-08-24 11:20:00.000000000,1629775200000000000,3062,3062,3054,3056,3015,371848,372712
2021-08-24 11:21:00.000000000,1629775260000000000,3056,3058,3054,3058,1035,372712,372783
2021-08-24 11:22:00.000000000,1629775320000000000,3058,3062,3056,3062,1333,372783,373114
2021-08-24 11:23:00.000000000,1629775380000000000,3062,3062,3060,3062,1260,373114,373330
2021-08-24 11:24:00.000000000,1629775440000000000,3062,3062,3060,3060,139,373330,373311
2021-08-24 11:25:00.000000000,1629775500000000000,3060,3064,3060,3060,1434,373311,373432
2021-08-24 11:26:00.000000000,1629775560000000000,3060,3062,3060,3060,481,373432,373392
2021-08-24 11:27:00.000000000,1629775620000000000,3060,3064,3060,3064,772,373392,373551
2021-08-24 11:28:00.000000000,1629775680000000000,3064,3066,3062,3064,847,373551,373600
2021-08-24 11:29:00.000000000,1629775740000000000,3064,3066,3062,3064,1176,373600,373654
2021-08-24 13:30:00.000000000,1629783000000000000,3070,3076,3070,3076,3420,373654,373552
2021-08-24 13:31:00.000000000,1629783060000000000,3076,3078,3072,3076,2269,373552,373179
2021-08-24 13:32:00.000000000,1629783120000000000,3076,3078,3074,3074,1511,373179,372994
2021-08-24 13:33:00.000000000,1629783180000000000,3074,3078,3074,3076,1411,372994,373052
2021-08-24 13:34:00.000000000,1629783240000000000,3076,3076,3072,3074,502,373052,373054
2021-08-24 13:35:00.000000000,1629783300000000000,3074,3078,3072,3076,1099,373054,372841
2021-08-24 13:36:00.000000000,1629783360000000000,3076,3078,3074,3078,1459,372841,372672
2021-08-24 13:37:00.000000000,1629783420000000000,3078,3080,3076,3078,512,372672,372699
2021-08-24 13:38:00.000000000,1629783480000000000,3078,3078,3076,3078,490,372699,372594
2021-08-24 13:39:00.000000000,1629783540000000000,3078,3080,3076,3076,361,372594,372456
2021-08-24 13:40:00.000000000,1629783600000000000,3076,3078,3076,3078,437,372456,372474
2021-08-24 13:41:00.000000000,1629783660000000000,3078,3078,3074,3076,1530,372474,372316
2021-08-24 13:42:00.000000000,1629783720000000000,3076,3078,3074,3078,334,372316,372216
2021-08-24 13:43:00.000000000,1629783780000000000,3078,3078,3074,3076,553,372216,372253
2021-08-24 13:44:00.000000000,1629783840000000000,3076,3078,3074,3076,334,372253,372134
2021-08-24 13:45:00.000000000,1629783900000000000,3076,3076,3074,3076,240,372134,372159
2021-08-24 13:46:00.000000000,1629783960000000000,3076,3076,3072,3072,565,372159,372273
2021-08-24 13:47:00.000000000,1629784020000000000,3072,3074,3070,3070,2104,372273,372587
2021-08-24 13:48:00.000000000,1629784080000000000,3070,3072,3070,3070,2380,372587,371865
2021-08-24 13:49:00.000000000,1629784140000000000,3070,3072,3068,3072,1241,371865,371860
2021-08-24 13:50:00.000000000,1629784200000000000,3072,3074,3070,3072,364,371860,371967
2021-08-24 13:51:00.000000000,1629784260000000000,3072,3074,3068,3068,1128,371967,371582
2021-08-24 13:52:00.000000000,1629784320000000000,3068,3070,3068,3070,314,371582,371547
2021-08-24 13:53:00.000000000,1629784380000000000,3070,3070,3068,3070,241,371547,371545
2021-08-24 13:54:00.000000000,1629784440000000000,3070,3070,3068,3070,89,371545,371549
2021-08-24 13:55:00.000000000,1629784500000000000,3070,3070,3068,3070,683,371549,371681
2021-08-24 13:56:00.000000000,1629784560000000000,3070,3070,3068,3070,613,371681,371581
2021-08-24 13:57:00.000000000,1629784620000000000,3070,3072,3068,3070,338,371581,371520
2021-08-24 13:58:00.000000000,1629784680000000000,3070,3074,3070,3072,338,371520,371593
2021-08-24 13:59:00.000000000,1629784740000000000,3072,3074,3072,3074,222,371593,371575
2021-08-24 14:00:00.000000000,1629784800000000000,3074,3076,3072,3074,805,371575,371269
2021-08-24 14:01:00.000000000,1629784860000000000,3074,3078,3074,3076,960,371269,371166
2021-08-24 14:02:00.000000000,1629784920000000000,3076,3078,3074,3074,841,371166,371183
2021-08-24 14:03:00.000000000,1629784980000000000,3074,3076,3074,3074,52,371183,371162
2021-08-24 14:04:00.000000000,1629785040000000000,3074,3076,3074,3074,351,371162,371257
2021-08-24 14:05:00.000000000,1629785100000000000,3074,3076,3072,3072,437,371257,371410
2021-08-24 14:06:00.000000000,1629785160000000000,3072,3074,3072,3072,699,371410,371372
2021-08-24 14:07:00.000000000,1629785220000000000,3072,3074,3070,3070,2446,371372,370370
2021-08-24 14:08:00.000000000,1629785280000000000,3070,3072,3068,3068,817,370370,370370
2021-08-24 14:09:00.000000000,1629785340000000000,3068,3070,3066,3068,1117,370370,370024
2021-08-24 14:10:00.000000000,1629785400000000000,3068,3068,3064,3064,1355,370024,370522
2021-08-24 14:11:00.000000000,1629785460000000000,3064,3066,3062,3064,806,370522,370626
2021-08-24 14:12:00.000000000,1629785520000000000,3064,3066,3062,3066,1076,370626,370753
2021-08-24 14:13:00.000000000,1629785580000000000,3066,3068,3064,3068,549,370753,370884
2021-08-24 14:14:00.000000000,1629785640000000000,3068,3070,3064,3066,1429,370884,370579
2021-08-24 14:15:00.000000000,1629785700000000000,3066,3066,3064,3064,366,370579,370524
2021-08-24 14:16:00.000000000,1629785760000000000,3064,3066,3064,3066,463,370524,370634
2021-08-24 14:17:00.000000000,1629785820000000000,3066,3066,3064,3064,1018,370634,370431
2021-08-24 14:18:00.000000000,1629785880000000000,3064,3066,3064,3064,454,370431,370520
2021-08-24 14:19:00.000000000,1629785940000000000,3064,3066,3064,3064,264,370520,370466
2021-08-24 14:20:00.000000000,1629786000000000000,3064,3066,3064,3064,277,370466,370485
2021-08-24 14:21:00.000000000,1629786060000000000,3064,3068,3064,3066,658,370485,370763
2021-08-24 14:22:00.000000000,1629786120000000000,3066,3068,3064,3068,517,370763,370653
2021-08-24 14:23:00.000000000,1629786180000000000,3068,3068,3064,3066,528,370653,370729
2021-08-24 14:24:00.000000000,1629786240000000000,3066,3066,3064,3064,73,370729,370767
2021-08-24 14:25:00.000000000,1629786300000000000,3064,3066,3064,3066,236,370767,370745
2021-08-24 14:26:00.000000000,1629786360000000000,3066,3070,3066,3070,1216,370745,370590
2021-08-24 14:27:00.000000000,1629786420000000000,3070,3072,3068,3068,1032,370590,370443
2021-08-24 14:28:00.000000000,1629786480000000000,3068,3070,3066,3068,620,370443,370404
2021-08-24 14:29:00.000000000,1629786540000000000,3068,3068,3066,3066,352,370404,370356
2021-08-24 14:30:00.000000000,1629786600000000000,3066,3070,3064,3068,1226,370356,370327
2021-08-24 14:31:00.000000000,1629786660000000000,3068,3072,3068,3072,861,370327,369960
2021-08-24 14:32:00.000000000,1629786720000000000,3072,3072,3070,3070,307,369960,369837
2021-08-24 14:33:00.000000000,1629786780000000000,3070,3074,3070,3072,562,369837,369849
2021-08-24 14:34:00.000000000,1629786840000000000,3072,3074,3072,3074,178,369849,369851
2021-08-24 14:35:00.000000000,1629786900000000000,3074,3076,3072,3074,800,369851,369719
2021-08-24 14:36:00.000000000,1629786960000000000,3074,3078,3072,3076,1735,369719,369067
2021-08-24 14:37:00.000000000,1629787020000000000,3076,3078,3074,3076,350,369067,369104
2021-08-24 14:38:00.000000000,1629787080000000000,3076,3078,3074,3078,575,369104,369049
2021-08-24 14:39:00.000000000,1629787140000000000,3078,3078,3076,3076,534,369049,368853
2021-08-24 14:40:00.000000000,1629787200000000000,3076,3078,3076,3076,454,368853,368767
2021-08-24 14:41:00.000000000,1629787260000000000,3076,3078,3074,3074,1037,368767,368870
2021-08-24 14:42:00.000000000,1629787320000000000,3074,3076,3074,3076,291,368870,368724
2021-08-24 14:43:00.000000000,1629787380000000000,3076,3076,3074,3074,271,368724,368784
2021-08-24 14:44:00.000000000,1629787440000000000,3074,3076,3074,3076,653,368784,368649
2021-08-24 14:45:00.000000000,1629787500000000000,3076,3078,3074,3076,849,368649,368526
2021-08-24 14:46:00.000000000,1629787560000000000,3076,3076,3074,3076,210,368526,368470
2021-08-24 14:47:00.000000000,1629787620000000000,3076,3076,3072,3074,1120,368470,368880
2021-08-24 14:48:00.000000000,1629787680000000000,3074,3074,3070,3072,738,368880,368872
2021-08-24 14:49:00.000000000,1629787740000000000,3072,3074,3070,3072,1244,368872,369161
2021-08-24 14:50:00.000000000,1629787800000000000,3072,3074,3072,3074,558,369161,369119
2021-08-24 14:51:00.000000000,1629787860000000000,3074,3074,3068,3070,1073,369119,369340
2021-08-24 14:52:00.000000000,1629787920000000000,3070,3074,3070,3074,522,369340,369328
2021-08-24 14:53:00.000000000,1629787980000000000,3074,3074,3068,3070,1377,369328,369743
2021-08-24 14:54:00.000000000,1629788040000000000,3070,3072,3068,3070,1063,369743,369893
2021-08-24 14:55:00.000000000,1629788100000000000,3070,3072,3068,3070,629,369893,370013
2021-08-24 14:56:00.000000000,1629788160000000000,3070,3070,3068,3070,497,370013,370138
2021-08-24 14:57:00.000000000,1629788220000000000,3070,3072,3068,3072,1566,370138,370061
2021-08-24 14:58:00.000000000,1629788280000000000,3072,3072,3070,3070,1252,370061,370408
2021-08-24 14:59:00.000000000,1629788340000000000,3070,3072,3070,3072,1890,370408,370126
2021-08-24 21:00:00.000000000,1629810000000000000,3084,3090,3080,3082,8356,370126,370397
2021-08-24 21:01:00.000000000,1629810060000000000,3082,3086,3078,3086,6082,370397,370293
2021-08-24 21:02:00.000000000,1629810120000000000,3086,3086,3082,3084,3196,370293,370187
2021-08-24 21:03:00.000000000,1629810180000000000,3084,3086,3080,3082,3129,370187,370130
2021-08-24 21:04:00.000000000,1629810240000000000,3082,3086,3082,3082,1499,370130,370481
2021-08-24 21:05:00.000000000,1629810300000000000,3082,3084,3080,3082,2028,370481,370523
2021-08-24 21:06:00.000000000,1629810360000000000,3082,3084,3082,3082,1168,370523,370478
2021-08-24 21:07:00.000000000,1629810420000000000,3082,3084,3078,3078,1937,370478,370800
2021-08-24 21:08:00.000000000,1629810480000000000,3078,3080,3076,3078,2437,370800,370885
2021-08-24 21:09:00.000000000,1629810540000000000,3078,3080,3076,3076,2405,370885,371431
2021-08-24 21:10:00.000000000,1629810600000000000,3076,3078,3074,3076,1131,371431,371140
2021-08-24 21:11:00.000000000,1629810660000000000,3076,3076,3072,3072,2655,371140,371274
2021-08-24 21:12:00.000000000,1629810720000000000,3072,3074,3072,3072,1224,371274,371099
2021-08-24 21:13:00.000000000,1629810780000000000,3072,3074,3070,3072,1486,371099,371240
2021-08-24 21:14:00.000000000,1629810840000000000,3072,3074,3070,3070,1426,371240,371651
2021-08-24 21:15:00.000000000,1629810900000000000,3070,3074,3070,3074,1569,371651,371639
2021-08-24 21:16:00.000000000,1629810960000000000,3074,3074,3068,3068,1355,371639,371833
2021-08-24 21:17:00.000000000,1629811020000000000,3068,3076,3068,3074,3270,371833,371990
2021-08-24 21:18:00.000000000,1629811080000000000,3074,3076,3072,3074,1041,371990,372180
2021-08-24 21:19:00.000000000,1629811140000000000,3074,3076,3070,3072,2056,372180,372230
2021-08-24 21:20:00.000000000,1629811200000000000,3072,3074,3070,3070,1009,372230,372168
2021-08-24 21:21:00.000000000,1629811260000000000,3070,3074,3070,3072,1225,372168,372392
2021-08-24 21:22:00.000000000,1629811320000000000,3072,3074,3072,3072,260,372392,372398
2021-08-24 21:23:00.000000000,1629811380000000000,3072,3076,3072,3074,1248,372398,372398
2021-08-24 21:24:00.000000000,1629811440000000000,3074,3076,3072,3074,1108,372398,372617
2021-08-24 21:25:00.000000000,1629811500000000000,3074,3076,3074,3076,1099,372617,372844
2021-08-24 21:26:00.000000000,1629811560000000000,3076,3076,3070,3072,1547,372844,373023
2021-08-24 21:27:00.000000000,1629811620000000000,3072,3076,3072,3074,793,373023,372858
2021-08-24 21:28:00.000000000,1629811680000000000,3074,3076,3074,3076,537,372858,372937
2021-08-24 21:29:00.000000000,1629811740000000000,3076,3076,3074,3074,614,372937,372978
2021-08-24 21:30:00.000000000,1629811800000000000,3074,3082,3074,3082,2827,372978,372516
2021-08-24 21:31:00.000000000,1629811860000000000,3082,3084,3078,3080,4263,372516,372536
2021-08-24 21:32:00.000000000,1629811920000000000,3080,3082,3078,3080,1040,372536,372544
2021-08-24 21:33:00.000000000,1629811980000000000,3080,3082,3078,3078,523,372544,372589
2021-08-24 21:34:00.000000000,1629812040000000000,3078,3082,3078,3078,1352,372589,372558
2021-08-24 21:35:00.000000000,1629812100000000000,3078,3078,3074,3078,1736,372558,372688
2021-08-24 21:36:00.000000000,1629812160000000000,3078,3080,3076,3078,1483,372688,372643
2021-08-24 21:37:00.000000000,1629812220000000000,3078,3080,3078,3078,1186,372643,372270
2021-08-24 21:38:00.000000000,1629812280000000000,3078,3082,3078,3082,1071,372270,372272
2021-08-24 21:39:00.000000000,1629812340000000000,3082,3082,3078,3078,879,372272,372380
2021-08-24 21:40:00.000000000,1629812400000000000,3078,3082,3078,3082,1126,372380,372386
2021-08-24 21:41:00.000000000,1629812460000000000,3082,3084,3080,3084,1037,372386,372075
2021-08-24 21:42:00.000000000,1629812520000000000,3084,3084,3082,3084,1142,372075,372173
2021-08-24 21:43:00.000000000,1629812580000000000,3084,3086,3084,3086,2625,372173,372337
2021-08-24 21:44:00.000000000,1629812640000000000,3086,3086,3080,3082,1817,372337,372326
2021-08-24 21:45:00.000000000,1629812700000000000,3082,3084,3080,3082,1087,372326,372247
2021-08-24 21:46:00.000000000,1629812760000000000,3082,3084,3082,3082,1112,372247,372356
2021-08-24 21:47:00.000000000,1629812820000000000,3082,3084,3080,3082,1858,372356,372605
2021-08-24 21:48:00.000000000,1629812880000000000,3082,3082,3080,3082,954,372605,372865
2021-08-24 21:49:00.000000000,1629812940000000000,3082,3084,3080,3082,878,372865,372832
2021-08-24 21:50:00.000000000,1629813000000000000,3082,3084,3080,3084,1864,372832,372936
2021-08-24 21:51:00.000000000,1629813060000000000,3084,3086,3082,3086,1575,372936,373120
2021-08-24 21:52:00.000000000,1629813120000000000,3086,3088,3086,3088,1211,373120,373384
2021-08-24 21:53:00.000000000,1629813180000000000,3088,3088,3084,3086,1108,373384,373402
2021-08-24 21:54:00.000000000,1629813240000000000,3086,3088,3082,3084,2144,373402,373759
2021-08-24 21:55:00.000000000,1629813300000000000,3084,3086,3080,3082,1939,373759,374022
2021-08-24 21:56:00.000000000,1629813360000000000,3082,3086,3082,3086,1484,374022,373926
2021-08-24 21:57:00.000000000,1629813420000000000,3086,3086,3084,3084,445,373926,373999
2021-08-24 21:58:00.000000000,1629813480000000000,3084,3086,3084,3084,268,373999,374031
2021-08-24 21:59:00.000000000,1629813540000000000,3084,3088,3084,3088,823,374031,374000
2021-08-24 22:00:00.000000000,1629813600000000000,3088,3088,3084,3086,908,374000,373939
2021-08-24 22:01:00.000000000,1629813660000000000,3086,3086,3082,3082,1234,373939,373834
2021-08-24 22:02:00.000000000,1629813720000000000,3082,3086,3082,3086,369,373834,373783
2021-08-24 22:03:00.000000000,1629813780000000000,3086,3088,3084,3088,942,373783,373973
2021-08-24 22:04:00.000000000,1629813840000000000,3088,3088,3082,3082,1007,373973,373925
2021-08-24 22:05:00.000000000,1629813900000000000,3082,3084,3082,3084,512,373925,373832
2021-08-24 22:06:00.000000000,1629813960000000000,3084,3086,3082,3084,731,373832,373665
2021-08-24 22:07:00.000000000,1629814020000000000,3084,3088,3084,3086,1426,373665,373078
2021-08-24 22:08:00.000000000,1629814080000000000,3086,3090,3086,3088,1713,373078,372981
2021-08-24 22:09:00.000000000,1629814140000000000,3088,3090,3086,3088,567,372981,373195
2021-08-24 22:10:00.000000000,1629814200000000000,3088,3092,3086,3090,1817,373195,373405
2021-08-24 22:11:00.000000000,1629814260000000000,3090,3092,3088,3090,1130,373405,373400
2021-08-24 22:12:00.000000000,1629814320000000000,3090,3092,3088,3090,956,373400,373237
2021-08-24 22:13:00.000000000,1629814380000000000,3090,3090,3088,3088,152,373237,373248
2021-08-24 22:14:00.000000000,1629814440000000000,3088,3092,3088,3092,939,373248,373240
2021-08-24 22:15:00.000000000,1629814500000000000,3092,3092,3090,3092,527,373240,373208
2021-08-24 22:16:00.000000000,1629814560000000000,3092,3092,3088,3090,1319,373208,373427
2021-08-24 22:17:00.000000000,1629814620000000000,3090,3090,3086,3088,632,373427,373277
2021-08-24 22:18:00.000000000,1629814680000000000,3088,3088,3086,3086,821,373277,373250
2021-08-24 22:19:00.000000000,1629814740000000000,3086,3086,3084,3086,585,373250,373102
2021-08-24 22:20:00.000000000,1629814800000000000,3086,3088,3084,3086,1434,373102,372936
2021-08-24 22:21:00.000000000,1629814860000000000,3086,3088,3084,3086,481,372936,372896
2021-08-24 22:22:00.000000000,1629814920000000000,3086,3088,3084,3086,902,372896,372740
2021-08-24 22:23:00.000000000,1629814980000000000,3086,3086,3084,3084,303,372740,372668
2021-08-24 22:24:00.000000000,1629815040000000000,3084,3086,3082,3082,1486,372668,372482
2021-08-24 22:25:00.000000000,1629815100000000000,3082,3086,3082,3084,288,372482,372415
2021-08-24 22:26:00.000000000,1629815160000000000,3084,3086,3084,3084,245,372415,372472
2021-08-24 22:27:00.000000000,1629815220000000000,3084,3088,3084,3088,592,372472,372670
2021-08-24 22:28:00.000000000,1629815280000000000,3088,3088,3086,3086,489,372670,372625
2021-08-24 22:29:00.000000000,1629815340000000000,3086,3090,3084,3088,1379,372625,372569
2021-08-24 22:30:00.000000000,1629815400000000000,3088,3090,3088,3090,1055,372569,372751
2021-08-24 22:31:00.000000000,1629815460000000000,3090,3090,3088,3088,310,372751,372749
2021-08-24 22:32:00.000000000,1629815520000000000,3088,3090,3086,3088,732,372749,372532
2021-08-24 22:33:00.000000000,1629815580000000000,3088,3090,3084,3086,1120,372532,372560
2021-08-24 22:34:00.000000000,1629815640000000000,3086,3088,3084,3088,846,372560,372601
2021-08-24 22:35:00.000000000,1629815700000000000,3088,3090,3086,3088,812,372601,372616
2021-08-24 22:36:00.000000000,1629815760000000000,3088,3088,3086,3086,109,372616,372622
2021-08-24 22:37:00.000000000,1629815820000000000,3086,3090,3086,3088,822,372622,372600
2021-08-24 22:38:00.000000000,1629815880000000000,3088,3090,3088,3090,241,372600,372601
2021-08-24 22:39:00.000000000,1629815940000000000,3090,3092,3088,3092,856,372601,372526
2021-08-24 22:40:00.000000000,1629816000000000000,3092,3092,3088,3088,482,372526,372502
2021-08-24 22:41:00.000000000,1629816060000000000,3088,3090,3086,3086,513,372502,372734
2021-08-24 22:42:00.000000000,1629816120000000000,3086,3090,3086,3086,726,372734,372838
2021-08-24 22:43:00.000000000,1629816180000000000,3086,3088,3086,3088,146,372838,372854
2021-08-24 22:44:00.000000000,1629816240000000000,3088,3088,3086,3086,588,372854,372861
2021-08-24 22:45:00.000000000,1629816300000000000,3086,3088,3084,3084,485,372861,372849
2021-08-24 22:46:00.000000000,1629816360000000000,3084,3086,3084,3084,197,372849,372815
2021-08-24 22:47:00.000000000,1629816420000000000,3084,3088,3084,3086,751,372815,372736
2021-08-24 22:48:00.000000000,1629816480000000000,3086,3088,3086,3088,167,372736,372655
2021-08-24 22:49:00.000000000,1629816540000000000,3088,3090,3086,3090,657,372655,372570
2021-08-24 22:50:00.000000000,1629816600000000000,3090,3092,3084,3084,2364,372570,372641
2021-08-24 22:51:00.000000000,1629816660000000000,3084,3086,3082,3084,1372,372641,372419
2021-08-24 22:52:00.000000000,1629816720000000000,3084,3084,3080,3082,1999,372419,372762
2021-08-24 22:53:00.000000000,1629816780000000000,3082,3086,3082,3086,426,372762,372878
2021-08-24 22:54:00.000000000,1629816840000000000,3086,3086,3084,3084,204,372878,372902
2021-08-24 22:55:00.000000000,1629816900000000000,3084,3088,3084,3088,1079,372902,372620
2021-08-24 22:56:00.000000000,1629816960000000000,3088,3088,3086,3088,225,372620,372565
2021-08-24 22:57:00.000000000,1629817020000000000,3088,3088,3086,3088,269,372565,372423
2021-08-24 22:58:00.000000000,1629817080000000000,3088,3088,3086,3086,1007,372423,372153
2021-08-24 22:59:00.000000000,1629817140000000000,3086,3088,3086,3086,1288,372153,371781
2021-08-25 09:00:00.000000000,1629853200000000000,3086,3086,3076,3076,7680,371781,371467
2021-08-25 09:01:00.000000000,1629853260000000000,3076,3078,3072,3074,3139,371467,371403
2021-08-25 09:02:00.000000000,1629853320000000000,3074,3078,3072,3076,2979,371403,371543
2021-08-25 09:03:00.000000000,1629853380000000000,3076,3078,3072,3078,1902,371543,371404
2021-08-25 09:04:00.000000000,1629853440000000000,3078,3084,3076,3082,2331,371404,371053
2021-08-25 09:05:00.000000000,1629853500000000000,3082,3090,3082,3090,3019,371053,371353
2021-08-25 09:06:00.000000000,1629853560000000000,3090,3090,3086,3088,1846,371353,371308
2021-08-25 09:07:00.000000000,1629853620000000000,3088,3090,3086,3086,810,371308,371020
2021-08-25 09:08:00.000000000,1629853680000000000,3086,3088,3084,3086,1182,371020,371062
2021-08-25 09:09:00.000000000,1629853740000000000,3086,3088,3084,3088,1530,371062,370559
2021-08-25 09:10:00.000000000,1629853800000000000,3088,3090,3086,3088,1744,370559,370262
2021-08-25 09:11:00.000000000,1629853860000000000,3088,3090,3084,3086,816,370262,370225
2021-08-25 09:12:00.000000000,1629853920000000000,3086,3090,3086,3088,793,370225,370177
2021-08-25 09:13:00.000000000,1629853980000000000,3088,3090,3086,3090,734,370177,370325
2021-08-25 09:14:00.000000000,1629854040000000000,3090,3090,3086,3088,597,370325,370167
2021-08-25 09:15:00.000000000,1629854100000000000,3088,3094,3086,3088,3516,370167,370534
2021-08-25 09:16:00.000000000,1629854160000000000,3088,3092,3088,3092,1389,370534,370583
2021-08-25 09:17:00.000000000,1629854220000000000,3092,3092,3090,3092,1012,370583,370715
2021-08-25 09:18:00.000000000,1629854280000000000,3092,3098,3092,3096,2216,370715,370859
2021-08-25 09:19:00.000000000,1629854340000000000,3096,3098,3094,3098,3415,370859,370370
2021-08-25 09:20:00.000000000,1629854400000000000,3098,3108,3098,3108,8466,370370,369688
2021-08-25 09:21:00.000000000,1629854460000000000,3108,3110,3102,3102,3865,369688,369604
2021-08-25 09:22:00.000000000,1629854520000000000,3102,3104,3098,3102,2503,369604,370176
2021-08-25 09:23:00.000000000,1629854580000000000,3102,3104,3100,3102,1187,370176,370441
2021-08-25 09:24:00.000000000,1629854640000000000,3102,3104,3100,3102,571,370441,370443
2021-08-25 09:25:00.000000000,1629854700000000000,3102,3104,3098,3100,1329,370443,370287
2021-08-25 09:26:00.000000000,1629854760000000000,3100,3102,3098,3102,1582,370287,370593
2021-08-25 09:27:00.000000000,1629854820000000000,3102,3102,3096,3096,2017,370593,370940
2021-08-25 09:28:00.000000000,1629854880000000000,3096,3098,3092,3098,3105,370940,371033
2021-08-25 09:29:00.000000000,1629854940000000000,3098,3098,3092,3092,1299,371033,370528
2021-08-25 09:30:00.000000000,1629855000000000000,3092,3096,3092,3094,795,370528,370494
2021-08-25 09:31:00.000000000,1629855060000000000,3094,3096,3092,3094,817,370494,370107
2021-08-25 09:32:00.000000000,1629855120000000000,3094,3096,3094,3096,775,370107,370168
2021-08-25 09:33:00.000000000,1629855180000000000,3096,3096,3094,3096,498,370168,370073
2021-08-25 09:34:00.000000000,1629855240000000000,3096,3098,3094,3096,507,370073,369919
2021-08-25 09:35:00.000000000,1629855300000000000,3096,3096,3094,3094,428,369919,369909
2021-08-25 09:36:00.000000000,1629855360000000000,3094,3096,3090,3090,1176,369909,370019
2021-08-25 09:37:00.000000000,1629855420000000000,3090,3094,3090,3092,1316,370019,369572
2021-08-25 09:38:00.000000000,1629855480000000000,3092,3092,3090,3092,928,369572,369730
2021-08-25 09:39:00.000000000,1629855540000000000,3092,3092,3090,3090,1242,369730,369927
2021-08-25 09:40:00.000000000,1629855600000000000,3090,3094,3090,3094,410,369927,370030
2021-08-25 09:41:00.000000000,1629855660000000000,3094,3094,3092,3092,366,370030,370052
2021-08-25 09:42:00.000000000,1629855720000000000,3092,3096,3092,3096,887,370052,369797
2021-08-25 09:43:00.000000000,1629855780000000000,3096,3096,3094,3096,724,369797,369585
2021-08-25 09:44:00.000000000,1629855840000000000,3096,3096,3094,3094,618,369585,369501
2021-08-25 09:45:00.000000000,1629855900000000000,3094,3096,3094,3094,917,369501,369602
2021-08-25 09:46:00.000000000,1629855960000000000,3094,3096,3092,3092,356,369602,369542
2021-08-25 09:47:00.000000000,1629856020000000000,3092,3094,3088,3092,1713,369542,370090
2021-08-25 09:48:00.000000000,1629856080000000000,3092,3092,3086,3086,1031,370090,370408
2021-08-25 09:49:00.000000000,1629856140000000000,3086,3090,3086,3088,719,370408,370328
2021-08-25 09:50:00.000000000,1629856200000000000,3088,3090,3086,3088,882,370328,370239
2021-08-25 09:51:00.000000000,1629856260000000000,3088,3090,3088,3088,225,370239,370265
2021-08-25 09:52:00.000000000,1629856320000000000,3088,3090,3088,3090,169,370265,370253
2021-08-25 09:53:00.000000000,1629856380000000000,3090,3092,3088,3090,701,370253,370251
2021-08-25 09:54:00.000000000,1629856440000000000,3090,3092,3088,3090,455,370251,370349
2021-08-25 09:55:00.000000000,1629856500000000000,3090,3090,3086,3086,731,370349,370322
2021-08-25 09:56:00.000000000,1629856560000000000,3086,3090,3086,3088,774,370322,370266
2021-08-25 09:57:00.000000000,1629856620000000000,3088,3088,3086,3086,186,370266,370281
2021-08-25 09:58:00.000000000,1629856680000000000,3086,3090,3086,3090,545,370281,369942
2021-08-25 09:59:00.000000000,1629856740000000000,3090,3090,3088,3090,274,369942,369990
2021-08-25 10:00:00.000000000,1629856800000000000,3090,3090,3086,3088,1115,369990,370026
2021-08-25 10:01:00.000000000,1629856860000000000,3088,3090,3084,3084,1196,370026,370117
2021-08-25 10:02:00.000000000,1629856920000000000,3084,3086,3084,3084,979,370117,369995
2021-08-25 10:03:00.000000000,1629856980000000000,3084,3086,3082,3084,2053,369995,369899
2021-08-25 10:04:00.000000000,1629857040000000000,3084,3086,3084,3084,631,369899,369729
2021-08-25 10:05:00.000000000,1629857100000000000,3084,3086,3084,3086,1177,369729,369702
2021-08-25 10:06:00.000000000,1629857160000000000,3086,3088,3082,3084,2176,369702,369589
2021-08-25 10:07:00.000000000,1629857220000000000,3084,3084,3078,3078,2352,369589,368923
2021-08-25 10:08:00.000000000,1629857280000000000,3078,3078,3072,3074,2064,368923,368342
2021-08-25 10:09:00.000000000,1629857340000000000,3074,3076,3072,3072,1425,368342,368278
2021-08-25 10:10:00.000000000,1629857400000000000,3072,3076,3068,3070,4158,368278,369125
2021-08-25 10:11:00.000000000,1629857460000000000,3070,3072,3062,3064,5514,369125,370842
2021-08-25 10:12:00.000000000,1629857520000000000,3064,3068,3062,3068,1903,370842,371053
2021-08-25 10:13:00.000000000,1629857580000000000,3068,3070,3066,3070,1658,371053,371208
2021-08-25 10:14:00.000000000,1629857640000000000,3070,3070,3066,3070,1399,371208,371233
2021-08-25 10:30:00.000000000,1629858600000000000,3066,3072,3066,3070,2481,371233,371536
2021-08-25 10:31:00.000000000,1629858660000000000,3070,3072,3060,3066,3595,371536,371973
2021-08-25 10:32:00.000000000,1629858720000000000,3066,3066,3056,3058,3880,371973,372700
2021-08-25 10:33:00.000000000,1629858780000000000,3058,3060,3052,3056,4211,372700,373327
2021-08-25 10:34:00.000000000,1629858840000000000,3056,3058,3052,3054,3377,373327,373462
2021-08-25 10:35:00.000000000,1629858900000000000,3054,3056,3052,3054,2786,373462,374133
2021-08-25 10:36:00.000000000,1629858960000000000,3054,3056,3048,3056,3139,374133,374602
2021-08-25 10:37:00.000000000,1629859020000000000,3056,3058,3054,3058,1253,374602,374336
2021-08-25 10:38:00.000000000,1629859080000000000,3058,3062,3056,3062,1854,374336,373999
2021-08-25 10:39:00.000000000,1629859140000000000,3062,3062,3060,3062,364,373999,374079
2021-08-25 10:40:00.000000000,1629859200000000000,3062,3062,3056,3056,1706,374079,374702
2021-08-25 10:41:00.000000000,1629859260000000000,3056,3058,3056,3058,343,374702,374896
2021-08-25 10:42:00.000000000,1629859320000000000,3058,3058,3056,3056,453,374896,374871
2021-08-25 10:43:00.000000000,1629859380000000000,3056,3060,3056,3060,991,374871,374961
2021-08-25 10:44:00.000000000,1629859440000000000,3060,3060,3056,3060,990,374961,375165
2021-08-25 10:45:00.000000000,1629859500000000000,3060,3060,3056,3056,1619,375165,374928
2021-08-25 10:46:00.000000000,1629859560000000000,3056,3056,3054,3054,1244,374928,374896
2021-08-25 10:47:00.000000000,1629859620000000000,3054,3054,3050,3052,1573,374896,374497
2021-08-25 10:48:00.000000000,1629859680000000000,3052,3056,3050,3056,1792,374497,374925
2021-08-25 10:49:00.000000000,1629859740000000000,3056,3056,3052,3054,2072,374925,374973
2021-08-25 10:50:00.000000000,1629859800000000000,3054,3054,3050,3052,626,374973,375117
2021-08-25 10:51:00.000000000,1629859860000000000,3052,3052,3048,3048,1151,375117,375556
2021-08-25 10:52:00.000000000,1629859920000000000,3048,3050,3044,3044,2543,375556,376786
2021-08-25 10:53:00.000000000,1629859980000000000,3044,3050,3044,3050,1212,376786,377068
2021-08-25 10:54:00.000000000,1629860040000000000,3050,3050,3046,3048,1015,377068,377276
2021-08-25 10:55:00.000000000,1629860100000000000,3048,3048,3044,3044,1314,377276,377740
2021-08-25 10:56:00.000000000,1629860160000000000,3044,3050,3044,3050,841,377740,378036
2021-08-25 10:57:00.000000000,1629860220000000000,3050,3052,3046,3048,1504,378036,378269
2021-08-25 10:58:00.000000000,1629860280000000000,3048,3048,3046,3048,1148,378269,378856
2021-08-25 10:59:00.000000000,1629860340000000000,3048,3050,3046,3050,499,378856,378862
2021-08-25 11:00:00.000000000,1629860400000000000,3050,3054,3048,3054,1895,378862,378460
2021-08-25 11:01:00.000000000,1629860460000000000,3054,3056,3050,3056,1144,378460,378820
2021-08-25 11:02:00.000000000,1629860520000000000,3056,3056,3052,3054,736,378820,378761
2021-08-25 11:03:00.000000000,1629860580000000000,3054,3054,3052,3054,303,378761,378772
2021-08-25 11:04:00.000000000,1629860640000000000,3054,3056,3052,3056,837,378772,378949
2021-08-25 11:05:00.000000000,1629860700000000000,3056,3056,3052,3056,839,378949,378907
2021-08-25 11:06:00.000000000,1629860760000000000,3056,3056,3054,3056,617,378907,378780
2021-08-25 11:07:00.000000000,1629860820000000000,3056,3056,3054,3056,293,378780,378832
2021-08-25 11:08:00.000000000,1629860880000000000,3056,3056,3052,3052,741,378832,379111
2021-08-25 11:09:00.000000000,1629860940000000000,3052,3056,3052,3056,655,379111,379356
2021-08-25 11:10:00.000000000,1629861000000000000,3056,3056,3052,3052,460,379356,379455
2021-08-25 11:11:00.000000000,1629861060000000000,3052,3054,3052,3054,284,379455,379542
2021-08-25 11:12:00.000000000,1629861120000000000,3054,3054,3050,3052,571,379542,379545
2021-08-25 11:13:00.000000000,1629861180000000000,3052,3054,3048,3050,1205,379545,379294
2021-08-25 11:14:00.000000000,1629861240000000000,3050,3050,3048,3050,445,379294,379367
2021-08-25 11:15:00.000000000,1629861300000000000,3050,3052,3048,3050,1887,379367,379404
2021-08-25 11:16:00.000000000,1629861360000000000,3050,3050,3048,3050,206,379404,379454
2021-08-25 11:17:00.000000000,1629861420000000000,3050,3050,3048,3048,215,379454,379514
2021-08-25 11:18:00.000000000,1629861480000000000,3048,3050,3048,3050,296,379514,379657
2021-08-25 11:19:00.000000000,1629861540000000000,3050,3050,3048,3048,381,379657,379918
2021-08-25 11:20:00.000000000,1629861600000000000,3048,3054,3048,3052,1653,379918,380599
2021-08-25 11:21:00.000000000,1629861660000000000,3052,3054,3052,3052,745,380599,380784
2021-08-25 11:22:00.000000000,1629861720000000000,3052,3054,3048,3050,992,380784,381182
2021-08-25 11:23:00.000000000,1629861780000000000,3050,3052,3048,3048,641,381182,381222
2021-08-25 11:24:00.000000000,1629861840000000000,3048,3052,3048,3050,934,381222,381415
2021-08-25 11:25:00.000000000,1629861900000000000,3050,3050,3046,3048,967,381415,381908
2021-08-25 11:26:00.000000000,1629861960000000000,3048,3048,3044,3044,2263,381908,382508
2021-08-25 11:27:00.000000000,1629862020000000000,3044,3048,3044,3046,543,382508,382621
2021-08-25 11:28:00.000000000,1629862080000000000,3046,3050,3046,3048,604,382621,382669
2021-08-25 11:29:00.000000000,1629862140000000000,3048,3052,3046,3050,1217,382669,382667
2021-08-25 13:30:00.000000000,1629869400000000000,3056,3060,3054,3060,4876,382667,383435
2021-08-25 13:31:00.000000000,1629869460000000000,3060,3062,3056,3062,1437,383435,383216
2021-08-25 13:32:00.000000000,1629869520000000000,3062,3062,3060,3060,774,383216,383327
2021-08-25 13:33:00.000000000,1629869580000000000,3060,3062,3058,3058,1782,383327,383271
2021-08-25 13:34:00.000000000,1629869640000000000,3058,3060,3058,3058,1049,383271,382962
2021-08-25 13:35:00.000000000,1629869700000000000,3058,3060,3056,3056,1049,382962,382823
2021-08-25 13:36:00.000000000,1629869760000000000,3056,3058,3056,3056,273,382823,382912
2021-08-25 13:37:00.000000000,1629869820000000000,3056,3062,3056,3058,1946,382912,382943
2021-08-25 13:38:00.000000000,1629869880000000000,3058,3058,3054,3054,1182,382943,382720
2021-08-25 13:39:00.000000000,1629869940000000000,3054,3056,3054,3056,346,382720,382799
2021-08-25 13:40:00.000000000,1629870000000000000,3056,3056,3050,3050,1130,382799,383295
2021-08-25 13:41:00.000000000,1629870060000000000,3050,3054,3050,3052,1356,383295,383121
2021-08-25 13:42:00.000000000,1629870120000000000,3052,3054,3050,3052,969,383121,383130
2021-08-25 13:43:00.000000000,1629870180000000000,3052,3054,3050,3052,811,383130,383209
2021-08-25 13:44:00.000000000,1629870240000000000,3052,3054,3050,3050,787,383209,383446
2021-08-25 13:45:00.000000000,1629870300000000000,3050,3052,3048,3048,1326,383446,383912
2021-08-25 13:46:00.000000000,1629870360000000000,3048,3050,3048,3050,694,383912,383802
2021-08-25 13:47:00.000000000,1629870420000000000,3050,3054,3050,3052,1321,383802,383686
2021-08-25 13:48:00.000000000,1629870480000000000,3052,3054,3050,3054,785,383686,383638
2021-08-25 13:49:00.000000000,1629870540000000000,3054,3056,3052,3054,1343,383638,383716
2021-08-25 13:50:00.000000000,1629870600000000000,3054,3056,3050,3050,1375,383716,383718
2021-08-25 13:51:00.000000000,1629870660000000000,3050,3052,3050,3050,1382,383718,383611
2021-08-25 13:52:00.000000000,1629870720000000000,3050,3052,3048,3050,716,383611,383643
2021-08-25 13:53:00.000000000,1629870780000000000,3050,3052,3048,3052,291,383643,383699
2021-08-25 13:54:00.000000000,1629870840000000000,3052,3052,3048,3048,600,383699,383936
2021-08-25 13:55:00.000000000,1629870900000000000,3048,3050,3046,3048,1608,383936,384925
2021-08-25 13:56:00.000000000,1629870960000000000,3048,3050,3046,3048,1447,384925,384733
2021-08-25 13:57:00.000000000,1629871020000000000,3048,3048,3046,3048,360,384733,384939
2021-08-25 13:58:00.000000000,1629871080000000000,3048,3048,3044,3044,1840,384939,385444
2021-08-25 13:59:00.000000000,1629871140000000000,3044,3046,3044,3046,1985,385444,386245
2021-08-25 14:00:00.000000000,1629871200000000000,3046,3050,3044,3050,1393,386245,386366
2021-08-25 14:01:00.000000000,1629871260000000000,3050,3050,3048,3048,289,386366,386313
2021-08-25 14:02:00.000000000,1629871320000000000,3048,3050,3048,3048,760,386313,386249
2021-08-25 14:03:00.000000000,1629871380000000000,3048,3050,3046,3050,793,386249,386293
2021-08-25 14:04:00.000000000,1629871440000000000,3050,3050,3048,3048,421,386293,386427
2021-08-25 14:05:00.000000000,1629871500000000000,3048,3050,3046,3046,1951,386427,387062
2021-08-25 14:06:00.000000000,1629871560000000000,3046,3050,3046,3050,665,387062,387106
2021-08-25 14:07:00.000000000,1629871620000000000,3050,3050,3046,3050,657,387106,387085
2021-08-25 14:08:00.000000000,1629871680000000000,3050,3050,3046,3046,939,387085,387297
2021-08-25 14:09:00.000000000,1629871740000000000,3046,3048,3044,3046,1528,387297,387183
2021-08-25 14:10:00.000000000,1629871800000000000,3046,3046,3042,3044,1722,387183,387561
2021-08-25 14:11:00.000000000,1629871860000000000,3044,3046,3042,3042,1443,387561,387732
2021-08-25 14:12:00.000000000,1629871920000000000,3042,3044,3038,3040,3839,387732,388153
2021-08-25 14:13:00.000000000,1629871980000000000,3040,3042,3038,3038,1820,388153,388433
2021-08-25 14:14:00.000000000,1629872040000000000,3038,3040,3036,3038,1906,388433,388574
2021-08-25 14:15:00.000000000,1629872100000000000,3038,3044,3038,3042,1774,388574,388713
2021-08-25 14:16:00.000000000,1629872160000000000,3042,3044,3042,3044,1174,388713,388541
2021-08-25 14:17:00.000000000,1629872220000000000,3044,3044,3040,3040,1220,388541,388219
2021-08-25 14:18:00.000000000,1629872280000000000,3040,3042,3040,3042,389,388219,388310
2021-08-25 14:19:00.000000000,1629872340000000000,3042,3044,3040,3042,1723,388310,388286
2021-08-25 14:20:00.000000000,1629872400000000000,3042,3044,3042,3042,447,388286,388496
2021-08-25 14:21:00.000000000,1629872460000000000,3042,3044,3042,3044,773,388496,388805
2021-08-25 14:22:00.000000000,1629872520000000000,3044,3044,3040,3042,1258,388805,389039
2021-08-25 14:23:00.000000000,1629872580000000000,3042,3044,3040,3042,622,389039,389045
2021-08-25 14:24:00.000000000,1629872640000000000,3042,3044,3040,3044,679,389045,388921
2021-08-25 14:25:00.000000000,1629872700000000000,3044,3046,3042,3044,601,388921,388843
2021-08-25 14:26:00.000000000,1629872760000000000,3044,3048,3044,3046,1552,388843,388667
2021-08-25 14:27:00.000000000,1629872820000000000,3046,3048,3044,3044,1108,388667,388746
2021-08-25 14:28:00.000000000,1629872880000000000,3044,3048,3044,3046,1645,388746,388864
2021-08-25 14:29:00.000000000,1629872940000000000,3046,3048,3044,3046,606,388864,388875
2021-08-25 14:30:00.000000000,1629873000000000000,3046,3046,3044,3046,367,388875,389116
2021-08-25 14:31:00.000000000,1629873060000000000,3046,3046,3044,3044,267,389116,389224
2021-08-25 14:32:00.000000000,1629873120000000000,3044,3046,3044,3046,434,389224,389333
2021-08-25 14:33:00.000000000,1629873180000000000,3046,3046,3042,3044,911,389333,389501
2021-08-25 14:34:00.000000000,1629873240000000000,3044,3044,3042,3044,202,389501,389599
2021-08-25 14:35:00.000000000,1629873300000000000,3044,3044,3042,3044,192,389599,389626
2021-08-25 14:36:00.000000000,1629873360000000000,3044,3044,3042,3042,462,389626,389785
2021-08-25 14:37:00.000000000,1629873420000000000,3042,3044,3040,3042,335,389785,389911
2021-08-25 14:38:00.000000000,1629873480000000000,3042,3042,3040,3042,199,389911,390008
2021-08-25 14:39:00.000000000,1629873540000000000,3042,3042,3040,3040,225,390008,390055
2021-08-25 14:40:00.000000000,1629873600000000000,3040,3042,3040,3040,273,390055,390134
2021-08-25 14:41:00.000000000,1629873660000000000,3040,3042,3040,3040,348,390134,390311
2021-08-25 14:42:00.000000000,1629873720000000000,3040,3044,3040,3042,936,390311,390353
2021-08-25 14:43:00.000000000,1629873780000000000,3042,3044,3042,3042,255,390353,390409
2021-08-25 14:44:00.000000000,1629873840000000000,3042,3044,3040,3040,747,390409,390525
2021-08-25 14:45:00.000000000,1629873900000000000,3040,3042,3040,3040,369,390525,390777
2021-08-25 14:46:00.000000000,1629873960000000000,3040,3042,3040,3040,234,390777,390885
2021-08-25 14:47:00.000000000,1629874020000000000,3040,3042,3040,3040,483,390885,390846
2021-08-25 14:48:00.000000000,1629874080000000000,3040,3042,3038,3038,1260,390846,390864
2021-08-25 14:49:00.000000000,1629874140000000000,3038,3040,3036,3038,2181,390864,391262
2021-08-25 14:50:00.000000000,1629874200000000000,3038,3042,3038,3040,922,391262,391418
2021-08-25 14:51:00.000000000,1629874260000000000,3040,3042,3040,3040,458,391418,391625
2021-08-25 14:52:00.000000000,1629874320000000000,3040,3042,3038,3038,994,391625,391776
2021-08-25 14:53:00.000000000,1629874380000000000,3038,3042,3038,3038,1169,391776,391701
2021-08-25 14:54:00.000000000,1629874440000000000,3038,3042,3038,3040,1141,391701,391902
2021-08-25 14:55:00.000000000,1629874500000000000,3040,3042,3040,3040,1288,391902,391777
2021-08-25 14:56:00.000000000,1629874560000000000,3040,3042,3040,3042,554,391777,391817
2021-08-25 14:57:00.000000000,1629874620000000000,3042,3044,3040,3044,1717,391817,391648
2021-08-25 14:58:00.000000000,1629874680000000000,3044,3044,3042,3044,711,391648,391454
2021-08-25 14:59:00.000000000,1629874740000000000,3044,3048,3044,3044,3448,391454,389440
2021-08-25 21:00:00.000000000,1629896400000000000,3072,3078,3064,3076,14726,389440,387204
2021-08-25 21:01:00.000000000,1629896460000000000,3076,3082,3072,3080,7659,387204,386719
2021-08-25 21:02:00.000000000,1629896520000000000,3080,3082,3078,3080,5052,386719,385831
2021-08-25 21:03:00.000000000,1629896580000000000,3080,3080,3076,3076,6895,385831,385177
2021-08-25 21:04:00.000000000,1629896640000000000,3076,3078,3072,3076,5140,385177,383568
2021-08-25 21:05:00.000000000,1629896700000000000,3076,3080,3074,3076,4296,383568,382615
2021-08-25 21:06:00.000000000,1629896760000000000,3076,3076,3068,3072,5764,382615,381800
2021-08-25 21:07:00.000000000,1629896820000000000,3072,3072,3062,3062,4726,381800,381496
2021-08-25 21:08:00.000000000,1629896880000000000,3062,3068,3060,3066,5368,381496,381789
2021-08-25 21:09:00.000000000,1629896940000000000,3066,3068,3064,3066,3658,381789,381665
2021-08-25 21:10:00.000000000,1629897000000000000,3066,3070,3064,3068,2377,381665,381559
2021-08-25 21:11:00.000000000,1629897060000000000,3068,3070,3066,3068,1970,381559,381507
2021-08-25 21:12:00.000000000,1629897120000000000,3068,3072,3064,3064,3590,381507,381874
2021-08-25 21:13:00.000000000,1629897180000000000,3064,3068,3064,3066,2131,381874,381661
2021-08-25 21:14:00.000000000,1629897240000000000,3066,3066,3060,3064,2626,381661,381715
2021-08-25 21:15:00.000000000,1629897300000000000,3064,3068,3062,3064,2440,381715,381744
2021-08-25 21:16:00.000000000,1629897360000000000,3064,3066,3062,3064,1085,381744,381608
2021-08-25 21:17:00.000000000,1629897420000000000,3064,3066,3058,3060,2082,381608,381802
2021-08-25 21:18:00.000000000,1629897480000000000,3060,3060,3056,3058,2150,381802,381873
2021-08-25 21:19:00.000000000,1629897540000000000,3058,3060,3052,3054,2984,381873,382078
2021-08-25 21:20:00.000000000,1629897600000000000,3054,3060,3054,3058,2956,382078,382015
2021-08-25 21:21:00.000000000,1629897660000000000,3058,3064,3058,3064,1719,382015,381905
2021-08-25 21:22:00.000000000,1629897720000000000,3064,3064,3058,3060,1530,381905,382044
2021-08-25 21:23:00.000000000,1629897780000000000,3060,3062,3058,3060,1236,382044,381872
2021-08-25 21:24:00.000000000,1629897840000000000,3060,3060,3056,3056,2279,381872,382014
2021-08-25 21:25:00.000000000,1629897900000000000,3056,3058,3056,3058,296,382014,382070
2021-08-25 21:26:00.000000000,1629897960000000000,3058,3060,3056,3060,933,382070,381707
2021-08-25 21:27:00.000000000,1629898020000000000,3060,3060,3056,3056,2461,381707,382371
2021-08-25 21:28:00.000000000,1629898080000000000,3056,3060,3056,3058,1511,382371,381992
2021-08-25 21:29:00.000000000,1629898140000000000,3058,3058,3056,3056,1582,381992,382427
2021-08-25 21:30:00.000000000,1629898200000000000,3056,3058,3054,3056,2992,382427,382929
2021-08-25 21:31:00.000000000,1629898260000000000,3056,3062,3056,3062,2624,382929,382972
2021-08-25 21:32:00.000000000,1629898320000000000,3062,3062,3054,3056,2296,382972,383204
2021-08-25 21:33:00.000000000,1629898380000000000,3056,3056,3052,3052,1830,383204,383545
2021-08-25 21:34:00.000000000,1629898440000000000,3052,3054,3048,3052,3621,383545,384003
2021-08-25 21:35:00.000000000,1629898500000000000,3052,3052,3048,3048,1314,384003,384040
2021-08-25 21:36:00.000000000,1629898560000000000,3048,3058,3048,3056,2351,384040,384002
2021-08-25 21:37:00.000000000,1629898620000000000,3056,3058,3052,3052,1241,384002,383947
2021-08-25 21:38:00.000000000,1629898680000000000,3052,3054,3050,3054,1724,383947,384199
2021-08-25 21:39:00.000000000,1629898740000000000,3054,3058,3052,3058,1166,384199,384123
2021-08-25 21:40:00.000000000,1629898800000000000,3058,3060,3056,3060,1309,384123,384060
2021-08-25 21:41:00.000000000,1629898860000000000,3060,3060,3058,3058,464,384060,383887
2021-08-25 21:42:00.000000000,1629898920000000000,3058,3058,3056,3056,1571,383887,383939
2021-08-25 21:43:00.000000000,1629898980000000000,3056,3058,3054,3054,749,383939,383938
2021-08-25 21:44:00.000000000,1629899040000000000,3054,3056,3054,3056,449,383938,383917
2021-08-25 21:45:00.000000000,1629899100000000000,3056,3056,3050,3054,1416,383917,383862
2021-08-25 21:46:00.000000000,1629899160000000000,3054,3056,3052,3056,447,383862,383871
2021-08-25 21:47:00.000000000,1629899220000000000,3056,3056,3054,3056,479,383871,383898
2021-08-25 21:48:00.000000000,1629899280000000000,3056,3056,3052,3054,1165,383898,383904
2021-08-25 21:49:00.000000000,1629899340000000000,3054,3060,3050,3058,1633,383904,384203
2021-08-25 21:50:00.000000000,1629899400000000000,3058,3060,3058,3060,457,384203,384023
2021-08-25 21:51:00.000000000,1629899460000000000,3060,3060,3056,3058,369,384023,383979
2021-08-25 21:52:00.000000000,1629899520000000000,3058,3060,3056,3058,1361,383979,383630
2021-08-25 21:53:00.000000000,1629899580000000000,3058,3060,3054,3056,548,383630,383643
2021-08-25 21:54:00.000000000,1629899640000000000,3056,3058,3054,3056,348,383643,383672
2021-08-25 21:55:00.000000000,1629899700000000000,3056,3056,3050,3050,755,383672,383444
2021-08-25 21:56:00.000000000,1629899760000000000,3050,3056,3050,3052,935,383444,383591
2021-08-25 21:57:00.000000000,1629899820000000000,3052,3056,3052,3054,1007,383591,383871
2021-08-25 21:58:00.000000000,1629899880000000000,3054,3060,3054,3058,1318,383871,383966
2021-08-25 21:59:00.000000000,1629899940000000000,3058,3058,3056,3056,218,383966,384012
2021-08-25 22:00:00.000000000,1629900000000000000,3056,3060,3056,3060,1313,384012,383535
2021-08-25 22:01:00.000000000,1629900060000000000,3060,3060,3056,3060,1043,383535,383798
2021-08-25 22:02:00.000000000,1629900120000000000,3060,3062,3058,3062,1171,383798,383725
2021-08-25 22:03:00.000000000,1629900180000000000,3062,3062,3060,3062,1299,383725,383330
2021-08-25 22:04:00.000000000,1629900240000000000,3062,3062,3058,3060,770,383330,383443
2021-08-25 22:05:00.000000000,1629900300000000000,3060,3062,3056,3058,892,383443,383511
2021-08-25 22:06:00.000000000,1629900360000000000,3058,3060,3056,3060,671,383511,383403
2021-08-25 22:07:00.000000000,1629900420000000000,3060,3060,3056,3056,503,383403,383389
2021-08-25 22:08:00.000000000,1629900480000000000,3056,3058,3056,3058,115,383389,383399
2021-08-25 22:09:00.000000000,1629900540000000000,3058,3058,3054,3056,1012,383399,382989
2021-08-25 22:10:00.000000000,1629900600000000000,3056,3058,3056,3058,431,382989,382838
2021-08-25 22:11:00.000000000,1629900660000000000,3058,3058,3056,3056,253,382838,382870
2021-08-25 22:12:00.000000000,1629900720000000000,3056,3056,3054,3054,331,382870,382992
2021-08-25 22:13:00.000000000,1629900780000000000,3054,3056,3052,3052,575,382992,383026
2021-08-25 22:14:00.000000000,1629900840000000000,3052,3056,3052,3056,674,383026,382902
2021-08-25 22:15:00.000000000,1629900900000000000,3056,3058,3054,3056,714,382902,382900
2021-08-25 22:16:00.000000000,1629900960000000000,3056,3056,3054,3054,103,382900,382896
2021-08-25 22:17:00.000000000,1629901020000000000,3054,3056,3054,3054,205,382896,382874
2021-08-25 22:18:00.000000000,1629901080000000000,3054,3058,3054,3056,316,382874,382850
2021-08-25 22:19:00.000000000,1629901140000000000,3056,3058,3054,3056,381,382850,382817
2021-08-25 22:20:00.000000000,1629901200000000000,3056,3056,3052,3054,737,382817,382843
2021-08-25 22:21:00.000000000,1629901260000000000,3054,3056,3052,3056,711,382843,382847
2021-08-25 22:22:00.000000000,1629901320000000000,3056,3056,3054,3056,49,382847,382831
2021-08-25 22:23:00.000000000,1629901380000000000,3056,3056,3054,3056,53,382831,382836
2021-08-25 22:24:00.000000000,1629901440000000000,3056,3056,3046,3048,3438,382836,382438
2021-08-25 22:25:00.000000000,1629901500000000000,3048,3048,3046,3046,599,382438,382384
2021-08-25 22:26:00.000000000,1629901560000000000,3046,3048,3046,3048,822,382384,382282
2021-08-25 22:27:00.000000000,1629901620000000000,3048,3050,3046,3050,385,382282,382278
2021-08-25 22:28:00.000000000,1629901680000000000,3050,3050,3046,3048,906,382278,382502
2021-08-25 22:29:00.000000000,1629901740000000000,3048,3048,3046,3046,686,382502,382587
2021-08-25 22:30:00.000000000,1629901800000000000,3046,3056,3046,3054,2772,382587,382824
2021-08-25 22:31:00.000000000,1629901860000000000,3054,3058,3054,3056,1572,382824,382587
2021-08-25 22:32:00.000000000,1629901920000000000,3056,3058,3050,3054,1353,382587,382417
2021-08-25 22:33:00.000000000,1629901980000000000,3054,3054,3050,3052,562,382417,382572
2021-08-25 22:34:00.000000000,1629902040000000000,3052,3052,3048,3052,877,382572,382582
2021-08-25 22:35:00.000000000,1629902100000000000,3052,3052,3050,3050,912,382582,382727
2021-08-25 22:36:00.000000000,1629902160000000000,3050,3052,3048,3050,1053,382727,383056
2021-08-25 22:37:00.000000000,1629902220000000000,3050,3052,3050,3050,125,383056,382999
2021-08-25 22:38:00.000000000,1629902280000000000,3050,3052,3050,3050,787,382999,383244
2021-08-25 22:39:00.000000000,1629902340000000000,3050,3052,3050,3052,189,383244,383204
2021-08-25 22:40:00.000000000,1629902400000000000,3052,3058,3052,3058,1359,383204,383160
2021-08-25 22:41:00.000000000,1629902460000000000,3058,3058,3056,3056,577,383160,383077
2021-08-25 22:42:00.000000000,1629902520000000000,3056,3058,3054,3056,817,383077,383071
2021-08-25 22:43:00.000000000,1629902580000000000,3056,3058,3054,3058,312,383071,382994
2021-08-25 22:44:00.000000000,1629902640000000000,3058,3058,3056,3058,160,382994,382976
2021-08-25 22:45:00.000000000,1629902700000000000,3058,3058,3054,3056,645,382976,383084
2021-08-25 22:46:00.000000000,1629902760000000000,3056,3056,3054,3056,595,383084,383120
2021-08-25 22:47:00.000000000,1629902820000000000,3056,3056,3054,3054,363,383120,383112
2021-08-25 22:48:00.000000000,1629902880000000000,3054,3056,3052,3052,352,383112,383223
2021-08-25 22:49:00.000000000,1629902940000000000,3052,3054,3050,3052,1451,383223,383189
2021-08-25 22:50:00.000000000,1629903000000000000,3052,3054,3050,3052,936,383189,383108
2021-08-25 22:51:00.000000000,1629903060000000000,3052,3056,3052,3056,1021,383108,383154
2021-08-25 22:52:00.000000000,1629903120000000000,3056,3056,3052,3052,964,383154,383167
2021-08-25 22:53:00.000000000,1629903180000000000,3052,3054,3050,3050,1202,383167,383365
2021-08-25 22:54:00.000000000,1629903240000000000,3050,3052,3048,3050,1148,383365,383600
2021-08-25 22:55:00.000000000,1629903300000000000,3050,3050,3046,3046,1490,383600,383587
2021-08-25 22:56:00.000000000,1629903360000000000,3046,3050,3046,3048,1300,383587,383392
2021-08-25 22:57:00.000000000,1629903420000000000,3048,3050,3048,3050,721,383392,383618
2021-08-25 22:58:00.000000000,1629903480000000000,3050,3052,3048,3048,1143,383618,383547
2021-08-25 22:59:00.000000000,1629903540000000000,3048,3052,3048,3050,1353,383547,383337
2021-08-26 09:00:00.000000000,1629939600000000000,3060,3062,3054,3056,5976,383337,383547
2021-08-26 09:01:00.000000000,1629939660000000000,3056,3056,3052,3056,1550,383547,383788
2021-08-26 09:02:00.000000000,1629939720000000000,3056,3056,3050,3052,1547,383788,384375
2021-08-26 09:03:00.000000000,1629939780000000000,3052,3058,3050,3056,1850,384375,384417
2021-08-26 09:04:00.000000000,1629939840000000000,3056,3062,3056,3062,1166,384417,384159
2021-08-26 09:05:00.000000000,1629939900000000000,3062,3062,3056,3056,1138,384159,383646
2021-08-26 09:06:00.000000000,1629939960000000000,3056,3058,3056,3056,404,383646,383880
2021-08-26 09:07:00.000000000,1629940020000000000,3056,3058,3054,3056,576,383880,383825
2021-08-26 09:08:00.000000000,1629940080000000000,3056,3056,3052,3052,733,383825,384172
2021-08-26 09:09:00.000000000,1629940140000000000,3052,3054,3046,3048,1596,384172,384375
2021-08-26 09:10:00.000000000,1629940200000000000,3048,3052,3048,3052,1125,384375,384412
2021-08-26 09:11:00.000000000,1629940260000000000,3052,3052,3048,3050,468,384412,384526
2021-08-26 09:12:00.000000000,1629940320000000000,3050,3052,3048,3050,590,384526,384669
2021-08-26 09:13:00.000000000,1629940380000000000,3050,3054,3050,3052,436,384669,384734
2021-08-26 09:14:00.000000000,1629940440000000000,3052,3052,3050,3052,666,384734,384731
2021-08-26 09:15:00.000000000,1629940500000000000,3052,3054,3050,3054,669,384731,384584
2021-08-26 09:16:00.000000000,1629940560000000000,3054,3054,3052,3052,455,384584,384564
2021-08-26 09:17:00.000000000,1629940620000000000,3052,3056,3052,3056,1410,384564,384500
2021-08-26 09:18:00.000000000,1629940680000000000,3056,3060,3056,3056,1134,384500,384646
2021-08-26 09:19:00.000000000,1629940740000000000,3056,3058,3056,3058,683,384646,384439
2021-08-26 09:20:00.000000000,1629940800000000000,3058,3062,3058,3062,2260,384439,384367
2021-08-26 09:21:00.000000000,1629940860000000000,3062,3062,3060,3060,515,384367,384484
2021-08-26 09:22:00.000000000,1629940920000000000,3060,3062,3060,3062,297,384484,384482
2021-08-26 09:23:00.000000000,1629940980000000000,3062,3066,3060,3064,2202,384482,383937
2021-08-26 09:24:00.000000000,1629941040000000000,3064,3064,3060,3060,1501,383937,383629
2021-08-26 09:25:00.000000000,1629941100000000000,3060,3062,3058,3058,562,383629,383665
2021-08-26 09:26:00.000000000,1629941160000000000,3058,3060,3056,3060,1056,383665,383603
2021-08-26 09:27:00.000000000,1629941220000000000,3060,3060,3056,3058,734,383603,383728
2021-08-26 09:28:00.000000000,1629941280000000000,3058,3060,3056,3060,892,383728,383498
2021-08-26 09:29:00.000000000,1629941340000000000,3060,3060,3056,3056,342,383498,383506
2021-08-26 09:30:00.000000000,1629941400000000000,3056,3058,3054,3054,972,383506,384048
2021-08-26 09:31:00.000000000,1629941460000000000,3054,3056,3054,3054,338,384048,384182
2021-08-26 09:32:00.000000000,1629941520000000000,3054,3056,3054,3056,519,384182,384305
2021-08-26 09:33:00.000000000,1629941580000000000,3056,3058,3056,3058,136,384305,384304
2021-08-26 09:34:00.000000000,1629941640000000000,3058,3058,3054,3054,378,384304,384204
2021-08-26 09:35:00.000000000,1629941700000000000,3054,3056,3054,3054,183,384204,384161
2021-08-26 09:36:00.000000000,1629941760000000000,3054,3056,3054,3056,132,384161,384111
2021-08-26 09:37:00.000000000,1629941820000000000,3056,3056,3052,3054,557,384111,384311
2021-08-26 09:38:00.000000000,1629941880000000000,3054,3056,3052,3054,790,384311,384344
2021-08-26 09:39:00.000000000,1629941940000000000,3054,3056,3054,3054,203,384344,384336
2021-08-26 09:40:00.000000000,1629942000000000000,3054,3058,3054,3056,584,384336,384420
2021-08-26 09:41:00.000000000,1629942060000000000,3056,3058,3054,3058,446,384420,384241
2021-08-26 09:42:00.000000000,1629942120000000000,3058,3058,3056,3058,365,384241,384349
2021-08-26 09:43:00.000000000,1629942180000000000,3058,3060,3056,3058,290,384349,384267
2021-08-26 09:44:00.000000000,1629942240000000000,3058,3058,3056,3058,289,384267,384277
2021-08-26 09:45:00.000000000,1629942300000000000,3058,3060,3056,3058,227,384277,384262
2021-08-26 09:46:00.000000000,1629942360000000000,3058,3058,3054,3056,521,384262,384422
2021-08-26 09:47:00.000000000,1629942420000000000,3056,3058,3054,3058,593,384422,384474
2021-08-26 09:48:00.000000000,1629942480000000000,3058,3058,3056,3056,171,384474,384528
2021-08-26 09:49:00.000000000,1629942540000000000,3056,3058,3056,3058,355,384528,384677
2021-08-26 09:50:00.000000000,1629942600000000000,3058,3060,3056,3060,492,384677,384548
2021-08-26 09:51:00.000000000,1629942660000000000,3060,3060,3058,3058,260,384548,384536
2021-08-26 09:52:00.000000000,1629942720000000000,3058,3060,3058,3060,551,384536,384729
2021-08-26 09:53:00.000000000,1629942780000000000,3060,3062,3060,3062,728,384729,384505
2021-08-26 09:54:00.000000000,1629942840000000000,3062,3064,3060,3064,730,384505,384587
2021-08-26 09:55:00.000000000,1629942900000000000,3064,3066,3060,3064,2697,384587,384511
2021-08-26 09:56:00.000000000,1629942960000000000,3064,3066,3062,3066,1619,384511,384063
2021-08-26 09:57:00.000000000,1629943020000000000,3066,3066,3064,3066,607,384063,383883
2021-08-26 09:58:00.000000000,1629943080000000000,3066,3066,3062,3064,717,383883,383946
2021-08-26 09:59:00.000000000,1629943140000000000,3064,3066,3062,3066,789,383946,383786
2021-08-26 10:00:00.000000000,1629943200000000000,3066,3068,3064,3066,1512,383786,383392
2021-08-26 10:01:00.000000000,1629943260000000000,3066,3068,3062,3064,643,383392,383468
2021-08-26 10:02:00.000000000,1629943320000000000,3064,3064,3060,3062,725,383468,383362
2021-08-26 10:03:00.000000000,1629943380000000000,3062,3062,3056,3056,1135,383362,383196
2021-08-26 10:04:00.000000000,1629943440000000000,3056,3058,3052,3052,2889,383196,382498
2021-08-26 10:05:00.000000000,1629943500000000000,3052,3054,3052,3054,992,382498,382381
2021-08-26 10:06:00.000000000,1629943560000000000,3054,3054,3050,3052,1072,382381,382550
2021-08-26 10:07:00.000000000,1629943620000000000,3052,3054,3050,3050,1164,382550,382228
2021-08-26 10:08:00.000000000,1629943680000000000,3050,3052,3048,3050,1961,382228,382156
2021-08-26 10:09:00.000000000,1629943740000000000,3050,3052,3048,3050,1075,382156,382248
2021-08-26 10:10:00.000000000,1629943800000000000,3050,3052,3048,3050,736,382248,382205
2021-08-26 10:11:00.000000000,1629943860000000000,3050,3052,3050,3050,1011,382205,382234
2021-08-26 10:12:00.000000000,1629943920000000000,3050,3052,3048,3050,649,382234,382437
2021-08-26 10:13:00.000000000,1629943980000000000,3050,3052,3050,3050,566,382437,382560
2021-08-26 10:14:00.000000000,1629944040000000000,3050,3052,3048,3050,865,382560,382469
2021-08-26 10:30:00.000000000,1629945000000000000,3048,3050,3046,3046,1928,382469,382651
2021-08-26 10:31:00.000000000,1629945060000000000,3046,3048,3042,3042,1734,382651,382352
2021-08-26 10:32:00.000000000,1629945120000000000,3042,3046,3042,3046,906,382352,382478
2021-08-26 10:33:00.000000000,1629945180000000000,3046,3048,3044,3048,701,382478,382433
2021-08-26 10:34:00.000000000,1629945240000000000,3048,3048,3046,3048,562,382433,382525
2021-08-26 10:35:00.000000000,1629945300000000000,3048,3050,3046,3048,486,382525,382378
2021-08-26 10:36:00.000000000,1629945360000000000,3048,3052,3046,3050,874,382378,382485
2021-08-26 10:37:00.000000000,1629945420000000000,3050,3052,3048,3050,815,382485,382258
2021-08-26 10:38:00.000000000,1629945480000000000,3050,3052,3050,3052,223,382258,382214
2021-08-26 10:39:00.000000000,1629945540000000000,3052,3054,3050,3054,601,382214,382137
2021-08-26 10:40:00.000000000,1629945600000000000,3054,3054,3052,3052,133,382137,382132
2021-08-26 10:41:00.000000000,1629945660000000000,3052,3054,3052,3052,69,382132,382164
2021-08-26 10:42:00.000000000,1629945720000000000,3052,3054,3052,3054,201,382164,382159
2021-08-26 10:43:00.000000000,1629945780000000000,3054,3054,3052,3054,156,382159,382206
2021-08-26 10:44:00.000000000,1629945840000000000,3054,3054,3052,3052,269,382206,382151
2021-08-26 10:45:00.000000000,1629945900000000000,3052,3054,3050,3052,530,382151,382162
2021-08-26 10:46:00.000000000,1629945960000000000,3052,3052,3048,3048,927,382162,382010
2021-08-26 10:47:00.000000000,1629946020000000000,3048,3052,3048,3050,611,382010,382095
2021-08-26 10:48:00.000000000,1629946080000000000,3050,3054,3050,3052,419,382095,382200
2021-08-26 10:49:00.000000000,1629946140000000000,3052,3056,3052,3056,490,382200,382211
2021-08-26 10:50:00.000000000,1629946200000000000,3056,3056,3052,3054,710,382211,382276
2021-08-26 10:51:00.000000000,1629946260000000000,3054,3058,3054,3056,887,382276,382490
2021-08-26 10:52:00.000000000,1629946320000000000,3056,3058,3056,3056,3160,382490,384107
2021-08-26 10:53:00.000000000,1629946380000000000,3056,3058,3054,3056,404,384107,383823
2021-08-26 10:54:00.000000000,1629946440000000000,3056,3056,3054,3054,168,383823,383733
2021-08-26 10:55:00.000000000,1629946500000000000,3054,3058,3054,3058,777,383733,383797
2021-08-26 10:56:00.000000000,1629946560000000000,3058,3058,3056,3056,157,383797,383833
2021-08-26 10:57:00.000000000,1629946620000000000,3056,3060,3056,3060,1097,383833,383558
2021-08-26 10:58:00.000000000,1629946680000000000,3060,3060,3058,3060,226,383558,383529
2021-08-26 10:59:00.000000000,1629946740000000000,3060,3060,3056,3058,893,383529,383504
2021-08-26 11:00:00.000000000,1629946800000000000,3058,3060,3056,3058,938,383504,383434
2021-08-26 11:01:00.000000000,1629946860000000000,3058,3060,3056,3058,820,383434,383499
2021-08-26 11:02:00.000000000,1629946920000000000,3058,3058,3056,3058,440,383499,383270
2021-08-26 11:03:00.000000000,1629946980000000000,3058,3058,3056,3058,270,383270,383184
2021-08-26 11:04:00.000000000,1629947040000000000,3058,3058,3054,3056,609,383184,383208
2021-08-26 11:05:00.000000000,1629947100000000000,3056,3056,3052,3052,606,383208,382888
2021-08-26 11:06:00.000000000,1629947160000000000,3052,3056,3052,3056,492,382888,383013
2021-08-26 11:07:00.000000000,1629947220000000000,3056,3056,3054,3054,142,383013,383076
2021-08-26 11:08:00.000000000,1629947280000000000,3054,3056,3054,3054,114,383076,383083
2021-08-26 11:09:00.000000000,1629947340000000000,3054,3056,3054,3054,229,383083,383046
2021-08-26 11:10:00.000000000,1629947400000000000,3054,3054,3052,3052,451,383046,383004
2021-08-26 11:11:00.000000000,1629947460000000000,3052,3056,3052,3054,640,383004,383023
2021-08-26 11:12:00.000000000,1629947520000000000,3054,3056,3052,3052,328,383023,382869
2021-08-26 11:13:00.000000000,1629947580000000000,3052,3054,3050,3052,929,382869,382830
2021-08-26 11:14:00.000000000,1629947640000000000,3052,3052,3050,3050,278,382830,382676
2021-08-26 11:15:00.000000000,1629947700000000000,3050,3052,3050,3050,72,382676,382690
2021-08-26 11:16:00.000000000,1629947760000000000,3050,3052,3050,3050,51,382690,382705
2021-08-26 11:17:00.000000000,1629947820000000000,3050,3052,3050,3052,57,382705,382700
2021-08-26 11:18:00.000000000,1629947880000000000,3052,3052,3048,3048,831,382700,382729
2021-08-26 11:19:00.000000000,1629947940000000000,3048,3050,3046,3046,796,382729,382852
2021-08-26 11:20:00.000000000,1629948000000000000,3046,3048,3046,3048,1424,382852,382875
2021-08-26 11:21:00.000000000,1629948060000000000,3048,3048,3046,3048,817,382875,382978
2021-08-26 11:22:00.000000000,1629948120000000000,3048,3048,3044,3044,857,382978,382913
2021-08-26 11:23:00.000000000,1629948180000000000,3044,3046,3044,3044,299,382913,382994
2021-08-26 11:24:00.000000000,1629948240000000000,3044,3046,3044,3044,437,382994,383231
2021-08-26 11:25:00.000000000,1629948300000000000,3044,3046,3042,3042,1128,383231,383694
2021-08-26 11:26:00.000000000,1629948360000000000,3042,3046,3042,3046,884,383694,384157
2021-08-26 11:27:00.000000000,1629948420000000000,3046,3046,3042,3044,1251,384157,384237
2021-08-26 11:28:00.000000000,1629948480000000000,3044,3046,3044,3044,569,384237,384386
2021-08-26 11:29:00.000000000,1629948540000000000,3044,3046,3042,3044,1011,384386,384395
2021-08-26 13:30:00.000000000,1629955800000000000,3044,3044,3038,3040,3172,384395,384663
2021-08-26 13:31:00.000000000,1629955860000000000,3040,3042,3038,3042,803,384663,384527
2021-08-26 13:32:00.000000000,1629955920000000000,3042,3044,3040,3042,520,384527,384697
2021-08-26 13:33:00.000000000,1629955980000000000,3042,3046,3042,3046,734,384697,384630
2021-08-26 13:34:00.000000000,1629956040000000000,3046,3050,3044,3050,955,384630,384400
2021-08-26 13:35:00.000000000,1629956100000000000,3050,3050,3046,3048,847,384400,384566
2021-08-26 13:36:00.000000000,1629956160000000000,3048,3048,3046,3046,144,384566,384655
2021-08-26 13:37:00.000000000,1629956220000000000,3046,3052,3046,3050,1219,384655,384927
2021-08-26 13:38:00.000000000,1629956280000000000,3050,3052,3050,3052,163,384927,384949
2021-08-26 13:39:00.000000000,1629956340000000000,3052,3052,3050,3052,937,384949,384883
2021-08-26 13:40:00.000000000,1629956400000000000,3052,3054,3050,3052,1567,384883,384722
2021-08-26 13:41:00.000000000,1629956460000000000,3052,3056,3052,3056,712,384722,384656
2021-08-26 13:42:00.000000000,1629956520000000000,3056,3056,3054,3054,332,384656,384640
2021-08-26 13:43:00.000000000,1629956580000000000,3054,3056,3054,3054,411,384640,384592
2021-08-26 13:44:00.000000000,1629956640000000000,3054,3056,3054,3056,535,384592,384639
2021-08-26 13:45:00.000000000,1629956700000000000,3056,3056,3052,3052,1204,384639,384612
2021-08-26 13:46:00.000000000,1629956760000000000,3052,3054,3052,3054,207,384612,384567
2021-08-26 13:47:00.000000000,1629956820000000000,3054,3056,3052,3054,3203,384567,384974
2021-08-26 13:48:00.000000000,1629956880000000000,3054,3058,3054,3058,1180,384974,384779
2021-08-26 13:49:00.000000000,1629956940000000000,3058,3058,3054,3056,597,384779,385058
2021-08-26 13:50:00.000000000,1629957000000000000,3056,3056,3054,3054,1165,385058,385121
2021-08-26 13:51:00.000000000,1629957060000000000,3054,3056,3054,3054,122,385121,385089
2021-08-26 13:52:00.000000000,1629957120000000000,3054,3056,3052,3052,402,385089,385180
2021-08-26 13:53:00.000000000,1629957180000000000,3052,3054,3052,3052,201,385180,385189
2021-08-26 13:54:00.000000000,1629957240000000000,3052,3054,3052,3052,109,385189,385145
2021-08-26 13:55:00.000000000,1629957300000000000,3052,3054,3052,3052,429,385145,384972
2021-08-26 13:56:00.000000000,1629957360000000000,3052,3052,3050,3052,216,384972,384929
2021-08-26 13:57:00.000000000,1629957420000000000,3052,3054,3050,3054,441,384929,385074
2021-08-26 13:58:00.000000000,1629957480000000000,3054,3054,3052,3054,1281,385074,385032
2021-08-26 13:59:00.000000000,1629957540000000000,3054,3056,3052,3056,457,385032,385071
2021-08-26 14:00:00.000000000,1629957600000000000,3056,3056,3054,3056,193,385071,385007
2021-08-26 14:01:00.000000000,1629957660000000000,3056,3056,3054,3056,81,385007,385053
2021-08-26 14:02:00.000000000,1629957720000000000,3056,3056,3050,3052,1227,385053,385119
2021-08-26 14:03:00.000000000,1629957780000000000,3052,3052,3050,3052,166,385119,385153
2021-08-26 14:04:00.000000000,1629957840000000000,3052,3054,3050,3052,461,385153,384997
2021-08-26 14:05:00.000000000,1629957900000000000,3052,3054,3052,3052,127,384997,384955
2021-08-26 14:06:00.000000000,1629957960000000000,3052,3052,3050,3052,481,384955,385003
2021-08-26 14:07:00.000000000,1629958020000000000,3052,3052,3050,3050,456,385003,384911
2021-08-26 14:08:00.000000000,1629958080000000000,3050,3050,3048,3050,1146,384911,384851
2021-08-26 14:09:00.000000000,1629958140000000000,3050,3050,3048,3050,642,384851,384989
2021-08-26 14:10:00.000000000,1629958200000000000,3050,3050,3046,3048,1234,384989,385201
2021-08-26 14:11:00.000000000,1629958260000000000,3048,3048,3046,3046,75,385201,385170
2021-08-26 14:12:00.000000000,1629958320000000000,3046,3050,3046,3050,1034,385170,385013
2021-08-26 14:13:00.000000000,1629958380000000000,3050,3050,3048,3050,493,385013,385289
2021-08-26 14:14:00.000000000,1629958440000000000,3050,3052,3050,3050,1043,385289,385279
2021-08-26 14:15:00.000000000,1629958500000000000,3050,3052,3048,3052,1367,385279,384987
2021-08-26 14:16:00.000000000,1629958560000000000,3052,3054,3052,3054,89,384987,384948
2021-08-26 14:17:00.000000000,1629958620000000000,3054,3054,3052,3052,102,384948,384896
2021-08-26 14:18:00.000000000,1629958680000000000,3052,3054,3052,3052,124,384896,384901
2021-08-26 14:19:00.000000000,1629958740000000000,3052,3056,3052,3056,992,384901,385093
2021-08-26 14:20:00.000000000,1629958800000000000,3056,3058,3054,3056,992,385093,385249
2021-08-26 14:21:00.000000000,1629958860000000000,3056,3056,3054,3056,160,385249,385204
2021-08-26 14:22:00.000000000,1629958920000000000,3056,3056,3052,3052,447,385204,385155
2021-08-26 14:23:00.000000000,1629958980000000000,3052,3054,3052,3052,55,385155,385145
2021-08-26 14:24:00.000000000,1629959040000000000,3052,3054,3052,3052,64,385145,385151
2021-08-26 14:25:00.000000000,1629959100000000000,3052,3054,3052,3054,251,385151,385196
2021-08-26 14:26:00.000000000,1629959160000000000,3054,3054,3052,3054,240,385196,385217
2021-08-26 14:27:00.000000000,1629959220000000000,3054,3054,3050,3052,699,385217,384870
2021-08-26 14:28:00.000000000,1629959280000000000,3052,3052,3050,3050,146,384870,384807
2021-08-26 14:29:00.000000000,1629959340000000000,3050,3054,3050,3052,866,384807,385110
2021-08-26 14:30:00.000000000,1629959400000000000,3052,3054,3050,3054,405,385110,385053
2021-08-26 14:31:00.000000000,1629959460000000000,3054,3054,3052,3052,269,385053,385076
2021-08-26 14:32:00.000000000,1629959520000000000,3052,3056,3050,3056,1217,385076,385008
2021-08-26 14:33:00.000000000,1629959580000000000,3056,3056,3054,3056,479,385008,384876
2021-08-26 14:34:00.000000000,1629959640000000000,3056,3056,3054,3054,804,384876,384647
2021-08-26 14:35:00.000000000,1629959700000000000,3054,3056,3054,3054,636,384647,384611
2021-08-26 14:36:00.000000000,1629959760000000000,3054,3056,3052,3054,935,384611,384532
2021-08-26 14:37:00.000000000,1629959820000000000,3054,3054,3052,3052,176,384532,384566
2021-08-26 14:38:00.000000000,1629959880000000000,3052,3060,3052,3058,2513,384566,383855
2021-08-26 14:39:00.000000000,1629959940000000000,3058,3062,3058,3062,1542,383855,383729
2021-08-26 14:40:00.000000000,1629960000000000000,3062,3062,3058,3058,772,383729,383534
2021-08-26 14:41:00.000000000,1629960060000000000,3058,3060,3056,3056,1025,383534,383832
2021-08-26 14:42:00.000000000,1629960120000000000,3056,3060,3056,3056,906,383832,383960
2021-08-26 14:43:00.000000000,1629960180000000000,3056,3058,3056,3056,620,383960,383679
2021-08-26 14:44:00.000000000,1629960240000000000,3056,3058,3054,3054,699,383679,383648
2021-08-26 14:45:00.000000000,1629960300000000000,3054,3056,3052,3052,538,383648,383681
2021-08-26 14:46:00.000000000,1629960360000000000,3052,3056,3052,3056,809,383681,383311
2021-08-26 14:47:00.000000000,1629960420000000000,3056,3056,3054,3056,740,383311,382993
2021-08-26 14:48:00.000000000,1629960480000000000,3056,3056,3054,3056,496,382993,382730
2021-08-26 14:49:00.000000000,1629960540000000000,3056,3056,3054,3054,947,382730,382763
2021-08-26 14:50:00.000000000,1629960600000000000,3054,3058,3054,3056,1717,382763,382997
2021-08-26 14:51:00.000000000,1629960660000000000,3056,3058,3052,3052,724,382997,383157
2021-08-26 14:52:00.000000000,1629960720000000000,3052,3054,3052,3054,524,383157,383198
2021-08-26 14:53:00.000000000,1629960780000000000,3054,3054,3048,3048,1527,383198,383666
2021-08-26 14:54:00.000000000,1629960840000000000,3048,3052,3048,3048,1824,383666,384348
2021-08-26 14:55:00.000000000,1629960900000000000,3048,3050,3046,3046,1356,384348,384385
2021-08-26 14:56:00.000000000,1629960960000000000,3046,3048,3046,3046,746,384385,384509
2021-08-26 14:57:00.000000000,1629961020000000000,3046,3048,3044,3044,1383,384509,384580
2021-08-26 14:58:00.000000000,1629961080000000000,3044,3046,3044,3046,1830,384580,384230
2021-08-26 14:59:00.000000000,1629961140000000000,3046,3046,3040,3040,3501,384230,384705
2021-08-26 21:00:00.000000000,1629982800000000000,3028,3030,3020,3026,11948,384705,385023
2021-08-26 21:01:00.000000000,1629982860000000000,3026,3028,3016,3018,7930,385023,386558
2021-08-26 21:02:00.000000000,1629982920000000000,3018,3022,3010,3022,6717,386558,387561
2021-08-26 21:03:00.000000000,1629982980000000000,3022,3028,3014,3028,6297,387561,386404
2021-08-26 21:04:00.000000000,1629983040000000000,3028,3030,3024,3030,5589,386404,385091
2021-08-26 21:05:00.000000000,1629983100000000000,3030,3036,3026,3036,4655,385091,384587
2021-08-26 21:06:00.000000000,1629983160000000000,3036,3038,3034,3034,2256,384587,384191
2021-08-26 21:07:00.000000000,1629983220000000000,3034,3042,3034,3040,4574,384191,384634
2021-08-26 21:08:00.000000000,1629983280000000000,3040,3044,3040,3040,3685,384634,384159
2021-08-26 21:09:00.000000000,1629983340000000000,3040,3048,3040,3048,2121,384159,383905
2021-08-26 21:10:00.000000000,1629983400000000000,3048,3050,3046,3050,1560,383905,384295
2021-08-26 21:11:00.000000000,1629983460000000000,3050,3052,3048,3050,2459,384295,384423
2021-08-26 21:12:00.000000000,1629983520000000000,3050,3056,3050,3054,4239,384423,384242
2021-08-26 21:13:00.000000000,1629983580000000000,3054,3054,3048,3050,2383,384242,384128
2021-08-26 21:14:00.000000000,1629983640000000000,3050,3052,3048,3050,1590,384128,383982
2021-08-26 21:15:00.000000000,1629983700000000000,3050,3060,3048,3056,6547,383982,384732
2021-08-26 21:16:00.000000000,1629983760000000000,3056,3058,3048,3050,3716,384732,384404
2021-08-26 21:17:00.000000000,1629983820000000000,3050,3054,3048,3052,3152,384404,384567
2021-08-26 21:18:00.000000000,1629983880000000000,3052,3058,3050,3056,3051,384567,384645
2021-08-26 21:19:00.000000000,1629983940000000000,3056,3058,3050,3050,1928,384645,384839
2021-08-26 21:20:00.000000000,1629984000000000000,3050,3056,3050,3052,2062,384839,384777
2021-08-26 21:21:00.000000000,1629984060000000000,3052,3056,3050,3054,2406,384777,384889
2021-08-26 21:22:00.000000000,1629984120000000000,3054,3054,3050,3050,2909,384889,385105
2021-08-26 21:23:00.000000000,1629984180000000000,3050,3052,3044,3048,3017,385105,384852
2021-08-26 21:24:00.000000000,1629984240000000000,3048,3050,3046,3046,1818,384852,384899
2021-08-26 21:25:00.000000000,1629984300000000000,3046,3052,3046,3052,2047,384899,385506
2021-08-26 21:26:00.000000000,1629984360000000000,3052,3054,3050,3052,715,385506,385793
2021-08-26 21:27:00.000000000,1629984420000000000,3052,3054,3050,3050,638,385793,385799
2021-08-26 21:28:00.000000000,1629984480000000000,3050,3052,3050,3052,751,385799,385788
2021-08-26 21:29:00.000000000,1629984540000000000,3052,3058,3052,3058,4067,385788,385256
2021-08-26 21:30:00.000000000,1629984600000000000,3058,3062,3056,3062,5050,385256,385437
2021-08-26 21:31:00.000000000,1629984660000000000,3062,3062,3058,3060,1692,385437,385700
2021-08-26 21:32:00.000000000,1629984720000000000,3060,3060,3052,3052,2772,385700,385449
2021-08-26 21:33:00.000000000,1629984780000000000,3052,3056,3050,3052,1762,385449,385697
2021-08-26 21:34:00.000000000,1629984840000000000,3052,3056,3050,3056,1895,385697,385943
2021-08-26 21:35:00.000000000,1629984900000000000,3056,3056,3050,3052,2297,385943,386277
2021-08-26 21:36:00.000000000,1629984960000000000,3052,3052,3050,3052,1211,386277,386130
2021-08-26 21:37:00.000000000,1629985020000000000,3052,3056,3052,3056,1231,386130,385952
2021-08-26 21:38:00.000000000,1629985080000000000,3056,3058,3054,3058,1179,385952,385616
2021-08-26 21:39:00.000000000,1629985140000000000,3058,3058,3056,3058,1574,385616,385464
2021-08-26 21:40:00.000000000,1629985200000000000,3058,3060,3056,3058,1315,385464,385812
2021-08-26 21:41:00.000000000,1629985260000000000,3058,3060,3056,3060,1090,385812,386321
2021-08-26 21:42:00.000000000,1629985320000000000,3060,3062,3058,3062,3191,386321,386878
2021-08-26 21:43:00.000000000,1629985380000000000,3062,3064,3060,3062,2281,386878,386992
2021-08-26 21:44:00.000000000,1629985440000000000,3062,3064,3060,3064,2077,386992,387194
2021-08-26 21:45:00.000000000,1629985500000000000,3064,3068,3062,3066,4183,387194,386615
2021-08-26 21:46:00.000000000,1629985560000000000,3066,3068,3066,3068,1713,386615,386678
2021-08-26 21:47:00.000000000,1629985620000000000,3068,3068,3064,3064,1624,386678,386763
2021-08-26 21:48:00.000000000,1629985680000000000,3064,3066,3062,3064,1504,386763,386296
2021-08-26 21:49:00.000000000,1629985740000000000,3064,3068,3062,3066,2050,386296,386106
2021-08-26 21:50:00.000000000,1629985800000000000,3066,3068,3066,3066,834,386106,386099
2021-08-26 21:51:00.000000000,1629985860000000000,3066,3068,3064,3064,1382,386099,386163
2021-08-26 21:52:00.000000000,1629985920000000000,3064,3068,3064,3064,943,386163,386313
2021-08-26 21:53:00.000000000,1629985980000000000,3064,3066,3064,3064,393,386313,386422
2021-08-26 21:54:00.000000000,1629986040000000000,3064,3068,3064,3066,701,386422,386483
2021-08-26 21:55:00.000000000,1629986100000000000,3066,3068,3066,3068,428,386483,386471
2021-08-26 21:56:00.000000000,1629986160000000000,3068,3068,3064,3064,1425,386471,386723
2021-08-26 21:57:00.000000000,1629986220000000000,3064,3068,3064,3066,769,386723,386688
2021-08-26 21:58:00.000000000,1629986280000000000,3066,3068,3066,3068,394,386688,386804
2021-08-26 21:59:00.000000000,1629986340000000000,3068,3078,3066,3074,5031,386804,386471
2021-08-26 22:00:00.000000000,1629986400000000000,3074,3082,3074,3078,6412,386471,386227
2021-08-26 22:01:00.000000000,1629986460000000000,3078,3082,3074,3074,2353,386227,386249
2021-08-26 22:02:00.000000000,1629986520000000000,3074,3090,3074,3090,6448,386249,386440
2021-08-26 22:03:00.000000000,1629986580000000000,3090,3092,3082,3090,6900,386440,386233
2021-08-26 22:04:00.000000000,1629986640000000000,3090,3092,3086,3090,3790,386233,386047
2021-08-26 22:05:00.000000000,1629986700000000000,3090,3092,3086,3086,2257,386047,386009
2021-08-26 22:06:00.000000000,1629986760000000000,3086,3090,3086,3086,2295,386009,385871
2021-08-26 22:07:00.000000000,1629986820000000000,3086,3092,3086,3090,2125,385871,386292
2021-08-26 22:08:00.000000000,1629986880000000000,3090,3092,3088,3090,1280,386292,386242
2021-08-26 22:09:00.000000000,1629986940000000000,3090,3092,3088,3088,1281,386242,386048
2021-08-26 22:10:00.000000000,1629987000000000000,3088,3098,3088,3098,5192,386048,386297
2021-08-26 22:11:00.000000000,1629987060000000000,3098,3098,3092,3096,4292,386297,386471
2021-08-26 22:12:00.000000000,1629987120000000000,3096,3100,3096,3100,3351,386471,386134
2021-08-26 22:13:00.000000000,1629987180000000000,3100,3102,3096,3098,4373,386134,386631
2021-08-26 22:14:00.000000000,1629987240000000000,3098,3098,3092,3092,3818,386631,385879
2021-08-26 22:15:00.000000000,1629987300000000000,3092,3094,3088,3090,3762,385879,385611
2021-08-26 22:16:00.000000000,1629987360000000000,3090,3090,3086,3088,2190,385611,385344
2021-08-26 22:17:00.000000000,1629987420000000000,3088,3088,3080,3080,3471,385344,385248
2021-08-26 22:18:00.000000000,1629987480000000000,3080,3086,3080,3086,1982,385248,385270
2021-08-26 22:19:00.000000000,1629987540000000000,3086,3086,3078,3078,2939,385270,385823
2021-08-26 22:20:00.000000000,1629987600000000000,3078,3086,3078,3086,2566,385823,386205
2021-08-26 22:21:00.000000000,1629987660000000000,3086,3090,3086,3088,1072,386205,386412
2021-08-26 22:22:00.000000000,1629987720000000000,3088,3094,3088,3094,2001,386412,386868
2021-08-26 22:23:00.000000000,1629987780000000000,3094,3094,3088,3088,2359,386868,387160
2021-08-26 22:24:00.000000000,1629987840000000000,3088,3090,3086,3086,1229,387160,387049
2021-08-26 22:25:00.000000000,1629987900000000000,3086,3088,3084,3084,1162,387049,386956
2021-08-26 22:26:00.000000000,1629987960000000000,3084,3086,3084,3086,884,386956,387044
2021-08-26 22:27:00.000000000,1629988020000000000,3086,3088,3084,3088,1095,387044,387075
2021-08-26 22:28:00.000000000,1629988080000000000,3088,3088,3084,3084,622,387075,386723
2021-08-26 22:29:00.000000000,1629988140000000000,3084,3088,3084,3086,612,386723,386354
2021-08-26 22:30:00.000000000,1629988200000000000,3086,3088,3086,3088,368,386354,386232
2021-08-26 22:31:00.000000000,1629988260000000000,3088,3092,3088,3090,1683,386232,386756
2021-08-26 22:32:00.000000000,1629988320000000000,3090,3094,3090,3092,1517,386756,386781
2021-08-26 22:33:00.000000000,1629988380000000000,3092,3092,3088,3090,2788,386781,386588
2021-08-26 22:34:00.000000000,1629988440000000000,3090,3092,3086,3088,1032,386588,386685
2021-08-26 22:35:00.000000000,1629988500000000000,3088,3094,3088,3092,1413,386685,386565
2021-08-26 22:36:00.000000000,1629988560000000000,3092,3094,3090,3092,1248,386565,386506
2021-08-26 22:37:00.000000000,1629988620000000000,3092,3096,3092,3094,2428,386506,386747
2021-08-26 22:38:00.000000000,1629988680000000000,3094,3098,3094,3096,2134,386747,386803
2021-08-26 22:39:00.000000000,1629988740000000000,3096,3098,3092,3092,1437,386803,387108
2021-08-26 22:40:00.000000000,1629988800000000000,3092,3098,3092,3098,1021,387108,387144
2021-08-26 22:41:00.000000000,1629988860000000000,3098,3098,3092,3094,2482,387144,387215
2021-08-26 22:42:00.000000000,1629988920000000000,3094,3096,3092,3094,850,387215,387244
2021-08-26 22:43:00.000000000,1629988980000000000,3094,3094,3090,3090,1592,387244,387171
2021-08-26 22:44:00.000000000,1629989040000000000,3090,3092,3090,3090,1144,387171,387049
2021-08-26 22:45:00.000000000,1629989100000000000,3090,3094,3090,3094,1228,387049,387401
2021-08-26 22:46:00.000000000,1629989160000000000,3094,3096,3092,3094,1543,387401,387430
2021-08-26 22:47:00.000000000,1629989220000000000,3094,3094,3088,3088,1530,387430,387352
2021-08-26 22:48:00.000000000,1629989280000000000,3088,3090,3086,3088,2088,387352,387360
2021-08-26 22:49:00.000000000,1629989340000000000,3088,3088,3082,3086,1603,387360,386768
2021-08-26 22:50:00.000000000,1629989400000000000,3086,3088,3084,3088,642,386768,386870
2021-08-26 22:51:00.000000000,1629989460000000000,3088,3088,3084,3088,1091,386870,387171
2021-08-26 22:52:00.000000000,1629989520000000000,3088,3088,3086,3088,913,387171,387310
2021-08-26 22:53:00.000000000,1629989580000000000,3088,3090,3088,3090,824,387310,387208
2021-08-26 22:54:00.000000000,1629989640000000000,3090,3090,3086,3088,492,387208,387167
2021-08-26 22:55:00.000000000,1629989700000000000,3088,3088,3084,3086,1330,387167,386844
2021-08-26 22:56:00.000000000,1629989760000000000,3086,3090,3086,3086,2399,386844,386873
2021-08-26 22:57:00.000000000,1629989820000000000,3086,3086,3082,3082,1573,386873,386711
2021-08-26 22:58:00.000000000,1629989880000000000,3082,3086,3082,3084,2018,386711,386542
2021-08-26 22:59:00.000000000,1629989940000000000,3084,3090,3084,3088,2951,386542,385299
2021-08-27 09:00:00.000000000,1630026000000000000,3086,3090,3084,3086,4059,385299,384795
2021-08-27 09:01:00.000000000,1630026060000000000,3086,3090,3084,3088,2456,384795,384560
2021-08-27 09:02:00.000000000,1630026120000000000,3088,3092,3086,3092,2100,384560,384500
2021-08-27 09:03:00.000000000,1630026180000000000,3092,3094,3090,3092,3054,384500,384495
2021-08-27 09:04:00.000000000,1630026240000000000,3092,3096,3090,3092,1725,384495,384693
2021-08-27 09:05:00.000000000,1630026300000000000,3092,3096,3092,3096,1669,384693,384649
2021-08-27 09:06:00.000000000,1630026360000000000,3096,3096,3092,3094,1290,384649,384901
2021-08-27 09:07:00.000000000,1630026420000000000,3094,3094,3090,3094,1384,384901,385010
2021-08-27 09:08:00.000000000,1630026480000000000,3094,3096,3092,3096,1689,385010,385179
2021-08-27 09:09:00.000000000,1630026540000000000,3096,3098,3096,3098,2059,385179,385273
2021-08-27 09:10:00.000000000,1630026600000000000,3098,3102,3096,3100,7166,385273,385730
2021-08-27 09:11:00.000000000,1630026660000000000,3100,3100,3098,3100,1319,385730,385859
2021-08-27 09:12:00.000000000,1630026720000000000,3100,3102,3094,3096,1859,385859,385559
2021-08-27 09:13:00.000000000,1630026780000000000,3096,3096,3092,3092,1104,385559,385729
2021-08-27 09:14:00.000000000,1630026840000000000,3092,3096,3086,3088,3562,385729,386216
2021-08-27 09:15:00.000000000,1630026900000000000,3088,3096,3086,3094,2343,386216,385705
2021-08-27 09:16:00.000000000,1630026960000000000,3094,3120,3094,3116,13379,385705,387021
2021-08-27 09:17:00.000000000,1630027020000000000,3116,3118,3108,3114,6695,387021,387620
2021-08-27 09:18:00.000000000,1630027080000000000,3114,3118,3112,3112,6196,387620,388096
2021-08-27 09:19:00.000000000,1630027140000000000,3112,3122,3112,3116,7720,388096,388025
2021-08-27 09:20:00.000000000,1630027200000000000,3116,3120,3112,3114,4180,388025,388231
2021-08-27 09:21:00.000000000,1630027260000000000,3114,3114,3108,3108,4272,388231,389106
2021-08-27 09:22:00.000000000,1630027320000000000,3108,3110,3104,3110,3505,389106,389195
2021-08-27 09:23:00.000000000,1630027380000000000,3110,3110,3106,3108,2756,389195,388661
2021-08-27 09:24:00.000000000,1630027440000000000,3108,3116,3108,3114,2212,388661,388521
2021-08-27 09:25:00.000000000,1630027500000000000,3114,3120,3114,3120,3766,388521,388331
2021-08-27 09:26:00.000000000,1630027560000000000,3120,3120,3116,3118,2867,388331,388992
2021-08-27 09:27:00.000000000,1630027620000000000,3118,3120,3116,3118,2058,388992,388676
2021-08-27 09:28:00.000000000,1630027680000000000,3118,3120,3116,3116,2461,388676,388884
2021-08-27 09:29:00.000000000,1630027740000000000,3116,3124,3116,3120,5047,388884,388630
2021-08-27 09:30:00.000000000,1630027800000000000,3120,3132,3120,3126,10348,388630,388078
2021-08-27 09:31:00.000000000,1630027860000000000,3126,3130,3124,3126,2954,388078,388451
2021-08-27 09:32:00.000000000,1630027920000000000,3126,3130,3126,3126,2700,388451,388417
2021-08-27 09:33:00.000000000,1630027980000000000,3126,3134,3126,3132,3841,388417,388514
2021-08-27 09:34:00.000000000,1630028040000000000,3132,3138,3130,3138,3961,388514,387710
2021-08-27 09:35:00.000000000,1630028100000000000,3138,3138,3132,3134,4494,387710,387459
2021-08-27 09:36:00.000000000,1630028160000000000,3134,3134,3130,3132,2524,387459,387488
2021-08-27 09:37:00.000000000,1630028220000000000,3132,3132,3128,3128,2367,387488,387232
2021-08-27 09:38:00.000000000,1630028280000000000,3128,3130,3120,3120,4736,387232,387678
2021-08-27 09:39:00.000000000,1630028340000000000,3120,3122,3118,3118,4871,387678,387012
2021-08-27 09:40:00.000000000,1630028400000000000,3118,3120,3112,3116,6726,387012,386541
2021-08-27 09:41:00.000000000,1630028460000000000,3116,3124,3116,3122,3553,386541,386532
2021-08-27 09:42:00.000000000,1630028520000000000,3122,3124,3120,3120,2081,386532,386107
2021-08-27 09:43:00.000000000,1630028580000000000,3120,3126,3120,3124,2789,386107,386534
2021-08-27 09:44:00.000000000,1630028640000000000,3124,3126,3120,3126,1707,386534,386673
2021-08-27 09:45:00.000000000,1630028700000000000,3126,3126,3124,3124,1641,386673,386149
2021-08-27 09:46:00.000000000,1630028760000000000,3124,3128,3124,3126,1341,386149,386159
2021-08-27 09:47:00.000000000,1630028820000000000,3126,3132,3126,3130,2546,386159,386414
2021-08-27 09:48:00.000000000,1630028880000000000,3130,3132,3128,3130,1166,386414,386493
2021-08-27 09:49:00.000000000,1630028940000000000,3130,3130,3128,3128,965,386493,386564
2021-08-27 09:50:00.000000000,1630029000000000000,3128,3132,3128,3130,1734,386564,386506
2021-08-27 09:51:00.000000000,1630029060000000000,3130,3130,3122,3124,2122,386506,386853
2021-08-27 09:52:00.000000000,1630029120000000000,3124,3126,3122,3124,943,386853,386698
2021-08-27 09:53:00.000000000,1630029180000000000,3124,3126,3122,3124,1315,386698,386602
2021-08-27 09:54:00.000000000,1630029240000000000,3124,3126,3122,3124,1940,386602,386818
2021-08-27 09:55:00.000000000,1630029300000000000,3124,3126,3122,3122,1598,386818,386747
2021-08-27 09:56:00.000000000,1630029360000000000,3122,3126,3120,3126,695,386747,386624
2021-08-27 09:57:00.000000000,1630029420000000000,3126,3126,3122,3126,754,386624,386487
2021-08-27 09:58:00.000000000,1630029480000000000,3126,3126,3122,3122,930,386487,386350
2021-08-27 09:59:00.000000000,1630029540000000000,3122,3128,3122,3128,875,386350,385848
2021-08-27 10:00:00.000000000,1630029600000000000,3128,3132,3126,3132,2120,385848,385739
2021-08-27 10:01:00.000000000,1630029660000000000,3132,3132,3128,3128,1376,385739,385692
2021-08-27 10:02:00.000000000,1630029720000000000,3128,3130,3128,3128,508,385692,385552
2021-08-27 10:03:00.000000000,1630029780000000000,3128,3130,3126,3126,2244,385552,386081
2021-08-27 10:04:00.000000000,1630029840000000000,3126,3128,3126,3128,299,386081,386007
2021-08-27 10:05:00.000000000,1630029900000000000,3128,3128,3126,3128,271,386007,385955
2021-08-27 10:06:00.000000000,1630029960000000000,3128,3130,3126,3130,1106,385955,385577
2021-08-27 10:07:00.000000000,1630030020000000000,3130,3130,3126,3128,1568,385577,385155
2021-08-27 10:08:00.000000000,1630030080000000000,3128,3130,3128,3130,1020,385155,384771
2021-08-27 10:09:00.000000000,1630030140000000000,3130,3130,3128,3128,753,384771,384634
2021-08-27 10:10:00.000000000,1630030200000000000,3128,3130,3124,3126,999,384634,384352
2021-08-27 10:11:00.000000000,1630030260000000000,3126,3126,3122,3124,1139,384352,384157
2021-08-27 10:12:00.000000000,1630030320000000000,3124,3126,3122,3122,1345,384157,383884
2021-08-27 10:13:00.000000000,1630030380000000000,3122,3126,3122,3124,516,383884,383710
2021-08-27 10:14:00.000000000,1630030440000000000,3124,3126,3124,3126,562,383710,383455
2021-08-27 10:30:00.000000000,1630031400000000000,3128,3130,3128,3130,1786,383455,382493
2021-08-27 10:31:00.000000000,1630031460000000000,3130,3130,3126,3126,1067,382493,382826
2021-08-27 10:32:00.000000000,1630031520000000000,3126,3128,3124,3126,1468,382826,382468
2021-08-27 10:33:00.000000000,1630031580000000000,3126,3128,3126,3126,295,382468,382405
2021-08-27 10:34:00.000000000,1630031640000000000,3126,3128,3126,3126,232,382405,382388
2021-08-27 10:35:00.000000000,1630031700000000000,3126,3130,3126,3130,601,382388,382336
2021-08-27 10:36:00.000000000,1630031760000000000,3130,3132,3128,3130,1508,382336,382039
2021-08-27 10:37:00.000000000,1630031820000000000,3130,3132,3128,3128,873,382039,381792
2021-08-27 10:38:00.000000000,1630031880000000000,3128,3132,3128,3130,1245,381792,381644
2021-08-27 10:39:00.000000000,1630031940000000000,3130,3132,3130,3130,268,381644,381573
2021-08-27 10:40:00.000000000,1630032000000000000,3130,3132,3124,3126,1724,381573,381642
2021-08-27 10:41:00.000000000,1630032060000000000,3126,3126,3122,3124,779,381642,381663
2021-08-27 10:42:00.000000000,1630032120000000000,3124,3126,3122,3122,1190,381663,381680
2021-08-27 10:43:00.000000000,1630032180000000000,3122,3124,3122,3124,592,381680,381519
2021-08-27 10:44:00.000000000,1630032240000000000,3124,3126,3122,3124,1386,381519,380830
2021-08-27 10:45:00.000000000,1630032300000000000,3124,3128,3124,3128,1199,380830,380823
2021-08-27 10:46:00.000000000,1630032360000000000,3128,3128,3124,3124,747,380823,380549
2021-08-27 10:47:00.000000000,1630032420000000000,3124,3128,3124,3128,307,380549,380527
2021-08-27 10:48:00.000000000,1630032480000000000,3128,3128,3124,3126,477,380527,380583
2021-08-27 10:49:00.000000000,1630032540000000000,3126,3128,3124,3124,1014,380583,380222
2021-08-27 10:50:00.000000000,1630032600000000000,3124,3128,3124,3128,704,380222,380204
2021-08-27 10:51:00.000000000,1630032660000000000,3128,3128,3126,3128,257,380204,380157
2021-08-27 10:52:00.000000000,1630032720000000000,3128,3128,3122,3126,3535,380157,379900
2021-08-27 10:53:00.000000000,1630032780000000000,3126,3128,3124,3126,581,379900,379922
2021-08-27 10:54:00.000000000,1630032840000000000,3126,3128,3124,3126,457,379922,379905
2021-08-27 10:55:00.000000000,1630032900000000000,3126,3126,3124,3126,571,379905,380064
2021-08-27 10:56:00.000000000,1630032960000000000,3126,3126,3122,3124,845,380064,380148
2021-08-27 10:57:00.000000000,1630033020000000000,3124,3126,3122,3124,494,380148,380274
2021-08-27 10:58:00.000000000,1630033080000000000,3124,3126,3122,3126,800,380274,380230
2021-08-27 10:59:00.000000000,1630033140000000000,3126,3126,3122,3124,788,380230,380035
2021-08-27 11:00:00.000000000,1630033200000000000,3124,3126,3124,3126,295,380035,380000
2021-08-27 11:01:00.000000000,1630033260000000000,3126,3126,3124,3126,366,380000,379983
2021-08-27 11:02:00.000000000,1630033320000000000,3126,3126,3124,3126,403,379983,380115
2021-08-27 11:03:00.000000000,1630033380000000000,3126,3126,3124,3126,221,380115,380056
2021-08-27 11:04:00.000000000,1630033440000000000,3126,3126,3124,3126,315,380056,380062
2021-08-27 11:05:00.000000000,1630033500000000000,3126,3126,3124,3124,726,380062,379792
2021-08-27 11:06:00.000000000,1630033560000000000,3124,3128,3124,3126,481,379792,379745
2021-08-27 11:07:00.000000000,1630033620000000000,3126,3128,3124,3128,421,379745,379683
2021-08-27 11:08:00.000000000,1630033680000000000,3128,3128,3126,3126,472,379683,379730
2021-08-27 11:09:00.000000000,1630033740000000000,3126,3128,3126,3128,182,379730,379665
2021-08-27 11:10:00.000000000,1630033800000000000,3128,3128,3126,3126,393,379665,379435
2021-08-27 11:11:00.000000000,1630033860000000000,3126,3130,3126,3128,1319,379435,379345
2021-08-27 11:12:00.000000000,1630033920000000000,3128,3130,3128,3130,509,379345,379478
2021-08-27 11:13:00.000000000,1630033980000000000,3130,3130,3128,3130,1064,379478,379740
2021-08-27 11:14:00.000000000,1630034040000000000,3130,3130,3128,3130,567,379740,379924
2021-08-27 11:15:00.000000000,1630034100000000000,3130,3130,3126,3128,944,379924,379842
2021-08-27 11:16:00.000000000,1630034160000000000,3128,3130,3126,3126,813,379842,379600
2021-08-27 11:17:00.000000000,1630034220000000000,3126,3130,3126,3128,504,379600,379444
2021-08-27 11:18:00.000000000,1630034280000000000,3128,3130,3126,3130,1054,379444,379369
2021-08-27 11:19:00.000000000,1630034340000000000,3130,3132,3128,3130,1353,379369,379515
2021-08-27 11:20:00.000000000,1630034400000000000,3130,3130,3128,3130,310,379515,379561
2021-08-27 11:21:00.000000000,1630034460000000000,3130,3130,3128,3130,818,379561,379593
2021-08-27 11:22:00.000000000,1630034520000000000,3130,3130,3126,3128,801,379593,379453
2021-08-27 11:23:00.000000000,1630034580000000000,3128,3128,3122,3122,1972,379453,378858
2021-08-27 11:24:00.000000000,1630034640000000000,3122,3126,3122,3124,1054,378858,378668
2021-08-27 11:25:00.000000000,1630034700000000000,3124,3124,3116,3118,3654,378668,378600
2021-08-27 11:26:00.000000000,1630034760000000000,3118,3118,3114,3116,1347,378600,378311
2021-08-27 11:27:00.000000000,1630034820000000000,3116,3118,3114,3118,1277,378311,377931
2021-08-27 11:28:00.000000000,1630034880000000000,3118,3122,3116,3120,1590,377931,377473
2021-08-27 11:29:00.000000000,1630034940000000000,3120,3124,3120,3124,1549,377473,377039
2021-08-27 13:30:00.000000000,1630042200000000000,3128,3132,3126,3130,3205,377039,376913
2021-08-27 13:31:00.000000000,1630042260000000000,3130,3130,3126,3128,1463,376913,376580
2021-08-27 13:32:00.000000000,1630042320000000000,3128,3128,3126,3128,290,376580,376530
2021-08-27 13:33:00.000000000,1630042380000000000,3128,3130,3126,3128,1785,376530,376065
2021-08-27 13:34:00.000000000,1630042440000000000,3128,3128,3124,3126,1425,376065,376174
2021-08-27 13:35:00.000000000,1630042500000000000,3126,3126,3122,3122,722,376174,376111
2021-08-27 13:36:00.000000000,1630042560000000000,3122,3124,3122,3122,984,376111,376232
2021-08-27 13:37:00.000000000,1630042620000000000,3122,3128,3122,3126,1433,376232,376262
2021-08-27 13:38:00.000000000,1630042680000000000,3126,3130,3126,3126,2532,376262,376206
2021-08-27 13:39:00.000000000,1630042740000000000,3126,3130,3126,3128,1026,376206,376304
2021-08-27 13:40:00.000000000,1630042800000000000,3128,3134,3128,3132,3422,376304,375972
2021-08-27 13:41:00.000000000,1630042860000000000,3132,3136,3132,3134,2731,375972,375952
2021-08-27 13:42:00.000000000,1630042920000000000,3134,3136,3132,3134,963,375952,375757
2021-08-27 13:43:00.000000000,1630042980000000000,3134,3138,3134,3136,4317,375757,376217
2021-08-27 13:44:00.000000000,1630043040000000000,3136,3140,3136,3136,4428,376217,376165
2021-08-27 13:45:00.000000000,1630043100000000000,3136,3138,3134,3134,3011,376165,376091
2021-08-27 13:46:00.000000000,1630043160000000000,3134,3136,3132,3134,1260,376091,376083
2021-08-27 13:47:00.000000000,1630043220000000000,3134,3136,3134,3134,1811,376083,375522
2021-08-27 13:48:00.000000000,1630043280000000000,3134,3138,3134,3136,1490,375522,375017
2021-08-27 13:49:00.000000000,1630043340000000000,3136,3138,3134,3138,1377,375017,374663
2021-08-27 13:50:00.000000000,1630043400000000000,3138,3138,3136,3138,715,374663,374562
2021-08-27 13:51:00.000000000,1630043460000000000,3138,3138,3134,3134,1235,374562,374674
2021-08-27 13:52:00.000000000,1630043520000000000,3134,3136,3132,3134,2276,374674,374015
2021-08-27 13:53:00.000000000,1630043580000000000,3134,3136,3132,3134,899,374015,373601
2021-08-27 13:54:00.000000000,1630043640000000000,3134,3136,3134,3134,752,373601,373745
2021-08-27 13:55:00.000000000,1630043700000000000,3134,3136,3132,3134,1816,373745,373499
2021-08-27 13:56:00.000000000,1630043760000000000,3134,3138,3134,3136,1482,373499,373413
2021-08-27 13:57:00.000000000,1630043820000000000,3136,3138,3136,3138,305,373413,373435
2021-08-27 13:58:00.000000000,1630043880000000000,3138,3138,3134,3136,966,373435,373539
2021-08-27 13:59:00.000000000,1630043940000000000,3136,3138,3136,3138,699,373539,373420
2021-08-27 14:00:00.000000000,1630044000000000000,3138,3142,3136,3140,3386,373420,372918
2021-08-27 14:01:00.000000000,1630044060000000000,3140,3142,3136,3136,1337,372918,373193
2021-08-27 14:02:00.000000000,1630044120000000000,3136,3138,3134,3134,1362,373193,373379
2021-08-27 14:03:00.000000000,1630044180000000000,3134,3138,3134,3136,953,373379,373278
2021-08-27 14:04:00.000000000,1630044240000000000,3136,3136,3134,3136,761,373278,373499
2021-08-27 14:05:00.000000000,1630044300000000000,3136,3136,3134,3136,209,373499,373566
2021-08-27 14:06:00.000000000,1630044360000000000,3136,3138,3134,3138,803,373566,373370
2021-08-27 14:07:00.000000000,1630044420000000000,3138,3138,3136,3136,411,373370,373190
2021-08-27 14:08:00.000000000,1630044480000000000,3136,3138,3134,3134,770,373190,373130
2021-08-27 14:09:00.000000000,1630044540000000000,3134,3136,3134,3136,1093,373130,372661
2021-08-27 14:10:00.000000000,1630044600000000000,3136,3140,3136,3138,1364,372661,372207
2021-08-27 14:11:00.000000000,1630044660000000000,3138,3140,3136,3136,986,372207,372229
2021-08-27 14:12:00.000000000,1630044720000000000,3136,3138,3134,3138,1338,372229,372247
2021-08-27 14:13:00.000000000,1630044780000000000,3138,3138,3136,3138,305,372247,372001
2021-08-27 14:14:00.000000000,1630044840000000000,3138,3138,3136,3136,1053,372001,371975
2021-08-27 14:15:00.000000000,1630044900000000000,3136,3138,3136,3136,494,371975,371984
2021-08-27 14:16:00.000000000,1630044960000000000,3136,3138,3134,3134,875,371984,371931
2021-08-27 14:17:00.000000000,1630045020000000000,3134,3138,3134,3134,653,371931,371761
2021-08-27 14:18:00.000000000,1630045080000000000,3134,3136,3134,3134,400,371761,371670
2021-08-27 14:19:00.000000000,1630045140000000000,3134,3136,3134,3134,1052,371670,371699
2021-08-27 14:20:00.000000000,1630045200000000000,3134,3136,3134,3134,100,371699,371695
2021-08-27 14:21:00.000000000,1630045260000000000,3134,3138,3134,3138,1447,371695,371517
2021-08-27 14:22:00.000000000,1630045320000000000,3138,3138,3134,3136,571,371517,371633
2021-08-27 14:23:00.000000000,1630045380000000000,3136,3136,3134,3136,188,371633,371580
2021-08-27 14:24:00.000000000,1630045440000000000,3136,3136,3132,3132,1078,371580,371764
2021-08-27 14:25:00.000000000,1630045500000000000,3132,3134,3132,3132,375,371764,371571
2021-08-27 14:26:00.000000000,1630045560000000000,3132,3136,3132,3134,770,371571,371383
2021-08-27 14:27:00.000000000,1630045620000000000,3134,3136,3134,3134,172,371383,371346
2021-08-27 14:28:00.000000000,1630045680000000000,3134,3138,3134,3138,557,371346,371431
2021-08-27 14:29:00.000000000,1630045740000000000,3138,3138,3136,3136,426,371431,371476
2021-08-27 14:30:00.000000000,1630045800000000000,3136,3138,3136,3136,396,371476,371317
2021-08-27 14:31:00.000000000,1630045860000000000,3136,3138,3136,3136,241,371317,371180
2021-08-27 14:32:00.000000000,1630045920000000000,3136,3138,3136,3138,390,371180,371186
2021-08-27 14:33:00.000000000,1630045980000000000,3138,3138,3134,3136,655,371186,371086
2021-08-27 14:34:00.000000000,1630046040000000000,3136,3138,3134,3136,421,371086,370999
2021-08-27 14:35:00.000000000,1630046100000000000,3136,3140,3136,3138,1301,370999,370814
2021-08-27 14:36:00.000000000,1630046160000000000,3138,3140,3136,3138,1353,370814,371027
2021-08-27 14:37:00.000000000,1630046220000000000,3138,3140,3136,3138,696,371027,370833
2021-08-27 14:38:00.000000000,1630046280000000000,3138,3138,3136,3138,854,370833,370797
2021-08-27 14:39:00.000000000,1630046340000000000,3138,3138,3134,3136,1550,370797,370668
2021-08-27 14:40:00.000000000,1630046400000000000,3136,3138,3136,3136,318,370668,370636
2021-08-27 14:41:00.000000000,1630046460000000000,3136,3140,3136,3140,1375,370636,370638
2021-08-27 14:42:00.000000000,1630046520000000000,3140,3140,3138,3138,580,370638,370644
2021-08-27 14:43:00.000000000,1630046580000000000,3138,3140,3136,3138,1297,370644,370700
2021-08-27 14:44:00.000000000,1630046640000000000,3138,3140,3136,3136,887,370700,370763
2021-08-27 14:45:00.000000000,1630046700000000000,3136,3140,3136,3138,1123,370763,370623
2021-08-27 14:46:00.000000000,1630046760000000000,3138,3140,3138,3138,493,370623,370535
2021-08-27 14:47:00.000000000,1630046820000000000,3138,3140,3136,3136,1579,370535,371122
2021-08-27 14:48:00.000000000,1630046880000000000,3136,3138,3132,3132,2193,371122,371456
2021-08-27 14:49:00.000000000,1630046940000000000,3132,3132,3130,3132,2011,371456,371438
2021-08-27 14:50:00.000000000,1630047000000000000,3132,3134,3130,3132,1043,371438,371155
2021-08-27 14:51:00.000000000,1630047060000000000,3132,3136,3132,3132,1321,371155,370474
2021-08-27 14:52:00.000000000,1630047120000000000,3132,3140,3132,3138,2801,370474,370434
2021-08-27 14:53:00.000000000,1630047180000000000,3138,3144,3138,3144,4094,370434,370786
2021-08-27 14:54:00.000000000,1630047240000000000,3144,3146,3142,3142,4298,370786,370335
2021-08-27 14:55:00.000000000,1630047300000000000,3142,3146,3142,3146,2317,370335,370335
2021-08-27 14:56:00.000000000,1630047360000000000,3146,3146,3140,3140,1777,370335,370471
2021-08-27 14:57:00.000000000,1630047420000000000,3140,3142,3136,3138,2093,370471,370264
2021-08-27 14:58:00.000000000,1630047480000000000,3138,3140,3136,3138,1987,370264,370103
2021-08-27 14:59:00.000000000,1630047540000000000,3138,3144,3136,3142,3549,370103,368545
2021-08-27 21:00:00.000000000,1630069200000000000,3150,3154,3136,3138,12144,368545,369746
2021-08-27 21:01:00.000000000,1630069260000000000,3138,3140,3136,3138,2695,369746,369805
2021-08-27 21:02:00.000000000,1630069320000000000,3138,3142,3136,3138,3912,369805,370088
2021-08-27 21:03:00.000000000,1630069380000000000,3138,3138,3128,3130,4242,370088,370994
2021-08-27 21:04:00.000000000,1630069440000000000,3130,3132,3128,3130,4177,370994,371250
2021-08-27 21:05:00.000000000,1630069500000000000,3130,3130,3126,3126,2563,371250,371555
2021-08-27 21:06:00.000000000,1630069560000000000,3126,3132,3122,3124,5843,371555,372197
2021-08-27 21:07:00.000000000,1630069620000000000,3124,3130,3124,3130,3225,372197,372641
2021-08-27 21:08:00.000000000,1630069680000000000,3130,3130,3126,3128,1293,372641,372330
2021-08-27 21:09:00.000000000,1630069740000000000,3128,3130,3126,3126,1457,372330,372225
2021-08-27 21:10:00.000000000,1630069800000000000,3126,3128,3122,3122,3907,372225,372443
2021-08-27 21:11:00.000000000,1630069860000000000,3122,3124,3120,3122,2785,372443,372664
2021-08-27 21:12:00.000000000,1630069920000000000,3122,3126,3120,3124,1520,372664,373205
2021-08-27 21:13:00.000000000,1630069980000000000,3124,3126,3124,3126,1097,373205,372836
2021-08-27 21:14:00.000000000,1630070040000000000,3126,3126,3122,3122,954,372836,372837
2021-08-27 21:15:00.000000000,1630070100000000000,3122,3124,3118,3120,3439,372837,373566
2021-08-27 21:16:00.000000000,1630070160000000000,3120,3122,3118,3120,1425,373566,373717
2021-08-27 21:17:00.000000000,1630070220000000000,3120,3120,3114,3116,3962,373717,374590
2021-08-27 21:18:00.000000000,1630070280000000000,3116,3118,3114,3116,1226,374590,374737
2021-08-27 21:19:00.000000000,1630070340000000000,3116,3118,3114,3116,4148,374737,375188
2021-08-27 21:20:00.000000000,1630070400000000000,3116,3118,3114,3116,2132,375188,375517
2021-08-27 21:21:00.000000000,1630070460000000000,3116,3116,3112,3112,3707,375517,375440
2021-08-27 21:22:00.000000000,1630070520000000000,3112,3118,3112,3118,3710,375440,375676
2021-08-27 21:23:00.000000000,1630070580000000000,3118,3118,3114,3116,1542,375676,375392
2021-08-27 21:24:00.000000000,1630070640000000000,3116,3120,3116,3120,1816,375392,375659
2021-08-27 21:25:00.000000000,1630070700000000000,3120,3120,3116,3116,1035,375659,375687
2021-08-27 21:26:00.000000000,1630070760000000000,3116,3118,3114,3116,1445,375687,375391
2021-08-27 21:27:00.000000000,1630070820000000000,3116,3120,3114,3118,1722,375391,375692
2021-08-27 21:28:00.000000000,1630070880000000000,3118,3120,3116,3120,2087,375692,375872
2021-08-27 21:29:00.000000000,1630070940000000000,3120,3120,3118,3120,2220,375872,375558
2021-08-27 21:30:00.000000000,1630071000000000000,3120,3122,3118,3120,2604,375558,375102
2021-08-27 21:31:00.000000000,1630071060000000000,3120,3124,3120,3122,1686,375102,375050
2021-08-27 21:32:00.000000000,1630071120000000000,3122,3122,3120,3120,2129,375050,375170
2021-08-27 21:33:00.000000000,1630071180000000000,3120,3120,3116,3118,937,375170,375188
2021-08-27 21:34:00.000000000,1630071240000000000,3118,3118,3116,3118,1398,375188,375071
2021-08-27 21:35:00.000000000,1630071300000000000,3118,3118,3112,3114,1796,375071,374604
2021-08-27 21:36:00.000000000,1630071360000000000,3114,3114,3112,3112,1534,374604,374589
2021-08-27 21:37:00.000000000,1630071420000000000,3112,3116,3112,3114,386,374589,374687
2021-08-27 21:38:00.000000000,1630071480000000000,3114,3116,3114,3116,402,374687,374646
2021-08-27 21:39:00.000000000,1630071540000000000,3116,3116,3112,3114,535,374646,374504
2021-08-27 21:40:00.000000000,1630071600000000000,3114,3116,3112,3114,1037,374504,374542
2021-08-27 21:41:00.000000000,1630071660000000000,3114,3118,3114,3116,2068,374542,375041
2021-08-27 21:42:00.000000000,1630071720000000000,3116,3116,3112,3112,1187,375041,374900
2021-08-27 21:43:00.000000000,1630071780000000000,3112,3114,3112,3114,647,374900,374810
2021-08-27 21:44:00.000000000,1630071840000000000,3114,3114,3108,3110,2996,374810,374688
2021-08-27 21:45:00.000000000,1630071900000000000,3110,3120,3108,3118,3839,374688,374393
2021-08-27 21:46:00.000000000,1630071960000000000,3118,3118,3114,3116,947,374393,374351
2021-08-27 21:47:00.000000000,1630072020000000000,3116,3120,3116,3120,616,374351,374438
2021-08-27 21:48:00.000000000,1630072080000000000,3120,3122,3118,3122,1204,374438,374301
2021-08-27 21:49:00.000000000,1630072140000000000,3122,3124,3120,3120,1121,374301,374469
2021-08-27 21:50:00.000000000,1630072200000000000,3120,3122,3120,3120,1462,374469,374765
2021-08-27 21:51:00.000000000,1630072260000000000,3120,3122,3118,3120,386,374765,374719
2021-08-27 21:52:00.000000000,1630072320000000000,3120,3124,3120,3124,1757,374719,374851
2021-08-27 21:53:00.000000000,1630072380000000000,3124,3124,3122,3124,610,374851,374867
2021-08-27 21:54:00.000000000,1630072440000000000,3124,3124,3120,3120,759,374867,374789
2021-08-27 21:55:00.000000000,1630072500000000000,3120,3122,3116,3116,2068,374789,375238
2021-08-27 21:56:00.000000000,1630072560000000000,3116,3118,3116,3118,357,375238,375187
2021-08-27 21:57:00.000000000,1630072620000000000,3118,3120,3116,3120,330,375187,375259
2021-08-27 21:58:00.000000000,1630072680000000000,3120,3120,3118,3120,152,375259,375300
2021-08-27 21:59:00.000000000,1630072740000000000,3120,3120,3118,3120,209,375300,375266
2021-08-27 22:00:00.000000000,1630072800000000000,3120,3120,3114,3120,2418,375266,374602
2021-08-27 22:01:00.000000000,1630072860000000000,3120,3126,3118,3126,1560,374602,374347
2021-08-27 22:02:00.000000000,1630072920000000000,3126,3128,3124,3126,1349,374347,374225
2021-08-27 22:03:00.000000000,1630072980000000000,3126,3130,3122,3124,2017,374225,374253
2021-08-27 22:04:00.000000000,1630073040000000000,3124,3126,3122,3124,671,374253,374007
2021-08-27 22:05:00.000000000,1630073100000000000,3124,3128,3122,3124,1845,374007,373502
2021-08-27 22:06:00.000000000,1630073160000000000,3124,3126,3122,3124,939,373502,373959
2021-08-27 22:07:00.000000000,1630073220000000000,3124,3124,3122,3122,228,373959,373940
2021-08-27 22:08:00.000000000,1630073280000000000,3122,3124,3120,3120,270,373940,373833
2021-08-27 22:09:00.000000000,1630073340000000000,3120,3120,3118,3120,597,373833,373959
2021-08-27 22:10:00.000000000,1630073400000000000,3120,3122,3118,3122,753,373959,373913
2021-08-27 22:11:00.000000000,1630073460000000000,3122,3124,3120,3120,635,373913,373684
2021-08-27 22:12:00.000000000,1630073520000000000,3120,3122,3120,3122,193,373684,373573
2021-08-27 22:13:00.000000000,1630073580000000000,3122,3124,3120,3122,496,373573,373422
2021-08-27 22:14:00.000000000,1630073640000000000,3122,3122,3118,3118,755,373422,373705
2021-08-27 22:15:00.000000000,1630073700000000000,3118,3120,3118,3118,652,373705,373747
2021-08-27 22:16:00.000000000,1630073760000000000,3118,3118,3116,3116,673,373747,373592
2021-08-27 22:17:00.000000000,1630073820000000000,3116,3118,3114,3118,1271,373592,373352
2021-08-27 22:18:00.000000000,1630073880000000000,3118,3120,3116,3116,987,373352,373130
2021-08-27 22:19:00.000000000,1630073940000000000,3116,3124,3116,3122,1040,373130,373233
2021-08-27 22:20:00.000000000,1630074000000000000,3122,3124,3120,3120,617,373233,373320
2021-08-27 22:21:00.000000000,1630074060000000000,3120,3122,3120,3122,724,373320,373045
2021-08-27 22:22:00.000000000,1630074120000000000,3122,3122,3120,3122,97,373045,372977
2021-08-27 22:23:00.000000000,1630074180000000000,3122,3122,3120,3122,533,372977,372814
2021-08-27 22:24:00.000000000,1630074240000000000,3122,3122,3116,3120,1274,372814,372977
2021-08-27 22:25:00.000000000,1630074300000000000,3120,3122,3118,3120,625,372977,372848
2021-08-27 22:26:00.000000000,1630074360000000000,3120,3120,3118,3120,96,372848,372781
2021-08-27 22:27:00.000000000,1630074420000000000,3120,3120,3116,3116,333,372781,372869
2021-08-27 22:28:00.000000000,1630074480000000000,3116,3120,3116,3116,513,372869,372668
2021-08-27 22:29:00.000000000,1630074540000000000,3116,3118,3114,3118,662,372668,372448
2021-08-27 22:30:00.000000000,1630074600000000000,3118,3120,3116,3118,1217,372448,372353
2021-08-27 22:31:00.000000000,1630074660000000000,3118,3118,3116,3116,252,372353,372330
2021-08-27 22:32:00.000000000,1630074720000000000,3116,3118,3114,3114,801,372330,372293
2021-08-27 22:33:00.000000000,1630074780000000000,3114,3116,3112,3114,1186,372293,372411
2021-08-27 22:34:00.000000000,1630074840000000000,3114,3116,3112,3114,712,372411,372280
2021-08-27 22:35:00.000000000,1630074900000000000,3114,3116,3114,3116,764,372280,372283
2021-08-27 22:36:00.000000000,1630074960000000000,3116,3118,3116,3118,331,372283,372183
2021-08-27 22:37:00.000000000,1630075020000000000,3118,3118,3116,3116,479,372183,372283
2021-08-27 22:38:00.000000000,1630075080000000000,3116,3116,3114,3114,576,372283,372254
2021-08-27 22:39:00.000000000,1630075140000000000,3114,3116,3114,3116,257,372254,372380
2021-08-27 22:40:00.000000000,1630075200000000000,3116,3118,3114,3116,469,372380,372276
2021-08-27 22:41:00.000000000,1630075260000000000,3116,3116,3114,3114,180,372276,372168
2021-08-27 22:42:00.000000000,1630075320000000000,3114,3116,3112,3114,837,372168,372221
2021-08-27 22:43:00.000000000,1630075380000000000,3114,3114,3110,3112,1026,372221,372321
2021-08-27 22:44:00.000000000,1630075440000000000,3112,3114,3110,3112,1073,372321,372341
2021-08-27 22:45:00.000000000,1630075500000000000,3112,3118,3112,3116,947,372341,372373
2021-08-27 22:46:00.000000000,1630075560000000000,3116,3118,3114,3114,390,372373,372368
2021-08-27 22:47:00.000000000,1630075620000000000,3114,3118,3114,3116,889,372368,372522
2021-08-27 22:48:00.000000000,1630075680000000000,3116,3116,3112,3114,584,372522,372578
2021-08-27 22:49:00.000000000,1630075740000000000,3114,3116,3114,3114,186,372578,372530
2021-08-27 22:50:00.000000000,1630075800000000000,3114,3116,3114,3116,108,372530,372539
2021-08-27 22:51:00.000000000,1630075860000000000,3116,3116,3112,3116,611,372539,372402
2021-08-27 22:52:00.000000000,1630075920000000000,3116,3120,3114,3118,1273,372402,372192
2021-08-27 22:53:00.000000000,1630075980000000000,3118,3118,3114,3114,722,372192,371998
2021-08-27 22:54:00.000000000,1630076040000000000,3114,3116,3114,3116,168,371998,371995
2021-08-27 22:55:00.000000000,1630076100000000000,3116,3116,3112,3112,1028,371995,371696
2021-08-27 22:56:00.000000000,1630076160000000000,3112,3114,3112,3114,522,371696,371765
2021-08-27 22:57:00.000000000,1630076220000000000,3114,3114,3112,3112,357,371765,371722
2021-08-27 22:58:00.000000000,1630076280000000000,3112,3116,3112,3116,1055,371722,371402
2021-08-27 22:59:00.000000000,1630076340000000000,3116,3118,3112,3112,1715,371402,370944
2021-08-30 09:00:00.000000000,1630285200000000000,3132,3138,3130,3138,8013,370944,371461
2021-08-30 09:01:00.000000000,1630285260000000000,3138,3138,3132,3134,4162,371461,371089
2021-08-30 09:02:00.000000000,1630285320000000000,3134,3136,3132,3134,2836,371089,370758
2021-08-30 09:03:00.000000000,1630285380000000000,3134,3136,3130,3132,1980,370758,370862
2021-08-30 09:04:00.000000000,1630285440000000000,3132,3134,3130,3130,1556,370862,370562
2021-08-30 09:05:00.000000000,1630285500000000000,3130,3132,3124,3128,4147,370562,370290
2021-08-30 09:06:00.000000000,1630285560000000000,3128,3128,3124,3126,1541,370290,370390
2021-08-30 09:07:00.000000000,1630285620000000000,3126,3128,3124,3126,1767,370390,370292
2021-08-30 09:08:00.000000000,1630285680000000000,3126,3126,3122,3122,1503,370292,370690
2021-08-30 09:09:00.000000000,1630285740000000000,3122,3128,3122,3126,1931,370690,370757
2021-08-30 09:10:00.000000000,1630285800000000000,3126,3132,3126,3132,1372,370757,370498
2021-08-30 09:11:00.000000000,1630285860000000000,3132,3136,3130,3134,1680,370498,370101
2021-08-30 09:12:00.000000000,1630285920000000000,3134,3136,3128,3134,2355,370101,370897
2021-08-30 09:13:00.000000000,1630285980000000000,3134,3134,3128,3128,1005,370897,371233
2021-08-30 09:14:00.000000000,1630286040000000000,3128,3130,3126,3128,1243,371233,371177
2021-08-30 09:15:00.000000000,1630286100000000000,3128,3128,3124,3128,2567,371177,371267
2021-08-30 09:16:00.000000000,1630286160000000000,3128,3128,3124,3126,836,371267,371158
2021-08-30 09:17:00.000000000,1630286220000000000,3126,3128,3124,3128,603,371158,371219
2021-08-30 09:18:00.000000000,1630286280000000000,3128,3128,3126,3128,609,371219,371185
2021-08-30 09:19:00.000000000,1630286340000000000,3128,3130,3128,3130,206,371185,371204
2021-08-30 09:20:00.000000000,1630286400000000000,3130,3130,3126,3126,720,371204,371107
2021-08-30 09:21:00.000000000,1630286460000000000,3126,3130,3126,3130,1033,371107,370992
2021-08-30 09:22:00.000000000,1630286520000000000,3130,3130,3128,3128,775,370992,370969
2021-08-30 09:23:00.000000000,1630286580000000000,3128,3130,3124,3126,1069,370969,370908
2021-08-30 09:24:00.000000000,1630286640000000000,3126,3128,3124,3126,792,370908,370759
2021-08-30 09:25:00.000000000,1630286700000000000,3126,3128,3124,3126,749,370759,371031
2021-08-30 09:26:00.000000000,1630286760000000000,3126,3128,3124,3124,588,371031,370905
2021-08-30 09:27:00.000000000,1630286820000000000,3124,3130,3124,3128,940,370905,370974
2021-08-30 09:28:00.000000000,1630286880000000000,3128,3128,3126,3126,255,370974,370962
2021-08-30 09:29:00.000000000,1630286940000000000,3126,3130,3126,3130,511,370962,370905
2021-08-30 09:30:00.000000000,1630287000000000000,3130,3132,3128,3132,1285,370905,370527
2021-08-30 09:31:00.000000000,1630287060000000000,3132,3134,3130,3134,888,370527,370174
2021-08-30 09:32:00.000000000,1630287120000000000,3134,3136,3132,3134,1302,370174,369591
2021-08-30 09:33:00.000000000,1630287180000000000,3134,3138,3134,3138,1309,369591,369295
2021-08-30 09:34:00.000000000,1630287240000000000,3138,3138,3132,3132,879,369295,369183
2021-08-30 09:35:00.000000000,1630287300000000000,3132,3136,3132,3136,636,369183,369283
2021-08-30 09:36:00.000000000,1630287360000000000,3136,3136,3132,3132,906,369283,369499
2021-08-30 09:37:00.000000000,1630287420000000000,3132,3134,3132,3134,854,369499,369279
2021-08-30 09:38:00.000000000,1630287480000000000,3134,3134,3132,3132,944,369279,369347
2021-08-30 09:39:00.000000000,1630287540000000000,3132,3134,3126,3126,2146,369347,369475
2021-08-30 09:40:00.000000000,1630287600000000000,3126,3128,3124,3126,1189,369475,369547
2021-08-30 09:41:00.000000000,1630287660000000000,3126,3132,3126,3128,1264,369547,369464
2021-08-30 09:42:00.000000000,1630287720000000000,3128,3132,3128,3130,847,369464,369716
2021-08-30 09:43:00.000000000,1630287780000000000,3130,3132,3130,3130,1725,369716,369920
2021-08-30 09:44:00.000000000,1630287840000000000,3130,3134,3130,3134,903,369920,369781
2021-08-30 09:45:00.000000000,1630287900000000000,3134,3136,3132,3134,691,369781,369764
2021-08-30 09:46:00.000000000,1630287960000000000,3134,3138,3134,3136,1705,369764,369893
2021-08-30 09:47:00.000000000,1630288020000000000,3136,3136,3132,3132,468,369893,369937
2021-08-30 09:48:00.000000000,1630288080000000000,3132,3134,3130,3134,683,369937,370043
2021-08-30 09:49:00.000000000,1630288140000000000,3134,3136,3132,3132,1097,370043,369685
2021-08-30 09:50:00.000000000,1630288200000000000,3132,3136,3132,3134,1204,369685,369463
2021-08-30 09:51:00.000000000,1630288260000000000,3134,3136,3134,3134,1586,369463,369455
2021-08-30 09:52:00.000000000,1630288320000000000,3134,3138,3134,3138,582,369455,369447
2021-08-30 09:53:00.000000000,1630288380000000000,3138,3138,3134,3138,1080,369447,369457
2021-08-30 09:54:00.000000000,1630288440000000000,3138,3138,3134,3134,595,369457,369344
2021-08-30 09:55:00.000000000,1630288500000000000,3134,3138,3134,3138,726,369344,369536
2021-08-30 09:56:00.000000000,1630288560000000000,3138,3138,3134,3136,777,369536,369720
2021-08-30 09:57:00.000000000,1630288620000000000,3136,3136,3132,3132,510,369720,369655
2021-08-30 09:58:00.000000000,1630288680000000000,3132,3134,3132,3134,346,369655,369596
2021-08-30 09:59:00.000000000,1630288740000000000,3134,3138,3132,3136,970,369596,369409
2021-08-30 10:00:00.000000000,1630288800000000000,3136,3138,3136,3136,1269,369409,369621
2021-08-30 10:01:00.000000000,1630288860000000000,3136,3138,3134,3136,427,369621,369445
2021-08-30 10:02:00.000000000,1630288920000000000,3136,3136,3130,3134,1424,369445,368967
2021-08-30 10:03:00.000000000,1630288980000000000,3134,3136,3132,3134,681,368967,368922
2021-08-30 10:04:00.000000000,1630289040000000000,3134,3138,3132,3134,1159,368922,368775
2021-08-30 10:05:00.000000000,1630289100000000000,3134,3136,3130,3132,1196,368775,368643
2021-08-30 10:06:00.000000000,1630289160000000000,3132,3134,3132,3132,131,368643,368650
2021-08-30 10:07:00.000000000,1630289220000000000,3132,3134,3132,3132,98,368650,368652
2021-08-30 10:08:00.000000000,1630289280000000000,3132,3136,3132,3132,685,368652,368492
2021-08-30 10:09:00.000000000,1630289340000000000,3132,3132,3130,3132,483,368492,368607
2021-08-30 10:10:00.000000000,1630289400000000000,3132,3132,3128,3128,1806,368607,368335
2021-08-30 10:11:00.000000000,1630289460000000000,3128,3132,3126,3128,1482,368335,368418
2021-08-30 10:12:00.000000000,1630289520000000000,3128,3128,3126,3126,760,368418,368450
2021-08-30 10:13:00.000000000,1630289580000000000,3126,3130,3126,3130,996,368450,368304
2021-08-30 10:14:00.000000000,1630289640000000000,3130,3132,3130,3130,364,368304,368285
2021-08-30 10:30:00.000000000,1630290600000000000,3136,3140,3132,3140,2916,368285,368129
2021-08-30 10:31:00.000000000,1630290660000000000,3140,3140,3136,3138,1625,368129,367949
2021-08-30 10:32:00.000000000,1630290720000000000,3138,3140,3136,3138,1599,367949,367700
2021-08-30 10:33:00.000000000,1630290780000000000,3138,3144,3138,3144,2131,367700,367977
2021-08-30 10:34:00.000000000,1630290840000000000,3144,3150,3140,3150,4939,367977,367992
2021-08-30 10:35:00.000000000,1630290900000000000,3150,3150,3142,3144,1751,367992,367944
2021-08-30 10:36:00.000000000,1630290960000000000,3144,3148,3142,3142,2069,367944,368244
2021-08-30 10:37:00.000000000,1630291020000000000,3142,3144,3142,3142,329,368244,368273
2021-08-30 10:38:00.000000000,1630291080000000000,3142,3144,3140,3140,778,368273,368280
2021-08-30 10:39:00.000000000,1630291140000000000,3140,3146,3140,3146,1850,368280,367695
2021-08-30 10:40:00.000000000,1630291200000000000,3146,3148,3142,3144,1922,367695,368052
2021-08-30 10:41:00.000000000,1630291260000000000,3144,3148,3144,3146,1161,368052,367999
2021-08-30 10:42:00.000000000,1630291320000000000,3146,3148,3144,3148,446,367999,367971
2021-08-30 10:43:00.000000000,1630291380000000000,3148,3148,3146,3146,412,367971,368055
2021-08-30 10:44:00.000000000,1630291440000000000,3146,3150,3146,3150,1141,368055,367988
2021-08-30 10:45:00.000000000,1630291500000000000,3150,3152,3144,3150,2712,367988,367643
2021-08-30 10:46:00.000000000,1630291560000000000,3150,3152,3150,3152,2129,367643,367799
2021-08-30 10:47:00.000000000,1630291620000000000,3152,3154,3150,3154,1075,367799,367819
2021-08-30 10:48:00.000000000,1630291680000000000,3154,3160,3152,3156,4177,367819,367679
2021-08-30 10:49:00.000000000,1630291740000000000,3156,3158,3156,3156,810,367679,367752
2021-08-30 10:50:00.000000000,1630291800000000000,3156,3158,3152,3152,1181,367752,367739
2021-08-30 10:51:00.000000000,1630291860000000000,3152,3158,3152,3156,2270,367739,367387
2021-08-30 10:52:00.000000000,1630291920000000000,3156,3156,3152,3152,504,367387,367272
2021-08-30 10:53:00.000000000,1630291980000000000,3152,3156,3152,3154,818,367272,367206
2021-08-30 10:54:00.000000000,1630292040000000000,3154,3154,3146,3146,1975,367206,366938
2021-08-30 10:55:00.000000000,1630292100000000000,3146,3150,3146,3150,610,366938,366951
2021-08-30 10:56:00.000000000,1630292160000000000,3150,3150,3146,3146,928,366951,366837
2021-08-30 10:57:00.000000000,1630292220000000000,3146,3148,3146,3146,196,366837,366785
2021-08-30 10:58:00.000000000,1630292280000000000,3146,3150,3146,3148,560,366785,366778
2021-08-30 10:59:00.000000000,1630292340000000000,3148,3150,3146,3148,496,366778,366476
2021-08-30 11:00:00.000000000,1630292400000000000,3148,3154,3146,3148,2492,366476,366161
2021-08-30 11:01:00.000000000,1630292460000000000,3148,3150,3146,3146,947,366161,365688
2021-08-30 11:02:00.000000000,1630292520000000000,3146,3146,3142,3142,874,365688,365483
2021-08-30 11:03:00.000000000,1630292580000000000,3142,3146,3140,3144,1699,365483,365128
2021-08-30 11:04:00.000000000,1630292640000000000,3144,3144,3142,3142,713,365128,365099
2021-08-30 11:05:00.000000000,1630292700000000000,3142,3144,3142,3142,100,365099,365049
2021-08-30 11:06:00.000000000,1630292760000000000,3142,3146,3142,3144,666,365049,364986
2021-08-30 11:07:00.000000000,1630292820000000000,3144,3144,3142,3142,254,364986,365003
2021-08-30 11:08:00.000000000,1630292880000000000,3142,3144,3140,3140,625,365003,364832
2021-08-30 11:09:00.000000000,1630292940000000000,3140,3142,3138,3142,1589,364832,365035
2021-08-30 11:10:00.000000000,1630293000000000000,3142,3142,3138,3138,666,365035,365009
2021-08-30 11:11:00.000000000,1630293060000000000,3138,3142,3136,3142,1488,365009,364934
2021-08-30 11:12:00.000000000,1630293120000000000,3142,3142,3138,3140,1397,364934,364749
2021-08-30 11:13:00.000000000,1630293180000000000,3140,3140,3138,3138,867,364749,364522
2021-08-30 11:14:00.000000000,1630293240000000000,3138,3138,3136,3136,436,364522,364449
2021-08-30 11:15:00.000000000,1630293300000000000,3136,3140,3134,3140,1264,364449,364405
2021-08-30 11:16:00.000000000,1630293360000000000,3140,3140,3136,3138,529,364405,364127
2021-08-30 11:17:00.000000000,1630293420000000000,3138,3138,3134,3136,1288,364127,364149
2021-08-30 11:18:00.000000000,1630293480000000000,3136,3136,3134,3134,798,364149,364289
2021-08-30 11:19:00.000000000,1630293540000000000,3134,3136,3134,3136,758,364289,364412
2021-08-30 11:20:00.000000000,1630293600000000000,3136,3136,3134,3136,938,364412,364355
2021-08-30 11:21:00.000000000,1630293660000000000,3136,3136,3134,3136,793,364355,364290
2021-08-30 11:22:00.000000000,1630293720000000000,3136,3138,3134,3136,510,364290,364349
2021-08-30 11:23:00.000000000,1630293780000000000,3136,3138,3136,3138,284,364349,364479
2021-08-30 11:24:00.000000000,1630293840000000000,3138,3138,3136,3138,135,364479,364469
2021-08-30 11:25:00.000000000,1630293900000000000,3138,3138,3136,3138,135,364469,364489
2021-08-30 11:26:00.000000000,1630293960000000000,3138,3138,3136,3138,220,364489,364540
2021-08-30 11:27:00.000000000,1630294020000000000,3138,3140,3136,3138,650,364540,364491
2021-08-30 11:28:00.000000000,1630294080000000000,3138,3138,3136,3138,188,364491,364463
2021-08-30 11:29:00.000000000,1630294140000000000,3138,3138,3136,3138,504,364463,364372
2021-08-30 13:30:00.000000000,1630301400000000000,3136,3136,3128,3132,3521,364372,364440
2021-08-30 13:31:00.000000000,1630301460000000000,3132,3136,3132,3134,661,364440,364535
2021-08-30 13:32:00.000000000,1630301520000000000,3134,3140,3134,3140,1116,364535,364945
2021-08-30 13:33:00.000000000,1630301580000000000,3140,3140,3136,3136,728,364945,364955
2021-08-30 13:34:00.000000000,1630301640000000000,3136,3142,3136,3142,1446,364955,364867
2021-08-30 13:35:00.000000000,1630301700000000000,3142,3142,3138,3138,1344,364867,364857
2021-08-30 13:36:00.000000000,1630301760000000000,3138,3140,3136,3138,643,364857,365104
2021-08-30 13:37:00.000000000,1630301820000000000,3138,3138,3136,3136,112,365104,365066
2021-08-30 13:38:00.000000000,1630301880000000000,3136,3140,3136,3140,506,365066,365113
2021-08-30 13:39:00.000000000,1630301940000000000,3140,3142,3138,3138,936,365113,365182
2021-08-30 13:40:00.000000000,1630302000000000000,3138,3138,3136,3136,510,365182,365397
2021-08-30 13:41:00.000000000,1630302060000000000,3136,3140,3136,3138,552,365397,365530
2021-08-30 13:42:00.000000000,1630302120000000000,3138,3142,3138,3142,640,365530,365154
2021-08-30 13:43:00.000000000,1630302180000000000,3142,3142,3140,3140,125,365154,365085
2021-08-30 13:44:00.000000000,1630302240000000000,3140,3140,3136,3138,1591,365085,365092
2021-08-30 13:45:00.000000000,1630302300000000000,3138,3138,3132,3134,1717,365092,365294
2021-08-30 13:46:00.000000000,1630302360000000000,3134,3136,3134,3134,131,365294,365274
2021-08-30 13:47:00.000000000,1630302420000000000,3134,3136,3134,3134,113,365274,365311
2021-08-30 13:48:00.000000000,1630302480000000000,3134,3136,3134,3134,262,365311,365321
2021-08-30 13:49:00.000000000,1630302540000000000,3134,3136,3132,3134,511,365321,365229
2021-08-30 13:50:00.000000000,1630302600000000000,3134,3134,3130,3132,1483,365229,365006
2021-08-30 13:51:00.000000000,1630302660000000000,3132,3132,3128,3128,1114,365006,364980
2021-08-30 13:52:00.000000000,1630302720000000000,3128,3128,3124,3128,2607,364980,364910
2021-08-30 13:53:00.000000000,1630302780000000000,3128,3128,3126,3128,1274,364910,364401
2021-08-30 13:54:00.000000000,1630302840000000000,3128,3130,3126,3128,1008,364401,364338
2021-08-30 13:55:00.000000000,1630302900000000000,3128,3134,3126,3132,2274,364338,364785
2021-08-30 13:56:00.000000000,1630302960000000000,3132,3134,3130,3132,792,364785,364657
2021-08-30 13:57:00.000000000,1630303020000000000,3132,3132,3128,3128,381,364657,364721
2021-08-30 13:58:00.000000000,1630303080000000000,3128,3130,3126,3126,627,364721,364732
2021-08-30 13:59:00.000000000,1630303140000000000,3126,3128,3126,3128,270,364732,364795
2021-08-30 14:00:00.000000000,1630303200000000000,3128,3130,3128,3128,1191,364795,364847
2021-08-30 14:01:00.000000000,1630303260000000000,3128,3134,3128,3132,2757,364847,364497
2021-08-30 14:02:00.000000000,1630303320000000000,3132,3140,3132,3138,1943,364497,364320
2021-08-30 14:03:00.000000000,1630303380000000000,3138,3140,3134,3138,1225,364320,364342
2021-08-30 14:04:00.000000000,1630303440000000000,3138,3140,3136,3138,891,364342,364414
2021-08-30 14:05:00.000000000,1630303500000000000,3138,3140,3136,3138,248,364414,364418
2021-08-30 14:06:00.000000000,1630303560000000000,3138,3138,3136,3138,511,364418,364311
2021-08-30 14:07:00.000000000,1630303620000000000,3138,3138,3136,3138,412,364311,364377
2021-08-30 14:08:00.000000000,1630303680000000000,3138,3140,3136,3138,489,364377,364354
2021-08-30 14:09:00.000000000,1630303740000000000,3138,3140,3138,3138,744,364354,364068
2021-08-30 14:10:00.000000000,1630303800000000000,3138,3140,3138,3138,438,364068,363987
2021-08-30 14:11:00.000000000,1630303860000000000,3138,3138,3136,3138,130,363987,363975
2021-08-30 14:12:00.000000000,1630303920000000000,3138,3138,3134,3136,512,363975,364111
2021-08-30 14:13:00.000000000,1630303980000000000,3136,3136,3132,3132,599,364111,364272
2021-08-30 14:14:00.000000000,1630304040000000000,3132,3132,3130,3130,974,364272,364118
2021-08-30 14:15:00.000000000,1630304100000000000,3130,3136,3130,3136,862,364118,363855
2021-08-30 14:16:00.000000000,1630304160000000000,3136,3136,3132,3132,376,363855,363596
2021-08-30 14:17:00.000000000,1630304220000000000,3132,3136,3132,3136,427,363596,363711
2021-08-30 14:18:00.000000000,1630304280000000000,3136,3138,3136,3136,256,363711,363707
2021-08-30 14:19:00.000000000,1630304340000000000,3136,3138,3134,3136,668,363707,363589
2021-08-30 14:20:00.000000000,1630304400000000000,3136,3138,3136,3138,845,363589,363428
2021-08-30 14:21:00.000000000,1630304460000000000,3138,3138,3136,3138,80,363428,363443
2021-08-30 14:22:00.000000000,1630304520000000000,3138,3140,3136,3138,935,363443,363137
2021-08-30 14:23:00.000000000,1630304580000000000,3138,3138,3136,3136,138,363137,363107
2021-08-30 14:24:00.000000000,1630304640000000000,3136,3138,3136,3136,92,363107,363104
2021-08-30 14:25:00.000000000,1630304700000000000,3136,3138,3136,3138,103,363104,363063
2021-08-30 14:26:00.000000000,1630304760000000000,3138,3138,3136,3136,732,363063,363040
2021-08-30 14:27:00.000000000,1630304820000000000,3136,3138,3134,3136,729,363040,363110
2021-08-30 14:28:00.000000000,1630304880000000000,3136,3138,3134,3136,1031,363110,363017
2021-08-30 14:29:00.000000000,1630304940000000000,3136,3138,3134,3134,376,363017,362981
2021-08-30 14:30:00.000000000,1630305000000000000,3134,3136,3134,3134,583,362981,362976
2021-08-30 14:31:00.000000000,1630305060000000000,3134,3136,3132,3134,379,362976,362997
2021-08-30 14:32:00.000000000,1630305120000000000,3134,3136,3134,3134,472,362997,362975
2021-08-30 14:33:00.000000000,1630305180000000000,3134,3136,3134,3136,217,362975,362930
2021-08-30 14:34:00.000000000,1630305240000000000,3136,3136,3134,3136,60,362930,362931
2021-08-30 14:35:00.000000000,1630305300000000000,3136,3136,3134,3136,606,362931,362747
2021-08-30 14:36:00.000000000,1630305360000000000,3136,3136,3134,3136,94,362747,362740
2021-08-30 14:37:00.000000000,1630305420000000000,3136,3136,3132,3134,882,362740,362772
2021-08-30 14:38:00.000000000,1630305480000000000,3134,3134,3132,3134,124,362772,362735
2021-08-30 14:39:00.000000000,1630305540000000000,3134,3136,3132,3134,842,362735,362571
2021-08-30 14:40:00.000000000,1630305600000000000,3134,3138,3134,3136,1189,362571,362310
2021-08-30 14:41:00.000000000,1630305660000000000,3136,3138,3134,3134,1357,362310,361676
2021-08-30 14:42:00.000000000,1630305720000000000,3134,3138,3134,3136,565,361676,361652
2021-08-30 14:43:00.000000000,1630305780000000000,3136,3138,3134,3134,712,361652,361410
2021-08-30 14:44:00.000000000,1630305840000000000,3134,3136,3132,3132,918,361410,361478
2021-08-30 14:45:00.000000000,1630305900000000000,3132,3134,3130,3132,2171,361478,360674
2021-08-30 14:46:00.000000000,1630305960000000000,3132,3134,3130,3130,431,360674,360459
2021-08-30 14:47:00.000000000,1630306020000000000,3130,3132,3126,3128,2351,360459,360017
2021-08-30 14:48:00.000000000,1630306080000000000,3128,3130,3126,3128,1625,360017,360218
2021-08-30 14:49:00.000000000,1630306140000000000,3128,3130,3126,3126,1199,360218,360245
2021-08-30 14:50:00.000000000,1630306200000000000,3126,3128,3124,3126,2521,360245,360213
2021-08-30 14:51:00.000000000,1630306260000000000,3126,3128,3124,3124,1120,360213,359946
2021-08-30 14:52:00.000000000,1630306320000000000,3124,3126,3122,3124,2013,359946,360667
2021-08-30 14:53:00.000000000,1630306380000000000,3124,3124,3122,3122,833,360667,360563
2021-08-30 14:54:00.000000000,1630306440000000000,3122,3124,3122,3124,1394,360563,360631
2021-08-30 14:55:00.000000000,1630306500000000000,3124,3126,3122,3126,2178,360631,361023
2021-08-30 14:56:00.000000000,1630306560000000000,3126,3128,3124,3128,835,361023,360972
2021-08-30 14:57:00.000000000,1630306620000000000,3128,3128,3126,3126,623,360972,360925
2021-08-30 14:58:00.000000000,1630306680000000000,3126,3128,3126,3128,976,360925,360693
2021-08-30 14:59:00.000000000,1630306740000000000,3128,3128,3124,3124,1784,360693,360376
2021-08-30 21:00:00.000000000,1630328400000000000,3148,3152,3142,3148,9748,360376,359656
2021-08-30 21:01:00.000000000,1630328460000000000,3148,3150,3138,3140,4018,359656,359901
2021-08-30 21:02:00.000000000,1630328520000000000,3140,3148,3140,3148,3782,359901,359768
2021-08-30 21:03:00.000000000,1630328580000000000,3148,3148,3142,3142,3123,359768,359907
2021-08-30 21:04:00.000000000,1630328640000000000,3142,3146,3140,3144,1433,359907,359809
2021-08-30 21:05:00.000000000,1630328700000000000,3144,3148,3144,3146,3089,359809,360405
2021-08-30 21:06:00.000000000,1630328760000000000,3146,3148,3142,3146,2384,360405,360237
2021-08-30 21:07:00.000000000,1630328820000000000,3146,3146,3142,3144,1610,360237,360184
2021-08-30 21:08:00.000000000,1630328880000000000,3144,3144,3140,3142,1912,360184,359772
2021-08-30 21:09:00.000000000,1630328940000000000,3142,3142,3136,3140,3164,359772,360269
2021-08-30 21:10:00.000000000,1630329000000000000,3140,3144,3140,3142,1635,360269,360111
2021-08-30 21:11:00.000000000,1630329060000000000,3142,3142,3140,3142,1896,360111,359878
2021-08-30 21:12:00.000000000,1630329120000000000,3142,3144,3140,3142,905,359878,359967
2021-08-30 21:13:00.000000000,1630329180000000000,3142,3144,3140,3140,1060,359967,359868
2021-08-30 21:14:00.000000000,1630329240000000000,3140,3144,3140,3142,1888,359868,360175
2021-08-30 21:15:00.000000000,1630329300000000000,3142,3144,3140,3142,1575,360175,360263
2021-08-30 21:16:00.000000000,1630329360000000000,3142,3144,3140,3140,1091,360263,360294
2021-08-30 21:17:00.000000000,1630329420000000000,3140,3142,3140,3140,926,360294,360438
2021-08-30 21:18:00.000000000,1630329480000000000,3140,3142,3138,3140,1880,360438,360546
2021-08-30 21:19:00.000000000,1630329540000000000,3140,3142,3138,3138,1633,360546,360434
2021-08-30 21:20:00.000000000,1630329600000000000,3138,3142,3138,3138,762,360434,360400
2021-08-30 21:21:00.000000000,1630329660000000000,3138,3140,3136,3136,1111,360400,360622
2021-08-30 21:22:00.000000000,1630329720000000000,3136,3138,3134,3134,1309,360622,360517
2021-08-30 21:23:00.000000000,1630329780000000000,3134,3138,3134,3136,1248,360517,360413
2021-08-30 21:24:00.000000000,1630329840000000000,3136,3136,3132,3134,1108,360413,360337
2021-08-30 21:25:00.000000000,1630329900000000000,3134,3138,3134,3136,1109,360337,360318
2021-08-30 21:26:00.000000000,1630329960000000000,3136,3138,3134,3138,759,360318,360346
2021-08-30 21:27:00.000000000,1630330020000000000,3138,3138,3134,3134,655,360346,360476
2021-08-30 21:28:00.000000000,1630330080000000000,3134,3140,3134,3140,1235,360476,360427
2021-08-30 21:29:00.000000000,1630330140000000000,3140,3140,3138,3140,924,360427,360663
2021-08-30 21:30:00.000000000,1630330200000000000,3140,3140,3134,3134,2006,360663,360754
2021-08-30 21:31:00.000000000,1630330260000000000,3134,3140,3134,3138,392,360754,360637
2021-08-30 21:32:00.000000000,1630330320000000000,3138,3140,3138,3140,133,360637,360662
2021-08-30 21:33:00.000000000,1630330380000000000,3140,3140,3136,3138,859,360662,360963
2021-08-30 21:34:00.000000000,1630330440000000000,3138,3138,3134,3136,1933,360963,361128
2021-08-30 21:35:00.000000000,1630330500000000000,3136,3136,3134,3134,618,361128,361364
2021-08-30 21:36:00.000000000,1630330560000000000,3134,3136,3134,3136,800,361364,361575
2021-08-30 21:37:00.000000000,1630330620000000000,3136,3136,3134,3136,282,361575,361686
2021-08-30 21:38:00.000000000,1630330680000000000,3136,3136,3134,3134,818,361686,361574
2021-08-30 21:39:00.000000000,1630330740000000000,3134,3136,3134,3136,421,361574,361575
2021-08-30 21:40:00.000000000,1630330800000000000,3136,3136,3132,3132,1862,361575,361493
2021-08-30 21:41:00.000000000,1630330860000000000,3132,3136,3132,3134,1705,361493,362009
2021-08-30 21:42:00.000000000,1630330920000000000,3134,3140,3134,3138,855,362009,362161
2021-08-30 21:43:00.000000000,1630330980000000000,3138,3140,3136,3138,721,362161,362095
2021-08-30 21:44:00.000000000,1630331040000000000,3138,3138,3136,3136,566,362095,361998
2021-08-30 21:45:00.000000000,1630331100000000000,3136,3140,3136,3138,1697,361998,362464
2021-08-30 21:46:00.000000000,1630331160000000000,3138,3140,3138,3140,363,362464,362427
2021-08-30 21:47:00.000000000,1630331220000000000,3140,3140,3138,3138,758,362427,362347
2021-08-30 21:48:00.000000000,1630331280000000000,3138,3140,3138,3138,601,362347,362278
2021-08-30 21:49:00.000000000,1630331340000000000,3138,3140,3138,3138,246,362278,362337
2021-08-30 21:50:00.000000000,1630331400000000000,3138,3140,3136,3138,370,362337,362304
2021-08-30 21:51:00.000000000,1630331460000000000,3138,3138,3136,3136,585,362304,362302
2021-08-30 21:52:00.000000000,1630331520000000000,3136,3138,3136,3136,91,362302,362269
2021-08-30 21:53:00.000000000,1630331580000000000,3136,3138,3134,3134,223,362269,362230
2021-08-30 21:54:00.000000000,1630331640000000000,3134,3138,3134,3136,678,362230,362233
2021-08-30 21:55:00.000000000,1630331700000000000,3136,3138,3134,3134,387,362233,362101
2021-08-30 21:56:00.000000000,1630331760000000000,3134,3138,3134,3138,1154,362101,361593
2021-08-30 21:57:00.000000000,1630331820000000000,3138,3138,3134,3134,459,361593,361239
2021-08-30 21:58:00.000000000,1630331880000000000,3134,3136,3134,3136,395,361239,361099
2021-08-30 21:59:00.000000000,1630331940000000000,3136,3136,3132,3132,295,361099,361150
2021-08-30 22:00:00.000000000,1630332000000000000,3132,3136,3132,3136,631,361150,361118
2021-08-30 22:01:00.000000000,1630332060000000000,3136,3136,3134,3134,545,361118,361207
2021-08-30 22:02:00.000000000,1630332120000000000,3134,3136,3134,3134,611,361207,361259
2021-08-30 22:03:00.000000000,1630332180000000000,3134,3136,3134,3136,452,361259,361267
2021-08-30 22:04:00.000000000,1630332240000000000,3136,3136,3132,3132,273,361267,361329
2021-08-30 22:05:00.000000000,1630332300000000000,3132,3136,3132,3134,246,361329,361182
2021-08-30 22:06:00.000000000,1630332360000000000,3134,3136,3134,3134,435,361182,361176
2021-08-30 22:07:00.000000000,1630332420000000000,3134,3136,3134,3136,68,361176,361158
2021-08-30 22:08:00.000000000,1630332480000000000,3136,3136,3134,3134,40,361158,361158
2021-08-30 22:09:00.000000000,1630332540000000000,3134,3136,3134,3136,555,361158,361081
2021-08-30 22:10:00.000000000,1630332600000000000,3136,3136,3134,3134,593,361081,361011
2021-08-30 22:11:00.000000000,1630332660000000000,3134,3136,3132,3134,867,361011,361245
2021-08-30 22:12:00.000000000,1630332720000000000,3134,3136,3134,3134,1165,361245,361356
2021-08-30 22:13:00.000000000,1630332780000000000,3134,3136,3134,3134,333,361356,361437
2021-08-30 22:14:00.000000000,1630332840000000000,3134,3136,3132,3134,287,361437,361358
2021-08-30 22:15:00.000000000,1630332900000000000,3134,3136,3134,3134,527,361358,361462
2021-08-30 22:16:00.000000000,1630332960000000000,3134,3136,3134,3136,533,361462,361461
2021-08-30 22:17:00.000000000,1630333020000000000,3136,3138,3134,3136,692,361461,361389
2021-08-30 22:18:00.000000000,1630333080000000000,3136,3138,3134,3136,225,361389,361320
2021-08-30 22:19:00.000000000,1630333140000000000,3136,3138,3136,3136,481,361320,361209
2021-08-30 22:20:00.000000000,1630333200000000000,3136,3138,3136,3136,85,361209,361251
2021-08-30 22:21:00.000000000,1630333260000000000,3136,3138,3136,3136,89,361251,361246
2021-08-30 22:22:00.000000000,1630333320000000000,3136,3138,3136,3138,53,361246,361229
2021-08-30 22:23:00.000000000,1630333380000000000,3138,3140,3136,3140,1561,361229,361114
2021-08-30 22:24:00.000000000,1630333440000000000,3140,3142,3138,3142,628,361114,361059
2021-08-30 22:25:00.000000000,1630333500000000000,3142,3142,3138,3140,945,361059,361320
2021-08-30 22:26:00.000000000,1630333560000000000,3140,3142,3138,3140,916,361320,361321
2021-08-30 22:27:00.000000000,1630333620000000000,3140,3140,3138,3140,626,361321,361240
2021-08-30 22:28:00.000000000,1630333680000000000,3140,3140,3136,3138,1760,361240,361582
2021-08-30 22:29:00.000000000,1630333740000000000,3138,3140,3136,3140,278,361582,361509
2021-08-30 22:30:00.000000000,1630333800000000000,3140,3140,3138,3140,128,361509,361451
2021-08-30 22:31:00.000000000,1630333860000000000,3140,3140,3138,3138,139,361451,361461
2021-08-30 22:32:00.000000000,1630333920000000000,3138,3138,3136,3138,1154,361461,361485
2021-08-30 22:33:00.000000000,1630333980000000000,3138,3138,3136,3138,46,361485,361468
2021-08-30 22:34:00.000000000,1630334040000000000,3138,3138,3136,3136,57,361468,361477
2021-08-30 22:35:00.000000000,1630334100000000000,3136,3138,3136,3136,956,361477,361501
2021-08-30 22:36:00.000000000,1630334160000000000,3136,3136,3134,3134,228,361501,361440
2021-08-30 22:37:00.000000000,1630334220000000000,3134,3140,3134,3138,645,361440,361653
2021-08-30 22:38:00.000000000,1630334280000000000,3138,3140,3136,3138,521,361653,361639
2021-08-30 22:39:00.000000000,1630334340000000000,3138,3140,3136,3138,270,361639,361603
2021-08-30 22:40:00.000000000,1630334400000000000,3138,3140,3136,3138,514,361603,361692
2021-08-30 22:41:00.000000000,1630334460000000000,3138,3140,3138,3138,36,361692,361690
2021-08-30 22:42:00.000000000,1630334520000000000,3138,3140,3138,3140,883,361690,361975
2021-08-30 22:43:00.000000000,1630334580000000000,3140,3142,3138,3140,249,361975,361878
2021-08-30 22:44:00.000000000,1630334640000000000,3140,3142,3140,3142,577,361878,361810
2021-08-30 22:45:00.000000000,1630334700000000000,3142,3144,3142,3144,682,361810,361721
2021-08-30 22:46:00.000000000,1630334760000000000,3144,3146,3142,3146,761,361721,361718
2021-08-30 22:47:00.000000000,1630334820000000000,3146,3146,3144,3146,432,361718,361692
2021-08-30 22:48:00.000000000,1630334880000000000,3146,3146,3144,3146,322,361692,361696
2021-08-30 22:49:00.000000000,1630334940000000000,3146,3146,3144,3146,455,361696,361740
2021-08-30 22:50:00.000000000,1630335000000000000,3146,3146,3144,3144,710,361740,361596
2021-08-30 22:51:00.000000000,1630335060000000000,3144,3146,3142,3142,958,361596,361552
2021-08-30 22:52:00.000000000,1630335120000000000,3142,3144,3140,3144,601,361552,361657
2021-08-30 22:53:00.000000000,1630335180000000000,3144,3144,3142,3142,68,361657,361647
2021-08-30 22:54:00.000000000,1630335240000000000,3142,3144,3142,3142,249,361647,361563
2021-08-30 22:55:00.000000000,1630335300000000000,3142,3144,3142,3142,284,361563,361443
2021-08-30 22:56:00.000000000,1630335360000000000,3142,3144,3142,3142,220,361443,361330
2021-08-30 22:57:00.000000000,1630335420000000000,3142,3144,3140,3142,820,361330,361363
2021-08-30 22:58:00.000000000,1630335480000000000,3142,3144,3142,3144,272,361363,361305
2021-08-30 22:59:00.000000000,1630335540000000000,3144,3144,3140,3142,902,361305,360986
2021-08-31 09:00:00.000000000,1630371600000000000,3150,3150,3142,3144,4255,360986,360369
2021-08-31 09:01:00.000000000,1630371660000000000,3144,3144,3138,3140,2347,360369,360194
2021-08-31 09:02:00.000000000,1630371720000000000,3140,3142,3140,3140,1017,360194,360241
2021-08-31 09:03:00.000000000,1630371780000000000,3140,3142,3138,3140,625,360241,360232
2021-08-31 09:04:00.000000000,1630371840000000000,3140,3140,3134,3136,1713,360232,360536
2021-08-31 09:05:00.000000000,1630371900000000000,3136,3142,3136,3138,1161,360536,360418
2021-08-31 09:06:00.000000000,1630371960000000000,3138,3144,3138,3142,667,360418,360565
2021-08-31 09:07:00.000000000,1630372020000000000,3142,3148,3142,3148,1720,360565,359972
2021-08-31 09:08:00.000000000,1630372080000000000,3148,3148,3144,3146,1516,359972,359662
2021-08-31 09:09:00.000000000,1630372140000000000,3146,3154,3146,3152,2806,359662,359951
2021-08-31 09:10:00.000000000,1630372200000000000,3152,3152,3150,3152,956,359951,360004
2021-08-31 09:11:00.000000000,1630372260000000000,3152,3152,3148,3150,856,360004,360206
2021-08-31 09:12:00.000000000,1630372320000000000,3150,3150,3146,3146,999,360206,360080
2021-08-31 09:13:00.000000000,1630372380000000000,3146,3152,3146,3150,1133,360080,360524
2021-08-31 09:14:00.000000000,1630372440000000000,3150,3152,3148,3150,861,360524,360452
2021-08-31 09:15:00.000000000,1630372500000000000,3150,3152,3148,3150,497,360452,360397
2021-08-31 09:16:00.000000000,1630372560000000000,3150,3150,3146,3148,527,360397,360494
2021-08-31 09:17:00.000000000,1630372620000000000,3148,3148,3146,3146,169,360494,360461
2021-08-31 09:18:00.000000000,1630372680000000000,3146,3148,3144,3144,810,360461,360470
2021-08-31 09:19:00.000000000,1630372740000000000,3144,3146,3142,3142,414,360470,360416
2021-08-31 09:20:00.000000000,1630372800000000000,3142,3146,3142,3144,665,360416,360199
2021-08-31 09:21:00.000000000,1630372860000000000,3144,3146,3144,3144,348,360199,359998
2021-08-31 09:22:00.000000000,1630372920000000000,3144,3146,3144,3144,495,359998,359727
2021-08-31 09:23:00.000000000,1630372980000000000,3144,3144,3140,3142,1087,359727,359637
2021-08-31 09:24:00.000000000,1630373040000000000,3142,3144,3140,3142,431,359637,359693
2021-08-31 09:25:00.000000000,1630373100000000000,3142,3144,3140,3142,561,359693,359523
2021-08-31 09:26:00.000000000,1630373160000000000,3142,3144,3142,3144,130,359523,359515
2021-08-31 09:27:00.000000000,1630373220000000000,3144,3144,3142,3144,111,359515,359503
2021-08-31 09:28:00.000000000,1630373280000000000,3144,3144,3142,3144,165,359503,359586
2021-08-31 09:29:00.000000000,1630373340000000000,3144,3144,3140,3142,1089,359586,359129
2021-08-31 09:30:00.000000000,1630373400000000000,3142,3142,3140,3142,256,359129,359184
2021-08-31 09:31:00.000000000,1630373460000000000,3142,3144,3140,3142,808,359184,358925
2021-08-31 09:32:00.000000000,1630373520000000000,3142,3142,3140,3140,105,358925,358908
2021-08-31 09:33:00.000000000,1630373580000000000,3140,3144,3140,3142,708,358908,358908
2021-08-31 09:34:00.000000000,1630373640000000000,3142,3142,3140,3140,256,358908,358819
2021-08-31 09:35:00.000000000,1630373700000000000,3140,3144,3140,3144,572,358819,358693
2021-08-31 09:36:00.000000000,1630373760000000000,3144,3144,3142,3144,150,358693,358685
2021-08-31 09:37:00.000000000,1630373820000000000,3144,3144,3140,3140,845,358685,358673
2021-08-31 09:38:00.000000000,1630373880000000000,3140,3144,3140,3142,399,358673,358509
2021-08-31 09:39:00.000000000,1630373940000000000,3142,3144,3142,3144,107,358509,358469
2021-08-31 09:40:00.000000000,1630374000000000000,3144,3144,3142,3144,204,358469,358424
2021-08-31 09:41:00.000000000,1630374060000000000,3144,3144,3142,3144,180,358424,358482
2021-08-31 09:42:00.000000000,1630374120000000000,3144,3144,3142,3142,108,358482,358430
2021-08-31 09:43:00.000000000,1630374180000000000,3142,3144,3142,3144,570,358430,358171
2021-08-31 09:44:00.000000000,1630374240000000000,3144,3146,3142,3146,409,358171,358311
2021-08-31 09:45:00.000000000,1630374300000000000,3146,3146,3144,3146,156,358311,358193
2021-08-31 09:46:00.000000000,1630374360000000000,3146,3146,3144,3144,785,358193,358290
2021-08-31 09:47:00.000000000,1630374420000000000,3144,3146,3144,3144,338,358290,358122
2021-08-31 09:48:00.000000000,1630374480000000000,3144,3144,3142,3142,46,358122,358116
2021-08-31 09:49:00.000000000,1630374540000000000,3142,3144,3142,3142,80,358116,358074
2021-08-31 09:50:00.000000000,1630374600000000000,3142,3144,3142,3144,114,358074,358047
2021-08-31 09:51:00.000000000,1630374660000000000,3144,3144,3140,3142,524,358047,357993
2021-08-31 09:52:00.000000000,1630374720000000000,3142,3142,3140,3142,129,357993,358012
2021-08-31 09:53:00.000000000,1630374780000000000,3142,3142,3140,3140,157,358012,358019
2021-08-31 09:54:00.000000000,1630374840000000000,3140,3142,3140,3142,99,358019,358012
2021-08-31 09:55:00.000000000,1630374900000000000,3142,3142,3140,3140,223,358012,358111
2021-08-31 09:56:00.000000000,1630374960000000000,3140,3142,3140,3140,147,358111,358108
2021-08-31 09:57:00.000000000,1630375020000000000,3140,3142,3140,3142,71,358108,358112
2021-08-31 09:58:00.000000000,1630375080000000000,3142,3142,3138,3138,618,358112,358284
2021-08-31 09:59:00.000000000,1630375140000000000,3138,3140,3138,3140,339,358284,358301
2021-08-31 10:00:00.000000000,1630375200000000000,3140,3140,3138,3138,351,358301,358365
2021-08-31 10:01:00.000000000,1630375260000000000,3138,3140,3136,3136,838,358365,358371
2021-08-31 10:02:00.000000000,1630375320000000000,3136,3138,3136,3136,352,358371,358495
2021-08-31 10:03:00.000000000,1630375380000000000,3136,3138,3136,3138,175,358495,358494
2021-08-31 10:04:00.000000000,1630375440000000000,3138,3138,3136,3136,416,358494,358574
2021-08-31 10:05:00.000000000,1630375500000000000,3136,3140,3136,3138,681,358574,358537
2021-08-31 10:06:00.000000000,1630375560000000000,3138,3142,3138,3142,593,358537,358553
2021-08-31 10:07:00.000000000,1630375620000000000,3142,3142,3140,3142,132,358553,358549
2021-08-31 10:08:00.000000000,1630375680000000000,3142,3142,3140,3140,76,358549,358534
2021-08-31 10:09:00.000000000,1630375740000000000,3140,3142,3140,3142,720,358534,358611
2021-08-31 10:10:00.000000000,1630375800000000000,3142,3144,3142,3142,231,358611,358608
2021-08-31 10:11:00.000000000,1630375860000000000,3142,3144,3142,3142,62,358608,358598
2021-08-31 10:12:00.000000000,1630375920000000000,3142,3144,3142,3142,69,358598,358596
2021-08-31 10:13:00.000000000,1630375980000000000,3142,3144,3142,3142,79,358596,358609
2021-08-31 10:14:00.000000000,1630376040000000000,3142,3144,3138,3138,658,358609,358622
2021-08-31 10:30:00.000000000,1630377000000000000,3138,3138,3134,3136,1450,358622,358555
2021-08-31 10:31:00.000000000,1630377060000000000,3136,3138,3134,3136,715,358555,358649
2021-08-31 10:32:00.000000000,1630377120000000000,3136,3138,3136,3138,89,358649,358649
2021-08-31 10:33:00.000000000,1630377180000000000,3138,3138,3136,3138,97,358649,358591
2021-08-31 10:34:00.000000000,1630377240000000000,3138,3142,3136,3142,779,358591,358675
2021-08-31 10:35:00.000000000,1630377300000000000,3142,3142,3138,3140,494,358675,358685
2021-08-31 10:36:00.000000000,1630377360000000000,3140,3140,3138,3140,41,358685,358692
2021-08-31 10:37:00.000000000,1630377420000000000,3140,3140,3138,3138,260,358692,358650
2021-08-31 10:38:00.000000000,1630377480000000000,3138,3140,3138,3138,243,358650,358616
2021-08-31 10:39:00.000000000,1630377540000000000,3138,3140,3138,3140,75,358616,358634
2021-08-31 10:40:00.000000000,1630377600000000000,3140,3142,3138,3138,702,358634,358745
2021-08-31 10:41:00.000000000,1630377660000000000,3138,3142,3138,3142,463,358745,358582
2021-08-31 10:42:00.000000000,1630377720000000000,3142,3142,3138,3142,374,358582,358607
2021-08-31 10:43:00.000000000,1630377780000000000,3142,3142,3140,3140,62,358607,358627
2021-08-31 10:44:00.000000000,1630377840000000000,3140,3142,3140,3142,159,358627,358673
2021-08-31 10:45:00.000000000,1630377900000000000,3142,3142,3140,3142,47,358673,358686
2021-08-31 10:46:00.000000000,1630377960000000000,3142,3142,3140,3140,75,358686,358680
2021-08-31 10:47:00.000000000,1630378020000000000,3140,3142,3140,3140,128,358680,358662
2021-08-31 10:48:00.000000000,1630378080000000000,3140,3142,3138,3138,366,358662,358716
2021-08-31 10:49:00.000000000,1630378140000000000,3138,3140,3138,3140,73,358716,358682
2021-08-31 10:50:00.000000000,1630378200000000000,3140,3140,3136,3138,504,358682,358753
2021-08-31 10:51:00.000000000,1630378260000000000,3138,3138,3134,3136,493,358753,358839
2021-08-31 10:52:00.000000000,1630378320000000000,3136,3136,3134,3136,270,358839,358840
2021-08-31 10:53:00.000000000,1630378380000000000,3136,3136,3132,3132,1542,358840,359044
2021-08-31 10:54:00.000000000,1630378440000000000,3132,3134,3128,3130,1554,359044,359216
2021-08-31 10:55:00.000000000,1630378500000000000,3130,3132,3126,3132,2034,359216,359474
2021-08-31 10:56:00.000000000,1630378560000000000,3132,3132,3128,3130,1453,359474,359361
2021-08-31 10:57:00.000000000,1630378620000000000,3130,3130,3128,3130,399,359361,359352
2021-08-31 10:58:00.000000000,1630378680000000000,3130,3130,3128,3130,480,359352,359598
2021-08-31 10:59:00.000000000,1630378740000000000,3130,3130,3128,3128,680,359598,359850
2021-08-31 11:00:00.000000000,1630378800000000000,3128,3130,3122,3122,2051,359850,360245
2021-08-31 11:01:00.000000000,1630378860000000000,3122,3128,3122,3126,2342,360245,360367
2021-08-31 11:02:00.000000000,1630378920000000000,3126,3126,3120,3120,2077,360367,360666
2021-08-31 11:03:00.000000000,1630378980000000000,3120,3126,3120,3126,1115,360666,360595
2021-08-31 11:04:00.000000000,1630379040000000000,3126,3126,3124,3126,696,360595,360739
2021-08-31 11:05:00.000000000,1630379100000000000,3126,3132,3124,3132,1246,360739,360690
2021-08-31 11:06:00.000000000,1630379160000000000,3132,3132,3130,3132,317,360690,360790
2021-08-31 11:07:00.000000000,1630379220000000000,3132,3132,3130,3132,165,360790,360830
2021-08-31 11:08:00.000000000,1630379280000000000,3132,3134,3130,3134,564,360830,360818
2021-08-31 11:09:00.000000000,1630379340000000000,3134,3134,3132,3132,810,360818,360608
2021-08-31 11:10:00.000000000,1630379400000000000,3132,3134,3132,3134,242,360608,360605
2021-08-31 11:11:00.000000000,1630379460000000000,3134,3134,3130,3132,673,360605,360560
2021-08-31 11:12:00.000000000,1630379520000000000,3132,3134,3130,3134,476,360560,360469
2021-08-31 11:13:00.000000000,1630379580000000000,3134,3134,3130,3130,252,360469,360362
2021-08-31 11:14:00.000000000,1630379640000000000,3130,3134,3130,3134,370,360362,360381
2021-08-31 11:15:00.000000000,1630379700000000000,3134,3138,3132,3138,1265,360381,360396
2021-08-31 11:16:00.000000000,1630379760000000000,3138,3138,3136,3138,305,360396,360446
2021-08-31 11:17:00.000000000,1630379820000000000,3138,3138,3134,3136,965,360446,360230
2021-08-31 11:18:00.000000000,1630379880000000000,3136,3138,3134,3136,552,360230,360098
2021-08-31 11:19:00.000000000,1630379940000000000,3136,3136,3134,3136,791,360098,360113
2021-08-31 11:20:00.000000000,1630380000000000000,3136,3136,3134,3136,636,360113,360285
2021-08-31 11:21:00.000000000,1630380060000000000,3136,3138,3136,3136,201,360285,360205
2021-08-31 11:22:00.000000000,1630380120000000000,3136,3138,3132,3134,641,360205,359931
2021-08-31 11:23:00.000000000,1630380180000000000,3134,3136,3132,3136,349,359931,359862
2021-08-31 11:24:00.000000000,1630380240000000000,3136,3136,3134,3136,64,359862,359892
2021-08-31 11:25:00.000000000,1630380300000000000,3136,3136,3134,3136,466,359892,359779
2021-08-31 11:26:00.000000000,1630380360000000000,3136,3136,3134,3134,93,359779,359805
2021-08-31 11:27:00.000000000,1630380420000000000,3134,3136,3132,3132,561,359805,359664
2021-08-31 11:28:00.000000000,1630380480000000000,3132,3134,3132,3132,263,359664,359657
2021-08-31 11:29:00.000000000,1630380540000000000,3132,3134,3130,3132,686,359657,359323
2021-08-31 13:30:00.000000000,1630387800000000000,3138,3140,3134,3136,2811,359323,359065
2021-08-31 13:31:00.000000000,1630387860000000000,3136,3138,3134,3136,699,359065,358828
2021-08-31 13:32:00.000000000,1630387920000000000,3136,3140,3136,3138,1870,358828,358685
2021-08-31 13:33:00.000000000,1630387980000000000,3138,3138,3136,3138,140,358685,358699
2021-08-31 13:34:00.000000000,1630388040000000000,3138,3138,3136,3136,183,358699,358635
2021-08-31 13:35:00.000000000,1630388100000000000,3136,3138,3136,3136,147,358635,358619
2021-08-31 13:36:00.000000000,1630388160000000000,3136,3138,3136,3136,139,358619,358600
2021-08-31 13:37:00.000000000,1630388220000000000,3136,3140,3136,3140,553,358600,358553
2021-08-31 13:38:00.000000000,1630388280000000000,3140,3140,3136,3136,475,358553,358457
2021-08-31 13:39:00.000000000,1630388340000000000,3136,3138,3134,3134,604,358457,358618
2021-08-31 13:40:00.000000000,1630388400000000000,3134,3136,3134,3134,525,358618,358820
2021-08-31 13:41:00.000000000,1630388460000000000,3134,3134,3132,3134,327,358820,358855
2021-08-31 13:42:00.000000000,1630388520000000000,3134,3134,3132,3132,109,358855,358879
2021-08-31 13:43:00.000000000,1630388580000000000,3132,3136,3132,3134,609,358879,358868
2021-08-31 13:44:00.000000000,1630388640000000000,3134,3136,3130,3130,873,358868,358957
2021-08-31 13:45:00.000000000,1630388700000000000,3130,3134,3130,3134,1263,358957,359173
2021-08-31 13:46:00.000000000,1630388760000000000,3134,3134,3130,3134,1370,359173,359325
2021-08-31 13:47:00.000000000,1630388820000000000,3134,3134,3132,3134,183,359325,359300
2021-08-31 13:48:00.000000000,1630388880000000000,3134,3138,3134,3136,890,359300,359431
2021-08-31 13:49:00.000000000,1630388940000000000,3136,3140,3134,3138,1973,359431,359195
2021-08-31 13:50:00.000000000,1630389000000000000,3138,3140,3136,3136,240,359195,359237
2021-08-31 13:51:00.000000000,1630389060000000000,3136,3138,3136,3138,227,359237,359164
2021-08-31 13:52:00.000000000,1630389120000000000,3138,3138,3136,3138,178,359164,359187
2021-08-31 13:53:00.000000000,1630389180000000000,3138,3138,3136,3138,141,359187,359196
2021-08-31 13:54:00.000000000,1630389240000000000,3138,3138,3136,3136,684,359196,358932
2021-08-31 13:55:00.000000000,1630389300000000000,3136,3136,3134,3134,247,358932,358823
2021-08-31 13:56:00.000000000,1630389360000000000,3134,3136,3134,3134,689,358823,358941
2021-08-31 13:57:00.000000000,1630389420000000000,3134,3134,3132,3134,131,358941,358838
2021-08-31 13:58:00.000000000,1630389480000000000,3134,3134,3132,3132,255,358838,358837
2021-08-31 13:59:00.000000000,1630389540000000000,3132,3136,3132,3132,821,358837,358809
2021-08-31 14:00:00.000000000,1630389600000000000,3132,3134,3130,3132,615,358809,358964
2021-08-31 14:01:00.000000000,1630389660000000000,3132,3136,3130,3134,1204,358964,358986
2021-08-31 14:02:00.000000000,1630389720000000000,3134,3136,3134,3136,210,358986,358929
2021-08-31 14:03:00.000000000,1630389780000000000,3136,3136,3134,3134,229,358929,358909
2021-08-31 14:04:00.000000000,1630389840000000000,3134,3136,3134,3136,645,358909,358912
2021-08-31 14:05:00.000000000,1630389900000000000,3136,3138,3134,3136,1184,358912,358890
2021-08-31 14:06:00.000000000,1630389960000000000,3136,3136,3134,3136,101,358890,358875
2021-08-31 14:07:00.000000000,1630390020000000000,3136,3136,3134,3136,149,358875,358919
2021-08-31 14:08:00.000000000,1630390080000000000,3136,3136,3132,3134,812,358919,358812
2021-08-31 14:09:00.000000000,1630390140000000000,3134,3136,3132,3136,387,358812,358738
2021-08-31 14:10:00.000000000,1630390200000000000,3136,3136,3132,3134,263,358738,358729
2021-08-31 14:11:00.000000000,1630390260000000000,3134,3134,3132,3134,253,358729,358731
2021-08-31 14:12:00.000000000,1630390320000000000,3134,3134,3132,3134,92,358731,358775
2021-08-31 14:13:00.000000000,1630390380000000000,3134,3138,3132,3136,784,358775,359068
2021-08-31 14:14:00.000000000,1630390440000000000,3136,3138,3134,3136,638,359068,359261
2021-08-31 14:15:00.000000000,1630390500000000000,3136,3138,3136,3136,514,359261,359177
2021-08-31 14:16:00.000000000,1630390560000000000,3136,3138,3136,3136,642,359177,359250
2021-08-31 14:17:00.000000000,1630390620000000000,3136,3140,3136,3138,893,359250,359208
2021-08-31 14:18:00.000000000,1630390680000000000,3138,3140,3138,3140,405,359208,359196
2021-08-31 14:19:00.000000000,1630390740000000000,3140,3142,3138,3142,626,359196,359165
2021-08-31 14:20:00.000000000,1630390800000000000,3142,3142,3140,3142,1155,359165,359105
2021-08-31 14:21:00.000000000,1630390860000000000,3142,3142,3140,3140,389,359105,358975
2021-08-31 14:22:00.000000000,1630390920000000000,3140,3142,3140,3140,945,358975,359047
2021-08-31 14:23:00.000000000,1630390980000000000,3140,3146,3140,3146,2303,359047,358617
2021-08-31 14:24:00.000000000,1630391040000000000,3146,3146,3142,3146,1226,358617,358469
2021-08-31 14:25:00.000000000,1630391100000000000,3146,3148,3144,3148,1250,358469,358523
2021-08-31 14:26:00.000000000,1630391160000000000,3148,3148,3144,3148,1782,358523,358357
2021-08-31 14:27:00.000000000,1630391220000000000,3148,3148,3146,3146,1020,358357,358388
2021-08-31 14:28:00.000000000,1630391280000000000,3146,3152,3146,3152,2936,358388,358125
2021-08-31 14:29:00.000000000,1630391340000000000,3152,3152,3148,3150,1652,358125,358459
2021-08-31 14:30:00.000000000,1630391400000000000,3150,3152,3148,3150,1520,358459,358385
2021-08-31 14:31:00.000000000,1630391460000000000,3150,3152,3148,3148,587,358385,358446
2021-08-31 14:32:00.000000000,1630391520000000000,3148,3150,3148,3148,1100,358446,358402
2021-08-31 14:33:00.000000000,1630391580000000000,3148,3150,3146,3148,841,358402,358541
2021-08-31 14:34:00.000000000,1630391640000000000,3148,3150,3146,3146,956,358541,358712
2021-08-31 14:35:00.000000000,1630391700000000000,3146,3148,3146,3148,229,358712,358676
2021-08-31 14:36:00.000000000,1630391760000000000,3148,3150,3146,3148,622,358676,358587
2021-08-31 14:37:00.000000000,1630391820000000000,3148,3148,3146,3146,660,358587,358723
2021-08-31 14:38:00.000000000,1630391880000000000,3146,3148,3144,3144,966,358723,358721
2021-08-31 14:39:00.000000000,1630391940000000000,3144,3146,3144,3144,614,358721,358593
2021-08-31 14:40:00.000000000,1630392000000000000,3144,3146,3142,3144,712,358593,358431
2021-08-31 14:41:00.000000000,1630392060000000000,3144,3144,3142,3142,157,358431,358411
2021-08-31 14:42:00.000000000,1630392120000000000,3142,3144,3140,3140,716,358411,358368
2021-08-31 14:43:00.000000000,1630392180000000000,3140,3142,3140,3142,288,358368,358437
2021-08-31 14:44:00.000000000,1630392240000000000,3142,3142,3138,3140,827,358437,358379
2021-08-31 14:45:00.000000000,1630392300000000000,3140,3140,3134,3134,2510,358379,358038
2021-08-31 14:46:00.000000000,1630392360000000000,3134,3138,3132,3136,1995,358038,358374
2021-08-31 14:47:00.000000000,1630392420000000000,3136,3138,3134,3138,1236,358374,357564
2021-08-31 14:48:00.000000000,1630392480000000000,3138,3140,3136,3140,807,357564,357300
2021-08-31 14:49:00.000000000,1630392540000000000,3140,3142,3138,3142,1036,357300,356759
2021-08-31 14:50:00.000000000,1630392600000000000,3142,3142,3138,3138,877,356759,356808
2021-08-31 14:51:00.000000000,1630392660000000000,3138,3140,3136,3138,1464,356808,357004
2021-08-31 14:52:00.000000000,1630392720000000000,3138,3140,3136,3138,1395,357004,357487
2021-08-31 14:53:00.000000000,1630392780000000000,3138,3138,3134,3136,643,357487,357504
2021-08-31 14:54:00.000000000,1630392840000000000,3136,3136,3134,3136,236,357504,357554
2021-08-31 14:55:00.000000000,1630392900000000000,3136,3136,3132,3132,1798,357554,357211
2021-08-31 14:56:00.000000000,1630392960000000000,3132,3136,3132,3132,1688,357211,357274
2021-08-31 14:57:00.000000000,1630393020000000000,3132,3136,3132,3134,1231,357274,357003
2021-08-31 14:58:00.000000000,1630393080000000000,3134,3134,3132,3132,771,357003,356670
2021-08-31 14:59:00.000000000,1630393140000000000,3132,3136,3132,3134,2190,356670,356335
