datetime,datetime_nano,DCE.v2509.open,DCE.v2509.high,DCE.v2509.low,DCE.v2509.close,DCE.v2509.volume,DCE.v2509.open_oi,DCE.v2509.close_oi
2025-07-31 21:00:00.000000000,1753966800000000000,5040,5056,5038,5047,26266,776493,774989
2025-07-31 21:01:00.000000000,1753966860000000000,5047,5061,5047,5059,15536,774989,775266
2025-07-31 21:02:00.000000000,1753966920000000000,5059,5060,5055,5058,10773,775266,776416
2025-07-31 21:03:00.000000000,1753966980000000000,5058,5060,5052,5058,7970,776416,776653
2025-07-31 21:04:00.000000000,1753967040000000000,5058,5060,5048,5049,10127,776653,777431
2025-07-31 21:05:00.000000000,1753967100000000000,5049,5053,5045,5045,6402,777431,778476
2025-07-31 21:06:00.000000000,1753967160000000000,5045,5051,5045,5049,7254,778476,779728
2025-07-31 21:07:00.000000000,1753967220000000000,5049,5052,5048,5051,2903,779728,779995
2025-07-31 21:08:00.000000000,1753967280000000000,5051,5051,5045,5045,3328,779995,780139
2025-07-31 21:09:00.000000000,1753967340000000000,5045,5048,5043,5044,4410,780139,780008
2025-07-31 21:10:00.000000000,1753967400000000000,5044,5053,5044,5053,4762,780008,779611
2025-07-31 21:11:00.000000000,1753967460000000000,5053,5054,5051,5051,2708,779611,779464
2025-07-31 21:12:00.000000000,1753967520000000000,5051,5053,5048,5052,2271,779464,779649
2025-07-31 21:13:00.000000000,1753967580000000000,5052,5053,5050,5051,2662,779649,779944
2025-07-31 21:14:00.000000000,1753967640000000000,5051,5054,5049,5049,1678,779944,779993
2025-07-31 21:15:00.000000000,1753967700000000000,5049,5054,5049,5052,1791,779993,779915
2025-07-31 21:16:00.000000000,1753967760000000000,5052,5056,5050,5053,3562,779915,779419
2025-07-31 21:17:00.000000000,1753967820000000000,5053,5054,5049,5050,2948,779419,779592
2025-07-31 21:18:00.000000000,1753967880000000000,5050,5052,5043,5045,4470,779592,779756
2025-07-31 21:19:00.000000000,1753967940000000000,5045,5047,5044,5045,2244,779756,779791
2025-07-31 21:20:00.000000000,1753968000000000000,5045,5048,5045,5045,2156,779791,779865
2025-07-31 21:21:00.000000000,1753968060000000000,5045,5047,5040,5042,3644,779865,779458
2025-07-31 21:22:00.000000000,1753968120000000000,5042,5047,5040,5046,3585,779458,779140
2025-07-31 21:23:00.000000000,1753968180000000000,5046,5051,5045,5051,2829,779140,778648
2025-07-31 21:24:00.000000000,1753968240000000000,5051,5054,5051,5053,3905,778648,778280
2025-07-31 21:25:00.000000000,1753968300000000000,5053,5053,5048,5050,3291,778280,778698
2025-07-31 21:26:00.000000000,1753968360000000000,5050,5050,5046,5047,1981,778698,778451
2025-07-31 21:27:00.000000000,1753968420000000000,5047,5049,5044,5045,2857,778451,778409
2025-07-31 21:28:00.000000000,1753968480000000000,5045,5051,5045,5049,2026,778409,778284
2025-07-31 21:29:00.000000000,1753968540000000000,5049,5050,5045,5047,2403,778284,778292
2025-07-31 21:30:00.000000000,1753968600000000000,5047,5047,5042,5044,4018,778292,778799
2025-07-31 21:31:00.000000000,1753968660000000000,5044,5046,5043,5045,3112,778799,778057
2025-07-31 21:32:00.000000000,1753968720000000000,5045,5046,5042,5044,2769,778057,777776
2025-07-31 21:33:00.000000000,1753968780000000000,5044,5044,5036,5040,6583,777776,778147
2025-07-31 21:34:00.000000000,1753968840000000000,5040,5042,5039,5042,2502,778147,778168
2025-07-31 21:35:00.000000000,1753968900000000000,5042,5050,5041,5048,4887,778168,778318
2025-07-31 21:36:00.000000000,1753968960000000000,5048,5053,5048,5050,3753,778318,778296
2025-07-31 21:37:00.000000000,1753969020000000000,5050,5052,5049,5050,1541,778296,778076
2025-07-31 21:38:00.000000000,1753969080000000000,5050,5056,5050,5055,4953,778076,777738
2025-07-31 21:39:00.000000000,1753969140000000000,5055,5058,5053,5057,4562,777738,777604
2025-07-31 21:40:00.000000000,1753969200000000000,5057,5063,5053,5057,12029,777604,776678
2025-07-31 21:41:00.000000000,1753969260000000000,5057,5061,5055,5055,4059,776678,777269
2025-07-31 21:42:00.000000000,1753969320000000000,5055,5057,5053,5057,2743,777269,777200
2025-07-31 21:43:00.000000000,1753969380000000000,5057,5059,5054,5056,2106,777200,777409
2025-07-31 21:44:00.000000000,1753969440000000000,5056,5060,5056,5059,2384,777409,777145
2025-07-31 21:45:00.000000000,1753969500000000000,5059,5061,5058,5060,2987,777145,777082
2025-07-31 21:46:00.000000000,1753969560000000000,5060,5061,5058,5059,2122,777082,777586
2025-07-31 21:47:00.000000000,1753969620000000000,5059,5061,5056,5057,3859,777586,777483
2025-07-31 21:48:00.000000000,1753969680000000000,5057,5059,5055,5059,2566,777483,777720
2025-07-31 21:49:00.000000000,1753969740000000000,5059,5060,5057,5058,1267,777720,777623
2025-07-31 21:50:00.000000000,1753969800000000000,5058,5060,5057,5059,829,777623,777856
2025-07-31 21:51:00.000000000,1753969860000000000,5059,5060,5058,5058,1382,777856,777846
2025-07-31 21:52:00.000000000,1753969920000000000,5058,5060,5057,5059,1382,777846,777924
2025-07-31 21:53:00.000000000,1753969980000000000,5059,5062,5057,5059,3448,777924,778392
2025-07-31 21:54:00.000000000,1753970040000000000,5059,5065,5058,5063,7058,778392,779028
2025-07-31 21:55:00.000000000,1753970100000000000,5063,5063,5060,5062,2641,779028,779333
2025-07-31 21:56:00.000000000,1753970160000000000,5062,5066,5060,5063,4691,779333,779220
2025-07-31 21:57:00.000000000,1753970220000000000,5063,5066,5062,5064,3556,779220,778978
2025-07-31 21:58:00.000000000,1753970280000000000,5064,5066,5063,5065,2753,778978,779275
2025-07-31 21:59:00.000000000,1753970340000000000,5065,5068,5059,5060,9139,779275,778523
2025-07-31 22:00:00.000000000,1753970400000000000,5060,5064,5060,5062,3079,778523,778650
2025-07-31 22:01:00.000000000,1753970460000000000,5062,5066,5062,5064,3164,778650,778888
2025-07-31 22:02:00.000000000,1753970520000000000,5064,5066,5061,5061,2095,778888,778716
2025-07-31 22:03:00.000000000,1753970580000000000,5061,5064,5059,5063,2507,778716,778811
2025-07-31 22:04:00.000000000,1753970640000000000,5063,5063,5059,5061,2311,778811,778329
2025-07-31 22:05:00.000000000,1753970700000000000,5061,5062,5059,5060,1486,778329,778518
2025-07-31 22:06:00.000000000,1753970760000000000,5060,5061,5057,5057,2368,778518,778302
2025-07-31 22:07:00.000000000,1753970820000000000,5057,5063,5057,5063,2748,778302,777902
2025-07-31 22:08:00.000000000,1753970880000000000,5063,5065,5062,5062,3010,777902,777731
2025-07-31 22:09:00.000000000,1753970940000000000,5062,5063,5059,5063,1863,777731,778012
2025-07-31 22:10:00.000000000,1753971000000000000,5063,5065,5061,5065,1465,778012,777953
2025-07-31 22:11:00.000000000,1753971060000000000,5065,5065,5062,5064,2236,777953,777606
2025-07-31 22:12:00.000000000,1753971120000000000,5064,5065,5062,5063,1272,777606,777426
2025-07-31 22:13:00.000000000,1753971180000000000,5063,5064,5057,5058,2753,777426,777681
2025-07-31 22:14:00.000000000,1753971240000000000,5058,5059,5057,5057,1610,777681,777948
2025-07-31 22:15:00.000000000,1753971300000000000,5057,5058,5055,5057,2080,777948,777787
2025-07-31 22:16:00.000000000,1753971360000000000,5057,5062,5057,5062,2889,777787,777341
2025-07-31 22:17:00.000000000,1753971420000000000,5062,5063,5059,5060,3030,777341,776495
2025-07-31 22:18:00.000000000,1753971480000000000,5060,5062,5059,5062,622,776495,776406
2025-07-31 22:19:00.000000000,1753971540000000000,5062,5064,5060,5060,2119,776406,776743
2025-07-31 22:20:00.000000000,1753971600000000000,5060,5060,5059,5059,339,776743,776679
2025-07-31 22:21:00.000000000,1753971660000000000,5059,5061,5058,5059,1742,776679,776948
2025-07-31 22:22:00.000000000,1753971720000000000,5059,5059,5058,5058,823,776948,777049
2025-07-31 22:23:00.000000000,1753971780000000000,5058,5060,5057,5058,1044,777049,777025
2025-07-31 22:24:00.000000000,1753971840000000000,5058,5058,5055,5056,2265,777025,777627
2025-07-31 22:25:00.000000000,1753971900000000000,5056,5061,5056,5060,2171,777627,777930
2025-07-31 22:26:00.000000000,1753971960000000000,5060,5062,5060,5061,1498,777930,777872
2025-07-31 22:27:00.000000000,1753972020000000000,5061,5061,5056,5057,1778,777872,778181
2025-07-31 22:28:00.000000000,1753972080000000000,5057,5058,5051,5056,5496,778181,778524
2025-07-31 22:29:00.000000000,1753972140000000000,5056,5057,5054,5054,1833,778524,778658
2025-07-31 22:30:00.000000000,1753972200000000000,5054,5055,5052,5055,1999,778658,778215
2025-07-31 22:31:00.000000000,1753972260000000000,5055,5056,5054,5056,1126,778215,778368
2025-07-31 22:32:00.000000000,1753972320000000000,5056,5057,5055,5057,761,778368,778599
2025-07-31 22:33:00.000000000,1753972380000000000,5057,5059,5055,5057,2157,778599,778623
2025-07-31 22:34:00.000000000,1753972440000000000,5057,5058,5056,5058,380,778623,778566
2025-07-31 22:35:00.000000000,1753972500000000000,5058,5058,5055,5057,655,778566,778531
2025-07-31 22:36:00.000000000,1753972560000000000,5057,5057,5054,5054,1275,778531,778424
2025-07-31 22:37:00.000000000,1753972620000000000,5054,5055,5053,5053,858,778424,778406
2025-07-31 22:38:00.000000000,1753972680000000000,5053,5055,5050,5054,4923,778406,779640
2025-07-31 22:39:00.000000000,1753972740000000000,5054,5055,5053,5055,1038,779640,779233
2025-07-31 22:40:00.000000000,1753972800000000000,5055,5055,5051,5052,1136,779233,779021
2025-07-31 22:41:00.000000000,1753972860000000000,5052,5054,5051,5053,1187,779021,778755
2025-07-31 22:42:00.000000000,1753972920000000000,5053,5053,5048,5048,2759,778755,778859
2025-07-31 22:43:00.000000000,1753972980000000000,5048,5051,5047,5049,3140,778859,778628
2025-07-31 22:44:00.000000000,1753973040000000000,5049,5052,5049,5051,1310,778628,778727
2025-07-31 22:45:00.000000000,1753973100000000000,5051,5054,5049,5053,2242,778727,778896
2025-07-31 22:46:00.000000000,1753973160000000000,5053,5053,5052,5052,213,778896,778921
2025-07-31 22:47:00.000000000,1753973220000000000,5052,5054,5051,5051,820,778921,778986
2025-07-31 22:48:00.000000000,1753973280000000000,5051,5052,5050,5052,637,778986,778878
2025-07-31 22:49:00.000000000,1753973340000000000,5052,5053,5051,5052,660,778878,778812
2025-07-31 22:50:00.000000000,1753973400000000000,5052,5052,5050,5051,654,778812,778727
2025-07-31 22:51:00.000000000,1753973460000000000,5051,5052,5051,5052,253,778727,778690
2025-07-31 22:52:00.000000000,1753973520000000000,5052,5056,5052,5056,1733,778690,778243
2025-07-31 22:53:00.000000000,1753973580000000000,5056,5056,5054,5055,703,778243,778197
2025-07-31 22:54:00.000000000,1753973640000000000,5055,5061,5055,5060,3009,778197,777818
2025-07-31 22:55:00.000000000,1753973700000000000,5060,5060,5056,5057,1788,777818,777730
2025-07-31 22:56:00.000000000,1753973760000000000,5057,5060,5056,5059,1017,777730,777624
2025-07-31 22:57:00.000000000,1753973820000000000,5059,5059,5057,5058,870,777624,777435
2025-07-31 22:58:00.000000000,1753973880000000000,5058,5060,5057,5060,2299,777435,775744
2025-07-31 22:59:00.000000000,1753973940000000000,5060,5062,5059,5061,2848,775744,774008
2025-08-01 09:00:00.000000000,1754010000000000000,5065,5069,5059,5061,10243,774008,774946
2025-08-01 09:01:00.000000000,1754010060000000000,5061,5062,5057,5059,3362,774946,774761
2025-08-01 09:02:00.000000000,1754010120000000000,5059,5066,5059,5064,3532,774761,774793
2025-08-01 09:03:00.000000000,1754010180000000000,5064,5065,5060,5061,2344,774793,774573
2025-08-01 09:04:00.000000000,1754010240000000000,5061,5064,5057,5057,3556,774573,774694
2025-08-01 09:05:00.000000000,1754010300000000000,5057,5060,5056,5059,2323,774694,774976
2025-08-01 09:06:00.000000000,1754010360000000000,5059,5061,5056,5056,1499,774976,775256
2025-08-01 09:07:00.000000000,1754010420000000000,5056,5058,5055,5056,1291,775256,775251
2025-08-01 09:08:00.000000000,1754010480000000000,5056,5058,5055,5057,686,775251,775301
2025-08-01 09:09:00.000000000,1754010540000000000,5057,5058,5054,5055,1910,775301,775629
2025-08-01 09:10:00.000000000,1754010600000000000,5055,5058,5055,5058,1045,775629,775694
2025-08-01 09:11:00.000000000,1754010660000000000,5058,5060,5057,5059,1426,775694,776050
2025-08-01 09:12:00.000000000,1754010720000000000,5059,5059,5056,5058,977,776050,776256
2025-08-01 09:13:00.000000000,1754010780000000000,5058,5059,5057,5058,540,776256,776496
2025-08-01 09:14:00.000000000,1754010840000000000,5058,5059,5056,5058,2583,776496,777387
2025-08-01 09:15:00.000000000,1754010900000000000,5058,5061,5055,5056,3413,777387,777064
2025-08-01 09:16:00.000000000,1754010960000000000,5056,5058,5054,5055,1191,777064,777364
2025-08-01 09:17:00.000000000,1754011020000000000,5055,5055,5050,5051,3450,777364,777421
2025-08-01 09:18:00.000000000,1754011080000000000,5051,5054,5050,5053,1751,777421,777421
2025-08-01 09:19:00.000000000,1754011140000000000,5053,5053,5049,5051,1611,777421,777623
2025-08-01 09:20:00.000000000,1754011200000000000,5051,5052,5048,5050,2901,777623,777632
2025-08-01 09:21:00.000000000,1754011260000000000,5050,5052,5050,5052,1668,777632,777745
2025-08-01 09:22:00.000000000,1754011320000000000,5052,5054,5049,5053,1818,777745,778319
2025-08-01 09:23:00.000000000,1754011380000000000,5053,5054,5051,5051,889,778319,778460
2025-08-01 09:24:00.000000000,1754011440000000000,5051,5053,5050,5053,1320,778460,778413
2025-08-01 09:25:00.000000000,1754011500000000000,5053,5054,5052,5053,1239,778413,778472
2025-08-01 09:26:00.000000000,1754011560000000000,5053,5054,5045,5046,6164,778472,778690
2025-08-01 09:27:00.000000000,1754011620000000000,5046,5048,5042,5048,5520,778690,778177
2025-08-01 09:28:00.000000000,1754011680000000000,5048,5049,5047,5047,1004,778177,778335
2025-08-01 09:29:00.000000000,1754011740000000000,5047,5049,5045,5048,2048,778335,778635
2025-08-01 09:30:00.000000000,1754011800000000000,5048,5052,5047,5051,2668,778635,778768
2025-08-01 09:31:00.000000000,1754011860000000000,5051,5053,5048,5052,2333,778768,779189
2025-08-01 09:32:00.000000000,1754011920000000000,5052,5054,5051,5052,1773,779189,779610
2025-08-01 09:33:00.000000000,1754011980000000000,5052,5054,5051,5051,1287,779610,780023
2025-08-01 09:34:00.000000000,1754012040000000000,5051,5056,5051,5055,1529,780023,779957
2025-08-01 09:35:00.000000000,1754012100000000000,5055,5055,5052,5053,1870,779957,780117
2025-08-01 09:36:00.000000000,1754012160000000000,5053,5056,5053,5054,1488,780117,780156
2025-08-01 09:37:00.000000000,1754012220000000000,5054,5059,5053,5057,2775,780156,779286
2025-08-01 09:38:00.000000000,1754012280000000000,5057,5057,5055,5056,997,779286,779350
2025-08-01 09:39:00.000000000,1754012340000000000,5056,5056,5053,5053,1054,779350,779328
2025-08-01 09:40:00.000000000,1754012400000000000,5053,5053,5050,5051,1751,779328,779317
2025-08-01 09:41:00.000000000,1754012460000000000,5051,5053,5049,5050,1933,779317,779325
2025-08-01 09:42:00.000000000,1754012520000000000,5050,5055,5050,5054,1273,779325,779218
2025-08-01 09:43:00.000000000,1754012580000000000,5054,5057,5053,5053,1053,779218,779121
2025-08-01 09:44:00.000000000,1754012640000000000,5053,5054,5052,5053,386,779121,779111
2025-08-01 09:45:00.000000000,1754012700000000000,5053,5053,5048,5049,1199,779111,779366
2025-08-01 09:46:00.000000000,1754012760000000000,5049,5051,5047,5049,1413,779366,779479
2025-08-01 09:47:00.000000000,1754012820000000000,5049,5050,5042,5045,5514,779479,778074
2025-08-01 09:48:00.000000000,1754012880000000000,5045,5047,5042,5046,2873,778074,777395
2025-08-01 09:49:00.000000000,1754012940000000000,5046,5048,5043,5044,1409,777395,777423
2025-08-01 09:50:00.000000000,1754013000000000000,5044,5045,5042,5043,2758,777423,777303
2025-08-01 09:51:00.000000000,1754013060000000000,5043,5046,5039,5045,4265,777303,776951
2025-08-01 09:52:00.000000000,1754013120000000000,5045,5050,5045,5049,2583,776951,776904
2025-08-01 09:53:00.000000000,1754013180000000000,5049,5049,5047,5048,1090,776904,776837
2025-08-01 09:54:00.000000000,1754013240000000000,5048,5050,5047,5049,1057,776837,776854
2025-08-01 09:55:00.000000000,1754013300000000000,5049,5055,5049,5054,3356,776854,776905
2025-08-01 09:56:00.000000000,1754013360000000000,5054,5056,5050,5051,2057,776905,776898
2025-08-01 09:57:00.000000000,1754013420000000000,5051,5055,5050,5054,1180,776898,777026
2025-08-01 09:58:00.000000000,1754013480000000000,5054,5061,5054,5061,5798,777026,776032
2025-08-01 09:59:00.000000000,1754013540000000000,5061,5064,5059,5061,4713,776032,775911
2025-08-01 10:00:00.000000000,1754013600000000000,5061,5066,5060,5061,5654,775911,775722
2025-08-01 10:01:00.000000000,1754013660000000000,5061,5062,5058,5060,4018,775722,775495
2025-08-01 10:02:00.000000000,1754013720000000000,5060,5061,5056,5057,4105,775495,775473
2025-08-01 10:03:00.000000000,1754013780000000000,5057,5060,5053,5056,4023,775473,776211
2025-08-01 10:04:00.000000000,1754013840000000000,5056,5058,5055,5057,1985,776211,776396
2025-08-01 10:05:00.000000000,1754013900000000000,5057,5057,5051,5053,2497,776396,776554
2025-08-01 10:06:00.000000000,1754013960000000000,5053,5054,5050,5052,1847,776554,776454
2025-08-01 10:07:00.000000000,1754014020000000000,5052,5055,5052,5052,1222,776454,776906
2025-08-01 10:08:00.000000000,1754014080000000000,5052,5053,5048,5052,1972,776906,776795
2025-08-01 10:09:00.000000000,1754014140000000000,5052,5052,5048,5049,1052,776795,776640
2025-08-01 10:10:00.000000000,1754014200000000000,5049,5054,5049,5053,1300,776640,776827
2025-08-01 10:11:00.000000000,1754014260000000000,5053,5053,5051,5052,582,776827,776881
2025-08-01 10:12:00.000000000,1754014320000000000,5052,5053,5049,5050,706,776881,776837
2025-08-01 10:13:00.000000000,1754014380000000000,5050,5050,5040,5044,4925,776837,776792
2025-08-01 10:14:00.000000000,1754014440000000000,5044,5044,5037,5040,4707,776792,776599
2025-08-01 10:30:00.000000000,1754015400000000000,5040,5045,5039,5042,5086,776599,777417
2025-08-01 10:31:00.000000000,1754015460000000000,5042,5043,5034,5037,4338,777417,777703
2025-08-01 10:32:00.000000000,1754015520000000000,5037,5039,5033,5035,5103,777703,777871
2025-08-01 10:33:00.000000000,1754015580000000000,5035,5038,5034,5037,2635,777871,777997
2025-08-01 10:34:00.000000000,1754015640000000000,5037,5037,5029,5030,4543,777997,778498
2025-08-01 10:35:00.000000000,1754015700000000000,5030,5034,5030,5033,2891,778498,778175
2025-08-01 10:36:00.000000000,1754015760000000000,5033,5036,5033,5036,2407,778175,778168
2025-08-01 10:37:00.000000000,1754015820000000000,5036,5036,5032,5033,1637,778168,778282
2025-08-01 10:38:00.000000000,1754015880000000000,5033,5036,5031,5035,2342,778282,778679
2025-08-01 10:39:00.000000000,1754015940000000000,5035,5038,5035,5037,2232,778679,778616
2025-08-01 10:40:00.000000000,1754016000000000000,5037,5037,5033,5035,1594,778616,778365
2025-08-01 10:41:00.000000000,1754016060000000000,5035,5037,5032,5033,1383,778365,778346
2025-08-01 10:42:00.000000000,1754016120000000000,5033,5033,5025,5025,6385,778346,778989
2025-08-01 10:43:00.000000000,1754016180000000000,5025,5031,5025,5030,4036,778989,778759
2025-08-01 10:44:00.000000000,1754016240000000000,5030,5035,5030,5034,3759,778759,779054
2025-08-01 10:45:00.000000000,1754016300000000000,5034,5037,5034,5035,2397,779054,778446
2025-08-01 10:46:00.000000000,1754016360000000000,5035,5036,5033,5035,1449,778446,778384
2025-08-01 10:47:00.000000000,1754016420000000000,5035,5035,5030,5035,2878,778384,778538
2025-08-01 10:48:00.000000000,1754016480000000000,5035,5037,5033,5036,2058,778538,778655
2025-08-01 10:49:00.000000000,1754016540000000000,5036,5039,5035,5036,2320,778655,778613
2025-08-01 10:50:00.000000000,1754016600000000000,5036,5036,5031,5031,1680,778613,778451
2025-08-01 10:51:00.000000000,1754016660000000000,5031,5033,5028,5031,2490,778451,778645
2025-08-01 10:52:00.000000000,1754016720000000000,5031,5033,5029,5031,2174,778645,778811
2025-08-01 10:53:00.000000000,1754016780000000000,5031,5034,5030,5034,1281,778811,778736
2025-08-01 10:54:00.000000000,1754016840000000000,5034,5039,5033,5039,3766,778736,777834
2025-08-01 10:55:00.000000000,1754016900000000000,5039,5045,5037,5044,4737,777834,776357
2025-08-01 10:56:00.000000000,1754016960000000000,5044,5044,5039,5040,2348,776357,776051
2025-08-01 10:57:00.000000000,1754017020000000000,5040,5040,5037,5040,2504,776051,776035
2025-08-01 10:58:00.000000000,1754017080000000000,5040,5041,5038,5040,1470,776035,776030
2025-08-01 10:59:00.000000000,1754017140000000000,5040,5041,5038,5041,1792,776030,775730
2025-08-01 11:00:00.000000000,1754017200000000000,5041,5042,5035,5036,2949,775730,774566
2025-08-01 11:01:00.000000000,1754017260000000000,5036,5038,5034,5035,1803,774566,774962
2025-08-01 11:02:00.000000000,1754017320000000000,5035,5038,5035,5036,690,774962,774880
2025-08-01 11:03:00.000000000,1754017380000000000,5036,5036,5031,5032,1690,774880,774687
2025-08-01 11:04:00.000000000,1754017440000000000,5032,5033,5030,5032,1398,774687,774665
2025-08-01 11:05:00.000000000,1754017500000000000,5032,5035,5030,5031,1978,774665,774195
2025-08-01 11:06:00.000000000,1754017560000000000,5031,5038,5031,5037,1244,774195,773955
2025-08-01 11:07:00.000000000,1754017620000000000,5037,5039,5036,5038,1232,773955,773771
2025-08-01 11:08:00.000000000,1754017680000000000,5038,5039,5036,5038,560,773771,773753
2025-08-01 11:09:00.000000000,1754017740000000000,5038,5039,5037,5039,765,773753,773773
2025-08-01 11:10:00.000000000,1754017800000000000,5039,5039,5036,5037,863,773773,773654
2025-08-01 11:11:00.000000000,1754017860000000000,5037,5039,5035,5038,1417,773654,773855
2025-08-01 11:12:00.000000000,1754017920000000000,5038,5038,5034,5035,902,773855,773849
2025-08-01 11:13:00.000000000,1754017980000000000,5035,5037,5033,5037,889,773849,773960
2025-08-01 11:14:00.000000000,1754018040000000000,5037,5038,5035,5035,694,773960,773955
2025-08-01 11:15:00.000000000,1754018100000000000,5035,5037,5031,5035,1842,773955,774114
2025-08-01 11:16:00.000000000,1754018160000000000,5035,5035,5032,5033,583,774114,774050
2025-08-01 11:17:00.000000000,1754018220000000000,5033,5034,5031,5032,639,774050,774056
2025-08-01 11:18:00.000000000,1754018280000000000,5032,5036,5032,5035,591,774056,773947
2025-08-01 11:19:00.000000000,1754018340000000000,5035,5036,5034,5035,669,773947,773761
2025-08-01 11:20:00.000000000,1754018400000000000,5035,5038,5032,5033,1471,773761,773512
2025-08-01 11:21:00.000000000,1754018460000000000,5033,5039,5033,5036,1358,773512,773647
2025-08-01 11:22:00.000000000,1754018520000000000,5036,5038,5035,5036,552,773647,773760
2025-08-01 11:23:00.000000000,1754018580000000000,5036,5036,5032,5035,1115,773760,773834
2025-08-01 11:24:00.000000000,1754018640000000000,5035,5035,5031,5033,954,773834,773819
2025-08-01 11:25:00.000000000,1754018700000000000,5033,5034,5030,5030,2271,773819,773612
2025-08-01 11:26:00.000000000,1754018760000000000,5030,5034,5028,5033,2216,773612,773593
2025-08-01 11:27:00.000000000,1754018820000000000,5033,5035,5033,5035,1443,773593,773499
2025-08-01 11:28:00.000000000,1754018880000000000,5035,5035,5030,5030,1100,773499,773108
2025-08-01 11:29:00.000000000,1754018940000000000,5030,5031,5028,5028,2151,773108,772568
2025-08-01 13:30:00.000000000,1754026200000000000,5027,5027,5016,5023,17607,772568,770128
2025-08-01 13:31:00.000000000,1754026260000000000,5023,5026,5020,5025,5722,770128,770330
2025-08-01 13:32:00.000000000,1754026320000000000,5025,5028,5024,5025,3281,770330,769673
2025-08-01 13:33:00.000000000,1754026380000000000,5025,5027,5024,5025,3528,769673,770485
2025-08-01 13:34:00.000000000,1754026440000000000,5025,5028,5021,5028,3453,770485,769950
2025-08-01 13:35:00.000000000,1754026500000000000,5028,5028,5023,5024,2192,769950,770136
2025-08-01 13:36:00.000000000,1754026560000000000,5024,5027,5022,5023,2767,770136,770420
2025-08-01 13:37:00.000000000,1754026620000000000,5023,5024,5021,5022,2349,770420,770382
2025-08-01 13:38:00.000000000,1754026680000000000,5022,5022,5018,5022,5401,770382,771332
2025-08-01 13:39:00.000000000,1754026740000000000,5022,5023,5021,5022,4128,771332,772173
2025-08-01 13:40:00.000000000,1754026800000000000,5022,5024,5018,5019,3385,772173,772230
2025-08-01 13:41:00.000000000,1754026860000000000,5019,5019,5016,5017,4418,772230,773022
2025-08-01 13:42:00.000000000,1754026920000000000,5017,5017,5007,5014,12620,773022,770785
2025-08-01 13:43:00.000000000,1754026980000000000,5014,5019,5013,5017,4906,770785,770660
2025-08-01 13:44:00.000000000,1754027040000000000,5017,5020,5014,5020,2367,770660,770473
2025-08-01 13:45:00.000000000,1754027100000000000,5020,5025,5019,5023,7807,770473,769176
2025-08-01 13:46:00.000000000,1754027160000000000,5023,5024,5020,5023,2578,769176,769321
2025-08-01 13:47:00.000000000,1754027220000000000,5023,5027,5023,5025,3539,769321,770214
2025-08-01 13:48:00.000000000,1754027280000000000,5025,5027,5020,5022,2914,770214,770508
2025-08-01 13:49:00.000000000,1754027340000000000,5022,5024,5019,5023,2046,770508,770220
2025-08-01 13:50:00.000000000,1754027400000000000,5023,5024,5022,5024,1469,770220,770138
2025-08-01 13:51:00.000000000,1754027460000000000,5024,5029,5024,5027,5392,770138,769436
2025-08-01 13:52:00.000000000,1754027520000000000,5027,5028,5022,5022,2828,769436,769219
2025-08-01 13:53:00.000000000,1754027580000000000,5022,5029,5022,5028,1404,769219,769292
2025-08-01 13:54:00.000000000,1754027640000000000,5028,5033,5028,5029,4973,769292,769224
2025-08-01 13:55:00.000000000,1754027700000000000,5029,5031,5029,5030,2098,769224,769058
2025-08-01 13:56:00.000000000,1754027760000000000,5030,5030,5024,5025,2701,769058,768845
2025-08-01 13:57:00.000000000,1754027820000000000,5025,5025,5022,5023,1316,768845,768894
2025-08-01 13:58:00.000000000,1754027880000000000,5023,5028,5023,5026,2593,768894,768966
2025-08-01 13:59:00.000000000,1754027940000000000,5026,5027,5024,5025,1604,768966,769090
2025-08-01 14:00:00.000000000,1754028000000000000,5025,5029,5023,5026,2979,769090,769154
2025-08-01 14:01:00.000000000,1754028060000000000,5026,5027,5024,5027,1526,769154,769151
2025-08-01 14:02:00.000000000,1754028120000000000,5027,5031,5027,5029,2088,769151,769231
2025-08-01 14:03:00.000000000,1754028180000000000,5029,5031,5026,5027,1828,769231,769401
2025-08-01 14:04:00.000000000,1754028240000000000,5027,5027,5023,5025,1449,769401,769502
2025-08-01 14:05:00.000000000,1754028300000000000,5025,5026,5023,5025,2311,769502,769693
2025-08-01 14:06:00.000000000,1754028360000000000,5025,5025,5020,5023,4402,769693,769925
2025-08-01 14:07:00.000000000,1754028420000000000,5023,5025,5022,5023,840,769925,769905
2025-08-01 14:08:00.000000000,1754028480000000000,5023,5028,5022,5027,1506,769905,769958
2025-08-01 14:09:00.000000000,1754028540000000000,5027,5027,5023,5025,1719,769958,770197
2025-08-01 14:10:00.000000000,1754028600000000000,5025,5025,5020,5024,1705,770197,770493
2025-08-01 14:11:00.000000000,1754028660000000000,5024,5025,5021,5021,2083,770493,770538
2025-08-01 14:12:00.000000000,1754028720000000000,5021,5022,5019,5021,1362,770538,770429
2025-08-01 14:13:00.000000000,1754028780000000000,5021,5024,5020,5023,2283,770429,771370
2025-08-01 14:14:00.000000000,1754028840000000000,5023,5025,5022,5022,1470,771370,771269
2025-08-01 14:15:00.000000000,1754028900000000000,5022,5024,5021,5023,1395,771269,771626
2025-08-01 14:16:00.000000000,1754028960000000000,5023,5024,5020,5023,1267,771626,771894
2025-08-01 14:17:00.000000000,1754029020000000000,5023,5023,5019,5020,2399,771894,772011
2025-08-01 14:18:00.000000000,1754029080000000000,5020,5021,5016,5017,2853,772011,771945
2025-08-01 14:19:00.000000000,1754029140000000000,5017,5018,5015,5016,1338,771945,772101
2025-08-01 14:20:00.000000000,1754029200000000000,5016,5016,5012,5013,4121,772101,772504
2025-08-01 14:21:00.000000000,1754029260000000000,5013,5014,5008,5013,5232,772504,771736
2025-08-01 14:22:00.000000000,1754029320000000000,5013,5014,5011,5013,1989,771736,772290
2025-08-01 14:23:00.000000000,1754029380000000000,5013,5016,5012,5015,1558,772290,772210
2025-08-01 14:24:00.000000000,1754029440000000000,5015,5015,5010,5011,2527,772210,772537
2025-08-01 14:25:00.000000000,1754029500000000000,5011,5013,5008,5011,2423,772537,772937
2025-08-01 14:26:00.000000000,1754029560000000000,5011,5012,5009,5009,3318,772937,773763
2025-08-01 14:27:00.000000000,1754029620000000000,5009,5014,5009,5013,1683,773763,773528
2025-08-01 14:28:00.000000000,1754029680000000000,5013,5014,5011,5013,1080,773528,773421
2025-08-01 14:29:00.000000000,1754029740000000000,5013,5015,5013,5014,1226,773421,773465
2025-08-01 14:30:00.000000000,1754029800000000000,5014,5014,5010,5011,2493,773465,773194
2025-08-01 14:31:00.000000000,1754029860000000000,5011,5014,5009,5013,2377,773194,772829
2025-08-01 14:32:00.000000000,1754029920000000000,5013,5017,5012,5013,2747,772829,772618
2025-08-01 14:33:00.000000000,1754029980000000000,5013,5013,5010,5011,1849,772618,772472
2025-08-01 14:34:00.000000000,1754030040000000000,5011,5013,5011,5012,1742,772472,772362
2025-08-01 14:35:00.000000000,1754030100000000000,5012,5013,5008,5010,2998,772362,772185
2025-08-01 14:36:00.000000000,1754030160000000000,5010,5011,5005,5010,4473,772185,772014
2025-08-01 14:37:00.000000000,1754030220000000000,5010,5010,5006,5007,1425,772014,772193
2025-08-01 14:38:00.000000000,1754030280000000000,5007,5007,5001,5006,7364,772193,773250
2025-08-01 14:39:00.000000000,1754030340000000000,5006,5010,5004,5009,6034,773250,774257
2025-08-01 14:40:00.000000000,1754030400000000000,5009,5012,5009,5010,5629,774257,775101
2025-08-01 14:41:00.000000000,1754030460000000000,5010,5013,5010,5012,2814,775101,774492
2025-08-01 14:42:00.000000000,1754030520000000000,5012,5012,5008,5010,3074,774492,774132
2025-08-01 14:43:00.000000000,1754030580000000000,5010,5013,5010,5012,2138,774132,774336
2025-08-01 14:44:00.000000000,1754030640000000000,5012,5012,5008,5009,2281,774336,774159
2025-08-01 14:45:00.000000000,1754030700000000000,5009,5012,5007,5011,2168,774159,774723
2025-08-01 14:46:00.000000000,1754030760000000000,5011,5012,5009,5010,2083,774723,774875
2025-08-01 14:47:00.000000000,1754030820000000000,5010,5012,5010,5010,1185,774875,774893
2025-08-01 14:48:00.000000000,1754030880000000000,5010,5011,5007,5010,2315,774893,774662
2025-08-01 14:49:00.000000000,1754030940000000000,5010,5012,5010,5012,1316,774662,774314
2025-08-01 14:50:00.000000000,1754031000000000000,5012,5017,5009,5015,4723,774314,773474
2025-08-01 14:51:00.000000000,1754031060000000000,5015,5019,5014,5015,4436,773474,772348
2025-08-01 14:52:00.000000000,1754031120000000000,5015,5016,5012,5014,2566,772348,772262
2025-08-01 14:53:00.000000000,1754031180000000000,5014,5017,5013,5016,1806,772262,771916
2025-08-01 14:54:00.000000000,1754031240000000000,5016,5016,5013,5015,1771,771916,772092
2025-08-01 14:55:00.000000000,1754031300000000000,5015,5016,5014,5015,2556,772092,770895
2025-08-01 14:56:00.000000000,1754031360000000000,5015,5016,5013,5014,2101,770895,770141
2025-08-01 14:57:00.000000000,1754031420000000000,5014,5015,5013,5014,1288,770141,769903
2025-08-01 14:58:00.000000000,1754031480000000000,5014,5015,5010,5014,3825,769903,768443
2025-08-01 14:59:00.000000000,1754031540000000000,5014,5017,5013,5015,4643,768443,766852
2025-08-01 21:00:00.000000000,1754053200000000000,5019,5020,5001,5011,18475,766852,766766
2025-08-01 21:01:00.000000000,1754053260000000000,5011,5011,4993,4999,18297,766766,767733
2025-08-01 21:02:00.000000000,1754053320000000000,4999,4999,4992,4996,11727,767733,769655
2025-08-01 21:03:00.000000000,1754053380000000000,4996,5005,4995,5001,9176,769655,769835
2025-08-01 21:04:00.000000000,1754053440000000000,5001,5003,5000,5000,3758,769835,770158
2025-08-01 21:05:00.000000000,1754053500000000000,5000,5002,4996,5001,5427,770158,769650
2025-08-01 21:06:00.000000000,1754053560000000000,5001,5003,4998,4999,5396,769650,769436
2025-08-01 21:07:00.000000000,1754053620000000000,4999,5001,4997,5000,3547,769436,769611
2025-08-01 21:08:00.000000000,1754053680000000000,5000,5007,4998,5006,5265,769611,768609
2025-08-01 21:09:00.000000000,1754053740000000000,5006,5007,5001,5003,4878,768609,768252
2025-08-01 21:10:00.000000000,1754053800000000000,5003,5004,4999,5000,3892,768252,768746
2025-08-01 21:11:00.000000000,1754053860000000000,5000,5007,4999,5004,5598,768746,768442
2025-08-01 21:12:00.000000000,1754053920000000000,5004,5007,5003,5006,3128,768442,768145
2025-08-01 21:13:00.000000000,1754053980000000000,5006,5011,5006,5008,3479,768145,768032
2025-08-01 21:14:00.000000000,1754054040000000000,5008,5009,5006,5007,3083,768032,767718
2025-08-01 21:15:00.000000000,1754054100000000000,5007,5011,5007,5009,5067,767718,767634
2025-08-01 21:16:00.000000000,1754054160000000000,5009,5013,5009,5010,4738,767634,766844
2025-08-01 21:17:00.000000000,1754054220000000000,5010,5014,5009,5013,4160,766844,766128
2025-08-01 21:18:00.000000000,1754054280000000000,5013,5016,5012,5015,5287,766128,765713
2025-08-01 21:19:00.000000000,1754054340000000000,5015,5017,5013,5016,2957,765713,765953
2025-08-01 21:20:00.000000000,1754054400000000000,5016,5016,5011,5013,3116,765953,766578
2025-08-01 21:21:00.000000000,1754054460000000000,5013,5014,5011,5011,3279,766578,767086
2025-08-01 21:22:00.000000000,1754054520000000000,5011,5012,5008,5010,3592,767086,767128
2025-08-01 21:23:00.000000000,1754054580000000000,5010,5012,5009,5012,2103,767128,767288
2025-08-01 21:24:00.000000000,1754054640000000000,5012,5013,5008,5009,2116,767288,767744
2025-08-01 21:25:00.000000000,1754054700000000000,5009,5009,5006,5006,2326,767744,768071
2025-08-01 21:26:00.000000000,1754054760000000000,5006,5007,5002,5003,3756,768071,768667
2025-08-01 21:27:00.000000000,1754054820000000000,5003,5005,5003,5004,1980,768667,769046
2025-08-01 21:28:00.000000000,1754054880000000000,5004,5005,5003,5004,1502,769046,769311
2025-08-01 21:29:00.000000000,1754054940000000000,5004,5006,5002,5006,2285,769311,769142
2025-08-01 21:30:00.000000000,1754055000000000000,5006,5011,5005,5010,6829,769142,771064
2025-08-01 21:31:00.000000000,1754055060000000000,5010,5013,5009,5011,3070,771064,771457
2025-08-01 21:32:00.000000000,1754055120000000000,5011,5011,5008,5009,1795,771457,771693
2025-08-01 21:33:00.000000000,1754055180000000000,5009,5010,5008,5009,908,771693,771993
2025-08-01 21:34:00.000000000,1754055240000000000,5009,5011,5007,5008,1784,771993,772182
2025-08-01 21:35:00.000000000,1754055300000000000,5008,5008,5004,5004,3331,772182,772804
2025-08-01 21:36:00.000000000,1754055360000000000,5004,5004,5000,5002,4398,772804,773355
2025-08-01 21:37:00.000000000,1754055420000000000,5002,5002,4999,4999,3392,773355,773404
2025-08-01 21:38:00.000000000,1754055480000000000,4999,5001,4997,4999,3305,773404,773977
2025-08-01 21:39:00.000000000,1754055540000000000,4999,4999,4995,4998,2877,773977,773969
2025-08-01 21:40:00.000000000,1754055600000000000,4998,4999,4997,4999,1280,773969,774087
2025-08-01 21:41:00.000000000,1754055660000000000,4999,5001,4998,4999,2396,774087,774630
2025-08-01 21:42:00.000000000,1754055720000000000,4999,4999,4997,4998,1498,774630,774772
2025-08-01 21:43:00.000000000,1754055780000000000,4998,5000,4997,4999,1847,774772,775155
2025-08-01 21:44:00.000000000,1754055840000000000,4999,5002,4999,5001,2165,775155,775060
2025-08-01 21:45:00.000000000,1754055900000000000,5001,5001,4999,5000,975,775060,775044
2025-08-01 21:46:00.000000000,1754055960000000000,5000,5000,4995,4996,2802,775044,774870
2025-08-01 21:47:00.000000000,1754056020000000000,4996,4998,4995,4997,1741,774870,774993
2025-08-01 21:48:00.000000000,1754056080000000000,4997,4998,4996,4998,616,774993,775206
2025-08-01 21:49:00.000000000,1754056140000000000,4998,4998,4993,4995,2473,775206,775209
2025-08-01 21:50:00.000000000,1754056200000000000,4995,4996,4993,4995,2330,775209,774944
2025-08-01 21:51:00.000000000,1754056260000000000,4995,4997,4992,4994,2300,774944,774289
2025-08-01 21:52:00.000000000,1754056320000000000,4994,4994,4988,4990,7058,774289,772772
2025-08-01 21:53:00.000000000,1754056380000000000,4990,4993,4989,4993,2602,772772,771824
2025-08-01 21:54:00.000000000,1754056440000000000,4993,4995,4992,4995,1540,771824,771754
2025-08-01 21:55:00.000000000,1754056500000000000,4995,4995,4992,4992,1212,771754,771994
2025-08-01 21:56:00.000000000,1754056560000000000,4992,4994,4989,4990,1445,771994,772310
2025-08-01 21:57:00.000000000,1754056620000000000,4990,4992,4989,4990,2023,772310,772793
2025-08-01 21:58:00.000000000,1754056680000000000,4990,4992,4990,4992,887,772793,772780
2025-08-01 21:59:00.000000000,1754056740000000000,4992,4993,4991,4992,684,772780,772942
2025-08-01 22:00:00.000000000,1754056800000000000,4992,4992,4988,4990,2664,772942,772926
2025-08-01 22:01:00.000000000,1754056860000000000,4990,4990,4987,4988,3300,772926,772263
2025-08-01 22:02:00.000000000,1754056920000000000,4988,4990,4985,4987,4878,772263,771341
2025-08-01 22:03:00.000000000,1754056980000000000,4987,4991,4986,4991,2418,771341,771320
2025-08-01 22:04:00.000000000,1754057040000000000,4991,4991,4989,4991,1216,771320,771239
2025-08-01 22:05:00.000000000,1754057100000000000,4991,4991,4988,4989,1801,771239,771591
2025-08-01 22:06:00.000000000,1754057160000000000,4989,4989,4986,4988,1526,771591,771431
2025-08-01 22:07:00.000000000,1754057220000000000,4988,4990,4987,4988,1574,771431,771567
2025-08-01 22:08:00.000000000,1754057280000000000,4988,4988,4985,4986,1323,771567,771370
2025-08-01 22:09:00.000000000,1754057340000000000,4986,4987,4983,4985,2875,771370,770476
2025-08-01 22:10:00.000000000,1754057400000000000,4985,4991,4984,4990,2449,770476,770633
2025-08-01 22:11:00.000000000,1754057460000000000,4990,4991,4989,4991,2603,770633,771404
2025-08-01 22:12:00.000000000,1754057520000000000,4991,4995,4991,4994,3324,771404,771387
2025-08-01 22:13:00.000000000,1754057580000000000,4994,4996,4993,4995,2605,771387,772097
2025-08-01 22:14:00.000000000,1754057640000000000,4995,4997,4993,4994,1774,772097,771545
2025-08-01 22:15:00.000000000,1754057700000000000,4994,4997,4994,4996,1519,771545,771544
2025-08-01 22:16:00.000000000,1754057760000000000,4996,4996,4992,4993,1915,771544,771240
2025-08-01 22:17:00.000000000,1754057820000000000,4993,4995,4992,4995,1645,771240,771202
2025-08-01 22:18:00.000000000,1754057880000000000,4995,4998,4994,4997,2280,771202,771223
2025-08-01 22:19:00.000000000,1754057940000000000,4997,4997,4993,4993,873,771223,770954
2025-08-01 22:20:00.000000000,1754058000000000000,4993,4995,4993,4994,778,770954,770643
2025-08-01 22:21:00.000000000,1754058060000000000,4994,4995,4992,4992,762,770643,770775
2025-08-01 22:22:00.000000000,1754058120000000000,4992,4993,4991,4991,1523,770775,771309
2025-08-01 22:23:00.000000000,1754058180000000000,4991,4994,4990,4994,1179,771309,771303
2025-08-01 22:24:00.000000000,1754058240000000000,4994,4994,4991,4992,440,771303,771430
2025-08-01 22:25:00.000000000,1754058300000000000,4992,4992,4990,4991,1088,771430,771376
2025-08-01 22:26:00.000000000,1754058360000000000,4991,4992,4988,4991,1899,771376,771524
2025-08-01 22:27:00.000000000,1754058420000000000,4991,4994,4990,4991,1251,771524,771187
2025-08-01 22:28:00.000000000,1754058480000000000,4991,4993,4991,4991,454,771187,771242
2025-08-01 22:29:00.000000000,1754058540000000000,4991,4992,4990,4991,421,771242,771245
2025-08-01 22:30:00.000000000,1754058600000000000,4991,4993,4990,4993,717,771245,771070
2025-08-01 22:31:00.000000000,1754058660000000000,4993,4994,4991,4992,1730,771070,770956
2025-08-01 22:32:00.000000000,1754058720000000000,4992,4993,4990,4992,867,770956,770912
2025-08-01 22:33:00.000000000,1754058780000000000,4992,4996,4992,4996,982,770912,770703
2025-08-01 22:34:00.000000000,1754058840000000000,4996,4996,4994,4995,904,770703,770678
2025-08-01 22:35:00.000000000,1754058900000000000,4995,4996,4994,4994,709,770678,770508
2025-08-01 22:36:00.000000000,1754058960000000000,4994,4998,4994,4997,1740,770508,770409
2025-08-01 22:37:00.000000000,1754059020000000000,4997,4997,4994,4995,1000,770409,770320
2025-08-01 22:38:00.000000000,1754059080000000000,4995,4995,4993,4993,658,770320,770233
2025-08-01 22:39:00.000000000,1754059140000000000,4993,4994,4991,4991,2133,770233,769994
2025-08-01 22:40:00.000000000,1754059200000000000,4991,4993,4991,4991,1033,769994,769651
2025-08-01 22:41:00.000000000,1754059260000000000,4991,4992,4990,4990,965,769651,769507
2025-08-01 22:42:00.000000000,1754059320000000000,4990,4991,4989,4990,718,769507,769509
2025-08-01 22:43:00.000000000,1754059380000000000,4990,4992,4990,4990,523,769509,769499
2025-08-01 22:44:00.000000000,1754059440000000000,4990,4993,4990,4992,1000,769499,769497
2025-08-01 22:45:00.000000000,1754059500000000000,4992,4994,4992,4994,1011,769497,769152
2025-08-01 22:46:00.000000000,1754059560000000000,4994,4995,4994,4994,1066,769152,769045
2025-08-01 22:47:00.000000000,1754059620000000000,4994,4994,4991,4992,587,769045,769057
2025-08-01 22:48:00.000000000,1754059680000000000,4992,4993,4991,4992,228,769057,769089
2025-08-01 22:49:00.000000000,1754059740000000000,4992,4992,4990,4992,651,769089,769199
2025-08-01 22:50:00.000000000,1754059800000000000,4992,4993,4991,4992,575,769199,769159
2025-08-01 22:51:00.000000000,1754059860000000000,4992,4992,4990,4991,678,769159,768885
2025-08-01 22:52:00.000000000,1754059920000000000,4991,4992,4989,4990,2062,768885,768891
2025-08-01 22:53:00.000000000,1754059980000000000,4990,4994,4990,4992,1224,768891,768467
2025-08-01 22:54:00.000000000,1754060040000000000,4992,4994,4992,4993,1137,768467,768077
2025-08-01 22:55:00.000000000,1754060100000000000,4993,4993,4991,4991,713,768077,767803
2025-08-01 22:56:00.000000000,1754060160000000000,4991,4993,4991,4992,844,767803,767507
2025-08-01 22:57:00.000000000,1754060220000000000,4992,4993,4990,4992,1329,767507,766767
2025-08-01 22:58:00.000000000,1754060280000000000,4992,4993,4990,4991,2712,766767,765709
2025-08-01 22:59:00.000000000,1754060340000000000,4991,4992,4989,4990,2253,765709,764364
2025-08-04 09:00:00.000000000,1754269200000000000,4988,4988,4972,4975,19089,764364,764523
2025-08-04 09:01:00.000000000,1754269260000000000,4975,4980,4973,4978,7126,764523,764515
2025-08-04 09:02:00.000000000,1754269320000000000,4978,4979,4968,4970,9584,764515,765855
2025-08-04 09:03:00.000000000,1754269380000000000,4970,4975,4969,4972,6889,765855,766930
2025-08-04 09:04:00.000000000,1754269440000000000,4972,4974,4962,4963,10592,766930,767434
2025-08-04 09:05:00.000000000,1754269500000000000,4963,4969,4963,4968,6539,767434,767066
2025-08-04 09:06:00.000000000,1754269560000000000,4968,4968,4958,4960,11657,767066,769983
2025-08-04 09:07:00.000000000,1754269620000000000,4960,4964,4960,4962,3737,769983,769938
2025-08-04 09:08:00.000000000,1754269680000000000,4962,4962,4957,4959,5396,769938,771671
2025-08-04 09:09:00.000000000,1754269740000000000,4959,4959,4954,4957,7592,771671,772924
2025-08-04 09:10:00.000000000,1754269800000000000,4957,4957,4952,4954,5555,772924,773175
2025-08-04 09:11:00.000000000,1754269860000000000,4954,4959,4952,4958,4625,773175,773001
2025-08-04 09:12:00.000000000,1754269920000000000,4958,4958,4953,4953,3266,773001,773120
2025-08-04 09:13:00.000000000,1754269980000000000,4953,4955,4952,4953,3175,773120,773354
2025-08-04 09:14:00.000000000,1754270040000000000,4953,4953,4940,4944,16204,773354,774228
2025-08-04 09:15:00.000000000,1754270100000000000,4944,4947,4938,4939,9624,774228,775439
2025-08-04 09:16:00.000000000,1754270160000000000,4939,4944,4936,4941,8196,775439,776553
2025-08-04 09:17:00.000000000,1754270220000000000,4941,4944,4938,4940,4026,776553,776779
2025-08-04 09:18:00.000000000,1754270280000000000,4940,4946,4938,4945,3667,776779,776123
2025-08-04 09:19:00.000000000,1754270340000000000,4945,4951,4945,4951,4699,776123,774652
2025-08-04 09:20:00.000000000,1754270400000000000,4951,4954,4949,4950,5652,774652,773894
2025-08-04 09:21:00.000000000,1754270460000000000,4950,4956,4950,4955,5072,773894,773943
2025-08-04 09:22:00.000000000,1754270520000000000,4955,4957,4953,4957,4105,773943,773007
2025-08-04 09:23:00.000000000,1754270580000000000,4957,4961,4955,4956,7485,773007,772331
2025-08-04 09:24:00.000000000,1754270640000000000,4956,4956,4950,4953,3793,772331,772723
2025-08-04 09:25:00.000000000,1754270700000000000,4953,4955,4951,4952,2369,772723,772805
2025-08-04 09:26:00.000000000,1754270760000000000,4952,4952,4945,4948,4791,772805,772744
2025-08-04 09:27:00.000000000,1754270820000000000,4948,4953,4948,4952,1659,772744,773086
2025-08-04 09:28:00.000000000,1754270880000000000,4952,4954,4950,4952,1849,773086,773036
2025-08-04 09:29:00.000000000,1754270940000000000,4952,4959,4952,4957,4151,773036,772376
2025-08-04 09:30:00.000000000,1754271000000000000,4957,4959,4955,4957,3116,772376,772408
2025-08-04 09:31:00.000000000,1754271060000000000,4957,4961,4956,4959,3911,772408,773148
2025-08-04 09:32:00.000000000,1754271120000000000,4959,4963,4957,4961,3568,773148,772841
2025-08-04 09:33:00.000000000,1754271180000000000,4961,4965,4961,4964,4748,772841,773058
2025-08-04 09:34:00.000000000,1754271240000000000,4964,4964,4961,4962,1690,773058,773038
2025-08-04 09:35:00.000000000,1754271300000000000,4962,4968,4961,4967,5162,773038,773218
2025-08-04 09:36:00.000000000,1754271360000000000,4967,4970,4965,4968,4330,773218,773431
2025-08-04 09:37:00.000000000,1754271420000000000,4968,4972,4965,4970,4146,773431,773244
2025-08-04 09:38:00.000000000,1754271480000000000,4970,4971,4966,4968,3018,773244,773308
2025-08-04 09:39:00.000000000,1754271540000000000,4968,4978,4968,4977,6590,773308,772885
2025-08-04 09:40:00.000000000,1754271600000000000,4977,4977,4974,4976,3515,772885,773012
2025-08-04 09:41:00.000000000,1754271660000000000,4976,4976,4969,4970,2642,773012,773054
2025-08-04 09:42:00.000000000,1754271720000000000,4970,4971,4968,4969,3039,773054,772944
2025-08-04 09:43:00.000000000,1754271780000000000,4969,4969,4965,4967,2435,772944,772997
2025-08-04 09:44:00.000000000,1754271840000000000,4967,4969,4966,4966,1297,772997,772996
2025-08-04 09:45:00.000000000,1754271900000000000,4966,4970,4965,4968,2516,772996,772970
2025-08-04 09:46:00.000000000,1754271960000000000,4968,4968,4959,4960,4235,772970,772757
2025-08-04 09:47:00.000000000,1754272020000000000,4960,4964,4960,4962,1996,772757,773105
2025-08-04 09:48:00.000000000,1754272080000000000,4962,4963,4957,4959,2358,773105,772877
2025-08-04 09:49:00.000000000,1754272140000000000,4959,4960,4956,4957,3300,772877,771860
2025-08-04 09:50:00.000000000,1754272200000000000,4957,4966,4957,4966,2470,771860,771715
2025-08-04 09:51:00.000000000,1754272260000000000,4966,4968,4964,4966,2378,771715,771616
2025-08-04 09:52:00.000000000,1754272320000000000,4966,4966,4961,4962,2256,771616,771109
2025-08-04 09:53:00.000000000,1754272380000000000,4962,4965,4961,4963,829,771109,771131
2025-08-04 09:54:00.000000000,1754272440000000000,4963,4964,4961,4961,1109,771131,771182
2025-08-04 09:55:00.000000000,1754272500000000000,4961,4964,4959,4959,1890,771182,772113
2025-08-04 09:56:00.000000000,1754272560000000000,4959,4964,4958,4963,1056,772113,771945
2025-08-04 09:57:00.000000000,1754272620000000000,4963,4965,4962,4965,1038,771945,772024
2025-08-04 09:58:00.000000000,1754272680000000000,4965,4970,4965,4968,2081,772024,771499
2025-08-04 09:59:00.000000000,1754272740000000000,4968,4971,4968,4970,2417,771499,771619
2025-08-04 10:00:00.000000000,1754272800000000000,4970,4977,4968,4973,5095,771619,771006
2025-08-04 10:01:00.000000000,1754272860000000000,4973,4975,4971,4973,3053,771006,770126
2025-08-04 10:02:00.000000000,1754272920000000000,4973,4973,4967,4971,2493,770126,770374
2025-08-04 10:03:00.000000000,1754272980000000000,4971,4971,4967,4968,1812,770374,770412
2025-08-04 10:04:00.000000000,1754273040000000000,4968,4971,4966,4970,1631,770412,770195
2025-08-04 10:05:00.000000000,1754273100000000000,4970,4971,4965,4970,2981,770195,770013
2025-08-04 10:06:00.000000000,1754273160000000000,4970,4971,4969,4969,1235,770013,769976
2025-08-04 10:07:00.000000000,1754273220000000000,4969,4970,4966,4969,1863,769976,769398
2025-08-04 10:08:00.000000000,1754273280000000000,4969,4970,4968,4968,422,769398,769476
2025-08-04 10:09:00.000000000,1754273340000000000,4968,4969,4962,4965,3207,769476,769298
2025-08-04 10:10:00.000000000,1754273400000000000,4965,4965,4961,4963,1291,769298,769452
2025-08-04 10:11:00.000000000,1754273460000000000,4963,4970,4961,4967,3699,769452,769218
2025-08-04 10:12:00.000000000,1754273520000000000,4967,4967,4962,4963,2158,769218,769201
2025-08-04 10:13:00.000000000,1754273580000000000,4963,4964,4961,4963,1309,769201,769462
2025-08-04 10:14:00.000000000,1754273640000000000,4963,4969,4963,4968,2251,769462,768893
2025-08-04 10:30:00.000000000,1754274600000000000,4967,4977,4967,4972,5630,768893,768892
2025-08-04 10:31:00.000000000,1754274660000000000,4972,4974,4970,4972,2244,768892,768879
2025-08-04 10:32:00.000000000,1754274720000000000,4972,4975,4971,4973,1719,768879,768813
2025-08-04 10:33:00.000000000,1754274780000000000,4973,4975,4971,4974,1286,768813,768785
2025-08-04 10:34:00.000000000,1754274840000000000,4974,4977,4973,4975,2292,768785,768262
2025-08-04 10:35:00.000000000,1754274900000000000,4975,4976,4971,4972,1797,768262,768547
2025-08-04 10:36:00.000000000,1754274960000000000,4972,4975,4971,4972,1244,768547,768440
2025-08-04 10:37:00.000000000,1754275020000000000,4972,4972,4969,4972,1795,768440,768489
2025-08-04 10:38:00.000000000,1754275080000000000,4972,4974,4970,4971,827,768489,768366
2025-08-04 10:39:00.000000000,1754275140000000000,4971,4971,4969,4971,870,768366,768416
2025-08-04 10:40:00.000000000,1754275200000000000,4971,4973,4970,4973,1012,768416,768120
2025-08-04 10:41:00.000000000,1754275260000000000,4973,4973,4970,4971,2122,768120,768488
2025-08-04 10:42:00.000000000,1754275320000000000,4971,4976,4971,4975,1419,768488,768318
2025-08-04 10:43:00.000000000,1754275380000000000,4975,4976,4974,4976,1273,768318,767719
2025-08-04 10:44:00.000000000,1754275440000000000,4976,4978,4974,4975,1677,767719,767590
2025-08-04 10:45:00.000000000,1754275500000000000,4975,4976,4973,4975,1767,767590,767663
2025-08-04 10:46:00.000000000,1754275560000000000,4975,4976,4973,4975,1590,767663,767447
2025-08-04 10:47:00.000000000,1754275620000000000,4975,4976,4971,4973,3162,767447,767075
2025-08-04 10:48:00.000000000,1754275680000000000,4973,4973,4965,4966,2314,767075,766843
2025-08-04 10:49:00.000000000,1754275740000000000,4966,4967,4963,4964,2632,766843,767456
2025-08-04 10:50:00.000000000,1754275800000000000,4964,4966,4964,4965,931,767456,767559
2025-08-04 10:51:00.000000000,1754275860000000000,4965,4966,4963,4964,1491,767559,767861
2025-08-04 10:52:00.000000000,1754275920000000000,4964,4965,4960,4963,2637,767861,768498
2025-08-04 10:53:00.000000000,1754275980000000000,4963,4967,4961,4967,2837,768498,768265
2025-08-04 10:54:00.000000000,1754276040000000000,4967,4969,4965,4967,1835,768265,768070
2025-08-04 10:55:00.000000000,1754276100000000000,4967,4971,4967,4971,1160,768070,768304
2025-08-04 10:56:00.000000000,1754276160000000000,4971,4973,4969,4973,970,768304,768208
2025-08-04 10:57:00.000000000,1754276220000000000,4973,4973,4969,4970,1008,768208,768503
2025-08-04 10:58:00.000000000,1754276280000000000,4970,4970,4967,4969,753,768503,768374
2025-08-04 10:59:00.000000000,1754276340000000000,4969,4970,4966,4966,815,768374,768558
2025-08-04 11:00:00.000000000,1754276400000000000,4966,4970,4966,4968,1351,768558,768307
2025-08-04 11:01:00.000000000,1754276460000000000,4968,4970,4967,4970,781,768307,768317
2025-08-04 11:02:00.000000000,1754276520000000000,4970,4970,4968,4969,470,768317,768239
2025-08-04 11:03:00.000000000,1754276580000000000,4969,4969,4964,4965,1273,768239,768205
2025-08-04 11:04:00.000000000,1754276640000000000,4965,4966,4963,4965,1027,768205,767855
2025-08-04 11:05:00.000000000,1754276700000000000,4965,4968,4963,4964,847,767855,767789
2025-08-04 11:06:00.000000000,1754276760000000000,4964,4965,4962,4963,1690,767789,767758
2025-08-04 11:07:00.000000000,1754276820000000000,4963,4966,4963,4965,636,767758,767649
2025-08-04 11:08:00.000000000,1754276880000000000,4965,4969,4964,4969,800,767649,767409
2025-08-04 11:09:00.000000000,1754276940000000000,4969,4970,4967,4970,904,767409,767321
2025-08-04 11:10:00.000000000,1754277000000000000,4970,4970,4965,4965,1183,767321,767799
2025-08-04 11:11:00.000000000,1754277060000000000,4965,4967,4964,4964,1338,767799,767906
2025-08-04 11:12:00.000000000,1754277120000000000,4964,4965,4962,4964,1746,767906,767889
2025-08-04 11:13:00.000000000,1754277180000000000,4964,4965,4962,4963,887,767889,767899
2025-08-04 11:14:00.000000000,1754277240000000000,4963,4963,4960,4960,1710,767899,767843
2025-08-04 11:15:00.000000000,1754277300000000000,4960,4963,4960,4962,624,767843,767769
2025-08-04 11:16:00.000000000,1754277360000000000,4962,4963,4960,4962,1315,767769,767797
2025-08-04 11:17:00.000000000,1754277420000000000,4962,4963,4960,4960,764,767797,767901
2025-08-04 11:18:00.000000000,1754277480000000000,4960,4961,4958,4961,2447,767901,767709
2025-08-04 11:19:00.000000000,1754277540000000000,4961,4961,4956,4958,2086,767709,767899
2025-08-04 11:20:00.000000000,1754277600000000000,4958,4959,4955,4959,1606,767899,767852
2025-08-04 11:21:00.000000000,1754277660000000000,4959,4962,4958,4962,1403,767852,767924
2025-08-04 11:22:00.000000000,1754277720000000000,4962,4962,4959,4960,957,767924,768005
2025-08-04 11:23:00.000000000,1754277780000000000,4960,4965,4960,4965,1521,768005,768046
2025-08-04 11:24:00.000000000,1754277840000000000,4965,4967,4964,4965,1174,768046,767881
2025-08-04 11:25:00.000000000,1754277900000000000,4965,4965,4962,4964,1217,767881,767536
2025-08-04 11:26:00.000000000,1754277960000000000,4964,4965,4960,4961,1590,767536,767460
2025-08-04 11:27:00.000000000,1754278020000000000,4961,4962,4957,4959,1473,767460,767643
2025-08-04 11:28:00.000000000,1754278080000000000,4959,4959,4956,4956,925,767643,767726
2025-08-04 11:29:00.000000000,1754278140000000000,4956,4958,4955,4958,2413,767726,767877
2025-08-04 13:30:00.000000000,1754285400000000000,4959,4964,4953,4954,6577,767877,768279
2025-08-04 13:31:00.000000000,1754285460000000000,4954,4958,4953,4958,2212,768279,768657
2025-08-04 13:32:00.000000000,1754285520000000000,4958,4960,4957,4958,2109,768657,768458
2025-08-04 13:33:00.000000000,1754285580000000000,4958,4961,4958,4961,1291,768458,768417
2025-08-04 13:34:00.000000000,1754285640000000000,4961,4961,4958,4959,990,768417,768612
2025-08-04 13:35:00.000000000,1754285700000000000,4959,4961,4959,4959,1245,768612,768503
2025-08-04 13:36:00.000000000,1754285760000000000,4959,4961,4958,4959,1538,768503,768376
2025-08-04 13:37:00.000000000,1754285820000000000,4959,4960,4956,4960,1173,768376,768448
2025-08-04 13:38:00.000000000,1754285880000000000,4960,4960,4957,4959,908,768448,768440
2025-08-04 13:39:00.000000000,1754285940000000000,4959,4961,4957,4961,1315,768440,768926
2025-08-04 13:40:00.000000000,1754286000000000000,4961,4962,4959,4960,1472,768926,769223
2025-08-04 13:41:00.000000000,1754286060000000000,4960,4961,4958,4960,1235,769223,769263
2025-08-04 13:42:00.000000000,1754286120000000000,4960,4963,4960,4963,1072,769263,769158
2025-08-04 13:43:00.000000000,1754286180000000000,4963,4971,4962,4971,3522,769158,768549
2025-08-04 13:44:00.000000000,1754286240000000000,4971,4972,4969,4971,2092,768549,768519
2025-08-04 13:45:00.000000000,1754286300000000000,4971,4972,4968,4971,2219,768519,768509
2025-08-04 13:46:00.000000000,1754286360000000000,4971,4972,4967,4967,1839,768509,768761
2025-08-04 13:47:00.000000000,1754286420000000000,4967,4969,4966,4969,962,768761,768766
2025-08-04 13:48:00.000000000,1754286480000000000,4969,4975,4969,4974,4248,768766,767582
2025-08-04 13:49:00.000000000,1754286540000000000,4974,4975,4973,4975,1623,767582,767591
2025-08-04 13:50:00.000000000,1754286600000000000,4975,4979,4974,4976,3918,767591,767427
2025-08-04 13:51:00.000000000,1754286660000000000,4976,4982,4974,4979,3940,767427,767810
2025-08-04 13:52:00.000000000,1754286720000000000,4979,4982,4979,4981,3761,767810,767755
2025-08-04 13:53:00.000000000,1754286780000000000,4981,4982,4979,4981,6751,767755,767397
2025-08-04 13:54:00.000000000,1754286840000000000,4981,4982,4977,4978,2367,767397,767455
2025-08-04 13:55:00.000000000,1754286900000000000,4978,4983,4978,4980,2240,767455,767255
2025-08-04 13:56:00.000000000,1754286960000000000,4980,4984,4980,4981,3029,767255,766937
2025-08-04 13:57:00.000000000,1754287020000000000,4981,4981,4979,4981,1403,766937,766959
2025-08-04 13:58:00.000000000,1754287080000000000,4981,4981,4979,4980,1204,766959,766637
2025-08-04 13:59:00.000000000,1754287140000000000,4980,4981,4977,4978,2295,766637,766337
2025-08-04 14:00:00.000000000,1754287200000000000,4978,4978,4975,4976,3624,766337,766277
2025-08-04 14:01:00.000000000,1754287260000000000,4976,4977,4975,4977,2631,766277,766445
2025-08-04 14:02:00.000000000,1754287320000000000,4977,4979,4975,4978,1898,766445,766301
2025-08-04 14:03:00.000000000,1754287380000000000,4978,4981,4978,4980,1994,766301,766188
2025-08-04 14:04:00.000000000,1754287440000000000,4980,4980,4978,4979,789,766188,766194
2025-08-04 14:05:00.000000000,1754287500000000000,4979,4982,4979,4981,1584,766194,766299
2025-08-04 14:06:00.000000000,1754287560000000000,4981,4986,4981,4983,4583,766299,766495
2025-08-04 14:07:00.000000000,1754287620000000000,4983,4984,4980,4982,2634,766495,766737
2025-08-04 14:08:00.000000000,1754287680000000000,4982,4984,4981,4983,1290,766737,766811
2025-08-04 14:09:00.000000000,1754287740000000000,4983,4985,4983,4985,1389,766811,767077
2025-08-04 14:10:00.000000000,1754287800000000000,4985,4985,4982,4985,1886,767077,767298
2025-08-04 14:11:00.000000000,1754287860000000000,4985,4987,4983,4983,2639,767298,767789
2025-08-04 14:12:00.000000000,1754287920000000000,4983,4986,4983,4983,1400,767789,767767
2025-08-04 14:13:00.000000000,1754287980000000000,4983,4986,4983,4985,2427,767767,767550
2025-08-04 14:14:00.000000000,1754288040000000000,4985,4988,4985,4987,3984,767550,767813
2025-08-04 14:15:00.000000000,1754288100000000000,4987,4992,4985,4990,6140,767813,766820
2025-08-04 14:16:00.000000000,1754288160000000000,4990,4992,4987,4988,3738,766820,767146
2025-08-04 14:17:00.000000000,1754288220000000000,4988,4989,4986,4988,2848,767146,766920
2025-08-04 14:18:00.000000000,1754288280000000000,4988,4990,4986,4988,1807,766920,766961
2025-08-04 14:19:00.000000000,1754288340000000000,4988,4992,4987,4992,1885,766961,767122
2025-08-04 14:20:00.000000000,1754288400000000000,4992,4992,4988,4989,2472,767122,766810
2025-08-04 14:21:00.000000000,1754288460000000000,4989,4990,4988,4990,2791,766810,765839
2025-08-04 14:22:00.000000000,1754288520000000000,4990,4990,4986,4988,1551,765839,765519
2025-08-04 14:23:00.000000000,1754288580000000000,4988,4989,4986,4987,1470,765519,765136
2025-08-04 14:24:00.000000000,1754288640000000000,4987,4988,4984,4984,3141,765136,764320
2025-08-04 14:25:00.000000000,1754288700000000000,4984,4988,4984,4986,1852,764320,764082
2025-08-04 14:26:00.000000000,1754288760000000000,4986,4987,4985,4986,1226,764082,763991
2025-08-04 14:27:00.000000000,1754288820000000000,4986,4987,4980,4982,4665,763991,763812
2025-08-04 14:28:00.000000000,1754288880000000000,4982,4983,4980,4982,1564,763812,763871
2025-08-04 14:29:00.000000000,1754288940000000000,4982,4985,4981,4985,1736,763871,763706
2025-08-04 14:30:00.000000000,1754289000000000000,4985,4988,4985,4986,1585,763706,763540
2025-08-04 14:31:00.000000000,1754289060000000000,4986,4988,4985,4987,1091,763540,763456
2025-08-04 14:32:00.000000000,1754289120000000000,4987,4990,4986,4990,2250,763456,763068
2025-08-04 14:33:00.000000000,1754289180000000000,4990,4990,4986,4986,2086,763068,762874
2025-08-04 14:34:00.000000000,1754289240000000000,4986,4989,4985,4988,2816,762874,763250
2025-08-04 14:35:00.000000000,1754289300000000000,4988,4988,4985,4985,1033,763250,763353
2025-08-04 14:36:00.000000000,1754289360000000000,4985,4987,4982,4984,2169,763353,763088
2025-08-04 14:37:00.000000000,1754289420000000000,4984,4987,4984,4987,749,763088,762951
2025-08-04 14:38:00.000000000,1754289480000000000,4987,4987,4983,4985,1509,762951,762987
2025-08-04 14:39:00.000000000,1754289540000000000,4985,4985,4983,4983,1093,762987,762612
2025-08-04 14:40:00.000000000,1754289600000000000,4983,4986,4982,4984,1275,762612,762535
2025-08-04 14:41:00.000000000,1754289660000000000,4984,4985,4981,4983,2171,762535,762141
2025-08-04 14:42:00.000000000,1754289720000000000,4983,4985,4981,4983,1330,762141,761917
2025-08-04 14:43:00.000000000,1754289780000000000,4983,4985,4982,4982,1091,761917,761685
2025-08-04 14:44:00.000000000,1754289840000000000,4982,4983,4976,4977,5705,761685,762314
2025-08-04 14:45:00.000000000,1754289900000000000,4977,4977,4974,4975,3957,762314,762718
2025-08-04 14:46:00.000000000,1754289960000000000,4975,4976,4972,4972,3881,762718,762869
2025-08-04 14:47:00.000000000,1754290020000000000,4972,4974,4969,4974,3743,762869,763462
2025-08-04 14:48:00.000000000,1754290080000000000,4974,4976,4973,4976,1963,763462,762840
2025-08-04 14:49:00.000000000,1754290140000000000,4976,4977,4973,4974,1554,762840,762757
2025-08-04 14:50:00.000000000,1754290200000000000,4974,4979,4973,4977,2666,762757,762635
2025-08-04 14:51:00.000000000,1754290260000000000,4977,4979,4976,4978,1232,762635,762518
2025-08-04 14:52:00.000000000,1754290320000000000,4978,4979,4976,4979,1357,762518,761970
2025-08-04 14:53:00.000000000,1754290380000000000,4979,4979,4975,4978,1008,761970,761812
2025-08-04 14:54:00.000000000,1754290440000000000,4978,4978,4977,4977,550,761812,761712
2025-08-04 14:55:00.000000000,1754290500000000000,4977,4978,4974,4976,1832,761712,760903
2025-08-04 14:56:00.000000000,1754290560000000000,4976,4982,4976,4981,2891,760903,759825
2025-08-04 14:57:00.000000000,1754290620000000000,4981,4982,4979,4982,2671,759825,758999
2025-08-04 14:58:00.000000000,1754290680000000000,4982,4982,4978,4980,2171,758999,759236
2025-08-04 14:59:00.000000000,1754290740000000000,4980,4981,4978,4981,2898,759236,758248
2025-08-04 21:00:00.000000000,1754312400000000000,4930,4981,4930,4969,34279,758248,760955
2025-08-04 21:01:00.000000000,1754312460000000000,4969,4976,4966,4974,12911,760955,763136
2025-08-04 21:02:00.000000000,1754312520000000000,4974,4979,4972,4977,8329,763136,764639
2025-08-04 21:03:00.000000000,1754312580000000000,4977,4980,4974,4977,4928,764639,765158
2025-08-04 21:04:00.000000000,1754312640000000000,4977,4983,4976,4980,4952,765158,766176
2025-08-04 21:05:00.000000000,1754312700000000000,4980,4983,4978,4978,5752,766176,767220
2025-08-04 21:06:00.000000000,1754312760000000000,4978,4986,4978,4985,5618,767220,767466
2025-08-04 21:07:00.000000000,1754312820000000000,4985,4989,4984,4987,7555,767466,767082
2025-08-04 21:08:00.000000000,1754312880000000000,4987,4992,4985,4991,6908,767082,767357
2025-08-04 21:09:00.000000000,1754312940000000000,4991,4991,4989,4990,4422,767357,767942
2025-08-04 21:10:00.000000000,1754313000000000000,4990,4997,4990,4994,10534,767942,768980
2025-08-04 21:11:00.000000000,1754313060000000000,4994,4997,4993,4994,7437,768980,768476
2025-08-04 21:12:00.000000000,1754313120000000000,4994,4997,4992,4995,4453,768476,769067
2025-08-04 21:13:00.000000000,1754313180000000000,4995,4996,4991,4991,6367,769067,768328
2025-08-04 21:14:00.000000000,1754313240000000000,4991,4996,4991,4994,3857,768328,768176
2025-08-04 21:15:00.000000000,1754313300000000000,4994,5005,4994,5001,13198,768176,767906
2025-08-04 21:16:00.000000000,1754313360000000000,5001,5003,4999,5001,4338,767906,767643
2025-08-04 21:17:00.000000000,1754313420000000000,5001,5003,5000,5001,2758,767643,767542
2025-08-04 21:18:00.000000000,1754313480000000000,5001,5001,4998,5000,2485,767542,767655
2025-08-04 21:19:00.000000000,1754313540000000000,5000,5003,4999,5002,2459,767655,768044
2025-08-04 21:20:00.000000000,1754313600000000000,5002,5002,4994,4994,5180,768044,768364
2025-08-04 21:21:00.000000000,1754313660000000000,4994,4995,4983,4986,9949,768364,768789
2025-08-04 21:22:00.000000000,1754313720000000000,4986,4988,4985,4988,4585,768789,768988
2025-08-04 21:23:00.000000000,1754313780000000000,4988,4988,4985,4986,3557,768988,768404
2025-08-04 21:24:00.000000000,1754313840000000000,4986,4988,4985,4986,2057,768404,768532
2025-08-04 21:25:00.000000000,1754313900000000000,4986,4989,4985,4986,2622,768532,768712
2025-08-04 21:26:00.000000000,1754313960000000000,4986,4989,4985,4988,2803,768712,768466
2025-08-04 21:27:00.000000000,1754314020000000000,4988,4988,4984,4985,1509,768466,768267
2025-08-04 21:28:00.000000000,1754314080000000000,4985,4985,4979,4981,6513,768267,767784
2025-08-04 21:29:00.000000000,1754314140000000000,4981,4981,4977,4980,4755,767784,768168
2025-08-04 21:30:00.000000000,1754314200000000000,4980,4981,4977,4980,2502,768168,768205
2025-08-04 21:31:00.000000000,1754314260000000000,4980,4982,4980,4981,1997,768205,768088
2025-08-04 21:32:00.000000000,1754314320000000000,4981,4985,4979,4985,2006,768088,767956
2025-08-04 21:33:00.000000000,1754314380000000000,4985,4987,4984,4987,2265,767956,767905
2025-08-04 21:34:00.000000000,1754314440000000000,4987,4988,4985,4985,2111,767905,768005
2025-08-04 21:35:00.000000000,1754314500000000000,4985,4987,4985,4987,1157,768005,767672
2025-08-04 21:36:00.000000000,1754314560000000000,4987,4988,4985,4987,1179,767672,767748
2025-08-04 21:37:00.000000000,1754314620000000000,4987,4992,4986,4991,2875,767748,767764
2025-08-04 21:38:00.000000000,1754314680000000000,4991,4992,4988,4989,2346,767764,768240
2025-08-04 21:39:00.000000000,1754314740000000000,4989,4989,4984,4985,2704,768240,768503
2025-08-04 21:40:00.000000000,1754314800000000000,4985,4987,4984,4986,1511,768503,768619
2025-08-04 21:41:00.000000000,1754314860000000000,4986,4990,4985,4985,3481,768619,767778
2025-08-04 21:42:00.000000000,1754314920000000000,4985,4986,4982,4982,1811,767778,767936
2025-08-04 21:43:00.000000000,1754314980000000000,4982,4983,4981,4982,1480,767936,767860
2025-08-04 21:44:00.000000000,1754315040000000000,4982,4983,4979,4980,1618,767860,768190
2025-08-04 21:45:00.000000000,1754315100000000000,4980,4983,4979,4982,1971,768190,768270
2025-08-04 21:46:00.000000000,1754315160000000000,4982,4982,4980,4982,983,768270,768222
2025-08-04 21:47:00.000000000,1754315220000000000,4982,4982,4979,4981,1443,768222,768666
2025-08-04 21:48:00.000000000,1754315280000000000,4981,4984,4981,4982,1239,768666,768734
2025-08-04 21:49:00.000000000,1754315340000000000,4982,4984,4982,4982,618,768734,768787
2025-08-04 21:50:00.000000000,1754315400000000000,4982,4982,4978,4978,1633,768787,769110
2025-08-04 21:51:00.000000000,1754315460000000000,4978,4980,4975,4976,4279,769110,768668
2025-08-04 21:52:00.000000000,1754315520000000000,4976,4980,4976,4980,1524,768668,768913
2025-08-04 21:53:00.000000000,1754315580000000000,4980,4980,4978,4979,997,768913,768700
2025-08-04 21:54:00.000000000,1754315640000000000,4979,4979,4974,4975,2612,768700,768692
2025-08-04 21:55:00.000000000,1754315700000000000,4975,4977,4974,4976,2494,768692,768874
2025-08-04 21:56:00.000000000,1754315760000000000,4976,4978,4975,4977,1116,768874,768559
2025-08-04 21:57:00.000000000,1754315820000000000,4977,4978,4976,4977,736,768559,768561
2025-08-04 21:58:00.000000000,1754315880000000000,4977,4978,4976,4977,482,768561,768566
2025-08-04 21:59:00.000000000,1754315940000000000,4977,4978,4975,4976,908,768566,768567
2025-08-04 22:00:00.000000000,1754316000000000000,4976,4977,4971,4971,2740,768567,768641
2025-08-04 22:01:00.000000000,1754316060000000000,4971,4974,4969,4973,4138,768641,768295
2025-08-04 22:02:00.000000000,1754316120000000000,4973,4973,4969,4971,2832,768295,767900
2025-08-04 22:03:00.000000000,1754316180000000000,4971,4972,4969,4971,1974,767900,767463
2025-08-04 22:04:00.000000000,1754316240000000000,4971,4972,4966,4967,4520,767463,767835
2025-08-04 22:05:00.000000000,1754316300000000000,4967,4971,4966,4971,1854,767835,767476
2025-08-04 22:06:00.000000000,1754316360000000000,4971,4973,4970,4972,2147,767476,767725
2025-08-04 22:07:00.000000000,1754316420000000000,4972,4973,4971,4972,950,767725,767695
2025-08-04 22:08:00.000000000,1754316480000000000,4972,4972,4969,4971,1450,767695,767552
2025-08-04 22:09:00.000000000,1754316540000000000,4971,4971,4968,4968,1900,767552,767828
2025-08-04 22:10:00.000000000,1754316600000000000,4968,4973,4967,4973,1312,767828,767726
2025-08-04 22:11:00.000000000,1754316660000000000,4973,4974,4971,4971,1728,767726,767969
2025-08-04 22:12:00.000000000,1754316720000000000,4971,4973,4971,4973,667,767969,768119
2025-08-04 22:13:00.000000000,1754316780000000000,4973,4974,4972,4974,1327,768119,768106
2025-08-04 22:14:00.000000000,1754316840000000000,4974,4974,4971,4973,913,768106,768053
2025-08-04 22:15:00.000000000,1754316900000000000,4973,4974,4972,4972,1335,768053,768249
2025-08-04 22:16:00.000000000,1754316960000000000,4972,4973,4968,4969,1439,768249,768366
2025-08-04 22:17:00.000000000,1754317020000000000,4969,4974,4969,4973,1322,768366,768459
2025-08-04 22:18:00.000000000,1754317080000000000,4973,4977,4972,4975,3782,768459,768146
2025-08-04 22:19:00.000000000,1754317140000000000,4975,4975,4973,4974,1283,768146,768188
2025-08-04 22:20:00.000000000,1754317200000000000,4974,4975,4973,4974,711,768188,767934
2025-08-04 22:21:00.000000000,1754317260000000000,4974,4975,4973,4974,548,767934,767896
2025-08-04 22:22:00.000000000,1754317320000000000,4974,4975,4972,4973,745,767896,767935
2025-08-04 22:23:00.000000000,1754317380000000000,4973,4974,4971,4974,970,767935,767898
2025-08-04 22:24:00.000000000,1754317440000000000,4974,4974,4972,4973,468,767898,767872
2025-08-04 22:25:00.000000000,1754317500000000000,4973,4973,4970,4972,964,767872,767856
2025-08-04 22:26:00.000000000,1754317560000000000,4972,4976,4972,4976,1124,767856,767881
2025-08-04 22:27:00.000000000,1754317620000000000,4976,4977,4974,4977,2150,767881,767115
2025-08-04 22:28:00.000000000,1754317680000000000,4977,4980,4976,4980,2381,767115,766526
2025-08-04 22:29:00.000000000,1754317740000000000,4980,4981,4978,4979,2176,766526,766468
2025-08-04 22:30:00.000000000,1754317800000000000,4979,4980,4978,4978,1136,766468,766605
2025-08-04 22:31:00.000000000,1754317860000000000,4978,4980,4978,4979,904,766605,766504
2025-08-04 22:32:00.000000000,1754317920000000000,4979,4979,4976,4977,1218,766504,766149
2025-08-04 22:33:00.000000000,1754317980000000000,4977,4977,4974,4976,2307,766149,765876
2025-08-04 22:34:00.000000000,1754318040000000000,4976,4978,4976,4977,512,765876,765852
2025-08-04 22:35:00.000000000,1754318100000000000,4977,4977,4972,4976,2269,765852,765492
2025-08-04 22:36:00.000000000,1754318160000000000,4976,4977,4975,4975,1029,765492,765269
2025-08-04 22:37:00.000000000,1754318220000000000,4975,4975,4970,4971,2843,765269,764982
2025-08-04 22:38:00.000000000,1754318280000000000,4971,4972,4967,4968,3191,764982,764889
2025-08-04 22:39:00.000000000,1754318340000000000,4968,4970,4967,4970,1483,764889,764932
2025-08-04 22:40:00.000000000,1754318400000000000,4970,4970,4967,4968,1282,764932,764843
2025-08-04 22:41:00.000000000,1754318460000000000,4968,4969,4962,4964,7510,764843,764614
2025-08-04 22:42:00.000000000,1754318520000000000,4964,4966,4963,4964,2193,764614,765017
2025-08-04 22:43:00.000000000,1754318580000000000,4964,4972,4963,4972,2475,765017,765000
2025-08-04 22:44:00.000000000,1754318640000000000,4972,4972,4970,4971,1149,765000,764829
2025-08-04 22:45:00.000000000,1754318700000000000,4971,4974,4970,4973,1588,764829,764714
2025-08-04 22:46:00.000000000,1754318760000000000,4973,4973,4971,4972,603,764714,764745
2025-08-04 22:47:00.000000000,1754318820000000000,4972,4973,4972,4972,331,764745,764633
2025-08-04 22:48:00.000000000,1754318880000000000,4972,4974,4972,4973,821,764633,764521
2025-08-04 22:49:00.000000000,1754318940000000000,4973,4975,4972,4973,1134,764521,764014
2025-08-04 22:50:00.000000000,1754319000000000000,4973,4976,4973,4975,1985,764014,763849
2025-08-04 22:51:00.000000000,1754319060000000000,4975,4976,4972,4973,1279,763849,763741
2025-08-04 22:52:00.000000000,1754319120000000000,4973,4974,4970,4971,1363,763741,763464
2025-08-04 22:53:00.000000000,1754319180000000000,4971,4971,4969,4970,543,763464,763259
2025-08-04 22:54:00.000000000,1754319240000000000,4970,4972,4969,4972,758,763259,763167
2025-08-04 22:55:00.000000000,1754319300000000000,4972,4972,4970,4971,397,763167,763104
2025-08-04 22:56:00.000000000,1754319360000000000,4971,4972,4970,4971,656,763104,762927
2025-08-04 22:57:00.000000000,1754319420000000000,4971,4971,4970,4971,971,762927,762389
2025-08-04 22:58:00.000000000,1754319480000000000,4971,4972,4968,4971,1997,762389,761465
2025-08-04 22:59:00.000000000,1754319540000000000,4971,4972,4969,4969,2575,761465,760330
2025-08-05 09:00:00.000000000,1754355600000000000,4969,4978,4965,4968,8820,760330,760617
2025-08-05 09:01:00.000000000,1754355660000000000,4968,4971,4968,4968,2766,760617,760807
2025-08-05 09:02:00.000000000,1754355720000000000,4968,4969,4965,4967,2045,760807,761210
2025-08-05 09:03:00.000000000,1754355780000000000,4967,4969,4966,4969,1298,761210,761278
2025-08-05 09:04:00.000000000,1754355840000000000,4969,4971,4965,4967,2232,761278,761685
2025-08-05 09:05:00.000000000,1754355900000000000,4967,4968,4965,4967,2338,761685,761950
2025-08-05 09:06:00.000000000,1754355960000000000,4967,4970,4966,4969,1464,761950,761701
2025-08-05 09:07:00.000000000,1754356020000000000,4969,4970,4968,4969,871,761701,761745
2025-08-05 09:08:00.000000000,1754356080000000000,4969,4974,4969,4972,2348,761745,761659
2025-08-05 09:09:00.000000000,1754356140000000000,4972,4974,4971,4973,1834,761659,761838
2025-08-05 09:10:00.000000000,1754356200000000000,4973,4974,4971,4971,863,761838,761931
2025-08-05 09:11:00.000000000,1754356260000000000,4971,4972,4968,4969,1153,761931,761806
2025-08-05 09:12:00.000000000,1754356320000000000,4969,4970,4968,4970,764,761806,761791
2025-08-05 09:13:00.000000000,1754356380000000000,4970,4971,4968,4969,566,761791,761789
2025-08-05 09:14:00.000000000,1754356440000000000,4969,4970,4968,4970,887,761789,762009
2025-08-05 09:15:00.000000000,1754356500000000000,4970,4970,4966,4968,2177,762009,761834
2025-08-05 09:16:00.000000000,1754356560000000000,4968,4970,4967,4970,1388,761834,761843
2025-08-05 09:17:00.000000000,1754356620000000000,4970,4973,4970,4971,855,761843,761828
2025-08-05 09:18:00.000000000,1754356680000000000,4971,4974,4970,4970,1247,761828,762006
2025-08-05 09:19:00.000000000,1754356740000000000,4970,4974,4969,4974,743,762006,762034
2025-08-05 09:20:00.000000000,1754356800000000000,4974,4974,4972,4972,525,762034,762021
2025-08-05 09:21:00.000000000,1754356860000000000,4972,4975,4970,4974,1296,762021,761813
2025-08-05 09:22:00.000000000,1754356920000000000,4974,4977,4973,4977,1804,761813,761536
2025-08-05 09:23:00.000000000,1754356980000000000,4977,4979,4975,4977,4402,761536,760641
2025-08-05 09:24:00.000000000,1754357040000000000,4977,4979,4976,4978,1341,760641,760580
2025-08-05 09:25:00.000000000,1754357100000000000,4978,4979,4977,4977,827,760580,760711
2025-08-05 09:26:00.000000000,1754357160000000000,4977,4978,4976,4976,1311,760711,760483
2025-08-05 09:27:00.000000000,1754357220000000000,4976,4976,4972,4974,2080,760483,760483
2025-08-05 09:28:00.000000000,1754357280000000000,4974,4977,4973,4973,1570,760483,760768
2025-08-05 09:29:00.000000000,1754357340000000000,4973,4974,4972,4973,794,760768,760628
2025-08-05 09:30:00.000000000,1754357400000000000,4973,4976,4973,4974,678,760628,760724
2025-08-05 09:31:00.000000000,1754357460000000000,4974,4976,4971,4975,1381,760724,760583
2025-08-05 09:32:00.000000000,1754357520000000000,4975,4975,4972,4975,781,760583,760639
2025-08-05 09:33:00.000000000,1754357580000000000,4975,4976,4974,4975,613,760639,760536
2025-08-05 09:34:00.000000000,1754357640000000000,4975,4976,4972,4973,641,760536,760576
2025-08-05 09:35:00.000000000,1754357700000000000,4973,4974,4971,4971,763,760576,760572
2025-08-05 09:36:00.000000000,1754357760000000000,4971,4973,4970,4972,718,760572,760525
2025-08-05 09:37:00.000000000,1754357820000000000,4972,4975,4971,4974,503,760525,760425
2025-08-05 09:38:00.000000000,1754357880000000000,4974,4976,4973,4974,629,760425,760544
2025-08-05 09:39:00.000000000,1754357940000000000,4974,4976,4972,4973,570,760544,760519
2025-08-05 09:40:00.000000000,1754358000000000000,4973,4976,4972,4976,546,760519,760392
2025-08-05 09:41:00.000000000,1754358060000000000,4976,4980,4975,4979,3168,760392,760553
2025-08-05 09:42:00.000000000,1754358120000000000,4979,4982,4979,4980,1999,760553,760386
2025-08-05 09:43:00.000000000,1754358180000000000,4980,4981,4978,4979,1130,760386,760545
2025-08-05 09:44:00.000000000,1754358240000000000,4979,4982,4979,4980,1722,760545,760617
2025-08-05 09:45:00.000000000,1754358300000000000,4980,4982,4980,4981,2188,760617,760189
2025-08-05 09:46:00.000000000,1754358360000000000,4981,4984,4980,4980,2516,760189,759934
2025-08-05 09:47:00.000000000,1754358420000000000,4980,4980,4978,4979,1323,759934,760177
2025-08-05 09:48:00.000000000,1754358480000000000,4979,4979,4974,4974,1835,760177,760250
2025-08-05 09:49:00.000000000,1754358540000000000,4974,4976,4973,4975,1214,760250,760087
2025-08-05 09:50:00.000000000,1754358600000000000,4975,4978,4973,4977,1337,760087,759907
2025-08-05 09:51:00.000000000,1754358660000000000,4977,4978,4974,4975,682,759907,759965
2025-08-05 09:52:00.000000000,1754358720000000000,4975,4978,4974,4975,529,759965,759991
2025-08-05 09:53:00.000000000,1754358780000000000,4975,4977,4974,4977,699,759991,759924
2025-08-05 09:54:00.000000000,1754358840000000000,4977,4977,4976,4977,321,759924,760018
2025-08-05 09:55:00.000000000,1754358900000000000,4977,4979,4975,4976,978,760018,760091
2025-08-05 09:56:00.000000000,1754358960000000000,4976,4976,4972,4972,2123,760091,760082
2025-08-05 09:57:00.000000000,1754359020000000000,4972,4973,4970,4973,1722,760082,759777
2025-08-05 09:58:00.000000000,1754359080000000000,4973,4974,4971,4972,747,759777,759741
2025-08-05 09:59:00.000000000,1754359140000000000,4972,4972,4969,4971,1179,759741,759634
2025-08-05 10:00:00.000000000,1754359200000000000,4971,4971,4967,4968,2139,759634,759378
2025-08-05 10:01:00.000000000,1754359260000000000,4968,4971,4966,4970,1705,759378,759440
2025-08-05 10:02:00.000000000,1754359320000000000,4970,4972,4970,4972,750,759440,759300
2025-08-05 10:03:00.000000000,1754359380000000000,4972,4975,4971,4971,2163,759300,758955
2025-08-05 10:04:00.000000000,1754359440000000000,4971,4973,4971,4971,555,758955,758936
2025-08-05 10:05:00.000000000,1754359500000000000,4971,4975,4970,4974,1037,758936,758909
2025-08-05 10:06:00.000000000,1754359560000000000,4974,4976,4972,4973,659,758909,758811
2025-08-05 10:07:00.000000000,1754359620000000000,4973,4974,4972,4972,190,758811,758830
2025-08-05 10:08:00.000000000,1754359680000000000,4972,4975,4972,4974,477,758830,758739
2025-08-05 10:09:00.000000000,1754359740000000000,4974,4976,4973,4976,891,758739,758610
2025-08-05 10:10:00.000000000,1754359800000000000,4976,4983,4976,4980,3477,758610,758214
2025-08-05 10:11:00.000000000,1754359860000000000,4980,4981,4978,4978,889,758214,758309
2025-08-05 10:12:00.000000000,1754359920000000000,4978,4980,4978,4978,553,758309,758343
2025-08-05 10:13:00.000000000,1754359980000000000,4978,4979,4977,4978,1093,758343,758317
2025-08-05 10:14:00.000000000,1754360040000000000,4978,4983,4978,4982,2016,758317,757394
2025-08-05 10:30:00.000000000,1754361000000000000,4982,4983,4978,4979,2248,757394,757475
2025-08-05 10:31:00.000000000,1754361060000000000,4979,4980,4977,4979,977,757475,757539
2025-08-05 10:32:00.000000000,1754361120000000000,4979,4980,4977,4977,607,757539,757539
2025-08-05 10:33:00.000000000,1754361180000000000,4977,4979,4976,4977,1153,757539,757234
2025-08-05 10:34:00.000000000,1754361240000000000,4977,4978,4975,4978,561,757234,757123
2025-08-05 10:35:00.000000000,1754361300000000000,4978,4979,4976,4978,461,757123,757226
2025-08-05 10:36:00.000000000,1754361360000000000,4978,4978,4973,4975,1624,757226,757145
2025-08-05 10:37:00.000000000,1754361420000000000,4975,4976,4974,4975,731,757145,756883
2025-08-05 10:38:00.000000000,1754361480000000000,4975,4976,4974,4975,621,756883,756865
2025-08-05 10:39:00.000000000,1754361540000000000,4975,4977,4974,4977,1071,756865,757015
2025-08-05 10:40:00.000000000,1754361600000000000,4977,4979,4974,4976,1041,757015,756950
2025-08-05 10:41:00.000000000,1754361660000000000,4976,4977,4972,4972,1438,756950,756722
2025-08-05 10:42:00.000000000,1754361720000000000,4972,4974,4971,4972,1052,756722,756371
2025-08-05 10:43:00.000000000,1754361780000000000,4972,4974,4971,4973,741,756371,756497
2025-08-05 10:44:00.000000000,1754361840000000000,4973,4974,4972,4972,786,756497,756679
2025-08-05 10:45:00.000000000,1754361900000000000,4972,4973,4968,4969,6080,756679,756537
2025-08-05 10:46:00.000000000,1754361960000000000,4969,4969,4966,4968,3782,756537,756448
2025-08-05 10:47:00.000000000,1754362020000000000,4968,4969,4966,4966,1951,756448,756647
2025-08-05 10:48:00.000000000,1754362080000000000,4966,4966,4960,4963,8736,756647,756278
2025-08-05 10:49:00.000000000,1754362140000000000,4963,4964,4961,4963,2357,756278,756341
2025-08-05 10:50:00.000000000,1754362200000000000,4963,4965,4962,4964,1569,756341,756238
2025-08-05 10:51:00.000000000,1754362260000000000,4964,4970,4964,4969,2617,756238,755876
2025-08-05 10:52:00.000000000,1754362320000000000,4969,4972,4968,4968,2029,755876,755718
2025-08-05 10:53:00.000000000,1754362380000000000,4968,4971,4968,4968,1401,755718,755289
2025-08-05 10:54:00.000000000,1754362440000000000,4968,4973,4967,4972,2654,755289,754754
2025-08-05 10:55:00.000000000,1754362500000000000,4972,4974,4971,4973,1507,754754,754704
2025-08-05 10:56:00.000000000,1754362560000000000,4973,4977,4972,4976,1584,754704,754601
2025-08-05 10:57:00.000000000,1754362620000000000,4976,4977,4974,4975,1536,754601,754603
2025-08-05 10:58:00.000000000,1754362680000000000,4975,4976,4973,4973,1895,754603,754629
2025-08-05 10:59:00.000000000,1754362740000000000,4973,4977,4973,4975,1337,754629,754380
2025-08-05 11:00:00.000000000,1754362800000000000,4975,4978,4975,4977,1918,754380,754350
2025-08-05 11:01:00.000000000,1754362860000000000,4977,4978,4974,4975,1799,754350,754391
2025-08-05 11:02:00.000000000,1754362920000000000,4975,4977,4974,4976,850,754391,754539
2025-08-05 11:03:00.000000000,1754362980000000000,4976,4978,4975,4978,675,754539,754600
2025-08-05 11:04:00.000000000,1754363040000000000,4978,4980,4976,4976,2122,754600,754425
2025-08-05 11:05:00.000000000,1754363100000000000,4976,4977,4974,4976,1263,754425,754366
2025-08-05 11:06:00.000000000,1754363160000000000,4976,4979,4975,4978,1066,754366,754384
2025-08-05 11:07:00.000000000,1754363220000000000,4978,4980,4977,4978,971,754384,754551
2025-08-05 11:08:00.000000000,1754363280000000000,4978,4979,4977,4978,587,754551,754611
2025-08-05 11:09:00.000000000,1754363340000000000,4978,4980,4977,4979,651,754611,754544
2025-08-05 11:10:00.000000000,1754363400000000000,4979,4981,4979,4979,1671,754544,754864
2025-08-05 11:11:00.000000000,1754363460000000000,4979,4983,4978,4978,3386,754864,754392
2025-08-05 11:12:00.000000000,1754363520000000000,4978,4978,4976,4977,1272,754392,754289
2025-08-05 11:13:00.000000000,1754363580000000000,4977,4979,4975,4976,1989,754289,754873
2025-08-05 11:14:00.000000000,1754363640000000000,4976,4977,4975,4976,966,754873,754715
2025-08-05 11:15:00.000000000,1754363700000000000,4976,4980,4976,4979,1373,754715,754723
2025-08-05 11:16:00.000000000,1754363760000000000,4979,4983,4979,4982,2114,754723,754220
2025-08-05 11:17:00.000000000,1754363820000000000,4982,4986,4982,4984,4073,754220,753746
2025-08-05 11:18:00.000000000,1754363880000000000,4984,4987,4984,4986,3399,753746,753214
2025-08-05 11:19:00.000000000,1754363940000000000,4986,4987,4984,4985,1583,753214,753051
2025-08-05 11:20:00.000000000,1754364000000000000,4985,4985,4983,4985,2106,753051,753045
2025-08-05 11:21:00.000000000,1754364060000000000,4985,4989,4984,4984,3953,753045,752499
2025-08-05 11:22:00.000000000,1754364120000000000,4984,4988,4984,4988,1204,752499,752468
2025-08-05 11:23:00.000000000,1754364180000000000,4988,4988,4982,4982,1737,752468,752041
2025-08-05 11:24:00.000000000,1754364240000000000,4982,4984,4981,4983,2010,752041,752564
2025-08-05 11:25:00.000000000,1754364300000000000,4983,4986,4983,4984,1876,752564,752058
2025-08-05 11:26:00.000000000,1754364360000000000,4984,4988,4983,4987,1157,752058,751801
2025-08-05 11:27:00.000000000,1754364420000000000,4987,4991,4985,4990,3950,751801,751010
2025-08-05 11:28:00.000000000,1754364480000000000,4990,4990,4988,4989,1487,751010,750876
2025-08-05 11:29:00.000000000,1754364540000000000,4989,4989,4985,4986,3028,750876,750425
2025-08-05 13:30:00.000000000,1754371800000000000,4985,4997,4985,4994,7682,750425,750970
2025-08-05 13:31:00.000000000,1754371860000000000,4994,4995,4991,4991,3448,750970,750683
2025-08-05 13:32:00.000000000,1754371920000000000,4991,4993,4989,4992,2802,750683,750500
2025-08-05 13:33:00.000000000,1754371980000000000,4992,4995,4992,4993,1742,750500,750440
2025-08-05 13:34:00.000000000,1754372040000000000,4993,4994,4992,4992,1793,750440,750507
2025-08-05 13:35:00.000000000,1754372100000000000,4992,4995,4991,4994,2378,750507,750687
2025-08-05 13:36:00.000000000,1754372160000000000,4994,4995,4991,4994,1873,750687,750553
2025-08-05 13:37:00.000000000,1754372220000000000,4994,4994,4991,4992,1637,750553,750539
2025-08-05 13:38:00.000000000,1754372280000000000,4992,4996,4992,4995,2710,750539,750276
2025-08-05 13:39:00.000000000,1754372340000000000,4995,4996,4992,4994,1754,750276,750075
2025-08-05 13:40:00.000000000,1754372400000000000,4994,4997,4994,4995,1816,750075,750107
2025-08-05 13:41:00.000000000,1754372460000000000,4995,4999,4994,4996,3080,750107,749969
2025-08-05 13:42:00.000000000,1754372520000000000,4996,4997,4993,4994,1182,749969,749979
2025-08-05 13:43:00.000000000,1754372580000000000,4994,4994,4992,4993,2591,749979,749889
2025-08-05 13:44:00.000000000,1754372640000000000,4993,4995,4989,4991,3771,749889,749719
2025-08-05 13:45:00.000000000,1754372700000000000,4991,4992,4989,4989,1556,749719,749479
2025-08-05 13:46:00.000000000,1754372760000000000,4989,4990,4987,4989,1875,749479,749006
2025-08-05 13:47:00.000000000,1754372820000000000,4989,4991,4988,4988,2104,749006,749111
2025-08-05 13:48:00.000000000,1754372880000000000,4988,4991,4988,4989,1777,749111,749121
2025-08-05 13:49:00.000000000,1754372940000000000,4989,4991,4989,4990,986,749121,748660
2025-08-05 13:50:00.000000000,1754373000000000000,4990,4994,4990,4992,2212,748660,748392
2025-08-05 13:51:00.000000000,1754373060000000000,4992,4992,4987,4987,1967,748392,747900
2025-08-05 13:52:00.000000000,1754373120000000000,4987,4991,4987,4989,1751,747900,747766
2025-08-05 13:53:00.000000000,1754373180000000000,4989,4994,4988,4994,1654,747766,747593
2025-08-05 13:54:00.000000000,1754373240000000000,4994,4996,4993,4994,3031,747593,747085
2025-08-05 13:55:00.000000000,1754373300000000000,4994,4996,4994,4994,921,747085,746786
2025-08-05 13:56:00.000000000,1754373360000000000,4994,5003,4994,5000,9615,746786,746979
2025-08-05 13:57:00.000000000,1754373420000000000,5000,5002,4999,5000,2415,746979,746986
2025-08-05 13:58:00.000000000,1754373480000000000,5000,5001,4998,4999,2124,746986,746842
2025-08-05 13:59:00.000000000,1754373540000000000,4999,5001,4998,4999,1331,746842,746532
2025-08-05 14:00:00.000000000,1754373600000000000,4999,5001,4996,5000,3342,746532,745854
2025-08-05 14:01:00.000000000,1754373660000000000,5000,5004,4998,5004,3773,745854,745478
2025-08-05 14:02:00.000000000,1754373720000000000,5004,5005,5002,5003,3806,745478,745295
2025-08-05 14:03:00.000000000,1754373780000000000,5003,5005,5000,5001,2205,745295,744806
2025-08-05 14:04:00.000000000,1754373840000000000,5001,5002,4999,4999,2278,744806,744804
2025-08-05 14:05:00.000000000,1754373900000000000,4999,5001,4999,4999,1702,744804,744882
2025-08-05 14:06:00.000000000,1754373960000000000,4999,5001,4998,4999,1438,744882,744586
2025-08-05 14:07:00.000000000,1754374020000000000,4999,5000,4997,4999,2425,744586,744058
2025-08-05 14:08:00.000000000,1754374080000000000,4999,5001,4999,5000,2688,744058,744536
2025-08-05 14:09:00.000000000,1754374140000000000,5000,5002,4999,4999,1335,744536,744689
2025-08-05 14:10:00.000000000,1754374200000000000,4999,5000,4999,4999,775,744689,744450
2025-08-05 14:11:00.000000000,1754374260000000000,4999,5000,4998,5000,1131,744450,744394
2025-08-05 14:12:00.000000000,1754374320000000000,5000,5000,4995,4997,1527,744394,744011
2025-08-05 14:13:00.000000000,1754374380000000000,4997,5000,4997,5000,688,744011,744014
2025-08-05 14:14:00.000000000,1754374440000000000,5000,5004,5000,5002,2277,744014,744202
2025-08-05 14:15:00.000000000,1754374500000000000,5002,5008,5002,5006,5448,744202,743383
2025-08-05 14:16:00.000000000,1754374560000000000,5006,5007,5003,5004,2237,743383,743096
2025-08-05 14:17:00.000000000,1754374620000000000,5004,5005,5003,5005,1312,743096,743277
2025-08-05 14:18:00.000000000,1754374680000000000,5005,5005,5002,5003,1618,743277,742892
2025-08-05 14:19:00.000000000,1754374740000000000,5003,5004,5000,5002,1040,742892,742888
2025-08-05 14:20:00.000000000,1754374800000000000,5002,5002,4999,5000,2628,742888,742873
2025-08-05 14:21:00.000000000,1754374860000000000,5000,5004,5000,5003,1959,742873,743002
2025-08-05 14:22:00.000000000,1754374920000000000,5003,5004,5000,5001,1406,743002,743393
2025-08-05 14:23:00.000000000,1754374980000000000,5001,5001,4999,5000,834,743393,743386
2025-08-05 14:24:00.000000000,1754375040000000000,5000,5004,5000,5003,1722,743386,743188
2025-08-05 14:25:00.000000000,1754375100000000000,5003,5005,5002,5002,1616,743188,742821
2025-08-05 14:26:00.000000000,1754375160000000000,5002,5004,5001,5004,960,742821,742445
2025-08-05 14:27:00.000000000,1754375220000000000,5004,5007,5003,5006,3906,742445,740911
2025-08-05 14:28:00.000000000,1754375280000000000,5006,5015,5006,5011,12069,740911,737606
2025-08-05 14:29:00.000000000,1754375340000000000,5011,5014,5010,5013,4825,737606,736232
2025-08-05 14:30:00.000000000,1754375400000000000,5013,5020,5012,5017,13435,736232,732006
2025-08-05 14:31:00.000000000,1754375460000000000,5017,5026,5017,5022,12365,732006,729855
2025-08-05 14:32:00.000000000,1754375520000000000,5022,5028,5021,5027,7485,729855,730030
2025-08-05 14:33:00.000000000,1754375580000000000,5027,5031,5027,5029,7829,730030,730309
2025-08-05 14:34:00.000000000,1754375640000000000,5029,5029,5023,5024,5138,730309,729296
2025-08-05 14:35:00.000000000,1754375700000000000,5024,5026,5022,5023,5194,729296,729314
2025-08-05 14:36:00.000000000,1754375760000000000,5023,5027,5022,5027,2673,729314,728991
2025-08-05 14:37:00.000000000,1754375820000000000,5027,5030,5027,5029,3728,728991,728212
2025-08-05 14:38:00.000000000,1754375880000000000,5029,5038,5029,5036,10297,728212,727188
2025-08-05 14:39:00.000000000,1754375940000000000,5036,5038,5033,5035,5752,727188,726382
2025-08-05 14:40:00.000000000,1754376000000000000,5035,5041,5034,5037,7873,726382,726457
2025-08-05 14:41:00.000000000,1754376060000000000,5037,5038,5032,5032,5106,726457,725571
2025-08-05 14:42:00.000000000,1754376120000000000,5032,5036,5031,5034,4991,725571,725768
2025-08-05 14:43:00.000000000,1754376180000000000,5034,5036,5033,5034,1697,725768,725481
2025-08-05 14:44:00.000000000,1754376240000000000,5034,5039,5033,5038,3285,725481,725421
2025-08-05 14:45:00.000000000,1754376300000000000,5038,5038,5035,5037,3219,725421,725305
2025-08-05 14:46:00.000000000,1754376360000000000,5037,5037,5031,5035,3981,725305,725030
2025-08-05 14:47:00.000000000,1754376420000000000,5035,5038,5032,5034,2737,725030,724350
2025-08-05 14:48:00.000000000,1754376480000000000,5034,5035,5031,5032,3210,724350,723744
2025-08-05 14:49:00.000000000,1754376540000000000,5032,5038,5031,5038,4478,723744,723147
2025-08-05 14:50:00.000000000,1754376600000000000,5038,5043,5037,5043,6838,723147,722325
2025-08-05 14:51:00.000000000,1754376660000000000,5043,5045,5041,5044,5281,722325,721474
2025-08-05 14:52:00.000000000,1754376720000000000,5044,5050,5044,5050,8014,721474,720335
2025-08-05 14:53:00.000000000,1754376780000000000,5050,5053,5049,5051,5681,720335,719875
2025-08-05 14:54:00.000000000,1754376840000000000,5051,5054,5049,5050,7574,719875,719243
2025-08-05 14:55:00.000000000,1754376900000000000,5050,5057,5049,5055,8131,719243,716414
2025-08-05 14:56:00.000000000,1754376960000000000,5055,5055,5048,5048,3638,716414,715854
2025-08-05 14:57:00.000000000,1754377020000000000,5048,5049,5041,5041,6575,715854,714345
2025-08-05 14:58:00.000000000,1754377080000000000,5041,5045,5039,5041,6621,714345,713024
2025-08-05 14:59:00.000000000,1754377140000000000,5041,5043,5040,5042,4666,713024,711646
2025-08-05 21:00:00.000000000,1754398800000000000,5034,5043,5022,5033,26351,711646,715215
2025-08-05 21:01:00.000000000,1754398860000000000,5033,5034,5027,5028,11369,715215,717218
2025-08-05 21:02:00.000000000,1754398920000000000,5028,5031,5017,5019,11998,717218,719864
2025-08-05 21:03:00.000000000,1754398980000000000,5019,5022,5014,5017,16273,719864,720573
2025-08-05 21:04:00.000000000,1754399040000000000,5017,5018,5012,5015,6748,720573,721085
2025-08-05 21:05:00.000000000,1754399100000000000,5015,5022,5014,5018,5338,721085,722352
2025-08-05 21:06:00.000000000,1754399160000000000,5018,5023,5018,5023,3484,722352,723136
2025-08-05 21:07:00.000000000,1754399220000000000,5023,5024,5019,5020,4611,723136,724225
2025-08-05 21:08:00.000000000,1754399280000000000,5020,5020,5011,5011,8221,724225,724107
2025-08-05 21:09:00.000000000,1754399340000000000,5011,5014,5007,5010,9891,724107,726371
2025-08-05 21:10:00.000000000,1754399400000000000,5010,5012,5010,5011,2667,726371,726480
2025-08-05 21:11:00.000000000,1754399460000000000,5011,5011,5004,5005,7655,726480,727342
2025-08-05 21:12:00.000000000,1754399520000000000,5005,5007,4998,5003,14069,727342,730483
2025-08-05 21:13:00.000000000,1754399580000000000,5003,5004,5000,5001,6034,730483,730719
2025-08-05 21:14:00.000000000,1754399640000000000,5001,5002,4999,5001,3914,730719,730629
2025-08-05 21:15:00.000000000,1754399700000000000,5001,5002,4999,5001,4930,730629,731588
2025-08-05 21:16:00.000000000,1754399760000000000,5001,5001,4998,4999,4360,731588,731915
2025-08-05 21:17:00.000000000,1754399820000000000,4999,5000,4995,4996,5449,731915,732906
2025-08-05 21:18:00.000000000,1754399880000000000,4996,4998,4995,4998,4419,732906,733970
2025-08-05 21:19:00.000000000,1754399940000000000,4998,4999,4996,4998,3423,733970,734386
2025-08-05 21:20:00.000000000,1754400000000000000,4998,5001,4997,4999,4975,734386,735534
2025-08-05 21:21:00.000000000,1754400060000000000,4999,4999,4995,4996,3148,735534,735915
2025-08-05 21:22:00.000000000,1754400120000000000,4996,5000,4996,5000,2647,735915,736556
2025-08-05 21:23:00.000000000,1754400180000000000,5000,5004,4999,5003,5199,736556,736878
2025-08-05 21:24:00.000000000,1754400240000000000,5003,5003,4999,5001,2471,736878,737320
2025-08-05 21:25:00.000000000,1754400300000000000,5001,5003,4999,5001,1876,737320,737572
2025-08-05 21:26:00.000000000,1754400360000000000,5001,5002,4999,5000,1184,737572,737609
2025-08-05 21:27:00.000000000,1754400420000000000,5000,5000,4995,4998,2712,737609,737752
2025-08-05 21:28:00.000000000,1754400480000000000,4998,5000,4997,5000,1151,737752,737757
2025-08-05 21:29:00.000000000,1754400540000000000,5000,5000,4998,4998,810,737757,737790
2025-08-05 21:30:00.000000000,1754400600000000000,4998,5000,4997,4999,2227,737790,737887
2025-08-05 21:31:00.000000000,1754400660000000000,4999,5001,4998,5000,1509,737887,738006
2025-08-05 21:32:00.000000000,1754400720000000000,5000,5000,4997,4999,1367,738006,737945
2025-08-05 21:33:00.000000000,1754400780000000000,4999,5000,4998,5000,681,737945,737700
2025-08-05 21:34:00.000000000,1754400840000000000,5000,5004,5000,5002,3729,737700,736950
2025-08-05 21:35:00.000000000,1754400900000000000,5002,5004,5001,5003,3816,736950,736619
2025-08-05 21:36:00.000000000,1754400960000000000,5003,5008,5001,5007,4682,736619,735531
2025-08-05 21:37:00.000000000,1754401020000000000,5007,5008,5005,5007,2247,735531,735682
2025-08-05 21:38:00.000000000,1754401080000000000,5007,5009,5006,5007,2645,735682,735637
2025-08-05 21:39:00.000000000,1754401140000000000,5007,5007,5005,5007,1141,735637,735723
2025-08-05 21:40:00.000000000,1754401200000000000,5007,5007,5004,5006,1770,735723,735650
2025-08-05 21:41:00.000000000,1754401260000000000,5006,5008,5004,5007,1330,735650,735585
2025-08-05 21:42:00.000000000,1754401320000000000,5007,5007,5005,5007,1249,735585,735420
2025-08-05 21:43:00.000000000,1754401380000000000,5007,5012,5006,5011,4976,735420,734697
2025-08-05 21:44:00.000000000,1754401440000000000,5011,5014,5010,5013,3977,734697,734227
2025-08-05 21:45:00.000000000,1754401500000000000,5013,5014,5012,5013,1863,734227,734427
2025-08-05 21:46:00.000000000,1754401560000000000,5013,5015,5011,5011,2149,734427,734306
2025-08-05 21:47:00.000000000,1754401620000000000,5011,5013,5010,5010,1756,734306,734228
2025-08-05 21:48:00.000000000,1754401680000000000,5010,5011,5008,5010,2685,734228,733659
2025-08-05 21:49:00.000000000,1754401740000000000,5010,5011,5009,5010,1044,733659,733599
2025-08-05 21:50:00.000000000,1754401800000000000,5010,5013,5009,5012,1809,733599,733289
2025-08-05 21:51:00.000000000,1754401860000000000,5012,5013,5009,5010,1714,733289,733528
2025-08-05 21:52:00.000000000,1754401920000000000,5010,5012,5006,5007,3800,733528,733683
2025-08-05 21:53:00.000000000,1754401980000000000,5007,5008,5006,5007,1637,733683,733283
2025-08-05 21:54:00.000000000,1754402040000000000,5007,5009,5006,5008,1286,733283,733228
2025-08-05 21:55:00.000000000,1754402100000000000,5008,5010,5008,5008,783,733228,733038
2025-08-05 21:56:00.000000000,1754402160000000000,5008,5009,5006,5008,1875,733038,733325
2025-08-05 21:57:00.000000000,1754402220000000000,5008,5009,5007,5009,824,733325,733179
2025-08-05 21:58:00.000000000,1754402280000000000,5009,5010,5009,5009,442,733179,733195
2025-08-05 21:59:00.000000000,1754402340000000000,5009,5011,5009,5010,910,733195,733111
2025-08-05 22:00:00.000000000,1754402400000000000,5010,5010,5007,5010,1489,733111,733215
2025-08-05 22:01:00.000000000,1754402460000000000,5010,5010,5004,5004,3180,733215,732908
2025-08-05 22:02:00.000000000,1754402520000000000,5004,5006,5004,5005,1794,732908,732914
2025-08-05 22:03:00.000000000,1754402580000000000,5005,5005,5003,5004,1511,732914,732699
2025-08-05 22:04:00.000000000,1754402640000000000,5004,5007,5004,5006,1185,732699,732352
2025-08-05 22:05:00.000000000,1754402700000000000,5006,5007,5005,5006,1200,732352,732185
2025-08-05 22:06:00.000000000,1754402760000000000,5006,5006,5004,5005,782,732185,732082
2025-08-05 22:07:00.000000000,1754402820000000000,5005,5007,5004,5004,923,732082,731958
2025-08-05 22:08:00.000000000,1754402880000000000,5004,5007,5004,5006,443,731958,731843
2025-08-05 22:09:00.000000000,1754402940000000000,5006,5007,5005,5005,1447,731843,732043
2025-08-05 22:10:00.000000000,1754403000000000000,5005,5010,5005,5010,1528,732043,731882
2025-08-05 22:11:00.000000000,1754403060000000000,5010,5010,5008,5010,1327,731882,731595
2025-08-05 22:12:00.000000000,1754403120000000000,5010,5010,5006,5007,1496,731595,731287
2025-08-05 22:13:00.000000000,1754403180000000000,5007,5007,5005,5006,777,731287,731257
2025-08-05 22:14:00.000000000,1754403240000000000,5006,5008,5006,5007,506,731257,731158
2025-08-05 22:15:00.000000000,1754403300000000000,5007,5011,5007,5009,1484,731158,730856
2025-08-05 22:16:00.000000000,1754403360000000000,5009,5013,5008,5012,1890,730856,730705
2025-08-05 22:17:00.000000000,1754403420000000000,5012,5012,5009,5010,1587,730705,730800
2025-08-05 22:18:00.000000000,1754403480000000000,5010,5012,5009,5010,881,730800,730691
2025-08-05 22:19:00.000000000,1754403540000000000,5010,5012,5009,5011,1236,730691,730641
2025-08-05 22:20:00.000000000,1754403600000000000,5011,5011,5010,5010,1705,730641,730033
2025-08-05 22:21:00.000000000,1754403660000000000,5010,5012,5009,5011,1018,730033,730308
2025-08-05 22:22:00.000000000,1754403720000000000,5011,5011,5007,5007,2216,730308,729770
2025-08-05 22:23:00.000000000,1754403780000000000,5007,5009,5006,5008,2347,729770,729331
2025-08-05 22:24:00.000000000,1754403840000000000,5008,5009,5004,5006,1941,729331,729235
2025-08-05 22:25:00.000000000,1754403900000000000,5006,5007,5004,5005,1911,729235,729103
2025-08-05 22:26:00.000000000,1754403960000000000,5005,5006,4999,5002,8884,729103,729788
2025-08-05 22:27:00.000000000,1754404020000000000,5002,5004,5001,5003,1634,729788,729448
2025-08-05 22:28:00.000000000,1754404080000000000,5003,5004,5002,5004,688,729448,729483
2025-08-05 22:29:00.000000000,1754404140000000000,5004,5005,5003,5004,2012,729483,729884
2025-08-05 22:30:00.000000000,1754404200000000000,5004,5005,5002,5002,1757,729884,730288
2025-08-05 22:31:00.000000000,1754404260000000000,5002,5003,5000,5001,1594,730288,729884
2025-08-05 22:32:00.000000000,1754404320000000000,5001,5002,4998,5001,1907,729884,729835
2025-08-05 22:33:00.000000000,1754404380000000000,5001,5002,4999,5001,1149,729835,729735
2025-08-05 22:34:00.000000000,1754404440000000000,5001,5003,5001,5003,407,729735,729679
2025-08-05 22:35:00.000000000,1754404500000000000,5003,5009,5002,5009,3923,729679,728821
2025-08-05 22:36:00.000000000,1754404560000000000,5009,5011,5008,5010,3503,728821,728323
2025-08-05 22:37:00.000000000,1754404620000000000,5010,5010,5008,5009,847,728323,728237
2025-08-05 22:38:00.000000000,1754404680000000000,5009,5010,5007,5008,1467,728237,727834
2025-08-05 22:39:00.000000000,1754404740000000000,5008,5009,5007,5007,518,727834,727863
2025-08-05 22:40:00.000000000,1754404800000000000,5007,5009,5007,5007,958,727863,727789
2025-08-05 22:41:00.000000000,1754404860000000000,5007,5009,5006,5008,669,727789,727557
2025-08-05 22:42:00.000000000,1754404920000000000,5008,5009,5006,5008,867,727557,727277
2025-08-05 22:43:00.000000000,1754404980000000000,5008,5009,5007,5008,610,727277,726955
2025-08-05 22:44:00.000000000,1754405040000000000,5008,5009,5007,5008,228,726955,726963
2025-08-05 22:45:00.000000000,1754405100000000000,5008,5008,5005,5006,1011,726963,726845
2025-08-05 22:46:00.000000000,1754405160000000000,5006,5007,5004,5004,919,726845,726638
2025-08-05 22:47:00.000000000,1754405220000000000,5004,5006,5004,5004,912,726638,726429
2025-08-05 22:48:00.000000000,1754405280000000000,5004,5005,5003,5003,1195,726429,726310
2025-08-05 22:49:00.000000000,1754405340000000000,5003,5006,5003,5004,855,726310,726302
2025-08-05 22:50:00.000000000,1754405400000000000,5004,5006,5004,5005,736,726302,725900
2025-08-05 22:51:00.000000000,1754405460000000000,5005,5008,5005,5007,721,725900,725786
2025-08-05 22:52:00.000000000,1754405520000000000,5007,5007,5005,5007,403,725786,725683
2025-08-05 22:53:00.000000000,1754405580000000000,5007,5008,5006,5006,801,725683,725732
2025-08-05 22:54:00.000000000,1754405640000000000,5006,5007,5005,5006,774,725732,725369
2025-08-05 22:55:00.000000000,1754405700000000000,5006,5006,5004,5005,3300,725369,724809
2025-08-05 22:56:00.000000000,1754405760000000000,5005,5005,5004,5004,787,724809,724413
2025-08-05 22:57:00.000000000,1754405820000000000,5004,5007,5004,5006,1163,724413,723865
2025-08-05 22:58:00.000000000,1754405880000000000,5006,5007,5005,5006,2283,723865,722626
2025-08-05 22:59:00.000000000,1754405940000000000,5006,5010,5005,5008,3929,722626,720557
2025-08-06 09:00:00.000000000,1754442000000000000,5005,5010,5000,5010,8167,720557,720273
2025-08-06 09:01:00.000000000,1754442060000000000,5010,5017,5009,5017,5723,720273,719927
2025-08-06 09:02:00.000000000,1754442120000000000,5017,5017,5014,5016,3097,719927,720366
2025-08-06 09:03:00.000000000,1754442180000000000,5016,5018,5015,5016,2748,720366,720801
2025-08-06 09:04:00.000000000,1754442240000000000,5016,5018,5015,5016,2952,720801,721454
2025-08-06 09:05:00.000000000,1754442300000000000,5016,5020,5016,5020,2780,721454,721295
2025-08-06 09:06:00.000000000,1754442360000000000,5020,5021,5017,5019,2025,721295,721614
2025-08-06 09:07:00.000000000,1754442420000000000,5019,5021,5017,5021,3120,721614,721938
2025-08-06 09:08:00.000000000,1754442480000000000,5021,5021,5019,5021,1456,721938,721832
2025-08-06 09:09:00.000000000,1754442540000000000,5021,5021,5017,5017,2325,721832,721206
2025-08-06 09:10:00.000000000,1754442600000000000,5017,5019,5016,5018,2035,721206,721506
2025-08-06 09:11:00.000000000,1754442660000000000,5018,5018,5016,5016,1492,721506,721570
2025-08-06 09:12:00.000000000,1754442720000000000,5016,5022,5016,5021,2103,721570,721336
2025-08-06 09:13:00.000000000,1754442780000000000,5021,5021,5017,5018,2010,721336,721277
2025-08-06 09:14:00.000000000,1754442840000000000,5018,5019,5016,5017,1013,721277,721142
2025-08-06 09:15:00.000000000,1754442900000000000,5017,5018,5015,5016,3545,721142,721843
2025-08-06 09:16:00.000000000,1754442960000000000,5016,5018,5014,5017,2037,721843,721920
2025-08-06 09:17:00.000000000,1754443020000000000,5017,5021,5016,5020,2628,721920,721266
2025-08-06 09:18:00.000000000,1754443080000000000,5020,5022,5019,5020,1442,721266,721317
2025-08-06 09:19:00.000000000,1754443140000000000,5020,5021,5016,5016,1563,721317,721554
2025-08-06 09:20:00.000000000,1754443200000000000,5016,5018,5016,5016,1215,721554,721348
2025-08-06 09:21:00.000000000,1754443260000000000,5016,5018,5015,5017,1156,721348,721008
2025-08-06 09:22:00.000000000,1754443320000000000,5017,5019,5016,5017,788,721008,721131
2025-08-06 09:23:00.000000000,1754443380000000000,5017,5017,5013,5013,1853,721131,720909
2025-08-06 09:24:00.000000000,1754443440000000000,5013,5016,5013,5013,1748,720909,720500
2025-08-06 09:25:00.000000000,1754443500000000000,5013,5016,5009,5015,3640,720500,719978
2025-08-06 09:26:00.000000000,1754443560000000000,5015,5019,5014,5019,1669,719978,719951
2025-08-06 09:27:00.000000000,1754443620000000000,5019,5022,5018,5021,2255,719951,719961
2025-08-06 09:28:00.000000000,1754443680000000000,5021,5024,5019,5023,2664,719961,719499
2025-08-06 09:29:00.000000000,1754443740000000000,5023,5026,5023,5025,4132,719499,719241
2025-08-06 09:30:00.000000000,1754443800000000000,5025,5026,5023,5024,3886,719241,719250
2025-08-06 09:31:00.000000000,1754443860000000000,5024,5026,5023,5026,1711,719250,718914
2025-08-06 09:32:00.000000000,1754443920000000000,5026,5029,5025,5027,4530,718914,718761
2025-08-06 09:33:00.000000000,1754443980000000000,5027,5030,5027,5030,3048,718761,718585
2025-08-06 09:34:00.000000000,1754444040000000000,5030,5032,5028,5032,4181,718585,717466
2025-08-06 09:35:00.000000000,1754444100000000000,5032,5036,5032,5033,4398,717466,716372
2025-08-06 09:36:00.000000000,1754444160000000000,5033,5035,5031,5032,1932,716372,716647
2025-08-06 09:37:00.000000000,1754444220000000000,5032,5034,5032,5033,1493,716647,716655
2025-08-06 09:38:00.000000000,1754444280000000000,5033,5036,5033,5035,2308,716655,716668
2025-08-06 09:39:00.000000000,1754444340000000000,5035,5036,5032,5035,1736,716668,716386
2025-08-06 09:40:00.000000000,1754444400000000000,5035,5038,5035,5037,3473,716386,716273
2025-08-06 09:41:00.000000000,1754444460000000000,5037,5039,5036,5039,2766,716273,715784
2025-08-06 09:42:00.000000000,1754444520000000000,5039,5039,5036,5038,1254,715784,715535
2025-08-06 09:43:00.000000000,1754444580000000000,5038,5040,5036,5038,2054,715535,715757
2025-08-06 09:44:00.000000000,1754444640000000000,5038,5040,5038,5040,1841,715757,715316
2025-08-06 09:45:00.000000000,1754444700000000000,5040,5041,5039,5040,1871,715316,715681
2025-08-06 09:46:00.000000000,1754444760000000000,5040,5041,5039,5039,1998,715681,715354
2025-08-06 09:47:00.000000000,1754444820000000000,5039,5041,5039,5040,1750,715354,714832
2025-08-06 09:48:00.000000000,1754444880000000000,5040,5041,5039,5039,1315,714832,714594
2025-08-06 09:49:00.000000000,1754444940000000000,5039,5041,5039,5040,951,714594,714498
2025-08-06 09:50:00.000000000,1754445000000000000,5040,5046,5040,5045,5453,714498,714624
2025-08-06 09:51:00.000000000,1754445060000000000,5045,5049,5045,5048,5777,714624,715118
2025-08-06 09:52:00.000000000,1754445120000000000,5048,5053,5048,5051,8997,715118,715419
2025-08-06 09:53:00.000000000,1754445180000000000,5051,5051,5046,5048,3626,715419,715213
2025-08-06 09:54:00.000000000,1754445240000000000,5048,5048,5043,5043,2811,715213,714575
2025-08-06 09:55:00.000000000,1754445300000000000,5043,5047,5043,5046,1789,714575,714194
2025-08-06 09:56:00.000000000,1754445360000000000,5046,5048,5045,5047,1913,714194,713893
2025-08-06 09:57:00.000000000,1754445420000000000,5047,5051,5046,5049,2879,713893,713438
2025-08-06 09:58:00.000000000,1754445480000000000,5049,5054,5049,5052,4507,713438,712904
2025-08-06 09:59:00.000000000,1754445540000000000,5052,5054,5049,5052,3072,712904,712671
2025-08-06 10:00:00.000000000,1754445600000000000,5052,5052,5049,5050,3476,712671,711638
2025-08-06 10:01:00.000000000,1754445660000000000,5050,5054,5050,5053,3635,711638,710776
2025-08-06 10:02:00.000000000,1754445720000000000,5053,5053,5050,5051,1474,710776,710702
2025-08-06 10:03:00.000000000,1754445780000000000,5051,5051,5046,5047,3478,710702,709650
2025-08-06 10:04:00.000000000,1754445840000000000,5047,5049,5044,5049,3465,709650,709028
2025-08-06 10:05:00.000000000,1754445900000000000,5049,5055,5049,5054,4313,709028,708346
2025-08-06 10:06:00.000000000,1754445960000000000,5054,5056,5052,5052,3932,708346,708141
2025-08-06 10:07:00.000000000,1754446020000000000,5052,5059,5052,5057,3308,708141,707751
2025-08-06 10:08:00.000000000,1754446080000000000,5057,5062,5057,5059,7118,707751,706743
2025-08-06 10:09:00.000000000,1754446140000000000,5059,5063,5058,5059,4009,706743,706061
2025-08-06 10:10:00.000000000,1754446200000000000,5059,5061,5058,5060,2467,706061,705862
2025-08-06 10:11:00.000000000,1754446260000000000,5060,5061,5056,5057,3282,705862,705054
2025-08-06 10:12:00.000000000,1754446320000000000,5057,5061,5056,5061,2553,705054,705304
2025-08-06 10:13:00.000000000,1754446380000000000,5061,5064,5060,5062,4987,705304,703790
2025-08-06 10:14:00.000000000,1754446440000000000,5062,5067,5061,5064,3578,703790,703596
2025-08-06 10:30:00.000000000,1754447400000000000,5066,5070,5062,5066,6365,703596,703944
2025-08-06 10:31:00.000000000,1754447460000000000,5066,5067,5063,5065,3856,703944,703290
2025-08-06 10:32:00.000000000,1754447520000000000,5065,5066,5062,5065,2262,703290,703278
2025-08-06 10:33:00.000000000,1754447580000000000,5065,5065,5062,5065,1556,703278,703382
2025-08-06 10:34:00.000000000,1754447640000000000,5065,5067,5064,5066,2785,703382,703322
2025-08-06 10:35:00.000000000,1754447700000000000,5066,5068,5064,5066,2399,703322,703472
2025-08-06 10:36:00.000000000,1754447760000000000,5066,5066,5059,5060,4134,703472,702612
2025-08-06 10:37:00.000000000,1754447820000000000,5060,5065,5060,5061,3305,702612,702115
2025-08-06 10:38:00.000000000,1754447880000000000,5061,5062,5060,5061,1347,702115,701533
2025-08-06 10:39:00.000000000,1754447940000000000,5061,5063,5056,5056,3932,701533,700349
2025-08-06 10:40:00.000000000,1754448000000000000,5056,5061,5055,5058,4544,700349,699084
2025-08-06 10:41:00.000000000,1754448060000000000,5058,5063,5058,5062,2468,699084,698460
2025-08-06 10:42:00.000000000,1754448120000000000,5062,5064,5061,5062,1945,698460,698334
2025-08-06 10:43:00.000000000,1754448180000000000,5062,5062,5058,5059,1370,698334,698037
2025-08-06 10:44:00.000000000,1754448240000000000,5059,5061,5058,5060,1026,698037,698033
2025-08-06 10:45:00.000000000,1754448300000000000,5060,5060,5056,5057,2258,698033,697795
2025-08-06 10:46:00.000000000,1754448360000000000,5057,5058,5054,5057,2909,697795,697279
2025-08-06 10:47:00.000000000,1754448420000000000,5057,5059,5054,5055,3087,697279,697095
2025-08-06 10:48:00.000000000,1754448480000000000,5055,5058,5054,5057,2047,697095,696231
2025-08-06 10:49:00.000000000,1754448540000000000,5057,5058,5056,5057,1975,696231,696253
2025-08-06 10:50:00.000000000,1754448600000000000,5057,5060,5055,5058,1931,696253,696130
2025-08-06 10:51:00.000000000,1754448660000000000,5058,5059,5056,5059,1113,696130,696045
2025-08-06 10:52:00.000000000,1754448720000000000,5059,5059,5052,5054,3159,696045,695837
2025-08-06 10:53:00.000000000,1754448780000000000,5054,5055,5052,5054,2805,695837,695051
2025-08-06 10:54:00.000000000,1754448840000000000,5054,5056,5052,5052,2184,695051,694763
2025-08-06 10:55:00.000000000,1754448900000000000,5052,5054,5052,5052,2022,694763,694324
2025-08-06 10:56:00.000000000,1754448960000000000,5052,5052,5045,5046,7135,694324,692915
2025-08-06 10:57:00.000000000,1754449020000000000,5046,5049,5046,5047,2516,692915,692842
2025-08-06 10:58:00.000000000,1754449080000000000,5047,5053,5046,5052,2721,692842,692714
2025-08-06 10:59:00.000000000,1754449140000000000,5052,5054,5051,5053,2037,692714,692641
2025-08-06 11:00:00.000000000,1754449200000000000,5053,5056,5052,5055,1920,692641,692894
2025-08-06 11:01:00.000000000,1754449260000000000,5055,5056,5054,5054,1855,692894,692988
2025-08-06 11:02:00.000000000,1754449320000000000,5054,5057,5053,5053,1569,692988,692843
2025-08-06 11:03:00.000000000,1754449380000000000,5053,5055,5053,5054,720,692843,692952
2025-08-06 11:04:00.000000000,1754449440000000000,5054,5055,5052,5054,1891,692952,693017
2025-08-06 11:05:00.000000000,1754449500000000000,5054,5055,5050,5054,1926,693017,692758
2025-08-06 11:06:00.000000000,1754449560000000000,5054,5055,5052,5055,1215,692758,692421
2025-08-06 11:07:00.000000000,1754449620000000000,5055,5055,5050,5050,1372,692421,692233
2025-08-06 11:08:00.000000000,1754449680000000000,5050,5054,5049,5053,1926,692233,692530
2025-08-06 11:09:00.000000000,1754449740000000000,5053,5053,5049,5051,1499,692530,692135
2025-08-06 11:10:00.000000000,1754449800000000000,5051,5053,5049,5049,988,692135,691987
2025-08-06 11:11:00.000000000,1754449860000000000,5049,5049,5046,5048,3577,691987,691793
2025-08-06 11:12:00.000000000,1754449920000000000,5048,5049,5047,5048,799,691793,691591
2025-08-06 11:13:00.000000000,1754449980000000000,5048,5053,5048,5053,1887,691591,691130
2025-08-06 11:14:00.000000000,1754450040000000000,5053,5054,5051,5053,1086,691130,690878
2025-08-06 11:15:00.000000000,1754450100000000000,5053,5053,5047,5047,2164,690878,690173
2025-08-06 11:16:00.000000000,1754450160000000000,5047,5048,5044,5045,3878,690173,689267
2025-08-06 11:17:00.000000000,1754450220000000000,5045,5047,5044,5047,1702,689267,689528
2025-08-06 11:18:00.000000000,1754450280000000000,5047,5048,5045,5046,1243,689528,689443
2025-08-06 11:19:00.000000000,1754450340000000000,5046,5047,5045,5047,644,689443,689272
2025-08-06 11:20:00.000000000,1754450400000000000,5047,5051,5046,5047,2323,689272,688758
2025-08-06 11:21:00.000000000,1754450460000000000,5047,5051,5046,5050,964,688758,688650
2025-08-06 11:22:00.000000000,1754450520000000000,5050,5053,5050,5052,828,688650,688525
2025-08-06 11:23:00.000000000,1754450580000000000,5052,5055,5052,5055,1353,688525,688536
2025-08-06 11:24:00.000000000,1754450640000000000,5055,5055,5052,5054,1186,688536,688490
2025-08-06 11:25:00.000000000,1754450700000000000,5054,5060,5053,5058,3508,688490,688200
2025-08-06 11:26:00.000000000,1754450760000000000,5058,5058,5055,5056,1476,688200,688346
2025-08-06 11:27:00.000000000,1754450820000000000,5056,5057,5054,5056,1463,688346,687998
2025-08-06 11:28:00.000000000,1754450880000000000,5056,5058,5053,5056,1567,687998,687713
2025-08-06 11:29:00.000000000,1754450940000000000,5056,5058,5055,5056,1718,687713,687206
2025-08-06 13:30:00.000000000,1754458200000000000,5054,5054,5047,5050,4620,687206,687257
2025-08-06 13:31:00.000000000,1754458260000000000,5050,5055,5050,5055,1868,687257,687027
2025-08-06 13:32:00.000000000,1754458320000000000,5055,5056,5052,5056,1305,687027,687202
2025-08-06 13:33:00.000000000,1754458380000000000,5056,5060,5056,5058,2345,687202,687342
2025-08-06 13:34:00.000000000,1754458440000000000,5058,5060,5056,5057,2026,687342,687630
2025-08-06 13:35:00.000000000,1754458500000000000,5057,5060,5056,5058,4622,687630,687928
2025-08-06 13:36:00.000000000,1754458560000000000,5058,5058,5055,5056,982,687928,688097
2025-08-06 13:37:00.000000000,1754458620000000000,5056,5056,5053,5054,1225,688097,688155
2025-08-06 13:38:00.000000000,1754458680000000000,5054,5056,5050,5052,1688,688155,688266
2025-08-06 13:39:00.000000000,1754458740000000000,5052,5054,5052,5053,907,688266,688555
2025-08-06 13:40:00.000000000,1754458800000000000,5053,5055,5051,5052,1761,688555,688625
2025-08-06 13:41:00.000000000,1754458860000000000,5052,5054,5051,5052,1660,688625,688428
2025-08-06 13:42:00.000000000,1754458920000000000,5052,5055,5052,5054,1404,688428,688522
2025-08-06 13:43:00.000000000,1754458980000000000,5054,5054,5052,5054,807,688522,688495
2025-08-06 13:44:00.000000000,1754459040000000000,5054,5057,5054,5055,1984,688495,688431
2025-08-06 13:45:00.000000000,1754459100000000000,5055,5057,5053,5054,1596,688431,688352
2025-08-06 13:46:00.000000000,1754459160000000000,5054,5055,5050,5050,2088,688352,688634
2025-08-06 13:47:00.000000000,1754459220000000000,5050,5053,5049,5052,1440,688634,688397
2025-08-06 13:48:00.000000000,1754459280000000000,5052,5053,5051,5052,848,688397,688316
2025-08-06 13:49:00.000000000,1754459340000000000,5052,5059,5052,5059,2886,688316,687811
2025-08-06 13:50:00.000000000,1754459400000000000,5059,5060,5057,5057,2297,687811,688005
2025-08-06 13:51:00.000000000,1754459460000000000,5057,5060,5057,5060,1789,688005,687697
2025-08-06 13:52:00.000000000,1754459520000000000,5060,5063,5058,5058,3105,687697,687816
2025-08-06 13:53:00.000000000,1754459580000000000,5058,5058,5051,5052,2357,687816,687943
2025-08-06 13:54:00.000000000,1754459640000000000,5052,5054,5049,5052,3331,687943,687976
2025-08-06 13:55:00.000000000,1754459700000000000,5052,5055,5050,5053,2018,687976,687589
2025-08-06 13:56:00.000000000,1754459760000000000,5053,5060,5053,5059,2346,687589,687096
2025-08-06 13:57:00.000000000,1754459820000000000,5059,5060,5057,5058,2088,687096,686823
2025-08-06 13:58:00.000000000,1754459880000000000,5058,5061,5056,5057,2500,686823,686708
2025-08-06 13:59:00.000000000,1754459940000000000,5057,5060,5057,5058,749,686708,686705
2025-08-06 14:00:00.000000000,1754460000000000000,5058,5060,5058,5059,826,686705,686542
2025-08-06 14:01:00.000000000,1754460060000000000,5059,5060,5058,5059,2044,686542,686650
2025-08-06 14:02:00.000000000,1754460120000000000,5059,5060,5057,5059,1187,686650,686597
2025-08-06 14:03:00.000000000,1754460180000000000,5059,5062,5058,5059,2445,686597,686936
2025-08-06 14:04:00.000000000,1754460240000000000,5059,5059,5055,5057,1826,686936,687159
2025-08-06 14:05:00.000000000,1754460300000000000,5057,5060,5055,5056,1086,687159,687133
2025-08-06 14:06:00.000000000,1754460360000000000,5056,5056,5052,5052,3255,687133,687123
2025-08-06 14:07:00.000000000,1754460420000000000,5052,5053,5050,5053,2166,687123,687276
2025-08-06 14:08:00.000000000,1754460480000000000,5053,5053,5049,5050,3013,687276,687328
2025-08-06 14:09:00.000000000,1754460540000000000,5050,5054,5050,5053,2312,687328,687070
2025-08-06 14:10:00.000000000,1754460600000000000,5053,5056,5052,5054,1097,687070,686818
2025-08-06 14:11:00.000000000,1754460660000000000,5054,5055,5053,5054,609,686818,686711
2025-08-06 14:12:00.000000000,1754460720000000000,5054,5059,5053,5056,2097,686711,686381
2025-08-06 14:13:00.000000000,1754460780000000000,5056,5059,5056,5057,592,686381,686365
2025-08-06 14:14:00.000000000,1754460840000000000,5057,5059,5056,5057,1075,686365,686305
2025-08-06 14:15:00.000000000,1754460900000000000,5057,5057,5052,5053,2225,686305,685773
2025-08-06 14:16:00.000000000,1754460960000000000,5053,5054,5050,5053,1790,685773,685569
2025-08-06 14:17:00.000000000,1754461020000000000,5053,5054,5049,5050,1948,685569,685886
2025-08-06 14:18:00.000000000,1754461080000000000,5050,5052,5049,5052,1473,685886,685761
2025-08-06 14:19:00.000000000,1754461140000000000,5052,5054,5051,5053,1007,685761,685561
2025-08-06 14:20:00.000000000,1754461200000000000,5053,5056,5052,5055,1587,685561,685506
2025-08-06 14:21:00.000000000,1754461260000000000,5055,5056,5054,5055,912,685506,685394
2025-08-06 14:22:00.000000000,1754461320000000000,5055,5056,5054,5056,651,685394,685452
2025-08-06 14:23:00.000000000,1754461380000000000,5056,5057,5052,5054,2460,685452,685562
2025-08-06 14:24:00.000000000,1754461440000000000,5054,5055,5050,5052,1643,685562,685706
2025-08-06 14:25:00.000000000,1754461500000000000,5052,5053,5050,5052,956,685706,685537
2025-08-06 14:26:00.000000000,1754461560000000000,5052,5054,5052,5053,806,685537,685476
2025-08-06 14:27:00.000000000,1754461620000000000,5053,5056,5053,5055,1441,685476,685184
2025-08-06 14:28:00.000000000,1754461680000000000,5055,5056,5053,5054,682,685184,685012
2025-08-06 14:29:00.000000000,1754461740000000000,5054,5055,5051,5051,985,685012,685122
2025-08-06 14:30:00.000000000,1754461800000000000,5051,5052,5048,5050,2919,685122,685450
2025-08-06 14:31:00.000000000,1754461860000000000,5050,5051,5048,5049,2056,685450,685703
2025-08-06 14:32:00.000000000,1754461920000000000,5049,5052,5045,5046,4528,685703,686610
2025-08-06 14:33:00.000000000,1754461980000000000,5046,5049,5046,5048,3368,686610,687087
2025-08-06 14:34:00.000000000,1754462040000000000,5048,5052,5048,5051,2377,687087,687452
2025-08-06 14:35:00.000000000,1754462100000000000,5051,5053,5050,5050,2541,687452,687920
2025-08-06 14:36:00.000000000,1754462160000000000,5050,5054,5050,5054,1674,687920,687333
2025-08-06 14:37:00.000000000,1754462220000000000,5054,5056,5053,5054,2222,687333,686848
2025-08-06 14:38:00.000000000,1754462280000000000,5054,5056,5053,5054,1387,686848,686601
2025-08-06 14:39:00.000000000,1754462340000000000,5054,5055,5053,5055,904,686601,686348
2025-08-06 14:40:00.000000000,1754462400000000000,5055,5056,5054,5056,1292,686348,685926
2025-08-06 14:41:00.000000000,1754462460000000000,5056,5060,5053,5059,4422,685926,685387
2025-08-06 14:42:00.000000000,1754462520000000000,5059,5062,5058,5061,4037,685387,684313
2025-08-06 14:43:00.000000000,1754462580000000000,5061,5063,5060,5063,2858,684313,683252
2025-08-06 14:44:00.000000000,1754462640000000000,5063,5063,5055,5057,8151,683252,682337
2025-08-06 14:45:00.000000000,1754462700000000000,5057,5058,5055,5056,1983,682337,681409
2025-08-06 14:46:00.000000000,1754462760000000000,5056,5057,5053,5055,2130,681409,680832
2025-08-06 14:47:00.000000000,1754462820000000000,5055,5055,5053,5054,880,680832,680664
2025-08-06 14:48:00.000000000,1754462880000000000,5054,5054,5052,5053,1367,680664,680582
2025-08-06 14:49:00.000000000,1754462940000000000,5053,5054,5052,5054,1032,680582,680611
2025-08-06 14:50:00.000000000,1754463000000000000,5054,5058,5053,5056,4922,680611,681525
2025-08-06 14:51:00.000000000,1754463060000000000,5056,5058,5055,5055,2152,681525,680522
2025-08-06 14:52:00.000000000,1754463120000000000,5055,5055,5050,5053,3217,680522,679833
2025-08-06 14:53:00.000000000,1754463180000000000,5053,5055,5052,5053,1535,679833,679082
2025-08-06 14:54:00.000000000,1754463240000000000,5053,5055,5053,5053,1382,679082,678717
2025-08-06 14:55:00.000000000,1754463300000000000,5053,5054,5050,5053,1740,678717,677952
2025-08-06 14:56:00.000000000,1754463360000000000,5053,5054,5052,5053,1354,677952,677266
2025-08-06 14:57:00.000000000,1754463420000000000,5053,5054,5051,5051,1469,677266,676771
2025-08-06 14:58:00.000000000,1754463480000000000,5051,5053,5051,5052,2685,676771,675359
2025-08-06 14:59:00.000000000,1754463540000000000,5052,5054,5051,5051,3258,675359,674125
2025-08-06 21:00:00.000000000,1754485200000000000,5054,5082,5054,5071,26501,674125,673145
2025-08-06 21:01:00.000000000,1754485260000000000,5071,5073,5065,5067,9130,673145,673443
2025-08-06 21:02:00.000000000,1754485320000000000,5067,5070,5064,5069,4948,673443,673866
2025-08-06 21:03:00.000000000,1754485380000000000,5069,5071,5066,5067,3034,673866,674135
2025-08-06 21:04:00.000000000,1754485440000000000,5067,5069,5064,5068,3886,674135,674444
2025-08-06 21:05:00.000000000,1754485500000000000,5068,5074,5068,5073,4703,674444,673806
2025-08-06 21:06:00.000000000,1754485560000000000,5073,5073,5070,5071,2623,673806,674386
2025-08-06 21:07:00.000000000,1754485620000000000,5071,5072,5065,5068,3465,674386,674375
2025-08-06 21:08:00.000000000,1754485680000000000,5068,5070,5067,5069,1677,674375,674107
2025-08-06 21:09:00.000000000,1754485740000000000,5069,5074,5069,5073,2574,674107,673873
2025-08-06 21:10:00.000000000,1754485800000000000,5073,5073,5070,5071,1730,673873,674056
2025-08-06 21:11:00.000000000,1754485860000000000,5071,5076,5070,5074,3456,674056,674140
2025-08-06 21:12:00.000000000,1754485920000000000,5074,5075,5071,5071,2346,674140,673851
2025-08-06 21:13:00.000000000,1754485980000000000,5071,5073,5066,5067,6283,673851,673720
2025-08-06 21:14:00.000000000,1754486040000000000,5067,5067,5062,5063,4199,673720,673849
2025-08-06 21:15:00.000000000,1754486100000000000,5063,5066,5062,5063,3437,673849,674085
2025-08-06 21:16:00.000000000,1754486160000000000,5063,5066,5062,5065,2936,674085,674010
2025-08-06 21:17:00.000000000,1754486220000000000,5065,5074,5065,5072,3422,674010,673668
2025-08-06 21:18:00.000000000,1754486280000000000,5072,5073,5071,5071,1542,673668,673495
2025-08-06 21:19:00.000000000,1754486340000000000,5071,5071,5068,5068,2171,673495,673250
2025-08-06 21:20:00.000000000,1754486400000000000,5068,5068,5064,5065,2439,673250,673459
2025-08-06 21:21:00.000000000,1754486460000000000,5065,5065,5062,5064,2526,673459,673310
2025-08-06 21:22:00.000000000,1754486520000000000,5064,5066,5063,5065,1971,673310,673808
2025-08-06 21:23:00.000000000,1754486580000000000,5065,5065,5060,5063,3141,673808,673645
2025-08-06 21:24:00.000000000,1754486640000000000,5063,5064,5058,5059,3559,673645,673898
2025-08-06 21:25:00.000000000,1754486700000000000,5059,5059,5047,5049,9991,673898,673026
2025-08-06 21:26:00.000000000,1754486760000000000,5049,5049,5043,5048,7321,673026,672183
2025-08-06 21:27:00.000000000,1754486820000000000,5048,5049,5045,5048,3524,672183,671921
2025-08-06 21:28:00.000000000,1754486880000000000,5048,5048,5041,5044,6158,671921,671392
2025-08-06 21:29:00.000000000,1754486940000000000,5044,5044,5038,5041,6116,671392,670612
2025-08-06 21:30:00.000000000,1754487000000000000,5041,5044,5039,5044,5227,670612,670144
2025-08-06 21:31:00.000000000,1754487060000000000,5044,5045,5040,5044,3921,670144,670230
2025-08-06 21:32:00.000000000,1754487120000000000,5044,5044,5033,5036,10921,670230,668397
2025-08-06 21:33:00.000000000,1754487180000000000,5036,5037,5033,5034,6575,668397,668674
2025-08-06 21:34:00.000000000,1754487240000000000,5034,5037,5032,5033,6317,668674,670539
2025-08-06 21:35:00.000000000,1754487300000000000,5033,5037,5031,5035,4526,670539,670509
2025-08-06 21:36:00.000000000,1754487360000000000,5035,5036,5031,5035,2288,670509,671179
2025-08-06 21:37:00.000000000,1754487420000000000,5035,5035,5033,5033,2567,671179,671839
2025-08-06 21:38:00.000000000,1754487480000000000,5033,5039,5033,5035,4809,671839,672250
2025-08-06 21:39:00.000000000,1754487540000000000,5035,5038,5033,5037,2178,672250,672312
2025-08-06 21:40:00.000000000,1754487600000000000,5037,5041,5037,5039,2919,672312,672105
2025-08-06 21:41:00.000000000,1754487660000000000,5039,5042,5039,5041,2063,672105,672078
2025-08-06 21:42:00.000000000,1754487720000000000,5041,5041,5036,5036,2550,672078,671761
2025-08-06 21:43:00.000000000,1754487780000000000,5036,5038,5035,5037,1588,671761,671690
2025-08-06 21:44:00.000000000,1754487840000000000,5037,5038,5034,5037,2073,671690,671512
2025-08-06 21:45:00.000000000,1754487900000000000,5037,5044,5036,5041,5557,671512,671314
2025-08-06 21:46:00.000000000,1754487960000000000,5041,5043,5040,5042,2010,671314,671254
2025-08-06 21:47:00.000000000,1754488020000000000,5042,5043,5040,5042,1769,671254,671318
2025-08-06 21:48:00.000000000,1754488080000000000,5042,5043,5040,5040,958,671318,671836
2025-08-06 21:49:00.000000000,1754488140000000000,5040,5041,5039,5040,1609,671836,671413
2025-08-06 21:50:00.000000000,1754488200000000000,5040,5040,5035,5039,2317,671413,671356
2025-08-06 21:51:00.000000000,1754488260000000000,5039,5040,5038,5040,1188,671356,670908
2025-08-06 21:52:00.000000000,1754488320000000000,5040,5043,5038,5039,2344,670908,670539
2025-08-06 21:53:00.000000000,1754488380000000000,5039,5040,5036,5040,1065,670539,670579
2025-08-06 21:54:00.000000000,1754488440000000000,5040,5041,5037,5038,1394,670579,670864
2025-08-06 21:55:00.000000000,1754488500000000000,5038,5041,5037,5040,773,670864,670693
2025-08-06 21:56:00.000000000,1754488560000000000,5040,5042,5038,5039,1690,670693,671000
2025-08-06 21:57:00.000000000,1754488620000000000,5039,5041,5038,5039,970,671000,671061
2025-08-06 21:58:00.000000000,1754488680000000000,5039,5041,5037,5038,1376,671061,670821
2025-08-06 21:59:00.000000000,1754488740000000000,5038,5038,5034,5035,1884,670821,670953
2025-08-06 22:00:00.000000000,1754488800000000000,5035,5041,5034,5040,2743,670953,670458
2025-08-06 22:01:00.000000000,1754488860000000000,5040,5041,5038,5039,1055,670458,670367
2025-08-06 22:02:00.000000000,1754488920000000000,5039,5040,5037,5039,1694,670367,669960
2025-08-06 22:03:00.000000000,1754488980000000000,5039,5040,5037,5038,1313,669960,669949
2025-08-06 22:04:00.000000000,1754489040000000000,5038,5038,5034,5036,3447,669949,670324
2025-08-06 22:05:00.000000000,1754489100000000000,5036,5043,5036,5041,3974,670324,670438
2025-08-06 22:06:00.000000000,1754489160000000000,5041,5044,5041,5043,2836,670438,670153
2025-08-06 22:07:00.000000000,1754489220000000000,5043,5045,5041,5045,2399,670153,669578
2025-08-06 22:08:00.000000000,1754489280000000000,5045,5046,5042,5045,3233,669578,669866
2025-08-06 22:09:00.000000000,1754489340000000000,5045,5048,5045,5047,2368,669866,669597
2025-08-06 22:10:00.000000000,1754489400000000000,5047,5047,5043,5043,1978,669597,669530
2025-08-06 22:11:00.000000000,1754489460000000000,5043,5045,5041,5042,2395,669530,670026
2025-08-06 22:12:00.000000000,1754489520000000000,5042,5042,5039,5042,1483,670026,669843
2025-08-06 22:13:00.000000000,1754489580000000000,5042,5042,5039,5040,1387,669843,669524
2025-08-06 22:14:00.000000000,1754489640000000000,5040,5042,5040,5041,1569,669524,669225
2025-08-06 22:15:00.000000000,1754489700000000000,5041,5043,5040,5042,700,669225,669107
2025-08-06 22:16:00.000000000,1754489760000000000,5042,5044,5041,5041,1155,669107,669209
2025-08-06 22:17:00.000000000,1754489820000000000,5041,5045,5041,5045,1589,669209,668629
2025-08-06 22:18:00.000000000,1754489880000000000,5045,5045,5041,5041,923,668629,668603
2025-08-06 22:19:00.000000000,1754489940000000000,5041,5042,5039,5039,1356,668603,668567
2025-08-06 22:20:00.000000000,1754490000000000000,5039,5041,5037,5040,1550,668567,668832
2025-08-06 22:21:00.000000000,1754490060000000000,5040,5042,5039,5042,755,668832,668727
2025-08-06 22:22:00.000000000,1754490120000000000,5042,5045,5041,5044,1555,668727,668588
2025-08-06 22:23:00.000000000,1754490180000000000,5044,5044,5041,5042,782,668588,668678
2025-08-06 22:24:00.000000000,1754490240000000000,5042,5043,5041,5042,577,668678,668709
2025-08-06 22:25:00.000000000,1754490300000000000,5042,5043,5040,5040,528,668709,668811
2025-08-06 22:26:00.000000000,1754490360000000000,5040,5042,5040,5041,1722,668811,669869
2025-08-06 22:27:00.000000000,1754490420000000000,5041,5043,5040,5041,1293,669869,669892
2025-08-06 22:28:00.000000000,1754490480000000000,5041,5042,5041,5042,266,669892,669834
2025-08-06 22:29:00.000000000,1754490540000000000,5042,5043,5039,5039,1174,669834,669680
2025-08-06 22:30:00.000000000,1754490600000000000,5039,5045,5039,5044,1592,669680,669323
2025-08-06 22:31:00.000000000,1754490660000000000,5044,5045,5043,5043,964,669323,669098
2025-08-06 22:32:00.000000000,1754490720000000000,5043,5045,5042,5042,836,669098,669037
2025-08-06 22:33:00.000000000,1754490780000000000,5042,5043,5041,5042,751,669037,669052
2025-08-06 22:34:00.000000000,1754490840000000000,5042,5051,5042,5050,4661,669052,668148
2025-08-06 22:35:00.000000000,1754490900000000000,5050,5050,5047,5048,1828,668148,668075
2025-08-06 22:36:00.000000000,1754490960000000000,5048,5048,5045,5046,1615,668075,668103
2025-08-06 22:37:00.000000000,1754491020000000000,5046,5047,5046,5046,847,668103,668080
2025-08-06 22:38:00.000000000,1754491080000000000,5046,5052,5046,5051,2552,668080,667572
2025-08-06 22:39:00.000000000,1754491140000000000,5051,5053,5049,5051,1968,667572,667103
2025-08-06 22:40:00.000000000,1754491200000000000,5051,5052,5051,5051,419,667103,666982
2025-08-06 22:41:00.000000000,1754491260000000000,5051,5052,5047,5050,2478,666982,666682
2025-08-06 22:42:00.000000000,1754491320000000000,5050,5050,5041,5043,5387,666682,666302
2025-08-06 22:43:00.000000000,1754491380000000000,5043,5045,5041,5044,2687,666302,666351
2025-08-06 22:44:00.000000000,1754491440000000000,5044,5045,5041,5043,1205,666351,666341
2025-08-06 22:45:00.000000000,1754491500000000000,5043,5044,5039,5043,2340,666341,666467
2025-08-06 22:46:00.000000000,1754491560000000000,5043,5044,5040,5041,854,666467,666499
2025-08-06 22:47:00.000000000,1754491620000000000,5041,5043,5041,5043,764,666499,666369
2025-08-06 22:48:00.000000000,1754491680000000000,5043,5044,5041,5042,1020,666369,666068
2025-08-06 22:49:00.000000000,1754491740000000000,5042,5045,5042,5045,1291,666068,665592
2025-08-06 22:50:00.000000000,1754491800000000000,5045,5047,5043,5045,1484,665592,665568
2025-08-06 22:51:00.000000000,1754491860000000000,5045,5045,5043,5043,1036,665568,665640
2025-08-06 22:52:00.000000000,1754491920000000000,5043,5048,5043,5046,1255,665640,665630
2025-08-06 22:53:00.000000000,1754491980000000000,5046,5047,5045,5047,323,665630,665550
2025-08-06 22:54:00.000000000,1754492040000000000,5047,5047,5045,5045,464,665550,665513
2025-08-06 22:55:00.000000000,1754492100000000000,5045,5046,5043,5043,653,665513,665406
2025-08-06 22:56:00.000000000,1754492160000000000,5043,5046,5043,5045,1035,665406,665061
2025-08-06 22:57:00.000000000,1754492220000000000,5045,5047,5044,5046,1099,665061,664501
2025-08-06 22:58:00.000000000,1754492280000000000,5046,5047,5044,5046,1127,664501,664002
2025-08-06 22:59:00.000000000,1754492340000000000,5046,5046,5043,5045,2050,664002,662917
2025-08-07 09:00:00.000000000,1754528400000000000,5040,5044,5037,5038,6162,662917,663583
2025-08-07 09:01:00.000000000,1754528460000000000,5038,5041,5036,5037,3230,663583,663391
2025-08-07 09:02:00.000000000,1754528520000000000,5037,5040,5036,5039,1459,663391,663430
2025-08-07 09:03:00.000000000,1754528580000000000,5039,5044,5039,5042,2916,663430,663941
2025-08-07 09:04:00.000000000,1754528640000000000,5042,5043,5040,5041,1110,663941,663917
2025-08-07 09:05:00.000000000,1754528700000000000,5041,5042,5040,5040,1669,663917,664073
2025-08-07 09:06:00.000000000,1754528760000000000,5040,5041,5038,5039,1249,664073,664214
2025-08-07 09:07:00.000000000,1754528820000000000,5039,5047,5039,5045,2775,664214,663597
2025-08-07 09:08:00.000000000,1754528880000000000,5045,5047,5042,5043,1549,663597,663725
2025-08-07 09:09:00.000000000,1754528940000000000,5043,5051,5042,5048,4541,663725,663320
2025-08-07 09:10:00.000000000,1754529000000000000,5048,5048,5044,5044,1436,663320,663353
2025-08-07 09:11:00.000000000,1754529060000000000,5044,5046,5043,5043,1638,663353,663747
2025-08-07 09:12:00.000000000,1754529120000000000,5043,5044,5040,5042,2766,663747,663653
2025-08-07 09:13:00.000000000,1754529180000000000,5042,5044,5041,5043,1328,663653,663616
2025-08-07 09:14:00.000000000,1754529240000000000,5043,5047,5042,5046,1135,663616,663711
2025-08-07 09:15:00.000000000,1754529300000000000,5046,5046,5038,5039,2935,663711,664483
2025-08-07 09:16:00.000000000,1754529360000000000,5039,5039,5037,5037,2450,664483,664025
2025-08-07 09:17:00.000000000,1754529420000000000,5037,5041,5036,5041,2686,664025,664267
2025-08-07 09:18:00.000000000,1754529480000000000,5041,5041,5039,5040,607,664267,664174
2025-08-07 09:19:00.000000000,1754529540000000000,5040,5042,5040,5042,820,664174,664059
2025-08-07 09:20:00.000000000,1754529600000000000,5042,5045,5040,5044,1705,664059,663668
2025-08-07 09:21:00.000000000,1754529660000000000,5044,5047,5043,5046,2728,663668,663393
2025-08-07 09:22:00.000000000,1754529720000000000,5046,5047,5045,5045,1471,663393,662982
2025-08-07 09:23:00.000000000,1754529780000000000,5045,5046,5044,5046,934,662982,662933
2025-08-07 09:24:00.000000000,1754529840000000000,5046,5048,5045,5046,1598,662933,663052
2025-08-07 09:25:00.000000000,1754529900000000000,5046,5047,5044,5046,1740,663052,663087
2025-08-07 09:26:00.000000000,1754529960000000000,5046,5049,5046,5048,1809,663087,662724
2025-08-07 09:27:00.000000000,1754530020000000000,5048,5050,5046,5046,1112,662724,662670
2025-08-07 09:28:00.000000000,1754530080000000000,5046,5049,5046,5048,600,662670,662538
2025-08-07 09:29:00.000000000,1754530140000000000,5048,5048,5046,5046,347,662538,662471
2025-08-07 09:30:00.000000000,1754530200000000000,5046,5049,5046,5047,2027,662471,662796
2025-08-07 09:31:00.000000000,1754530260000000000,5047,5049,5046,5046,1624,662796,662818
2025-08-07 09:32:00.000000000,1754530320000000000,5046,5048,5046,5048,714,662818,662863
2025-08-07 09:33:00.000000000,1754530380000000000,5048,5051,5044,5044,3884,662863,663648
2025-08-07 09:34:00.000000000,1754530440000000000,5044,5046,5043,5043,1206,663648,663401
2025-08-07 09:35:00.000000000,1754530500000000000,5043,5043,5041,5042,2292,663401,663766
2025-08-07 09:36:00.000000000,1754530560000000000,5042,5042,5039,5042,1530,663766,663981
2025-08-07 09:37:00.000000000,1754530620000000000,5042,5043,5038,5040,1487,663981,664046
2025-08-07 09:38:00.000000000,1754530680000000000,5040,5040,5036,5039,1899,664046,664134
2025-08-07 09:39:00.000000000,1754530740000000000,5039,5039,5035,5037,2703,664134,664474
2025-08-07 09:40:00.000000000,1754530800000000000,5037,5038,5034,5034,3146,664474,665070
2025-08-07 09:41:00.000000000,1754530860000000000,5034,5036,5033,5034,2012,665070,664897
2025-08-07 09:42:00.000000000,1754530920000000000,5034,5037,5032,5036,1948,664897,665036
2025-08-07 09:43:00.000000000,1754530980000000000,5036,5038,5036,5037,781,665036,664817
2025-08-07 09:44:00.000000000,1754531040000000000,5037,5037,5032,5033,1225,664817,665109
2025-08-07 09:45:00.000000000,1754531100000000000,5033,5034,5027,5033,10259,665109,665198
2025-08-07 09:46:00.000000000,1754531160000000000,5033,5033,5030,5031,3257,665198,665044
2025-08-07 09:47:00.000000000,1754531220000000000,5031,5033,5031,5031,1220,665044,664670
2025-08-07 09:48:00.000000000,1754531280000000000,5031,5035,5030,5035,1335,664670,664434
2025-08-07 09:49:00.000000000,1754531340000000000,5035,5038,5035,5036,1690,664434,663888
2025-08-07 09:50:00.000000000,1754531400000000000,5036,5038,5036,5036,1419,663888,663155
2025-08-07 09:51:00.000000000,1754531460000000000,5036,5037,5034,5035,1809,663155,663173
2025-08-07 09:52:00.000000000,1754531520000000000,5035,5037,5033,5034,921,663173,663136
2025-08-07 09:53:00.000000000,1754531580000000000,5034,5034,5029,5031,2004,663136,663129
2025-08-07 09:54:00.000000000,1754531640000000000,5031,5031,5025,5027,4060,663129,662749
2025-08-07 09:55:00.000000000,1754531700000000000,5027,5029,5025,5026,3821,662749,662826
2025-08-07 09:56:00.000000000,1754531760000000000,5026,5029,5026,5028,2050,662826,662799
2025-08-07 09:57:00.000000000,1754531820000000000,5028,5031,5028,5028,1830,662799,662765
2025-08-07 09:58:00.000000000,1754531880000000000,5028,5031,5026,5031,1687,662765,662819
2025-08-07 09:59:00.000000000,1754531940000000000,5031,5031,5027,5030,1607,662819,662643
2025-08-07 10:00:00.000000000,1754532000000000000,5030,5031,5026,5027,2996,662643,662939
2025-08-07 10:01:00.000000000,1754532060000000000,5027,5034,5027,5034,2067,662939,662737
2025-08-07 10:02:00.000000000,1754532120000000000,5034,5036,5032,5034,2467,662737,662525
2025-08-07 10:03:00.000000000,1754532180000000000,5034,5034,5031,5032,1820,662525,662279
2025-08-07 10:04:00.000000000,1754532240000000000,5032,5035,5027,5029,2237,662279,662639
2025-08-07 10:05:00.000000000,1754532300000000000,5029,5030,5027,5028,1815,662639,662900
2025-08-07 10:06:00.000000000,1754532360000000000,5028,5030,5028,5030,1508,662900,663247
2025-08-07 10:07:00.000000000,1754532420000000000,5030,5034,5028,5034,1197,663247,663021
2025-08-07 10:08:00.000000000,1754532480000000000,5034,5034,5031,5033,1049,663021,662961
2025-08-07 10:09:00.000000000,1754532540000000000,5033,5034,5030,5031,671,662961,662973
2025-08-07 10:10:00.000000000,1754532600000000000,5031,5034,5030,5034,854,662973,662852
2025-08-07 10:11:00.000000000,1754532660000000000,5034,5036,5031,5032,1333,662852,662664
2025-08-07 10:12:00.000000000,1754532720000000000,5032,5033,5028,5030,2017,662664,662887
2025-08-07 10:13:00.000000000,1754532780000000000,5030,5030,5021,5023,6581,662887,663440
2025-08-07 10:14:00.000000000,1754532840000000000,5023,5023,5020,5021,5177,663440,662962
2025-08-07 10:30:00.000000000,1754533800000000000,5018,5022,5013,5015,17397,662962,666440
2025-08-07 10:31:00.000000000,1754533860000000000,5015,5020,5015,5018,2157,666440,666886
2025-08-07 10:32:00.000000000,1754533920000000000,5018,5021,5017,5020,4569,666886,668064
2025-08-07 10:33:00.000000000,1754533980000000000,5020,5021,5019,5020,1094,668064,667957
2025-08-07 10:34:00.000000000,1754534040000000000,5020,5023,5020,5022,1789,667957,667601
2025-08-07 10:35:00.000000000,1754534100000000000,5022,5024,5021,5024,1754,667601,667326
2025-08-07 10:36:00.000000000,1754534160000000000,5024,5026,5023,5025,2104,667326,666989
2025-08-07 10:37:00.000000000,1754534220000000000,5025,5028,5025,5027,2846,666989,666823
2025-08-07 10:38:00.000000000,1754534280000000000,5027,5028,5025,5028,1762,666823,666827
2025-08-07 10:39:00.000000000,1754534340000000000,5028,5028,5023,5025,1486,666827,666459
2025-08-07 10:40:00.000000000,1754534400000000000,5025,5025,5021,5025,2123,666459,666613
2025-08-07 10:41:00.000000000,1754534460000000000,5025,5028,5023,5027,1404,666613,666444
2025-08-07 10:42:00.000000000,1754534520000000000,5027,5032,5027,5032,3644,666444,664921
2025-08-07 10:43:00.000000000,1754534580000000000,5032,5035,5031,5033,3420,664921,664199
2025-08-07 10:44:00.000000000,1754534640000000000,5033,5033,5031,5033,973,664199,664240
2025-08-07 10:45:00.000000000,1754534700000000000,5033,5033,5029,5031,1820,664240,664622
2025-08-07 10:46:00.000000000,1754534760000000000,5031,5032,5029,5031,1245,664622,664604
2025-08-07 10:47:00.000000000,1754534820000000000,5031,5032,5028,5028,2458,664604,664245
2025-08-07 10:48:00.000000000,1754534880000000000,5028,5029,5027,5027,968,664245,664141
2025-08-07 10:49:00.000000000,1754534940000000000,5027,5029,5025,5029,1072,664141,663957
2025-08-07 10:50:00.000000000,1754535000000000000,5029,5031,5027,5031,1260,663957,663544
2025-08-07 10:51:00.000000000,1754535060000000000,5031,5037,5030,5037,4421,663544,663042
2025-08-07 10:52:00.000000000,1754535120000000000,5037,5039,5035,5036,3026,663042,662852
2025-08-07 10:53:00.000000000,1754535180000000000,5036,5037,5034,5036,1383,662852,662961
2025-08-07 10:54:00.000000000,1754535240000000000,5036,5041,5036,5039,4529,662961,661428
2025-08-07 10:55:00.000000000,1754535300000000000,5039,5042,5038,5041,2050,661428,660996
2025-08-07 10:56:00.000000000,1754535360000000000,5041,5042,5039,5040,1386,660996,660900
2025-08-07 10:57:00.000000000,1754535420000000000,5040,5043,5040,5040,1936,660900,660748
2025-08-07 10:58:00.000000000,1754535480000000000,5040,5043,5040,5043,1575,660748,660591
2025-08-07 10:59:00.000000000,1754535540000000000,5043,5043,5039,5040,1455,660591,660563
2025-08-07 11:00:00.000000000,1754535600000000000,5040,5040,5036,5038,2218,660563,660585
2025-08-07 11:01:00.000000000,1754535660000000000,5038,5038,5033,5033,3595,660585,660863
2025-08-07 11:02:00.000000000,1754535720000000000,5033,5035,5032,5034,1603,660863,660670
2025-08-07 11:03:00.000000000,1754535780000000000,5034,5036,5029,5030,2432,660670,660514
2025-08-07 11:04:00.000000000,1754535840000000000,5030,5031,5026,5027,1613,660514,660700
2025-08-07 11:05:00.000000000,1754535900000000000,5027,5031,5026,5030,2821,660700,660206
2025-08-07 11:06:00.000000000,1754535960000000000,5030,5036,5030,5035,2592,660206,659348
2025-08-07 11:07:00.000000000,1754536020000000000,5035,5046,5035,5044,6930,659348,658274
2025-08-07 11:08:00.000000000,1754536080000000000,5044,5047,5044,5045,2671,658274,658085
2025-08-07 11:09:00.000000000,1754536140000000000,5045,5047,5044,5046,1759,658085,658166
2025-08-07 11:10:00.000000000,1754536200000000000,5046,5047,5044,5047,1289,658166,658162
2025-08-07 11:11:00.000000000,1754536260000000000,5047,5051,5047,5050,4612,658162,657607
2025-08-07 11:12:00.000000000,1754536320000000000,5050,5056,5049,5054,6368,657607,657053
2025-08-07 11:13:00.000000000,1754536380000000000,5054,5057,5053,5056,2830,657053,656769
2025-08-07 11:14:00.000000000,1754536440000000000,5056,5057,5051,5052,2569,656769,656447
2025-08-07 11:15:00.000000000,1754536500000000000,5052,5056,5052,5055,2679,656447,656394
2025-08-07 11:16:00.000000000,1754536560000000000,5055,5057,5051,5051,3016,656394,656177
2025-08-07 11:17:00.000000000,1754536620000000000,5051,5055,5051,5052,1608,656177,656250
2025-08-07 11:18:00.000000000,1754536680000000000,5052,5054,5050,5052,2892,656250,656612
2025-08-07 11:19:00.000000000,1754536740000000000,5052,5054,5051,5051,1314,656612,656591
2025-08-07 11:20:00.000000000,1754536800000000000,5051,5054,5049,5051,1752,656591,656520
2025-08-07 11:21:00.000000000,1754536860000000000,5051,5057,5051,5055,3076,656520,656314
2025-08-07 11:22:00.000000000,1754536920000000000,5055,5056,5050,5051,1647,656314,655846
2025-08-07 11:23:00.000000000,1754536980000000000,5051,5053,5049,5053,1051,655846,655591
2025-08-07 11:24:00.000000000,1754537040000000000,5053,5054,5051,5052,752,655591,655433
2025-08-07 11:25:00.000000000,1754537100000000000,5052,5056,5052,5055,1434,655433,654999
2025-08-07 11:26:00.000000000,1754537160000000000,5055,5059,5055,5056,2577,654999,654827
2025-08-07 11:27:00.000000000,1754537220000000000,5056,5058,5056,5057,1093,654827,654696
2025-08-07 11:28:00.000000000,1754537280000000000,5057,5059,5056,5056,2205,654696,654225
2025-08-07 11:29:00.000000000,1754537340000000000,5056,5062,5054,5062,4985,654225,653600
2025-08-07 13:30:00.000000000,1754544600000000000,5060,5068,5059,5067,11215,653600,652286
2025-08-07 13:31:00.000000000,1754544660000000000,5067,5070,5065,5065,5600,652286,651517
2025-08-07 13:32:00.000000000,1754544720000000000,5065,5066,5063,5065,2320,651517,651405
2025-08-07 13:33:00.000000000,1754544780000000000,5065,5066,5063,5063,2556,651405,650968
2025-08-07 13:34:00.000000000,1754544840000000000,5063,5065,5062,5064,2522,650968,651040
2025-08-07 13:35:00.000000000,1754544900000000000,5064,5068,5064,5065,3206,651040,651318
2025-08-07 13:36:00.000000000,1754544960000000000,5065,5068,5064,5066,1913,651318,651428
2025-08-07 13:37:00.000000000,1754545020000000000,5066,5066,5060,5061,4496,651428,652278
2025-08-07 13:38:00.000000000,1754545080000000000,5061,5063,5060,5061,2277,652278,652685
2025-08-07 13:39:00.000000000,1754545140000000000,5061,5063,5060,5061,1352,652685,652687
2025-08-07 13:40:00.000000000,1754545200000000000,5061,5062,5056,5057,4058,652687,653134
2025-08-07 13:41:00.000000000,1754545260000000000,5057,5058,5055,5055,1846,653134,652804
2025-08-07 13:42:00.000000000,1754545320000000000,5055,5058,5054,5055,1807,652804,652828
2025-08-07 13:43:00.000000000,1754545380000000000,5055,5058,5054,5057,984,652828,652634
2025-08-07 13:44:00.000000000,1754545440000000000,5057,5058,5056,5058,909,652634,652711
2025-08-07 13:45:00.000000000,1754545500000000000,5058,5058,5055,5058,1567,652711,652768
2025-08-07 13:46:00.000000000,1754545560000000000,5058,5058,5055,5055,798,652768,652709
2025-08-07 13:47:00.000000000,1754545620000000000,5055,5055,5048,5049,6228,652709,652869
2025-08-07 13:48:00.000000000,1754545680000000000,5049,5052,5049,5050,1713,652869,652734
2025-08-07 13:49:00.000000000,1754545740000000000,5050,5051,5046,5046,2000,652734,652831
2025-08-07 13:50:00.000000000,1754545800000000000,5046,5049,5045,5046,2681,652831,653223
2025-08-07 13:51:00.000000000,1754545860000000000,5046,5050,5045,5050,2904,653223,653000
2025-08-07 13:52:00.000000000,1754545920000000000,5050,5052,5050,5050,1734,653000,652733
2025-08-07 13:53:00.000000000,1754545980000000000,5050,5051,5048,5050,1089,652733,652696
2025-08-07 13:54:00.000000000,1754546040000000000,5050,5051,5046,5047,1641,652696,652913
2025-08-07 13:55:00.000000000,1754546100000000000,5047,5047,5045,5047,1310,652913,653021
2025-08-07 13:56:00.000000000,1754546160000000000,5047,5051,5046,5051,1946,653021,652967
2025-08-07 13:57:00.000000000,1754546220000000000,5051,5052,5049,5050,1002,652967,652956
2025-08-07 13:58:00.000000000,1754546280000000000,5050,5053,5050,5052,1019,652956,652974
2025-08-07 13:59:00.000000000,1754546340000000000,5052,5052,5048,5052,834,652974,652927
2025-08-07 14:00:00.000000000,1754546400000000000,5052,5054,5051,5053,2214,652927,652798
2025-08-07 14:01:00.000000000,1754546460000000000,5053,5053,5051,5052,886,652798,653019
2025-08-07 14:02:00.000000000,1754546520000000000,5052,5054,5049,5053,1547,653019,652988
2025-08-07 14:03:00.000000000,1754546580000000000,5053,5054,5048,5048,2481,652988,653704
2025-08-07 14:04:00.000000000,1754546640000000000,5048,5049,5047,5048,1289,653704,653608
2025-08-07 14:05:00.000000000,1754546700000000000,5048,5049,5045,5049,2169,653608,653401
2025-08-07 14:06:00.000000000,1754546760000000000,5049,5049,5040,5042,4871,653401,653126
2025-08-07 14:07:00.000000000,1754546820000000000,5042,5044,5042,5043,1295,653126,653007
2025-08-07 14:08:00.000000000,1754546880000000000,5043,5047,5043,5045,1703,653007,652652
2025-08-07 14:09:00.000000000,1754546940000000000,5045,5046,5043,5044,686,652652,652667
2025-08-07 14:10:00.000000000,1754547000000000000,5044,5046,5043,5044,1673,652667,653376
2025-08-07 14:11:00.000000000,1754547060000000000,5044,5046,5043,5046,811,653376,653432
2025-08-07 14:12:00.000000000,1754547120000000000,5046,5046,5043,5046,1187,653432,653352
2025-08-07 14:13:00.000000000,1754547180000000000,5046,5047,5043,5043,846,653352,653198
2025-08-07 14:14:00.000000000,1754547240000000000,5043,5044,5040,5042,2267,653198,653277
2025-08-07 14:15:00.000000000,1754547300000000000,5042,5043,5039,5041,1583,653277,653059
2025-08-07 14:16:00.000000000,1754547360000000000,5041,5043,5041,5043,1055,653059,652985
2025-08-07 14:17:00.000000000,1754547420000000000,5043,5046,5043,5046,1616,652985,652795
2025-08-07 14:18:00.000000000,1754547480000000000,5046,5046,5044,5045,586,652795,652754
2025-08-07 14:19:00.000000000,1754547540000000000,5045,5048,5044,5047,1337,652754,652381
2025-08-07 14:20:00.000000000,1754547600000000000,5047,5050,5045,5045,2162,652381,652329
2025-08-07 14:21:00.000000000,1754547660000000000,5045,5048,5045,5047,810,652329,652227
2025-08-07 14:22:00.000000000,1754547720000000000,5047,5050,5046,5046,1235,652227,652310
2025-08-07 14:23:00.000000000,1754547780000000000,5046,5047,5044,5046,873,652310,652163
2025-08-07 14:24:00.000000000,1754547840000000000,5046,5046,5044,5046,432,652163,652117
2025-08-07 14:25:00.000000000,1754547900000000000,5046,5048,5045,5046,646,652117,652036
2025-08-07 14:26:00.000000000,1754547960000000000,5046,5047,5045,5046,383,652036,652037
2025-08-07 14:27:00.000000000,1754548020000000000,5046,5047,5045,5046,453,652037,651973
2025-08-07 14:28:00.000000000,1754548080000000000,5046,5047,5041,5041,1428,651973,651772
2025-08-07 14:29:00.000000000,1754548140000000000,5041,5042,5037,5038,2957,651772,651567
2025-08-07 14:30:00.000000000,1754548200000000000,5038,5042,5037,5039,1814,651567,651753
2025-08-07 14:31:00.000000000,1754548260000000000,5039,5042,5039,5041,856,651753,651629
2025-08-07 14:32:00.000000000,1754548320000000000,5041,5042,5037,5040,2408,651629,651130
2025-08-07 14:33:00.000000000,1754548380000000000,5040,5041,5039,5040,551,651130,651120
2025-08-07 14:34:00.000000000,1754548440000000000,5040,5042,5039,5041,1420,651120,651038
2025-08-07 14:35:00.000000000,1754548500000000000,5041,5044,5038,5044,1631,651038,650899
2025-08-07 14:36:00.000000000,1754548560000000000,5044,5044,5042,5043,994,650899,650600
2025-08-07 14:37:00.000000000,1754548620000000000,5043,5046,5041,5043,1803,650600,650326
2025-08-07 14:38:00.000000000,1754548680000000000,5043,5043,5041,5042,758,650326,650472
2025-08-07 14:39:00.000000000,1754548740000000000,5042,5043,5041,5043,531,650472,650369
2025-08-07 14:40:00.000000000,1754548800000000000,5043,5048,5043,5046,2052,650369,650446
2025-08-07 14:41:00.000000000,1754548860000000000,5046,5049,5046,5048,1438,650446,650349
2025-08-07 14:42:00.000000000,1754548920000000000,5048,5049,5046,5047,1190,650349,650642
2025-08-07 14:43:00.000000000,1754548980000000000,5047,5048,5045,5047,897,650642,650888
2025-08-07 14:44:00.000000000,1754549040000000000,5047,5048,5045,5046,628,650888,650939
2025-08-07 14:45:00.000000000,1754549100000000000,5046,5046,5043,5046,1371,650939,650956
2025-08-07 14:46:00.000000000,1754549160000000000,5046,5046,5042,5044,854,650956,650863
2025-08-07 14:47:00.000000000,1754549220000000000,5044,5044,5039,5041,1705,650863,650842
2025-08-07 14:48:00.000000000,1754549280000000000,5041,5041,5038,5040,2176,650842,651171
2025-08-07 14:49:00.000000000,1754549340000000000,5040,5044,5040,5043,1702,651171,650297
2025-08-07 14:50:00.000000000,1754549400000000000,5043,5044,5040,5041,1004,650297,650054
2025-08-07 14:51:00.000000000,1754549460000000000,5041,5043,5040,5042,1088,650054,649686
2025-08-07 14:52:00.000000000,1754549520000000000,5042,5046,5042,5045,2056,649686,649144
2025-08-07 14:53:00.000000000,1754549580000000000,5045,5047,5044,5045,1458,649144,649031
2025-08-07 14:54:00.000000000,1754549640000000000,5045,5047,5045,5046,1237,649031,648834
2025-08-07 14:55:00.000000000,1754549700000000000,5046,5046,5044,5045,1164,648834,648307
2025-08-07 14:56:00.000000000,1754549760000000000,5045,5048,5044,5047,1150,648307,647699
2025-08-07 14:57:00.000000000,1754549820000000000,5047,5048,5046,5046,870,647699,647328
2025-08-07 14:58:00.000000000,1754549880000000000,5046,5048,5046,5047,1501,647328,646632
2025-08-07 14:59:00.000000000,1754549940000000000,5047,5048,5045,5046,2713,646632,645137
2025-08-07 21:00:00.000000000,1754571600000000000,5046,5046,5030,5039,13767,645137,646572
2025-08-07 21:01:00.000000000,1754571660000000000,5039,5039,5033,5036,7591,646572,647920
2025-08-07 21:02:00.000000000,1754571720000000000,5036,5036,5032,5033,5372,647920,649278
2025-08-07 21:03:00.000000000,1754571780000000000,5033,5037,5032,5036,3625,649278,649605
2025-08-07 21:04:00.000000000,1754571840000000000,5036,5041,5036,5036,3645,649605,649798
2025-08-07 21:05:00.000000000,1754571900000000000,5036,5038,5036,5038,1471,649798,650029
2025-08-07 21:06:00.000000000,1754571960000000000,5038,5039,5036,5037,2436,650029,650601
2025-08-07 21:07:00.000000000,1754572020000000000,5037,5038,5035,5037,2921,650601,651654
2025-08-07 21:08:00.000000000,1754572080000000000,5037,5037,5030,5031,5730,651654,651629
2025-08-07 21:09:00.000000000,1754572140000000000,5031,5031,5025,5028,5744,651629,652233
2025-08-07 21:10:00.000000000,1754572200000000000,5028,5029,5025,5025,3385,652233,652466
2025-08-07 21:11:00.000000000,1754572260000000000,5025,5025,5019,5021,8420,652466,652748
2025-08-07 21:12:00.000000000,1754572320000000000,5021,5022,5020,5021,2328,652748,653196
2025-08-07 21:13:00.000000000,1754572380000000000,5021,5024,5020,5023,3260,653196,653358
2025-08-07 21:14:00.000000000,1754572440000000000,5023,5024,5021,5021,2608,653358,654367
2025-08-07 21:15:00.000000000,1754572500000000000,5021,5022,5019,5019,4730,654367,656410
2025-08-07 21:16:00.000000000,1754572560000000000,5019,5019,5016,5016,5183,656410,657600
2025-08-07 21:17:00.000000000,1754572620000000000,5016,5021,5016,5019,4168,657600,659208
2025-08-07 21:18:00.000000000,1754572680000000000,5019,5019,5016,5017,1908,659208,659650
2025-08-07 21:19:00.000000000,1754572740000000000,5017,5019,5017,5018,1765,659650,659864
2025-08-07 21:20:00.000000000,1754572800000000000,5018,5019,5013,5015,5235,659864,660595
2025-08-07 21:21:00.000000000,1754572860000000000,5015,5019,5015,5019,2423,660595,660478
2025-08-07 21:22:00.000000000,1754572920000000000,5019,5026,5018,5025,7810,660478,658633
2025-08-07 21:23:00.000000000,1754572980000000000,5025,5026,5023,5025,1819,658633,658670
2025-08-07 21:24:00.000000000,1754573040000000000,5025,5026,5022,5023,1110,658670,658586
2025-08-07 21:25:00.000000000,1754573100000000000,5023,5025,5021,5021,1247,658586,658646
2025-08-07 21:26:00.000000000,1754573160000000000,5021,5023,5021,5021,1118,658646,658690
2025-08-07 21:27:00.000000000,1754573220000000000,5021,5023,5020,5021,1180,658690,658689
2025-08-07 21:28:00.000000000,1754573280000000000,5021,5021,5016,5017,1988,658689,659171
2025-08-07 21:29:00.000000000,1754573340000000000,5017,5017,5007,5009,10854,659171,660438
2025-08-07 21:30:00.000000000,1754573400000000000,5009,5011,5008,5008,4020,660438,661294
2025-08-07 21:31:00.000000000,1754573460000000000,5008,5012,5008,5012,2652,661294,661535
2025-08-07 21:32:00.000000000,1754573520000000000,5012,5013,5010,5012,1337,661535,661809
2025-08-07 21:33:00.000000000,1754573580000000000,5012,5012,5008,5008,1801,661809,662458
2025-08-07 21:34:00.000000000,1754573640000000000,5008,5011,5008,5010,1058,662458,662627
2025-08-07 21:35:00.000000000,1754573700000000000,5010,5013,5009,5012,2124,662627,662494
2025-08-07 21:36:00.000000000,1754573760000000000,5012,5013,5011,5013,965,662494,662494
2025-08-07 21:37:00.000000000,1754573820000000000,5013,5016,5012,5015,2077,662494,662077
2025-08-07 21:38:00.000000000,1754573880000000000,5015,5015,5012,5013,1467,662077,661868
2025-08-07 21:39:00.000000000,1754573940000000000,5013,5015,5010,5011,1313,661868,662146
2025-08-07 21:40:00.000000000,1754574000000000000,5011,5013,5010,5011,897,662146,661902
2025-08-07 21:41:00.000000000,1754574060000000000,5011,5014,5010,5011,1668,661902,662169
2025-08-07 21:42:00.000000000,1754574120000000000,5011,5013,5009,5011,1577,662169,661925
2025-08-07 21:43:00.000000000,1754574180000000000,5011,5012,5010,5012,575,661925,661750
2025-08-07 21:44:00.000000000,1754574240000000000,5012,5012,5010,5010,548,661750,661657
2025-08-07 21:45:00.000000000,1754574300000000000,5010,5013,5010,5012,874,661657,661740
2025-08-07 21:46:00.000000000,1754574360000000000,5012,5012,5009,5011,1101,661740,661868
2025-08-07 21:47:00.000000000,1754574420000000000,5011,5011,5009,5011,1405,661868,662026
2025-08-07 21:48:00.000000000,1754574480000000000,5011,5011,5006,5008,3910,662026,662156
2025-08-07 21:49:00.000000000,1754574540000000000,5008,5009,5006,5006,1497,662156,662167
2025-08-07 21:50:00.000000000,1754574600000000000,5006,5008,5004,5005,4122,662167,662646
2025-08-07 21:51:00.000000000,1754574660000000000,5005,5008,5005,5007,1084,662646,662513
2025-08-07 21:52:00.000000000,1754574720000000000,5007,5007,5005,5006,825,662513,662557
2025-08-07 21:53:00.000000000,1754574780000000000,5006,5006,5002,5004,2343,662557,662822
2025-08-07 21:54:00.000000000,1754574840000000000,5004,5007,5002,5006,2413,662822,662702
2025-08-07 21:55:00.000000000,1754574900000000000,5006,5006,5001,5004,2676,662702,663177
2025-08-07 21:56:00.000000000,1754574960000000000,5004,5004,5002,5003,1184,663177,663443
2025-08-07 21:57:00.000000000,1754575020000000000,5003,5004,5002,5003,997,663443,663466
2025-08-07 21:58:00.000000000,1754575080000000000,5003,5003,4998,5001,8097,663466,664098
2025-08-07 21:59:00.000000000,1754575140000000000,5001,5001,4999,5000,1437,664098,664240
2025-08-07 22:00:00.000000000,1754575200000000000,5000,5001,4997,5001,2063,664240,664556
2025-08-07 22:01:00.000000000,1754575260000000000,5001,5003,5000,5002,4845,664556,664336
2025-08-07 22:02:00.000000000,1754575320000000000,5002,5002,5000,5001,1452,664336,664451
2025-08-07 22:03:00.000000000,1754575380000000000,5001,5008,5000,5007,5345,664451,663688
2025-08-07 22:04:00.000000000,1754575440000000000,5007,5009,5007,5009,2741,663688,663423
2025-08-07 22:05:00.000000000,1754575500000000000,5009,5012,5008,5009,3751,663423,662704
2025-08-07 22:06:00.000000000,1754575560000000000,5009,5011,5008,5010,1999,662704,662427
2025-08-07 22:07:00.000000000,1754575620000000000,5010,5011,5009,5009,940,662427,662592
2025-08-07 22:08:00.000000000,1754575680000000000,5009,5009,5007,5008,878,662592,662767
2025-08-07 22:09:00.000000000,1754575740000000000,5008,5011,5008,5009,1129,662767,662691
2025-08-07 22:10:00.000000000,1754575800000000000,5009,5012,5008,5011,1052,662691,662543
2025-08-07 22:11:00.000000000,1754575860000000000,5011,5013,5011,5012,1526,662543,662738
2025-08-07 22:12:00.000000000,1754575920000000000,5012,5012,5009,5009,695,662738,662786
2025-08-07 22:13:00.000000000,1754575980000000000,5009,5012,5009,5012,715,662786,662745
2025-08-07 22:14:00.000000000,1754576040000000000,5012,5012,5010,5012,525,662745,662503
2025-08-07 22:15:00.000000000,1754576100000000000,5012,5013,5010,5010,1088,662503,662466
2025-08-07 22:16:00.000000000,1754576160000000000,5010,5015,5010,5014,2525,662466,662324
2025-08-07 22:17:00.000000000,1754576220000000000,5014,5016,5014,5015,3187,662324,661618
2025-08-07 22:18:00.000000000,1754576280000000000,5015,5017,5014,5015,2425,661618,661810
2025-08-07 22:19:00.000000000,1754576340000000000,5015,5015,5013,5014,832,661810,661834
2025-08-07 22:20:00.000000000,1754576400000000000,5014,5017,5014,5014,1190,661834,661650
2025-08-07 22:21:00.000000000,1754576460000000000,5014,5016,5010,5010,2670,661650,661625
2025-08-07 22:22:00.000000000,1754576520000000000,5010,5012,5009,5011,1396,661625,661370
2025-08-07 22:23:00.000000000,1754576580000000000,5011,5013,5011,5012,592,661370,661300
2025-08-07 22:24:00.000000000,1754576640000000000,5012,5014,5011,5011,1321,661300,661433
2025-08-07 22:25:00.000000000,1754576700000000000,5011,5011,5008,5009,1719,661433,661141
2025-08-07 22:26:00.000000000,1754576760000000000,5009,5011,5006,5007,2180,661141,661110
2025-08-07 22:27:00.000000000,1754576820000000000,5007,5009,5007,5007,1392,661110,661275
2025-08-07 22:28:00.000000000,1754576880000000000,5007,5009,5005,5009,1317,661275,661424
2025-08-07 22:29:00.000000000,1754576940000000000,5009,5009,5007,5007,1188,661424,661039
2025-08-07 22:30:00.000000000,1754577000000000000,5007,5009,5007,5007,948,661039,661034
2025-08-07 22:31:00.000000000,1754577060000000000,5007,5009,5007,5009,416,661034,661019
2025-08-07 22:32:00.000000000,1754577120000000000,5009,5011,5007,5010,1509,661019,660817
2025-08-07 22:33:00.000000000,1754577180000000000,5010,5011,5009,5010,527,660817,660799
2025-08-07 22:34:00.000000000,1754577240000000000,5010,5012,5010,5011,1226,660799,660826
2025-08-07 22:35:00.000000000,1754577300000000000,5011,5013,5011,5012,858,660826,660914
2025-08-07 22:36:00.000000000,1754577360000000000,5012,5012,5010,5010,523,660914,660894
2025-08-07 22:37:00.000000000,1754577420000000000,5010,5012,5010,5011,338,660894,660996
2025-08-07 22:38:00.000000000,1754577480000000000,5011,5013,5011,5012,709,660996,660682
2025-08-07 22:39:00.000000000,1754577540000000000,5012,5013,5010,5011,824,660682,660608
2025-08-07 22:40:00.000000000,1754577600000000000,5011,5012,5010,5010,638,660608,660371
2025-08-07 22:41:00.000000000,1754577660000000000,5010,5013,5010,5012,783,660371,660241
2025-08-07 22:42:00.000000000,1754577720000000000,5012,5014,5011,5013,1078,660241,660298
2025-08-07 22:43:00.000000000,1754577780000000000,5013,5015,5011,5011,1803,660298,660348
2025-08-07 22:44:00.000000000,1754577840000000000,5011,5012,5010,5010,810,660348,660239
2025-08-07 22:45:00.000000000,1754577900000000000,5010,5011,5009,5010,1657,660239,659887
2025-08-07 22:46:00.000000000,1754577960000000000,5010,5011,5008,5009,1066,659887,659829
2025-08-07 22:47:00.000000000,1754578020000000000,5009,5010,5007,5008,1022,659829,659802
2025-08-07 22:48:00.000000000,1754578080000000000,5008,5010,5007,5010,629,659802,659707
2025-08-07 22:49:00.000000000,1754578140000000000,5010,5010,5008,5010,611,659707,659697
2025-08-07 22:50:00.000000000,1754578200000000000,5010,5010,5008,5010,644,659697,659504
2025-08-07 22:51:00.000000000,1754578260000000000,5010,5010,5007,5008,1096,659504,659267
2025-08-07 22:52:00.000000000,1754578320000000000,5008,5012,5008,5011,1626,659267,658972
2025-08-07 22:53:00.000000000,1754578380000000000,5011,5012,5010,5012,683,658972,658878
2025-08-07 22:54:00.000000000,1754578440000000000,5012,5012,5010,5011,394,658878,658855
2025-08-07 22:55:00.000000000,1754578500000000000,5011,5012,5010,5011,306,658855,658715
2025-08-07 22:56:00.000000000,1754578560000000000,5011,5013,5011,5013,1253,658715,658695
2025-08-07 22:57:00.000000000,1754578620000000000,5013,5013,5012,5012,758,658695,658328
2025-08-07 22:58:00.000000000,1754578680000000000,5012,5014,5012,5012,1448,658328,658024
2025-08-07 22:59:00.000000000,1754578740000000000,5012,5015,5011,5014,3098,658024,657030
2025-08-08 09:00:00.000000000,1754614800000000000,5013,5013,5006,5007,7042,657030,657861
2025-08-08 09:01:00.000000000,1754614860000000000,5007,5007,4999,5000,6909,657861,658179
2025-08-08 09:02:00.000000000,1754614920000000000,5000,5003,5000,5001,2646,658179,658562
2025-08-08 09:03:00.000000000,1754614980000000000,5001,5002,4992,4994,7164,658562,658145
2025-08-08 09:04:00.000000000,1754615040000000000,4994,4998,4994,4996,2666,658145,658640
2025-08-08 09:05:00.000000000,1754615100000000000,4996,4998,4992,4995,3606,658640,659554
2025-08-08 09:06:00.000000000,1754615160000000000,4995,4998,4994,4998,2573,659554,660035
2025-08-08 09:07:00.000000000,1754615220000000000,4998,5001,4998,5001,1978,660035,659977
2025-08-08 09:08:00.000000000,1754615280000000000,5001,5002,4998,5000,1537,659977,659931
2025-08-08 09:09:00.000000000,1754615340000000000,5000,5003,4999,5003,1104,659931,659858
2025-08-08 09:10:00.000000000,1754615400000000000,5003,5003,5000,5001,955,659858,659623
2025-08-08 09:11:00.000000000,1754615460000000000,5001,5004,5001,5002,1629,659623,659300
2025-08-08 09:12:00.000000000,1754615520000000000,5002,5003,5000,5003,1051,659300,659423
2025-08-08 09:13:00.000000000,1754615580000000000,5003,5003,5001,5003,739,659423,659359
2025-08-08 09:14:00.000000000,1754615640000000000,5003,5004,5002,5003,1177,659359,659273
2025-08-08 09:15:00.000000000,1754615700000000000,5003,5005,5001,5002,1710,659273,658754
2025-08-08 09:16:00.000000000,1754615760000000000,5002,5003,4997,4999,2271,658754,658983
2025-08-08 09:17:00.000000000,1754615820000000000,4999,5002,4998,5001,1288,658983,659367
2025-08-08 09:18:00.000000000,1754615880000000000,5001,5002,5000,5001,740,659367,659380
2025-08-08 09:19:00.000000000,1754615940000000000,5001,5001,4996,4996,1752,659380,659509
2025-08-08 09:20:00.000000000,1754616000000000000,4996,4997,4994,4996,2598,659509,659973
2025-08-08 09:21:00.000000000,1754616060000000000,4996,4998,4994,4998,1821,659973,659686
2025-08-08 09:22:00.000000000,1754616120000000000,4998,4999,4997,4997,926,659686,659627
2025-08-08 09:23:00.000000000,1754616180000000000,4997,5001,4996,5000,1254,659627,659681
2025-08-08 09:24:00.000000000,1754616240000000000,5000,5001,4999,5000,825,659681,659802
2025-08-08 09:25:00.000000000,1754616300000000000,5000,5001,4999,5000,1894,659802,659262
2025-08-08 09:26:00.000000000,1754616360000000000,5000,5002,4999,5000,1627,659262,658982
2025-08-08 09:27:00.000000000,1754616420000000000,5000,5000,4998,5000,620,658982,658923
2025-08-08 09:28:00.000000000,1754616480000000000,5000,5004,4999,5001,2138,658923,659041
2025-08-08 09:29:00.000000000,1754616540000000000,5001,5002,4999,5002,1979,659041,659383
2025-08-08 09:30:00.000000000,1754616600000000000,5002,5003,5000,5000,1430,659383,659222
2025-08-08 09:31:00.000000000,1754616660000000000,5000,5003,5000,5001,1736,659222,658996
2025-08-08 09:32:00.000000000,1754616720000000000,5001,5002,4998,5002,1177,658996,658844
2025-08-08 09:33:00.000000000,1754616780000000000,5002,5004,4999,5001,1588,658844,658812
2025-08-08 09:34:00.000000000,1754616840000000000,5001,5001,4998,4998,1012,658812,659056
2025-08-08 09:35:00.000000000,1754616900000000000,4998,5000,4997,4997,1342,659056,659457
2025-08-08 09:36:00.000000000,1754616960000000000,4997,4998,4995,4997,1239,659457,659261
2025-08-08 09:37:00.000000000,1754617020000000000,4997,4999,4995,4995,1153,659261,659436
2025-08-08 09:38:00.000000000,1754617080000000000,4995,4998,4994,4996,1852,659436,659664
2025-08-08 09:39:00.000000000,1754617140000000000,4996,4996,4994,4995,1287,659664,659546
2025-08-08 09:40:00.000000000,1754617200000000000,4995,4996,4990,4992,4777,659546,659667
2025-08-08 09:41:00.000000000,1754617260000000000,4992,4995,4992,4994,1097,659667,659452
2025-08-08 09:42:00.000000000,1754617320000000000,4994,4998,4993,4998,1698,659452,659305
2025-08-08 09:43:00.000000000,1754617380000000000,4998,4999,4996,4996,1360,659305,659380
2025-08-08 09:44:00.000000000,1754617440000000000,4996,4997,4996,4996,508,659380,659357
2025-08-08 09:45:00.000000000,1754617500000000000,4996,4997,4994,4995,1796,659357,659163
2025-08-08 09:46:00.000000000,1754617560000000000,4995,4997,4994,4994,1212,659163,658796
2025-08-08 09:47:00.000000000,1754617620000000000,4994,4995,4990,4992,2664,658796,658950
2025-08-08 09:48:00.000000000,1754617680000000000,4992,4995,4992,4994,1831,658950,658798
2025-08-08 09:49:00.000000000,1754617740000000000,4994,4994,4990,4993,1929,658798,658558
2025-08-08 09:50:00.000000000,1754617800000000000,4993,4995,4992,4993,1091,658558,658276
2025-08-08 09:51:00.000000000,1754617860000000000,4993,4994,4989,4991,1721,658276,658024
2025-08-08 09:52:00.000000000,1754617920000000000,4991,4994,4991,4992,685,658024,657966
2025-08-08 09:53:00.000000000,1754617980000000000,4992,4994,4990,4992,1014,657966,657912
2025-08-08 09:54:00.000000000,1754618040000000000,4992,4993,4989,4991,928,657912,657808
2025-08-08 09:55:00.000000000,1754618100000000000,4991,4992,4990,4990,1016,657808,657545
2025-08-08 09:56:00.000000000,1754618160000000000,4990,4993,4988,4992,3413,657545,657289
2025-08-08 09:57:00.000000000,1754618220000000000,4992,4993,4990,4991,1333,657289,657183
2025-08-08 09:58:00.000000000,1754618280000000000,4991,4993,4990,4992,1203,657183,657133
2025-08-08 09:59:00.000000000,1754618340000000000,4992,4996,4992,4995,2051,657133,656676
2025-08-08 10:00:00.000000000,1754618400000000000,4995,4998,4995,4996,2928,656676,656273
2025-08-08 10:01:00.000000000,1754618460000000000,4996,4999,4996,4998,2575,656273,655757
2025-08-08 10:02:00.000000000,1754618520000000000,4998,5002,4998,4999,2948,655757,654799
2025-08-08 10:03:00.000000000,1754618580000000000,4999,5000,4996,4998,2327,654799,654909
2025-08-08 10:04:00.000000000,1754618640000000000,4998,5004,4998,5002,2013,654909,654782
2025-08-08 10:05:00.000000000,1754618700000000000,5002,5004,5000,5001,1074,654782,654692
2025-08-08 10:06:00.000000000,1754618760000000000,5001,5004,5001,5001,1514,654692,654620
2025-08-08 10:07:00.000000000,1754618820000000000,5001,5003,4999,4999,2641,654620,654894
2025-08-08 10:08:00.000000000,1754618880000000000,4999,5002,4999,5001,1295,654894,654458
2025-08-08 10:09:00.000000000,1754618940000000000,5001,5008,5001,5006,3090,654458,653957
2025-08-08 10:10:00.000000000,1754619000000000000,5006,5010,5006,5007,1769,653957,653682
2025-08-08 10:11:00.000000000,1754619060000000000,5007,5009,5005,5006,1137,653682,653420
2025-08-08 10:12:00.000000000,1754619120000000000,5006,5009,5005,5008,850,653420,653171
2025-08-08 10:13:00.000000000,1754619180000000000,5008,5012,5008,5010,2957,653171,652921
2025-08-08 10:14:00.000000000,1754619240000000000,5010,5012,5008,5010,1851,652921,653231
2025-08-08 10:30:00.000000000,1754620200000000000,5010,5010,5006,5009,2259,653231,653063
2025-08-08 10:31:00.000000000,1754620260000000000,5009,5009,5002,5004,2630,653063,653438
2025-08-08 10:32:00.000000000,1754620320000000000,5004,5004,5001,5003,1876,653438,653888
2025-08-08 10:33:00.000000000,1754620380000000000,5003,5004,5001,5002,1386,653888,653908
2025-08-08 10:34:00.000000000,1754620440000000000,5002,5004,5002,5004,594,653908,653769
2025-08-08 10:35:00.000000000,1754620500000000000,5004,5006,5003,5004,871,653769,653822
2025-08-08 10:36:00.000000000,1754620560000000000,5004,5008,5002,5008,1358,653822,653899
2025-08-08 10:37:00.000000000,1754620620000000000,5008,5008,5005,5006,1105,653899,654200
2025-08-08 10:38:00.000000000,1754620680000000000,5006,5008,5005,5007,909,654200,654334
2025-08-08 10:39:00.000000000,1754620740000000000,5007,5009,5007,5007,887,654334,654166
2025-08-08 10:40:00.000000000,1754620800000000000,5007,5009,5004,5005,1185,654166,654461
2025-08-08 10:41:00.000000000,1754620860000000000,5005,5006,5004,5004,894,654461,654583
2025-08-08 10:42:00.000000000,1754620920000000000,5004,5005,5003,5004,672,654583,654527
2025-08-08 10:43:00.000000000,1754620980000000000,5004,5005,5003,5005,632,654527,654337
2025-08-08 10:44:00.000000000,1754621040000000000,5005,5005,5003,5004,727,654337,654576
2025-08-08 10:45:00.000000000,1754621100000000000,5004,5006,5003,5005,601,654576,654488
2025-08-08 10:46:00.000000000,1754621160000000000,5005,5009,5005,5007,1736,654488,654581
2025-08-08 10:47:00.000000000,1754621220000000000,5007,5010,5006,5009,1068,654581,654449
2025-08-08 10:48:00.000000000,1754621280000000000,5009,5010,5008,5008,746,654449,654517
2025-08-08 10:49:00.000000000,1754621340000000000,5008,5009,5006,5007,847,654517,654431
2025-08-08 10:50:00.000000000,1754621400000000000,5007,5007,5005,5006,531,654431,654369
2025-08-08 10:51:00.000000000,1754621460000000000,5006,5009,5005,5009,1436,654369,654792
2025-08-08 10:52:00.000000000,1754621520000000000,5009,5010,5008,5010,783,654792,654750
2025-08-08 10:53:00.000000000,1754621580000000000,5010,5010,5008,5009,1012,654750,654702
2025-08-08 10:54:00.000000000,1754621640000000000,5009,5009,5007,5007,414,654702,654674
2025-08-08 10:55:00.000000000,1754621700000000000,5007,5009,5007,5008,320,654674,654616
2025-08-08 10:56:00.000000000,1754621760000000000,5008,5014,5007,5012,2993,654616,654540
2025-08-08 10:57:00.000000000,1754621820000000000,5012,5014,5009,5010,1569,654540,654835
2025-08-08 10:58:00.000000000,1754621880000000000,5010,5011,5008,5008,611,654835,654710
2025-08-08 10:59:00.000000000,1754621940000000000,5008,5008,5006,5007,997,654710,654651
2025-08-08 11:00:00.000000000,1754622000000000000,5007,5007,5003,5003,2258,654651,654449
2025-08-08 11:01:00.000000000,1754622060000000000,5003,5004,5001,5004,1591,654449,654591
2025-08-08 11:02:00.000000000,1754622120000000000,5004,5004,5002,5003,735,654591,654711
2025-08-08 11:03:00.000000000,1754622180000000000,5003,5004,5002,5002,394,654711,654659
2025-08-08 11:04:00.000000000,1754622240000000000,5002,5002,5000,5002,1002,654659,654450
2025-08-08 11:05:00.000000000,1754622300000000000,5002,5003,5001,5002,747,654450,654493
2025-08-08 11:06:00.000000000,1754622360000000000,5002,5003,4998,5000,2049,654493,654664
2025-08-08 11:07:00.000000000,1754622420000000000,5000,5000,4997,4998,1763,654664,654914
2025-08-08 11:08:00.000000000,1754622480000000000,4998,4999,4997,4998,1322,654914,654621
2025-08-08 11:09:00.000000000,1754622540000000000,4998,4999,4997,4997,569,654621,654631
2025-08-08 11:10:00.000000000,1754622600000000000,4997,4998,4993,4995,3481,654631,654879
2025-08-08 11:11:00.000000000,1754622660000000000,4995,4996,4993,4994,2008,654879,654744
2025-08-08 11:12:00.000000000,1754622720000000000,4994,4995,4991,4995,1760,654744,654548
2025-08-08 11:13:00.000000000,1754622780000000000,4995,4995,4993,4994,875,654548,654533
2025-08-08 11:14:00.000000000,1754622840000000000,4994,4994,4990,4993,1658,654533,654692
2025-08-08 11:15:00.000000000,1754622900000000000,4993,4993,4987,4989,5273,654692,654703
2025-08-08 11:16:00.000000000,1754622960000000000,4989,4992,4988,4991,1172,654703,654558
2025-08-08 11:17:00.000000000,1754623020000000000,4991,4994,4991,4994,1375,654558,654217
2025-08-08 11:18:00.000000000,1754623080000000000,4994,4996,4993,4995,1380,654217,653965
2025-08-08 11:19:00.000000000,1754623140000000000,4995,4999,4994,4998,3097,653965,653266
2025-08-08 11:20:00.000000000,1754623200000000000,4998,4998,4996,4997,1342,653266,653172
2025-08-08 11:21:00.000000000,1754623260000000000,4997,5000,4995,4998,1631,653172,653035
2025-08-08 11:22:00.000000000,1754623320000000000,4998,4999,4995,4995,731,653035,652986
2025-08-08 11:23:00.000000000,1754623380000000000,4995,4997,4995,4996,382,652986,652861
2025-08-08 11:24:00.000000000,1754623440000000000,4996,5000,4994,4997,1193,652861,652933
2025-08-08 11:25:00.000000000,1754623500000000000,4997,5000,4997,5000,1272,652933,652708
2025-08-08 11:26:00.000000000,1754623560000000000,5000,5001,4997,4997,2378,652708,652512
2025-08-08 11:27:00.000000000,1754623620000000000,4997,4999,4995,4997,1170,652512,652130
2025-08-08 11:28:00.000000000,1754623680000000000,4997,4999,4995,4998,1426,652130,652048
2025-08-08 11:29:00.000000000,1754623740000000000,4998,5002,4997,4998,2296,652048,651979
2025-08-08 13:30:00.000000000,1754631000000000000,4995,4997,4990,4994,5879,651979,652284
2025-08-08 13:31:00.000000000,1754631060000000000,4994,4997,4994,4995,2480,652284,652038
2025-08-08 13:32:00.000000000,1754631120000000000,4995,4998,4994,4996,1350,652038,652055
2025-08-08 13:33:00.000000000,1754631180000000000,4996,4997,4995,4996,2365,652055,651953
2025-08-08 13:34:00.000000000,1754631240000000000,4996,4996,4991,4991,1415,651953,651754
2025-08-08 13:35:00.000000000,1754631300000000000,4991,4994,4991,4993,2009,651754,651977
2025-08-08 13:36:00.000000000,1754631360000000000,4993,4994,4991,4994,2489,651977,651847
2025-08-08 13:37:00.000000000,1754631420000000000,4994,4995,4992,4995,1130,651847,651773
2025-08-08 13:38:00.000000000,1754631480000000000,4995,4996,4993,4995,1429,651773,651695
2025-08-08 13:39:00.000000000,1754631540000000000,4995,4996,4993,4994,1183,651695,651555
2025-08-08 13:40:00.000000000,1754631600000000000,4994,4996,4992,4995,1869,651555,651502
2025-08-08 13:41:00.000000000,1754631660000000000,4995,4998,4995,4997,1879,651502,651373
2025-08-08 13:42:00.000000000,1754631720000000000,4997,4998,4996,4997,1084,651373,651422
2025-08-08 13:43:00.000000000,1754631780000000000,4997,4998,4995,4995,1027,651422,651513
2025-08-08 13:44:00.000000000,1754631840000000000,4995,4997,4994,4995,1107,651513,651329
2025-08-08 13:45:00.000000000,1754631900000000000,4995,4997,4991,4992,1919,651329,651106
2025-08-08 13:46:00.000000000,1754631960000000000,4992,4994,4991,4993,1313,651106,651080
2025-08-08 13:47:00.000000000,1754632020000000000,4993,4995,4992,4993,879,651080,651188
2025-08-08 13:48:00.000000000,1754632080000000000,4993,4998,4993,4997,1104,651188,651194
2025-08-08 13:49:00.000000000,1754632140000000000,4997,5000,4997,4999,1706,651194,651086
2025-08-08 13:50:00.000000000,1754632200000000000,4999,5002,4998,5002,1857,651086,650874
2025-08-08 13:51:00.000000000,1754632260000000000,5002,5002,4995,4995,2431,650874,650348
2025-08-08 13:52:00.000000000,1754632320000000000,4995,4997,4993,4995,1641,650348,650298
2025-08-08 13:53:00.000000000,1754632380000000000,4995,4996,4994,4995,757,650298,650370
2025-08-08 13:54:00.000000000,1754632440000000000,4995,4998,4995,4996,1212,650370,650107
2025-08-08 13:55:00.000000000,1754632500000000000,4996,5000,4996,4998,872,650107,649973
2025-08-08 13:56:00.000000000,1754632560000000000,4998,4999,4996,4997,1542,649973,649813
2025-08-08 13:57:00.000000000,1754632620000000000,4997,4999,4995,4996,1411,649813,649595
2025-08-08 13:58:00.000000000,1754632680000000000,4996,4997,4994,4995,1221,649595,649544
2025-08-08 13:59:00.000000000,1754632740000000000,4995,4998,4995,4998,569,649544,649495
2025-08-08 14:00:00.000000000,1754632800000000000,4998,5002,4997,5002,1997,649495,649086
2025-08-08 14:01:00.000000000,1754632860000000000,5002,5006,5000,5004,2507,649086,649220
2025-08-08 14:02:00.000000000,1754632920000000000,5004,5012,5003,5011,5535,649220,648249
2025-08-08 14:03:00.000000000,1754632980000000000,5011,5016,5011,5013,6737,648249,646398
2025-08-08 14:04:00.000000000,1754633040000000000,5013,5015,5010,5013,3436,646398,646662
2025-08-08 14:05:00.000000000,1754633100000000000,5013,5014,5009,5014,3683,646662,645352
2025-08-08 14:06:00.000000000,1754633160000000000,5014,5014,5009,5010,2063,645352,644924
2025-08-08 14:07:00.000000000,1754633220000000000,5010,5011,5006,5006,2450,644924,645128
2025-08-08 14:08:00.000000000,1754633280000000000,5006,5009,5004,5006,2278,645128,645302
2025-08-08 14:09:00.000000000,1754633340000000000,5006,5011,5006,5011,1641,645302,644949
2025-08-08 14:10:00.000000000,1754633400000000000,5011,5011,5005,5006,1481,644949,644932
2025-08-08 14:11:00.000000000,1754633460000000000,5006,5006,4999,5000,3617,644932,645132
2025-08-08 14:12:00.000000000,1754633520000000000,5000,5000,4996,4996,3083,645132,645057
2025-08-08 14:13:00.000000000,1754633580000000000,4996,4999,4996,4997,3359,645057,644823
2025-08-08 14:14:00.000000000,1754633640000000000,4997,4998,4993,4998,3350,644823,645492
2025-08-08 14:15:00.000000000,1754633700000000000,4998,5001,4998,5000,2400,645492,645598
2025-08-08 14:16:00.000000000,1754633760000000000,5000,5002,5000,5000,1135,645598,645685
2025-08-08 14:17:00.000000000,1754633820000000000,5000,5001,4998,5001,1311,645685,645696
2025-08-08 14:18:00.000000000,1754633880000000000,5001,5003,4999,5000,1260,645696,645886
2025-08-08 14:19:00.000000000,1754633940000000000,5000,5005,4999,5004,2454,645886,645958
2025-08-08 14:20:00.000000000,1754634000000000000,5004,5005,5002,5003,1162,645958,645759
2025-08-08 14:21:00.000000000,1754634060000000000,5003,5004,5001,5001,1164,645759,645745
2025-08-08 14:22:00.000000000,1754634120000000000,5001,5003,5001,5001,820,645745,645431
2025-08-08 14:23:00.000000000,1754634180000000000,5001,5003,4998,5002,2284,645431,644941
2025-08-08 14:24:00.000000000,1754634240000000000,5002,5002,4999,4999,1738,644941,644683
2025-08-08 14:25:00.000000000,1754634300000000000,4999,4999,4995,4995,1841,644683,644439
2025-08-08 14:26:00.000000000,1754634360000000000,4995,4997,4991,4992,3595,644439,644821
2025-08-08 14:27:00.000000000,1754634420000000000,4992,4993,4989,4991,5453,644821,645208
2025-08-08 14:28:00.000000000,1754634480000000000,4991,4991,4986,4987,4759,645208,644445
2025-08-08 14:29:00.000000000,1754634540000000000,4987,4988,4985,4987,5063,644445,643865
2025-08-08 14:30:00.000000000,1754634600000000000,4987,4990,4986,4988,2467,643865,643807
2025-08-08 14:31:00.000000000,1754634660000000000,4988,4989,4985,4985,1646,643807,644017
2025-08-08 14:32:00.000000000,1754634720000000000,4985,4989,4982,4989,3492,644017,644144
2025-08-08 14:33:00.000000000,1754634780000000000,4989,4990,4986,4989,2433,644144,643702
2025-08-08 14:34:00.000000000,1754634840000000000,4989,4989,4986,4986,1476,643702,643935
2025-08-08 14:35:00.000000000,1754634900000000000,4986,4988,4984,4985,2739,643935,644361
2025-08-08 14:36:00.000000000,1754634960000000000,4985,4988,4985,4987,1056,644361,644162
2025-08-08 14:37:00.000000000,1754635020000000000,4987,4988,4984,4988,1918,644162,643900
2025-08-08 14:38:00.000000000,1754635080000000000,4988,4988,4986,4987,901,643900,643647
2025-08-08 14:39:00.000000000,1754635140000000000,4987,4989,4987,4988,1387,643647,643400
2025-08-08 14:40:00.000000000,1754635200000000000,4988,4989,4985,4987,1735,643400,643203
2025-08-08 14:41:00.000000000,1754635260000000000,4987,4989,4985,4987,1713,643203,642771
2025-08-08 14:42:00.000000000,1754635320000000000,4987,4987,4983,4985,2740,642771,642822
2025-08-08 14:43:00.000000000,1754635380000000000,4985,4989,4985,4987,1504,642822,642332
2025-08-08 14:44:00.000000000,1754635440000000000,4987,4988,4986,4987,589,642332,642140
2025-08-08 14:45:00.000000000,1754635500000000000,4987,4993,4987,4992,4145,642140,640378
2025-08-08 14:46:00.000000000,1754635560000000000,4992,4995,4992,4994,2989,640378,639560
2025-08-08 14:47:00.000000000,1754635620000000000,4994,4996,4993,4994,1876,639560,639292
2025-08-08 14:48:00.000000000,1754635680000000000,4994,4995,4993,4994,1016,639292,639234
2025-08-08 14:49:00.000000000,1754635740000000000,4994,4994,4991,4992,1134,639234,639004
2025-08-08 14:50:00.000000000,1754635800000000000,4992,4993,4991,4992,1114,639004,638818
2025-08-08 14:51:00.000000000,1754635860000000000,4992,4996,4991,4993,1982,638818,638349
2025-08-08 14:52:00.000000000,1754635920000000000,4993,4996,4993,4995,1432,638349,638227
2025-08-08 14:53:00.000000000,1754635980000000000,4995,4996,4992,4992,1303,638227,638286
2025-08-08 14:54:00.000000000,1754636040000000000,4992,4995,4992,4994,1295,638286,638164
2025-08-08 14:55:00.000000000,1754636100000000000,4994,4996,4991,4992,1888,638164,637684
2025-08-08 14:56:00.000000000,1754636160000000000,4992,4993,4991,4992,998,637684,637619
2025-08-08 14:57:00.000000000,1754636220000000000,4992,4993,4991,4991,1745,637619,637148
2025-08-08 14:58:00.000000000,1754636280000000000,4991,4993,4990,4992,2175,637148,636460
2025-08-08 14:59:00.000000000,1754636340000000000,4992,4993,4991,4993,3528,636460,635206
2025-08-08 21:00:00.000000000,1754658000000000000,4980,4989,4973,4983,24104,635206,637857
2025-08-08 21:01:00.000000000,1754658060000000000,4983,4984,4975,4975,9986,637857,639892
2025-08-08 21:02:00.000000000,1754658120000000000,4975,4981,4973,4976,7921,639892,641250
2025-08-08 21:03:00.000000000,1754658180000000000,4976,4987,4976,4987,5764,641250,641208
2025-08-08 21:04:00.000000000,1754658240000000000,4987,4989,4986,4988,3634,641208,640775
2025-08-08 21:05:00.000000000,1754658300000000000,4988,4989,4986,4988,3055,640775,640730
2025-08-08 21:06:00.000000000,1754658360000000000,4988,4989,4984,4987,3112,640730,640848
2025-08-08 21:07:00.000000000,1754658420000000000,4987,4992,4987,4991,4270,640848,640429
2025-08-08 21:08:00.000000000,1754658480000000000,4991,4992,4988,4990,1934,640429,640694
2025-08-08 21:09:00.000000000,1754658540000000000,4990,4990,4986,4988,2653,640694,640348
2025-08-08 21:10:00.000000000,1754658600000000000,4988,4988,4983,4984,4571,640348,641284
2025-08-08 21:11:00.000000000,1754658660000000000,4984,4985,4981,4985,4485,641284,642181
2025-08-08 21:12:00.000000000,1754658720000000000,4985,4985,4979,4981,3404,642181,643034
2025-08-08 21:13:00.000000000,1754658780000000000,4981,4985,4979,4981,2689,643034,643043
2025-08-08 21:14:00.000000000,1754658840000000000,4981,4984,4980,4983,1242,643043,643259
2025-08-08 21:15:00.000000000,1754658900000000000,4983,4989,4982,4989,2947,643259,643407
2025-08-08 21:16:00.000000000,1754658960000000000,4989,4991,4989,4989,2789,643407,643242
2025-08-08 21:17:00.000000000,1754659020000000000,4989,4991,4988,4989,1598,643242,643112
2025-08-08 21:18:00.000000000,1754659080000000000,4989,4991,4988,4989,1639,643112,642841
2025-08-08 21:19:00.000000000,1754659140000000000,4989,4991,4988,4991,1103,642841,642986
2025-08-08 21:20:00.000000000,1754659200000000000,4991,4997,4991,4994,4404,642986,643276
2025-08-08 21:21:00.000000000,1754659260000000000,4994,4994,4992,4993,1529,643276,643015
2025-08-08 21:22:00.000000000,1754659320000000000,4993,4998,4992,4996,2568,643015,642949
2025-08-08 21:23:00.000000000,1754659380000000000,4996,5001,4996,4999,3886,642949,641817
2025-08-08 21:24:00.000000000,1754659440000000000,4999,5001,4999,4999,2106,641817,641538
2025-08-08 21:25:00.000000000,1754659500000000000,4999,5000,4996,5000,2171,641538,641168
2025-08-08 21:26:00.000000000,1754659560000000000,5000,5002,5000,5000,2284,641168,641038
2025-08-08 21:27:00.000000000,1754659620000000000,5000,5002,5000,5001,1138,641038,640756
2025-08-08 21:28:00.000000000,1754659680000000000,5001,5003,4999,5001,2199,640756,641007
2025-08-08 21:29:00.000000000,1754659740000000000,5001,5002,4999,5001,1722,641007,641270
2025-08-08 21:30:00.000000000,1754659800000000000,5001,5004,5001,5002,1709,641270,641653
2025-08-08 21:31:00.000000000,1754659860000000000,5002,5006,5002,5005,3339,641653,641711
2025-08-08 21:32:00.000000000,1754659920000000000,5005,5007,5005,5006,3673,641711,641513
2025-08-08 21:33:00.000000000,1754659980000000000,5006,5010,5005,5008,3530,641513,641710
2025-08-08 21:34:00.000000000,1754660040000000000,5008,5009,5005,5007,2301,641710,641736
2025-08-08 21:35:00.000000000,1754660100000000000,5007,5008,5006,5006,1229,641736,641779
2025-08-08 21:36:00.000000000,1754660160000000000,5006,5009,5006,5007,1624,641779,641794
2025-08-08 21:37:00.000000000,1754660220000000000,5007,5009,5007,5009,999,641794,641868
2025-08-08 21:38:00.000000000,1754660280000000000,5009,5010,5008,5010,1837,641868,642117
2025-08-08 21:39:00.000000000,1754660340000000000,5010,5013,5009,5011,4260,642117,641869
2025-08-08 21:40:00.000000000,1754660400000000000,5011,5013,5010,5010,2155,641869,642120
2025-08-08 21:41:00.000000000,1754660460000000000,5010,5015,5010,5014,2207,642120,642360
2025-08-08 21:42:00.000000000,1754660520000000000,5014,5016,5013,5016,3118,642360,642408
2025-08-08 21:43:00.000000000,1754660580000000000,5016,5021,5015,5017,6185,642408,642384
2025-08-08 21:44:00.000000000,1754660640000000000,5017,5018,5015,5017,2589,642384,642478
2025-08-08 21:45:00.000000000,1754660700000000000,5017,5018,5014,5015,4099,642478,642671
2025-08-08 21:46:00.000000000,1754660760000000000,5015,5017,5014,5015,2154,642671,642562
2025-08-08 21:47:00.000000000,1754660820000000000,5015,5016,5014,5014,1494,642562,642901
2025-08-08 21:48:00.000000000,1754660880000000000,5014,5016,5013,5013,3865,642901,643713
2025-08-08 21:49:00.000000000,1754660940000000000,5013,5016,5012,5013,2411,643713,643742
2025-08-08 21:50:00.000000000,1754661000000000000,5013,5014,5012,5013,486,643742,643668
2025-08-08 21:51:00.000000000,1754661060000000000,5013,5015,5012,5015,1133,643668,643666
2025-08-08 21:52:00.000000000,1754661120000000000,5015,5016,5014,5015,1220,643666,643659
2025-08-08 21:53:00.000000000,1754661180000000000,5015,5015,5012,5012,1170,643659,643615
2025-08-08 21:54:00.000000000,1754661240000000000,5012,5012,5010,5011,1663,643615,643437
2025-08-08 21:55:00.000000000,1754661300000000000,5011,5012,5010,5011,1155,643437,643653
2025-08-08 21:56:00.000000000,1754661360000000000,5011,5012,5009,5010,1146,643653,644033
2025-08-08 21:57:00.000000000,1754661420000000000,5010,5010,5007,5008,2766,644033,643640
2025-08-08 21:58:00.000000000,1754661480000000000,5008,5010,5007,5008,1635,643640,643512
2025-08-08 21:59:00.000000000,1754661540000000000,5008,5009,5007,5007,1280,643512,643171
2025-08-08 22:00:00.000000000,1754661600000000000,5007,5010,5007,5009,1819,643171,642909
2025-08-08 22:01:00.000000000,1754661660000000000,5009,5010,5007,5008,891,642909,642785
2025-08-08 22:02:00.000000000,1754661720000000000,5008,5008,5004,5006,3130,642785,642492
2025-08-08 22:03:00.000000000,1754661780000000000,5006,5007,5003,5004,1876,642492,642891
2025-08-08 22:04:00.000000000,1754661840000000000,5004,5005,5003,5004,1568,642891,642934
2025-08-08 22:05:00.000000000,1754661900000000000,5004,5004,4998,5000,5635,642934,643123
2025-08-08 22:06:00.000000000,1754661960000000000,5000,5002,4999,5002,1608,643123,643319
2025-08-08 22:07:00.000000000,1754662020000000000,5002,5003,5000,5002,1721,643319,643734
2025-08-08 22:08:00.000000000,1754662080000000000,5002,5002,4993,4993,7662,643734,645543
2025-08-08 22:09:00.000000000,1754662140000000000,4993,4993,4988,4991,7660,645543,645497
2025-08-08 22:10:00.000000000,1754662200000000000,4991,4993,4990,4992,2323,645497,645325
2025-08-08 22:11:00.000000000,1754662260000000000,4992,4994,4992,4993,1721,645325,645282
2025-08-08 22:12:00.000000000,1754662320000000000,4993,4993,4989,4992,2113,645282,645477
2025-08-08 22:13:00.000000000,1754662380000000000,4992,4994,4990,4993,1899,645477,645443
2025-08-08 22:14:00.000000000,1754662440000000000,4993,4993,4991,4991,973,645443,645436
2025-08-08 22:15:00.000000000,1754662500000000000,4991,4992,4988,4988,2903,645436,645642
2025-08-08 22:16:00.000000000,1754662560000000000,4988,4991,4988,4990,2012,645642,645721
2025-08-08 22:17:00.000000000,1754662620000000000,4990,4990,4986,4987,2452,645721,646042
2025-08-08 22:18:00.000000000,1754662680000000000,4987,4990,4987,4990,1941,646042,645730
2025-08-08 22:19:00.000000000,1754662740000000000,4990,4992,4990,4992,1115,645730,645683
2025-08-08 22:20:00.000000000,1754662800000000000,4992,4992,4986,4987,2311,645683,646562
2025-08-08 22:21:00.000000000,1754662860000000000,4987,4990,4986,4988,1678,646562,646522
2025-08-08 22:22:00.000000000,1754662920000000000,4988,4989,4985,4987,2159,646522,647179
2025-08-08 22:23:00.000000000,1754662980000000000,4987,4990,4986,4989,1563,647179,647117
2025-08-08 22:24:00.000000000,1754663040000000000,4989,4989,4987,4987,993,647117,647292
2025-08-08 22:25:00.000000000,1754663100000000000,4987,4988,4985,4985,1363,647292,647670
2025-08-08 22:26:00.000000000,1754663160000000000,4985,4987,4985,4987,877,647670,647803
2025-08-08 22:27:00.000000000,1754663220000000000,4987,4989,4985,4986,2492,647803,647930
2025-08-08 22:28:00.000000000,1754663280000000000,4986,4988,4986,4987,1235,647930,647890
2025-08-08 22:29:00.000000000,1754663340000000000,4987,4987,4984,4986,1383,647890,647517
2025-08-08 22:30:00.000000000,1754663400000000000,4986,4988,4984,4985,1653,647517,647916
2025-08-08 22:31:00.000000000,1754663460000000000,4985,4987,4985,4986,881,647916,648040
2025-08-08 22:32:00.000000000,1754663520000000000,4986,4986,4980,4985,4824,648040,647349
2025-08-08 22:33:00.000000000,1754663580000000000,4985,4989,4985,4989,2442,647349,646741
2025-08-08 22:34:00.000000000,1754663640000000000,4989,4990,4986,4987,1730,646741,647006
2025-08-08 22:35:00.000000000,1754663700000000000,4987,4987,4985,4986,974,647006,647275
2025-08-08 22:36:00.000000000,1754663760000000000,4986,4989,4986,4989,667,647275,647213
2025-08-08 22:37:00.000000000,1754663820000000000,4989,4989,4988,4988,1112,647213,647074
2025-08-08 22:38:00.000000000,1754663880000000000,4988,4991,4988,4990,2232,647074,646761
2025-08-08 22:39:00.000000000,1754663940000000000,4990,4990,4988,4990,1163,646761,646795
2025-08-08 22:40:00.000000000,1754664000000000000,4990,4991,4989,4989,896,646795,646504
2025-08-08 22:41:00.000000000,1754664060000000000,4989,4990,4987,4987,1042,646504,646390
2025-08-08 22:42:00.000000000,1754664120000000000,4987,4989,4987,4987,980,646390,646137
2025-08-08 22:43:00.000000000,1754664180000000000,4987,4990,4987,4989,1152,646137,645839
2025-08-08 22:44:00.000000000,1754664240000000000,4989,4989,4987,4988,621,645839,645657
2025-08-08 22:45:00.000000000,1754664300000000000,4988,4992,4988,4992,2397,645657,644455
2025-08-08 22:46:00.000000000,1754664360000000000,4992,4994,4991,4992,1946,644455,644164
2025-08-08 22:47:00.000000000,1754664420000000000,4992,4994,4992,4993,1012,644164,643952
2025-08-08 22:48:00.000000000,1754664480000000000,4993,4994,4992,4994,1597,643952,643297
2025-08-08 22:49:00.000000000,1754664540000000000,4994,4996,4994,4996,1584,643297,642638
2025-08-08 22:50:00.000000000,1754664600000000000,4996,4996,4994,4994,1264,642638,642130
2025-08-08 22:51:00.000000000,1754664660000000000,4994,4995,4993,4994,1384,642130,641582
2025-08-08 22:52:00.000000000,1754664720000000000,4994,4996,4994,4996,1567,641582,641101
2025-08-08 22:53:00.000000000,1754664780000000000,4996,4996,4995,4995,297,641101,640985
2025-08-08 22:54:00.000000000,1754664840000000000,4995,4997,4994,4997,1472,640985,640349
2025-08-08 22:55:00.000000000,1754664900000000000,4997,4997,4995,4995,1286,640349,639592
2025-08-08 22:56:00.000000000,1754664960000000000,4995,4998,4995,4997,1538,639592,638590
2025-08-08 22:57:00.000000000,1754665020000000000,4997,4998,4996,4997,1381,638590,638266
2025-08-08 22:58:00.000000000,1754665080000000000,4997,4999,4997,4998,1546,638266,637459
2025-08-08 22:59:00.000000000,1754665140000000000,4998,4998,4996,4997,2754,637459,635419
2025-08-11 09:00:00.000000000,1754874000000000000,4999,5012,4998,5007,12834,635419,634669
2025-08-11 09:01:00.000000000,1754874060000000000,5007,5007,5003,5005,4194,634669,634279
2025-08-11 09:02:00.000000000,1754874120000000000,5005,5007,5003,5004,5570,634279,633351
2025-08-11 09:03:00.000000000,1754874180000000000,5004,5005,5001,5001,3061,633351,633087
2025-08-11 09:04:00.000000000,1754874240000000000,5001,5005,5001,5002,2384,633087,632872
2025-08-11 09:05:00.000000000,1754874300000000000,5002,5006,5002,5003,1540,632872,633293
2025-08-11 09:06:00.000000000,1754874360000000000,5003,5009,5003,5008,1915,633293,633669
2025-08-11 09:07:00.000000000,1754874420000000000,5008,5010,5007,5008,3868,633669,633862
2025-08-11 09:08:00.000000000,1754874480000000000,5008,5009,5006,5008,2001,633862,633493
2025-08-11 09:09:00.000000000,1754874540000000000,5008,5009,5004,5005,1737,633493,633359
2025-08-11 09:10:00.000000000,1754874600000000000,5005,5010,5005,5009,1537,633359,633637
2025-08-11 09:11:00.000000000,1754874660000000000,5009,5011,5009,5011,1982,633637,633691
2025-08-11 09:12:00.000000000,1754874720000000000,5011,5012,5009,5010,2093,633691,633706
2025-08-11 09:13:00.000000000,1754874780000000000,5010,5011,5008,5010,1172,633706,633828
2025-08-11 09:14:00.000000000,1754874840000000000,5010,5012,5008,5011,1787,633828,633747
2025-08-11 09:15:00.000000000,1754874900000000000,5011,5014,5008,5009,3548,633747,633255
2025-08-11 09:16:00.000000000,1754874960000000000,5009,5011,5008,5008,1106,633255,632955
2025-08-11 09:17:00.000000000,1754875020000000000,5008,5008,5005,5006,2366,632955,632263
2025-08-11 09:18:00.000000000,1754875080000000000,5006,5009,5004,5008,2897,632263,631791
2025-08-11 09:19:00.000000000,1754875140000000000,5008,5008,5006,5007,1617,631791,630900
2025-08-11 09:20:00.000000000,1754875200000000000,5007,5013,5007,5012,2490,630900,630926
2025-08-11 09:21:00.000000000,1754875260000000000,5012,5014,5011,5012,1500,630926,630915
2025-08-11 09:22:00.000000000,1754875320000000000,5012,5014,5011,5013,1168,630915,630907
2025-08-11 09:23:00.000000000,1754875380000000000,5013,5013,5011,5013,1123,630907,630991
2025-08-11 09:24:00.000000000,1754875440000000000,5013,5013,5010,5011,1093,630991,631111
2025-08-11 09:25:00.000000000,1754875500000000000,5011,5019,5011,5015,6721,631111,632546
2025-08-11 09:26:00.000000000,1754875560000000000,5015,5017,5013,5016,2107,632546,632423
2025-08-11 09:27:00.000000000,1754875620000000000,5016,5017,5013,5017,2269,632423,632784
2025-08-11 09:28:00.000000000,1754875680000000000,5017,5017,5015,5015,1166,632784,632817
2025-08-11 09:29:00.000000000,1754875740000000000,5015,5019,5015,5017,2187,632817,633041
2025-08-11 09:30:00.000000000,1754875800000000000,5017,5022,5017,5019,4587,633041,632407
2025-08-11 09:31:00.000000000,1754875860000000000,5019,5022,5017,5021,1659,632407,632098
2025-08-11 09:32:00.000000000,1754875920000000000,5021,5022,5019,5022,2932,632098,631966
2025-08-11 09:33:00.000000000,1754875980000000000,5022,5022,5017,5017,1715,631966,631879
2025-08-11 09:34:00.000000000,1754876040000000000,5017,5024,5017,5021,3051,631879,631630
2025-08-11 09:35:00.000000000,1754876100000000000,5021,5023,5017,5018,1939,631630,631407
2025-08-11 09:36:00.000000000,1754876160000000000,5018,5018,5014,5016,2708,631407,631427
2025-08-11 09:37:00.000000000,1754876220000000000,5016,5016,5011,5013,3114,631427,631392
2025-08-11 09:38:00.000000000,1754876280000000000,5013,5015,5011,5014,1313,631392,631280
2025-08-11 09:39:00.000000000,1754876340000000000,5014,5014,5011,5013,1010,631280,631378
2025-08-11 09:40:00.000000000,1754876400000000000,5013,5013,5010,5012,2119,631378,631283
2025-08-11 09:41:00.000000000,1754876460000000000,5012,5012,5009,5011,2166,631283,631073
2025-08-11 09:42:00.000000000,1754876520000000000,5011,5012,5009,5009,1334,631073,631243
2025-08-11 09:43:00.000000000,1754876580000000000,5009,5013,5009,5013,589,631243,631279
2025-08-11 09:44:00.000000000,1754876640000000000,5013,5017,5012,5017,1341,631279,631368
2025-08-11 09:45:00.000000000,1754876700000000000,5017,5017,5013,5013,1481,631368,631731
2025-08-11 09:46:00.000000000,1754876760000000000,5013,5014,5009,5011,2476,631731,631705
2025-08-11 09:47:00.000000000,1754876820000000000,5011,5013,5010,5012,1417,631705,631677
2025-08-11 09:48:00.000000000,1754876880000000000,5012,5015,5011,5013,796,631677,631458
2025-08-11 09:49:00.000000000,1754876940000000000,5013,5017,5012,5014,1615,631458,631630
2025-08-11 09:50:00.000000000,1754877000000000000,5014,5016,5013,5013,906,631630,631697
2025-08-11 09:51:00.000000000,1754877060000000000,5013,5017,5013,5017,1683,631697,631380
2025-08-11 09:52:00.000000000,1754877120000000000,5017,5024,5017,5024,3149,631380,631003
2025-08-11 09:53:00.000000000,1754877180000000000,5024,5024,5021,5021,2490,631003,630577
2025-08-11 09:54:00.000000000,1754877240000000000,5021,5022,5019,5022,1973,630577,630704
2025-08-11 09:55:00.000000000,1754877300000000000,5022,5026,5021,5021,3550,630704,630548
2025-08-11 09:56:00.000000000,1754877360000000000,5021,5022,5019,5019,2639,630548,629863
2025-08-11 09:57:00.000000000,1754877420000000000,5019,5020,5017,5017,1716,629863,629126
2025-08-11 09:58:00.000000000,1754877480000000000,5017,5020,5017,5018,1805,629126,628821
2025-08-11 09:59:00.000000000,1754877540000000000,5018,5022,5018,5021,2618,628821,628774
2025-08-11 10:00:00.000000000,1754877600000000000,5021,5023,5020,5022,2889,628774,629120
2025-08-11 10:01:00.000000000,1754877660000000000,5022,5022,5019,5020,1500,629120,629032
2025-08-11 10:02:00.000000000,1754877720000000000,5020,5024,5019,5020,2219,629032,628786
2025-08-11 10:03:00.000000000,1754877780000000000,5020,5022,5018,5019,1299,628786,628507
2025-08-11 10:04:00.000000000,1754877840000000000,5019,5022,5018,5021,1953,628507,628384
2025-08-11 10:05:00.000000000,1754877900000000000,5021,5021,5017,5019,2127,628384,628106
2025-08-11 10:06:00.000000000,1754877960000000000,5019,5019,5014,5015,1667,628106,627711
2025-08-11 10:07:00.000000000,1754878020000000000,5015,5016,5014,5015,1913,627711,627399
2025-08-11 10:08:00.000000000,1754878080000000000,5015,5017,5013,5014,2231,627399,626733
2025-08-11 10:09:00.000000000,1754878140000000000,5014,5015,5012,5015,2439,626733,625901
2025-08-11 10:10:00.000000000,1754878200000000000,5015,5015,5009,5011,3029,625901,626560
2025-08-11 10:11:00.000000000,1754878260000000000,5011,5012,5007,5010,2640,626560,626162
2025-08-11 10:12:00.000000000,1754878320000000000,5010,5010,5007,5009,1292,626162,626170
2025-08-11 10:13:00.000000000,1754878380000000000,5009,5010,5006,5007,1826,626170,626118
2025-08-11 10:14:00.000000000,1754878440000000000,5007,5007,5005,5006,2956,626118,625827
2025-08-11 10:30:00.000000000,1754879400000000000,5007,5008,5001,5002,3942,625827,625737
2025-08-11 10:31:00.000000000,1754879460000000000,5002,5002,4998,5001,5068,625737,625445
2025-08-11 10:32:00.000000000,1754879520000000000,5001,5004,4999,5003,2490,625445,625358
2025-08-11 10:33:00.000000000,1754879580000000000,5003,5004,5002,5003,1374,625358,625158
2025-08-11 10:34:00.000000000,1754879640000000000,5003,5004,5001,5003,1306,625158,625132
2025-08-11 10:35:00.000000000,1754879700000000000,5003,5007,5002,5006,2398,625132,624668
2025-08-11 10:36:00.000000000,1754879760000000000,5006,5007,5003,5005,1555,624668,624708
2025-08-11 10:37:00.000000000,1754879820000000000,5005,5005,5003,5003,998,624708,624634
2025-08-11 10:38:00.000000000,1754879880000000000,5003,5005,5003,5003,776,624634,624672
2025-08-11 10:39:00.000000000,1754879940000000000,5003,5005,5003,5004,1080,624672,624567
2025-08-11 10:40:00.000000000,1754880000000000000,5004,5007,5003,5007,2427,624567,624633
2025-08-11 10:41:00.000000000,1754880060000000000,5007,5009,5007,5008,1587,624633,624392
2025-08-11 10:42:00.000000000,1754880120000000000,5008,5008,5006,5007,1054,624392,624427
2025-08-11 10:43:00.000000000,1754880180000000000,5007,5007,5004,5007,960,624427,624186
2025-08-11 10:44:00.000000000,1754880240000000000,5007,5008,5005,5007,976,624186,624104
2025-08-11 10:45:00.000000000,1754880300000000000,5007,5008,5005,5007,1428,624104,624090
2025-08-11 10:46:00.000000000,1754880360000000000,5007,5008,5006,5007,726,624090,623899
2025-08-11 10:47:00.000000000,1754880420000000000,5007,5011,5005,5006,2684,623899,624001
2025-08-11 10:48:00.000000000,1754880480000000000,5006,5008,5003,5007,2583,624001,624207
2025-08-11 10:49:00.000000000,1754880540000000000,5007,5010,5006,5006,1656,624207,623883
2025-08-11 10:50:00.000000000,1754880600000000000,5006,5007,5004,5006,859,623883,623721
2025-08-11 10:51:00.000000000,1754880660000000000,5006,5006,5004,5005,920,623721,623596
2025-08-11 10:52:00.000000000,1754880720000000000,5005,5006,5002,5005,2693,623596,623713
2025-08-11 10:53:00.000000000,1754880780000000000,5005,5005,5001,5001,1049,623713,623909
2025-08-11 10:54:00.000000000,1754880840000000000,5001,5003,5001,5001,994,623909,624164
2025-08-11 10:55:00.000000000,1754880900000000000,5001,5003,5000,5002,1661,624164,624048
2025-08-11 10:56:00.000000000,1754880960000000000,5002,5006,5002,5004,944,624048,623870
2025-08-11 10:57:00.000000000,1754881020000000000,5004,5006,5004,5005,1022,623870,623636
2025-08-11 10:58:00.000000000,1754881080000000000,5005,5006,5003,5003,745,623636,623524
2025-08-11 10:59:00.000000000,1754881140000000000,5003,5004,5002,5003,1164,623524,623675
2025-08-11 11:00:00.000000000,1754881200000000000,5003,5006,5003,5003,1497,623675,623757
2025-08-11 11:01:00.000000000,1754881260000000000,5003,5006,5003,5005,1360,623757,623895
2025-08-11 11:02:00.000000000,1754881320000000000,5005,5007,5003,5007,1649,623895,623492
2025-08-11 11:03:00.000000000,1754881380000000000,5007,5010,5007,5010,2129,623492,623109
2025-08-11 11:04:00.000000000,1754881440000000000,5010,5010,5004,5005,1526,623109,622866
2025-08-11 11:05:00.000000000,1754881500000000000,5005,5006,5002,5002,1573,622866,622583
2025-08-11 11:06:00.000000000,1754881560000000000,5002,5007,5001,5006,1534,622583,622104
2025-08-11 11:07:00.000000000,1754881620000000000,5006,5007,5004,5006,1186,622104,621875
2025-08-11 11:08:00.000000000,1754881680000000000,5006,5007,5005,5006,758,621875,621816
2025-08-11 11:09:00.000000000,1754881740000000000,5006,5007,5004,5006,1125,621816,621570
2025-08-11 11:10:00.000000000,1754881800000000000,5006,5007,5004,5005,660,621570,621483
2025-08-11 11:11:00.000000000,1754881860000000000,5005,5005,5003,5003,1198,621483,621642
2025-08-11 11:12:00.000000000,1754881920000000000,5003,5004,4998,5001,3445,621642,621212
2025-08-11 11:13:00.000000000,1754881980000000000,5001,5005,4999,5002,1258,621212,621256
2025-08-11 11:14:00.000000000,1754882040000000000,5002,5003,4999,5000,1309,621256,621221
2025-08-11 11:15:00.000000000,1754882100000000000,5000,5003,4999,5003,1381,621221,620934
2025-08-11 11:16:00.000000000,1754882160000000000,5003,5005,5003,5003,801,620934,620762
2025-08-11 11:17:00.000000000,1754882220000000000,5003,5005,5002,5003,776,620762,620553
2025-08-11 11:18:00.000000000,1754882280000000000,5003,5005,5002,5004,775,620553,620220
2025-08-11 11:19:00.000000000,1754882340000000000,5004,5005,5003,5004,906,620220,619973
2025-08-11 11:20:00.000000000,1754882400000000000,5004,5006,5003,5003,1712,619973,619717
2025-08-11 11:21:00.000000000,1754882460000000000,5003,5004,5001,5002,997,619717,619859
2025-08-11 11:22:00.000000000,1754882520000000000,5002,5002,4995,4997,4373,619859,619325
2025-08-11 11:23:00.000000000,1754882580000000000,4997,4999,4996,4997,1596,619325,619101
2025-08-11 11:24:00.000000000,1754882640000000000,4997,4998,4995,4996,1781,619101,618964
2025-08-11 11:25:00.000000000,1754882700000000000,4996,4999,4994,4997,2040,618964,618632
2025-08-11 11:26:00.000000000,1754882760000000000,4997,4999,4996,4998,2514,618632,618343
2025-08-11 11:27:00.000000000,1754882820000000000,4998,5000,4998,4998,857,618343,618253
2025-08-11 11:28:00.000000000,1754882880000000000,4998,4999,4996,4997,1517,618253,618001
2025-08-11 11:29:00.000000000,1754882940000000000,4997,4998,4995,4996,1680,618001,617690
2025-08-11 13:30:00.000000000,1754890200000000000,4998,5005,4998,5002,4200,617690,617661
2025-08-11 13:31:00.000000000,1754890260000000000,5002,5004,5001,5001,1568,617661,617881
2025-08-11 13:32:00.000000000,1754890320000000000,5001,5004,5001,5004,1267,617881,617995
2025-08-11 13:33:00.000000000,1754890380000000000,5004,5005,5001,5003,2140,617995,617996
2025-08-11 13:34:00.000000000,1754890440000000000,5003,5006,5002,5005,1483,617996,617715
2025-08-11 13:35:00.000000000,1754890500000000000,5005,5005,5002,5002,862,617715,617569
2025-08-11 13:36:00.000000000,1754890560000000000,5002,5003,5000,5000,1133,617569,617334
2025-08-11 13:37:00.000000000,1754890620000000000,5000,5002,5000,5000,1073,617334,617283
2025-08-11 13:38:00.000000000,1754890680000000000,5000,5003,5000,5002,988,617283,617117
2025-08-11 13:39:00.000000000,1754890740000000000,5002,5003,5000,5001,1371,617117,616718
2025-08-11 13:40:00.000000000,1754890800000000000,5001,5001,4998,4998,1806,616718,616817
2025-08-11 13:41:00.000000000,1754890860000000000,4998,5000,4997,4999,1624,616817,616917
2025-08-11 13:42:00.000000000,1754890920000000000,4999,5001,4999,4999,1147,616917,616850
2025-08-11 13:43:00.000000000,1754890980000000000,4999,5000,4997,4998,1100,616850,616912
2025-08-11 13:44:00.000000000,1754891040000000000,4998,4999,4995,4995,1492,616912,616547
2025-08-11 13:45:00.000000000,1754891100000000000,4995,4996,4994,4996,1901,616547,616323
2025-08-11 13:46:00.000000000,1754891160000000000,4996,4997,4995,4996,1541,616323,616192
2025-08-11 13:47:00.000000000,1754891220000000000,4996,4999,4995,4999,2196,616192,615319
2025-08-11 13:48:00.000000000,1754891280000000000,4999,4999,4997,4999,1413,615319,614806
2025-08-11 13:49:00.000000000,1754891340000000000,4999,4999,4996,4997,1120,614806,614574
2025-08-11 13:50:00.000000000,1754891400000000000,4997,5000,4997,4998,786,614574,614387
2025-08-11 13:51:00.000000000,1754891460000000000,4998,4998,4995,4997,1894,614387,614379
2025-08-11 13:52:00.000000000,1754891520000000000,4997,5000,4996,4999,2294,614379,615208
2025-08-11 13:53:00.000000000,1754891580000000000,4999,5002,4999,5000,1935,615208,614744
2025-08-11 13:54:00.000000000,1754891640000000000,5000,5005,5000,5005,2611,614744,613814
2025-08-11 13:55:00.000000000,1754891700000000000,5005,5006,5003,5003,2421,613814,612979
2025-08-11 13:56:00.000000000,1754891760000000000,5003,5004,5002,5004,1367,612979,612507
2025-08-11 13:57:00.000000000,1754891820000000000,5004,5006,5003,5005,1378,612507,612140
2025-08-11 13:58:00.000000000,1754891880000000000,5005,5011,5005,5010,3563,612140,611768
2025-08-11 13:59:00.000000000,1754891940000000000,5010,5010,5007,5008,1850,611768,611510
2025-08-11 14:00:00.000000000,1754892000000000000,5008,5010,5007,5007,1723,611510,611107
2025-08-11 14:01:00.000000000,1754892060000000000,5007,5011,5007,5009,2612,611107,610865
2025-08-11 14:02:00.000000000,1754892120000000000,5009,5012,5009,5011,1840,610865,610563
2025-08-11 14:03:00.000000000,1754892180000000000,5011,5011,5008,5008,1478,610563,610323
2025-08-11 14:04:00.000000000,1754892240000000000,5008,5012,5008,5011,2591,610323,609901
2025-08-11 14:05:00.000000000,1754892300000000000,5011,5013,5010,5012,2765,609901,609261
2025-08-11 14:06:00.000000000,1754892360000000000,5012,5013,5011,5011,1490,609261,608725
2025-08-11 14:07:00.000000000,1754892420000000000,5011,5011,5008,5008,1400,608725,608421
2025-08-11 14:08:00.000000000,1754892480000000000,5008,5009,5006,5006,1302,608421,608254
2025-08-11 14:09:00.000000000,1754892540000000000,5006,5007,5004,5004,1862,608254,607781
2025-08-11 14:10:00.000000000,1754892600000000000,5004,5006,5003,5005,1655,607781,607325
2025-08-11 14:11:00.000000000,1754892660000000000,5005,5006,5002,5003,1627,607325,607198
2025-08-11 14:12:00.000000000,1754892720000000000,5003,5006,5003,5005,1051,607198,606796
2025-08-11 14:13:00.000000000,1754892780000000000,5005,5009,5005,5007,1773,606796,606631
2025-08-11 14:14:00.000000000,1754892840000000000,5007,5009,5007,5009,1551,606631,605917
2025-08-11 14:15:00.000000000,1754892900000000000,5009,5010,5008,5009,1558,605917,605383
2025-08-11 14:16:00.000000000,1754892960000000000,5009,5010,5006,5007,2865,605383,604688
2025-08-11 14:17:00.000000000,1754893020000000000,5007,5009,5007,5009,1446,604688,604552
2025-08-11 14:18:00.000000000,1754893080000000000,5009,5009,5005,5006,2351,604552,604573
2025-08-11 14:19:00.000000000,1754893140000000000,5006,5010,5006,5009,1632,604573,604103
2025-08-11 14:20:00.000000000,1754893200000000000,5009,5013,5009,5012,2852,604103,603371
2025-08-11 14:21:00.000000000,1754893260000000000,5012,5012,5009,5010,1407,603371,602772
2025-08-11 14:22:00.000000000,1754893320000000000,5010,5010,5008,5009,1408,602772,602190
2025-08-11 14:23:00.000000000,1754893380000000000,5009,5012,5009,5012,1262,602190,601995
2025-08-11 14:24:00.000000000,1754893440000000000,5012,5018,5012,5017,5673,601995,601262
2025-08-11 14:25:00.000000000,1754893500000000000,5017,5018,5015,5017,2533,601262,601045
2025-08-11 14:26:00.000000000,1754893560000000000,5017,5019,5016,5016,2301,601045,601062
2025-08-11 14:27:00.000000000,1754893620000000000,5016,5019,5016,5016,1705,601062,600608
2025-08-11 14:28:00.000000000,1754893680000000000,5016,5018,5015,5018,1707,600608,600331
2025-08-11 14:29:00.000000000,1754893740000000000,5018,5021,5018,5021,5305,600331,598972
2025-08-11 14:30:00.000000000,1754893800000000000,5021,5022,5016,5017,3568,598972,597820
2025-08-11 14:31:00.000000000,1754893860000000000,5017,5018,5010,5010,5527,597820,597221
2025-08-11 14:32:00.000000000,1754893920000000000,5010,5015,5009,5013,2612,597221,597026
2025-08-11 14:33:00.000000000,1754893980000000000,5013,5015,5012,5013,2003,597026,596688
2025-08-11 14:34:00.000000000,1754894040000000000,5013,5014,5011,5013,1658,596688,596938
2025-08-11 14:35:00.000000000,1754894100000000000,5013,5013,5011,5012,1423,596938,596536
2025-08-11 14:36:00.000000000,1754894160000000000,5012,5014,5011,5013,1595,596536,596102
2025-08-11 14:37:00.000000000,1754894220000000000,5013,5013,5009,5013,2164,596102,595718
2025-08-11 14:38:00.000000000,1754894280000000000,5013,5013,5009,5011,1383,595718,595882
2025-08-11 14:39:00.000000000,1754894340000000000,5011,5012,5010,5010,2072,595882,594813
2025-08-11 14:40:00.000000000,1754894400000000000,5010,5012,5009,5011,1484,594813,594662
2025-08-11 14:41:00.000000000,1754894460000000000,5011,5013,5011,5012,1266,594662,594667
2025-08-11 14:42:00.000000000,1754894520000000000,5012,5013,5010,5010,1076,594667,594552
2025-08-11 14:43:00.000000000,1754894580000000000,5010,5012,5009,5012,1100,594552,594331
2025-08-11 14:44:00.000000000,1754894640000000000,5012,5013,5011,5012,1200,594331,594071
2025-08-11 14:45:00.000000000,1754894700000000000,5012,5013,5010,5012,1269,594071,593729
2025-08-11 14:46:00.000000000,1754894760000000000,5012,5014,5012,5014,1174,593729,593698
2025-08-11 14:47:00.000000000,1754894820000000000,5014,5014,5010,5010,701,593698,593617
2025-08-11 14:48:00.000000000,1754894880000000000,5010,5013,5009,5012,1253,593617,593824
2025-08-11 14:49:00.000000000,1754894940000000000,5012,5014,5012,5012,1234,593824,593175
2025-08-11 14:50:00.000000000,1754895000000000000,5012,5013,5009,5009,1159,593175,593312
2025-08-11 14:51:00.000000000,1754895060000000000,5009,5011,5009,5010,605,593312,593200
2025-08-11 14:52:00.000000000,1754895120000000000,5010,5010,5007,5009,1629,593200,592670
2025-08-11 14:53:00.000000000,1754895180000000000,5009,5009,5007,5008,830,592670,592341
2025-08-11 14:54:00.000000000,1754895240000000000,5008,5011,5008,5011,801,592341,591983
2025-08-11 14:55:00.000000000,1754895300000000000,5011,5014,5010,5013,2128,591983,591517
2025-08-11 14:56:00.000000000,1754895360000000000,5013,5014,5011,5012,1621,591517,591209
2025-08-11 14:57:00.000000000,1754895420000000000,5012,5012,5009,5011,1788,591209,590769
2025-08-11 14:58:00.000000000,1754895480000000000,5011,5012,5010,5011,1118,590769,590568
2025-08-11 14:59:00.000000000,1754895540000000000,5011,5012,5010,5010,3004,590568,589321
2025-08-11 21:00:00.000000000,1754917200000000000,5019,5025,5012,5018,18259,589321,587938
2025-08-11 21:01:00.000000000,1754917260000000000,5018,5029,5018,5025,12532,587938,587066
2025-08-11 21:02:00.000000000,1754917320000000000,5025,5026,5019,5020,6109,587066,586973
2025-08-11 21:03:00.000000000,1754917380000000000,5020,5024,5019,5020,3741,586973,586748
2025-08-11 21:04:00.000000000,1754917440000000000,5020,5022,5018,5021,3581,586748,586423
2025-08-11 21:05:00.000000000,1754917500000000000,5021,5023,5016,5018,3281,586423,586359
2025-08-11 21:06:00.000000000,1754917560000000000,5018,5019,5015,5015,2397,586359,586396
2025-08-11 21:07:00.000000000,1754917620000000000,5015,5016,5012,5015,2844,586396,586288
2025-08-11 21:08:00.000000000,1754917680000000000,5015,5015,5013,5015,1765,586288,586510
2025-08-11 21:09:00.000000000,1754917740000000000,5015,5019,5015,5018,2541,586510,586077
2025-08-11 21:10:00.000000000,1754917800000000000,5018,5021,5018,5020,2806,586077,586089
2025-08-11 21:11:00.000000000,1754917860000000000,5020,5021,5018,5021,2385,586089,585668
2025-08-11 21:12:00.000000000,1754917920000000000,5021,5024,5019,5022,2680,585668,585507
2025-08-11 21:13:00.000000000,1754917980000000000,5022,5022,5019,5021,1567,585507,585261
2025-08-11 21:14:00.000000000,1754918040000000000,5021,5022,5020,5020,1171,585261,585117
2025-08-11 21:15:00.000000000,1754918100000000000,5020,5020,5017,5018,2296,585117,584478
2025-08-11 21:16:00.000000000,1754918160000000000,5018,5019,5016,5019,1244,584478,584237
2025-08-11 21:17:00.000000000,1754918220000000000,5019,5021,5017,5019,2233,584237,583497
2025-08-11 21:18:00.000000000,1754918280000000000,5019,5021,5018,5020,1210,583497,583413
2025-08-11 21:19:00.000000000,1754918340000000000,5020,5021,5019,5021,1174,583413,583315
2025-08-11 21:20:00.000000000,1754918400000000000,5021,5021,5019,5020,1456,583315,582992
2025-08-11 21:21:00.000000000,1754918460000000000,5020,5022,5019,5022,1585,582992,582630
2025-08-11 21:22:00.000000000,1754918520000000000,5022,5023,5019,5019,1929,582630,582589
2025-08-11 21:23:00.000000000,1754918580000000000,5019,5022,5018,5021,677,582589,582297
2025-08-11 21:24:00.000000000,1754918640000000000,5021,5025,5021,5024,2629,582297,582167
2025-08-11 21:25:00.000000000,1754918700000000000,5024,5025,5019,5020,3822,582167,581456
2025-08-11 21:26:00.000000000,1754918760000000000,5020,5020,5015,5015,3840,581456,581023
2025-08-11 21:27:00.000000000,1754918820000000000,5015,5019,5015,5017,1772,581023,580897
2025-08-11 21:28:00.000000000,1754918880000000000,5017,5018,5015,5016,1014,580897,580673
2025-08-11 21:29:00.000000000,1754918940000000000,5016,5019,5015,5016,2723,580673,580360
2025-08-11 21:30:00.000000000,1754919000000000000,5016,5018,5013,5013,3196,580360,579581
2025-08-11 21:31:00.000000000,1754919060000000000,5013,5018,5013,5017,2369,579581,579536
2025-08-11 21:32:00.000000000,1754919120000000000,5017,5018,5016,5017,965,579536,579340
2025-08-11 21:33:00.000000000,1754919180000000000,5017,5018,5016,5017,934,579340,579220
2025-08-11 21:34:00.000000000,1754919240000000000,5017,5021,5016,5020,1620,579220,578917
2025-08-11 21:35:00.000000000,1754919300000000000,5020,5021,5019,5019,1318,578917,579033
2025-08-11 21:36:00.000000000,1754919360000000000,5019,5021,5017,5021,1802,579033,579221
2025-08-11 21:37:00.000000000,1754919420000000000,5021,5021,5016,5017,1323,579221,579200
2025-08-11 21:38:00.000000000,1754919480000000000,5017,5021,5016,5020,1973,579200,579279
2025-08-11 21:39:00.000000000,1754919540000000000,5020,5021,5018,5018,566,579279,579371
2025-08-11 21:40:00.000000000,1754919600000000000,5018,5019,5015,5017,1728,579371,579585
2025-08-11 21:41:00.000000000,1754919660000000000,5017,5018,5016,5017,867,579585,579651
2025-08-11 21:42:00.000000000,1754919720000000000,5017,5018,5015,5016,1026,579651,579533
2025-08-11 21:43:00.000000000,1754919780000000000,5016,5018,5015,5015,1500,579533,579769
2025-08-11 21:44:00.000000000,1754919840000000000,5015,5017,5013,5015,1859,579769,580310
2025-08-11 21:45:00.000000000,1754919900000000000,5015,5017,5015,5016,663,580310,580414
2025-08-11 21:46:00.000000000,1754919960000000000,5016,5017,5015,5016,690,580414,580272
2025-08-11 21:47:00.000000000,1754920020000000000,5016,5017,5015,5017,877,580272,580438
2025-08-11 21:48:00.000000000,1754920080000000000,5017,5017,5014,5015,1074,580438,580589
2025-08-11 21:49:00.000000000,1754920140000000000,5015,5016,5015,5016,204,580589,580604
2025-08-11 21:50:00.000000000,1754920200000000000,5016,5016,5012,5012,1524,580604,580467
2025-08-11 21:51:00.000000000,1754920260000000000,5012,5013,5010,5012,2405,580467,579723
2025-08-11 21:52:00.000000000,1754920320000000000,5012,5015,5012,5015,876,579723,579662
2025-08-11 21:53:00.000000000,1754920380000000000,5015,5015,5012,5012,658,579662,579626
2025-08-11 21:54:00.000000000,1754920440000000000,5012,5013,5010,5011,1045,579626,579700
2025-08-11 21:55:00.000000000,1754920500000000000,5011,5014,5011,5012,668,579700,579883
2025-08-11 21:56:00.000000000,1754920560000000000,5012,5014,5012,5014,572,579883,579777
2025-08-11 21:57:00.000000000,1754920620000000000,5014,5014,5012,5013,799,579777,579806
2025-08-11 21:58:00.000000000,1754920680000000000,5013,5014,5012,5013,403,579806,579745
2025-08-11 21:59:00.000000000,1754920740000000000,5013,5014,5013,5014,196,579745,579658
2025-08-11 22:00:00.000000000,1754920800000000000,5014,5014,5012,5012,945,579658,579814
2025-08-11 22:01:00.000000000,1754920860000000000,5012,5015,5012,5014,1546,579814,579754
2025-08-11 22:02:00.000000000,1754920920000000000,5014,5016,5014,5015,1164,579754,579687
2025-08-11 22:03:00.000000000,1754920980000000000,5015,5016,5014,5016,1585,579687,579500
2025-08-11 22:04:00.000000000,1754921040000000000,5016,5017,5015,5017,805,579500,579462
2025-08-11 22:05:00.000000000,1754921100000000000,5017,5017,5015,5016,545,579462,579374
2025-08-11 22:06:00.000000000,1754921160000000000,5016,5018,5015,5016,2976,579374,578052
2025-08-11 22:07:00.000000000,1754921220000000000,5016,5017,5015,5017,469,578052,578017
2025-08-11 22:08:00.000000000,1754921280000000000,5017,5017,5015,5017,1417,578017,578353
2025-08-11 22:09:00.000000000,1754921340000000000,5017,5017,5015,5016,404,578353,578290
2025-08-11 22:10:00.000000000,1754921400000000000,5016,5019,5016,5018,1260,578290,578416
2025-08-11 22:11:00.000000000,1754921460000000000,5018,5024,5018,5024,4569,578416,578353
2025-08-11 22:12:00.000000000,1754921520000000000,5024,5024,5022,5022,1073,578353,578217
2025-08-11 22:13:00.000000000,1754921580000000000,5022,5024,5021,5021,2174,578217,577900
2025-08-11 22:14:00.000000000,1754921640000000000,5021,5023,5021,5023,984,577900,577909
2025-08-11 22:15:00.000000000,1754921700000000000,5023,5023,5021,5021,624,577909,578003
2025-08-11 22:16:00.000000000,1754921760000000000,5021,5022,5020,5020,947,578003,578033
2025-08-11 22:17:00.000000000,1754921820000000000,5020,5021,5020,5021,98,578033,578050
2025-08-11 22:18:00.000000000,1754921880000000000,5021,5021,5019,5019,1074,578050,578128
2025-08-11 22:19:00.000000000,1754921940000000000,5019,5021,5019,5020,464,578128,577963
2025-08-11 22:20:00.000000000,1754922000000000000,5020,5020,5018,5020,308,577963,577986
2025-08-11 22:21:00.000000000,1754922060000000000,5020,5021,5019,5020,715,577986,577810
2025-08-11 22:22:00.000000000,1754922120000000000,5020,5023,5020,5022,1062,577810,577859
2025-08-11 22:23:00.000000000,1754922180000000000,5022,5023,5021,5022,467,577859,578005
2025-08-11 22:24:00.000000000,1754922240000000000,5022,5022,5020,5021,712,578005,578185
2025-08-11 22:25:00.000000000,1754922300000000000,5021,5021,5019,5020,817,578185,578081
2025-08-11 22:26:00.000000000,1754922360000000000,5020,5022,5019,5022,605,578081,578105
2025-08-11 22:27:00.000000000,1754922420000000000,5022,5022,5018,5018,843,578105,577960
2025-08-11 22:28:00.000000000,1754922480000000000,5018,5018,5015,5016,2132,577960,577873
2025-08-11 22:29:00.000000000,1754922540000000000,5016,5018,5015,5018,858,577873,577941
2025-08-11 22:30:00.000000000,1754922600000000000,5018,5020,5018,5018,698,577941,577994
2025-08-11 22:31:00.000000000,1754922660000000000,5018,5018,5017,5018,515,577994,578090
2025-08-11 22:32:00.000000000,1754922720000000000,5018,5019,5016,5019,981,578090,577714
2025-08-11 22:33:00.000000000,1754922780000000000,5019,5020,5017,5019,697,577714,577625
2025-08-11 22:34:00.000000000,1754922840000000000,5019,5020,5018,5020,377,577625,577655
2025-08-11 22:35:00.000000000,1754922900000000000,5020,5020,5016,5017,562,577655,577466
2025-08-11 22:36:00.000000000,1754922960000000000,5017,5017,5016,5017,600,577466,577530
2025-08-11 22:37:00.000000000,1754923020000000000,5017,5017,5015,5016,771,577530,577337
2025-08-11 22:38:00.000000000,1754923080000000000,5016,5017,5016,5016,472,577337,577140
2025-08-11 22:39:00.000000000,1754923140000000000,5016,5016,5015,5016,562,577140,576985
2025-08-11 22:40:00.000000000,1754923200000000000,5016,5017,5014,5015,1087,576985,576808
2025-08-11 22:41:00.000000000,1754923260000000000,5015,5016,5013,5013,845,576808,576681
2025-08-11 22:42:00.000000000,1754923320000000000,5013,5015,5013,5013,1300,576681,576467
2025-08-11 22:43:00.000000000,1754923380000000000,5013,5015,5013,5014,501,576467,576448
2025-08-11 22:44:00.000000000,1754923440000000000,5014,5014,5011,5011,1356,576448,576109
2025-08-11 22:45:00.000000000,1754923500000000000,5011,5012,5011,5012,437,576109,576100
2025-08-11 22:46:00.000000000,1754923560000000000,5012,5012,5011,5012,348,576100,576221
2025-08-11 22:47:00.000000000,1754923620000000000,5012,5012,5007,5008,3791,576221,576654
2025-08-11 22:48:00.000000000,1754923680000000000,5008,5011,5008,5010,1023,576654,576476
2025-08-11 22:49:00.000000000,1754923740000000000,5010,5012,5010,5011,760,576476,576358
2025-08-11 22:50:00.000000000,1754923800000000000,5011,5012,5010,5010,588,576358,576422
2025-08-11 22:51:00.000000000,1754923860000000000,5010,5013,5010,5013,786,576422,576376
2025-08-11 22:52:00.000000000,1754923920000000000,5013,5013,5012,5012,175,576376,576375
2025-08-11 22:53:00.000000000,1754923980000000000,5012,5013,5011,5011,327,576375,576282
2025-08-11 22:54:00.000000000,1754924040000000000,5011,5013,5011,5012,522,576282,576222
2025-08-11 22:55:00.000000000,1754924100000000000,5012,5012,5010,5011,821,576222,576312
2025-08-11 22:56:00.000000000,1754924160000000000,5011,5014,5010,5013,1093,576312,575632
2025-08-11 22:57:00.000000000,1754924220000000000,5013,5014,5013,5013,598,575632,575516
2025-08-11 22:58:00.000000000,1754924280000000000,5013,5013,5011,5011,554,575516,575317
2025-08-11 22:59:00.000000000,1754924340000000000,5011,5013,5010,5013,2107,575317,574125
2025-08-12 09:00:00.000000000,1754960400000000000,5016,5022,5015,5017,8148,574125,574928
2025-08-12 09:01:00.000000000,1754960460000000000,5017,5020,5014,5014,2825,574928,575053
2025-08-12 09:02:00.000000000,1754960520000000000,5014,5016,5010,5012,2219,575053,575212
2025-08-12 09:03:00.000000000,1754960580000000000,5012,5012,5009,5009,2559,575212,575541
2025-08-12 09:04:00.000000000,1754960640000000000,5009,5010,5006,5007,2657,575541,575544
2025-08-12 09:05:00.000000000,1754960700000000000,5007,5012,5007,5011,1950,575544,575686
2025-08-12 09:06:00.000000000,1754960760000000000,5011,5013,5010,5012,1581,575686,575581
2025-08-12 09:07:00.000000000,1754960820000000000,5012,5015,5012,5015,1705,575581,575862
2025-08-12 09:08:00.000000000,1754960880000000000,5015,5017,5014,5016,1524,575862,576011
2025-08-12 09:09:00.000000000,1754960940000000000,5016,5018,5014,5015,1716,576011,575864
2025-08-12 09:10:00.000000000,1754961000000000000,5015,5017,5014,5016,1180,575864,576028
2025-08-12 09:11:00.000000000,1754961060000000000,5016,5016,5011,5013,1748,576028,576008
2025-08-12 09:12:00.000000000,1754961120000000000,5013,5017,5013,5015,1833,576008,575926
2025-08-12 09:13:00.000000000,1754961180000000000,5015,5015,5012,5013,2341,575926,575449
2025-08-12 09:14:00.000000000,1754961240000000000,5013,5014,5010,5011,728,575449,575419
2025-08-12 09:15:00.000000000,1754961300000000000,5011,5012,5009,5009,1517,575419,575615
2025-08-12 09:16:00.000000000,1754961360000000000,5009,5011,5009,5010,724,575615,575686
2025-08-12 09:17:00.000000000,1754961420000000000,5010,5012,5009,5009,946,575686,575891
2025-08-12 09:18:00.000000000,1754961480000000000,5009,5012,5004,5006,3907,575891,576438
2025-08-12 09:19:00.000000000,1754961540000000000,5006,5006,5003,5005,2228,576438,576408
2025-08-12 09:20:00.000000000,1754961600000000000,5005,5006,5003,5006,1466,576408,576512
2025-08-12 09:21:00.000000000,1754961660000000000,5006,5006,5003,5004,1408,576512,576492
2025-08-12 09:22:00.000000000,1754961720000000000,5004,5006,5003,5005,1829,576492,576472
2025-08-12 09:23:00.000000000,1754961780000000000,5005,5006,5002,5003,1088,576472,576735
2025-08-12 09:24:00.000000000,1754961840000000000,5003,5005,5001,5001,1344,576735,576666
2025-08-12 09:25:00.000000000,1754961900000000000,5001,5005,4999,5004,4275,576666,576697
2025-08-12 09:26:00.000000000,1754961960000000000,5004,5005,5001,5001,1298,576697,576865
2025-08-12 09:27:00.000000000,1754962020000000000,5001,5001,4997,4999,3700,576865,576831
2025-08-12 09:28:00.000000000,1754962080000000000,4999,5000,4998,4999,1123,576831,576795
2025-08-12 09:29:00.000000000,1754962140000000000,4999,5000,4997,4999,1977,576795,576812
2025-08-12 09:30:00.000000000,1754962200000000000,4999,5003,4998,5003,2303,576812,576954
2025-08-12 09:31:00.000000000,1754962260000000000,5003,5003,5001,5003,811,576954,576942
2025-08-12 09:32:00.000000000,1754962320000000000,5003,5004,5002,5004,969,576942,577025
2025-08-12 09:33:00.000000000,1754962380000000000,5004,5005,5002,5005,1226,577025,576965
2025-08-12 09:34:00.000000000,1754962440000000000,5005,5008,5004,5007,2525,576965,576606
2025-08-12 09:35:00.000000000,1754962500000000000,5007,5009,5005,5006,2954,576606,576428
2025-08-12 09:36:00.000000000,1754962560000000000,5006,5008,5005,5006,1230,576428,576240
2025-08-12 09:37:00.000000000,1754962620000000000,5006,5007,5005,5006,581,576240,576079
2025-08-12 09:38:00.000000000,1754962680000000000,5006,5010,5005,5009,2623,576079,575889
2025-08-12 09:39:00.000000000,1754962740000000000,5009,5015,5009,5015,3646,575889,575148
2025-08-12 09:40:00.000000000,1754962800000000000,5015,5018,5013,5013,3855,575148,574759
2025-08-12 09:41:00.000000000,1754962860000000000,5013,5017,5011,5017,2873,574759,574382
2025-08-12 09:42:00.000000000,1754962920000000000,5017,5019,5015,5017,3287,574382,574138
2025-08-12 09:43:00.000000000,1754962980000000000,5017,5021,5017,5017,4100,574138,573921
2025-08-12 09:44:00.000000000,1754963040000000000,5017,5019,5017,5018,1371,573921,573848
2025-08-12 09:45:00.000000000,1754963100000000000,5018,5023,5017,5020,4491,573848,573282
2025-08-12 09:46:00.000000000,1754963160000000000,5020,5022,5018,5020,3071,573282,573388
2025-08-12 09:47:00.000000000,1754963220000000000,5020,5021,5018,5020,2131,573388,573752
2025-08-12 09:48:00.000000000,1754963280000000000,5020,5025,5020,5025,4277,573752,573801
2025-08-12 09:49:00.000000000,1754963340000000000,5025,5026,5024,5025,3014,573801,573439
2025-08-12 09:50:00.000000000,1754963400000000000,5025,5027,5022,5027,3220,573439,573428
2025-08-12 09:51:00.000000000,1754963460000000000,5027,5033,5027,5030,6364,573428,572239
2025-08-12 09:52:00.000000000,1754963520000000000,5030,5032,5026,5026,3102,572239,571864
2025-08-12 09:53:00.000000000,1754963580000000000,5026,5028,5025,5027,1229,571864,571500
2025-08-12 09:54:00.000000000,1754963640000000000,5027,5028,5025,5027,1915,571500,571366
2025-08-12 09:55:00.000000000,1754963700000000000,5027,5030,5027,5028,3281,571366,570844
2025-08-12 09:56:00.000000000,1754963760000000000,5028,5029,5024,5025,2672,570844,570809
2025-08-12 09:57:00.000000000,1754963820000000000,5025,5028,5024,5027,2783,570809,570668
2025-08-12 09:58:00.000000000,1754963880000000000,5027,5030,5026,5026,2205,570668,570662
2025-08-12 09:59:00.000000000,1754963940000000000,5026,5030,5024,5025,2170,570662,570561
2025-08-12 10:00:00.000000000,1754964000000000000,5025,5027,5022,5026,4511,570561,570348
2025-08-12 10:01:00.000000000,1754964060000000000,5026,5028,5025,5028,1655,570348,569966
2025-08-12 10:02:00.000000000,1754964120000000000,5028,5028,5024,5025,1539,569966,569811
2025-08-12 10:03:00.000000000,1754964180000000000,5025,5028,5023,5024,1082,569811,569681
2025-08-12 10:04:00.000000000,1754964240000000000,5024,5025,5023,5023,1022,569681,569435
2025-08-12 10:05:00.000000000,1754964300000000000,5023,5034,5023,5031,6930,569435,567451
2025-08-12 10:06:00.000000000,1754964360000000000,5031,5034,5031,5033,1938,567451,567478
2025-08-12 10:07:00.000000000,1754964420000000000,5033,5035,5032,5034,2757,567478,567228
2025-08-12 10:08:00.000000000,1754964480000000000,5034,5037,5032,5036,3239,567228,567035
2025-08-12 10:09:00.000000000,1754964540000000000,5036,5036,5034,5035,2128,567035,566696
2025-08-12 10:10:00.000000000,1754964600000000000,5035,5038,5034,5034,4690,566696,565349
2025-08-12 10:11:00.000000000,1754964660000000000,5034,5036,5033,5035,2307,565349,565524
2025-08-12 10:12:00.000000000,1754964720000000000,5035,5042,5034,5040,4941,565524,565225
2025-08-12 10:13:00.000000000,1754964780000000000,5040,5048,5040,5045,8639,565225,564050
2025-08-12 10:14:00.000000000,1754964840000000000,5045,5054,5045,5052,11042,564050,564839
2025-08-12 10:30:00.000000000,1754965800000000000,5052,5060,5052,5059,12120,564839,564099
2025-08-12 10:31:00.000000000,1754965860000000000,5059,5061,5053,5056,9745,564099,563199
2025-08-12 10:32:00.000000000,1754965920000000000,5056,5057,5052,5054,3948,563199,562461
2025-08-12 10:33:00.000000000,1754965980000000000,5054,5055,5052,5053,2987,562461,562212
2025-08-12 10:34:00.000000000,1754966040000000000,5053,5053,5048,5049,4825,562212,561285
2025-08-12 10:35:00.000000000,1754966100000000000,5049,5051,5047,5049,3181,561285,560978
2025-08-12 10:36:00.000000000,1754966160000000000,5049,5051,5047,5048,2170,560978,560813
2025-08-12 10:37:00.000000000,1754966220000000000,5048,5049,5047,5049,1944,560813,560321
2025-08-12 10:38:00.000000000,1754966280000000000,5049,5051,5043,5043,4385,560321,560878
2025-08-12 10:39:00.000000000,1754966340000000000,5043,5045,5041,5043,3014,560878,560111
2025-08-12 10:40:00.000000000,1754966400000000000,5043,5047,5040,5047,2177,560111,559996
2025-08-12 10:41:00.000000000,1754966460000000000,5047,5049,5045,5048,1161,559996,560145
2025-08-12 10:42:00.000000000,1754966520000000000,5048,5050,5046,5046,1821,560145,559823
2025-08-12 10:43:00.000000000,1754966580000000000,5046,5050,5045,5047,1739,559823,559741
2025-08-12 10:44:00.000000000,1754966640000000000,5047,5050,5046,5049,1264,559741,559501
2025-08-12 10:45:00.000000000,1754966700000000000,5049,5050,5044,5046,2690,559501,559455
2025-08-12 10:46:00.000000000,1754966760000000000,5046,5047,5045,5046,1588,559455,559566
2025-08-12 10:47:00.000000000,1754966820000000000,5046,5046,5042,5043,1280,559566,559278
2025-08-12 10:48:00.000000000,1754966880000000000,5043,5045,5041,5042,1479,559278,559096
2025-08-12 10:49:00.000000000,1754966940000000000,5042,5044,5041,5042,1005,559096,559118
2025-08-12 10:50:00.000000000,1754967000000000000,5042,5044,5042,5044,1130,559118,558980
2025-08-12 10:51:00.000000000,1754967060000000000,5044,5046,5040,5040,1998,558980,559159
2025-08-12 10:52:00.000000000,1754967120000000000,5040,5043,5039,5043,3958,559159,558700
2025-08-12 10:53:00.000000000,1754967180000000000,5043,5043,5041,5042,1258,558700,558656
2025-08-12 10:54:00.000000000,1754967240000000000,5042,5043,5041,5042,736,558656,558509
2025-08-12 10:55:00.000000000,1754967300000000000,5042,5042,5038,5039,2271,558509,558885
2025-08-12 10:56:00.000000000,1754967360000000000,5039,5039,5034,5034,3515,558885,558476
2025-08-12 10:57:00.000000000,1754967420000000000,5034,5035,5030,5031,3573,558476,557524
2025-08-12 10:58:00.000000000,1754967480000000000,5031,5033,5029,5032,2100,557524,557263
2025-08-12 10:59:00.000000000,1754967540000000000,5032,5033,5030,5033,3366,557263,556856
2025-08-12 11:00:00.000000000,1754967600000000000,5033,5036,5031,5036,2977,556856,556430
2025-08-12 11:01:00.000000000,1754967660000000000,5036,5037,5034,5035,1518,556430,556187
2025-08-12 11:02:00.000000000,1754967720000000000,5035,5037,5034,5036,1483,556187,555864
2025-08-12 11:03:00.000000000,1754967780000000000,5036,5037,5034,5035,1429,555864,555598
2025-08-12 11:04:00.000000000,1754967840000000000,5035,5036,5034,5034,591,555598,555576
2025-08-12 11:05:00.000000000,1754967900000000000,5034,5038,5034,5038,1631,555576,555637
2025-08-12 11:06:00.000000000,1754967960000000000,5038,5043,5038,5042,2111,555637,555191
2025-08-12 11:07:00.000000000,1754968020000000000,5042,5045,5042,5044,2347,555191,555085
2025-08-12 11:08:00.000000000,1754968080000000000,5044,5046,5043,5044,1765,555085,555191
2025-08-12 11:09:00.000000000,1754968140000000000,5044,5047,5044,5047,1560,555191,555331
2025-08-12 11:10:00.000000000,1754968200000000000,5047,5050,5046,5050,1796,555331,555347
2025-08-12 11:11:00.000000000,1754968260000000000,5050,5054,5049,5053,4129,555347,555325
2025-08-12 11:12:00.000000000,1754968320000000000,5053,5055,5052,5054,2937,555325,555383
2025-08-12 11:13:00.000000000,1754968380000000000,5054,5057,5052,5052,3527,555383,555840
2025-08-12 11:14:00.000000000,1754968440000000000,5052,5055,5052,5055,1649,555840,555765
2025-08-12 11:15:00.000000000,1754968500000000000,5055,5056,5051,5052,2937,555765,555814
2025-08-12 11:16:00.000000000,1754968560000000000,5052,5054,5051,5053,1634,555814,555623
2025-08-12 11:17:00.000000000,1754968620000000000,5053,5053,5049,5049,2141,555623,555400
2025-08-12 11:18:00.000000000,1754968680000000000,5049,5051,5048,5051,2356,555400,555366
2025-08-12 11:19:00.000000000,1754968740000000000,5051,5051,5047,5048,1045,555366,555357
2025-08-12 11:20:00.000000000,1754968800000000000,5048,5050,5048,5049,717,555357,555265
2025-08-12 11:21:00.000000000,1754968860000000000,5049,5049,5043,5043,2549,555265,554688
2025-08-12 11:22:00.000000000,1754968920000000000,5043,5044,5039,5040,2315,554688,554591
2025-08-12 11:23:00.000000000,1754968980000000000,5040,5042,5040,5041,1730,554591,554174
2025-08-12 11:24:00.000000000,1754969040000000000,5041,5044,5040,5044,837,554174,554027
2025-08-12 11:25:00.000000000,1754969100000000000,5044,5046,5041,5042,1367,554027,553700
2025-08-12 11:26:00.000000000,1754969160000000000,5042,5042,5037,5038,1948,553700,553836
2025-08-12 11:27:00.000000000,1754969220000000000,5038,5042,5037,5041,1482,553836,553597
2025-08-12 11:28:00.000000000,1754969280000000000,5041,5044,5041,5041,1516,553597,553247
2025-08-12 11:29:00.000000000,1754969340000000000,5041,5047,5039,5047,2195,553247,552743
2025-08-12 13:30:00.000000000,1754976600000000000,5050,5053,5047,5052,6205,552743,552092
2025-08-12 13:31:00.000000000,1754976660000000000,5052,5053,5049,5051,2466,552092,551715
2025-08-12 13:32:00.000000000,1754976720000000000,5051,5056,5049,5056,2094,551715,552025
2025-08-12 13:33:00.000000000,1754976780000000000,5056,5056,5051,5051,1571,552025,551772
2025-08-12 13:34:00.000000000,1754976840000000000,5051,5053,5051,5052,782,551772,551845
2025-08-12 13:35:00.000000000,1754976900000000000,5052,5057,5052,5055,2615,551845,551867
2025-08-12 13:36:00.000000000,1754976960000000000,5055,5056,5053,5054,1569,551867,551724
2025-08-12 13:37:00.000000000,1754977020000000000,5054,5055,5052,5053,1529,551724,551480
2025-08-12 13:38:00.000000000,1754977080000000000,5053,5054,5050,5051,1339,551480,551366
2025-08-12 13:39:00.000000000,1754977140000000000,5051,5053,5049,5052,1340,551366,551522
2025-08-12 13:40:00.000000000,1754977200000000000,5052,5056,5052,5056,1785,551522,551444
2025-08-12 13:41:00.000000000,1754977260000000000,5056,5058,5054,5055,1795,551444,551722
2025-08-12 13:42:00.000000000,1754977320000000000,5055,5057,5053,5055,2389,551722,551531
2025-08-12 13:43:00.000000000,1754977380000000000,5055,5056,5053,5055,1950,551531,551530
2025-08-12 13:44:00.000000000,1754977440000000000,5055,5060,5055,5058,3387,551530,551883
2025-08-12 13:45:00.000000000,1754977500000000000,5058,5065,5058,5063,5766,551883,551426
2025-08-12 13:46:00.000000000,1754977560000000000,5063,5067,5062,5063,4815,551426,551923
2025-08-12 13:47:00.000000000,1754977620000000000,5063,5065,5062,5062,1617,551923,551805
2025-08-12 13:48:00.000000000,1754977680000000000,5062,5063,5057,5058,2949,551805,551388
2025-08-12 13:49:00.000000000,1754977740000000000,5058,5059,5052,5054,3445,551388,551252
2025-08-12 13:50:00.000000000,1754977800000000000,5054,5056,5052,5055,2472,551252,550778
2025-08-12 13:51:00.000000000,1754977860000000000,5055,5058,5055,5057,1764,550778,550693
2025-08-12 13:52:00.000000000,1754977920000000000,5057,5058,5051,5052,2604,550693,550498
2025-08-12 13:53:00.000000000,1754977980000000000,5052,5054,5051,5053,2066,550498,550450
2025-08-12 13:54:00.000000000,1754978040000000000,5053,5055,5051,5055,1287,550450,550201
2025-08-12 13:55:00.000000000,1754978100000000000,5055,5055,5052,5054,1036,550201,550275
2025-08-12 13:56:00.000000000,1754978160000000000,5054,5059,5054,5058,2270,550275,550184
2025-08-12 13:57:00.000000000,1754978220000000000,5058,5059,5052,5053,2766,550184,550534
2025-08-12 13:58:00.000000000,1754978280000000000,5053,5056,5053,5055,1147,550534,550540
2025-08-12 13:59:00.000000000,1754978340000000000,5055,5056,5053,5055,1020,550540,550452
2025-08-12 14:00:00.000000000,1754978400000000000,5055,5060,5055,5059,2665,550452,550423
2025-08-12 14:01:00.000000000,1754978460000000000,5059,5062,5056,5057,2354,550423,550745
2025-08-12 14:02:00.000000000,1754978520000000000,5057,5057,5054,5055,1382,550745,550569
2025-08-12 14:03:00.000000000,1754978580000000000,5055,5056,5053,5054,1035,550569,550372
2025-08-12 14:04:00.000000000,1754978640000000000,5054,5055,5051,5054,1805,550372,550041
2025-08-12 14:05:00.000000000,1754978700000000000,5054,5058,5054,5057,1962,550041,549842
2025-08-12 14:06:00.000000000,1754978760000000000,5057,5058,5055,5058,803,549842,549785
2025-08-12 14:07:00.000000000,1754978820000000000,5058,5060,5056,5059,1637,549785,550258
2025-08-12 14:08:00.000000000,1754978880000000000,5059,5063,5059,5062,2553,550258,550382
2025-08-12 14:09:00.000000000,1754978940000000000,5062,5063,5060,5061,1958,550382,550538
2025-08-12 14:10:00.000000000,1754979000000000000,5061,5061,5059,5061,1357,550538,550269
2025-08-12 14:11:00.000000000,1754979060000000000,5061,5063,5060,5063,1188,550269,550189
2025-08-12 14:12:00.000000000,1754979120000000000,5063,5064,5059,5059,1448,550189,550337
2025-08-12 14:13:00.000000000,1754979180000000000,5059,5059,5055,5056,2071,550337,549821
2025-08-12 14:14:00.000000000,1754979240000000000,5056,5059,5056,5059,1045,549821,549899
2025-08-12 14:15:00.000000000,1754979300000000000,5059,5062,5058,5060,1831,549899,549890
2025-08-12 14:16:00.000000000,1754979360000000000,5060,5062,5059,5061,892,549890,549998
2025-08-12 14:17:00.000000000,1754979420000000000,5061,5062,5059,5061,803,549998,549863
2025-08-12 14:18:00.000000000,1754979480000000000,5061,5063,5060,5062,1153,549863,549544
2025-08-12 14:19:00.000000000,1754979540000000000,5062,5062,5059,5061,878,549544,549434
2025-08-12 14:20:00.000000000,1754979600000000000,5061,5066,5061,5065,3003,549434,549377
2025-08-12 14:21:00.000000000,1754979660000000000,5065,5068,5064,5067,3039,549377,549411
2025-08-12 14:22:00.000000000,1754979720000000000,5067,5067,5063,5065,1841,549411,549165
2025-08-12 14:23:00.000000000,1754979780000000000,5065,5066,5063,5065,1167,549165,548994
2025-08-12 14:24:00.000000000,1754979840000000000,5065,5068,5064,5065,2341,548994,548553
2025-08-12 14:25:00.000000000,1754979900000000000,5065,5070,5065,5069,2856,548553,548197
2025-08-12 14:26:00.000000000,1754979960000000000,5069,5071,5068,5068,3751,548197,548311
2025-08-12 14:27:00.000000000,1754980020000000000,5068,5072,5068,5070,3438,548311,547613
2025-08-12 14:28:00.000000000,1754980080000000000,5070,5074,5069,5071,4096,547613,546311
2025-08-12 14:29:00.000000000,1754980140000000000,5071,5074,5071,5073,3328,546311,545683
2025-08-12 14:30:00.000000000,1754980200000000000,5073,5074,5070,5073,2109,545683,545574
2025-08-12 14:31:00.000000000,1754980260000000000,5073,5077,5073,5074,4119,545574,545862
2025-08-12 14:32:00.000000000,1754980320000000000,5074,5076,5072,5075,2281,545862,545425
2025-08-12 14:33:00.000000000,1754980380000000000,5075,5076,5072,5072,2531,545425,545123
2025-08-12 14:34:00.000000000,1754980440000000000,5072,5073,5069,5071,2482,545123,545054
2025-08-12 14:35:00.000000000,1754980500000000000,5071,5073,5070,5072,2320,545054,544927
2025-08-12 14:36:00.000000000,1754980560000000000,5072,5074,5069,5070,2309,544927,544506
2025-08-12 14:37:00.000000000,1754980620000000000,5070,5073,5069,5070,1697,544506,544226
2025-08-12 14:38:00.000000000,1754980680000000000,5070,5071,5066,5067,1921,544226,544003
2025-08-12 14:39:00.000000000,1754980740000000000,5067,5067,5062,5063,4356,544003,542770
2025-08-12 14:40:00.000000000,1754980800000000000,5063,5064,5059,5060,4777,542770,541560
2025-08-12 14:41:00.000000000,1754980860000000000,5060,5063,5058,5059,3297,541560,541168
2025-08-12 14:42:00.000000000,1754980920000000000,5059,5059,5055,5058,6197,541168,539394
2025-08-12 14:43:00.000000000,1754980980000000000,5058,5060,5057,5059,3003,539394,540046
2025-08-12 14:44:00.000000000,1754981040000000000,5059,5060,5057,5059,2334,540046,539693
2025-08-12 14:45:00.000000000,1754981100000000000,5059,5059,5049,5049,5812,539693,538410
2025-08-12 14:46:00.000000000,1754981160000000000,5049,5049,5045,5046,5560,538410,537766
2025-08-12 14:47:00.000000000,1754981220000000000,5046,5051,5044,5051,2496,537766,537270
2025-08-12 14:48:00.000000000,1754981280000000000,5051,5051,5046,5047,2598,537270,537623
2025-08-12 14:49:00.000000000,1754981340000000000,5047,5048,5040,5043,5494,537623,536966
2025-08-12 14:50:00.000000000,1754981400000000000,5043,5043,5040,5043,4157,536966,536540
2025-08-12 14:51:00.000000000,1754981460000000000,5043,5045,5042,5044,2459,536540,536773
2025-08-12 14:52:00.000000000,1754981520000000000,5044,5046,5043,5045,1642,536773,536407
2025-08-12 14:53:00.000000000,1754981580000000000,5045,5048,5045,5047,1584,536407,536143
2025-08-12 14:54:00.000000000,1754981640000000000,5047,5049,5046,5049,1585,536143,535835
2025-08-12 14:55:00.000000000,1754981700000000000,5049,5049,5046,5047,1530,535835,535642
2025-08-12 14:56:00.000000000,1754981760000000000,5047,5050,5047,5047,1767,535642,535288
2025-08-12 14:57:00.000000000,1754981820000000000,5047,5049,5046,5049,1695,535288,534618
2025-08-12 14:58:00.000000000,1754981880000000000,5049,5049,5047,5048,3181,534618,533087
2025-08-12 14:59:00.000000000,1754981940000000000,5048,5049,5047,5047,2508,533087,531672
2025-08-12 21:00:00.000000000,1755003600000000000,5047,5047,5039,5044,11751,531672,531326
2025-08-12 21:01:00.000000000,1755003660000000000,5044,5046,5035,5035,9155,531326,530318
2025-08-12 21:02:00.000000000,1755003720000000000,5035,5038,5034,5037,7566,530318,531957
2025-08-12 21:03:00.000000000,1755003780000000000,5037,5043,5034,5042,6007,531957,531937
2025-08-12 21:04:00.000000000,1755003840000000000,5042,5045,5042,5044,5388,531937,532146
2025-08-12 21:05:00.000000000,1755003900000000000,5044,5045,5040,5041,3761,532146,531343
2025-08-12 21:06:00.000000000,1755003960000000000,5041,5046,5041,5041,4335,531343,530714
2025-08-12 21:07:00.000000000,1755004020000000000,5041,5043,5035,5037,4379,530714,530915
2025-08-12 21:08:00.000000000,1755004080000000000,5037,5040,5036,5040,2356,530915,530424
2025-08-12 21:09:00.000000000,1755004140000000000,5040,5041,5038,5040,1747,530424,530310
2025-08-12 21:10:00.000000000,1755004200000000000,5040,5041,5037,5041,3938,530310,528615
2025-08-12 21:11:00.000000000,1755004260000000000,5041,5043,5041,5041,2265,528615,527963
2025-08-12 21:12:00.000000000,1755004320000000000,5041,5042,5035,5038,2531,527963,527174
2025-08-12 21:13:00.000000000,1755004380000000000,5038,5040,5036,5040,1743,527174,526810
2025-08-12 21:14:00.000000000,1755004440000000000,5040,5040,5037,5038,2311,526810,526301
2025-08-12 21:15:00.000000000,1755004500000000000,5038,5040,5036,5039,1748,526301,525752
2025-08-12 21:16:00.000000000,1755004560000000000,5039,5043,5039,5042,2202,525752,525422
2025-08-12 21:17:00.000000000,1755004620000000000,5042,5045,5041,5044,2436,525422,525496
2025-08-12 21:18:00.000000000,1755004680000000000,5044,5045,5043,5044,1249,525496,525652
2025-08-12 21:19:00.000000000,1755004740000000000,5044,5045,5042,5042,2139,525652,526480
2025-08-12 21:20:00.000000000,1755004800000000000,5042,5042,5035,5039,4957,526480,525938
2025-08-12 21:21:00.000000000,1755004860000000000,5039,5041,5038,5040,1535,525938,525720
2025-08-12 21:22:00.000000000,1755004920000000000,5040,5042,5039,5042,2043,525720,525170
2025-08-12 21:23:00.000000000,1755004980000000000,5042,5045,5041,5045,2615,525170,524928
2025-08-12 21:24:00.000000000,1755005040000000000,5045,5047,5041,5042,3427,524928,525552
2025-08-12 21:25:00.000000000,1755005100000000000,5042,5043,5040,5042,2467,525552,525872
2025-08-12 21:26:00.000000000,1755005160000000000,5042,5046,5042,5045,1974,525872,525780
2025-08-12 21:27:00.000000000,1755005220000000000,5045,5046,5043,5044,2159,525780,525871
2025-08-12 21:28:00.000000000,1755005280000000000,5044,5048,5044,5046,2649,525871,525899
2025-08-12 21:29:00.000000000,1755005340000000000,5046,5048,5044,5044,1169,525899,525789
2025-08-12 21:30:00.000000000,1755005400000000000,5044,5046,5044,5046,1073,525789,525750
2025-08-12 21:31:00.000000000,1755005460000000000,5046,5047,5043,5043,1537,525750,525982
2025-08-12 21:32:00.000000000,1755005520000000000,5043,5045,5042,5045,1503,525982,525869
2025-08-12 21:33:00.000000000,1755005580000000000,5045,5047,5044,5045,1737,525869,525308
2025-08-12 21:34:00.000000000,1755005640000000000,5045,5048,5045,5046,1310,525308,525198
2025-08-12 21:35:00.000000000,1755005700000000000,5046,5048,5045,5047,1685,525198,525593
2025-08-12 21:36:00.000000000,1755005760000000000,5047,5048,5046,5047,771,525593,525617
2025-08-12 21:37:00.000000000,1755005820000000000,5047,5049,5044,5048,2815,525617,526655
2025-08-12 21:38:00.000000000,1755005880000000000,5048,5049,5045,5045,1785,526655,526333
2025-08-12 21:39:00.000000000,1755005940000000000,5045,5047,5044,5047,1057,526333,526449
2025-08-12 21:40:00.000000000,1755006000000000000,5047,5047,5042,5043,1504,526449,526532
2025-08-12 21:41:00.000000000,1755006060000000000,5043,5044,5041,5042,1457,526532,526429
2025-08-12 21:42:00.000000000,1755006120000000000,5042,5043,5040,5041,1612,526429,526149
2025-08-12 21:43:00.000000000,1755006180000000000,5041,5043,5041,5041,924,526149,526179
2025-08-12 21:44:00.000000000,1755006240000000000,5041,5043,5039,5042,1464,526179,526092
2025-08-12 21:45:00.000000000,1755006300000000000,5042,5043,5041,5043,1095,526092,525852
2025-08-12 21:46:00.000000000,1755006360000000000,5043,5044,5041,5043,1896,525852,525233
2025-08-12 21:47:00.000000000,1755006420000000000,5043,5043,5040,5041,861,525233,525247
2025-08-12 21:48:00.000000000,1755006480000000000,5041,5041,5038,5039,1919,525247,525156
2025-08-12 21:49:00.000000000,1755006540000000000,5039,5041,5038,5040,888,525156,524947
2025-08-12 21:50:00.000000000,1755006600000000000,5040,5040,5033,5034,4853,524947,525088
2025-08-12 21:51:00.000000000,1755006660000000000,5034,5036,5033,5035,2266,525088,524794
2025-08-12 21:52:00.000000000,1755006720000000000,5035,5035,5032,5032,1617,524794,524852
2025-08-12 21:53:00.000000000,1755006780000000000,5032,5033,5026,5029,5124,524852,524123
2025-08-12 21:54:00.000000000,1755006840000000000,5029,5032,5028,5029,1754,524123,524051
2025-08-12 21:55:00.000000000,1755006900000000000,5029,5030,5028,5029,1752,524051,523958
2025-08-12 21:56:00.000000000,1755006960000000000,5029,5030,5028,5030,1556,523958,524010
2025-08-12 21:57:00.000000000,1755007020000000000,5030,5031,5028,5029,2023,524010,524481
2025-08-12 21:58:00.000000000,1755007080000000000,5029,5030,5028,5029,1098,524481,524614
2025-08-12 21:59:00.000000000,1755007140000000000,5029,5029,5026,5027,2611,524614,524498
2025-08-12 22:00:00.000000000,1755007200000000000,5027,5029,5026,5029,1550,524498,524988
2025-08-12 22:01:00.000000000,1755007260000000000,5029,5030,5028,5029,1340,524988,525224
2025-08-12 22:02:00.000000000,1755007320000000000,5029,5029,5027,5029,1058,525224,525401
2025-08-12 22:03:00.000000000,1755007380000000000,5029,5029,5028,5028,393,525401,525366
2025-08-12 22:04:00.000000000,1755007440000000000,5028,5031,5028,5030,2668,525366,525138
2025-08-12 22:05:00.000000000,1755007500000000000,5030,5031,5029,5030,2663,525138,526100
2025-08-12 22:06:00.000000000,1755007560000000000,5030,5031,5028,5030,1603,526100,525817
2025-08-12 22:07:00.000000000,1755007620000000000,5030,5030,5024,5028,4145,525817,526195
2025-08-12 22:08:00.000000000,1755007680000000000,5028,5031,5028,5030,2087,526195,526592
2025-08-12 22:09:00.000000000,1755007740000000000,5030,5031,5026,5027,1453,526592,526389
2025-08-12 22:10:00.000000000,1755007800000000000,5027,5030,5026,5029,1072,526389,526129
2025-08-12 22:11:00.000000000,1755007860000000000,5029,5030,5027,5027,464,526129,526205
2025-08-12 22:12:00.000000000,1755007920000000000,5027,5027,5022,5024,4556,526205,525905
2025-08-12 22:13:00.000000000,1755007980000000000,5024,5024,5021,5023,3561,525905,525069
2025-08-12 22:14:00.000000000,1755008040000000000,5023,5026,5022,5025,1543,525069,524694
2025-08-12 22:15:00.000000000,1755008100000000000,5025,5029,5024,5028,1329,524694,524594
2025-08-12 22:16:00.000000000,1755008160000000000,5028,5030,5027,5030,1438,524594,524351
2025-08-12 22:17:00.000000000,1755008220000000000,5030,5030,5029,5030,948,524351,524123
2025-08-12 22:18:00.000000000,1755008280000000000,5030,5031,5029,5029,935,524123,523986
2025-08-12 22:19:00.000000000,1755008340000000000,5029,5032,5028,5029,1569,523986,523667
2025-08-12 22:20:00.000000000,1755008400000000000,5029,5030,5028,5028,727,523667,523822
2025-08-12 22:21:00.000000000,1755008460000000000,5028,5032,5028,5032,1015,523822,523585
2025-08-12 22:22:00.000000000,1755008520000000000,5032,5033,5031,5031,1086,523585,523394
2025-08-12 22:23:00.000000000,1755008580000000000,5031,5032,5029,5031,1217,523394,523534
2025-08-12 22:24:00.000000000,1755008640000000000,5031,5031,5029,5030,430,523534,523594
2025-08-12 22:25:00.000000000,1755008700000000000,5030,5030,5026,5026,1250,523594,523612
2025-08-12 22:26:00.000000000,1755008760000000000,5026,5028,5024,5027,1158,523612,523617
2025-08-12 22:27:00.000000000,1755008820000000000,5027,5029,5024,5025,1397,523617,523586
2025-08-12 22:28:00.000000000,1755008880000000000,5025,5026,5024,5025,839,523586,523678
2025-08-12 22:29:00.000000000,1755008940000000000,5025,5027,5024,5026,825,523678,523574
2025-08-12 22:30:00.000000000,1755009000000000000,5026,5029,5026,5027,1111,523574,523359
2025-08-12 22:31:00.000000000,1755009060000000000,5027,5028,5025,5026,950,523359,523417
2025-08-12 22:32:00.000000000,1755009120000000000,5026,5028,5026,5027,481,523417,523323
2025-08-12 22:33:00.000000000,1755009180000000000,5027,5027,5025,5027,605,523323,523471
2025-08-12 22:34:00.000000000,1755009240000000000,5027,5027,5025,5026,774,523471,523562
2025-08-12 22:35:00.000000000,1755009300000000000,5026,5028,5026,5027,575,523562,523389
2025-08-12 22:36:00.000000000,1755009360000000000,5027,5029,5026,5028,673,523389,523120
2025-08-12 22:37:00.000000000,1755009420000000000,5028,5029,5026,5027,537,523120,523108
2025-08-12 22:38:00.000000000,1755009480000000000,5027,5028,5026,5027,588,523108,523195
2025-08-12 22:39:00.000000000,1755009540000000000,5027,5030,5027,5029,1404,523195,523261
2025-08-12 22:40:00.000000000,1755009600000000000,5029,5029,5027,5028,519,523261,523220
2025-08-12 22:41:00.000000000,1755009660000000000,5028,5031,5028,5031,803,523220,523069
2025-08-12 22:42:00.000000000,1755009720000000000,5031,5032,5030,5032,1265,523069,522601
2025-08-12 22:43:00.000000000,1755009780000000000,5032,5032,5030,5031,768,522601,522495
2025-08-12 22:44:00.000000000,1755009840000000000,5031,5031,5029,5031,497,522495,522523
2025-08-12 22:45:00.000000000,1755009900000000000,5031,5031,5029,5030,430,522523,522462
2025-08-12 22:46:00.000000000,1755009960000000000,5030,5033,5030,5032,1214,522462,522187
2025-08-12 22:47:00.000000000,1755010020000000000,5032,5033,5031,5031,402,522187,522099
2025-08-12 22:48:00.000000000,1755010080000000000,5031,5032,5031,5031,542,522099,522105
2025-08-12 22:49:00.000000000,1755010140000000000,5031,5033,5030,5030,434,522105,521977
2025-08-12 22:50:00.000000000,1755010200000000000,5030,5032,5029,5031,631,521977,521721
2025-08-12 22:51:00.000000000,1755010260000000000,5031,5032,5030,5031,421,521721,521685
2025-08-12 22:52:00.000000000,1755010320000000000,5031,5031,5029,5030,208,521685,521654
2025-08-12 22:53:00.000000000,1755010380000000000,5030,5031,5029,5030,423,521654,521564
2025-08-12 22:54:00.000000000,1755010440000000000,5030,5032,5029,5032,644,521564,521296
2025-08-12 22:55:00.000000000,1755010500000000000,5032,5034,5031,5033,1299,521296,520895
2025-08-12 22:56:00.000000000,1755010560000000000,5033,5035,5033,5035,1043,520895,520482
2025-08-12 22:57:00.000000000,1755010620000000000,5035,5035,5033,5034,1593,520482,519919
2025-08-12 22:58:00.000000000,1755010680000000000,5034,5035,5033,5034,1592,519919,519536
2025-08-12 22:59:00.000000000,1755010740000000000,5034,5035,5031,5032,2035,519536,518422
2025-08-13 09:00:00.000000000,1755046800000000000,5033,5038,5032,5034,4963,518422,518543
2025-08-13 09:01:00.000000000,1755046860000000000,5034,5036,5033,5036,2202,518543,518822
2025-08-13 09:02:00.000000000,1755046920000000000,5036,5038,5034,5035,1542,518822,518545
2025-08-13 09:03:00.000000000,1755046980000000000,5035,5037,5034,5037,2169,518545,518877
2025-08-13 09:04:00.000000000,1755047040000000000,5037,5042,5037,5042,3206,518877,518851
2025-08-13 09:05:00.000000000,1755047100000000000,5042,5045,5040,5043,2954,518851,518598
2025-08-13 09:06:00.000000000,1755047160000000000,5043,5043,5041,5041,1816,518598,518211
2025-08-13 09:07:00.000000000,1755047220000000000,5041,5041,5039,5040,1063,518211,517971
2025-08-13 09:08:00.000000000,1755047280000000000,5040,5040,5037,5038,1291,517971,517789
2025-08-13 09:09:00.000000000,1755047340000000000,5038,5041,5037,5040,1197,517789,517885
2025-08-13 09:10:00.000000000,1755047400000000000,5040,5042,5038,5041,976,517885,517939
2025-08-13 09:11:00.000000000,1755047460000000000,5041,5042,5039,5040,1114,517939,517995
2025-08-13 09:12:00.000000000,1755047520000000000,5040,5042,5039,5039,1117,517995,517931
2025-08-13 09:13:00.000000000,1755047580000000000,5039,5041,5038,5040,1119,517931,517687
2025-08-13 09:14:00.000000000,1755047640000000000,5040,5041,5038,5040,827,517687,517576
2025-08-13 09:15:00.000000000,1755047700000000000,5040,5041,5036,5037,1604,517576,517256
2025-08-13 09:16:00.000000000,1755047760000000000,5037,5037,5033,5034,2118,517256,517173
2025-08-13 09:17:00.000000000,1755047820000000000,5034,5034,5030,5030,2143,517173,516587
2025-08-13 09:18:00.000000000,1755047880000000000,5030,5033,5030,5030,1228,516587,516446
2025-08-13 09:19:00.000000000,1755047940000000000,5030,5033,5029,5033,1525,516446,516258
2025-08-13 09:20:00.000000000,1755048000000000000,5033,5036,5031,5036,1788,516258,516242
2025-08-13 09:21:00.000000000,1755048060000000000,5036,5036,5032,5034,952,516242,516138
2025-08-13 09:22:00.000000000,1755048120000000000,5034,5034,5031,5033,1264,516138,516016
2025-08-13 09:23:00.000000000,1755048180000000000,5033,5033,5029,5033,1831,516016,516073
2025-08-13 09:24:00.000000000,1755048240000000000,5033,5034,5032,5032,1125,516073,516001
2025-08-13 09:25:00.000000000,1755048300000000000,5032,5034,5032,5034,1494,516001,515693
2025-08-13 09:26:00.000000000,1755048360000000000,5034,5035,5033,5034,586,515693,515631
2025-08-13 09:27:00.000000000,1755048420000000000,5034,5039,5034,5039,1518,515631,515267
2025-08-13 09:28:00.000000000,1755048480000000000,5039,5041,5038,5041,2166,515267,515299
2025-08-13 09:29:00.000000000,1755048540000000000,5041,5044,5040,5042,1746,515299,514826
2025-08-13 09:30:00.000000000,1755048600000000000,5042,5042,5040,5041,1143,514826,514743
2025-08-13 09:31:00.000000000,1755048660000000000,5041,5042,5038,5038,758,514743,514588
2025-08-13 09:32:00.000000000,1755048720000000000,5038,5041,5038,5041,511,514588,514511
2025-08-13 09:33:00.000000000,1755048780000000000,5041,5043,5041,5042,805,514511,514308
2025-08-13 09:34:00.000000000,1755048840000000000,5042,5047,5042,5046,3605,514308,513350
2025-08-13 09:35:00.000000000,1755048900000000000,5046,5047,5045,5045,977,513350,513247
2025-08-13 09:36:00.000000000,1755048960000000000,5045,5046,5043,5044,1664,513247,513445
2025-08-13 09:37:00.000000000,1755049020000000000,5044,5044,5042,5044,1091,513445,513180
2025-08-13 09:38:00.000000000,1755049080000000000,5044,5045,5041,5042,686,513180,513130
2025-08-13 09:39:00.000000000,1755049140000000000,5042,5045,5042,5044,604,513130,513080
2025-08-13 09:40:00.000000000,1755049200000000000,5044,5045,5043,5044,740,513080,512982
2025-08-13 09:41:00.000000000,1755049260000000000,5044,5045,5039,5040,1498,512982,513021
2025-08-13 09:42:00.000000000,1755049320000000000,5040,5042,5039,5041,969,513021,512884
2025-08-13 09:43:00.000000000,1755049380000000000,5041,5042,5040,5041,1353,512884,512760
2025-08-13 09:44:00.000000000,1755049440000000000,5041,5042,5040,5041,289,512760,512658
2025-08-13 09:45:00.000000000,1755049500000000000,5041,5043,5040,5042,1741,512658,512271
2025-08-13 09:46:00.000000000,1755049560000000000,5042,5045,5042,5043,1199,512271,512075
2025-08-13 09:47:00.000000000,1755049620000000000,5043,5043,5039,5043,1482,512075,512056
2025-08-13 09:48:00.000000000,1755049680000000000,5043,5044,5039,5039,1067,512056,511824
2025-08-13 09:49:00.000000000,1755049740000000000,5039,5040,5038,5040,736,511824,511782
2025-08-13 09:50:00.000000000,1755049800000000000,5040,5047,5039,5047,2805,511782,511682
2025-08-13 09:51:00.000000000,1755049860000000000,5047,5047,5045,5045,1040,511682,511475
2025-08-13 09:52:00.000000000,1755049920000000000,5045,5047,5045,5045,944,511475,511670
2025-08-13 09:53:00.000000000,1755049980000000000,5045,5047,5045,5046,1048,511670,511620
2025-08-13 09:54:00.000000000,1755050040000000000,5046,5047,5044,5045,713,511620,511703
2025-08-13 09:55:00.000000000,1755050100000000000,5045,5047,5043,5043,613,511703,511642
2025-08-13 09:56:00.000000000,1755050160000000000,5043,5047,5041,5046,1511,511642,511512
2025-08-13 09:57:00.000000000,1755050220000000000,5046,5046,5043,5044,836,511512,511744
2025-08-13 09:58:00.000000000,1755050280000000000,5044,5045,5043,5043,938,511744,511525
2025-08-13 09:59:00.000000000,1755050340000000000,5043,5045,5042,5043,432,511525,511484
2025-08-13 10:00:00.000000000,1755050400000000000,5043,5045,5040,5041,1962,511484,511317
2025-08-13 10:01:00.000000000,1755050460000000000,5041,5041,5039,5039,1060,511317,511262
2025-08-13 10:02:00.000000000,1755050520000000000,5039,5043,5039,5043,1151,511262,511238
2025-08-13 10:03:00.000000000,1755050580000000000,5043,5048,5043,5047,2700,511238,510751
2025-08-13 10:04:00.000000000,1755050640000000000,5047,5048,5045,5046,1299,510751,510649
2025-08-13 10:05:00.000000000,1755050700000000000,5046,5052,5046,5047,4452,510649,510757
2025-08-13 10:06:00.000000000,1755050760000000000,5047,5049,5046,5048,1328,510757,510698
2025-08-13 10:07:00.000000000,1755050820000000000,5048,5048,5046,5047,804,510698,510460
2025-08-13 10:08:00.000000000,1755050880000000000,5047,5048,5045,5045,1283,510460,510398
2025-08-13 10:09:00.000000000,1755050940000000000,5045,5045,5041,5045,1656,510398,510098
2025-08-13 10:10:00.000000000,1755051000000000000,5045,5047,5043,5045,1416,510098,510006
2025-08-13 10:11:00.000000000,1755051060000000000,5045,5045,5042,5042,858,510006,509977
2025-08-13 10:12:00.000000000,1755051120000000000,5042,5042,5040,5041,1252,509977,509809
2025-08-13 10:13:00.000000000,1755051180000000000,5041,5041,5039,5039,1203,509809,509521
2025-08-13 10:14:00.000000000,1755051240000000000,5039,5040,5037,5040,2859,509521,509274
2025-08-13 10:30:00.000000000,1755052200000000000,5041,5046,5040,5043,4191,509274,508640
2025-08-13 10:31:00.000000000,1755052260000000000,5043,5046,5043,5044,2047,508640,508286
2025-08-13 10:32:00.000000000,1755052320000000000,5044,5045,5043,5044,836,508286,508197
2025-08-13 10:33:00.000000000,1755052380000000000,5044,5044,5042,5044,829,508197,508080
2025-08-13 10:34:00.000000000,1755052440000000000,5044,5045,5041,5041,1879,508080,507807
2025-08-13 10:35:00.000000000,1755052500000000000,5041,5045,5041,5044,987,507807,507252
2025-08-13 10:36:00.000000000,1755052560000000000,5044,5046,5044,5044,1558,507252,506827
2025-08-13 10:37:00.000000000,1755052620000000000,5044,5045,5043,5043,1107,506827,506440
2025-08-13 10:38:00.000000000,1755052680000000000,5043,5045,5043,5044,553,506440,506505
2025-08-13 10:39:00.000000000,1755052740000000000,5044,5046,5043,5046,1140,506505,506405
2025-08-13 10:40:00.000000000,1755052800000000000,5046,5046,5044,5044,1126,506405,506240
2025-08-13 10:41:00.000000000,1755052860000000000,5044,5045,5043,5045,422,506240,506063
2025-08-13 10:42:00.000000000,1755052920000000000,5045,5046,5041,5042,1348,506063,505868
2025-08-13 10:43:00.000000000,1755052980000000000,5042,5043,5040,5043,1175,505868,505803
2025-08-13 10:44:00.000000000,1755053040000000000,5043,5043,5040,5041,715,505803,505644
2025-08-13 10:45:00.000000000,1755053100000000000,5041,5043,5040,5041,625,505644,505544
2025-08-13 10:46:00.000000000,1755053160000000000,5041,5041,5039,5039,1171,505544,505586
2025-08-13 10:47:00.000000000,1755053220000000000,5039,5043,5039,5039,1802,505586,505510
2025-08-13 10:48:00.000000000,1755053280000000000,5039,5040,5037,5037,1791,505510,505398
2025-08-13 10:49:00.000000000,1755053340000000000,5037,5037,5034,5034,2506,505398,505083
2025-08-13 10:50:00.000000000,1755053400000000000,5034,5037,5033,5037,1937,505083,505299
2025-08-13 10:51:00.000000000,1755053460000000000,5037,5037,5035,5037,881,505299,505102
2025-08-13 10:52:00.000000000,1755053520000000000,5037,5037,5032,5033,1351,505102,504644
2025-08-13 10:53:00.000000000,1755053580000000000,5033,5034,5031,5034,811,504644,504701
2025-08-13 10:54:00.000000000,1755053640000000000,5034,5035,5027,5029,2983,504701,504455
2025-08-13 10:55:00.000000000,1755053700000000000,5029,5030,5027,5028,2306,504455,504208
2025-08-13 10:56:00.000000000,1755053760000000000,5028,5030,5026,5030,2265,504208,504261
2025-08-13 10:57:00.000000000,1755053820000000000,5030,5032,5029,5031,1462,504261,504102
2025-08-13 10:58:00.000000000,1755053880000000000,5031,5031,5027,5028,1329,504102,504176
2025-08-13 10:59:00.000000000,1755053940000000000,5028,5029,5027,5029,1213,504176,504272
2025-08-13 11:00:00.000000000,1755054000000000000,5029,5030,5027,5030,950,504272,504509
2025-08-13 11:01:00.000000000,1755054060000000000,5030,5031,5028,5030,806,504509,504468
2025-08-13 11:02:00.000000000,1755054120000000000,5030,5031,5029,5031,712,504468,504592
2025-08-13 11:03:00.000000000,1755054180000000000,5031,5034,5031,5032,1936,504592,504160
2025-08-13 11:04:00.000000000,1755054240000000000,5032,5032,5030,5032,822,504160,503862
2025-08-13 11:05:00.000000000,1755054300000000000,5032,5032,5030,5031,1322,503862,503736
2025-08-13 11:06:00.000000000,1755054360000000000,5031,5035,5031,5034,1544,503736,503965
2025-08-13 11:07:00.000000000,1755054420000000000,5034,5036,5033,5036,1099,503965,503753
2025-08-13 11:08:00.000000000,1755054480000000000,5036,5038,5035,5037,1328,503753,503673
2025-08-13 11:09:00.000000000,1755054540000000000,5037,5037,5035,5037,1014,503673,503881
2025-08-13 11:10:00.000000000,1755054600000000000,5037,5043,5036,5043,3691,503881,503600
2025-08-13 11:11:00.000000000,1755054660000000000,5043,5044,5042,5044,2317,503600,503408
2025-08-13 11:12:00.000000000,1755054720000000000,5044,5044,5040,5040,2371,503408,503058
2025-08-13 11:13:00.000000000,1755054780000000000,5040,5042,5040,5042,1372,503058,502905
2025-08-13 11:14:00.000000000,1755054840000000000,5042,5044,5041,5043,1435,502905,502807
2025-08-13 11:15:00.000000000,1755054900000000000,5043,5049,5043,5049,3750,502807,502449
2025-08-13 11:16:00.000000000,1755054960000000000,5049,5050,5046,5046,1722,502449,502217
2025-08-13 11:17:00.000000000,1755055020000000000,5046,5047,5045,5045,779,502217,502091
2025-08-13 11:18:00.000000000,1755055080000000000,5045,5046,5042,5043,1495,502091,501733
2025-08-13 11:19:00.000000000,1755055140000000000,5043,5045,5043,5045,926,501733,501458
2025-08-13 11:20:00.000000000,1755055200000000000,5045,5045,5042,5043,748,501458,501425
2025-08-13 11:21:00.000000000,1755055260000000000,5043,5044,5042,5043,534,501425,501373
2025-08-13 11:22:00.000000000,1755055320000000000,5043,5047,5043,5047,1247,501373,501157
2025-08-13 11:23:00.000000000,1755055380000000000,5047,5049,5046,5047,1136,501157,501098
2025-08-13 11:24:00.000000000,1755055440000000000,5047,5047,5045,5045,761,501098,500810
2025-08-13 11:25:00.000000000,1755055500000000000,5045,5047,5045,5046,519,500810,500624
2025-08-13 11:26:00.000000000,1755055560000000000,5046,5048,5045,5047,1036,500624,500458
2025-08-13 11:27:00.000000000,1755055620000000000,5047,5047,5040,5042,1767,500458,499919
2025-08-13 11:28:00.000000000,1755055680000000000,5042,5044,5040,5043,1012,499919,499653
2025-08-13 11:29:00.000000000,1755055740000000000,5043,5046,5043,5046,1426,499653,499470
2025-08-13 13:30:00.000000000,1755063000000000000,5046,5047,5040,5045,3866,499470,499015
2025-08-13 13:31:00.000000000,1755063060000000000,5045,5046,5041,5043,2006,499015,498615
2025-08-13 13:32:00.000000000,1755063120000000000,5043,5044,5041,5041,1350,498615,497939
2025-08-13 13:33:00.000000000,1755063180000000000,5041,5042,5039,5041,799,497939,497798
2025-08-13 13:34:00.000000000,1755063240000000000,5041,5042,5039,5040,823,497798,497633
2025-08-13 13:35:00.000000000,1755063300000000000,5040,5042,5039,5040,890,497633,497487
2025-08-13 13:36:00.000000000,1755063360000000000,5040,5043,5040,5042,1504,497487,497190
2025-08-13 13:37:00.000000000,1755063420000000000,5042,5045,5041,5043,1472,497190,497266
2025-08-13 13:38:00.000000000,1755063480000000000,5043,5046,5043,5045,1211,497266,497112
2025-08-13 13:39:00.000000000,1755063540000000000,5045,5047,5044,5045,1594,497112,497009
2025-08-13 13:40:00.000000000,1755063600000000000,5045,5047,5044,5046,1344,497009,496983
2025-08-13 13:41:00.000000000,1755063660000000000,5046,5046,5042,5044,1684,496983,496767
2025-08-13 13:42:00.000000000,1755063720000000000,5044,5045,5041,5041,1866,496767,496906
2025-08-13 13:43:00.000000000,1755063780000000000,5041,5042,5039,5040,2402,496906,496582
2025-08-13 13:44:00.000000000,1755063840000000000,5040,5042,5039,5041,1027,496582,496389
2025-08-13 13:45:00.000000000,1755063900000000000,5041,5042,5040,5041,1158,496389,496317
2025-08-13 13:46:00.000000000,1755063960000000000,5041,5044,5040,5043,1340,496317,496238
2025-08-13 13:47:00.000000000,1755064020000000000,5043,5045,5043,5043,1359,496238,495710
2025-08-13 13:48:00.000000000,1755064080000000000,5043,5044,5041,5043,823,495710,495692
2025-08-13 13:49:00.000000000,1755064140000000000,5043,5045,5043,5043,1323,495692,495814
2025-08-13 13:50:00.000000000,1755064200000000000,5043,5044,5041,5043,932,495814,495654
2025-08-13 13:51:00.000000000,1755064260000000000,5043,5043,5040,5041,1108,495654,495543
2025-08-13 13:52:00.000000000,1755064320000000000,5041,5043,5041,5042,423,495543,495657
2025-08-13 13:53:00.000000000,1755064380000000000,5042,5044,5040,5043,1631,495657,495385
2025-08-13 13:54:00.000000000,1755064440000000000,5043,5044,5039,5040,2071,495385,495627
2025-08-13 13:55:00.000000000,1755064500000000000,5040,5042,5039,5042,1089,495627,495854
2025-08-13 13:56:00.000000000,1755064560000000000,5042,5044,5041,5043,1519,495854,495484
2025-08-13 13:57:00.000000000,1755064620000000000,5043,5044,5041,5043,1730,495484,495071
2025-08-13 13:58:00.000000000,1755064680000000000,5043,5045,5043,5043,1078,495071,495284
2025-08-13 13:59:00.000000000,1755064740000000000,5043,5044,5042,5044,594,495284,495225
2025-08-13 14:00:00.000000000,1755064800000000000,5044,5049,5044,5049,3805,495225,494999
2025-08-13 14:01:00.000000000,1755064860000000000,5049,5050,5047,5049,2275,494999,494674
2025-08-13 14:02:00.000000000,1755064920000000000,5049,5049,5047,5047,1157,494674,494806
2025-08-13 14:03:00.000000000,1755064980000000000,5047,5048,5046,5048,1704,494806,494791
2025-08-13 14:04:00.000000000,1755065040000000000,5048,5050,5046,5049,2160,494791,495016
2025-08-13 14:05:00.000000000,1755065100000000000,5049,5049,5045,5048,1404,495016,494926
2025-08-13 14:06:00.000000000,1755065160000000000,5048,5049,5046,5046,1820,494926,494781
2025-08-13 14:07:00.000000000,1755065220000000000,5046,5048,5045,5048,1387,494781,494994
2025-08-13 14:08:00.000000000,1755065280000000000,5048,5048,5044,5045,1569,494994,494608
2025-08-13 14:09:00.000000000,1755065340000000000,5045,5046,5038,5039,4262,494608,494477
2025-08-13 14:10:00.000000000,1755065400000000000,5039,5041,5036,5037,4380,494477,493901
2025-08-13 14:11:00.000000000,1755065460000000000,5037,5038,5030,5031,5260,493901,493932
2025-08-13 14:12:00.000000000,1755065520000000000,5031,5031,5027,5030,4624,493932,493531
2025-08-13 14:13:00.000000000,1755065580000000000,5030,5031,5026,5028,4038,493531,493801
2025-08-13 14:14:00.000000000,1755065640000000000,5028,5031,5028,5029,2520,493801,493748
2025-08-13 14:15:00.000000000,1755065700000000000,5029,5030,5027,5029,2961,493748,493526
2025-08-13 14:16:00.000000000,1755065760000000000,5029,5031,5027,5031,2847,493526,492693
2025-08-13 14:17:00.000000000,1755065820000000000,5031,5032,5027,5027,2497,492693,492942
2025-08-13 14:18:00.000000000,1755065880000000000,5027,5027,5020,5021,7837,492942,491160
2025-08-13 14:19:00.000000000,1755065940000000000,5021,5023,5019,5021,4440,491160,490593
2025-08-13 14:20:00.000000000,1755066000000000000,5021,5022,5018,5019,2995,490593,490765
2025-08-13 14:21:00.000000000,1755066060000000000,5019,5022,5018,5021,2793,490765,490331
2025-08-13 14:22:00.000000000,1755066120000000000,5021,5023,5020,5022,1728,490331,490379
2025-08-13 14:23:00.000000000,1755066180000000000,5022,5024,5021,5023,2381,490379,489651
2025-08-13 14:24:00.000000000,1755066240000000000,5023,5027,5023,5026,3465,489651,489044
2025-08-13 14:25:00.000000000,1755066300000000000,5026,5027,5024,5026,1646,489044,489014
2025-08-13 14:26:00.000000000,1755066360000000000,5026,5026,5022,5026,3335,489014,489103
2025-08-13 14:27:00.000000000,1755066420000000000,5026,5027,5021,5023,3297,489103,489468
2025-08-13 14:28:00.000000000,1755066480000000000,5023,5026,5021,5025,1872,489468,489281
2025-08-13 14:29:00.000000000,1755066540000000000,5025,5027,5024,5025,1973,489281,489031
2025-08-13 14:30:00.000000000,1755066600000000000,5025,5028,5025,5027,2203,489031,488719
2025-08-13 14:31:00.000000000,1755066660000000000,5027,5030,5027,5029,3311,488719,488764
2025-08-13 14:32:00.000000000,1755066720000000000,5029,5033,5027,5027,4378,488764,487740
2025-08-13 14:33:00.000000000,1755066780000000000,5027,5028,5023,5023,1913,487740,488150
2025-08-13 14:34:00.000000000,1755066840000000000,5023,5025,5021,5024,2305,488150,488126
2025-08-13 14:35:00.000000000,1755066900000000000,5024,5025,5023,5024,1303,488126,487856
2025-08-13 14:36:00.000000000,1755066960000000000,5024,5027,5021,5027,2777,487856,488217
2025-08-13 14:37:00.000000000,1755067020000000000,5027,5027,5023,5024,1233,488217,488033
2025-08-13 14:38:00.000000000,1755067080000000000,5024,5026,5023,5025,1584,488033,487860
2025-08-13 14:39:00.000000000,1755067140000000000,5025,5026,5024,5025,1305,487860,487241
2025-08-13 14:40:00.000000000,1755067200000000000,5025,5026,5024,5026,1695,487241,486384
2025-08-13 14:41:00.000000000,1755067260000000000,5026,5026,5023,5025,1533,486384,485907
2025-08-13 14:42:00.000000000,1755067320000000000,5025,5028,5024,5025,1515,485907,486044
2025-08-13 14:43:00.000000000,1755067380000000000,5025,5029,5025,5028,2865,486044,485593
2025-08-13 14:44:00.000000000,1755067440000000000,5028,5030,5027,5029,1727,485593,484844
2025-08-13 14:45:00.000000000,1755067500000000000,5029,5030,5027,5029,1567,484844,484485
2025-08-13 14:46:00.000000000,1755067560000000000,5029,5030,5025,5027,1529,484485,484142
2025-08-13 14:47:00.000000000,1755067620000000000,5027,5028,5026,5027,1278,484142,483876
2025-08-13 14:48:00.000000000,1755067680000000000,5027,5028,5026,5026,795,483876,483487
2025-08-13 14:49:00.000000000,1755067740000000000,5026,5027,5025,5026,1656,483487,483660
2025-08-13 14:50:00.000000000,1755067800000000000,5026,5029,5025,5028,1096,483660,483207
2025-08-13 14:51:00.000000000,1755067860000000000,5028,5029,5024,5024,1137,483207,482927
2025-08-13 14:52:00.000000000,1755067920000000000,5024,5025,5022,5023,1543,482927,482714
2025-08-13 14:53:00.000000000,1755067980000000000,5023,5026,5022,5024,1624,482714,482677
2025-08-13 14:54:00.000000000,1755068040000000000,5024,5025,5021,5022,1569,482677,482344
2025-08-13 14:55:00.000000000,1755068100000000000,5022,5023,5018,5021,3244,482344,481916
2025-08-13 14:56:00.000000000,1755068160000000000,5021,5023,5020,5021,1520,481916,481466
2025-08-13 14:57:00.000000000,1755068220000000000,5021,5021,5017,5018,2142,481466,481372
2025-08-13 14:58:00.000000000,1755068280000000000,5018,5018,5015,5016,4159,481372,479976
2025-08-13 14:59:00.000000000,1755068340000000000,5016,5018,5016,5016,3783,479976,478578
2025-08-13 21:00:00.000000000,1755090000000000000,5010,5011,4996,5006,22378,478578,478793
2025-08-13 21:01:00.000000000,1755090060000000000,5006,5008,5004,5006,5650,478793,478841
2025-08-13 21:02:00.000000000,1755090120000000000,5006,5012,5006,5012,4141,478841,478644
2025-08-13 21:03:00.000000000,1755090180000000000,5012,5014,5011,5011,4093,478644,478260
2025-08-13 21:04:00.000000000,1755090240000000000,5011,5011,5007,5008,2701,478260,478204
2025-08-13 21:05:00.000000000,1755090300000000000,5008,5011,5003,5004,4261,478204,478355
2025-08-13 21:06:00.000000000,1755090360000000000,5004,5006,4990,4993,10867,478355,477743
2025-08-13 21:07:00.000000000,1755090420000000000,4993,4997,4992,4996,4176,477743,477794
2025-08-13 21:08:00.000000000,1755090480000000000,4996,5001,4996,5000,3578,477794,477876
2025-08-13 21:09:00.000000000,1755090540000000000,5000,5001,4998,4999,3022,477876,478511
2025-08-13 21:10:00.000000000,1755090600000000000,4999,5003,4999,5002,2289,478511,478412
2025-08-13 21:11:00.000000000,1755090660000000000,5002,5003,5000,5002,1645,478412,478527
2025-08-13 21:12:00.000000000,1755090720000000000,5002,5003,4997,5003,3816,478527,478920
2025-08-13 21:13:00.000000000,1755090780000000000,5003,5003,4998,5001,1991,478920,478544
2025-08-13 21:14:00.000000000,1755090840000000000,5001,5003,4996,4997,2585,478544,478200
2025-08-13 21:15:00.000000000,1755090900000000000,4997,4999,4996,4997,2127,478200,478026
2025-08-13 21:16:00.000000000,1755090960000000000,4997,4999,4996,4999,1049,478026,478247
2025-08-13 21:17:00.000000000,1755091020000000000,4999,4999,4995,4998,2419,478247,478757
2025-08-13 21:18:00.000000000,1755091080000000000,4998,4998,4995,4997,1665,478757,478709
2025-08-13 21:19:00.000000000,1755091140000000000,4997,4999,4996,4999,837,478709,478725
2025-08-13 21:20:00.000000000,1755091200000000000,4999,5000,4997,4998,1638,478725,478503
2025-08-13 21:21:00.000000000,1755091260000000000,4998,4999,4992,4992,3082,478503,477623
2025-08-13 21:22:00.000000000,1755091320000000000,4992,4995,4992,4993,2384,477623,478421
2025-08-13 21:23:00.000000000,1755091380000000000,4993,4996,4992,4994,1289,478421,478593
2025-08-13 21:24:00.000000000,1755091440000000000,4994,4997,4992,4997,2389,478593,478079
2025-08-13 21:25:00.000000000,1755091500000000000,4997,5002,4996,4997,2970,478079,477571
2025-08-13 21:26:00.000000000,1755091560000000000,4997,4999,4996,4997,1662,477571,477436
2025-08-13 21:27:00.000000000,1755091620000000000,4997,5000,4996,4998,1276,477436,477321
2025-08-13 21:28:00.000000000,1755091680000000000,4998,4998,4996,4997,820,477321,477472
2025-08-13 21:29:00.000000000,1755091740000000000,4997,4997,4993,4994,1471,477472,477656
2025-08-13 21:30:00.000000000,1755091800000000000,4994,4996,4993,4995,1312,477656,477861
2025-08-13 21:31:00.000000000,1755091860000000000,4995,4995,4992,4993,1893,477861,478495
2025-08-13 21:32:00.000000000,1755091920000000000,4993,4994,4992,4994,1505,478495,478807
2025-08-13 21:33:00.000000000,1755091980000000000,4994,4995,4993,4995,1118,478807,478646
2025-08-13 21:34:00.000000000,1755092040000000000,4995,4997,4993,4995,1500,478646,478642
2025-08-13 21:35:00.000000000,1755092100000000000,4995,4997,4994,4996,714,478642,478688
2025-08-13 21:36:00.000000000,1755092160000000000,4996,4998,4996,4997,1522,478688,478850
2025-08-13 21:37:00.000000000,1755092220000000000,4997,4999,4995,4996,1252,478850,479014
2025-08-13 21:38:00.000000000,1755092280000000000,4996,4998,4995,4998,792,479014,478810
2025-08-13 21:39:00.000000000,1755092340000000000,4998,5000,4998,4998,1421,478810,478552
2025-08-13 21:40:00.000000000,1755092400000000000,4998,5000,4997,4999,849,478552,478504
2025-08-13 21:41:00.000000000,1755092460000000000,4999,4999,4998,4999,656,478504,478429
2025-08-13 21:42:00.000000000,1755092520000000000,4999,5000,4998,4998,411,478429,478322
2025-08-13 21:43:00.000000000,1755092580000000000,4998,4999,4996,4996,523,478322,478391
2025-08-13 21:44:00.000000000,1755092640000000000,4996,4998,4996,4998,545,478391,478219
2025-08-13 21:45:00.000000000,1755092700000000000,4998,5002,4997,5001,1552,478219,477967
2025-08-13 21:46:00.000000000,1755092760000000000,5001,5003,5000,5002,1573,477967,477986
2025-08-13 21:47:00.000000000,1755092820000000000,5002,5004,5002,5003,1423,477986,478117
2025-08-13 21:48:00.000000000,1755092880000000000,5003,5003,5000,5002,1303,478117,478253
2025-08-13 21:49:00.000000000,1755092940000000000,5002,5003,5001,5002,629,478253,478293
2025-08-13 21:50:00.000000000,1755093000000000000,5002,5003,5001,5001,912,478293,478391
2025-08-13 21:51:00.000000000,1755093060000000000,5001,5002,4996,4997,1790,478391,478390
2025-08-13 21:52:00.000000000,1755093120000000000,4997,4997,4995,4996,1216,478390,478432
2025-08-13 21:53:00.000000000,1755093180000000000,4996,4998,4996,4996,688,478432,478512
2025-08-13 21:54:00.000000000,1755093240000000000,4996,5001,4996,5001,2138,478512,478397
2025-08-13 21:55:00.000000000,1755093300000000000,5001,5003,5001,5002,1000,478397,478140
2025-08-13 21:56:00.000000000,1755093360000000000,5002,5002,5001,5002,436,478140,478051
2025-08-13 21:57:00.000000000,1755093420000000000,5002,5003,4998,4999,1744,478051,478093
2025-08-13 21:58:00.000000000,1755093480000000000,4999,5002,4997,5000,2418,478093,478118
2025-08-13 21:59:00.000000000,1755093540000000000,5000,5001,4999,4999,584,478118,477988
2025-08-13 22:00:00.000000000,1755093600000000000,4999,5000,4998,4999,704,477988,477982
2025-08-13 22:01:00.000000000,1755093660000000000,4999,4999,4997,4997,1270,477982,478027
2025-08-13 22:02:00.000000000,1755093720000000000,4997,4998,4996,4997,775,478027,478101
2025-08-13 22:03:00.000000000,1755093780000000000,4997,5001,4996,5000,1476,478101,477953
2025-08-13 22:04:00.000000000,1755093840000000000,5000,5000,4999,4999,202,477953,477948
2025-08-13 22:05:00.000000000,1755093900000000000,4999,5001,4999,5001,404,477948,477886
2025-08-13 22:06:00.000000000,1755093960000000000,5001,5002,5000,5001,813,477886,477762
2025-08-13 22:07:00.000000000,1755094020000000000,5001,5001,4999,5000,561,477762,477731
2025-08-13 22:08:00.000000000,1755094080000000000,5000,5001,4998,4999,1624,477731,477843
2025-08-13 22:09:00.000000000,1755094140000000000,4999,5000,4998,4999,325,477843,477902
2025-08-13 22:10:00.000000000,1755094200000000000,4999,5000,4998,5000,335,477902,477875
2025-08-13 22:11:00.000000000,1755094260000000000,5000,5002,4999,5000,1063,477875,477644
2025-08-13 22:12:00.000000000,1755094320000000000,5000,5001,4999,5000,434,477644,477525
2025-08-13 22:13:00.000000000,1755094380000000000,5000,5002,4999,5001,606,477525,477688
2025-08-13 22:14:00.000000000,1755094440000000000,5001,5002,4999,5000,835,477688,477252
2025-08-13 22:15:00.000000000,1755094500000000000,5000,5001,4999,5000,366,477252,477091
2025-08-13 22:16:00.000000000,1755094560000000000,5000,5000,4998,4999,452,477091,477012
2025-08-13 22:17:00.000000000,1755094620000000000,4999,5000,4997,4999,1405,477012,476801
2025-08-13 22:18:00.000000000,1755094680000000000,4999,5000,4997,4997,311,476801,476740
2025-08-13 22:19:00.000000000,1755094740000000000,4997,4998,4996,4997,1331,476740,476566
2025-08-13 22:20:00.000000000,1755094800000000000,4997,4998,4996,4996,815,476566,476798
2025-08-13 22:21:00.000000000,1755094860000000000,4996,4999,4996,4999,839,476798,476556
2025-08-13 22:22:00.000000000,1755094920000000000,4999,4999,4996,4997,414,476556,476503
2025-08-13 22:23:00.000000000,1755094980000000000,4997,4997,4995,4996,1308,476503,476426
2025-08-13 22:24:00.000000000,1755095040000000000,4996,4998,4995,4997,712,476426,476663
2025-08-13 22:25:00.000000000,1755095100000000000,4997,4999,4997,4998,403,476663,476635
2025-08-13 22:26:00.000000000,1755095160000000000,4998,5002,4998,5001,1192,476635,476258
2025-08-13 22:27:00.000000000,1755095220000000000,5001,5002,5000,5000,717,476258,476007
2025-08-13 22:28:00.000000000,1755095280000000000,5000,5001,5000,5001,594,476007,475928
2025-08-13 22:29:00.000000000,1755095340000000000,5001,5001,5000,5001,450,475928,475756
2025-08-13 22:30:00.000000000,1755095400000000000,5001,5001,4998,4998,675,475756,475736
2025-08-13 22:31:00.000000000,1755095460000000000,4998,4999,4997,4998,659,475736,475696
2025-08-13 22:32:00.000000000,1755095520000000000,4998,4998,4996,4997,802,475696,476061
2025-08-13 22:33:00.000000000,1755095580000000000,4997,5001,4996,5000,1003,476061,475900
2025-08-13 22:34:00.000000000,1755095640000000000,5000,5000,4998,4999,542,475900,475794
2025-08-13 22:35:00.000000000,1755095700000000000,4999,5001,4996,4996,1272,475794,475758
2025-08-13 22:36:00.000000000,1755095760000000000,4996,4997,4995,4996,1739,475758,476181
2025-08-13 22:37:00.000000000,1755095820000000000,4996,4996,4993,4993,1155,476181,475956
2025-08-13 22:38:00.000000000,1755095880000000000,4993,4995,4993,4994,1380,475956,476166
2025-08-13 22:39:00.000000000,1755095940000000000,4994,4998,4994,4997,850,476166,475966
2025-08-13 22:40:00.000000000,1755096000000000000,4997,5004,4997,5002,3842,475966,475270
2025-08-13 22:41:00.000000000,1755096060000000000,5002,5004,5001,5002,1819,475270,475012
2025-08-13 22:42:00.000000000,1755096120000000000,5002,5004,5001,5002,1000,475012,474788
2025-08-13 22:43:00.000000000,1755096180000000000,5002,5003,5001,5002,778,474788,474398
2025-08-13 22:44:00.000000000,1755096240000000000,5002,5002,4996,4997,1682,474398,474429
2025-08-13 22:45:00.000000000,1755096300000000000,4997,4999,4996,4999,628,474429,474521
2025-08-13 22:46:00.000000000,1755096360000000000,4999,4999,4996,4996,774,474521,474831
2025-08-13 22:47:00.000000000,1755096420000000000,4996,4998,4996,4998,785,474831,475047
2025-08-13 22:48:00.000000000,1755096480000000000,4998,4998,4997,4998,449,475047,474893
2025-08-13 22:49:00.000000000,1755096540000000000,4998,4999,4996,4998,556,474893,474822
2025-08-13 22:50:00.000000000,1755096600000000000,4998,4998,4997,4998,425,474822,474630
2025-08-13 22:51:00.000000000,1755096660000000000,4998,4999,4997,4998,259,474630,474523
2025-08-13 22:52:00.000000000,1755096720000000000,4998,5002,4998,5002,1502,474523,474128
2025-08-13 22:53:00.000000000,1755096780000000000,5002,5003,4999,5000,380,474128,473981
2025-08-13 22:54:00.000000000,1755096840000000000,5000,5000,4998,4999,272,473981,473844
2025-08-13 22:55:00.000000000,1755096900000000000,4999,5000,4998,4999,298,473844,473741
2025-08-13 22:56:00.000000000,1755096960000000000,4999,5000,4997,5000,553,473741,473565
2025-08-13 22:57:00.000000000,1755097020000000000,5000,5001,4999,5001,932,473565,473193
2025-08-13 22:58:00.000000000,1755097080000000000,5001,5001,4999,5000,1492,473193,472293
2025-08-13 22:59:00.000000000,1755097140000000000,5000,5000,4997,4999,1772,472293,471412
2025-08-14 09:00:00.000000000,1755133200000000000,4998,5009,4998,5002,6993,471412,470745
2025-08-14 09:01:00.000000000,1755133260000000000,5002,5003,4999,5000,1875,470745,470955
2025-08-14 09:02:00.000000000,1755133320000000000,5000,5003,4999,5002,1709,470955,471175
2025-08-14 09:03:00.000000000,1755133380000000000,5002,5004,5000,5003,1688,471175,471292
2025-08-14 09:04:00.000000000,1755133440000000000,5003,5005,5001,5002,1332,471292,471146
2025-08-14 09:05:00.000000000,1755133500000000000,5002,5005,5001,5003,1235,471146,471312
2025-08-14 09:06:00.000000000,1755133560000000000,5003,5005,5002,5005,1469,471312,471018
2025-08-14 09:07:00.000000000,1755133620000000000,5005,5006,5003,5004,1449,471018,470992
2025-08-14 09:08:00.000000000,1755133680000000000,5004,5006,5002,5005,2077,470992,471049
2025-08-14 09:09:00.000000000,1755133740000000000,5005,5011,5004,5009,2003,471049,470796
2025-08-14 09:10:00.000000000,1755133800000000000,5009,5011,5009,5009,1854,470796,470648
2025-08-14 09:11:00.000000000,1755133860000000000,5009,5012,5009,5011,1184,470648,470717
2025-08-14 09:12:00.000000000,1755133920000000000,5011,5012,5009,5011,1071,470717,470670
2025-08-14 09:13:00.000000000,1755133980000000000,5011,5011,5009,5010,623,470670,470624
2025-08-14 09:14:00.000000000,1755134040000000000,5010,5011,5008,5008,1217,470624,470619
2025-08-14 09:15:00.000000000,1755134100000000000,5008,5010,5007,5007,1002,470619,470518
2025-08-14 09:16:00.000000000,1755134160000000000,5007,5011,5007,5009,1491,470518,470068
2025-08-14 09:17:00.000000000,1755134220000000000,5009,5010,5008,5008,631,470068,470025
2025-08-14 09:18:00.000000000,1755134280000000000,5008,5008,5005,5006,2112,470025,469785
2025-08-14 09:19:00.000000000,1755134340000000000,5006,5007,5004,5006,1344,469785,469771
2025-08-14 09:20:00.000000000,1755134400000000000,5006,5008,5006,5007,1314,469771,469478
2025-08-14 09:21:00.000000000,1755134460000000000,5007,5009,5006,5006,1090,469478,469679
2025-08-14 09:22:00.000000000,1755134520000000000,5006,5007,5003,5006,1175,469679,469732
2025-08-14 09:23:00.000000000,1755134580000000000,5006,5008,5004,5006,836,469732,469473
2025-08-14 09:24:00.000000000,1755134640000000000,5006,5007,5005,5006,188,469473,469488
2025-08-14 09:25:00.000000000,1755134700000000000,5006,5010,5005,5008,954,469488,469310
2025-08-14 09:26:00.000000000,1755134760000000000,5008,5010,5008,5009,478,469310,469312
2025-08-14 09:27:00.000000000,1755134820000000000,5009,5010,5007,5008,1583,469312,469355
2025-08-14 09:28:00.000000000,1755134880000000000,5008,5008,5005,5007,2032,469355,468959
2025-08-14 09:29:00.000000000,1755134940000000000,5007,5009,5007,5007,622,468959,468903
2025-08-14 09:30:00.000000000,1755135000000000000,5007,5008,5005,5005,619,468903,468955
2025-08-14 09:31:00.000000000,1755135060000000000,5005,5010,5005,5007,2143,468955,468807
2025-08-14 09:32:00.000000000,1755135120000000000,5007,5009,5006,5007,733,468807,468693
2025-08-14 09:33:00.000000000,1755135180000000000,5007,5009,5006,5008,425,468693,468545
2025-08-14 09:34:00.000000000,1755135240000000000,5008,5009,5007,5008,361,468545,468538
2025-08-14 09:35:00.000000000,1755135300000000000,5008,5009,5006,5007,1094,468538,468633
2025-08-14 09:36:00.000000000,1755135360000000000,5007,5007,5005,5006,599,468633,468637
2025-08-14 09:37:00.000000000,1755135420000000000,5006,5008,5005,5007,654,468637,468424
2025-08-14 09:38:00.000000000,1755135480000000000,5007,5007,5004,5005,1319,468424,468588
2025-08-14 09:39:00.000000000,1755135540000000000,5005,5005,5003,5004,826,468588,468516
2025-08-14 09:40:00.000000000,1755135600000000000,5004,5005,5003,5005,963,468516,468547
2025-08-14 09:41:00.000000000,1755135660000000000,5005,5005,5002,5003,1502,468547,468412
2025-08-14 09:42:00.000000000,1755135720000000000,5003,5008,5003,5007,1840,468412,468218
2025-08-14 09:43:00.000000000,1755135780000000000,5007,5011,5007,5009,1682,468218,468019
2025-08-14 09:44:00.000000000,1755135840000000000,5009,5009,5006,5008,510,468019,467935
2025-08-14 09:45:00.000000000,1755135900000000000,5008,5008,5005,5006,1525,467935,467987
2025-08-14 09:46:00.000000000,1755135960000000000,5006,5006,5004,5005,816,467987,467893
2025-08-14 09:47:00.000000000,1755136020000000000,5005,5005,5000,5002,2314,467893,467820
2025-08-14 09:48:00.000000000,1755136080000000000,5002,5005,5002,5004,983,467820,467661
2025-08-14 09:49:00.000000000,1755136140000000000,5004,5005,5003,5004,508,467661,467472
2025-08-14 09:50:00.000000000,1755136200000000000,5004,5005,5001,5001,885,467472,467104
2025-08-14 09:51:00.000000000,1755136260000000000,5001,5002,4998,4998,2419,467104,467380
2025-08-14 09:52:00.000000000,1755136320000000000,4998,4998,4996,4997,1830,467380,467669
2025-08-14 09:53:00.000000000,1755136380000000000,4997,5001,4997,4999,1601,467669,467146
2025-08-14 09:54:00.000000000,1755136440000000000,4999,5002,4998,5001,1514,467146,466570
2025-08-14 09:55:00.000000000,1755136500000000000,5001,5003,4999,5002,2116,466570,466069
2025-08-14 09:56:00.000000000,1755136560000000000,5002,5003,5000,5001,341,466069,466108
2025-08-14 09:57:00.000000000,1755136620000000000,5001,5001,4997,4998,968,466108,466207
2025-08-14 09:58:00.000000000,1755136680000000000,4998,4999,4996,4997,1027,466207,466436
2025-08-14 09:59:00.000000000,1755136740000000000,4997,4998,4995,4996,2469,466436,466057
2025-08-14 10:00:00.000000000,1755136800000000000,4996,4999,4994,4998,1519,466057,466275
2025-08-14 10:01:00.000000000,1755136860000000000,4998,5000,4998,4999,830,466275,465994
2025-08-14 10:02:00.000000000,1755136920000000000,4999,5000,4997,4997,1017,465994,465523
2025-08-14 10:03:00.000000000,1755136980000000000,4997,5001,4997,5000,1342,465523,465383
2025-08-14 10:04:00.000000000,1755137040000000000,5000,5005,5000,5004,2146,465383,465223
2025-08-14 10:05:00.000000000,1755137100000000000,5004,5004,5003,5003,796,465223,465028
2025-08-14 10:06:00.000000000,1755137160000000000,5003,5007,5002,5007,1759,465028,464864
2025-08-14 10:07:00.000000000,1755137220000000000,5007,5010,5007,5008,1501,464864,464249
2025-08-14 10:08:00.000000000,1755137280000000000,5008,5008,5006,5007,1512,464249,464186
2025-08-14 10:09:00.000000000,1755137340000000000,5007,5010,5006,5007,1033,464186,463942
2025-08-14 10:10:00.000000000,1755137400000000000,5007,5008,5005,5008,966,463942,463718
2025-08-14 10:11:00.000000000,1755137460000000000,5008,5011,5008,5011,1635,463718,463455
2025-08-14 10:12:00.000000000,1755137520000000000,5011,5011,5008,5008,935,463455,463178
2025-08-14 10:13:00.000000000,1755137580000000000,5008,5009,5006,5007,881,463178,463006
2025-08-14 10:14:00.000000000,1755137640000000000,5007,5008,5004,5005,1638,463006,462667
2025-08-14 10:30:00.000000000,1755138600000000000,5007,5008,5005,5005,1681,462667,462810
2025-08-14 10:31:00.000000000,1755138660000000000,5005,5006,4997,4998,2924,462810,462581
2025-08-14 10:32:00.000000000,1755138720000000000,4998,4998,4994,4996,3511,462581,463034
2025-08-14 10:33:00.000000000,1755138780000000000,4996,4997,4994,4996,2308,463034,463266
2025-08-14 10:34:00.000000000,1755138840000000000,4996,4999,4995,4995,2021,463266,463687
2025-08-14 10:35:00.000000000,1755138900000000000,4995,4996,4993,4996,2595,463687,464209
2025-08-14 10:36:00.000000000,1755138960000000000,4996,4996,4991,4994,2018,464209,464372
2025-08-14 10:37:00.000000000,1755139020000000000,4994,4995,4991,4992,1555,464372,464779
2025-08-14 10:38:00.000000000,1755139080000000000,4992,4992,4985,4988,6914,464779,465189
2025-08-14 10:39:00.000000000,1755139140000000000,4988,4991,4988,4989,1918,465189,464841
2025-08-14 10:40:00.000000000,1755139200000000000,4989,4990,4987,4988,1954,464841,465040
2025-08-14 10:41:00.000000000,1755139260000000000,4988,4989,4985,4986,2781,465040,464998
2025-08-14 10:42:00.000000000,1755139320000000000,4986,4986,4983,4986,2853,464998,464830
2025-08-14 10:43:00.000000000,1755139380000000000,4986,4987,4984,4985,1837,464830,464848
2025-08-14 10:44:00.000000000,1755139440000000000,4985,4985,4979,4982,6245,464848,464857
2025-08-14 10:45:00.000000000,1755139500000000000,4982,4986,4981,4986,2894,464857,464438
2025-08-14 10:46:00.000000000,1755139560000000000,4986,4986,4984,4985,3738,464438,462716
2025-08-14 10:47:00.000000000,1755139620000000000,4985,4985,4981,4982,2206,462716,463130
2025-08-14 10:48:00.000000000,1755139680000000000,4982,4984,4980,4982,1790,463130,462998
2025-08-14 10:49:00.000000000,1755139740000000000,4982,4982,4979,4982,5243,462998,461520
2025-08-14 10:50:00.000000000,1755139800000000000,4982,4983,4980,4983,4585,461520,459800
2025-08-14 10:51:00.000000000,1755139860000000000,4983,4984,4981,4982,1220,459800,459797
2025-08-14 10:52:00.000000000,1755139920000000000,4982,4985,4982,4984,3039,459797,458624
2025-08-14 10:53:00.000000000,1755139980000000000,4984,4986,4983,4984,2393,458624,458410
2025-08-14 10:54:00.000000000,1755140040000000000,4984,4985,4983,4983,1724,458410,458073
2025-08-14 10:55:00.000000000,1755140100000000000,4983,4984,4981,4983,1493,458073,457794
2025-08-14 10:56:00.000000000,1755140160000000000,4983,4985,4981,4982,2786,457794,457747
2025-08-14 10:57:00.000000000,1755140220000000000,4982,4983,4980,4981,2033,457747,457477
2025-08-14 10:58:00.000000000,1755140280000000000,4981,4982,4977,4977,3077,457477,457675
2025-08-14 10:59:00.000000000,1755140340000000000,4977,4980,4977,4980,1817,457675,457273
2025-08-14 11:00:00.000000000,1755140400000000000,4980,4982,4978,4982,2013,457273,457046
2025-08-14 11:01:00.000000000,1755140460000000000,4982,4983,4980,4980,2325,457046,456822
2025-08-14 11:02:00.000000000,1755140520000000000,4980,4983,4980,4982,1621,456822,456238
2025-08-14 11:03:00.000000000,1755140580000000000,4982,4986,4982,4985,2646,456238,455468
2025-08-14 11:04:00.000000000,1755140640000000000,4985,4988,4985,4986,2426,455468,454477
2025-08-14 11:05:00.000000000,1755140700000000000,4986,4986,4984,4985,1146,454477,454113
2025-08-14 11:06:00.000000000,1755140760000000000,4985,4988,4983,4984,4881,454113,452990
2025-08-14 11:07:00.000000000,1755140820000000000,4984,4987,4982,4986,2898,452990,453283
2025-08-14 11:08:00.000000000,1755140880000000000,4986,4987,4983,4984,1841,453283,453316
2025-08-14 11:09:00.000000000,1755140940000000000,4984,4986,4983,4986,2092,453316,453405
2025-08-14 11:10:00.000000000,1755141000000000000,4986,4988,4985,4985,2463,453405,452970
2025-08-14 11:11:00.000000000,1755141060000000000,4985,4985,4983,4984,1490,452970,452629
2025-08-14 11:12:00.000000000,1755141120000000000,4984,4985,4981,4983,3547,452629,451009
2025-08-14 11:13:00.000000000,1755141180000000000,4983,4983,4979,4981,2021,451009,450589
2025-08-14 11:14:00.000000000,1755141240000000000,4981,4983,4980,4982,2516,450589,449706
2025-08-14 11:15:00.000000000,1755141300000000000,4982,4984,4979,4979,2504,449706,449167
2025-08-14 11:16:00.000000000,1755141360000000000,4979,4980,4975,4978,3322,449167,449024
2025-08-14 11:17:00.000000000,1755141420000000000,4978,4980,4977,4980,1721,449024,448614
2025-08-14 11:18:00.000000000,1755141480000000000,4980,4980,4978,4979,1891,448614,448317
2025-08-14 11:19:00.000000000,1755141540000000000,4979,4979,4976,4979,1988,448317,448092
2025-08-14 11:20:00.000000000,1755141600000000000,4979,4979,4976,4976,1632,448092,447724
2025-08-14 11:21:00.000000000,1755141660000000000,4976,4978,4975,4977,4494,447724,446119
2025-08-14 11:22:00.000000000,1755141720000000000,4977,4978,4972,4973,3854,446119,446341
2025-08-14 11:23:00.000000000,1755141780000000000,4973,4976,4973,4975,1954,446341,446121
2025-08-14 11:24:00.000000000,1755141840000000000,4975,4975,4970,4973,2861,446121,445645
2025-08-14 11:25:00.000000000,1755141900000000000,4973,4976,4970,4972,2996,445645,445041
2025-08-14 11:26:00.000000000,1755141960000000000,4972,4973,4968,4973,4955,445041,444561
2025-08-14 11:27:00.000000000,1755142020000000000,4973,4973,4970,4971,2041,444561,444569
2025-08-14 11:28:00.000000000,1755142080000000000,4971,4972,4970,4971,2495,444569,444175
2025-08-14 11:29:00.000000000,1755142140000000000,4971,4971,4967,4969,2673,444175,443704
2025-08-14 13:30:00.000000000,1755149400000000000,4961,4967,4957,4960,17190,443704,443786
2025-08-14 13:31:00.000000000,1755149460000000000,4960,4961,4956,4958,8141,443786,442719
2025-08-14 13:32:00.000000000,1755149520000000000,4958,4962,4957,4959,3781,442719,442496
2025-08-14 13:33:00.000000000,1755149580000000000,4959,4964,4958,4963,3644,442496,442272
2025-08-14 13:34:00.000000000,1755149640000000000,4963,4963,4960,4961,2344,442272,441852
2025-08-14 13:35:00.000000000,1755149700000000000,4961,4965,4960,4965,3399,441852,441114
2025-08-14 13:36:00.000000000,1755149760000000000,4965,4967,4964,4965,2079,441114,441098
2025-08-14 13:37:00.000000000,1755149820000000000,4965,4967,4964,4965,3172,441098,440868
2025-08-14 13:38:00.000000000,1755149880000000000,4965,4966,4963,4963,2081,440868,440885
2025-08-14 13:39:00.000000000,1755149940000000000,4963,4965,4963,4965,3521,440885,439815
2025-08-14 13:40:00.000000000,1755150000000000000,4965,4966,4964,4965,3505,439815,438997
2025-08-14 13:41:00.000000000,1755150060000000000,4965,4965,4963,4964,3963,438997,437073
2025-08-14 13:42:00.000000000,1755150120000000000,4964,4965,4959,4961,3021,437073,436832
2025-08-14 13:43:00.000000000,1755150180000000000,4961,4963,4960,4962,734,436832,436789
2025-08-14 13:44:00.000000000,1755150240000000000,4962,4966,4962,4966,1786,436789,436335
2025-08-14 13:45:00.000000000,1755150300000000000,4966,4966,4961,4962,1452,436335,436405
2025-08-14 13:46:00.000000000,1755150360000000000,4962,4963,4960,4962,1330,436405,436310
2025-08-14 13:47:00.000000000,1755150420000000000,4962,4962,4960,4960,1618,436310,436096
2025-08-14 13:48:00.000000000,1755150480000000000,4960,4962,4959,4960,2560,436096,435103
2025-08-14 13:49:00.000000000,1755150540000000000,4960,4964,4960,4963,1471,435103,434860
2025-08-14 13:50:00.000000000,1755150600000000000,4963,4963,4956,4956,3078,434860,434757
2025-08-14 13:51:00.000000000,1755150660000000000,4956,4959,4956,4958,1940,434757,434467
2025-08-14 13:52:00.000000000,1755150720000000000,4958,4960,4957,4960,1176,434467,434318
2025-08-14 13:53:00.000000000,1755150780000000000,4960,4965,4958,4965,2754,434318,433634
2025-08-14 13:54:00.000000000,1755150840000000000,4965,4965,4963,4963,1630,433634,433215
2025-08-14 13:55:00.000000000,1755150900000000000,4963,4964,4960,4960,2196,433215,432036
2025-08-14 13:56:00.000000000,1755150960000000000,4960,4962,4959,4960,1357,432036,431830
2025-08-14 13:57:00.000000000,1755151020000000000,4960,4963,4956,4963,3397,431830,431410
2025-08-14 13:58:00.000000000,1755151080000000000,4963,4963,4961,4962,2763,431410,430355
2025-08-14 13:59:00.000000000,1755151140000000000,4962,4964,4961,4964,1390,430355,429955
2025-08-14 14:00:00.000000000,1755151200000000000,4964,4966,4963,4966,1501,429955,429626
2025-08-14 14:01:00.000000000,1755151260000000000,4966,4967,4963,4964,2174,429626,429382
2025-08-14 14:02:00.000000000,1755151320000000000,4964,4967,4963,4965,1247,429382,429337
2025-08-14 14:03:00.000000000,1755151380000000000,4965,4967,4965,4965,1311,429337,429163
2025-08-14 14:04:00.000000000,1755151440000000000,4965,4966,4964,4966,1266,429163,429197
2025-08-14 14:05:00.000000000,1755151500000000000,4966,4966,4962,4962,1339,429197,429127
2025-08-14 14:06:00.000000000,1755151560000000000,4962,4963,4960,4962,3693,429127,428901
2025-08-14 14:07:00.000000000,1755151620000000000,4962,4963,4959,4961,2161,428901,428761
2025-08-14 14:08:00.000000000,1755151680000000000,4961,4964,4959,4963,2019,428761,428542
2025-08-14 14:09:00.000000000,1755151740000000000,4963,4965,4962,4963,2407,428542,428308
2025-08-14 14:10:00.000000000,1755151800000000000,4963,4964,4961,4963,2250,428308,428111
2025-08-14 14:11:00.000000000,1755151860000000000,4963,4965,4962,4964,918,428111,428065
2025-08-14 14:12:00.000000000,1755151920000000000,4964,4965,4961,4963,800,428065,427887
2025-08-14 14:13:00.000000000,1755151980000000000,4963,4963,4961,4963,795,427887,427613
2025-08-14 14:14:00.000000000,1755152040000000000,4963,4964,4961,4962,2735,427613,426818
2025-08-14 14:15:00.000000000,1755152100000000000,4962,4965,4959,4965,3001,426818,426165
2025-08-14 14:16:00.000000000,1755152160000000000,4965,4967,4964,4965,1429,426165,426060
2025-08-14 14:17:00.000000000,1755152220000000000,4965,4968,4965,4965,1156,426060,425584
2025-08-14 14:18:00.000000000,1755152280000000000,4965,4967,4964,4964,951,425584,425674
2025-08-14 14:19:00.000000000,1755152340000000000,4964,4965,4963,4964,1057,425674,425695
2025-08-14 14:20:00.000000000,1755152400000000000,4964,4965,4963,4964,943,425695,425523
2025-08-14 14:21:00.000000000,1755152460000000000,4964,4965,4963,4964,642,425523,425423
2025-08-14 14:22:00.000000000,1755152520000000000,4964,4966,4963,4965,729,425423,425000
2025-08-14 14:23:00.000000000,1755152580000000000,4965,4968,4964,4967,1023,425000,424754
2025-08-14 14:24:00.000000000,1755152640000000000,4967,4972,4967,4972,3451,424754,423493
2025-08-14 14:25:00.000000000,1755152700000000000,4972,4976,4971,4975,4235,423493,421609
2025-08-14 14:26:00.000000000,1755152760000000000,4975,4976,4971,4972,2322,421609,420730
2025-08-14 14:27:00.000000000,1755152820000000000,4972,4975,4972,4975,1330,420730,420298
2025-08-14 14:28:00.000000000,1755152880000000000,4975,4975,4971,4971,1035,420298,420196
2025-08-14 14:29:00.000000000,1755152940000000000,4971,4972,4971,4972,680,420196,420070
2025-08-14 14:30:00.000000000,1755153000000000000,4972,4976,4971,4976,1692,420070,419817
2025-08-14 14:31:00.000000000,1755153060000000000,4976,4976,4973,4975,1281,419817,419573
2025-08-14 14:32:00.000000000,1755153120000000000,4975,4978,4974,4976,1226,419573,419080
2025-08-14 14:33:00.000000000,1755153180000000000,4976,4976,4974,4974,695,419080,418899
2025-08-14 14:34:00.000000000,1755153240000000000,4974,4974,4972,4973,958,418899,418880
2025-08-14 14:35:00.000000000,1755153300000000000,4973,4974,4972,4973,1476,418880,419181
2025-08-14 14:36:00.000000000,1755153360000000000,4973,4973,4968,4968,1690,419181,419024
2025-08-14 14:37:00.000000000,1755153420000000000,4968,4969,4966,4967,1667,419024,418707
2025-08-14 14:38:00.000000000,1755153480000000000,4967,4969,4967,4968,464,418707,418773
2025-08-14 14:39:00.000000000,1755153540000000000,4968,4969,4966,4967,770,418773,418790
2025-08-14 14:40:00.000000000,1755153600000000000,4967,4969,4966,4967,948,418790,418667
2025-08-14 14:41:00.000000000,1755153660000000000,4967,4969,4966,4967,937,418667,418929
2025-08-14 14:42:00.000000000,1755153720000000000,4967,4969,4966,4966,748,418929,418765
2025-08-14 14:43:00.000000000,1755153780000000000,4966,4968,4965,4968,703,418765,418640
2025-08-14 14:44:00.000000000,1755153840000000000,4968,4968,4966,4967,869,418640,418561
2025-08-14 14:45:00.000000000,1755153900000000000,4967,4967,4964,4966,1594,418561,418440
2025-08-14 14:46:00.000000000,1755153960000000000,4966,4968,4965,4967,1359,418440,418063
2025-08-14 14:47:00.000000000,1755154020000000000,4967,4968,4965,4966,911,418063,418148
2025-08-14 14:48:00.000000000,1755154080000000000,4966,4968,4966,4968,647,418148,417837
2025-08-14 14:49:00.000000000,1755154140000000000,4968,4969,4966,4967,859,417837,417740
2025-08-14 14:50:00.000000000,1755154200000000000,4967,4970,4967,4969,1999,417740,416814
2025-08-14 14:51:00.000000000,1755154260000000000,4969,4972,4968,4970,1300,416814,416386
2025-08-14 14:52:00.000000000,1755154320000000000,4970,4971,4969,4969,569,416386,416312
2025-08-14 14:53:00.000000000,1755154380000000000,4969,4971,4969,4969,570,416312,416030
2025-08-14 14:54:00.000000000,1755154440000000000,4969,4971,4969,4971,717,416030,415816
2025-08-14 14:55:00.000000000,1755154500000000000,4971,4972,4969,4969,1401,415816,415247
2025-08-14 14:56:00.000000000,1755154560000000000,4969,4972,4968,4972,1697,415247,414651
2025-08-14 14:57:00.000000000,1755154620000000000,4972,4972,4970,4971,1759,414651,414171
2025-08-14 14:58:00.000000000,1755154680000000000,4971,4971,4969,4970,1953,414171,413595
2025-08-14 14:59:00.000000000,1755154740000000000,4970,4971,4969,4970,2110,413595,412456
2025-08-14 21:00:00.000000000,1755176400000000000,4973,4980,4969,4978,8486,412456,410613
2025-08-14 21:01:00.000000000,1755176460000000000,4978,4979,4973,4973,3850,410613,410979
2025-08-14 21:02:00.000000000,1755176520000000000,4973,4977,4972,4973,2775,410979,411436
2025-08-14 21:03:00.000000000,1755176580000000000,4973,4976,4973,4974,1387,411436,411525
2025-08-14 21:04:00.000000000,1755176640000000000,4974,4975,4972,4973,1667,411525,411937
2025-08-14 21:05:00.000000000,1755176700000000000,4973,4973,4970,4971,1931,411937,412467
2025-08-14 21:06:00.000000000,1755176760000000000,4971,4972,4967,4969,2596,412467,412837
2025-08-14 21:07:00.000000000,1755176820000000000,4969,4976,4969,4975,1878,412837,412778
2025-08-14 21:08:00.000000000,1755176880000000000,4975,4976,4973,4973,1538,412778,412282
2025-08-14 21:09:00.000000000,1755176940000000000,4973,4975,4973,4974,1040,412282,412081
2025-08-14 21:10:00.000000000,1755177000000000000,4974,4977,4974,4976,1992,412081,412036
2025-08-14 21:11:00.000000000,1755177060000000000,4976,4978,4976,4977,3550,412036,412252
2025-08-14 21:12:00.000000000,1755177120000000000,4977,4980,4977,4979,1313,412252,411925
2025-08-14 21:13:00.000000000,1755177180000000000,4979,4982,4978,4980,2781,411925,411858
2025-08-14 21:14:00.000000000,1755177240000000000,4980,4984,4980,4982,2258,411858,411384
2025-08-14 21:15:00.000000000,1755177300000000000,4982,4985,4981,4984,1436,411384,410991
2025-08-14 21:16:00.000000000,1755177360000000000,4984,4990,4984,4987,5779,410991,410945
2025-08-14 21:17:00.000000000,1755177420000000000,4987,4989,4985,4986,2506,410945,409997
2025-08-14 21:18:00.000000000,1755177480000000000,4986,4991,4986,4990,2507,409997,409604
2025-08-14 21:19:00.000000000,1755177540000000000,4990,4991,4988,4990,2469,409604,409083
2025-08-14 21:20:00.000000000,1755177600000000000,4990,4991,4987,4988,1650,409083,408696
2025-08-14 21:21:00.000000000,1755177660000000000,4988,4989,4987,4988,1423,408696,408216
2025-08-14 21:22:00.000000000,1755177720000000000,4988,4989,4986,4987,1240,408216,407855
2025-08-14 21:23:00.000000000,1755177780000000000,4987,4989,4985,4989,1922,407855,407728
2025-08-14 21:24:00.000000000,1755177840000000000,4989,4990,4987,4987,1317,407728,407422
2025-08-14 21:25:00.000000000,1755177900000000000,4987,4989,4986,4988,1089,407422,407446
2025-08-14 21:26:00.000000000,1755177960000000000,4988,4990,4987,4988,848,407446,407291
2025-08-14 21:27:00.000000000,1755178020000000000,4988,4990,4987,4988,615,407291,407173
2025-08-14 21:28:00.000000000,1755178080000000000,4988,4989,4986,4987,682,407173,407319
2025-08-14 21:29:00.000000000,1755178140000000000,4987,4988,4985,4986,1477,407319,407339
2025-08-14 21:30:00.000000000,1755178200000000000,4986,4986,4983,4984,1558,407339,407192
2025-08-14 21:31:00.000000000,1755178260000000000,4984,4986,4983,4986,667,407192,407110
2025-08-14 21:32:00.000000000,1755178320000000000,4986,4986,4982,4983,985,407110,406964
2025-08-14 21:33:00.000000000,1755178380000000000,4983,4984,4983,4984,593,406964,407053
2025-08-14 21:34:00.000000000,1755178440000000000,4984,4984,4982,4984,1021,407053,407038
2025-08-14 21:35:00.000000000,1755178500000000000,4984,4984,4983,4983,238,407038,407061
2025-08-14 21:36:00.000000000,1755178560000000000,4983,4986,4983,4986,1156,407061,406584
2025-08-14 21:37:00.000000000,1755178620000000000,4986,4989,4985,4989,1027,406584,406359
2025-08-14 21:38:00.000000000,1755178680000000000,4989,4990,4988,4989,1929,406359,405643
2025-08-14 21:39:00.000000000,1755178740000000000,4989,4990,4987,4987,2588,405643,405452
2025-08-14 21:40:00.000000000,1755178800000000000,4987,4990,4986,4989,933,405452,405302
2025-08-14 21:41:00.000000000,1755178860000000000,4989,4989,4988,4988,418,405302,405287
2025-08-14 21:42:00.000000000,1755178920000000000,4988,4989,4987,4987,310,405287,405300
2025-08-14 21:43:00.000000000,1755178980000000000,4987,4988,4986,4987,1370,405300,404848
2025-08-14 21:44:00.000000000,1755179040000000000,4987,4987,4984,4985,1876,404848,404795
2025-08-14 21:45:00.000000000,1755179100000000000,4985,4989,4985,4988,984,404795,404547
2025-08-14 21:46:00.000000000,1755179160000000000,4988,4988,4986,4986,453,404547,404505
2025-08-14 21:47:00.000000000,1755179220000000000,4986,4987,4985,4986,535,404505,404404
2025-08-14 21:48:00.000000000,1755179280000000000,4986,4988,4986,4987,251,404404,404320
2025-08-14 21:49:00.000000000,1755179340000000000,4987,4988,4986,4988,447,404320,404214
2025-08-14 21:50:00.000000000,1755179400000000000,4988,4989,4986,4988,975,404214,403884
2025-08-14 21:51:00.000000000,1755179460000000000,4988,4989,4986,4987,286,403884,403775
2025-08-14 21:52:00.000000000,1755179520000000000,4987,4988,4983,4985,1562,403775,403454
2025-08-14 21:53:00.000000000,1755179580000000000,4985,4985,4983,4985,931,403454,403252
2025-08-14 21:54:00.000000000,1755179640000000000,4985,4986,4984,4985,389,403252,403414
2025-08-14 21:55:00.000000000,1755179700000000000,4985,4986,4984,4986,782,403414,403448
2025-08-14 21:56:00.000000000,1755179760000000000,4986,4986,4982,4983,987,403448,403347
2025-08-14 21:57:00.000000000,1755179820000000000,4983,4983,4980,4982,2436,403347,403178
2025-08-14 21:58:00.000000000,1755179880000000000,4982,4983,4982,4982,509,403178,403077
2025-08-14 21:59:00.000000000,1755179940000000000,4982,4982,4980,4981,948,403077,403104
2025-08-14 22:00:00.000000000,1755180000000000000,4981,4985,4981,4984,1401,403104,402931
2025-08-14 22:01:00.000000000,1755180060000000000,4984,4987,4984,4987,1075,402931,402621
2025-08-14 22:02:00.000000000,1755180120000000000,4987,4988,4985,4985,721,402621,402585
2025-08-14 22:03:00.000000000,1755180180000000000,4985,4987,4985,4986,347,402585,402600
2025-08-14 22:04:00.000000000,1755180240000000000,4986,4987,4985,4986,519,402600,402659
2025-08-14 22:05:00.000000000,1755180300000000000,4986,4986,4983,4984,747,402659,402566
2025-08-14 22:06:00.000000000,1755180360000000000,4984,4986,4984,4985,395,402566,402582
2025-08-14 22:07:00.000000000,1755180420000000000,4985,4985,4983,4984,441,402582,402604
2025-08-14 22:08:00.000000000,1755180480000000000,4984,4986,4983,4985,515,402604,402453
2025-08-14 22:09:00.000000000,1755180540000000000,4985,4986,4983,4986,567,402453,402495
2025-08-14 22:10:00.000000000,1755180600000000000,4986,4986,4984,4986,362,402495,402445
2025-08-14 22:11:00.000000000,1755180660000000000,4986,4986,4984,4984,307,402445,402443
2025-08-14 22:12:00.000000000,1755180720000000000,4984,4984,4980,4983,956,402443,402469
2025-08-14 22:13:00.000000000,1755180780000000000,4983,4983,4981,4982,698,402469,402281
2025-08-14 22:14:00.000000000,1755180840000000000,4982,4984,4981,4982,425,402281,402249
2025-08-14 22:15:00.000000000,1755180900000000000,4982,4984,4982,4983,430,402249,402296
2025-08-14 22:16:00.000000000,1755180960000000000,4983,4985,4982,4984,324,402296,402183
2025-08-14 22:17:00.000000000,1755181020000000000,4984,4985,4983,4984,365,402183,401997
2025-08-14 22:18:00.000000000,1755181080000000000,4984,4984,4982,4983,835,401997,402006
2025-08-14 22:19:00.000000000,1755181140000000000,4983,4984,4983,4984,390,402006,401950
2025-08-14 22:20:00.000000000,1755181200000000000,4984,4984,4982,4983,1186,401950,401978
2025-08-14 22:21:00.000000000,1755181260000000000,4983,4983,4979,4980,1767,401978,402144
2025-08-14 22:22:00.000000000,1755181320000000000,4980,4980,4978,4978,639,402144,402168
2025-08-14 22:23:00.000000000,1755181380000000000,4978,4980,4978,4979,458,402168,402117
2025-08-14 22:24:00.000000000,1755181440000000000,4979,4979,4976,4977,1251,402117,401912
2025-08-14 22:25:00.000000000,1755181500000000000,4977,4980,4977,4980,1316,401912,401369
2025-08-14 22:26:00.000000000,1755181560000000000,4980,4981,4979,4980,583,401369,401379
2025-08-14 22:27:00.000000000,1755181620000000000,4980,4982,4978,4979,799,401379,401265
2025-08-14 22:28:00.000000000,1755181680000000000,4979,4980,4978,4979,535,401265,401235
2025-08-14 22:29:00.000000000,1755181740000000000,4979,4980,4979,4979,306,401235,401242
2025-08-14 22:30:00.000000000,1755181800000000000,4979,4981,4978,4981,820,401242,401195
2025-08-14 22:31:00.000000000,1755181860000000000,4981,4982,4980,4980,493,401195,401182
2025-08-14 22:32:00.000000000,1755181920000000000,4980,4981,4979,4980,1021,401182,400995
2025-08-14 22:33:00.000000000,1755181980000000000,4980,4981,4979,4979,383,400995,400738
2025-08-14 22:34:00.000000000,1755182040000000000,4979,4980,4978,4979,655,400738,400517
2025-08-14 22:35:00.000000000,1755182100000000000,4979,4979,4976,4977,585,400517,400403
2025-08-14 22:36:00.000000000,1755182160000000000,4977,4978,4976,4977,1013,400403,400353
2025-08-14 22:37:00.000000000,1755182220000000000,4977,4980,4977,4980,799,400353,400418
2025-08-14 22:38:00.000000000,1755182280000000000,4980,4980,4978,4980,542,400418,400307
2025-08-14 22:39:00.000000000,1755182340000000000,4980,4981,4979,4980,651,400307,399886
2025-08-14 22:40:00.000000000,1755182400000000000,4980,4980,4978,4979,477,399886,399818
2025-08-14 22:41:00.000000000,1755182460000000000,4979,4979,4977,4977,424,399818,399702
2025-08-14 22:42:00.000000000,1755182520000000000,4977,4980,4977,4980,273,399702,399595
2025-08-14 22:43:00.000000000,1755182580000000000,4980,4980,4979,4979,207,399595,399623
2025-08-14 22:44:00.000000000,1755182640000000000,4979,4981,4979,4981,423,399623,399514
2025-08-14 22:45:00.000000000,1755182700000000000,4981,4984,4979,4984,1073,399514,399010
2025-08-14 22:46:00.000000000,1755182760000000000,4984,4985,4983,4984,870,399010,398598
2025-08-14 22:47:00.000000000,1755182820000000000,4984,4985,4982,4983,842,398598,398579
2025-08-14 22:48:00.000000000,1755182880000000000,4983,4984,4982,4982,397,398579,398717
2025-08-14 22:49:00.000000000,1755182940000000000,4982,4983,4981,4983,471,398717,398526
2025-08-14 22:50:00.000000000,1755183000000000000,4983,4983,4981,4983,399,398526,398608
2025-08-14 22:51:00.000000000,1755183060000000000,4983,4983,4981,4982,286,398608,398684
2025-08-14 22:52:00.000000000,1755183120000000000,4982,4984,4981,4983,335,398684,398729
2025-08-14 22:53:00.000000000,1755183180000000000,4983,4984,4982,4983,190,398729,398658
2025-08-14 22:54:00.000000000,1755183240000000000,4983,4983,4982,4982,355,398658,398593
2025-08-14 22:55:00.000000000,1755183300000000000,4982,4982,4979,4979,618,398593,398522
2025-08-14 22:56:00.000000000,1755183360000000000,4979,4981,4979,4980,330,398522,398482
2025-08-14 22:57:00.000000000,1755183420000000000,4980,4982,4980,4982,362,398482,398362
2025-08-14 22:58:00.000000000,1755183480000000000,4982,4983,4981,4983,831,398362,397953
2025-08-14 22:59:00.000000000,1755183540000000000,4983,4984,4982,4983,1284,397953,397244
2025-08-15 09:00:00.000000000,1755219600000000000,4980,4980,4966,4969,9791,397244,397115
2025-08-15 09:01:00.000000000,1755219660000000000,4969,4973,4968,4970,2537,397115,397634
2025-08-15 09:02:00.000000000,1755219720000000000,4970,4972,4967,4971,2410,397634,397983
2025-08-15 09:03:00.000000000,1755219780000000000,4971,4971,4967,4968,1936,397983,398322
2025-08-15 09:04:00.000000000,1755219840000000000,4968,4970,4965,4967,2032,398322,398701
2025-08-15 09:05:00.000000000,1755219900000000000,4967,4968,4965,4966,1823,398701,398733
2025-08-15 09:06:00.000000000,1755219960000000000,4966,4968,4962,4967,2301,398733,398558
2025-08-15 09:07:00.000000000,1755220020000000000,4967,4970,4966,4968,1671,398558,398387
2025-08-15 09:08:00.000000000,1755220080000000000,4968,4969,4966,4966,857,398387,398288
2025-08-15 09:09:00.000000000,1755220140000000000,4966,4967,4964,4966,1524,398288,397859
2025-08-15 09:10:00.000000000,1755220200000000000,4966,4966,4962,4963,2178,397859,397931
2025-08-15 09:11:00.000000000,1755220260000000000,4963,4964,4957,4959,4526,397931,397173
2025-08-15 09:12:00.000000000,1755220320000000000,4959,4963,4959,4962,1368,397173,397187
2025-08-15 09:13:00.000000000,1755220380000000000,4962,4962,4959,4961,1230,397187,397504
2025-08-15 09:14:00.000000000,1755220440000000000,4961,4961,4957,4959,1486,397504,397932
2025-08-15 09:15:00.000000000,1755220500000000000,4959,4961,4957,4959,2549,397932,398327
2025-08-15 09:16:00.000000000,1755220560000000000,4959,4963,4958,4962,1229,398327,398036
2025-08-15 09:17:00.000000000,1755220620000000000,4962,4964,4962,4963,642,398036,398033
2025-08-15 09:18:00.000000000,1755220680000000000,4963,4964,4962,4962,785,398033,398032
2025-08-15 09:19:00.000000000,1755220740000000000,4962,4962,4960,4961,493,398032,398069
2025-08-15 09:20:00.000000000,1755220800000000000,4961,4963,4960,4962,644,398069,398070
2025-08-15 09:21:00.000000000,1755220860000000000,4962,4963,4960,4960,562,398070,398159
2025-08-15 09:22:00.000000000,1755220920000000000,4960,4961,4957,4959,1652,398159,398691
2025-08-15 09:23:00.000000000,1755220980000000000,4959,4961,4958,4960,972,398691,398738
2025-08-15 09:24:00.000000000,1755221040000000000,4960,4962,4960,4962,698,398738,398749
2025-08-15 09:25:00.000000000,1755221100000000000,4962,4962,4959,4960,710,398749,398904
2025-08-15 09:26:00.000000000,1755221160000000000,4960,4960,4957,4958,1279,398904,399257
2025-08-15 09:27:00.000000000,1755221220000000000,4958,4962,4957,4960,2035,399257,399076
2025-08-15 09:28:00.000000000,1755221280000000000,4960,4961,4954,4955,2414,399076,398934
2025-08-15 09:29:00.000000000,1755221340000000000,4955,4956,4953,4953,1367,398934,399356
2025-08-15 09:30:00.000000000,1755221400000000000,4953,4957,4953,4956,1498,399356,399438
2025-08-15 09:31:00.000000000,1755221460000000000,4956,4958,4955,4957,1531,399438,399074
2025-08-15 09:32:00.000000000,1755221520000000000,4957,4959,4956,4957,1163,399074,398966
2025-08-15 09:33:00.000000000,1755221580000000000,4957,4960,4957,4959,871,398966,398928
2025-08-15 09:34:00.000000000,1755221640000000000,4959,4963,4959,4962,1547,398928,398876
2025-08-15 09:35:00.000000000,1755221700000000000,4962,4962,4960,4962,821,398876,398907
2025-08-15 09:36:00.000000000,1755221760000000000,4962,4963,4958,4960,618,398907,398952
2025-08-15 09:37:00.000000000,1755221820000000000,4960,4961,4959,4959,311,398952,398989
2025-08-15 09:38:00.000000000,1755221880000000000,4959,4960,4958,4959,399,398989,399051
2025-08-15 09:39:00.000000000,1755221940000000000,4959,4960,4958,4958,557,399051,399090
2025-08-15 09:40:00.000000000,1755222000000000000,4958,4960,4957,4958,588,399090,398929
2025-08-15 09:41:00.000000000,1755222060000000000,4958,4958,4954,4955,1241,398929,398809
2025-08-15 09:42:00.000000000,1755222120000000000,4955,4955,4951,4953,1178,398809,398567
2025-08-15 09:43:00.000000000,1755222180000000000,4953,4954,4947,4949,5327,398567,397539
2025-08-15 09:44:00.000000000,1755222240000000000,4949,4952,4949,4952,1341,397539,396995
2025-08-15 09:45:00.000000000,1755222300000000000,4952,4954,4951,4954,626,396995,396928
2025-08-15 09:46:00.000000000,1755222360000000000,4954,4955,4953,4954,1000,396928,396686
2025-08-15 09:47:00.000000000,1755222420000000000,4954,4955,4951,4952,1051,396686,396708
2025-08-15 09:48:00.000000000,1755222480000000000,4952,4958,4952,4957,998,396708,396599
2025-08-15 09:49:00.000000000,1755222540000000000,4957,4959,4956,4958,740,396599,396485
2025-08-15 09:50:00.000000000,1755222600000000000,4958,4959,4955,4956,647,396485,396269
2025-08-15 09:51:00.000000000,1755222660000000000,4956,4959,4956,4958,791,396269,396244
2025-08-15 09:52:00.000000000,1755222720000000000,4958,4960,4957,4958,647,396244,396040
2025-08-15 09:53:00.000000000,1755222780000000000,4958,4959,4957,4959,413,396040,396007
2025-08-15 09:54:00.000000000,1755222840000000000,4959,4959,4957,4958,611,396007,395928
2025-08-15 09:55:00.000000000,1755222900000000000,4958,4960,4957,4958,280,395928,395916
2025-08-15 09:56:00.000000000,1755222960000000000,4958,4958,4956,4957,507,395916,395941
2025-08-15 09:57:00.000000000,1755223020000000000,4957,4959,4956,4958,465,395941,395972
2025-08-15 09:58:00.000000000,1755223080000000000,4958,4960,4956,4960,1043,395972,395806
2025-08-15 09:59:00.000000000,1755223140000000000,4960,4962,4958,4959,1346,395806,395566
2025-08-15 10:00:00.000000000,1755223200000000000,4959,4960,4956,4957,1505,395566,395464
2025-08-15 10:01:00.000000000,1755223260000000000,4957,4957,4954,4956,799,395464,395494
2025-08-15 10:02:00.000000000,1755223320000000000,4956,4957,4954,4955,586,395494,395524
2025-08-15 10:03:00.000000000,1755223380000000000,4955,4955,4948,4949,2464,395524,395637
2025-08-15 10:04:00.000000000,1755223440000000000,4949,4949,4946,4949,2396,395637,395947
2025-08-15 10:05:00.000000000,1755223500000000000,4949,4951,4948,4951,922,395947,395758
2025-08-15 10:06:00.000000000,1755223560000000000,4951,4951,4945,4946,1622,395758,395659
2025-08-15 10:07:00.000000000,1755223620000000000,4946,4949,4946,4949,952,395659,395540
2025-08-15 10:08:00.000000000,1755223680000000000,4949,4952,4946,4951,926,395540,395531
2025-08-15 10:09:00.000000000,1755223740000000000,4951,4953,4951,4953,685,395531,395375
2025-08-15 10:10:00.000000000,1755223800000000000,4953,4953,4951,4953,536,395375,395289
2025-08-15 10:11:00.000000000,1755223860000000000,4953,4959,4952,4959,1391,395289,394931
2025-08-15 10:12:00.000000000,1755223920000000000,4959,4963,4958,4961,4086,394931,394235
2025-08-15 10:13:00.000000000,1755223980000000000,4961,4963,4960,4962,1140,394235,393946
2025-08-15 10:14:00.000000000,1755224040000000000,4962,4964,4961,4962,1640,393946,393298
2025-08-15 10:30:00.000000000,1755225000000000000,4961,4961,4957,4957,4191,393298,393191
2025-08-15 10:31:00.000000000,1755225060000000000,4957,4957,4952,4956,2392,393191,393234
2025-08-15 10:32:00.000000000,1755225120000000000,4956,4956,4954,4955,857,393234,393067
2025-08-15 10:33:00.000000000,1755225180000000000,4955,4956,4954,4956,791,393067,393086
2025-08-15 10:34:00.000000000,1755225240000000000,4956,4956,4954,4955,371,393086,393168
2025-08-15 10:35:00.000000000,1755225300000000000,4955,4956,4952,4952,957,393168,393109
2025-08-15 10:36:00.000000000,1755225360000000000,4952,4956,4952,4956,779,393109,393100
2025-08-15 10:37:00.000000000,1755225420000000000,4956,4956,4955,4955,592,393100,393075
2025-08-15 10:38:00.000000000,1755225480000000000,4955,4956,4954,4956,428,393075,393116
2025-08-15 10:39:00.000000000,1755225540000000000,4956,4957,4955,4957,170,393116,393098
2025-08-15 10:40:00.000000000,1755225600000000000,4957,4957,4954,4954,707,393098,393335
2025-08-15 10:41:00.000000000,1755225660000000000,4954,4958,4954,4957,1298,393335,393480
2025-08-15 10:42:00.000000000,1755225720000000000,4957,4957,4953,4953,698,393480,393236
2025-08-15 10:43:00.000000000,1755225780000000000,4953,4954,4953,4954,484,393236,393197
2025-08-15 10:44:00.000000000,1755225840000000000,4954,4955,4952,4953,464,393197,393225
2025-08-15 10:45:00.000000000,1755225900000000000,4953,4956,4953,4955,401,393225,393097
2025-08-15 10:46:00.000000000,1755225960000000000,4955,4956,4954,4954,1098,393097,392703
2025-08-15 10:47:00.000000000,1755226020000000000,4954,4955,4952,4954,585,392703,392628
2025-08-15 10:48:00.000000000,1755226080000000000,4954,4956,4953,4954,542,392628,392622
2025-08-15 10:49:00.000000000,1755226140000000000,4954,4956,4952,4952,913,392622,392758
2025-08-15 10:50:00.000000000,1755226200000000000,4952,4953,4951,4952,1221,392758,393178
2025-08-15 10:51:00.000000000,1755226260000000000,4952,4952,4950,4952,879,393178,392984
2025-08-15 10:52:00.000000000,1755226320000000000,4952,4952,4948,4950,1349,392984,392954
2025-08-15 10:53:00.000000000,1755226380000000000,4950,4951,4948,4950,916,392954,392925
2025-08-15 10:54:00.000000000,1755226440000000000,4950,4951,4948,4949,711,392925,392897
2025-08-15 10:55:00.000000000,1755226500000000000,4949,4951,4949,4951,348,392897,392805
2025-08-15 10:56:00.000000000,1755226560000000000,4951,4951,4949,4950,1030,392805,392888
2025-08-15 10:57:00.000000000,1755226620000000000,4950,4952,4949,4950,666,392888,392992
2025-08-15 10:58:00.000000000,1755226680000000000,4950,4950,4948,4949,397,392992,393108
2025-08-15 10:59:00.000000000,1755226740000000000,4949,4949,4947,4948,1479,393108,393508
2025-08-15 11:00:00.000000000,1755226800000000000,4948,4950,4948,4949,1055,393508,393428
2025-08-15 11:01:00.000000000,1755226860000000000,4949,4952,4948,4951,662,393428,393497
2025-08-15 11:02:00.000000000,1755226920000000000,4951,4953,4950,4951,922,393497,393467
2025-08-15 11:03:00.000000000,1755226980000000000,4951,4952,4949,4950,875,393467,393433
2025-08-15 11:04:00.000000000,1755227040000000000,4950,4953,4950,4952,413,393433,393407
2025-08-15 11:05:00.000000000,1755227100000000000,4952,4955,4951,4953,1466,393407,392897
2025-08-15 11:06:00.000000000,1755227160000000000,4953,4955,4952,4953,1670,392897,392483
2025-08-15 11:07:00.000000000,1755227220000000000,4953,4954,4952,4952,281,392483,392283
2025-08-15 11:08:00.000000000,1755227280000000000,4952,4953,4949,4950,1576,392283,391942
2025-08-15 11:09:00.000000000,1755227340000000000,4950,4951,4949,4950,480,391942,391923
2025-08-15 11:10:00.000000000,1755227400000000000,4950,4952,4950,4951,691,391923,391879
2025-08-15 11:11:00.000000000,1755227460000000000,4951,4952,4950,4951,480,391879,391773
2025-08-15 11:12:00.000000000,1755227520000000000,4951,4952,4950,4952,979,391773,391601
2025-08-15 11:13:00.000000000,1755227580000000000,4952,4953,4950,4953,785,391601,391540
2025-08-15 11:14:00.000000000,1755227640000000000,4953,4955,4953,4953,753,391540,391355
2025-08-15 11:15:00.000000000,1755227700000000000,4953,4956,4952,4955,979,391355,391237
2025-08-15 11:16:00.000000000,1755227760000000000,4955,4955,4952,4953,750,391237,391269
2025-08-15 11:17:00.000000000,1755227820000000000,4953,4955,4952,4954,1570,391269,391610
2025-08-15 11:18:00.000000000,1755227880000000000,4954,4956,4953,4955,773,391610,391184
2025-08-15 11:19:00.000000000,1755227940000000000,4955,4956,4953,4953,503,391184,391069
2025-08-15 11:20:00.000000000,1755228000000000000,4953,4953,4949,4951,1787,391069,391477
2025-08-15 11:21:00.000000000,1755228060000000000,4951,4951,4947,4947,1435,391477,391205
2025-08-15 11:22:00.000000000,1755228120000000000,4947,4948,4945,4947,1845,391205,391128
2025-08-15 11:23:00.000000000,1755228180000000000,4947,4953,4945,4953,1745,391128,390601
2025-08-15 11:24:00.000000000,1755228240000000000,4953,4954,4950,4950,1441,390601,390139
2025-08-15 11:25:00.000000000,1755228300000000000,4950,4952,4949,4949,529,390139,389967
2025-08-15 11:26:00.000000000,1755228360000000000,4949,4951,4949,4950,414,389967,389836
2025-08-15 11:27:00.000000000,1755228420000000000,4950,4952,4949,4949,861,389836,389602
2025-08-15 11:28:00.000000000,1755228480000000000,4949,4950,4945,4950,1995,389602,389544
2025-08-15 11:29:00.000000000,1755228540000000000,4950,4951,4947,4948,1504,389544,389382
2025-08-15 13:30:00.000000000,1755235800000000000,4952,4960,4952,4958,6113,389382,387817
2025-08-15 13:31:00.000000000,1755235860000000000,4958,4959,4955,4957,1502,387817,387625
2025-08-15 13:32:00.000000000,1755235920000000000,4957,4957,4953,4953,1726,387625,387147
2025-08-15 13:33:00.000000000,1755235980000000000,4953,4954,4952,4953,816,387147,387121
2025-08-15 13:34:00.000000000,1755236040000000000,4953,4954,4951,4952,607,387121,387177
2025-08-15 13:35:00.000000000,1755236100000000000,4952,4952,4950,4951,649,387177,387343
2025-08-15 13:36:00.000000000,1755236160000000000,4951,4956,4951,4956,1765,387343,387078
2025-08-15 13:37:00.000000000,1755236220000000000,4956,4958,4954,4954,1731,387078,387352
2025-08-15 13:38:00.000000000,1755236280000000000,4954,4957,4954,4955,909,387352,387447
2025-08-15 13:39:00.000000000,1755236340000000000,4955,4956,4954,4955,757,387447,387425
2025-08-15 13:40:00.000000000,1755236400000000000,4955,4955,4952,4954,660,387425,387305
2025-08-15 13:41:00.000000000,1755236460000000000,4954,4955,4952,4953,701,387305,387479
2025-08-15 13:42:00.000000000,1755236520000000000,4953,4954,4951,4953,490,387479,387564
2025-08-15 13:43:00.000000000,1755236580000000000,4953,4955,4953,4954,511,387564,387475
2025-08-15 13:44:00.000000000,1755236640000000000,4954,4955,4953,4955,923,387475,387198
2025-08-15 13:45:00.000000000,1755236700000000000,4955,4955,4952,4953,975,387198,387432
2025-08-15 13:46:00.000000000,1755236760000000000,4953,4960,4953,4959,1342,387432,387194
2025-08-15 13:47:00.000000000,1755236820000000000,4959,4960,4958,4959,1525,387194,387101
2025-08-15 13:48:00.000000000,1755236880000000000,4959,4961,4959,4960,1526,387101,386537
2025-08-15 13:49:00.000000000,1755236940000000000,4960,4962,4960,4961,1105,386537,386302
2025-08-15 13:50:00.000000000,1755237000000000000,4961,4963,4960,4960,2565,386302,385999
2025-08-15 13:51:00.000000000,1755237060000000000,4960,4964,4959,4961,1441,385999,385919
2025-08-15 13:52:00.000000000,1755237120000000000,4961,4963,4961,4962,1577,385919,385154
2025-08-15 13:53:00.000000000,1755237180000000000,4962,4964,4961,4961,1172,385154,384862
2025-08-15 13:54:00.000000000,1755237240000000000,4961,4961,4958,4958,702,384862,384765
2025-08-15 13:55:00.000000000,1755237300000000000,4958,4960,4958,4959,623,384765,384918
2025-08-15 13:56:00.000000000,1755237360000000000,4959,4959,4955,4956,1284,384918,385261
2025-08-15 13:57:00.000000000,1755237420000000000,4956,4957,4954,4955,951,385261,385273
2025-08-15 13:58:00.000000000,1755237480000000000,4955,4956,4953,4956,1605,385273,385303
2025-08-15 13:59:00.000000000,1755237540000000000,4956,4958,4955,4956,1012,385303,385282
2025-08-15 14:00:00.000000000,1755237600000000000,4956,4957,4954,4955,525,385282,385311
2025-08-15 14:01:00.000000000,1755237660000000000,4955,4955,4953,4955,961,385311,385473
2025-08-15 14:02:00.000000000,1755237720000000000,4955,4956,4954,4955,443,385473,385362
2025-08-15 14:03:00.000000000,1755237780000000000,4955,4955,4953,4954,665,385362,385420
2025-08-15 14:04:00.000000000,1755237840000000000,4954,4954,4951,4952,1340,385420,385540
2025-08-15 14:05:00.000000000,1755237900000000000,4952,4952,4950,4951,546,385540,385767
2025-08-15 14:06:00.000000000,1755237960000000000,4951,4951,4948,4948,2100,385767,386093
2025-08-15 14:07:00.000000000,1755238020000000000,4948,4949,4947,4949,690,386093,386067
2025-08-15 14:08:00.000000000,1755238080000000000,4949,4951,4948,4949,1187,386067,386106
2025-08-15 14:09:00.000000000,1755238140000000000,4949,4949,4947,4948,1065,386106,386463
2025-08-15 14:10:00.000000000,1755238200000000000,4948,4949,4947,4949,894,386463,386610
2025-08-15 14:11:00.000000000,1755238260000000000,4949,4949,4944,4947,2155,386610,386615
2025-08-15 14:12:00.000000000,1755238320000000000,4947,4949,4947,4949,567,386615,386580
2025-08-15 14:13:00.000000000,1755238380000000000,4949,4949,4948,4948,662,386580,386592
2025-08-15 14:14:00.000000000,1755238440000000000,4948,4950,4948,4949,602,386592,386732
2025-08-15 14:15:00.000000000,1755238500000000000,4949,4949,4947,4948,741,386732,386872
2025-08-15 14:16:00.000000000,1755238560000000000,4948,4948,4945,4947,1198,386872,386976
2025-08-15 14:17:00.000000000,1755238620000000000,4947,4948,4946,4947,346,386976,386973
2025-08-15 14:18:00.000000000,1755238680000000000,4947,4948,4945,4947,1002,386973,386853
2025-08-15 14:19:00.000000000,1755238740000000000,4947,4947,4945,4946,737,386853,386763
2025-08-15 14:20:00.000000000,1755238800000000000,4946,4948,4946,4947,930,386763,386234
2025-08-15 14:21:00.000000000,1755238860000000000,4947,4948,4945,4946,479,386234,386339
2025-08-15 14:22:00.000000000,1755238920000000000,4946,4949,4946,4947,1172,386339,386247
2025-08-15 14:23:00.000000000,1755238980000000000,4947,4948,4946,4947,557,386247,386186
2025-08-15 14:24:00.000000000,1755239040000000000,4947,4947,4946,4946,672,386186,386201
2025-08-15 14:25:00.000000000,1755239100000000000,4946,4947,4944,4944,1938,386201,385957
2025-08-15 14:26:00.000000000,1755239160000000000,4944,4946,4942,4942,1751,385957,385833
2025-08-15 14:27:00.000000000,1755239220000000000,4942,4943,4938,4939,4694,385833,385571
2025-08-15 14:28:00.000000000,1755239280000000000,4939,4943,4939,4942,1338,385571,385333
2025-08-15 14:29:00.000000000,1755239340000000000,4942,4945,4942,4945,1834,385333,385172
2025-08-15 14:30:00.000000000,1755239400000000000,4945,4949,4943,4948,1623,385172,384975
2025-08-15 14:31:00.000000000,1755239460000000000,4948,4949,4945,4946,1049,384975,384939
2025-08-15 14:32:00.000000000,1755239520000000000,4946,4947,4945,4946,490,384939,384892
2025-08-15 14:33:00.000000000,1755239580000000000,4946,4948,4944,4944,966,384892,384817
2025-08-15 14:34:00.000000000,1755239640000000000,4944,4945,4944,4945,863,384817,384852
2025-08-15 14:35:00.000000000,1755239700000000000,4945,4948,4945,4945,1366,384852,384771
2025-08-15 14:36:00.000000000,1755239760000000000,4945,4948,4945,4948,821,384771,384822
2025-08-15 14:37:00.000000000,1755239820000000000,4948,4949,4947,4948,772,384822,384613
2025-08-15 14:38:00.000000000,1755239880000000000,4948,4949,4947,4947,510,384613,384433
2025-08-15 14:39:00.000000000,1755239940000000000,4947,4951,4947,4950,1940,384433,383885
2025-08-15 14:40:00.000000000,1755240000000000000,4950,4951,4949,4949,974,383885,383623
2025-08-15 14:41:00.000000000,1755240060000000000,4949,4952,4949,4951,464,383623,383543
2025-08-15 14:42:00.000000000,1755240120000000000,4951,4951,4948,4949,1315,383543,383456
2025-08-15 14:43:00.000000000,1755240180000000000,4949,4950,4948,4950,835,383456,383188
2025-08-15 14:44:00.000000000,1755240240000000000,4950,4952,4949,4950,2429,383188,382504
2025-08-15 14:45:00.000000000,1755240300000000000,4950,4951,4949,4949,1678,382504,382107
2025-08-15 14:46:00.000000000,1755240360000000000,4949,4952,4949,4952,2289,382107,381469
2025-08-15 14:47:00.000000000,1755240420000000000,4952,4954,4950,4950,1653,381469,380930
2025-08-15 14:48:00.000000000,1755240480000000000,4950,4951,4949,4950,704,380930,380699
2025-08-15 14:49:00.000000000,1755240540000000000,4950,4951,4949,4950,1121,380699,380456
2025-08-15 14:50:00.000000000,1755240600000000000,4950,4952,4949,4951,1606,380456,379752
2025-08-15 14:51:00.000000000,1755240660000000000,4951,4952,4950,4951,1722,379752,379185
2025-08-15 14:52:00.000000000,1755240720000000000,4951,4953,4951,4951,2044,379185,378242
2025-08-15 14:53:00.000000000,1755240780000000000,4951,4953,4950,4951,1529,378242,378097
2025-08-15 14:54:00.000000000,1755240840000000000,4951,4952,4950,4952,706,378097,377720
2025-08-15 14:55:00.000000000,1755240900000000000,4952,4954,4951,4954,1937,377720,376970
2025-08-15 14:56:00.000000000,1755240960000000000,4954,4955,4953,4954,1413,376970,376261
2025-08-15 14:57:00.000000000,1755241020000000000,4954,4955,4953,4955,988,376261,375709
2025-08-15 14:58:00.000000000,1755241080000000000,4955,4955,4952,4954,1196,375709,375320
2025-08-15 14:59:00.000000000,1755241140000000000,4954,4955,4953,4954,3585,375320,373492
2025-08-15 21:00:00.000000000,1755262800000000000,4959,4974,4954,4973,12852,373492,369109
2025-08-15 21:01:00.000000000,1755262860000000000,4973,4978,4971,4971,10355,369109,365967
2025-08-15 21:02:00.000000000,1755262920000000000,4971,4976,4970,4974,4794,365967,364334
2025-08-15 21:03:00.000000000,1755262980000000000,4974,4980,4972,4979,3775,364334,362731
2025-08-15 21:04:00.000000000,1755263040000000000,4979,4981,4976,4977,3271,362731,361584
2025-08-15 21:05:00.000000000,1755263100000000000,4977,4981,4973,4980,4125,361584,360117
2025-08-15 21:06:00.000000000,1755263160000000000,4980,4980,4975,4976,2235,360117,359231
2025-08-15 21:07:00.000000000,1755263220000000000,4976,4977,4971,4972,2294,359231,359212
2025-08-15 21:08:00.000000000,1755263280000000000,4972,4973,4970,4971,1254,359212,359003
2025-08-15 21:09:00.000000000,1755263340000000000,4971,4972,4967,4968,2337,359003,358833
2025-08-15 21:10:00.000000000,1755263400000000000,4968,4968,4964,4968,1518,358833,358762
2025-08-15 21:11:00.000000000,1755263460000000000,4968,4970,4966,4968,1226,358762,358650
2025-08-15 21:12:00.000000000,1755263520000000000,4968,4968,4966,4966,535,358650,358527
2025-08-15 21:13:00.000000000,1755263580000000000,4966,4967,4963,4965,1180,358527,358463
2025-08-15 21:14:00.000000000,1755263640000000000,4965,4966,4964,4964,740,358463,358303
2025-08-15 21:15:00.000000000,1755263700000000000,4964,4966,4963,4965,1102,358303,358189
2025-08-15 21:16:00.000000000,1755263760000000000,4965,4966,4964,4966,1389,358189,357870
2025-08-15 21:17:00.000000000,1755263820000000000,4966,4967,4965,4967,634,357870,357671
2025-08-15 21:18:00.000000000,1755263880000000000,4967,4967,4960,4961,2341,357671,357861
2025-08-15 21:19:00.000000000,1755263940000000000,4961,4963,4959,4959,945,357861,357621
2025-08-15 21:20:00.000000000,1755264000000000000,4959,4963,4959,4961,1065,357621,357246
2025-08-15 21:21:00.000000000,1755264060000000000,4961,4965,4961,4964,979,357246,356622
2025-08-15 21:22:00.000000000,1755264120000000000,4964,4967,4964,4966,710,356622,356428
2025-08-15 21:23:00.000000000,1755264180000000000,4966,4967,4965,4967,940,356428,356249
2025-08-15 21:24:00.000000000,1755264240000000000,4967,4967,4965,4967,389,356249,356112
2025-08-15 21:25:00.000000000,1755264300000000000,4967,4968,4966,4966,584,356112,355924
2025-08-15 21:26:00.000000000,1755264360000000000,4966,4969,4966,4968,994,355924,355753
2025-08-15 21:27:00.000000000,1755264420000000000,4968,4969,4966,4966,971,355753,355381
2025-08-15 21:28:00.000000000,1755264480000000000,4966,4967,4965,4967,244,355381,355378
2025-08-15 21:29:00.000000000,1755264540000000000,4967,4967,4966,4966,258,355378,355281
2025-08-15 21:30:00.000000000,1755264600000000000,4966,4967,4964,4965,529,355281,355162
2025-08-15 21:31:00.000000000,1755264660000000000,4965,4966,4964,4966,209,355162,355125
2025-08-15 21:32:00.000000000,1755264720000000000,4966,4969,4965,4969,1621,355125,354249
2025-08-15 21:33:00.000000000,1755264780000000000,4969,4969,4966,4966,898,354249,353885
2025-08-15 21:34:00.000000000,1755264840000000000,4966,4968,4965,4966,924,353885,353756
2025-08-15 21:35:00.000000000,1755264900000000000,4966,4967,4965,4966,648,353756,353400
2025-08-15 21:36:00.000000000,1755264960000000000,4966,4968,4966,4968,765,353400,353135
2025-08-15 21:37:00.000000000,1755265020000000000,4968,4968,4967,4967,740,353135,352917
2025-08-15 21:38:00.000000000,1755265080000000000,4967,4971,4967,4970,2143,352917,352249
2025-08-15 21:39:00.000000000,1755265140000000000,4970,4970,4968,4968,706,352249,352196
2025-08-15 21:40:00.000000000,1755265200000000000,4968,4970,4968,4968,966,352196,352152
2025-08-15 21:41:00.000000000,1755265260000000000,4968,4969,4966,4966,612,352152,352035
2025-08-15 21:42:00.000000000,1755265320000000000,4966,4966,4962,4963,1056,352035,351662
2025-08-15 21:43:00.000000000,1755265380000000000,4963,4963,4957,4959,1864,351662,351244
2025-08-15 21:44:00.000000000,1755265440000000000,4959,4962,4958,4961,680,351244,351240
2025-08-15 21:45:00.000000000,1755265500000000000,4961,4961,4958,4959,522,351240,351251
2025-08-15 21:46:00.000000000,1755265560000000000,4959,4960,4959,4959,246,351251,351282
2025-08-15 21:47:00.000000000,1755265620000000000,4959,4959,4958,4959,490,351282,351087
2025-08-15 21:48:00.000000000,1755265680000000000,4959,4959,4957,4957,414,351087,350964
2025-08-15 21:49:00.000000000,1755265740000000000,4957,4958,4954,4955,1982,350964,351364
2025-08-15 21:50:00.000000000,1755265800000000000,4955,4958,4955,4958,457,351364,351242
2025-08-15 21:51:00.000000000,1755265860000000000,4958,4958,4955,4957,706,351242,351084
2025-08-15 21:52:00.000000000,1755265920000000000,4957,4957,4955,4957,268,351084,351112
2025-08-15 21:53:00.000000000,1755265980000000000,4957,4957,4951,4954,1353,351112,351185
2025-08-15 21:54:00.000000000,1755266040000000000,4954,4955,4953,4954,379,351185,351151
2025-08-15 21:55:00.000000000,1755266100000000000,4954,4956,4954,4955,340,351151,351215
2025-08-15 21:56:00.000000000,1755266160000000000,4955,4955,4954,4955,506,351215,351397
2025-08-15 21:57:00.000000000,1755266220000000000,4955,4955,4953,4954,488,351397,351295
2025-08-15 21:58:00.000000000,1755266280000000000,4954,4956,4954,4955,523,351295,350944
2025-08-15 21:59:00.000000000,1755266340000000000,4955,4957,4955,4956,693,350944,351039
2025-08-15 22:00:00.000000000,1755266400000000000,4956,4958,4955,4958,364,351039,350918
2025-08-15 22:01:00.000000000,1755266460000000000,4958,4958,4956,4957,528,350918,350832
2025-08-15 22:02:00.000000000,1755266520000000000,4957,4959,4957,4958,325,350832,350682
2025-08-15 22:03:00.000000000,1755266580000000000,4958,4960,4957,4957,584,350682,350375
2025-08-15 22:04:00.000000000,1755266640000000000,4957,4959,4957,4959,974,350375,350396
2025-08-15 22:05:00.000000000,1755266700000000000,4959,4960,4958,4960,771,350396,350250
2025-08-15 22:06:00.000000000,1755266760000000000,4960,4962,4960,4960,405,350250,350093
2025-08-15 22:07:00.000000000,1755266820000000000,4960,4963,4960,4961,1162,350093,349664
2025-08-15 22:08:00.000000000,1755266880000000000,4961,4962,4960,4960,440,349664,349667
2025-08-15 22:09:00.000000000,1755266940000000000,4960,4962,4960,4961,482,349667,349548
2025-08-15 22:10:00.000000000,1755267000000000000,4961,4962,4960,4961,309,349548,349429
2025-08-15 22:11:00.000000000,1755267060000000000,4961,4962,4960,4962,366,349429,349502
2025-08-15 22:12:00.000000000,1755267120000000000,4962,4962,4960,4960,219,349502,349486
2025-08-15 22:13:00.000000000,1755267180000000000,4960,4964,4960,4962,714,349486,349395
2025-08-15 22:14:00.000000000,1755267240000000000,4962,4965,4962,4965,594,349395,348942
2025-08-15 22:15:00.000000000,1755267300000000000,4965,4965,4962,4962,1010,348942,348791
2025-08-15 22:16:00.000000000,1755267360000000000,4962,4966,4962,4966,947,348791,348578
2025-08-15 22:17:00.000000000,1755267420000000000,4966,4967,4965,4966,895,348578,348422
2025-08-15 22:18:00.000000000,1755267480000000000,4966,4967,4965,4966,590,348422,348218
2025-08-15 22:19:00.000000000,1755267540000000000,4966,4966,4965,4966,347,348218,348043
2025-08-15 22:20:00.000000000,1755267600000000000,4966,4966,4964,4965,2007,348043,346955
2025-08-15 22:21:00.000000000,1755267660000000000,4965,4965,4963,4963,2061,346955,346466
2025-08-15 22:22:00.000000000,1755267720000000000,4963,4965,4963,4965,492,346466,346247
2025-08-15 22:23:00.000000000,1755267780000000000,4965,4967,4964,4965,630,346247,345989
2025-08-15 22:24:00.000000000,1755267840000000000,4965,4967,4965,4966,334,345989,345799
2025-08-15 22:25:00.000000000,1755267900000000000,4966,4966,4964,4964,312,345799,345638
2025-08-15 22:26:00.000000000,1755267960000000000,4964,4965,4963,4963,688,345638,345292
2025-08-15 22:27:00.000000000,1755268020000000000,4963,4965,4963,4965,234,345292,345233
2025-08-15 22:28:00.000000000,1755268080000000000,4965,4966,4964,4966,428,345233,344894
2025-08-15 22:29:00.000000000,1755268140000000000,4966,4968,4965,4968,529,344894,344977
2025-08-15 22:30:00.000000000,1755268200000000000,4968,4968,4965,4966,374,344977,344884
2025-08-15 22:31:00.000000000,1755268260000000000,4966,4967,4966,4967,922,344884,344162
2025-08-15 22:32:00.000000000,1755268320000000000,4967,4967,4966,4967,542,344162,343911
2025-08-15 22:33:00.000000000,1755268380000000000,4967,4967,4966,4967,720,343911,343616
2025-08-15 22:34:00.000000000,1755268440000000000,4967,4968,4967,4968,1348,343616,342604
2025-08-15 22:35:00.000000000,1755268500000000000,4968,4969,4967,4968,794,342604,342147
2025-08-15 22:36:00.000000000,1755268560000000000,4968,4970,4967,4967,878,342147,341812
2025-08-15 22:37:00.000000000,1755268620000000000,4967,4973,4967,4971,1904,341812,341771
2025-08-15 22:38:00.000000000,1755268680000000000,4971,4973,4971,4972,486,341771,341744
2025-08-15 22:39:00.000000000,1755268740000000000,4972,4972,4970,4971,415,341744,341652
2025-08-15 22:40:00.000000000,1755268800000000000,4971,4971,4969,4970,1101,341652,341141
2025-08-15 22:41:00.000000000,1755268860000000000,4970,4970,4966,4968,2530,341141,340359
2025-08-15 22:42:00.000000000,1755268920000000000,4968,4968,4966,4967,235,340359,340272
2025-08-15 22:43:00.000000000,1755268980000000000,4967,4973,4967,4969,1085,340272,339787
2025-08-15 22:44:00.000000000,1755269040000000000,4969,4970,4968,4969,363,339787,339727
2025-08-15 22:45:00.000000000,1755269100000000000,4969,4970,4968,4968,183,339727,339659
2025-08-15 22:46:00.000000000,1755269160000000000,4968,4969,4966,4967,728,339659,339495
2025-08-15 22:47:00.000000000,1755269220000000000,4967,4968,4967,4967,203,339495,339489
2025-08-15 22:48:00.000000000,1755269280000000000,4967,4968,4967,4967,144,339489,339418
2025-08-15 22:49:00.000000000,1755269340000000000,4967,4968,4967,4968,428,339418,339146
2025-08-15 22:50:00.000000000,1755269400000000000,4968,4970,4968,4969,234,339146,339070
2025-08-15 22:51:00.000000000,1755269460000000000,4969,4970,4968,4968,417,339070,338886
2025-08-15 22:52:00.000000000,1755269520000000000,4968,4970,4968,4970,85,338886,338838
2025-08-15 22:53:00.000000000,1755269580000000000,4970,4970,4968,4970,204,338838,338828
2025-08-15 22:54:00.000000000,1755269640000000000,4970,4972,4969,4970,709,338828,338328
2025-08-15 22:55:00.000000000,1755269700000000000,4970,4971,4970,4970,77,338328,338282
2025-08-15 22:56:00.000000000,1755269760000000000,4970,4972,4970,4971,354,338282,338095
2025-08-15 22:57:00.000000000,1755269820000000000,4971,4972,4970,4970,363,338095,337914
2025-08-15 22:58:00.000000000,1755269880000000000,4970,4972,4969,4971,903,337914,337404
2025-08-15 22:59:00.000000000,1755269940000000000,4971,4975,4971,4974,1404,337404,336420
2025-08-18 09:00:00.000000000,1755478800000000000,4956,4956,4916,4925,17105,336420,333499
2025-08-18 09:01:00.000000000,1755478860000000000,4925,4929,4921,4922,6950,333499,332905
2025-08-18 09:02:00.000000000,1755478920000000000,4922,4927,4922,4925,3640,332905,332352
2025-08-18 09:03:00.000000000,1755478980000000000,4925,4925,4919,4921,4043,332352,332805
2025-08-18 09:04:00.000000000,1755479040000000000,4921,4921,4912,4919,5540,332805,334695
2025-08-18 09:05:00.000000000,1755479100000000000,4919,4920,4914,4918,2980,334695,334977
2025-08-18 09:06:00.000000000,1755479160000000000,4918,4926,4917,4925,2611,334977,335417
2025-08-18 09:07:00.000000000,1755479220000000000,4925,4929,4925,4928,1460,335417,335302
2025-08-18 09:08:00.000000000,1755479280000000000,4928,4929,4926,4927,1470,335302,334700
2025-08-18 09:09:00.000000000,1755479340000000000,4927,4931,4927,4930,1740,334700,334380
2025-08-18 09:10:00.000000000,1755479400000000000,4930,4933,4930,4931,1659,334380,333747
2025-08-18 09:11:00.000000000,1755479460000000000,4931,4933,4927,4933,1460,333747,333572
2025-08-18 09:12:00.000000000,1755479520000000000,4933,4935,4932,4933,2161,333572,333275
2025-08-18 09:13:00.000000000,1755479580000000000,4933,4935,4932,4934,2460,333275,332703
2025-08-18 09:14:00.000000000,1755479640000000000,4934,4937,4932,4935,1110,332703,332410
2025-08-18 09:15:00.000000000,1755479700000000000,4935,4935,4931,4931,2968,332410,330645
2025-08-18 09:16:00.000000000,1755479760000000000,4931,4931,4928,4929,1154,330645,330515
2025-08-18 09:17:00.000000000,1755479820000000000,4929,4929,4925,4929,1931,330515,330432
2025-08-18 09:18:00.000000000,1755479880000000000,4929,4930,4926,4930,979,330432,330362
2025-08-18 09:19:00.000000000,1755479940000000000,4930,4935,4930,4931,1181,330362,330151
2025-08-18 09:20:00.000000000,1755480000000000000,4931,4932,4930,4932,1152,330151,329926
2025-08-18 09:21:00.000000000,1755480060000000000,4932,4935,4931,4934,1531,329926,329571
2025-08-18 09:22:00.000000000,1755480120000000000,4934,4937,4934,4936,831,329571,329335
2025-08-18 09:23:00.000000000,1755480180000000000,4936,4936,4932,4933,933,329335,328933
2025-08-18 09:24:00.000000000,1755480240000000000,4933,4935,4932,4933,894,328933,328488
2025-08-18 09:25:00.000000000,1755480300000000000,4933,4935,4930,4930,1050,328488,328123
2025-08-18 09:26:00.000000000,1755480360000000000,4930,4933,4929,4933,449,328123,328051
2025-08-18 09:27:00.000000000,1755480420000000000,4933,4934,4931,4931,854,328051,327706
2025-08-18 09:28:00.000000000,1755480480000000000,4931,4932,4929,4932,1429,327706,327398
2025-08-18 09:29:00.000000000,1755480540000000000,4932,4932,4928,4929,951,327398,327209
2025-08-18 09:30:00.000000000,1755480600000000000,4929,4929,4925,4926,860,327209,327139
2025-08-18 09:31:00.000000000,1755480660000000000,4926,4927,4923,4923,1889,327139,326465
2025-08-18 09:32:00.000000000,1755480720000000000,4923,4927,4923,4926,492,326465,326301
2025-08-18 09:33:00.000000000,1755480780000000000,4926,4926,4924,4924,807,326301,326437
2025-08-18 09:34:00.000000000,1755480840000000000,4924,4925,4922,4925,824,326437,326292
2025-08-18 09:35:00.000000000,1755480900000000000,4925,4926,4922,4922,703,326292,326183
2025-08-18 09:36:00.000000000,1755480960000000000,4922,4923,4921,4922,1310,326183,325852
2025-08-18 09:37:00.000000000,1755481020000000000,4922,4924,4920,4923,1123,325852,325475
2025-08-18 09:38:00.000000000,1755481080000000000,4923,4925,4923,4923,577,325475,325434
2025-08-18 09:39:00.000000000,1755481140000000000,4923,4925,4922,4922,839,325434,325214
2025-08-18 09:40:00.000000000,1755481200000000000,4922,4925,4922,4924,711,325214,325053
2025-08-18 09:41:00.000000000,1755481260000000000,4924,4925,4921,4922,721,325053,324889
2025-08-18 09:42:00.000000000,1755481320000000000,4922,4926,4920,4926,935,324889,324793
2025-08-18 09:43:00.000000000,1755481380000000000,4926,4926,4923,4923,594,324793,324773
2025-08-18 09:44:00.000000000,1755481440000000000,4923,4926,4921,4925,518,324773,324673
2025-08-18 09:45:00.000000000,1755481500000000000,4925,4926,4920,4921,886,324673,324722
2025-08-18 09:46:00.000000000,1755481560000000000,4921,4924,4920,4923,959,324722,324430
2025-08-18 09:47:00.000000000,1755481620000000000,4923,4926,4922,4925,628,324430,324266
2025-08-18 09:48:00.000000000,1755481680000000000,4925,4930,4925,4928,691,324266,324111
2025-08-18 09:49:00.000000000,1755481740000000000,4928,4928,4926,4926,452,324111,323900
2025-08-18 09:50:00.000000000,1755481800000000000,4926,4927,4925,4926,439,323900,323828
2025-08-18 09:51:00.000000000,1755481860000000000,4926,4933,4926,4932,550,323828,323650
2025-08-18 09:52:00.000000000,1755481920000000000,4932,4933,4931,4932,1000,323650,323470
2025-08-18 09:53:00.000000000,1755481980000000000,4932,4933,4930,4931,614,323470,323274
2025-08-18 09:54:00.000000000,1755482040000000000,4931,4931,4928,4929,446,323274,323072
2025-08-18 09:55:00.000000000,1755482100000000000,4929,4929,4923,4923,937,323072,323196
2025-08-18 09:56:00.000000000,1755482160000000000,4923,4924,4922,4923,828,323196,323330
2025-08-18 09:57:00.000000000,1755482220000000000,4923,4924,4922,4924,424,323330,323304
2025-08-18 09:58:00.000000000,1755482280000000000,4924,4924,4922,4922,586,323304,323140
2025-08-18 09:59:00.000000000,1755482340000000000,4922,4923,4917,4918,2071,323140,322737
2025-08-18 10:00:00.000000000,1755482400000000000,4918,4919,4916,4917,1037,322737,322677
2025-08-18 10:01:00.000000000,1755482460000000000,4917,4918,4916,4917,1102,322677,322150
2025-08-18 10:02:00.000000000,1755482520000000000,4917,4918,4915,4916,891,322150,321850
2025-08-18 10:03:00.000000000,1755482580000000000,4916,4918,4910,4912,1729,321850,321823
2025-08-18 10:04:00.000000000,1755482640000000000,4912,4913,4909,4911,2179,321823,321667
2025-08-18 10:05:00.000000000,1755482700000000000,4911,4915,4910,4914,858,321667,321487
2025-08-18 10:06:00.000000000,1755482760000000000,4914,4915,4913,4914,374,321487,321462
2025-08-18 10:07:00.000000000,1755482820000000000,4914,4916,4913,4915,399,321462,321301
2025-08-18 10:08:00.000000000,1755482880000000000,4915,4917,4915,4917,469,321301,321285
2025-08-18 10:09:00.000000000,1755482940000000000,4917,4917,4913,4913,541,321285,321322
2025-08-18 10:10:00.000000000,1755483000000000000,4913,4917,4913,4916,689,321322,321014
2025-08-18 10:11:00.000000000,1755483060000000000,4916,4917,4915,4916,392,321014,320983
2025-08-18 10:12:00.000000000,1755483120000000000,4916,4917,4914,4914,587,320983,320871
2025-08-18 10:13:00.000000000,1755483180000000000,4914,4915,4911,4912,505,320871,321016
2025-08-18 10:14:00.000000000,1755483240000000000,4912,4913,4910,4911,634,321016,320950
2025-08-18 10:30:00.000000000,1755484200000000000,4911,4911,4908,4910,1511,320950,320684
2025-08-18 10:31:00.000000000,1755484260000000000,4910,4912,4905,4907,2112,320684,319583
2025-08-18 10:32:00.000000000,1755484320000000000,4907,4911,4907,4910,945,319583,319298
2025-08-18 10:33:00.000000000,1755484380000000000,4910,4910,4908,4908,494,319298,319211
2025-08-18 10:34:00.000000000,1755484440000000000,4908,4910,4908,4910,285,319211,319121
2025-08-18 10:35:00.000000000,1755484500000000000,4910,4910,4905,4907,803,319121,319046
2025-08-18 10:36:00.000000000,1755484560000000000,4907,4910,4906,4908,840,319046,318897
2025-08-18 10:37:00.000000000,1755484620000000000,4908,4909,4907,4908,190,318897,318985
2025-08-18 10:38:00.000000000,1755484680000000000,4908,4909,4908,4909,162,318985,318926
2025-08-18 10:39:00.000000000,1755484740000000000,4909,4910,4908,4908,337,318926,318862
2025-08-18 10:40:00.000000000,1755484800000000000,4908,4910,4908,4909,284,318862,318779
2025-08-18 10:41:00.000000000,1755484860000000000,4909,4910,4907,4909,329,318779,318831
2025-08-18 10:42:00.000000000,1755484920000000000,4909,4913,4909,4912,562,318831,318679
2025-08-18 10:43:00.000000000,1755484980000000000,4912,4913,4911,4913,204,318679,318621
2025-08-18 10:44:00.000000000,1755485040000000000,4913,4913,4910,4911,370,318621,318400
2025-08-18 10:45:00.000000000,1755485100000000000,4911,4912,4910,4911,262,318400,318261
2025-08-18 10:46:00.000000000,1755485160000000000,4911,4912,4909,4910,308,318261,318241
2025-08-18 10:47:00.000000000,1755485220000000000,4910,4910,4908,4908,267,318241,318180
2025-08-18 10:48:00.000000000,1755485280000000000,4908,4910,4908,4910,191,318180,318127
2025-08-18 10:49:00.000000000,1755485340000000000,4910,4911,4909,4909,227,318127,318092
2025-08-18 10:50:00.000000000,1755485400000000000,4909,4910,4906,4908,866,318092,317958
2025-08-18 10:51:00.000000000,1755485460000000000,4908,4909,4905,4907,555,317958,317797
2025-08-18 10:52:00.000000000,1755485520000000000,4907,4908,4906,4906,390,317797,317736
2025-08-18 10:53:00.000000000,1755485580000000000,4906,4908,4905,4905,465,317736,317518
2025-08-18 10:54:00.000000000,1755485640000000000,4905,4909,4905,4909,418,317518,317440
2025-08-18 10:55:00.000000000,1755485700000000000,4909,4909,4908,4908,222,317440,317368
2025-08-18 10:56:00.000000000,1755485760000000000,4908,4908,4905,4907,595,317368,317217
2025-08-18 10:57:00.000000000,1755485820000000000,4907,4908,4906,4907,357,317217,317307
2025-08-18 10:58:00.000000000,1755485880000000000,4907,4909,4906,4909,590,317307,317175
2025-08-18 10:59:00.000000000,1755485940000000000,4909,4910,4907,4908,326,317175,317018
2025-08-18 11:00:00.000000000,1755486000000000000,4908,4909,4907,4909,258,317018,316914
2025-08-18 11:01:00.000000000,1755486060000000000,4909,4910,4908,4910,291,316914,316899
2025-08-18 11:02:00.000000000,1755486120000000000,4910,4911,4908,4908,828,316899,316869
2025-08-18 11:03:00.000000000,1755486180000000000,4908,4909,4906,4907,412,316869,317009
2025-08-18 11:04:00.000000000,1755486240000000000,4907,4907,4903,4907,695,317009,316809
2025-08-18 11:05:00.000000000,1755486300000000000,4907,4907,4906,4906,85,316809,316822
2025-08-18 11:06:00.000000000,1755486360000000000,4906,4907,4904,4904,341,316822,316764
2025-08-18 11:07:00.000000000,1755486420000000000,4904,4906,4904,4904,532,316764,316684
2025-08-18 11:08:00.000000000,1755486480000000000,4904,4907,4903,4906,714,316684,316433
2025-08-18 11:09:00.000000000,1755486540000000000,4906,4907,4906,4906,468,316433,316216
2025-08-18 11:10:00.000000000,1755486600000000000,4906,4907,4905,4906,126,316216,316236
2025-08-18 11:11:00.000000000,1755486660000000000,4906,4906,4904,4905,203,316236,316274
2025-08-18 11:12:00.000000000,1755486720000000000,4905,4906,4905,4905,64,316274,316247
2025-08-18 11:13:00.000000000,1755486780000000000,4905,4906,4903,4906,500,316247,316346
2025-08-18 11:14:00.000000000,1755486840000000000,4906,4908,4905,4908,468,316346,316184
2025-08-18 11:15:00.000000000,1755486900000000000,4908,4908,4905,4905,480,316184,316175
2025-08-18 11:16:00.000000000,1755486960000000000,4905,4907,4904,4907,255,316175,316147
2025-08-18 11:17:00.000000000,1755487020000000000,4907,4910,4906,4909,316,316147,316099
2025-08-18 11:18:00.000000000,1755487080000000000,4909,4909,4908,4909,88,316099,316137
2025-08-18 11:19:00.000000000,1755487140000000000,4909,4909,4907,4907,287,316137,316072
2025-08-18 11:20:00.000000000,1755487200000000000,4907,4908,4905,4906,533,316072,315993
2025-08-18 11:21:00.000000000,1755487260000000000,4906,4907,4905,4906,138,315993,315983
2025-08-18 11:22:00.000000000,1755487320000000000,4906,4908,4906,4907,142,315983,315959
2025-08-18 11:23:00.000000000,1755487380000000000,4907,4908,4905,4906,317,315959,315832
2025-08-18 11:24:00.000000000,1755487440000000000,4906,4907,4905,4907,293,315832,315666
2025-08-18 11:25:00.000000000,1755487500000000000,4907,4911,4907,4911,799,315666,315728
2025-08-18 11:26:00.000000000,1755487560000000000,4911,4912,4910,4911,449,315728,315587
2025-08-18 11:27:00.000000000,1755487620000000000,4911,4913,4908,4912,479,315587,315474
2025-08-18 11:28:00.000000000,1755487680000000000,4912,4912,4907,4908,394,315474,315391
2025-08-18 11:29:00.000000000,1755487740000000000,4908,4909,4906,4907,260,315391,315305
2025-08-18 13:30:00.000000000,1755495000000000000,4908,4912,4906,4912,1857,315305,314466
2025-08-18 13:31:00.000000000,1755495060000000000,4912,4915,4912,4913,924,314466,314243
2025-08-18 13:32:00.000000000,1755495120000000000,4913,4915,4912,4913,588,314243,314079
2025-08-18 13:33:00.000000000,1755495180000000000,4913,4914,4912,4914,581,314079,313893
2025-08-18 13:34:00.000000000,1755495240000000000,4914,4915,4913,4914,344,313893,313635
2025-08-18 13:35:00.000000000,1755495300000000000,4914,4916,4914,4914,367,313635,313510
2025-08-18 13:36:00.000000000,1755495360000000000,4914,4915,4913,4914,360,313510,313363
2025-08-18 13:37:00.000000000,1755495420000000000,4914,4915,4913,4913,151,313363,313315
2025-08-18 13:38:00.000000000,1755495480000000000,4913,4914,4913,4914,396,313315,313154
2025-08-18 13:39:00.000000000,1755495540000000000,4914,4915,4912,4912,278,313154,313098
2025-08-18 13:40:00.000000000,1755495600000000000,4912,4914,4912,4914,192,313098,313018
2025-08-18 13:41:00.000000000,1755495660000000000,4914,4914,4911,4911,246,313018,312992
2025-08-18 13:42:00.000000000,1755495720000000000,4911,4913,4911,4911,308,312992,312921
2025-08-18 13:43:00.000000000,1755495780000000000,4911,4912,4911,4911,183,312921,312856
2025-08-18 13:44:00.000000000,1755495840000000000,4911,4913,4911,4912,455,312856,312633
2025-08-18 13:45:00.000000000,1755495900000000000,4912,4913,4912,4912,465,312633,312505
2025-08-18 13:46:00.000000000,1755495960000000000,4912,4913,4909,4909,820,312505,312365
2025-08-18 13:47:00.000000000,1755496020000000000,4909,4911,4909,4910,555,312365,312103
2025-08-18 13:48:00.000000000,1755496080000000000,4910,4911,4908,4909,234,312103,311993
2025-08-18 13:49:00.000000000,1755496140000000000,4909,4911,4907,4910,802,311993,311765
2025-08-18 13:50:00.000000000,1755496200000000000,4910,4911,4907,4908,474,311765,311554
2025-08-18 13:51:00.000000000,1755496260000000000,4908,4908,4906,4907,659,311554,311287
2025-08-18 13:52:00.000000000,1755496320000000000,4907,4907,4903,4905,908,311287,311177
2025-08-18 13:53:00.000000000,1755496380000000000,4905,4906,4905,4905,626,311177,310841
2025-08-18 13:54:00.000000000,1755496440000000000,4905,4906,4903,4903,468,310841,310646
2025-08-18 13:55:00.000000000,1755496500000000000,4903,4906,4902,4906,1177,310646,310192
2025-08-18 13:56:00.000000000,1755496560000000000,4906,4906,4905,4905,235,310192,310127
2025-08-18 13:57:00.000000000,1755496620000000000,4905,4907,4905,4905,385,310127,310006
2025-08-18 13:58:00.000000000,1755496680000000000,4905,4907,4905,4907,281,310006,309978
2025-08-18 13:59:00.000000000,1755496740000000000,4907,4907,4905,4905,253,309978,309961
2025-08-18 14:00:00.000000000,1755496800000000000,4905,4906,4902,4903,863,309961,310077
2025-08-18 14:01:00.000000000,1755496860000000000,4903,4906,4903,4903,584,310077,309935
2025-08-18 14:02:00.000000000,1755496920000000000,4903,4905,4901,4904,641,309935,309806
2025-08-18 14:03:00.000000000,1755496980000000000,4904,4905,4903,4905,289,309806,309681
2025-08-18 14:04:00.000000000,1755497040000000000,4905,4905,4902,4904,714,309681,309264
2025-08-18 14:05:00.000000000,1755497100000000000,4904,4904,4898,4899,2552,309264,308387
2025-08-18 14:06:00.000000000,1755497160000000000,4899,4903,4899,4901,1613,308387,308661
2025-08-18 14:07:00.000000000,1755497220000000000,4901,4903,4900,4901,521,308661,308755
2025-08-18 14:08:00.000000000,1755497280000000000,4901,4904,4901,4903,658,308755,308492
2025-08-18 14:09:00.000000000,1755497340000000000,4903,4905,4903,4905,729,308492,308607
2025-08-18 14:10:00.000000000,1755497400000000000,4905,4905,4903,4904,267,308607,308566
2025-08-18 14:11:00.000000000,1755497460000000000,4904,4906,4904,4904,545,308566,308499
2025-08-18 14:12:00.000000000,1755497520000000000,4904,4906,4903,4906,328,308499,308434
2025-08-18 14:13:00.000000000,1755497580000000000,4906,4906,4904,4904,474,308434,308273
2025-08-18 14:14:00.000000000,1755497640000000000,4904,4905,4904,4904,353,308273,308125
2025-08-18 14:15:00.000000000,1755497700000000000,4904,4905,4902,4902,714,308125,308182
2025-08-18 14:16:00.000000000,1755497760000000000,4902,4904,4902,4902,468,308182,308140
2025-08-18 14:17:00.000000000,1755497820000000000,4902,4903,4900,4901,673,308140,308014
2025-08-18 14:18:00.000000000,1755497880000000000,4901,4904,4901,4902,1178,308014,307548
2025-08-18 14:19:00.000000000,1755497940000000000,4902,4906,4901,4906,827,307548,307482
2025-08-18 14:20:00.000000000,1755498000000000000,4906,4910,4906,4910,1037,307482,307324
2025-08-18 14:21:00.000000000,1755498060000000000,4910,4914,4910,4912,1286,307324,306792
2025-08-18 14:22:00.000000000,1755498120000000000,4912,4914,4911,4911,653,306792,306645
2025-08-18 14:23:00.000000000,1755498180000000000,4911,4914,4911,4914,730,306645,306419
2025-08-18 14:24:00.000000000,1755498240000000000,4914,4916,4914,4915,1166,306419,306341
2025-08-18 14:25:00.000000000,1755498300000000000,4915,4916,4912,4913,581,306341,306313
2025-08-18 14:26:00.000000000,1755498360000000000,4913,4914,4911,4914,675,306313,306033
2025-08-18 14:27:00.000000000,1755498420000000000,4914,4916,4913,4915,574,306033,306019
2025-08-18 14:28:00.000000000,1755498480000000000,4915,4918,4914,4917,767,306019,305947
2025-08-18 14:29:00.000000000,1755498540000000000,4917,4917,4915,4916,426,305947,305875
2025-08-18 14:30:00.000000000,1755498600000000000,4916,4921,4916,4921,1216,305875,305071
2025-08-18 14:31:00.000000000,1755498660000000000,4921,4924,4920,4921,1070,305071,304849
2025-08-18 14:32:00.000000000,1755498720000000000,4921,4921,4917,4919,852,304849,304776
2025-08-18 14:33:00.000000000,1755498780000000000,4919,4919,4917,4917,346,304776,304644
2025-08-18 14:34:00.000000000,1755498840000000000,4917,4919,4917,4917,423,304644,304447
2025-08-18 14:35:00.000000000,1755498900000000000,4917,4919,4915,4915,565,304447,304410
2025-08-18 14:36:00.000000000,1755498960000000000,4915,4918,4915,4917,443,304410,304281
2025-08-18 14:37:00.000000000,1755499020000000000,4917,4917,4915,4915,202,304281,304161
2025-08-18 14:38:00.000000000,1755499080000000000,4915,4918,4915,4917,693,304161,303894
2025-08-18 14:39:00.000000000,1755499140000000000,4917,4919,4917,4918,339,303894,303733
2025-08-18 14:40:00.000000000,1755499200000000000,4918,4919,4916,4917,355,303733,303574
2025-08-18 14:41:00.000000000,1755499260000000000,4917,4920,4917,4918,301,303574,303512
2025-08-18 14:42:00.000000000,1755499320000000000,4918,4922,4918,4921,722,303512,303584
2025-08-18 14:43:00.000000000,1755499380000000000,4921,4922,4919,4919,569,303584,303389
2025-08-18 14:44:00.000000000,1755499440000000000,4919,4920,4918,4919,601,303389,303076
2025-08-18 14:45:00.000000000,1755499500000000000,4919,4922,4919,4921,485,303076,302917
2025-08-18 14:46:00.000000000,1755499560000000000,4921,4922,4919,4920,532,302917,302640
2025-08-18 14:47:00.000000000,1755499620000000000,4920,4922,4919,4919,1198,302640,301996
2025-08-18 14:48:00.000000000,1755499680000000000,4919,4920,4917,4919,602,301996,301775
2025-08-18 14:49:00.000000000,1755499740000000000,4919,4920,4918,4918,466,301775,301606
2025-08-18 14:50:00.000000000,1755499800000000000,4918,4920,4918,4918,720,301606,301239
2025-08-18 14:51:00.000000000,1755499860000000000,4918,4924,4918,4922,1298,301239,300602
2025-08-18 14:52:00.000000000,1755499920000000000,4922,4924,4921,4923,1130,300602,299829
2025-08-18 14:53:00.000000000,1755499980000000000,4923,4926,4923,4925,1248,299829,299204
2025-08-18 14:54:00.000000000,1755500040000000000,4925,4926,4924,4925,997,299204,298672
2025-08-18 14:55:00.000000000,1755500100000000000,4925,4926,4922,4925,1104,298672,298171
2025-08-18 14:56:00.000000000,1755500160000000000,4925,4926,4924,4924,539,298171,297977
2025-08-18 14:57:00.000000000,1755500220000000000,4924,4925,4923,4923,381,297977,297730
2025-08-18 14:58:00.000000000,1755500280000000000,4923,4924,4920,4920,1090,297730,297485
2025-08-18 14:59:00.000000000,1755500340000000000,4920,4923,4919,4920,25506,297485,296647
2025-08-18 21:00:00.000000000,1755522000000000000,4920,4924,4918,4920,6215,296647,293877
2025-08-18 21:01:00.000000000,1755522060000000000,4920,4920,4915,4915,3717,293877,293016
2025-08-18 21:02:00.000000000,1755522120000000000,4915,4918,4914,4916,1836,293016,292506
2025-08-18 21:03:00.000000000,1755522180000000000,4916,4921,4916,4920,1898,292506,292256
2025-08-18 21:04:00.000000000,1755522240000000000,4920,4920,4918,4920,860,292256,291862
2025-08-18 21:05:00.000000000,1755522300000000000,4920,4922,4919,4919,1171,291862,291426
2025-08-18 21:06:00.000000000,1755522360000000000,4919,4920,4918,4919,797,291426,291023
2025-08-18 21:07:00.000000000,1755522420000000000,4919,4921,4919,4919,736,291023,290554
2025-08-18 21:08:00.000000000,1755522480000000000,4919,4920,4917,4917,1076,290554,290189
2025-08-18 21:09:00.000000000,1755522540000000000,4917,4919,4917,4918,370,290189,289948
2025-08-18 21:10:00.000000000,1755522600000000000,4918,4919,4916,4917,926,289948,289782
2025-08-18 21:11:00.000000000,1755522660000000000,4917,4919,4915,4917,764,289782,289520
2025-08-18 21:12:00.000000000,1755522720000000000,4917,4919,4917,4918,462,289520,289205
2025-08-18 21:13:00.000000000,1755522780000000000,4918,4919,4916,4916,383,289205,288933
2025-08-18 21:14:00.000000000,1755522840000000000,4916,4918,4916,4917,500,288933,288688
2025-08-18 21:15:00.000000000,1755522900000000000,4917,4920,4917,4920,636,288688,288296
2025-08-18 21:16:00.000000000,1755522960000000000,4920,4920,4918,4918,638,288296,288129
2025-08-18 21:17:00.000000000,1755523020000000000,4918,4920,4918,4919,698,288129,287761
2025-08-18 21:18:00.000000000,1755523080000000000,4919,4920,4916,4916,644,287761,287818
2025-08-18 21:19:00.000000000,1755523140000000000,4916,4920,4916,4919,601,287818,287494
2025-08-18 21:20:00.000000000,1755523200000000000,4919,4920,4918,4920,408,287494,287358
2025-08-18 21:21:00.000000000,1755523260000000000,4920,4922,4917,4918,838,287358,287071
2025-08-18 21:22:00.000000000,1755523320000000000,4918,4921,4917,4920,531,287071,286949
2025-08-18 21:23:00.000000000,1755523380000000000,4920,4921,4919,4920,674,286949,286808
2025-08-18 21:24:00.000000000,1755523440000000000,4920,4921,4920,4920,692,286808,286430
2025-08-18 21:25:00.000000000,1755523500000000000,4920,4921,4920,4920,228,286430,286300
2025-08-18 21:26:00.000000000,1755523560000000000,4920,4920,4919,4919,183,286300,286322
2025-08-18 21:27:00.000000000,1755523620000000000,4919,4921,4918,4918,448,286322,286143
2025-08-18 21:28:00.000000000,1755523680000000000,4918,4919,4917,4919,260,286143,285995
2025-08-18 21:29:00.000000000,1755523740000000000,4919,4920,4916,4919,720,285995,285917
2025-08-18 21:30:00.000000000,1755523800000000000,4919,4919,4918,4918,151,285917,285865
2025-08-18 21:31:00.000000000,1755523860000000000,4918,4918,4915,4915,506,285865,285946
2025-08-18 21:32:00.000000000,1755523920000000000,4915,4916,4914,4916,651,285946,285978
2025-08-18 21:33:00.000000000,1755523980000000000,4916,4918,4916,4917,318,285978,285902
2025-08-18 21:34:00.000000000,1755524040000000000,4917,4918,4917,4917,194,285902,285832
2025-08-18 21:35:00.000000000,1755524100000000000,4917,4917,4914,4914,532,285832,285830
2025-08-18 21:36:00.000000000,1755524160000000000,4914,4916,4914,4916,283,285830,285746
2025-08-18 21:37:00.000000000,1755524220000000000,4916,4917,4915,4915,283,285746,285800
2025-08-18 21:38:00.000000000,1755524280000000000,4915,4916,4914,4915,108,285800,285801
2025-08-18 21:39:00.000000000,1755524340000000000,4915,4916,4914,4915,95,285801,285750
2025-08-18 21:40:00.000000000,1755524400000000000,4915,4916,4915,4916,98,285750,285760
2025-08-18 21:41:00.000000000,1755524460000000000,4916,4916,4914,4915,167,285760,285798
2025-08-18 21:42:00.000000000,1755524520000000000,4915,4916,4915,4916,50,285798,285790
2025-08-18 21:43:00.000000000,1755524580000000000,4916,4916,4913,4913,340,285790,285626
2025-08-18 21:44:00.000000000,1755524640000000000,4913,4914,4912,4913,308,285626,285599
2025-08-18 21:45:00.000000000,1755524700000000000,4913,4914,4912,4914,194,285599,285641
2025-08-18 21:46:00.000000000,1755524760000000000,4914,4914,4909,4911,1238,285641,285190
2025-08-18 21:47:00.000000000,1755524820000000000,4911,4911,4910,4910,148,285190,285176
2025-08-18 21:48:00.000000000,1755524880000000000,4910,4911,4909,4909,370,285176,285073
2025-08-18 21:49:00.000000000,1755524940000000000,4909,4911,4909,4910,196,285073,284994
2025-08-18 21:50:00.000000000,1755525000000000000,4910,4912,4910,4911,306,284994,285083
2025-08-18 21:51:00.000000000,1755525060000000000,4911,4911,4909,4911,457,285083,284960
2025-08-18 21:52:00.000000000,1755525120000000000,4911,4911,4910,4911,80,284960,284953
2025-08-18 21:53:00.000000000,1755525180000000000,4911,4912,4910,4911,155,284953,284897
2025-08-18 21:54:00.000000000,1755525240000000000,4911,4911,4910,4911,136,284897,284871
2025-08-18 21:55:00.000000000,1755525300000000000,4911,4913,4910,4911,297,284871,284894
2025-08-18 21:56:00.000000000,1755525360000000000,4911,4911,4909,4910,542,284894,284860
2025-08-18 21:57:00.000000000,1755525420000000000,4910,4911,4910,4910,66,284860,284829
2025-08-18 21:58:00.000000000,1755525480000000000,4910,4911,4909,4911,69,284829,284830
2025-08-18 21:59:00.000000000,1755525540000000000,4911,4911,4910,4911,173,284830,284805
2025-08-18 22:00:00.000000000,1755525600000000000,4911,4911,4908,4909,686,284805,284755
2025-08-18 22:01:00.000000000,1755525660000000000,4909,4910,4907,4908,372,284755,284619
2025-08-18 22:02:00.000000000,1755525720000000000,4908,4909,4906,4907,200,284619,284609
2025-08-18 22:03:00.000000000,1755525780000000000,4907,4910,4907,4910,317,284609,284632
2025-08-18 22:04:00.000000000,1755525840000000000,4910,4910,4909,4909,38,284632,284628
2025-08-18 22:05:00.000000000,1755525900000000000,4909,4910,4908,4909,148,284628,284554
2025-08-18 22:06:00.000000000,1755525960000000000,4909,4910,4908,4908,125,284554,284532
2025-08-18 22:07:00.000000000,1755526020000000000,4908,4909,4907,4908,223,284532,284576
2025-08-18 22:08:00.000000000,1755526080000000000,4908,4908,4905,4907,487,284576,284637
2025-08-18 22:09:00.000000000,1755526140000000000,4907,4908,4906,4907,119,284637,284663
2025-08-18 22:10:00.000000000,1755526200000000000,4907,4907,4905,4905,319,284663,284768
2025-08-18 22:11:00.000000000,1755526260000000000,4905,4908,4905,4907,217,284768,284754
2025-08-18 22:12:00.000000000,1755526320000000000,4907,4907,4906,4907,42,284754,284752
2025-08-18 22:13:00.000000000,1755526380000000000,4907,4907,4906,4907,148,284752,284731
2025-08-18 22:14:00.000000000,1755526440000000000,4907,4908,4906,4907,75,284731,284713
2025-08-18 22:15:00.000000000,1755526500000000000,4907,4907,4904,4904,426,284713,284809
2025-08-18 22:16:00.000000000,1755526560000000000,4904,4906,4904,4906,172,284809,284819
2025-08-18 22:17:00.000000000,1755526620000000000,4906,4907,4905,4906,166,284819,284834
2025-08-18 22:18:00.000000000,1755526680000000000,4906,4907,4905,4905,80,284834,284814
2025-08-18 22:19:00.000000000,1755526740000000000,4905,4906,4905,4906,16,284814,284816
2025-08-18 22:20:00.000000000,1755526800000000000,4906,4906,4904,4905,121,284816,284858
2025-08-18 22:21:00.000000000,1755526860000000000,4905,4905,4904,4904,79,284858,284828
2025-08-18 22:22:00.000000000,1755526920000000000,4904,4905,4904,4904,148,284828,284771
2025-08-18 22:23:00.000000000,1755526980000000000,4904,4906,4904,4905,134,284771,284708
2025-08-18 22:24:00.000000000,1755527040000000000,4905,4905,4904,4905,130,284708,284675
2025-08-18 22:25:00.000000000,1755527100000000000,4905,4906,4904,4905,143,284675,284654
2025-08-18 22:26:00.000000000,1755527160000000000,4905,4905,4904,4904,194,284654,284644
2025-08-18 22:27:00.000000000,1755527220000000000,4904,4905,4903,4905,107,284644,284624
2025-08-18 22:28:00.000000000,1755527280000000000,4905,4905,4902,4904,478,284624,284612
2025-08-18 22:29:00.000000000,1755527340000000000,4904,4904,4902,4902,149,284612,284603
2025-08-18 22:30:00.000000000,1755527400000000000,4902,4904,4902,4903,231,284603,284607
2025-08-18 22:31:00.000000000,1755527460000000000,4903,4904,4903,4903,136,284607,284636
2025-08-18 22:32:00.000000000,1755527520000000000,4903,4905,4903,4905,155,284636,284631
2025-08-18 22:33:00.000000000,1755527580000000000,4905,4907,4905,4907,386,284631,284507
2025-08-18 22:34:00.000000000,1755527640000000000,4907,4907,4905,4905,352,284507,284511
2025-08-18 22:35:00.000000000,1755527700000000000,4905,4906,4904,4906,137,284511,284419
2025-08-18 22:36:00.000000000,1755527760000000000,4906,4907,4906,4907,63,284419,284391
2025-08-18 22:37:00.000000000,1755527820000000000,4907,4907,4905,4906,734,284391,283897
2025-08-18 22:38:00.000000000,1755527880000000000,4906,4906,4905,4906,10,283897,283892
2025-08-18 22:39:00.000000000,1755527940000000000,4906,4906,4905,4906,22,283892,283873
2025-08-18 22:40:00.000000000,1755528000000000000,4906,4906,4905,4906,248,283873,283757
2025-08-18 22:41:00.000000000,1755528060000000000,4906,4906,4905,4906,188,283757,283705
2025-08-18 22:42:00.000000000,1755528120000000000,4906,4906,4905,4906,73,283705,283685
2025-08-18 22:43:00.000000000,1755528180000000000,4906,4907,4906,4907,108,283685,283650
2025-08-18 22:44:00.000000000,1755528240000000000,4907,4907,4906,4906,111,283650,283668
2025-08-18 22:45:00.000000000,1755528300000000000,4906,4906,4905,4905,245,283668,283524
2025-08-18 22:46:00.000000000,1755528360000000000,4905,4907,4905,4906,57,283524,283518
2025-08-18 22:47:00.000000000,1755528420000000000,4906,4907,4906,4907,138,283518,283478
2025-08-18 22:48:00.000000000,1755528480000000000,4907,4908,4907,4907,82,283478,283472
2025-08-18 22:49:00.000000000,1755528540000000000,4907,4908,4906,4906,189,283472,283482
2025-08-18 22:50:00.000000000,1755528600000000000,4906,4907,4905,4906,35,283482,283464
2025-08-18 22:51:00.000000000,1755528660000000000,4906,4907,4906,4907,34,283464,283441
2025-08-18 22:52:00.000000000,1755528720000000000,4907,4907,4905,4906,132,283441,283352
2025-08-18 22:53:00.000000000,1755528780000000000,4906,4906,4905,4905,64,283352,283332
2025-08-18 22:54:00.000000000,1755528840000000000,4905,4906,4904,4904,354,283332,283312
2025-08-18 22:55:00.000000000,1755528900000000000,4904,4905,4903,4903,539,283312,283035
2025-08-18 22:56:00.000000000,1755528960000000000,4903,4905,4903,4904,220,283035,282884
2025-08-18 22:57:00.000000000,1755529020000000000,4904,4904,4903,4903,111,282884,282867
2025-08-18 22:58:00.000000000,1755529080000000000,4903,4904,4903,4903,405,282867,282908
2025-08-18 22:59:00.000000000,1755529140000000000,4903,4903,4890,4895,2503,282908,282945
2025-08-19 09:00:00.000000000,1755565200000000000,4896,4901,4890,4891,3801,282945,283236
2025-08-19 09:01:00.000000000,1755565260000000000,4891,4893,4890,4891,1736,283236,282984
2025-08-19 09:02:00.000000000,1755565320000000000,4891,4891,4883,4884,3675,282984,282402
2025-08-19 09:03:00.000000000,1755565380000000000,4884,4886,4882,4884,941,282402,282102
2025-08-19 09:04:00.000000000,1755565440000000000,4884,4886,4883,4885,936,282102,281694
2025-08-19 09:05:00.000000000,1755565500000000000,4885,4886,4883,4884,630,281694,281630
2025-08-19 09:06:00.000000000,1755565560000000000,4884,4885,4880,4882,1327,281630,281344
2025-08-19 09:07:00.000000000,1755565620000000000,4882,4883,4879,4879,1622,281344,281321
2025-08-19 09:08:00.000000000,1755565680000000000,4879,4881,4875,4876,1996,281321,281439
2025-08-19 09:09:00.000000000,1755565740000000000,4876,4877,4872,4873,1596,281439,281469
2025-08-19 09:10:00.000000000,1755565800000000000,4873,4874,4868,4870,3408,281469,281631
2025-08-19 09:11:00.000000000,1755565860000000000,4870,4874,4870,4873,1165,281631,281752
2025-08-19 09:12:00.000000000,1755565920000000000,4873,4873,4870,4871,772,281752,281791
2025-08-19 09:13:00.000000000,1755565980000000000,4871,4872,4869,4871,1101,281791,281904
2025-08-19 09:14:00.000000000,1755566040000000000,4871,4872,4869,4870,724,281904,281801
2025-08-19 09:15:00.000000000,1755566100000000000,4870,4871,4867,4869,1204,281801,281903
2025-08-19 09:16:00.000000000,1755566160000000000,4869,4870,4868,4869,1064,281903,281589
2025-08-19 09:17:00.000000000,1755566220000000000,4869,4870,4868,4870,687,281589,281449
2025-08-19 09:18:00.000000000,1755566280000000000,4870,4872,4870,4872,566,281449,281253
2025-08-19 09:19:00.000000000,1755566340000000000,4872,4873,4870,4871,891,281253,281326
2025-08-19 09:20:00.000000000,1755566400000000000,4871,4874,4871,4872,859,281326,281330
2025-08-19 09:21:00.000000000,1755566460000000000,4872,4874,4871,4873,891,281330,281415
2025-08-19 09:22:00.000000000,1755566520000000000,4873,4874,4871,4872,696,281415,281110
2025-08-19 09:23:00.000000000,1755566580000000000,4872,4873,4871,4873,499,281110,281154
2025-08-19 09:24:00.000000000,1755566640000000000,4873,4873,4869,4870,480,281154,280976
2025-08-19 09:25:00.000000000,1755566700000000000,4870,4874,4870,4873,1055,280976,280897
2025-08-19 09:26:00.000000000,1755566760000000000,4873,4883,4872,4882,2147,280897,280267
2025-08-19 09:27:00.000000000,1755566820000000000,4882,4887,4881,4885,2033,280267,279576
2025-08-19 09:28:00.000000000,1755566880000000000,4885,4887,4882,4886,1715,279576,278517
2025-08-19 09:29:00.000000000,1755566940000000000,4886,4886,4880,4882,1197,278517,278142
2025-08-19 09:30:00.000000000,1755567000000000000,4882,4883,4881,4882,691,278142,278158
2025-08-19 09:31:00.000000000,1755567060000000000,4882,4882,4878,4879,530,278158,278031
2025-08-19 09:32:00.000000000,1755567120000000000,4879,4884,4879,4883,531,278031,277900
2025-08-19 09:33:00.000000000,1755567180000000000,4883,4884,4880,4881,287,277900,277779
2025-08-19 09:34:00.000000000,1755567240000000000,4881,4881,4878,4878,577,277779,277664
2025-08-19 09:35:00.000000000,1755567300000000000,4878,4881,4878,4879,548,277664,277659
2025-08-19 09:36:00.000000000,1755567360000000000,4879,4879,4874,4876,750,277659,277652
2025-08-19 09:37:00.000000000,1755567420000000000,4876,4877,4873,4873,456,277652,277536
2025-08-19 09:38:00.000000000,1755567480000000000,4873,4874,4872,4872,401,277536,277420
2025-08-19 09:39:00.000000000,1755567540000000000,4872,4874,4871,4872,630,277420,277367
2025-08-19 09:40:00.000000000,1755567600000000000,4872,4874,4871,4874,389,277367,277351
2025-08-19 09:41:00.000000000,1755567660000000000,4874,4874,4870,4870,648,277351,277208
2025-08-19 09:42:00.000000000,1755567720000000000,4870,4871,4867,4871,734,277208,277237
2025-08-19 09:43:00.000000000,1755567780000000000,4871,4873,4870,4873,658,277237,277130
2025-08-19 09:44:00.000000000,1755567840000000000,4873,4874,4871,4873,893,277130,276828
2025-08-19 09:45:00.000000000,1755567900000000000,4873,4873,4868,4869,377,276828,276737
2025-08-19 09:46:00.000000000,1755567960000000000,4869,4870,4867,4867,497,276737,276676
2025-08-19 09:47:00.000000000,1755568020000000000,4867,4869,4866,4866,829,276676,276601
2025-08-19 09:48:00.000000000,1755568080000000000,4866,4867,4863,4864,1463,276601,276490
2025-08-19 09:49:00.000000000,1755568140000000000,4864,4865,4861,4862,815,276490,276307
2025-08-19 09:50:00.000000000,1755568200000000000,4862,4867,4862,4866,1139,276307,275935
2025-08-19 09:51:00.000000000,1755568260000000000,4866,4868,4866,4867,659,275935,275795
2025-08-19 09:52:00.000000000,1755568320000000000,4867,4869,4867,4868,316,275795,275657
2025-08-19 09:53:00.000000000,1755568380000000000,4868,4869,4867,4868,217,275657,275632
2025-08-19 09:54:00.000000000,1755568440000000000,4868,4871,4868,4871,341,275632,275616
2025-08-19 09:55:00.000000000,1755568500000000000,4871,4872,4868,4869,214,275616,275611
2025-08-19 09:56:00.000000000,1755568560000000000,4869,4875,4869,4874,300,275611,275490
2025-08-19 09:57:00.000000000,1755568620000000000,4874,4874,4870,4871,294,275490,275433
2025-08-19 09:58:00.000000000,1755568680000000000,4871,4872,4871,4872,931,275433,275144
2025-08-19 09:59:00.000000000,1755568740000000000,4872,4872,4870,4872,464,275144,274839
2025-08-19 10:00:00.000000000,1755568800000000000,4872,4872,4869,4869,422,274839,274614
2025-08-19 10:01:00.000000000,1755568860000000000,4869,4870,4867,4868,666,274614,274358
2025-08-19 10:02:00.000000000,1755568920000000000,4868,4870,4868,4869,274,274358,274322
2025-08-19 10:03:00.000000000,1755568980000000000,4869,4870,4866,4868,289,274322,274186
2025-08-19 10:04:00.000000000,1755569040000000000,4868,4868,4865,4865,1150,274186,274202
2025-08-19 10:05:00.000000000,1755569100000000000,4865,4865,4862,4865,1337,274202,273996
2025-08-19 10:06:00.000000000,1755569160000000000,4865,4865,4862,4864,470,273996,273928
2025-08-19 10:07:00.000000000,1755569220000000000,4864,4865,4863,4865,285,273928,273914
2025-08-19 10:08:00.000000000,1755569280000000000,4865,4866,4862,4865,609,273914,273850
2025-08-19 10:09:00.000000000,1755569340000000000,4865,4869,4865,4868,449,273850,273821
2025-08-19 10:10:00.000000000,1755569400000000000,4868,4868,4865,4866,788,273821,273579
2025-08-19 10:11:00.000000000,1755569460000000000,4866,4868,4865,4868,809,273579,273526
2025-08-19 10:12:00.000000000,1755569520000000000,4868,4870,4868,4869,382,273526,273470
2025-08-19 10:13:00.000000000,1755569580000000000,4869,4869,4867,4869,664,273470,273380
2025-08-19 10:14:00.000000000,1755569640000000000,4869,4871,4864,4865,767,273380,273438
2025-08-19 10:30:00.000000000,1755570600000000000,4865,4867,4863,4866,405,273438,273347
2025-08-19 10:31:00.000000000,1755570660000000000,4866,4866,4863,4865,466,273347,273169
2025-08-19 10:32:00.000000000,1755570720000000000,4865,4867,4864,4867,290,273169,273086
2025-08-19 10:33:00.000000000,1755570780000000000,4867,4868,4863,4864,522,273086,272827
2025-08-19 10:34:00.000000000,1755570840000000000,4864,4869,4864,4867,310,272827,272825
2025-08-19 10:35:00.000000000,1755570900000000000,4867,4868,4865,4868,376,272825,272795
2025-08-19 10:36:00.000000000,1755570960000000000,4868,4868,4858,4860,1136,272795,272924
2025-08-19 10:37:00.000000000,1755571020000000000,4860,4861,4858,4860,847,272924,272801
2025-08-19 10:38:00.000000000,1755571080000000000,4860,4861,4858,4860,590,272801,272625
2025-08-19 10:39:00.000000000,1755571140000000000,4860,4861,4857,4858,464,272625,272466
2025-08-19 10:40:00.000000000,1755571200000000000,4858,4859,4856,4858,1030,272466,272034
2025-08-19 10:41:00.000000000,1755571260000000000,4858,4859,4853,4856,1599,272034,271659
2025-08-19 10:42:00.000000000,1755571320000000000,4856,4858,4855,4856,403,271659,271470
2025-08-19 10:43:00.000000000,1755571380000000000,4856,4856,4853,4854,583,271470,271156
2025-08-19 10:44:00.000000000,1755571440000000000,4854,4855,4853,4854,250,271156,271158
2025-08-19 10:45:00.000000000,1755571500000000000,4854,4856,4852,4856,1151,271158,270580
2025-08-19 10:46:00.000000000,1755571560000000000,4856,4857,4854,4855,372,270580,270455
2025-08-19 10:47:00.000000000,1755571620000000000,4855,4856,4854,4854,259,270455,270381
2025-08-19 10:48:00.000000000,1755571680000000000,4854,4856,4854,4856,263,270381,270291
2025-08-19 10:49:00.000000000,1755571740000000000,4856,4858,4856,4857,232,270291,270216
2025-08-19 10:50:00.000000000,1755571800000000000,4857,4858,4855,4856,245,270216,270107
2025-08-19 10:51:00.000000000,1755571860000000000,4856,4858,4856,4856,251,270107,270029
2025-08-19 10:52:00.000000000,1755571920000000000,4856,4858,4856,4857,282,270029,269831
2025-08-19 10:53:00.000000000,1755571980000000000,4857,4857,4854,4856,235,269831,269840
2025-08-19 10:54:00.000000000,1755572040000000000,4856,4857,4854,4854,99,269840,269823
2025-08-19 10:55:00.000000000,1755572100000000000,4854,4858,4854,4857,314,269823,269698
2025-08-19 10:56:00.000000000,1755572160000000000,4857,4859,4856,4856,243,269698,269699
2025-08-19 10:57:00.000000000,1755572220000000000,4856,4858,4856,4858,190,269699,269643
2025-08-19 10:58:00.000000000,1755572280000000000,4858,4859,4857,4857,174,269643,269683
2025-08-19 10:59:00.000000000,1755572340000000000,4857,4857,4854,4854,257,269683,269555
2025-08-19 11:00:00.000000000,1755572400000000000,4854,4855,4851,4852,1618,269555,269247
2025-08-19 11:01:00.000000000,1755572460000000000,4852,4854,4852,4854,397,269247,269181
2025-08-19 11:02:00.000000000,1755572520000000000,4854,4857,4854,4855,265,269181,269129
2025-08-19 11:03:00.000000000,1755572580000000000,4855,4857,4853,4854,348,269129,268908
2025-08-19 11:04:00.000000000,1755572640000000000,4854,4854,4852,4853,183,268908,268931
2025-08-19 11:05:00.000000000,1755572700000000000,4853,4855,4852,4855,253,268931,268826
2025-08-19 11:06:00.000000000,1755572760000000000,4855,4861,4855,4859,860,268826,268441
2025-08-19 11:07:00.000000000,1755572820000000000,4859,4860,4857,4857,150,268441,268419
2025-08-19 11:08:00.000000000,1755572880000000000,4857,4859,4856,4858,350,268419,268269
2025-08-19 11:09:00.000000000,1755572940000000000,4858,4858,4857,4857,195,268269,268190
2025-08-19 11:10:00.000000000,1755573000000000000,4857,4860,4856,4856,207,268190,268122
2025-08-19 11:11:00.000000000,1755573060000000000,4856,4858,4856,4857,76,268122,268088
2025-08-19 11:12:00.000000000,1755573120000000000,4857,4858,4856,4857,98,268088,268030
2025-08-19 11:13:00.000000000,1755573180000000000,4857,4860,4856,4857,390,268030,267869
2025-08-19 11:14:00.000000000,1755573240000000000,4857,4860,4856,4859,173,267869,267791
2025-08-19 11:15:00.000000000,1755573300000000000,4859,4861,4858,4858,239,267791,267706
2025-08-19 11:16:00.000000000,1755573360000000000,4858,4859,4857,4858,160,267706,267687
2025-08-19 11:17:00.000000000,1755573420000000000,4858,4862,4855,4860,668,267687,267505
2025-08-19 11:18:00.000000000,1755573480000000000,4860,4860,4858,4860,308,267505,267471
2025-08-19 11:19:00.000000000,1755573540000000000,4860,4860,4858,4858,283,267471,267441
2025-08-19 11:20:00.000000000,1755573600000000000,4858,4860,4857,4860,159,267441,267433
2025-08-19 11:21:00.000000000,1755573660000000000,4860,4864,4859,4863,670,267433,267170
2025-08-19 11:22:00.000000000,1755573720000000000,4863,4864,4861,4861,292,267170,267100
2025-08-19 11:23:00.000000000,1755573780000000000,4861,4865,4861,4864,647,267100,266873
2025-08-19 11:24:00.000000000,1755573840000000000,4864,4866,4864,4865,845,266873,266393
2025-08-19 11:25:00.000000000,1755573900000000000,4865,4866,4861,4861,851,266393,266210
2025-08-19 11:26:00.000000000,1755573960000000000,4861,4865,4861,4862,743,266210,265785
2025-08-19 11:27:00.000000000,1755574020000000000,4862,4871,4861,4868,852,265785,265532
2025-08-19 11:28:00.000000000,1755574080000000000,4868,4871,4868,4870,486,265532,265314
2025-08-19 11:29:00.000000000,1755574140000000000,4870,4871,4866,4868,655,265314,265218
2025-08-19 13:30:00.000000000,1755581400000000000,4867,4867,4864,4865,770,265218,264992
2025-08-19 13:31:00.000000000,1755581460000000000,4865,4866,4863,4863,879,264992,264514
2025-08-19 13:32:00.000000000,1755581520000000000,4863,4864,4859,4859,558,264514,264531
2025-08-19 13:33:00.000000000,1755581580000000000,4859,4860,4858,4858,284,264531,264583
2025-08-19 13:34:00.000000000,1755581640000000000,4858,4859,4857,4858,219,264583,264475
2025-08-19 13:35:00.000000000,1755581700000000000,4858,4859,4858,4858,1101,264475,264281
2025-08-19 13:36:00.000000000,1755581760000000000,4858,4861,4858,4861,773,264281,264239
2025-08-19 13:37:00.000000000,1755581820000000000,4861,4861,4859,4859,188,264239,264179
2025-08-19 13:38:00.000000000,1755581880000000000,4859,4860,4859,4859,155,264179,264131
2025-08-19 13:39:00.000000000,1755581940000000000,4859,4859,4856,4858,445,264131,264183
2025-08-19 13:40:00.000000000,1755582000000000000,4858,4859,4856,4858,342,264183,264047
2025-08-19 13:41:00.000000000,1755582060000000000,4858,4860,4857,4859,150,264047,264013
2025-08-19 13:42:00.000000000,1755582120000000000,4859,4860,4859,4859,168,264013,264067
2025-08-19 13:43:00.000000000,1755582180000000000,4859,4862,4859,4862,702,264067,264123
2025-08-19 13:44:00.000000000,1755582240000000000,4862,4862,4859,4859,193,264123,264054
2025-08-19 13:45:00.000000000,1755582300000000000,4859,4861,4858,4860,268,264054,264135
2025-08-19 13:46:00.000000000,1755582360000000000,4860,4861,4857,4857,262,264135,264115
2025-08-19 13:47:00.000000000,1755582420000000000,4857,4859,4856,4858,142,264115,264059
2025-08-19 13:48:00.000000000,1755582480000000000,4858,4859,4857,4857,91,264059,264049
2025-08-19 13:49:00.000000000,1755582540000000000,4857,4858,4855,4858,383,264049,264187
2025-08-19 13:50:00.000000000,1755582600000000000,4858,4858,4855,4856,248,264187,264150
2025-08-19 13:51:00.000000000,1755582660000000000,4856,4857,4853,4853,384,264150,264134
2025-08-19 13:52:00.000000000,1755582720000000000,4853,4855,4852,4853,354,264134,264045
2025-08-19 13:53:00.000000000,1755582780000000000,4853,4856,4853,4854,294,264045,263964
2025-08-19 13:54:00.000000000,1755582840000000000,4854,4856,4853,4855,429,263964,263968
2025-08-19 13:55:00.000000000,1755582900000000000,4855,4857,4854,4856,159,263968,263941
2025-08-19 13:56:00.000000000,1755582960000000000,4856,4856,4853,4855,299,263941,263917
2025-08-19 13:57:00.000000000,1755583020000000000,4855,4857,4854,4856,373,263917,263901
2025-08-19 13:58:00.000000000,1755583080000000000,4856,4856,4854,4854,97,263901,263851
2025-08-19 13:59:00.000000000,1755583140000000000,4854,4855,4853,4855,334,263851,263812
2025-08-19 14:00:00.000000000,1755583200000000000,4855,4856,4854,4856,231,263812,263746
2025-08-19 14:01:00.000000000,1755583260000000000,4856,4859,4856,4858,336,263746,263622
2025-08-19 14:02:00.000000000,1755583320000000000,4858,4859,4856,4858,206,263622,263627
2025-08-19 14:03:00.000000000,1755583380000000000,4858,4859,4857,4857,115,263627,263620
2025-08-19 14:04:00.000000000,1755583440000000000,4857,4859,4856,4858,110,263620,263587
2025-08-19 14:05:00.000000000,1755583500000000000,4858,4860,4857,4857,193,263587,263533
2025-08-19 14:06:00.000000000,1755583560000000000,4857,4860,4857,4857,157,263533,263466
2025-08-19 14:07:00.000000000,1755583620000000000,4857,4860,4857,4860,151,263466,263413
2025-08-19 14:08:00.000000000,1755583680000000000,4860,4861,4858,4859,293,263413,263348
2025-08-19 14:09:00.000000000,1755583740000000000,4859,4860,4858,4858,388,263348,263132
2025-08-19 14:10:00.000000000,1755583800000000000,4858,4859,4856,4858,220,263132,263083
2025-08-19 14:11:00.000000000,1755583860000000000,4858,4858,4856,4856,144,263083,263033
2025-08-19 14:12:00.000000000,1755583920000000000,4856,4857,4854,4855,575,263033,262725
2025-08-19 14:13:00.000000000,1755583980000000000,4855,4855,4853,4855,1127,262725,262652
2025-08-19 14:14:00.000000000,1755584040000000000,4855,4856,4855,4856,159,262652,262586
2025-08-19 14:15:00.000000000,1755584100000000000,4856,4856,4854,4854,191,262586,262563
2025-08-19 14:16:00.000000000,1755584160000000000,4854,4856,4854,4855,109,262563,262520
2025-08-19 14:17:00.000000000,1755584220000000000,4855,4856,4853,4853,191,262520,262513
2025-08-19 14:18:00.000000000,1755584280000000000,4853,4854,4852,4852,259,262513,262480
2025-08-19 14:19:00.000000000,1755584340000000000,4852,4853,4851,4851,432,262480,262467
2025-08-19 14:20:00.000000000,1755584400000000000,4851,4853,4851,4852,376,262467,262374
2025-08-19 14:21:00.000000000,1755584460000000000,4852,4853,4851,4851,536,262374,262336
2025-08-19 14:22:00.000000000,1755584520000000000,4851,4854,4851,4854,304,262336,262216
2025-08-19 14:23:00.000000000,1755584580000000000,4854,4856,4854,4855,653,262216,261839
2025-08-19 14:24:00.000000000,1755584640000000000,4855,4856,4854,4855,387,261839,261692
2025-08-19 14:25:00.000000000,1755584700000000000,4855,4857,4854,4854,394,261692,261658
2025-08-19 14:26:00.000000000,1755584760000000000,4854,4855,4852,4852,221,261658,261658
2025-08-19 14:27:00.000000000,1755584820000000000,4852,4855,4851,4855,1207,261658,260979
2025-08-19 14:28:00.000000000,1755584880000000000,4855,4858,4855,4857,733,260979,260666
2025-08-19 14:29:00.000000000,1755584940000000000,4857,4859,4856,4858,386,260666,260532
2025-08-19 14:30:00.000000000,1755585000000000000,4858,4858,4855,4856,305,260532,260535
2025-08-19 14:31:00.000000000,1755585060000000000,4856,4857,4856,4856,156,260535,260491
2025-08-19 14:32:00.000000000,1755585120000000000,4856,4858,4855,4856,301,260491,260501
2025-08-19 14:33:00.000000000,1755585180000000000,4856,4857,4855,4855,206,260501,260346
2025-08-19 14:34:00.000000000,1755585240000000000,4855,4859,4855,4857,465,260346,260115
2025-08-19 14:35:00.000000000,1755585300000000000,4857,4858,4856,4857,176,260115,260025
2025-08-19 14:36:00.000000000,1755585360000000000,4857,4857,4856,4857,339,260025,259798
2025-08-19 14:37:00.000000000,1755585420000000000,4857,4858,4857,4858,177,259798,259731
2025-08-19 14:38:00.000000000,1755585480000000000,4858,4859,4856,4857,879,259731,259248
2025-08-19 14:39:00.000000000,1755585540000000000,4857,4860,4857,4860,497,259248,259043
2025-08-19 14:40:00.000000000,1755585600000000000,4860,4863,4860,4862,450,259043,258826
2025-08-19 14:41:00.000000000,1755585660000000000,4862,4863,4860,4861,187,258826,258806
2025-08-19 14:42:00.000000000,1755585720000000000,4861,4862,4860,4861,181,258806,258704
2025-08-19 14:43:00.000000000,1755585780000000000,4861,4863,4861,4861,263,258704,258580
2025-08-19 14:44:00.000000000,1755585840000000000,4861,4862,4860,4861,112,258580,258530
2025-08-19 14:45:00.000000000,1755585900000000000,4861,4862,4860,4861,133,258530,258457
2025-08-19 14:46:00.000000000,1755585960000000000,4861,4863,4861,4861,522,258457,258249
2025-08-19 14:47:00.000000000,1755586020000000000,4861,4862,4860,4860,179,258249,258160
2025-08-19 14:48:00.000000000,1755586080000000000,4860,4861,4859,4860,323,258160,258005
2025-08-19 14:49:00.000000000,1755586140000000000,4860,4861,4859,4860,421,258005,257821
2025-08-19 14:50:00.000000000,1755586200000000000,4860,4862,4860,4860,412,257821,257606
2025-08-19 14:51:00.000000000,1755586260000000000,4860,4862,4859,4861,275,257606,257551
2025-08-19 14:52:00.000000000,1755586320000000000,4861,4862,4859,4860,212,257551,257559
2025-08-19 14:53:00.000000000,1755586380000000000,4860,4860,4858,4859,562,257559,257364
2025-08-19 14:54:00.000000000,1755586440000000000,4859,4861,4858,4860,443,257364,257097
2025-08-19 14:55:00.000000000,1755586500000000000,4860,4862,4859,4860,800,257097,256735
2025-08-19 14:56:00.000000000,1755586560000000000,4860,4860,4857,4858,391,256735,256539
2025-08-19 14:57:00.000000000,1755586620000000000,4858,4859,4856,4856,819,256539,256252
2025-08-19 14:58:00.000000000,1755586680000000000,4856,4858,4855,4856,921,256252,255874
2025-08-19 14:59:00.000000000,1755586740000000000,4856,4856,4854,4856,940,255874,255630
2025-08-19 21:00:00.000000000,1755608400000000000,4875,4875,4856,4866,8541,255630,255828
2025-08-19 21:01:00.000000000,1755608460000000000,4866,4869,4861,4863,2399,255828,255091
2025-08-19 21:02:00.000000000,1755608520000000000,4863,4865,4855,4856,1158,255091,255145
2025-08-19 21:03:00.000000000,1755608580000000000,4856,4856,4852,4854,1882,255145,254658
2025-08-19 21:04:00.000000000,1755608640000000000,4854,4854,4852,4853,851,254658,254753
2025-08-19 21:05:00.000000000,1755608700000000000,4853,4855,4851,4853,668,254753,254576
2025-08-19 21:06:00.000000000,1755608760000000000,4853,4856,4847,4851,4656,254576,253673
2025-08-19 21:07:00.000000000,1755608820000000000,4851,4855,4851,4852,985,253673,253373
2025-08-19 21:08:00.000000000,1755608880000000000,4852,4855,4851,4851,263,253373,253301
2025-08-19 21:09:00.000000000,1755608940000000000,4851,4852,4848,4849,329,253301,253285
2025-08-19 21:10:00.000000000,1755609000000000000,4849,4853,4848,4849,585,253285,253255
2025-08-19 21:11:00.000000000,1755609060000000000,4849,4854,4848,4854,605,253255,253224
2025-08-19 21:12:00.000000000,1755609120000000000,4854,4854,4852,4854,668,253224,252917
2025-08-19 21:13:00.000000000,1755609180000000000,4854,4855,4853,4854,257,252917,252857
2025-08-19 21:14:00.000000000,1755609240000000000,4854,4854,4850,4850,227,252857,252872
2025-08-19 21:15:00.000000000,1755609300000000000,4850,4851,4849,4849,357,252872,252845
2025-08-19 21:16:00.000000000,1755609360000000000,4849,4849,4844,4845,786,252845,252620
2025-08-19 21:17:00.000000000,1755609420000000000,4845,4846,4842,4844,911,252620,252785
2025-08-19 21:18:00.000000000,1755609480000000000,4844,4844,4841,4843,490,252785,252715
2025-08-19 21:19:00.000000000,1755609540000000000,4843,4844,4841,4843,413,252715,252541
2025-08-19 21:20:00.000000000,1755609600000000000,4843,4843,4840,4841,719,252541,252377
2025-08-19 21:21:00.000000000,1755609660000000000,4841,4844,4841,4844,358,252377,252338
2025-08-19 21:22:00.000000000,1755609720000000000,4844,4847,4843,4845,590,252338,252195
2025-08-19 21:23:00.000000000,1755609780000000000,4845,4846,4844,4845,364,252195,252219
2025-08-19 21:24:00.000000000,1755609840000000000,4845,4845,4844,4844,154,252219,252208
2025-08-19 21:25:00.000000000,1755609900000000000,4844,4847,4844,4846,228,252208,252128
2025-08-19 21:26:00.000000000,1755609960000000000,4846,4847,4845,4846,158,252128,252133
2025-08-19 21:27:00.000000000,1755610020000000000,4846,4847,4846,4846,170,252133,252133
2025-08-19 21:28:00.000000000,1755610080000000000,4846,4847,4843,4843,114,252133,252102
2025-08-19 21:29:00.000000000,1755610140000000000,4843,4844,4840,4841,332,252102,252068
2025-08-19 21:30:00.000000000,1755610200000000000,4841,4843,4841,4841,426,252068,252051
2025-08-19 21:31:00.000000000,1755610260000000000,4841,4843,4840,4843,443,252051,251774
2025-08-19 21:32:00.000000000,1755610320000000000,4843,4844,4842,4843,292,251774,251681
2025-08-19 21:33:00.000000000,1755610380000000000,4843,4843,4840,4843,535,251681,251398
2025-08-19 21:34:00.000000000,1755610440000000000,4843,4843,4841,4841,60,251398,251410
2025-08-19 21:35:00.000000000,1755610500000000000,4841,4842,4841,4841,182,251410,251384
2025-08-19 21:36:00.000000000,1755610560000000000,4841,4842,4840,4841,113,251384,251359
2025-08-19 21:37:00.000000000,1755610620000000000,4841,4841,4835,4835,951,251359,251345
2025-08-19 21:38:00.000000000,1755610680000000000,4835,4838,4835,4838,291,251345,251293
2025-08-19 21:39:00.000000000,1755610740000000000,4838,4838,4836,4837,130,251293,251309
2025-08-19 21:40:00.000000000,1755610800000000000,4837,4839,4835,4836,297,251309,251232
2025-08-19 21:41:00.000000000,1755610860000000000,4836,4836,4833,4835,479,251232,251143
2025-08-19 21:42:00.000000000,1755610920000000000,4835,4836,4834,4835,266,251143,251098
2025-08-19 21:43:00.000000000,1755610980000000000,4835,4839,4834,4839,410,251098,250896
2025-08-19 21:44:00.000000000,1755611040000000000,4839,4840,4837,4839,208,250896,250824
2025-08-19 21:45:00.000000000,1755611100000000000,4839,4840,4838,4838,188,250824,250831
2025-08-19 21:46:00.000000000,1755611160000000000,4838,4840,4838,4839,160,250831,250801
2025-08-19 21:47:00.000000000,1755611220000000000,4839,4839,4836,4838,253,250801,250754
2025-08-19 21:48:00.000000000,1755611280000000000,4838,4840,4838,4840,312,250754,250720
2025-08-19 21:49:00.000000000,1755611340000000000,4840,4841,4839,4839,213,250720,250696
2025-08-19 21:50:00.000000000,1755611400000000000,4839,4843,4839,4843,1561,250696,249815
2025-08-19 21:51:00.000000000,1755611460000000000,4843,4844,4841,4844,944,249815,249172
2025-08-19 21:52:00.000000000,1755611520000000000,4844,4846,4842,4846,1613,249172,248271
2025-08-19 21:53:00.000000000,1755611580000000000,4846,4850,4845,4848,1560,248271,247396
2025-08-19 21:54:00.000000000,1755611640000000000,4848,4849,4846,4847,580,247396,247274
2025-08-19 21:55:00.000000000,1755611700000000000,4847,4848,4844,4844,135,247274,247282
2025-08-19 21:56:00.000000000,1755611760000000000,4844,4846,4844,4846,273,247282,247168
2025-08-19 21:57:00.000000000,1755611820000000000,4846,4846,4842,4842,279,247168,247070
2025-08-19 21:58:00.000000000,1755611880000000000,4842,4844,4841,4844,202,247070,247016
2025-08-19 21:59:00.000000000,1755611940000000000,4844,4845,4843,4843,212,247016,247005
2025-08-19 22:00:00.000000000,1755612000000000000,4843,4844,4842,4842,130,247005,246945
2025-08-19 22:01:00.000000000,1755612060000000000,4842,4845,4842,4844,172,246945,247016
2025-08-19 22:02:00.000000000,1755612120000000000,4844,4845,4843,4844,36,247016,247013
2025-08-19 22:03:00.000000000,1755612180000000000,4844,4846,4843,4844,116,247013,247040
2025-08-19 22:04:00.000000000,1755612240000000000,4844,4846,4842,4845,66,247040,247041
2025-08-19 22:05:00.000000000,1755612300000000000,4845,4845,4843,4844,155,247041,247068
2025-08-19 22:06:00.000000000,1755612360000000000,4844,4844,4842,4842,86,247068,247052
2025-08-19 22:07:00.000000000,1755612420000000000,4842,4843,4840,4841,311,247052,247016
2025-08-19 22:08:00.000000000,1755612480000000000,4841,4842,4839,4841,263,247016,246877
2025-08-19 22:09:00.000000000,1755612540000000000,4841,4841,4839,4841,96,246877,246840
2025-08-19 22:10:00.000000000,1755612600000000000,4841,4841,4838,4838,648,246840,246659
2025-08-19 22:11:00.000000000,1755612660000000000,4838,4841,4837,4840,197,246659,246620
2025-08-19 22:12:00.000000000,1755612720000000000,4840,4844,4840,4844,129,246620,246544
2025-08-19 22:13:00.000000000,1755612780000000000,4844,4844,4841,4841,153,246544,246523
2025-08-19 22:14:00.000000000,1755612840000000000,4841,4842,4841,4842,61,246523,246523
2025-08-19 22:15:00.000000000,1755612900000000000,4842,4843,4840,4842,199,246523,246474
2025-08-19 22:16:00.000000000,1755612960000000000,4842,4845,4842,4843,185,246474,246332
2025-08-19 22:17:00.000000000,1755613020000000000,4843,4844,4843,4843,47,246332,246313
2025-08-19 22:18:00.000000000,1755613080000000000,4843,4844,4843,4843,98,246313,246283
2025-08-19 22:19:00.000000000,1755613140000000000,4843,4843,4842,4843,45,246283,246275
2025-08-19 22:20:00.000000000,1755613200000000000,4843,4843,4841,4842,46,246275,246268
2025-08-19 22:21:00.000000000,1755613260000000000,4842,4843,4842,4843,56,246268,246259
2025-08-19 22:22:00.000000000,1755613320000000000,4843,4844,4841,4842,252,246259,246436
2025-08-19 22:23:00.000000000,1755613380000000000,4842,4843,4842,4842,42,246436,246451
2025-08-19 22:24:00.000000000,1755613440000000000,4842,4842,4838,4839,137,246451,246410
2025-08-19 22:25:00.000000000,1755613500000000000,4839,4841,4839,4840,100,246410,246381
2025-08-19 22:26:00.000000000,1755613560000000000,4840,4840,4839,4840,56,246381,246374
2025-08-19 22:27:00.000000000,1755613620000000000,4840,4841,4839,4840,40,246374,246369
2025-08-19 22:28:00.000000000,1755613680000000000,4840,4840,4835,4835,534,246369,246422
2025-08-19 22:29:00.000000000,1755613740000000000,4835,4837,4835,4836,164,246422,246410
2025-08-19 22:30:00.000000000,1755613800000000000,4836,4836,4832,4835,564,246410,246214
2025-08-19 22:31:00.000000000,1755613860000000000,4835,4835,4832,4834,359,246214,246197
2025-08-19 22:32:00.000000000,1755613920000000000,4834,4834,4831,4833,354,246197,246085
2025-08-19 22:33:00.000000000,1755613980000000000,4833,4833,4832,4832,196,246085,245998
2025-08-19 22:34:00.000000000,1755614040000000000,4832,4833,4831,4833,341,245998,246009
2025-08-19 22:35:00.000000000,1755614100000000000,4833,4835,4833,4834,161,246009,245960
2025-08-19 22:36:00.000000000,1755614160000000000,4834,4836,4833,4834,239,245960,245815
2025-08-19 22:37:00.000000000,1755614220000000000,4834,4834,4832,4833,142,245815,245768
2025-08-19 22:38:00.000000000,1755614280000000000,4833,4833,4831,4833,944,245768,245270
2025-08-19 22:39:00.000000000,1755614340000000000,4833,4834,4831,4832,179,245270,245165
2025-08-19 22:40:00.000000000,1755614400000000000,4832,4835,4832,4833,517,245165,245025
2025-08-19 22:41:00.000000000,1755614460000000000,4833,4835,4833,4834,139,245025,245028
2025-08-19 22:42:00.000000000,1755614520000000000,4834,4835,4832,4832,332,245028,244905
2025-08-19 22:43:00.000000000,1755614580000000000,4832,4833,4830,4832,816,244905,244553
2025-08-19 22:44:00.000000000,1755614640000000000,4832,4832,4830,4831,138,244553,244538
2025-08-19 22:45:00.000000000,1755614700000000000,4831,4833,4831,4832,883,244538,243912
2025-08-19 22:46:00.000000000,1755614760000000000,4832,4832,4831,4831,210,243912,243894
2025-08-19 22:47:00.000000000,1755614820000000000,4831,4832,4830,4831,1722,243894,243380
2025-08-19 22:48:00.000000000,1755614880000000000,4831,4833,4831,4832,187,243380,243363
2025-08-19 22:49:00.000000000,1755614940000000000,4832,4832,4829,4829,1151,243363,242810
2025-08-19 22:50:00.000000000,1755615000000000000,4829,4831,4828,4829,277,242810,242759
2025-08-19 22:51:00.000000000,1755615060000000000,4829,4831,4828,4829,427,242759,242597
2025-08-19 22:52:00.000000000,1755615120000000000,4829,4833,4829,4833,543,242597,242396
2025-08-19 22:53:00.000000000,1755615180000000000,4833,4835,4833,4834,350,242396,242311
2025-08-19 22:54:00.000000000,1755615240000000000,4834,4837,4834,4835,479,242311,242070
2025-08-19 22:55:00.000000000,1755615300000000000,4835,4837,4835,4835,187,242070,241963
2025-08-19 22:56:00.000000000,1755615360000000000,4835,4837,4835,4836,694,241963,241542
2025-08-19 22:57:00.000000000,1755615420000000000,4836,4837,4836,4836,99,241542,241475
2025-08-19 22:58:00.000000000,1755615480000000000,4836,4836,4834,4835,201,241475,241377
2025-08-19 22:59:00.000000000,1755615540000000000,4835,4835,4830,4830,704,241377,241138
2025-08-20 09:00:00.000000000,1755651600000000000,4830,4834,4826,4831,2043,241138,240740
2025-08-20 09:01:00.000000000,1755651660000000000,4831,4834,4830,4833,405,240740,240647
2025-08-20 09:02:00.000000000,1755651720000000000,4833,4834,4830,4833,609,240647,240406
2025-08-20 09:03:00.000000000,1755651780000000000,4833,4834,4825,4825,787,240406,240268
2025-08-20 09:04:00.000000000,1755651840000000000,4825,4827,4823,4826,865,240268,240013
2025-08-20 09:05:00.000000000,1755651900000000000,4826,4827,4824,4827,455,240013,239774
2025-08-20 09:06:00.000000000,1755651960000000000,4827,4827,4822,4822,583,239774,239771
2025-08-20 09:07:00.000000000,1755652020000000000,4822,4823,4819,4821,1834,239771,238992
2025-08-20 09:08:00.000000000,1755652080000000000,4821,4826,4821,4825,581,238992,238899
2025-08-20 09:09:00.000000000,1755652140000000000,4825,4827,4823,4824,513,238899,238681
2025-08-20 09:10:00.000000000,1755652200000000000,4824,4825,4822,4824,474,238681,238512
2025-08-20 09:11:00.000000000,1755652260000000000,4824,4824,4821,4823,547,238512,238491
2025-08-20 09:12:00.000000000,1755652320000000000,4823,4823,4820,4821,346,238491,238411
2025-08-20 09:13:00.000000000,1755652380000000000,4821,4823,4818,4820,1687,238411,237555
2025-08-20 09:14:00.000000000,1755652440000000000,4820,4820,4816,4817,788,237555,237312
2025-08-20 09:15:00.000000000,1755652500000000000,4817,4821,4816,4819,462,237312,237130
2025-08-20 09:16:00.000000000,1755652560000000000,4819,4821,4818,4820,354,237130,237042
2025-08-20 09:17:00.000000000,1755652620000000000,4820,4822,4819,4821,301,237042,236978
2025-08-20 09:18:00.000000000,1755652680000000000,4821,4825,4821,4825,296,236978,236880
2025-08-20 09:19:00.000000000,1755652740000000000,4825,4825,4822,4822,268,236880,236815
2025-08-20 09:20:00.000000000,1755652800000000000,4822,4824,4821,4823,233,236815,236845
2025-08-20 09:21:00.000000000,1755652860000000000,4823,4823,4821,4823,272,236845,236673
2025-08-20 09:22:00.000000000,1755652920000000000,4823,4823,4821,4822,158,236673,236554
2025-08-20 09:23:00.000000000,1755652980000000000,4822,4823,4821,4823,277,236554,236390
2025-08-20 09:24:00.000000000,1755653040000000000,4823,4823,4820,4823,366,236390,236261
2025-08-20 09:25:00.000000000,1755653100000000000,4823,4825,4823,4825,144,236261,236292
2025-08-20 09:26:00.000000000,1755653160000000000,4825,4825,4822,4824,310,236292,236047
2025-08-20 09:27:00.000000000,1755653220000000000,4824,4824,4822,4824,139,236047,235993
2025-08-20 09:28:00.000000000,1755653280000000000,4824,4825,4823,4825,133,235993,235916
2025-08-20 09:29:00.000000000,1755653340000000000,4825,4826,4824,4825,224,235916,235751
2025-08-20 09:30:00.000000000,1755653400000000000,4825,4825,4821,4823,216,235751,235753
2025-08-20 09:31:00.000000000,1755653460000000000,4823,4826,4823,4826,260,235753,235687
2025-08-20 09:32:00.000000000,1755653520000000000,4826,4827,4824,4826,323,235687,235597
2025-08-20 09:33:00.000000000,1755653580000000000,4826,4827,4824,4825,199,235597,235522
2025-08-20 09:34:00.000000000,1755653640000000000,4825,4827,4825,4825,166,235522,235508
2025-08-20 09:35:00.000000000,1755653700000000000,4825,4825,4823,4825,137,235508,235485
2025-08-20 09:36:00.000000000,1755653760000000000,4825,4825,4824,4824,35,235485,235482
2025-08-20 09:37:00.000000000,1755653820000000000,4824,4825,4823,4824,85,235482,235464
2025-08-20 09:38:00.000000000,1755653880000000000,4824,4827,4824,4827,142,235464,235422
2025-08-20 09:39:00.000000000,1755653940000000000,4827,4828,4826,4827,192,235422,235320
2025-08-20 09:40:00.000000000,1755654000000000000,4827,4829,4826,4828,271,235320,235280
2025-08-20 09:41:00.000000000,1755654060000000000,4828,4833,4828,4832,1113,235280,234842
2025-08-20 09:42:00.000000000,1755654120000000000,4832,4835,4831,4835,1751,234842,233753
2025-08-20 09:43:00.000000000,1755654180000000000,4835,4836,4833,4835,1421,233753,233166
2025-08-20 09:44:00.000000000,1755654240000000000,4835,4839,4835,4839,1280,233166,232396
2025-08-20 09:45:00.000000000,1755654300000000000,4839,4839,4835,4835,1795,232396,231693
2025-08-20 09:46:00.000000000,1755654360000000000,4835,4836,4834,4835,503,231693,231585
2025-08-20 09:47:00.000000000,1755654420000000000,4835,4838,4835,4836,360,231585,231433
2025-08-20 09:48:00.000000000,1755654480000000000,4836,4837,4835,4836,331,231433,231194
2025-08-20 09:49:00.000000000,1755654540000000000,4836,4837,4834,4836,513,231194,231088
2025-08-20 09:50:00.000000000,1755654600000000000,4836,4838,4835,4837,1097,231088,230749
2025-08-20 09:51:00.000000000,1755654660000000000,4837,4837,4833,4834,325,230749,230642
2025-08-20 09:52:00.000000000,1755654720000000000,4834,4836,4834,4836,256,230642,230447
2025-08-20 09:53:00.000000000,1755654780000000000,4836,4838,4835,4835,223,230447,230381
2025-08-20 09:54:00.000000000,1755654840000000000,4835,4837,4833,4833,116,230381,230365
2025-08-20 09:55:00.000000000,1755654900000000000,4833,4835,4833,4834,82,230365,230316
2025-08-20 09:56:00.000000000,1755654960000000000,4834,4835,4832,4833,106,230316,230260
2025-08-20 09:57:00.000000000,1755655020000000000,4833,4835,4832,4835,99,230260,230204
2025-08-20 09:58:00.000000000,1755655080000000000,4835,4835,4830,4831,377,230204,230252
2025-08-20 09:59:00.000000000,1755655140000000000,4831,4831,4826,4827,424,230252,230182
2025-08-20 10:00:00.000000000,1755655200000000000,4827,4829,4825,4828,376,230182,230104
2025-08-20 10:01:00.000000000,1755655260000000000,4828,4828,4823,4824,511,230104,229908
2025-08-20 10:02:00.000000000,1755655320000000000,4824,4825,4820,4820,719,229908,229945
2025-08-20 10:03:00.000000000,1755655380000000000,4820,4823,4819,4822,314,229945,229848
2025-08-20 10:04:00.000000000,1755655440000000000,4822,4824,4820,4824,594,229848,229636
2025-08-20 10:05:00.000000000,1755655500000000000,4824,4824,4820,4823,324,229636,229485
2025-08-20 10:06:00.000000000,1755655560000000000,4823,4824,4822,4824,278,229485,229383
2025-08-20 10:07:00.000000000,1755655620000000000,4824,4827,4822,4826,1118,229383,229116
2025-08-20 10:08:00.000000000,1755655680000000000,4826,4834,4826,4833,857,229116,228819
2025-08-20 10:09:00.000000000,1755655740000000000,4833,4837,4833,4835,588,228819,228630
2025-08-20 10:10:00.000000000,1755655800000000000,4835,4840,4834,4839,1558,228630,228092
2025-08-20 10:11:00.000000000,1755655860000000000,4839,4839,4836,4838,500,228092,227946
2025-08-20 10:12:00.000000000,1755655920000000000,4838,4839,4835,4836,481,227946,227816
2025-08-20 10:13:00.000000000,1755655980000000000,4836,4838,4835,4837,180,227816,227783
2025-08-20 10:14:00.000000000,1755656040000000000,4837,4839,4836,4839,234,227783,227751
2025-08-20 10:30:00.000000000,1755657000000000000,4837,4847,4837,4842,1575,227751,227130
2025-08-20 10:31:00.000000000,1755657060000000000,4842,4845,4841,4843,1312,227130,226544
2025-08-20 10:32:00.000000000,1755657120000000000,4843,4847,4843,4845,773,226544,226428
2025-08-20 10:33:00.000000000,1755657180000000000,4845,4847,4844,4844,316,226428,226375
2025-08-20 10:34:00.000000000,1755657240000000000,4844,4845,4842,4842,272,226375,226283
2025-08-20 10:35:00.000000000,1755657300000000000,4842,4845,4842,4844,429,226283,226151
2025-08-20 10:36:00.000000000,1755657360000000000,4844,4846,4842,4844,467,226151,226035
2025-08-20 10:37:00.000000000,1755657420000000000,4844,4847,4843,4843,274,226035,226006
2025-08-20 10:38:00.000000000,1755657480000000000,4843,4844,4842,4842,132,226006,225989
2025-08-20 10:39:00.000000000,1755657540000000000,4842,4843,4840,4841,207,225989,225942
2025-08-20 10:40:00.000000000,1755657600000000000,4841,4841,4839,4840,298,225942,225901
2025-08-20 10:41:00.000000000,1755657660000000000,4840,4840,4838,4840,448,225901,225972
2025-08-20 10:42:00.000000000,1755657720000000000,4840,4840,4838,4838,113,225972,225940
2025-08-20 10:43:00.000000000,1755657780000000000,4838,4838,4834,4836,695,225940,226013
2025-08-20 10:44:00.000000000,1755657840000000000,4836,4837,4834,4835,155,226013,225945
2025-08-20 10:45:00.000000000,1755657900000000000,4835,4840,4835,4839,250,225945,225903
2025-08-20 10:46:00.000000000,1755657960000000000,4839,4840,4838,4839,205,225903,225815
2025-08-20 10:47:00.000000000,1755658020000000000,4839,4840,4838,4838,462,225815,225452
2025-08-20 10:48:00.000000000,1755658080000000000,4838,4839,4838,4839,490,225452,225184
2025-08-20 10:49:00.000000000,1755658140000000000,4839,4840,4836,4839,1008,225184,224744
2025-08-20 10:50:00.000000000,1755658200000000000,4839,4839,4835,4836,482,224744,224709
2025-08-20 10:51:00.000000000,1755658260000000000,4836,4837,4835,4836,152,224709,224695
2025-08-20 10:52:00.000000000,1755658320000000000,4836,4837,4835,4836,128,224695,224638
2025-08-20 10:53:00.000000000,1755658380000000000,4836,4836,4834,4835,140,224638,224587
2025-08-20 10:54:00.000000000,1755658440000000000,4835,4837,4834,4835,207,224587,224505
2025-08-20 10:55:00.000000000,1755658500000000000,4835,4836,4832,4833,372,224505,224401
2025-08-20 10:56:00.000000000,1755658560000000000,4833,4833,4831,4832,436,224401,224355
2025-08-20 10:57:00.000000000,1755658620000000000,4832,4833,4830,4832,397,224355,224317
2025-08-20 10:58:00.000000000,1755658680000000000,4832,4832,4830,4831,176,224317,224328
2025-08-20 10:59:00.000000000,1755658740000000000,4831,4832,4830,4831,160,224328,224301
2025-08-20 11:00:00.000000000,1755658800000000000,4831,4831,4828,4830,448,224301,224095
2025-08-20 11:01:00.000000000,1755658860000000000,4830,4832,4829,4832,193,224095,224065
2025-08-20 11:02:00.000000000,1755658920000000000,4832,4832,4828,4830,230,224065,224010
2025-08-20 11:03:00.000000000,1755658980000000000,4830,4835,4830,4834,218,224010,223957
2025-08-20 11:04:00.000000000,1755659040000000000,4834,4835,4834,4834,154,223957,223871
2025-08-20 11:05:00.000000000,1755659100000000000,4834,4835,4833,4833,260,223871,223829
2025-08-20 11:06:00.000000000,1755659160000000000,4833,4835,4832,4833,392,223829,223940
2025-08-20 11:07:00.000000000,1755659220000000000,4833,4835,4831,4832,235,223940,223905
2025-08-20 11:08:00.000000000,1755659280000000000,4832,4834,4832,4832,171,223905,223936
2025-08-20 11:09:00.000000000,1755659340000000000,4832,4834,4831,4831,151,223936,223954
2025-08-20 11:10:00.000000000,1755659400000000000,4831,4833,4831,4832,115,223954,223953
2025-08-20 11:11:00.000000000,1755659460000000000,4832,4833,4832,4833,118,223953,223882
2025-08-20 11:12:00.000000000,1755659520000000000,4833,4833,4831,4833,253,223882,223792
2025-08-20 11:13:00.000000000,1755659580000000000,4833,4833,4831,4832,211,223792,223715
2025-08-20 11:14:00.000000000,1755659640000000000,4832,4832,4829,4829,168,223715,223782
2025-08-20 11:15:00.000000000,1755659700000000000,4829,4832,4829,4831,155,223782,223721
2025-08-20 11:16:00.000000000,1755659760000000000,4831,4832,4830,4830,118,223721,223728
2025-08-20 11:17:00.000000000,1755659820000000000,4830,4831,4830,4830,131,223728,223717
2025-08-20 11:18:00.000000000,1755659880000000000,4830,4831,4828,4829,198,223717,223649
2025-08-20 11:19:00.000000000,1755659940000000000,4829,4833,4828,4833,185,223649,223609
2025-08-20 11:20:00.000000000,1755660000000000000,4833,4836,4831,4834,140,223609,223560
2025-08-20 11:21:00.000000000,1755660060000000000,4834,4837,4834,4837,309,223560,223372
2025-08-20 11:22:00.000000000,1755660120000000000,4837,4839,4836,4839,293,223372,223244
2025-08-20 11:23:00.000000000,1755660180000000000,4839,4842,4838,4840,453,223244,223007
2025-08-20 11:24:00.000000000,1755660240000000000,4840,4843,4839,4842,1548,223007,222298
2025-08-20 11:25:00.000000000,1755660300000000000,4842,4842,4839,4842,480,222298,222246
2025-08-20 11:26:00.000000000,1755660360000000000,4842,4844,4841,4843,579,222246,222245
2025-08-20 11:27:00.000000000,1755660420000000000,4843,4846,4842,4844,756,222245,222246
2025-08-20 11:28:00.000000000,1755660480000000000,4844,4846,4842,4846,375,222246,222086
2025-08-20 11:29:00.000000000,1755660540000000000,4846,4848,4842,4843,465,222086,221941
2025-08-20 13:30:00.000000000,1755667800000000000,4847,4854,4847,4852,1988,221941,220999
2025-08-20 13:31:00.000000000,1755667860000000000,4852,4856,4851,4855,1005,220999,220713
2025-08-20 13:32:00.000000000,1755667920000000000,4855,4859,4855,4859,818,220713,220394
2025-08-20 13:33:00.000000000,1755667980000000000,4859,4861,4857,4857,1009,220394,220164
2025-08-20 13:34:00.000000000,1755668040000000000,4857,4860,4856,4859,799,220164,219834
2025-08-20 13:35:00.000000000,1755668100000000000,4859,4859,4856,4857,503,219834,219548
2025-08-20 13:36:00.000000000,1755668160000000000,4857,4859,4857,4858,463,219548,219384
2025-08-20 13:37:00.000000000,1755668220000000000,4858,4858,4856,4857,214,219384,219298
2025-08-20 13:38:00.000000000,1755668280000000000,4857,4859,4856,4857,542,219298,219265
2025-08-20 13:39:00.000000000,1755668340000000000,4857,4859,4856,4858,238,219265,219350
2025-08-20 13:40:00.000000000,1755668400000000000,4858,4864,4858,4863,649,219350,219099
2025-08-20 13:41:00.000000000,1755668460000000000,4863,4866,4861,4866,493,219099,218893
2025-08-20 13:42:00.000000000,1755668520000000000,4866,4869,4865,4866,843,218893,218769
2025-08-20 13:43:00.000000000,1755668580000000000,4866,4867,4865,4865,763,218769,218500
2025-08-20 13:44:00.000000000,1755668640000000000,4865,4866,4864,4865,571,218500,218252
2025-08-20 13:45:00.000000000,1755668700000000000,4865,4865,4862,4864,614,218252,217975
2025-08-20 13:46:00.000000000,1755668760000000000,4864,4868,4864,4866,632,217975,217672
2025-08-20 13:47:00.000000000,1755668820000000000,4866,4868,4866,4866,209,217672,217586
2025-08-20 13:48:00.000000000,1755668880000000000,4866,4872,4866,4869,1302,217586,217113
2025-08-20 13:49:00.000000000,1755668940000000000,4869,4871,4868,4870,1175,217113,217023
2025-08-20 13:50:00.000000000,1755669000000000000,4870,4871,4867,4868,1010,217023,216984
2025-08-20 13:51:00.000000000,1755669060000000000,4868,4870,4868,4870,401,216984,216890
2025-08-20 13:52:00.000000000,1755669120000000000,4870,4872,4867,4872,1362,216890,216403
2025-08-20 13:53:00.000000000,1755669180000000000,4872,4878,4872,4876,1908,216403,216083
2025-08-20 13:54:00.000000000,1755669240000000000,4876,4879,4875,4877,639,216083,215924
2025-08-20 13:55:00.000000000,1755669300000000000,4877,4879,4874,4875,671,215924,215954
2025-08-20 13:56:00.000000000,1755669360000000000,4875,4880,4874,4879,609,215954,215662
2025-08-20 13:57:00.000000000,1755669420000000000,4879,4882,4878,4881,1067,215662,215489
2025-08-20 13:58:00.000000000,1755669480000000000,4881,4884,4880,4884,1614,215489,215094
2025-08-20 13:59:00.000000000,1755669540000000000,4884,4884,4881,4884,722,215094,214996
2025-08-20 14:00:00.000000000,1755669600000000000,4884,4889,4884,4886,1325,214996,214803
2025-08-20 14:01:00.000000000,1755669660000000000,4886,4889,4883,4888,668,214803,214849
2025-08-20 14:02:00.000000000,1755669720000000000,4888,4891,4885,4890,981,214849,214709
2025-08-20 14:03:00.000000000,1755669780000000000,4890,4894,4886,4888,1697,214709,214823
2025-08-20 14:04:00.000000000,1755669840000000000,4888,4893,4886,4888,1382,214823,214403
2025-08-20 14:05:00.000000000,1755669900000000000,4888,4888,4884,4885,914,214403,214191
2025-08-20 14:06:00.000000000,1755669960000000000,4885,4888,4885,4886,734,214191,214046
2025-08-20 14:07:00.000000000,1755670020000000000,4886,4886,4882,4883,1297,214046,214421
2025-08-20 14:08:00.000000000,1755670080000000000,4883,4889,4883,4888,717,214421,214171
2025-08-20 14:09:00.000000000,1755670140000000000,4888,4888,4884,4886,364,214171,214116
2025-08-20 14:10:00.000000000,1755670200000000000,4886,4894,4886,4894,1074,214116,213931
2025-08-20 14:11:00.000000000,1755670260000000000,4894,4895,4892,4892,772,213931,213798
2025-08-20 14:12:00.000000000,1755670320000000000,4892,4896,4891,4894,1011,213798,213379
2025-08-20 14:13:00.000000000,1755670380000000000,4894,4895,4893,4894,238,213379,213301
2025-08-20 14:14:00.000000000,1755670440000000000,4894,4894,4889,4892,574,213301,213101
2025-08-20 14:15:00.000000000,1755670500000000000,4892,4894,4891,4892,256,213101,213080
2025-08-20 14:16:00.000000000,1755670560000000000,4892,4892,4887,4887,553,213080,212850
2025-08-20 14:17:00.000000000,1755670620000000000,4887,4888,4886,4886,466,212850,212624
2025-08-20 14:18:00.000000000,1755670680000000000,4886,4889,4886,4888,424,212624,212488
2025-08-20 14:19:00.000000000,1755670740000000000,4888,4890,4887,4888,140,212488,212451
2025-08-20 14:20:00.000000000,1755670800000000000,4888,4891,4887,4887,187,212451,212432
2025-08-20 14:21:00.000000000,1755670860000000000,4887,4889,4883,4885,508,212432,212276
2025-08-20 14:22:00.000000000,1755670920000000000,4885,4885,4881,4883,800,212276,211980
2025-08-20 14:23:00.000000000,1755670980000000000,4883,4884,4879,4881,794,211980,212016
2025-08-20 14:24:00.000000000,1755671040000000000,4881,4884,4880,4883,437,212016,211956
2025-08-20 14:25:00.000000000,1755671100000000000,4883,4883,4881,4882,205,211956,211936
2025-08-20 14:26:00.000000000,1755671160000000000,4882,4883,4880,4881,208,211936,211866
2025-08-20 14:27:00.000000000,1755671220000000000,4881,4883,4881,4883,255,211866,211789
2025-08-20 14:28:00.000000000,1755671280000000000,4883,4884,4881,4883,124,211789,211721
2025-08-20 14:29:00.000000000,1755671340000000000,4883,4886,4883,4883,293,211721,211631
2025-08-20 14:30:00.000000000,1755671400000000000,4883,4885,4880,4881,379,211631,211462
2025-08-20 14:31:00.000000000,1755671460000000000,4881,4882,4879,4879,314,211462,211378
2025-08-20 14:32:00.000000000,1755671520000000000,4879,4880,4877,4877,462,211378,211193
2025-08-20 14:33:00.000000000,1755671580000000000,4877,4880,4875,4879,464,211193,210985
2025-08-20 14:34:00.000000000,1755671640000000000,4879,4881,4878,4879,248,210985,210875
2025-08-20 14:35:00.000000000,1755671700000000000,4879,4879,4877,4879,759,210875,210539
2025-08-20 14:36:00.000000000,1755671760000000000,4879,4880,4876,4879,584,210539,210658
2025-08-20 14:37:00.000000000,1755671820000000000,4879,4880,4876,4876,377,210658,210663
2025-08-20 14:38:00.000000000,1755671880000000000,4876,4879,4876,4876,629,210663,210552
2025-08-20 14:39:00.000000000,1755671940000000000,4876,4878,4874,4874,475,210552,210497
2025-08-20 14:40:00.000000000,1755672000000000000,4874,4874,4870,4872,1558,210497,211241
2025-08-20 14:41:00.000000000,1755672060000000000,4872,4873,4870,4873,285,211241,211174
2025-08-20 14:42:00.000000000,1755672120000000000,4873,4873,4870,4872,391,211174,211110
2025-08-20 14:43:00.000000000,1755672180000000000,4872,4872,4870,4870,567,211110,210946
2025-08-20 14:44:00.000000000,1755672240000000000,4870,4873,4870,4873,139,210946,210889
2025-08-20 14:45:00.000000000,1755672300000000000,4873,4878,4872,4878,697,210889,210801
2025-08-20 14:46:00.000000000,1755672360000000000,4878,4879,4877,4879,374,210801,210661
2025-08-20 14:47:00.000000000,1755672420000000000,4879,4881,4879,4879,337,210661,210527
2025-08-20 14:48:00.000000000,1755672480000000000,4879,4884,4879,4882,2661,210527,208543
2025-08-20 14:49:00.000000000,1755672540000000000,4882,4882,4879,4882,888,208543,208319
2025-08-20 14:50:00.000000000,1755672600000000000,4882,4882,4875,4876,666,208319,208234
2025-08-20 14:51:00.000000000,1755672660000000000,4876,4877,4874,4875,191,208234,208177
2025-08-20 14:52:00.000000000,1755672720000000000,4875,4875,4871,4873,364,208177,207995
2025-08-20 14:53:00.000000000,1755672780000000000,4873,4877,4873,4876,312,207995,207873
2025-08-20 14:54:00.000000000,1755672840000000000,4876,4877,4874,4874,201,207873,207789
2025-08-20 14:55:00.000000000,1755672900000000000,4874,4874,4872,4873,405,207789,207613
2025-08-20 14:56:00.000000000,1755672960000000000,4873,4874,4871,4872,165,207613,207590
2025-08-20 14:57:00.000000000,1755673020000000000,4872,4873,4871,4873,67,207590,207578
2025-08-20 14:58:00.000000000,1755673080000000000,4873,4873,4870,4870,391,207578,207420
2025-08-20 14:59:00.000000000,1755673140000000000,4870,4873,4869,4871,1176,207420,206563
2025-08-20 21:00:00.000000000,1755694800000000000,4885,4885,4869,4875,4607,206563,203561
2025-08-20 21:01:00.000000000,1755694860000000000,4875,4876,4873,4876,554,203561,203458
2025-08-20 21:02:00.000000000,1755694920000000000,4876,4877,4872,4876,994,203458,202994
2025-08-20 21:03:00.000000000,1755694980000000000,4876,4880,4875,4876,794,202994,203031
2025-08-20 21:04:00.000000000,1755695040000000000,4876,4879,4874,4878,610,203031,203041
2025-08-20 21:05:00.000000000,1755695100000000000,4878,4878,4870,4872,699,203041,203167
2025-08-20 21:06:00.000000000,1755695160000000000,4872,4872,4868,4869,529,203167,203075
2025-08-20 21:07:00.000000000,1755695220000000000,4869,4870,4868,4870,282,203075,203029
2025-08-20 21:08:00.000000000,1755695280000000000,4870,4874,4870,4873,258,203029,202981
2025-08-20 21:09:00.000000000,1755695340000000000,4873,4873,4870,4872,171,202981,202929
2025-08-20 21:10:00.000000000,1755695400000000000,4872,4872,4869,4870,225,202929,202846
2025-08-20 21:11:00.000000000,1755695460000000000,4870,4872,4870,4871,720,202846,202302
2025-08-20 21:12:00.000000000,1755695520000000000,4871,4873,4870,4870,198,202302,202265
2025-08-20 21:13:00.000000000,1755695580000000000,4870,4871,4869,4871,95,202265,202212
2025-08-20 21:14:00.000000000,1755695640000000000,4871,4872,4869,4872,184,202212,202146
2025-08-20 21:15:00.000000000,1755695700000000000,4872,4875,4871,4871,244,202146,202182
2025-08-20 21:16:00.000000000,1755695760000000000,4871,4874,4869,4870,231,202182,202125
2025-08-20 21:17:00.000000000,1755695820000000000,4870,4871,4869,4870,182,202125,202136
2025-08-20 21:18:00.000000000,1755695880000000000,4870,4872,4870,4871,160,202136,202077
2025-08-20 21:19:00.000000000,1755695940000000000,4871,4873,4870,4871,177,202077,202075
2025-08-20 21:20:00.000000000,1755696000000000000,4871,4875,4871,4873,351,202075,202128
2025-08-20 21:21:00.000000000,1755696060000000000,4873,4874,4872,4874,149,202128,202134
2025-08-20 21:22:00.000000000,1755696120000000000,4874,4874,4870,4872,108,202134,202123
2025-08-20 21:23:00.000000000,1755696180000000000,4872,4872,4869,4870,338,202123,201964
2025-08-20 21:24:00.000000000,1755696240000000000,4870,4870,4867,4869,273,201964,202069
2025-08-20 21:25:00.000000000,1755696300000000000,4869,4871,4868,4870,129,202069,202029
2025-08-20 21:26:00.000000000,1755696360000000000,4870,4870,4867,4868,158,202029,202002
2025-08-20 21:27:00.000000000,1755696420000000000,4868,4869,4867,4867,541,202002,201973
2025-08-20 21:28:00.000000000,1755696480000000000,4867,4870,4866,4869,160,201973,201942
2025-08-20 21:29:00.000000000,1755696540000000000,4869,4869,4867,4869,164,201942,201880
2025-08-20 21:30:00.000000000,1755696600000000000,4869,4869,4866,4867,140,201880,201860
2025-08-20 21:31:00.000000000,1755696660000000000,4867,4868,4866,4868,297,201860,201690
2025-08-20 21:32:00.000000000,1755696720000000000,4868,4869,4866,4866,135,201690,201695
2025-08-20 21:33:00.000000000,1755696780000000000,4866,4871,4865,4870,219,201695,201619
2025-08-20 21:34:00.000000000,1755696840000000000,4870,4872,4870,4871,73,201619,201599
2025-08-20 21:35:00.000000000,1755696900000000000,4871,4871,4870,4871,89,201599,201627
2025-08-20 21:36:00.000000000,1755696960000000000,4871,4871,4869,4870,21,201627,201623
2025-08-20 21:37:00.000000000,1755697020000000000,4870,4871,4869,4870,197,201623,201536
2025-08-20 21:38:00.000000000,1755697080000000000,4870,4870,4869,4870,9,201536,201535
2025-08-20 21:39:00.000000000,1755697140000000000,4870,4870,4868,4870,66,201535,201508
2025-08-20 21:40:00.000000000,1755697200000000000,4870,4870,4867,4868,142,201508,201463
2025-08-20 21:41:00.000000000,1755697260000000000,4868,4869,4868,4868,151,201463,201449
2025-08-20 21:42:00.000000000,1755697320000000000,4868,4868,4865,4866,165,201449,201418
2025-08-20 21:43:00.000000000,1755697380000000000,4866,4867,4866,4867,188,201418,201337
2025-08-20 21:44:00.000000000,1755697440000000000,4867,4867,4865,4866,384,201337,201190
2025-08-20 21:45:00.000000000,1755697500000000000,4866,4868,4865,4868,726,201190,201115
2025-08-20 21:46:00.000000000,1755697560000000000,4868,4868,4867,4867,119,201115,201152
2025-08-20 21:47:00.000000000,1755697620000000000,4867,4870,4867,4869,105,201152,201098
2025-08-20 21:48:00.000000000,1755697680000000000,4869,4869,4868,4868,37,201098,201078
2025-08-20 21:49:00.000000000,1755697740000000000,4868,4869,4868,4869,223,201078,201083
2025-08-20 21:50:00.000000000,1755697800000000000,4869,4870,4867,4868,197,201083,200924
2025-08-20 21:51:00.000000000,1755697860000000000,4868,4872,4867,4872,339,200924,200875
2025-08-20 21:52:00.000000000,1755697920000000000,4872,4873,4870,4870,225,200875,200818
2025-08-20 21:53:00.000000000,1755697980000000000,4870,4871,4869,4870,96,200818,200811
2025-08-20 21:54:00.000000000,1755698040000000000,4870,4870,4868,4869,61,200811,200814
2025-08-20 21:55:00.000000000,1755698100000000000,4869,4870,4869,4869,24,200814,200811
2025-08-20 21:56:00.000000000,1755698160000000000,4869,4870,4867,4868,158,200811,200758
2025-08-20 21:57:00.000000000,1755698220000000000,4868,4868,4866,4867,429,200758,200667
2025-08-20 21:58:00.000000000,1755698280000000000,4867,4868,4864,4866,182,200667,200614
2025-08-20 21:59:00.000000000,1755698340000000000,4866,4867,4865,4866,112,200614,200641
2025-08-20 22:00:00.000000000,1755698400000000000,4866,4866,4861,4863,562,200641,200519
2025-08-20 22:01:00.000000000,1755698460000000000,4863,4863,4860,4862,220,200519,200562
2025-08-20 22:02:00.000000000,1755698520000000000,4862,4862,4861,4862,39,200562,200548
2025-08-20 22:03:00.000000000,1755698580000000000,4862,4865,4862,4864,250,200548,200574
2025-08-20 22:04:00.000000000,1755698640000000000,4864,4865,4864,4864,73,200574,200572
2025-08-20 22:05:00.000000000,1755698700000000000,4864,4865,4862,4863,165,200572,200569
2025-08-20 22:06:00.000000000,1755698760000000000,4863,4863,4861,4862,201,200569,200643
2025-08-20 22:07:00.000000000,1755698820000000000,4862,4862,4859,4860,404,200643,200590
2025-08-20 22:08:00.000000000,1755698880000000000,4860,4860,4857,4858,303,200590,200518
2025-08-20 22:09:00.000000000,1755698940000000000,4858,4861,4858,4860,174,200518,200504
2025-08-20 22:10:00.000000000,1755699000000000000,4860,4862,4860,4861,100,200504,200488
2025-08-20 22:11:00.000000000,1755699060000000000,4861,4862,4860,4861,17,200488,200489
2025-08-20 22:12:00.000000000,1755699120000000000,4861,4864,4861,4862,136,200489,200522
2025-08-20 22:13:00.000000000,1755699180000000000,4862,4863,4861,4861,68,200522,200495
2025-08-20 22:14:00.000000000,1755699240000000000,4861,4862,4861,4862,15,200495,200497
2025-08-20 22:15:00.000000000,1755699300000000000,4862,4862,4861,4861,54,200497,200463
2025-08-20 22:16:00.000000000,1755699360000000000,4861,4861,4860,4861,51,200463,200452
2025-08-20 22:17:00.000000000,1755699420000000000,4861,4861,4859,4860,105,200452,200518
2025-08-20 22:18:00.000000000,1755699480000000000,4860,4860,4857,4858,196,200518,200539
2025-08-20 22:19:00.000000000,1755699540000000000,4858,4862,4858,4862,105,200539,200504
2025-08-20 22:20:00.000000000,1755699600000000000,4862,4869,4862,4868,435,200504,200367
2025-08-20 22:21:00.000000000,1755699660000000000,4868,4868,4866,4867,140,200367,200344
2025-08-20 22:22:00.000000000,1755699720000000000,4867,4870,4867,4868,322,200344,200219
2025-08-20 22:23:00.000000000,1755699780000000000,4868,4869,4866,4867,167,200219,200193
2025-08-20 22:24:00.000000000,1755699840000000000,4867,4870,4867,4867,206,200193,200132
2025-08-20 22:25:00.000000000,1755699900000000000,4867,4872,4867,4871,409,200132,199970
2025-08-20 22:26:00.000000000,1755699960000000000,4871,4875,4871,4875,313,199970,199956
2025-08-20 22:27:00.000000000,1755700020000000000,4875,4878,4874,4875,197,199956,199956
2025-08-20 22:28:00.000000000,1755700080000000000,4875,4875,4872,4873,131,199956,199947
2025-08-20 22:29:00.000000000,1755700140000000000,4873,4874,4872,4873,339,199947,199851
2025-08-20 22:30:00.000000000,1755700200000000000,4873,4878,4873,4875,344,199851,199875
2025-08-20 22:31:00.000000000,1755700260000000000,4875,4876,4874,4875,119,199875,199898
2025-08-20 22:32:00.000000000,1755700320000000000,4875,4875,4873,4874,54,199898,199891
2025-08-20 22:33:00.000000000,1755700380000000000,4874,4878,4874,4877,205,199891,199893
2025-08-20 22:34:00.000000000,1755700440000000000,4877,4879,4877,4878,229,199893,199858
2025-08-20 22:35:00.000000000,1755700500000000000,4878,4879,4878,4878,343,199858,199835
2025-08-20 22:36:00.000000000,1755700560000000000,4878,4881,4878,4881,400,199835,199818
2025-08-20 22:37:00.000000000,1755700620000000000,4881,4881,4878,4879,118,199818,199811
2025-08-20 22:38:00.000000000,1755700680000000000,4879,4879,4878,4879,71,199811,199798
2025-08-20 22:39:00.000000000,1755700740000000000,4879,4880,4878,4880,131,199798,199799
2025-08-20 22:40:00.000000000,1755700800000000000,4880,4884,4880,4883,356,199799,199801
2025-08-20 22:41:00.000000000,1755700860000000000,4883,4883,4880,4881,133,199801,199804
2025-08-20 22:42:00.000000000,1755700920000000000,4881,4883,4881,4881,229,199804,199723
2025-08-20 22:43:00.000000000,1755700980000000000,4881,4884,4881,4884,406,199723,199415
2025-08-20 22:44:00.000000000,1755701040000000000,4884,4884,4881,4881,71,199415,199426
2025-08-20 22:45:00.000000000,1755701100000000000,4881,4881,4878,4879,176,199426,199362
2025-08-20 22:46:00.000000000,1755701160000000000,4879,4879,4877,4878,135,199362,199357
2025-08-20 22:47:00.000000000,1755701220000000000,4878,4883,4878,4882,200,199357,199369
2025-08-20 22:48:00.000000000,1755701280000000000,4882,4883,4881,4882,131,199369,199374
2025-08-20 22:49:00.000000000,1755701340000000000,4882,4882,4881,4882,16,199374,199371
2025-08-20 22:50:00.000000000,1755701400000000000,4882,4882,4880,4882,122,199371,199423
2025-08-20 22:51:00.000000000,1755701460000000000,4882,4882,4880,4880,71,199423,199380
2025-08-20 22:52:00.000000000,1755701520000000000,4880,4882,4880,4881,112,199380,199342
2025-08-20 22:53:00.000000000,1755701580000000000,4881,4882,4879,4879,136,199342,199398
2025-08-20 22:54:00.000000000,1755701640000000000,4879,4880,4878,4879,118,199398,199338
2025-08-20 22:55:00.000000000,1755701700000000000,4879,4879,4877,4878,227,199338,199343
2025-08-20 22:56:00.000000000,1755701760000000000,4878,4878,4877,4878,68,199343,199345
2025-08-20 22:57:00.000000000,1755701820000000000,4878,4878,4877,4878,72,199345,199327
2025-08-20 22:58:00.000000000,1755701880000000000,4878,4879,4877,4879,141,199327,199259
2025-08-20 22:59:00.000000000,1755701940000000000,4879,4879,4877,4878,225,199259,199105
2025-08-21 09:00:00.000000000,1755738000000000000,4878,4882,4872,4872,3193,199105,198006
2025-08-21 09:01:00.000000000,1755738060000000000,4872,4876,4870,4871,1355,198006,197544
2025-08-21 09:02:00.000000000,1755738120000000000,4871,4874,4869,4869,262,197544,197554
2025-08-21 09:03:00.000000000,1755738180000000000,4869,4874,4869,4873,233,197554,197454
2025-08-21 09:04:00.000000000,1755738240000000000,4873,4874,4871,4873,121,197454,197438
2025-08-21 09:05:00.000000000,1755738300000000000,4873,4874,4871,4871,113,197438,197456
2025-08-21 09:06:00.000000000,1755738360000000000,4871,4873,4871,4873,151,197456,197447
2025-08-21 09:07:00.000000000,1755738420000000000,4873,4874,4873,4873,129,197447,197383
2025-08-21 09:08:00.000000000,1755738480000000000,4873,4875,4873,4875,119,197383,197349
2025-08-21 09:09:00.000000000,1755738540000000000,4875,4875,4867,4867,271,197349,197324
2025-08-21 09:10:00.000000000,1755738600000000000,4867,4868,4866,4867,347,197324,197319
2025-08-21 09:11:00.000000000,1755738660000000000,4867,4868,4863,4866,634,197319,197397
2025-08-21 09:12:00.000000000,1755738720000000000,4866,4868,4865,4865,85,197397,197377
2025-08-21 09:13:00.000000000,1755738780000000000,4865,4866,4862,4862,160,197377,197353
2025-08-21 09:14:00.000000000,1755738840000000000,4862,4863,4862,4862,100,197353,197307
2025-08-21 09:15:00.000000000,1755738900000000000,4862,4865,4861,4865,161,197307,197269
2025-08-21 09:16:00.000000000,1755738960000000000,4865,4866,4863,4863,258,197269,197276
2025-08-21 09:17:00.000000000,1755739020000000000,4863,4865,4862,4862,95,197276,197218
2025-08-21 09:18:00.000000000,1755739080000000000,4862,4864,4862,4864,123,197218,197177
2025-08-21 09:19:00.000000000,1755739140000000000,4864,4866,4863,4865,173,197177,197188
2025-08-21 09:20:00.000000000,1755739200000000000,4865,4868,4865,4865,307,197188,197076
2025-08-21 09:21:00.000000000,1755739260000000000,4865,4868,4865,4868,193,197076,197012
2025-08-21 09:22:00.000000000,1755739320000000000,4868,4868,4867,4868,36,197012,197009
2025-08-21 09:23:00.000000000,1755739380000000000,4868,4868,4865,4865,135,197009,197070
2025-08-21 09:24:00.000000000,1755739440000000000,4865,4867,4865,4867,50,197070,197070
2025-08-21 09:25:00.000000000,1755739500000000000,4867,4870,4867,4870,58,197070,197054
2025-08-21 09:26:00.000000000,1755739560000000000,4870,4871,4869,4870,91,197054,197022
2025-08-21 09:27:00.000000000,1755739620000000000,4870,4871,4868,4868,70,197022,197018
2025-08-21 09:28:00.000000000,1755739680000000000,4868,4872,4868,4872,54,197018,197004
2025-08-21 09:29:00.000000000,1755739740000000000,4872,4873,4870,4871,433,197004,196709
2025-08-21 09:30:00.000000000,1755739800000000000,4871,4874,4869,4869,158,196709,196656
2025-08-21 09:31:00.000000000,1755739860000000000,4869,4871,4868,4871,175,196656,196636
2025-08-21 09:32:00.000000000,1755739920000000000,4871,4871,4869,4871,123,196636,196572
2025-08-21 09:33:00.000000000,1755739980000000000,4871,4871,4868,4869,88,196572,196567
2025-08-21 09:34:00.000000000,1755740040000000000,4869,4870,4868,4868,71,196567,196559
2025-08-21 09:35:00.000000000,1755740100000000000,4868,4870,4866,4867,197,196559,196561
2025-08-21 09:36:00.000000000,1755740160000000000,4867,4874,4867,4874,414,196561,196419
2025-08-21 09:37:00.000000000,1755740220000000000,4874,4877,4874,4875,446,196419,196111
2025-08-21 09:38:00.000000000,1755740280000000000,4875,4877,4875,4877,160,196111,196054
2025-08-21 09:39:00.000000000,1755740340000000000,4877,4882,4876,4881,752,196054,195852
2025-08-21 09:40:00.000000000,1755740400000000000,4881,4883,4879,4880,1111,195852,195000
2025-08-21 09:41:00.000000000,1755740460000000000,4880,4883,4880,4881,435,195000,194923
2025-08-21 09:42:00.000000000,1755740520000000000,4881,4882,4879,4879,158,194923,194901
2025-08-21 09:43:00.000000000,1755740580000000000,4879,4879,4874,4876,141,194901,194913
2025-08-21 09:44:00.000000000,1755740640000000000,4876,4876,4873,4873,488,194913,194859
2025-08-21 09:45:00.000000000,1755740700000000000,4873,4876,4871,4874,206,194859,194844
2025-08-21 09:46:00.000000000,1755740760000000000,4874,4878,4873,4877,440,194844,194591
2025-08-21 09:47:00.000000000,1755740820000000000,4877,4879,4877,4878,96,194591,194540
2025-08-21 09:48:00.000000000,1755740880000000000,4878,4878,4877,4877,291,194540,194524
2025-08-21 09:49:00.000000000,1755740940000000000,4877,4880,4876,4877,274,194524,194468
2025-08-21 09:50:00.000000000,1755741000000000000,4877,4877,4873,4873,243,194468,194382
2025-08-21 09:51:00.000000000,1755741060000000000,4873,4874,4869,4869,375,194382,194225
2025-08-21 09:52:00.000000000,1755741120000000000,4869,4872,4869,4871,394,194225,193956
2025-08-21 09:53:00.000000000,1755741180000000000,4871,4872,4868,4870,290,193956,193820
2025-08-21 09:54:00.000000000,1755741240000000000,4870,4872,4869,4870,207,193820,193709
2025-08-21 09:55:00.000000000,1755741300000000000,4870,4874,4870,4873,188,193709,193610
2025-08-21 09:56:00.000000000,1755741360000000000,4873,4873,4869,4871,318,193610,193470
2025-08-21 09:57:00.000000000,1755741420000000000,4871,4872,4871,4872,97,193470,193388
2025-08-21 09:58:00.000000000,1755741480000000000,4872,4873,4870,4871,66,193388,193368
2025-08-21 09:59:00.000000000,1755741540000000000,4871,4873,4869,4870,172,193368,193307
2025-08-21 10:00:00.000000000,1755741600000000000,4870,4871,4870,4871,164,193307,193245
2025-08-21 10:01:00.000000000,1755741660000000000,4871,4877,4870,4877,257,193245,193092
2025-08-21 10:02:00.000000000,1755741720000000000,4877,4877,4875,4877,155,193092,193094
2025-08-21 10:03:00.000000000,1755741780000000000,4877,4877,4873,4876,223,193094,192995
2025-08-21 10:04:00.000000000,1755741840000000000,4876,4876,4872,4873,105,192995,192960
2025-08-21 10:05:00.000000000,1755741900000000000,4873,4877,4872,4877,260,192960,192943
2025-08-21 10:06:00.000000000,1755741960000000000,4877,4878,4875,4875,191,192943,192992
2025-08-21 10:07:00.000000000,1755742020000000000,4875,4875,4871,4872,145,192992,193004
2025-08-21 10:08:00.000000000,1755742080000000000,4872,4873,4872,4873,192,193004,193132
2025-08-21 10:09:00.000000000,1755742140000000000,4873,4876,4872,4875,145,193132,193022
2025-08-21 10:10:00.000000000,1755742200000000000,4875,4879,4874,4877,182,193022,192950
2025-08-21 10:11:00.000000000,1755742260000000000,4877,4877,4874,4874,173,192950,192956
2025-08-21 10:12:00.000000000,1755742320000000000,4874,4875,4872,4872,227,192956,192987
2025-08-21 10:13:00.000000000,1755742380000000000,4872,4875,4871,4874,121,192987,192936
2025-08-21 10:14:00.000000000,1755742440000000000,4874,4875,4869,4870,298,192936,192855
2025-08-21 10:30:00.000000000,1755743400000000000,4870,4877,4869,4877,682,192855,192531
2025-08-21 10:31:00.000000000,1755743460000000000,4877,4879,4874,4876,203,192531,192490
2025-08-21 10:32:00.000000000,1755743520000000000,4876,4878,4874,4876,302,192490,192478
2025-08-21 10:33:00.000000000,1755743580000000000,4876,4878,4875,4876,364,192478,192473
2025-08-21 10:34:00.000000000,1755743640000000000,4876,4878,4876,4877,47,192473,192446
2025-08-21 10:35:00.000000000,1755743700000000000,4877,4880,4876,4876,172,192446,192367
2025-08-21 10:36:00.000000000,1755743760000000000,4876,4876,4875,4875,184,192367,192449
2025-08-21 10:37:00.000000000,1755743820000000000,4875,4875,4872,4875,111,192449,192464
2025-08-21 10:38:00.000000000,1755743880000000000,4875,4879,4875,4878,132,192464,192419
2025-08-21 10:39:00.000000000,1755743940000000000,4878,4879,4876,4876,37,192419,192402
2025-08-21 10:40:00.000000000,1755744000000000000,4876,4877,4876,4876,34,192402,192404
2025-08-21 10:41:00.000000000,1755744060000000000,4876,4876,4873,4875,104,192404,192375
2025-08-21 10:42:00.000000000,1755744120000000000,4875,4875,4870,4870,108,192375,192406
2025-08-21 10:43:00.000000000,1755744180000000000,4870,4872,4865,4868,386,192406,192417
2025-08-21 10:44:00.000000000,1755744240000000000,4868,4869,4868,4869,87,192417,192423
2025-08-21 10:45:00.000000000,1755744300000000000,4869,4873,4868,4872,216,192423,192311
2025-08-21 10:46:00.000000000,1755744360000000000,4872,4873,4870,4871,421,192311,192006
2025-08-21 10:47:00.000000000,1755744420000000000,4871,4872,4869,4869,527,192006,191790
2025-08-21 10:48:00.000000000,1755744480000000000,4869,4872,4869,4871,443,191790,191513
2025-08-21 10:49:00.000000000,1755744540000000000,4871,4871,4868,4871,102,191513,191445
2025-08-21 10:50:00.000000000,1755744600000000000,4871,4871,4870,4870,610,191445,190949
2025-08-21 10:51:00.000000000,1755744660000000000,4870,4877,4870,4876,154,190949,190956
2025-08-21 10:52:00.000000000,1755744720000000000,4876,4878,4876,4878,199,190956,190985
2025-08-21 10:53:00.000000000,1755744780000000000,4878,4880,4877,4880,466,190985,190895
2025-08-21 10:54:00.000000000,1755744840000000000,4880,4882,4878,4878,281,190895,190791
2025-08-21 10:55:00.000000000,1755744900000000000,4878,4879,4876,4876,104,190791,190748
2025-08-21 10:56:00.000000000,1755744960000000000,4876,4879,4876,4879,175,190748,190642
2025-08-21 10:57:00.000000000,1755745020000000000,4879,4881,4877,4878,362,190642,190408
2025-08-21 10:58:00.000000000,1755745080000000000,4878,4878,4876,4876,88,190408,190349
2025-08-21 10:59:00.000000000,1755745140000000000,4876,4878,4876,4877,695,190349,189896
2025-08-21 11:00:00.000000000,1755745200000000000,4877,4879,4877,4878,174,189896,189787
2025-08-21 11:01:00.000000000,1755745260000000000,4878,4881,4878,4881,537,189787,189412
2025-08-21 11:02:00.000000000,1755745320000000000,4881,4883,4880,4883,303,189412,189385
2025-08-21 11:03:00.000000000,1755745380000000000,4883,4884,4881,4881,202,189385,189364
2025-08-21 11:04:00.000000000,1755745440000000000,4881,4883,4881,4882,439,189364,188972
2025-08-21 11:05:00.000000000,1755745500000000000,4882,4882,4879,4879,103,188972,188959
2025-08-21 11:06:00.000000000,1755745560000000000,4879,4881,4879,4881,99,188959,188901
2025-08-21 11:07:00.000000000,1755745620000000000,4881,4881,4878,4878,506,188901,188593
2025-08-21 11:08:00.000000000,1755745680000000000,4878,4879,4876,4879,199,188593,188529
2025-08-21 11:09:00.000000000,1755745740000000000,4879,4879,4876,4877,268,188529,188377
2025-08-21 11:10:00.000000000,1755745800000000000,4877,4880,4877,4880,141,188377,188310
2025-08-21 11:11:00.000000000,1755745860000000000,4880,4881,4879,4881,33,188310,188298
2025-08-21 11:12:00.000000000,1755745920000000000,4881,4884,4878,4883,273,188298,188292
2025-08-21 11:13:00.000000000,1755745980000000000,4883,4884,4882,4884,304,188292,188210
2025-08-21 11:14:00.000000000,1755746040000000000,4884,4887,4884,4885,995,188210,187685
2025-08-21 11:15:00.000000000,1755746100000000000,4885,4886,4882,4882,78,187685,187660
2025-08-21 11:16:00.000000000,1755746160000000000,4882,4883,4880,4881,244,187660,187716
2025-08-21 11:17:00.000000000,1755746220000000000,4881,4883,4881,4882,129,187716,187659
2025-08-21 11:18:00.000000000,1755746280000000000,4882,4882,4881,4882,11,187659,187658
2025-08-21 11:19:00.000000000,1755746340000000000,4882,4883,4880,4882,83,187658,187638
2025-08-21 11:20:00.000000000,1755746400000000000,4882,4882,4877,4877,221,187638,187662
2025-08-21 11:21:00.000000000,1755746460000000000,4877,4880,4877,4880,218,187662,187541
2025-08-21 11:22:00.000000000,1755746520000000000,4880,4881,4879,4880,129,187541,187478
2025-08-21 11:23:00.000000000,1755746580000000000,4880,4883,4880,4883,180,187478,187363
2025-08-21 11:24:00.000000000,1755746640000000000,4883,4884,4882,4883,67,187363,187347
2025-08-21 11:25:00.000000000,1755746700000000000,4883,4886,4883,4886,102,187347,187342
2025-08-21 11:26:00.000000000,1755746760000000000,4886,4890,4886,4888,632,187342,187038
2025-08-21 11:27:00.000000000,1755746820000000000,4888,4889,4886,4886,442,187038,186950
2025-08-21 11:28:00.000000000,1755746880000000000,4886,4888,4885,4887,229,186950,186857
2025-08-21 11:29:00.000000000,1755746940000000000,4887,4895,4887,4893,799,186857,186504
2025-08-21 13:30:00.000000000,1755754200000000000,4893,4893,4884,4887,775,186504,186350
2025-08-21 13:31:00.000000000,1755754260000000000,4887,4887,4877,4880,654,186350,186344
2025-08-21 13:32:00.000000000,1755754320000000000,4880,4882,4879,4880,286,186344,186293
2025-08-21 13:33:00.000000000,1755754380000000000,4880,4883,4879,4882,204,186293,186251
2025-08-21 13:34:00.000000000,1755754440000000000,4882,4883,4879,4880,167,186251,186254
2025-08-21 13:35:00.000000000,1755754500000000000,4880,4880,4877,4878,428,186254,186352
2025-08-21 13:36:00.000000000,1755754560000000000,4878,4878,4873,4873,315,186352,186394
2025-08-21 13:37:00.000000000,1755754620000000000,4873,4876,4872,4875,271,186394,186350
2025-08-21 13:38:00.000000000,1755754680000000000,4875,4877,4875,4876,184,186350,186409
2025-08-21 13:39:00.000000000,1755754740000000000,4876,4877,4875,4877,90,186409,186425
2025-08-21 13:40:00.000000000,1755754800000000000,4877,4880,4877,4879,124,186425,186383
2025-08-21 13:41:00.000000000,1755754860000000000,4879,4880,4878,4879,108,186383,186343
2025-08-21 13:42:00.000000000,1755754920000000000,4879,4880,4877,4877,205,186343,186403
2025-08-21 13:43:00.000000000,1755754980000000000,4877,4879,4876,4879,313,186403,186472
2025-08-21 13:44:00.000000000,1755755040000000000,4879,4879,4877,4879,147,186472,186477
2025-08-21 13:45:00.000000000,1755755100000000000,4879,4880,4877,4878,282,186477,186466
2025-08-21 13:46:00.000000000,1755755160000000000,4878,4879,4875,4878,183,186466,186461
2025-08-21 13:47:00.000000000,1755755220000000000,4878,4878,4877,4878,125,186461,186457
2025-08-21 13:48:00.000000000,1755755280000000000,4878,4880,4877,4879,148,186457,186462
2025-08-21 13:49:00.000000000,1755755340000000000,4879,4880,4878,4879,122,186462,186484
2025-08-21 13:50:00.000000000,1755755400000000000,4879,4880,4878,4879,223,186484,186609
2025-08-21 13:51:00.000000000,1755755460000000000,4879,4882,4879,4882,99,186609,186586
2025-08-21 13:52:00.000000000,1755755520000000000,4882,4882,4880,4881,124,186586,186524
2025-08-21 13:53:00.000000000,1755755580000000000,4881,4882,4879,4879,150,186524,186504
2025-08-21 13:54:00.000000000,1755755640000000000,4879,4880,4879,4880,115,186504,186456
2025-08-21 13:55:00.000000000,1755755700000000000,4880,4882,4880,4881,59,186456,186448
2025-08-21 13:56:00.000000000,1755755760000000000,4881,4882,4880,4880,105,186448,186392
2025-08-21 13:57:00.000000000,1755755820000000000,4880,4881,4877,4877,567,186392,186140
2025-08-21 13:58:00.000000000,1755755880000000000,4877,4877,4875,4877,220,186140,186148
2025-08-21 13:59:00.000000000,1755755940000000000,4877,4882,4876,4881,431,186148,186160
2025-08-21 14:00:00.000000000,1755756000000000000,4881,4881,4880,4881,90,186160,186143
2025-08-21 14:01:00.000000000,1755756060000000000,4881,4882,4876,4876,338,186143,186081
2025-08-21 14:02:00.000000000,1755756120000000000,4876,4879,4875,4877,226,186081,186101
2025-08-21 14:03:00.000000000,1755756180000000000,4877,4881,4877,4880,187,186101,186085
2025-08-21 14:04:00.000000000,1755756240000000000,4880,4882,4880,4881,137,186085,186004
2025-08-21 14:05:00.000000000,1755756300000000000,4881,4886,4881,4885,479,186004,185838
2025-08-21 14:06:00.000000000,1755756360000000000,4885,4889,4885,4888,413,185838,185962
2025-08-21 14:07:00.000000000,1755756420000000000,4888,4892,4886,4890,340,185962,185901
2025-08-21 14:08:00.000000000,1755756480000000000,4890,4891,4888,4891,436,185901,185899
2025-08-21 14:09:00.000000000,1755756540000000000,4891,4892,4888,4890,143,185899,185847
2025-08-21 14:10:00.000000000,1755756600000000000,4890,4893,4890,4892,556,185847,185739
2025-08-21 14:11:00.000000000,1755756660000000000,4892,4892,4889,4891,952,185739,185594
2025-08-21 14:12:00.000000000,1755756720000000000,4891,4891,4888,4890,60,185594,185590
2025-08-21 14:13:00.000000000,1755756780000000000,4890,4890,4888,4889,68,185590,185569
2025-08-21 14:14:00.000000000,1755756840000000000,4889,4889,4889,4889,404,185569,185332
2025-08-21 14:15:00.000000000,1755756900000000000,4889,4889,4886,4886,127,185332,185280
2025-08-21 14:16:00.000000000,1755756960000000000,4886,4892,4886,4891,765,185280,185234
2025-08-21 14:17:00.000000000,1755757020000000000,4891,4892,4890,4892,153,185234,185140
2025-08-21 14:18:00.000000000,1755757080000000000,4892,4892,4890,4891,249,185140,185024
2025-08-21 14:19:00.000000000,1755757140000000000,4891,4892,4890,4892,190,185024,184898
2025-08-21 14:20:00.000000000,1755757200000000000,4892,4892,4888,4888,190,184898,184780
2025-08-21 14:21:00.000000000,1755757260000000000,4888,4888,4885,4887,159,184780,184765
2025-08-21 14:22:00.000000000,1755757320000000000,4887,4887,4884,4884,294,184765,184735
2025-08-21 14:23:00.000000000,1755757380000000000,4884,4884,4883,4883,297,184735,184560
2025-08-21 14:24:00.000000000,1755757440000000000,4883,4885,4882,4885,116,184560,184522
2025-08-21 14:25:00.000000000,1755757500000000000,4885,4887,4882,4882,525,184522,184413
2025-08-21 14:26:00.000000000,1755757560000000000,4882,4883,4879,4883,259,184413,184353
2025-08-21 14:27:00.000000000,1755757620000000000,4883,4883,4880,4883,573,184353,184255
2025-08-21 14:28:00.000000000,1755757680000000000,4883,4888,4883,4888,400,184255,184019
2025-08-21 14:29:00.000000000,1755757740000000000,4888,4888,4884,4886,614,184019,183947
2025-08-21 14:30:00.000000000,1755757800000000000,4886,4886,4884,4886,407,183947,183789
2025-08-21 14:31:00.000000000,1755757860000000000,4886,4886,4884,4885,210,183789,183790
2025-08-21 14:32:00.000000000,1755757920000000000,4885,4885,4881,4882,183,183790,183761
2025-08-21 14:33:00.000000000,1755757980000000000,4882,4882,4875,4877,774,183761,183582
2025-08-21 14:34:00.000000000,1755758040000000000,4877,4877,4872,4873,485,183582,183669
2025-08-21 14:35:00.000000000,1755758100000000000,4873,4876,4873,4875,138,183669,183689
2025-08-21 14:36:00.000000000,1755758160000000000,4875,4877,4875,4877,120,183689,183656
2025-08-21 14:37:00.000000000,1755758220000000000,4877,4880,4877,4880,221,183656,183584
2025-08-21 14:38:00.000000000,1755758280000000000,4880,4880,4876,4877,509,183584,183592
2025-08-21 14:39:00.000000000,1755758340000000000,4877,4878,4876,4877,164,183592,183583
2025-08-21 14:40:00.000000000,1755758400000000000,4877,4879,4877,4878,354,183583,183522
2025-08-21 14:41:00.000000000,1755758460000000000,4878,4878,4876,4878,520,183522,183151
2025-08-21 14:42:00.000000000,1755758520000000000,4878,4880,4878,4878,1054,183151,183594
2025-08-21 14:43:00.000000000,1755758580000000000,4878,4878,4873,4874,340,183594,183594
2025-08-21 14:44:00.000000000,1755758640000000000,4874,4875,4873,4875,299,183594,183647
2025-08-21 14:45:00.000000000,1755758700000000000,4875,4877,4873,4876,344,183647,183388
2025-08-21 14:46:00.000000000,1755758760000000000,4876,4879,4876,4879,283,183388,183233
2025-08-21 14:47:00.000000000,1755758820000000000,4879,4881,4878,4881,335,183233,183172
2025-08-21 14:48:00.000000000,1755758880000000000,4881,4882,4880,4881,359,183172,183105
2025-08-21 14:49:00.000000000,1755758940000000000,4881,4882,4880,4880,670,183105,182838
2025-08-21 14:50:00.000000000,1755759000000000000,4880,4880,4878,4878,596,182838,182647
2025-08-21 14:51:00.000000000,1755759060000000000,4878,4879,4874,4875,323,182647,182447
2025-08-21 14:52:00.000000000,1755759120000000000,4875,4876,4873,4874,329,182447,182449
2025-08-21 14:53:00.000000000,1755759180000000000,4874,4874,4867,4872,465,182449,182292
2025-08-21 14:54:00.000000000,1755759240000000000,4872,4874,4871,4874,235,182292,182180
2025-08-21 14:55:00.000000000,1755759300000000000,4874,4875,4871,4872,696,182180,182103
2025-08-21 14:56:00.000000000,1755759360000000000,4872,4875,4872,4873,466,182103,182090
2025-08-21 14:57:00.000000000,1755759420000000000,4873,4875,4873,4873,180,182090,181974
2025-08-21 14:58:00.000000000,1755759480000000000,4873,4874,4871,4872,267,181974,181876
2025-08-21 14:59:00.000000000,1755759540000000000,4872,4873,4870,4872,483,181876,181640
2025-08-21 21:00:00.000000000,1755781200000000000,4857,4877,4857,4875,1484,181640,181376
2025-08-21 21:01:00.000000000,1755781260000000000,4875,4877,4873,4874,668,181376,181168
2025-08-21 21:02:00.000000000,1755781320000000000,4874,4874,4871,4873,295,181168,181177
2025-08-21 21:03:00.000000000,1755781380000000000,4873,4877,4872,4874,307,181177,181119
2025-08-21 21:04:00.000000000,1755781440000000000,4874,4875,4873,4873,300,181119,181087
2025-08-21 21:05:00.000000000,1755781500000000000,4873,4874,4867,4867,298,181087,181053
2025-08-21 21:06:00.000000000,1755781560000000000,4867,4870,4865,4869,985,181053,181388
2025-08-21 21:07:00.000000000,1755781620000000000,4869,4872,4869,4871,296,181388,181396
2025-08-21 21:08:00.000000000,1755781680000000000,4871,4871,4869,4870,269,181396,181449
2025-08-21 21:09:00.000000000,1755781740000000000,4870,4870,4868,4869,105,181449,181445
2025-08-21 21:10:00.000000000,1755781800000000000,4869,4871,4869,4871,145,181445,181358
2025-08-21 21:11:00.000000000,1755781860000000000,4871,4873,4870,4873,198,181358,181277
2025-08-21 21:12:00.000000000,1755781920000000000,4873,4873,4869,4870,113,181277,181225
2025-08-21 21:13:00.000000000,1755781980000000000,4870,4875,4870,4875,180,181225,181152
2025-08-21 21:14:00.000000000,1755782040000000000,4875,4876,4874,4875,143,181152,181135
2025-08-21 21:15:00.000000000,1755782100000000000,4875,4878,4874,4877,189,181135,181120
2025-08-21 21:16:00.000000000,1755782160000000000,4877,4878,4873,4874,238,181120,181097
2025-08-21 21:17:00.000000000,1755782220000000000,4874,4874,4871,4872,129,181097,181041
2025-08-21 21:18:00.000000000,1755782280000000000,4872,4873,4870,4871,203,181041,181067
2025-08-21 21:19:00.000000000,1755782340000000000,4871,4871,4869,4871,93,181067,181053
2025-08-21 21:20:00.000000000,1755782400000000000,4871,4871,4869,4871,56,181053,181069
2025-08-21 21:21:00.000000000,1755782460000000000,4871,4871,4870,4871,35,181069,181088
2025-08-21 21:22:00.000000000,1755782520000000000,4871,4871,4870,4870,48,181088,181108
2025-08-21 21:23:00.000000000,1755782580000000000,4870,4871,4870,4870,45,181108,181129
2025-08-21 21:24:00.000000000,1755782640000000000,4870,4872,4870,4871,352,181129,181101
2025-08-21 21:25:00.000000000,1755782700000000000,4871,4872,4871,4871,38,181101,181086
2025-08-21 21:26:00.000000000,1755782760000000000,4871,4872,4871,4872,15,181086,181078
2025-08-21 21:27:00.000000000,1755782820000000000,4872,4873,4872,4873,20,181078,181070
2025-08-21 21:28:00.000000000,1755782880000000000,4873,4873,4872,4873,55,181070,181068
2025-08-21 21:29:00.000000000,1755782940000000000,4873,4873,4871,4871,19,181068,181069
2025-08-21 21:30:00.000000000,1755783000000000000,4871,4872,4871,4871,32,181069,181062
2025-08-21 21:31:00.000000000,1755783060000000000,4871,4871,4868,4869,191,181062,181101
2025-08-21 21:32:00.000000000,1755783120000000000,4869,4870,4866,4867,179,181101,181061
2025-08-21 21:33:00.000000000,1755783180000000000,4867,4870,4867,4869,240,181061,181263
2025-08-21 21:34:00.000000000,1755783240000000000,4869,4870,4867,4869,95,181263,181217
2025-08-21 21:35:00.000000000,1755783300000000000,4869,4871,4869,4870,106,181217,181178
2025-08-21 21:36:00.000000000,1755783360000000000,4870,4870,4867,4867,76,181178,181173
2025-08-21 21:37:00.000000000,1755783420000000000,4867,4868,4864,4868,246,181173,181049
2025-08-21 21:38:00.000000000,1755783480000000000,4868,4868,4865,4866,71,181049,181044
2025-08-21 21:39:00.000000000,1755783540000000000,4866,4866,4865,4865,80,181044,181040
2025-08-21 21:40:00.000000000,1755783600000000000,4865,4865,4864,4864,53,181040,181021
2025-08-21 21:41:00.000000000,1755783660000000000,4864,4864,4860,4862,250,181021,181033
2025-08-21 21:42:00.000000000,1755783720000000000,4862,4862,4861,4862,101,181033,181023
2025-08-21 21:43:00.000000000,1755783780000000000,4862,4862,4860,4860,204,181023,181105
2025-08-21 21:44:00.000000000,1755783840000000000,4860,4860,4851,4854,1145,181105,181122
2025-08-21 21:45:00.000000000,1755783900000000000,4854,4856,4852,4854,355,181122,181088
2025-08-21 21:46:00.000000000,1755783960000000000,4854,4859,4854,4857,234,181088,181047
2025-08-21 21:47:00.000000000,1755784020000000000,4857,4858,4856,4858,99,181047,181084
2025-08-21 21:48:00.000000000,1755784080000000000,4858,4860,4858,4859,326,181084,180825
2025-08-21 21:49:00.000000000,1755784140000000000,4859,4861,4859,4860,108,180825,180803
2025-08-21 21:50:00.000000000,1755784200000000000,4860,4862,4860,4862,81,180803,180777
2025-08-21 21:51:00.000000000,1755784260000000000,4862,4866,4861,4865,398,180777,180667
2025-08-21 21:52:00.000000000,1755784320000000000,4865,4866,4864,4865,149,180667,180629
2025-08-21 21:53:00.000000000,1755784380000000000,4865,4866,4865,4866,40,180629,180629
2025-08-21 21:54:00.000000000,1755784440000000000,4866,4866,4863,4864,141,180629,180581
2025-08-21 21:55:00.000000000,1755784500000000000,4864,4865,4862,4862,45,180581,180555
2025-08-21 21:56:00.000000000,1755784560000000000,4862,4864,4862,4862,27,180555,180548
2025-08-21 21:57:00.000000000,1755784620000000000,4862,4864,4860,4864,83,180548,180574
2025-08-21 21:58:00.000000000,1755784680000000000,4864,4864,4862,4862,92,180574,180599
2025-08-21 21:59:00.000000000,1755784740000000000,4862,4864,4862,4862,28,180599,180586
2025-08-21 22:00:00.000000000,1755784800000000000,4862,4865,4862,4865,57,180586,180580
2025-08-21 22:01:00.000000000,1755784860000000000,4865,4869,4865,4869,346,180580,180514
2025-08-21 22:02:00.000000000,1755784920000000000,4869,4871,4868,4869,180,180514,180527
2025-08-21 22:03:00.000000000,1755784980000000000,4869,4873,4869,4873,190,180527,180494
2025-08-21 22:04:00.000000000,1755785040000000000,4873,4873,4871,4872,172,180494,180465
2025-08-21 22:05:00.000000000,1755785100000000000,4872,4877,4872,4877,489,180465,180352
2025-08-21 22:06:00.000000000,1755785160000000000,4877,4878,4875,4876,193,180352,180324
2025-08-21 22:07:00.000000000,1755785220000000000,4876,4880,4876,4876,206,180324,180318
2025-08-21 22:08:00.000000000,1755785280000000000,4876,4878,4876,4876,88,180318,180295
2025-08-21 22:09:00.000000000,1755785340000000000,4876,4877,4874,4875,172,180295,180214
2025-08-21 22:10:00.000000000,1755785400000000000,4875,4876,4874,4874,88,180214,180225
2025-08-21 22:11:00.000000000,1755785460000000000,4874,4877,4874,4876,57,180225,180218
2025-08-21 22:12:00.000000000,1755785520000000000,4876,4878,4876,4876,108,180218,180232
2025-08-21 22:13:00.000000000,1755785580000000000,4876,4877,4874,4876,148,180232,180214
2025-08-21 22:14:00.000000000,1755785640000000000,4876,4876,4874,4874,134,180214,180161
2025-08-21 22:15:00.000000000,1755785700000000000,4874,4875,4874,4874,94,180161,180110
2025-08-21 22:16:00.000000000,1755785760000000000,4874,4876,4874,4876,54,180110,180110
2025-08-21 22:17:00.000000000,1755785820000000000,4876,4877,4876,4876,51,180110,180097
2025-08-21 22:18:00.000000000,1755785880000000000,4876,4876,4874,4875,59,180097,180088
2025-08-21 22:19:00.000000000,1755785940000000000,4875,4876,4874,4876,38,180088,180071
2025-08-21 22:20:00.000000000,1755786000000000000,4876,4877,4874,4876,68,180071,180030
2025-08-21 22:21:00.000000000,1755786060000000000,4876,4878,4875,4877,63,180030,179994
2025-08-21 22:22:00.000000000,1755786120000000000,4877,4881,4877,4881,258,179994,179914
2025-08-21 22:23:00.000000000,1755786180000000000,4881,4884,4880,4880,439,179914,179666
2025-08-21 22:24:00.000000000,1755786240000000000,4880,4882,4880,4881,51,179666,179662
2025-08-21 22:25:00.000000000,1755786300000000000,4881,4882,4878,4878,432,179662,179564
2025-08-21 22:26:00.000000000,1755786360000000000,4878,4881,4878,4880,97,179564,179531
2025-08-21 22:27:00.000000000,1755786420000000000,4880,4880,4879,4879,79,179531,179485
2025-08-21 22:28:00.000000000,1755786480000000000,4879,4879,4877,4878,74,179485,179455
2025-08-21 22:29:00.000000000,1755786540000000000,4878,4879,4877,4878,61,179455,179444
2025-08-21 22:30:00.000000000,1755786600000000000,4878,4879,4877,4877,100,179444,179424
2025-08-21 22:31:00.000000000,1755786660000000000,4877,4878,4876,4878,59,179424,179387
2025-08-21 22:32:00.000000000,1755786720000000000,4878,4881,4877,4880,181,179387,179230
2025-08-21 22:33:00.000000000,1755786780000000000,4880,4884,4880,4881,213,179230,179208
2025-08-21 22:34:00.000000000,1755786840000000000,4881,4881,4878,4878,39,179208,179214
2025-08-21 22:35:00.000000000,1755786900000000000,4878,4879,4878,4879,75,179214,179216
2025-08-21 22:36:00.000000000,1755786960000000000,4879,4879,4877,4877,108,179216,179166
2025-08-21 22:37:00.000000000,1755787020000000000,4877,4878,4875,4878,77,179166,179142
2025-08-21 22:38:00.000000000,1755787080000000000,4878,4879,4878,4878,37,179142,179150
2025-08-21 22:39:00.000000000,1755787140000000000,4878,4878,4876,4876,39,179150,179147
2025-08-21 22:40:00.000000000,1755787200000000000,4876,4877,4876,4876,34,179147,179145
2025-08-21 22:41:00.000000000,1755787260000000000,4876,4876,4872,4875,426,179145,179129
2025-08-21 22:42:00.000000000,1755787320000000000,4875,4876,4873,4876,85,179129,179121
2025-08-21 22:43:00.000000000,1755787380000000000,4876,4878,4875,4878,67,179121,179114
2025-08-21 22:44:00.000000000,1755787440000000000,4878,4878,4875,4875,35,179114,179114
2025-08-21 22:45:00.000000000,1755787500000000000,4875,4879,4875,4878,50,179114,179107
2025-08-21 22:46:00.000000000,1755787560000000000,4878,4879,4877,4878,53,179107,179122
2025-08-21 22:47:00.000000000,1755787620000000000,4878,4879,4878,4878,71,179122,179095
2025-08-21 22:48:00.000000000,1755787680000000000,4878,4879,4877,4877,21,179095,179086
2025-08-21 22:49:00.000000000,1755787740000000000,4877,4878,4877,4878,17,179086,179077
2025-08-21 22:50:00.000000000,1755787800000000000,4878,4879,4878,4878,16,179077,179072
2025-08-21 22:51:00.000000000,1755787860000000000,4878,4880,4877,4880,158,179072,179033
2025-08-21 22:52:00.000000000,1755787920000000000,4880,4881,4879,4880,76,179033,179045
2025-08-21 22:53:00.000000000,1755787980000000000,4880,4880,4879,4879,50,179045,179010
2025-08-21 22:54:00.000000000,1755788040000000000,4879,4880,4878,4878,11,179010,179007
2025-08-21 22:55:00.000000000,1755788100000000000,4878,4879,4878,4878,51,179007,178985
2025-08-21 22:56:00.000000000,1755788160000000000,4878,4878,4877,4877,34,178985,178983
2025-08-21 22:57:00.000000000,1755788220000000000,4877,4878,4876,4877,37,178983,178976
2025-08-21 22:58:00.000000000,1755788280000000000,4877,4878,4876,4878,97,178976,178928
2025-08-21 22:59:00.000000000,1755788340000000000,4878,4880,4877,4879,178,178928,178799
2025-08-22 09:00:00.000000000,1755824400000000000,4881,4882,4875,4877,479,178799,178753
2025-08-22 09:01:00.000000000,1755824460000000000,4877,4878,4873,4873,645,178753,178609
2025-08-22 09:02:00.000000000,1755824520000000000,4873,4877,4873,4876,243,178609,178560
2025-08-22 09:03:00.000000000,1755824580000000000,4876,4877,4876,4876,77,178560,178536
2025-08-22 09:04:00.000000000,1755824640000000000,4876,4878,4873,4873,310,178536,178593
2025-08-22 09:05:00.000000000,1755824700000000000,4873,4873,4870,4872,364,178593,178469
2025-08-22 09:06:00.000000000,1755824760000000000,4872,4873,4871,4872,214,178469,178489
2025-08-22 09:07:00.000000000,1755824820000000000,4872,4873,4869,4872,882,178489,178288
2025-08-22 09:08:00.000000000,1755824880000000000,4872,4872,4870,4870,68,178288,178263
2025-08-22 09:09:00.000000000,1755824940000000000,4870,4872,4869,4871,321,178263,178264
2025-08-22 09:10:00.000000000,1755825000000000000,4871,4871,4869,4869,97,178264,178248
2025-08-22 09:11:00.000000000,1755825060000000000,4869,4871,4869,4871,84,178248,178233
2025-08-22 09:12:00.000000000,1755825120000000000,4871,4872,4870,4871,187,178233,178131
2025-08-22 09:13:00.000000000,1755825180000000000,4871,4871,4870,4871,84,178131,178092
2025-08-22 09:14:00.000000000,1755825240000000000,4871,4872,4870,4871,21,178092,178084
2025-08-22 09:15:00.000000000,1755825300000000000,4871,4871,4864,4864,281,178084,178139
2025-08-22 09:16:00.000000000,1755825360000000000,4864,4868,4864,4867,147,178139,178185
2025-08-22 09:17:00.000000000,1755825420000000000,4867,4868,4865,4867,98,178185,178162
2025-08-22 09:18:00.000000000,1755825480000000000,4867,4870,4867,4868,181,178162,178074
2025-08-22 09:19:00.000000000,1755825540000000000,4868,4869,4867,4868,64,178074,178077
2025-08-22 09:20:00.000000000,1755825600000000000,4868,4868,4865,4865,125,178077,178050
2025-08-22 09:21:00.000000000,1755825660000000000,4865,4866,4864,4865,49,178050,178056
2025-08-22 09:22:00.000000000,1755825720000000000,4865,4867,4865,4867,57,178056,178075
2025-08-22 09:23:00.000000000,1755825780000000000,4867,4868,4863,4864,102,178075,178053
2025-08-22 09:24:00.000000000,1755825840000000000,4864,4865,4863,4865,146,178053,177965
2025-08-22 09:25:00.000000000,1755825900000000000,4865,4865,4863,4863,188,177965,177980
2025-08-22 09:26:00.000000000,1755825960000000000,4863,4865,4863,4864,90,177980,177941
2025-08-22 09:27:00.000000000,1755826020000000000,4864,4867,4864,4867,761,177941,177730
2025-08-22 09:28:00.000000000,1755826080000000000,4867,4869,4867,4868,268,177730,177528
2025-08-22 09:29:00.000000000,1755826140000000000,4868,4870,4868,4870,55,177528,177532
2025-08-22 09:30:00.000000000,1755826200000000000,4870,4871,4868,4868,121,177532,177496
2025-08-22 09:31:00.000000000,1755826260000000000,4868,4869,4866,4867,73,177496,177464
2025-08-22 09:32:00.000000000,1755826320000000000,4867,4867,4863,4865,243,177464,177399
2025-08-22 09:33:00.000000000,1755826380000000000,4865,4866,4864,4864,268,177399,177199
2025-08-22 09:34:00.000000000,1755826440000000000,4864,4866,4864,4865,84,177199,177180
2025-08-22 09:35:00.000000000,1755826500000000000,4865,4866,4860,4861,265,177180,177140
2025-08-22 09:36:00.000000000,1755826560000000000,4861,4863,4859,4863,332,177140,177129
2025-08-22 09:37:00.000000000,1755826620000000000,4863,4865,4863,4865,194,177129,177007
2025-08-22 09:38:00.000000000,1755826680000000000,4865,4866,4864,4866,428,177007,176692
2025-08-22 09:39:00.000000000,1755826740000000000,4866,4866,4864,4865,273,176692,176464
2025-08-22 09:40:00.000000000,1755826800000000000,4865,4866,4864,4866,259,176464,176286
2025-08-22 09:41:00.000000000,1755826860000000000,4866,4867,4864,4866,563,176286,176097
2025-08-22 09:42:00.000000000,1755826920000000000,4866,4869,4866,4868,214,176097,175947
2025-08-22 09:43:00.000000000,1755826980000000000,4868,4871,4868,4870,293,175947,175859
2025-08-22 09:44:00.000000000,1755827040000000000,4870,4871,4869,4870,98,175859,175830
2025-08-22 09:45:00.000000000,1755827100000000000,4870,4872,4870,4871,114,175830,175793
2025-08-22 09:46:00.000000000,1755827160000000000,4871,4871,4869,4870,254,175793,175635
2025-08-22 09:47:00.000000000,1755827220000000000,4870,4874,4870,4874,270,175635,175477
2025-08-22 09:48:00.000000000,1755827280000000000,4874,4878,4874,4877,1133,175477,174646
2025-08-22 09:49:00.000000000,1755827340000000000,4877,4878,4875,4877,240,174646,174497
2025-08-22 09:50:00.000000000,1755827400000000000,4877,4878,4874,4874,88,174497,174468
2025-08-22 09:51:00.000000000,1755827460000000000,4874,4876,4873,4873,118,174468,174426
2025-08-22 09:52:00.000000000,1755827520000000000,4873,4878,4873,4878,80,174426,174423
2025-08-22 09:53:00.000000000,1755827580000000000,4878,4878,4875,4875,32,174423,174411
2025-08-22 09:54:00.000000000,1755827640000000000,4875,4875,4872,4873,63,174411,174398
2025-08-22 09:55:00.000000000,1755827700000000000,4873,4875,4871,4875,80,174398,174354
2025-08-22 09:56:00.000000000,1755827760000000000,4875,4875,4874,4874,86,174354,174289
2025-08-22 09:57:00.000000000,1755827820000000000,4874,4875,4872,4873,44,174289,174280
2025-08-22 09:58:00.000000000,1755827880000000000,4873,4873,4871,4871,32,174280,174266
2025-08-22 09:59:00.000000000,1755827940000000000,4871,4872,4867,4872,170,174266,174194
2025-08-22 10:00:00.000000000,1755828000000000000,4872,4872,4869,4869,148,174194,174135
2025-08-22 10:01:00.000000000,1755828060000000000,4869,4870,4866,4867,105,174135,174106
2025-08-22 10:02:00.000000000,1755828120000000000,4867,4870,4866,4869,244,174106,173997
2025-08-22 10:03:00.000000000,1755828180000000000,4869,4871,4869,4869,196,173997,173967
2025-08-22 10:04:00.000000000,1755828240000000000,4869,4870,4868,4868,198,173967,173970
2025-08-22 10:05:00.000000000,1755828300000000000,4868,4869,4866,4868,88,173970,173985
2025-08-22 10:06:00.000000000,1755828360000000000,4868,4870,4868,4870,103,173985,173942
2025-08-22 10:07:00.000000000,1755828420000000000,4870,4872,4869,4872,64,173942,173932
2025-08-22 10:08:00.000000000,1755828480000000000,4872,4872,4870,4870,27,173932,173923
2025-08-22 10:09:00.000000000,1755828540000000000,4870,4870,4866,4869,88,173923,173927
2025-08-22 10:10:00.000000000,1755828600000000000,4869,4871,4869,4870,167,173927,173873
2025-08-22 10:11:00.000000000,1755828660000000000,4870,4878,4870,4877,650,173873,173664
2025-08-22 10:12:00.000000000,1755828720000000000,4877,4878,4875,4877,274,173664,173543
2025-08-22 10:13:00.000000000,1755828780000000000,4877,4878,4876,4877,350,173543,173504
2025-08-22 10:14:00.000000000,1755828840000000000,4877,4877,4874,4875,445,173504,173494
2025-08-22 10:30:00.000000000,1755829800000000000,4875,4877,4874,4874,241,173494,173484
2025-08-22 10:31:00.000000000,1755829860000000000,4874,4878,4872,4878,195,173484,173404
2025-08-22 10:32:00.000000000,1755829920000000000,4878,4879,4876,4876,173,173404,173363
2025-08-22 10:33:00.000000000,1755829980000000000,4876,4878,4876,4877,21,173363,173357
2025-08-22 10:34:00.000000000,1755830040000000000,4877,4878,4872,4873,79,173357,173365
2025-08-22 10:35:00.000000000,1755830100000000000,4873,4875,4873,4875,52,173365,173369
2025-08-22 10:36:00.000000000,1755830160000000000,4875,4875,4874,4874,24,173369,173366
2025-08-22 10:37:00.000000000,1755830220000000000,4874,4875,4874,4875,37,173366,173342
2025-08-22 10:38:00.000000000,1755830280000000000,4875,4875,4870,4870,216,173342,173240
2025-08-22 10:39:00.000000000,1755830340000000000,4870,4873,4870,4870,91,173240,173215
2025-08-22 10:40:00.000000000,1755830400000000000,4870,4873,4870,4873,110,173215,173195
2025-08-22 10:41:00.000000000,1755830460000000000,4873,4874,4872,4874,54,173195,173175
2025-08-22 10:42:00.000000000,1755830520000000000,4874,4874,4871,4873,106,173175,173167
2025-08-22 10:43:00.000000000,1755830580000000000,4873,4873,4870,4870,47,173167,173143
2025-08-22 10:44:00.000000000,1755830640000000000,4870,4872,4870,4872,76,173143,173101
2025-08-22 10:45:00.000000000,1755830700000000000,4872,4872,4871,4871,74,173101,173065
2025-08-22 10:46:00.000000000,1755830760000000000,4871,4873,4870,4871,167,173065,173055
2025-08-22 10:47:00.000000000,1755830820000000000,4871,4876,4871,4875,133,173055,173004
2025-08-22 10:48:00.000000000,1755830880000000000,4875,4875,4871,4871,70,173004,173021
2025-08-22 10:49:00.000000000,1755830940000000000,4871,4875,4871,4875,25,173021,173019
2025-08-22 10:50:00.000000000,1755831000000000000,4875,4877,4875,4875,146,173019,172974
2025-08-22 10:51:00.000000000,1755831060000000000,4875,4878,4875,4877,266,172974,172926
2025-08-22 10:52:00.000000000,1755831120000000000,4877,4880,4876,4880,131,172926,172875
2025-08-22 10:53:00.000000000,1755831180000000000,4880,4880,4877,4878,71,172875,172838
2025-08-22 10:54:00.000000000,1755831240000000000,4878,4878,4876,4877,60,172838,172816
2025-08-22 10:55:00.000000000,1755831300000000000,4877,4877,4874,4875,49,172816,172800
2025-08-22 10:56:00.000000000,1755831360000000000,4875,4877,4874,4875,47,172800,172767
2025-08-22 10:57:00.000000000,1755831420000000000,4875,4875,4873,4873,44,172767,172752
2025-08-22 10:58:00.000000000,1755831480000000000,4873,4874,4872,4873,71,172752,172718
2025-08-22 10:59:00.000000000,1755831540000000000,4873,4874,4872,4873,95,172718,172692
2025-08-22 11:00:00.000000000,1755831600000000000,4873,4873,4872,4872,40,172692,172674
2025-08-22 11:01:00.000000000,1755831660000000000,4872,4872,4869,4870,238,172674,172611
2025-08-22 11:02:00.000000000,1755831720000000000,4870,4870,4865,4868,276,172611,172536
2025-08-22 11:03:00.000000000,1755831780000000000,4868,4870,4867,4869,76,172536,172551
2025-08-22 11:04:00.000000000,1755831840000000000,4869,4869,4867,4867,101,172551,172531
2025-08-22 11:05:00.000000000,1755831900000000000,4867,4868,4865,4865,162,172531,172458
2025-08-22 11:06:00.000000000,1755831960000000000,4865,4870,4865,4870,98,172458,172447
2025-08-22 11:07:00.000000000,1755832020000000000,4870,4870,4868,4868,17,172447,172443
2025-08-22 11:08:00.000000000,1755832080000000000,4868,4869,4868,4868,20,172443,172441
2025-08-22 11:09:00.000000000,1755832140000000000,4868,4870,4868,4869,48,172441,172425
2025-08-22 11:10:00.000000000,1755832200000000000,4869,4870,4867,4870,150,172425,172416
2025-08-22 11:11:00.000000000,1755832260000000000,4870,4870,4868,4869,48,172416,172401
2025-08-22 11:12:00.000000000,1755832320000000000,4869,4870,4867,4869,31,172401,172384
2025-08-22 11:13:00.000000000,1755832380000000000,4869,4870,4867,4869,64,172384,172376
2025-08-22 11:14:00.000000000,1755832440000000000,4869,4869,4869,4869,8,172376,172371
2025-08-22 11:15:00.000000000,1755832500000000000,4869,4871,4869,4871,82,172371,172335
2025-08-22 11:16:00.000000000,1755832560000000000,4871,4873,4870,4872,168,172335,172275
2025-08-22 11:17:00.000000000,1755832620000000000,4872,4875,4872,4874,108,172275,172281
2025-08-22 11:18:00.000000000,1755832680000000000,4874,4874,4871,4872,129,172281,172217
2025-08-22 11:19:00.000000000,1755832740000000000,4872,4872,4871,4871,27,172217,172223
2025-08-22 11:20:00.000000000,1755832800000000000,4871,4871,4867,4868,63,172223,172195
2025-08-22 11:21:00.000000000,1755832860000000000,4868,4869,4867,4867,43,172195,172186
2025-08-22 11:22:00.000000000,1755832920000000000,4867,4869,4866,4867,261,172186,172175
2025-08-22 11:23:00.000000000,1755832980000000000,4867,4867,4864,4864,149,172175,172187
2025-08-22 11:24:00.000000000,1755833040000000000,4864,4864,4862,4864,149,172187,172223
2025-08-22 11:25:00.000000000,1755833100000000000,4864,4864,4859,4860,349,172223,172218
2025-08-22 11:26:00.000000000,1755833160000000000,4860,4863,4860,4863,68,172218,172203
2025-08-22 11:27:00.000000000,1755833220000000000,4863,4865,4862,4863,74,172203,172206
2025-08-22 11:28:00.000000000,1755833280000000000,4863,4868,4862,4868,102,172206,172207
2025-08-22 11:29:00.000000000,1755833340000000000,4868,4869,4866,4867,131,172207,172153
2025-08-22 13:30:00.000000000,1755840600000000000,4868,4872,4866,4867,367,172153,172103
2025-08-22 13:31:00.000000000,1755840660000000000,4867,4867,4864,4865,211,172103,172049
2025-08-22 13:32:00.000000000,1755840720000000000,4865,4868,4865,4868,133,172049,171998
2025-08-22 13:33:00.000000000,1755840780000000000,4868,4869,4868,4868,121,171998,171955
2025-08-22 13:34:00.000000000,1755840840000000000,4868,4871,4867,4870,82,171955,171950
2025-08-22 13:35:00.000000000,1755840900000000000,4870,4872,4869,4871,134,171950,171905
2025-08-22 13:36:00.000000000,1755840960000000000,4871,4872,4869,4869,110,171905,171930
2025-08-22 13:37:00.000000000,1755841020000000000,4869,4869,4867,4868,141,171930,171910
2025-08-22 13:38:00.000000000,1755841080000000000,4868,4869,4868,4869,49,171910,171919
2025-08-22 13:39:00.000000000,1755841140000000000,4869,4871,4869,4870,142,171919,171844
2025-08-22 13:40:00.000000000,1755841200000000000,4870,4870,4867,4867,132,171844,171785
2025-08-22 13:41:00.000000000,1755841260000000000,4867,4869,4867,4868,149,171785,171718
2025-08-22 13:42:00.000000000,1755841320000000000,4868,4871,4868,4869,118,171718,171682
2025-08-22 13:43:00.000000000,1755841380000000000,4869,4870,4868,4870,58,171682,171652
2025-08-22 13:44:00.000000000,1755841440000000000,4870,4871,4870,4870,24,171652,171636
2025-08-22 13:45:00.000000000,1755841500000000000,4870,4871,4869,4869,70,171636,171626
2025-08-22 13:46:00.000000000,1755841560000000000,4869,4870,4868,4870,62,171626,171641
2025-08-22 13:47:00.000000000,1755841620000000000,4870,4872,4869,4871,60,171641,171638
2025-08-22 13:48:00.000000000,1755841680000000000,4871,4872,4870,4871,42,171638,171629
2025-08-22 13:49:00.000000000,1755841740000000000,4871,4874,4871,4872,95,171629,171580
2025-08-22 13:50:00.000000000,1755841800000000000,4872,4878,4872,4878,302,171580,171558
2025-08-22 13:51:00.000000000,1755841860000000000,4878,4878,4876,4876,162,171558,171534
2025-08-22 13:52:00.000000000,1755841920000000000,4876,4879,4876,4879,191,171534,171501
2025-08-22 13:53:00.000000000,1755841980000000000,4879,4879,4874,4875,144,171501,171449
2025-08-22 13:54:00.000000000,1755842040000000000,4875,4876,4873,4873,83,171449,171444
2025-08-22 13:55:00.000000000,1755842100000000000,4873,4874,4871,4872,241,171444,171414
2025-08-22 13:56:00.000000000,1755842160000000000,4872,4874,4869,4873,119,171414,171425
2025-08-22 13:57:00.000000000,1755842220000000000,4873,4874,4873,4873,29,171425,171419
2025-08-22 13:58:00.000000000,1755842280000000000,4873,4874,4872,4873,75,171419,171395
2025-08-22 13:59:00.000000000,1755842340000000000,4873,4874,4872,4874,12,171395,171392
2025-08-22 14:00:00.000000000,1755842400000000000,4874,4874,4871,4872,108,171392,171447
2025-08-22 14:01:00.000000000,1755842460000000000,4872,4873,4871,4871,102,171447,171430
2025-08-22 14:02:00.000000000,1755842520000000000,4871,4871,4870,4871,51,171430,171411
2025-08-22 14:03:00.000000000,1755842580000000000,4871,4872,4871,4871,52,171411,171399
2025-08-22 14:04:00.000000000,1755842640000000000,4871,4872,4869,4869,286,171399,171559
2025-08-22 14:05:00.000000000,1755842700000000000,4869,4871,4869,4871,23,171559,171564
2025-08-22 14:06:00.000000000,1755842760000000000,4871,4872,4870,4872,85,171564,171593
2025-08-22 14:07:00.000000000,1755842820000000000,4872,4872,4870,4870,41,171593,171577
2025-08-22 14:08:00.000000000,1755842880000000000,4870,4870,4867,4867,141,171577,171566
2025-08-22 14:09:00.000000000,1755842940000000000,4867,4868,4866,4866,139,171566,171581
2025-08-22 14:10:00.000000000,1755843000000000000,4866,4868,4866,4868,93,171581,171570
2025-08-22 14:11:00.000000000,1755843060000000000,4868,4868,4866,4868,128,171570,171589
2025-08-22 14:12:00.000000000,1755843120000000000,4868,4869,4868,4868,84,171589,171564
2025-08-22 14:13:00.000000000,1755843180000000000,4868,4868,4867,4867,19,171564,171563
2025-08-22 14:14:00.000000000,1755843240000000000,4867,4868,4866,4866,112,171563,171517
2025-08-22 14:15:00.000000000,1755843300000000000,4866,4866,4864,4865,140,171517,171484
2025-08-22 14:16:00.000000000,1755843360000000000,4865,4867,4865,4867,129,171484,171438
2025-08-22 14:17:00.000000000,1755843420000000000,4867,4868,4866,4866,62,171438,171412
2025-08-22 14:18:00.000000000,1755843480000000000,4866,4868,4866,4867,83,171412,171399
2025-08-22 14:19:00.000000000,1755843540000000000,4867,4867,4864,4864,132,171399,171415
2025-08-22 14:20:00.000000000,1755843600000000000,4864,4865,4862,4862,262,171415,171490
2025-08-22 14:21:00.000000000,1755843660000000000,4862,4863,4861,4861,273,171490,171496
2025-08-22 14:22:00.000000000,1755843720000000000,4861,4863,4861,4863,107,171496,171515
2025-08-22 14:23:00.000000000,1755843780000000000,4863,4866,4863,4865,180,171515,171533
2025-08-22 14:24:00.000000000,1755843840000000000,4865,4866,4865,4866,16,171533,171529
2025-08-22 14:25:00.000000000,1755843900000000000,4866,4866,4864,4866,17,171529,171524
2025-08-22 14:26:00.000000000,1755843960000000000,4866,4866,4864,4864,50,171524,171536
2025-08-22 14:27:00.000000000,1755844020000000000,4864,4865,4863,4863,68,171536,171517
2025-08-22 14:28:00.000000000,1755844080000000000,4863,4864,4862,4863,133,171517,171521
2025-08-22 14:29:00.000000000,1755844140000000000,4863,4865,4863,4864,74,171521,171494
2025-08-22 14:30:00.000000000,1755844200000000000,4864,4865,4863,4864,52,171494,171485
2025-08-22 14:31:00.000000000,1755844260000000000,4864,4866,4864,4866,151,171485,171536
2025-08-22 14:32:00.000000000,1755844320000000000,4866,4866,4865,4865,54,171536,171548
2025-08-22 14:33:00.000000000,1755844380000000000,4865,4866,4864,4865,242,171548,171420
2025-08-22 14:34:00.000000000,1755844440000000000,4865,4866,4865,4866,180,171420,171327
2025-08-22 14:35:00.000000000,1755844500000000000,4866,4867,4864,4865,121,171327,171270
2025-08-22 14:36:00.000000000,1755844560000000000,4865,4865,4864,4864,15,171270,171262
2025-08-22 14:37:00.000000000,1755844620000000000,4864,4864,4863,4863,26,171262,171261
2025-08-22 14:38:00.000000000,1755844680000000000,4863,4865,4862,4865,89,171261,171291
2025-08-22 14:39:00.000000000,1755844740000000000,4865,4866,4865,4865,78,171291,171259
2025-08-22 14:40:00.000000000,1755844800000000000,4865,4865,4862,4862,59,171259,171256
2025-08-22 14:41:00.000000000,1755844860000000000,4862,4864,4862,4864,67,171256,171230
2025-08-22 14:42:00.000000000,1755844920000000000,4864,4864,4862,4864,61,171230,171206
2025-08-22 14:43:00.000000000,1755844980000000000,4864,4865,4864,4864,181,171206,171097
2025-08-22 14:44:00.000000000,1755845040000000000,4864,4865,4863,4863,77,171097,171068
2025-08-22 14:45:00.000000000,1755845100000000000,4863,4864,4863,4864,12,171068,171059
2025-08-22 14:46:00.000000000,1755845160000000000,4864,4867,4863,4867,116,171059,171042
2025-08-22 14:47:00.000000000,1755845220000000000,4867,4870,4867,4868,95,171042,171005
2025-08-22 14:48:00.000000000,1755845280000000000,4868,4869,4867,4867,38,171005,170996
2025-08-22 14:49:00.000000000,1755845340000000000,4867,4869,4867,4868,48,170996,170976
2025-08-22 14:50:00.000000000,1755845400000000000,4868,4870,4867,4869,105,170976,170970
2025-08-22 14:51:00.000000000,1755845460000000000,4869,4869,4868,4869,310,170970,170747
2025-08-22 14:52:00.000000000,1755845520000000000,4869,4870,4869,4869,77,170747,170720
2025-08-22 14:53:00.000000000,1755845580000000000,4869,4870,4869,4869,87,170720,170697
2025-08-22 14:54:00.000000000,1755845640000000000,4869,4872,4869,4871,264,170697,170674
2025-08-22 14:55:00.000000000,1755845700000000000,4871,4874,4870,4873,209,170674,170594
2025-08-22 14:56:00.000000000,1755845760000000000,4873,4874,4873,4874,76,170594,170561
2025-08-22 14:57:00.000000000,1755845820000000000,4874,4874,4873,4873,153,170561,170493
2025-08-22 14:58:00.000000000,1755845880000000000,4873,4875,4872,4875,383,170493,170359
2025-08-22 14:59:00.000000000,1755845940000000000,4875,4880,4873,4878,1055,170359,170046
