datetime,datetime_nano,DCE.v2309.open,DCE.v2309.high,DCE.v2309.low,DCE.v2309.close,DCE.v2309.volume,DCE.v2309.open_oi,DCE.v2309.close_oi
2023-05-31 21:00:00.000000000,1685538000000000000,5660,5667,5650,5661,19973,869062,866924
2023-05-31 21:01:00.000000000,1685538060000000000,5661,5670,5661,5667,7149,866924,866587
2023-05-31 21:02:00.000000000,1685538120000000000,5667,5670,5665,5669,7391,866587,866287
2023-05-31 21:03:00.000000000,1685538180000000000,5669,5672,5662,5670,6125,866287,866929
2023-05-31 21:04:00.000000000,1685538240000000000,5670,5674,5668,5674,5036,866929,866284
2023-05-31 21:05:00.000000000,1685538300000000000,5674,5674,5667,5668,4790,866284,866005
2023-05-31 21:06:00.000000000,1685538360000000000,5668,5670,5660,5661,5778,866005,866978
2023-05-31 21:07:00.000000000,1685538420000000000,5661,5665,5659,5663,3928,866978,866402
2023-05-31 21:08:00.000000000,1685538480000000000,5663,5667,5660,5666,2612,866402,866427
2023-05-31 21:09:00.000000000,1685538540000000000,5666,5669,5665,5667,2678,866427,866210
2023-05-31 21:10:00.000000000,1685538600000000000,5667,5670,5663,5669,3400,866210,865787
2023-05-31 21:11:00.000000000,1685538660000000000,5669,5672,5665,5672,2510,865787,866127
2023-05-31 21:12:00.000000000,1685538720000000000,5672,5684,5672,5679,8213,866127,865298
2023-05-31 21:13:00.000000000,1685538780000000000,5679,5682,5676,5681,3401,865298,865424
2023-05-31 21:14:00.000000000,1685538840000000000,5681,5687,5680,5685,5421,865424,865785
2023-05-31 21:15:00.000000000,1685538900000000000,5685,5686,5681,5683,4233,865785,865811
2023-05-31 21:16:00.000000000,1685538960000000000,5683,5686,5681,5685,2576,865811,865664
2023-05-31 21:17:00.000000000,1685539020000000000,5685,5692,5683,5689,5659,865664,865624
2023-05-31 21:18:00.000000000,1685539080000000000,5689,5695,5689,5691,4945,865624,865347
2023-05-31 21:19:00.000000000,1685539140000000000,5691,5692,5687,5690,3439,865347,865433
2023-05-31 21:20:00.000000000,1685539200000000000,5690,5699,5690,5698,6574,865433,864409
2023-05-31 21:21:00.000000000,1685539260000000000,5698,5699,5694,5697,3397,864409,863709
2023-05-31 21:22:00.000000000,1685539320000000000,5697,5708,5697,5703,8695,863709,863134
2023-05-31 21:23:00.000000000,1685539380000000000,5703,5705,5700,5702,3616,863134,862654
2023-05-31 21:24:00.000000000,1685539440000000000,5702,5702,5695,5696,3994,862654,862675
2023-05-31 21:25:00.000000000,1685539500000000000,5696,5698,5693,5693,3603,862675,862822
2023-05-31 21:26:00.000000000,1685539560000000000,5693,5695,5692,5694,3047,862822,862780
2023-05-31 21:27:00.000000000,1685539620000000000,5694,5697,5693,5696,1243,862780,862777
2023-05-31 21:28:00.000000000,1685539680000000000,5696,5701,5696,5700,2080,862777,862956
2023-05-31 21:29:00.000000000,1685539740000000000,5700,5703,5699,5702,3255,862956,863048
2023-05-31 21:30:00.000000000,1685539800000000000,5702,5703,5698,5701,3561,863048,863355
2023-05-31 21:31:00.000000000,1685539860000000000,5701,5706,5699,5705,4253,863355,863110
2023-05-31 21:32:00.000000000,1685539920000000000,5705,5712,5705,5706,7402,863110,862523
2023-05-31 21:33:00.000000000,1685539980000000000,5706,5707,5705,5705,2055,862523,862442
2023-05-31 21:34:00.000000000,1685540040000000000,5705,5707,5702,5705,2872,862442,862137
2023-05-31 21:35:00.000000000,1685540100000000000,5705,5708,5701,5702,2827,862137,862098
2023-05-31 21:36:00.000000000,1685540160000000000,5702,5703,5700,5703,2065,862098,861810
2023-05-31 21:37:00.000000000,1685540220000000000,5703,5707,5702,5706,2647,861810,861413
2023-05-31 21:38:00.000000000,1685540280000000000,5706,5707,5698,5702,3020,861413,861215
2023-05-31 21:39:00.000000000,1685540340000000000,5702,5706,5701,5705,2165,861215,861197
2023-05-31 21:40:00.000000000,1685540400000000000,5705,5707,5703,5703,1777,861197,861340
2023-05-31 21:41:00.000000000,1685540460000000000,5703,5708,5703,5705,2297,861340,861586
2023-05-31 21:42:00.000000000,1685540520000000000,5705,5708,5703,5704,2654,861586,861856
2023-05-31 21:43:00.000000000,1685540580000000000,5704,5705,5701,5701,1930,861856,862099
2023-05-31 21:44:00.000000000,1685540640000000000,5701,5706,5701,5703,1559,862099,861906
2023-05-31 21:45:00.000000000,1685540700000000000,5703,5711,5703,5709,4198,861906,861531
2023-05-31 21:46:00.000000000,1685540760000000000,5709,5714,5706,5706,4472,861531,861330
2023-05-31 21:47:00.000000000,1685540820000000000,5706,5708,5702,5704,2529,861330,860588
2023-05-31 21:48:00.000000000,1685540880000000000,5704,5705,5698,5699,3359,860588,859688
2023-05-31 21:49:00.000000000,1685540940000000000,5699,5702,5698,5701,3920,859688,859906
2023-05-31 21:50:00.000000000,1685541000000000000,5701,5703,5699,5699,1932,859906,859882
2023-05-31 21:51:00.000000000,1685541060000000000,5699,5704,5699,5704,1505,859882,859864
2023-05-31 21:52:00.000000000,1685541120000000000,5704,5706,5700,5700,1897,859864,860126
2023-05-31 21:53:00.000000000,1685541180000000000,5700,5704,5700,5703,712,860126,860241
2023-05-31 21:54:00.000000000,1685541240000000000,5703,5703,5699,5700,1858,860241,859923
2023-05-31 21:55:00.000000000,1685541300000000000,5700,5701,5699,5700,866,859923,860012
2023-05-31 21:56:00.000000000,1685541360000000000,5700,5702,5700,5702,938,860012,859868
2023-05-31 21:57:00.000000000,1685541420000000000,5702,5705,5701,5704,1036,859868,859718
2023-05-31 21:58:00.000000000,1685541480000000000,5704,5704,5701,5704,2331,859718,859205
2023-05-31 21:59:00.000000000,1685541540000000000,5704,5706,5702,5704,1236,859205,858979
2023-05-31 22:00:00.000000000,1685541600000000000,5704,5705,5696,5697,4047,858979,858511
2023-05-31 22:01:00.000000000,1685541660000000000,5697,5699,5694,5696,3111,858511,858021
2023-05-31 22:02:00.000000000,1685541720000000000,5696,5699,5696,5697,1261,858021,858068
2023-05-31 22:03:00.000000000,1685541780000000000,5697,5699,5696,5698,1747,858068,858289
2023-05-31 22:04:00.000000000,1685541840000000000,5698,5702,5698,5702,1408,858289,858340
2023-05-31 22:05:00.000000000,1685541900000000000,5702,5706,5701,5705,1368,858340,858386
2023-05-31 22:06:00.000000000,1685541960000000000,5705,5705,5702,5704,1415,858386,858346
2023-05-31 22:07:00.000000000,1685542020000000000,5704,5709,5703,5705,2875,858346,858258
2023-05-31 22:08:00.000000000,1685542080000000000,5705,5711,5705,5708,2231,858258,858455
2023-05-31 22:09:00.000000000,1685542140000000000,5708,5709,5706,5708,1212,858455,858753
2023-05-31 22:10:00.000000000,1685542200000000000,5708,5708,5705,5706,1459,858753,858947
2023-05-31 22:11:00.000000000,1685542260000000000,5706,5711,5705,5710,2172,858947,859475
2023-05-31 22:12:00.000000000,1685542320000000000,5710,5712,5706,5709,2346,859475,858990
2023-05-31 22:13:00.000000000,1685542380000000000,5709,5709,5706,5706,1079,858990,858946
2023-05-31 22:14:00.000000000,1685542440000000000,5706,5710,5706,5709,1089,858946,859074
2023-05-31 22:15:00.000000000,1685542500000000000,5709,5710,5707,5708,888,859074,859057
2023-05-31 22:16:00.000000000,1685542560000000000,5708,5709,5706,5707,1032,859057,859177
2023-05-31 22:17:00.000000000,1685542620000000000,5707,5708,5706,5708,1130,859177,859036
2023-05-31 22:18:00.000000000,1685542680000000000,5708,5710,5706,5709,1270,859036,858902
2023-05-31 22:19:00.000000000,1685542740000000000,5709,5709,5705,5708,1383,858902,858668
2023-05-31 22:20:00.000000000,1685542800000000000,5708,5710,5706,5707,723,858668,858590
2023-05-31 22:21:00.000000000,1685542860000000000,5707,5708,5706,5706,463,858590,858568
2023-05-31 22:22:00.000000000,1685542920000000000,5706,5710,5705,5707,1466,858568,858768
2023-05-31 22:23:00.000000000,1685542980000000000,5707,5709,5706,5708,898,858768,858654
2023-05-31 22:24:00.000000000,1685543040000000000,5708,5710,5707,5709,878,858654,858511
2023-05-31 22:25:00.000000000,1685543100000000000,5709,5714,5708,5714,2581,858511,858294
2023-05-31 22:26:00.000000000,1685543160000000000,5714,5717,5711,5714,3202,858294,858089
2023-05-31 22:27:00.000000000,1685543220000000000,5714,5714,5711,5712,1369,858089,857998
2023-05-31 22:28:00.000000000,1685543280000000000,5712,5715,5712,5713,1511,857998,857978
2023-05-31 22:29:00.000000000,1685543340000000000,5713,5715,5712,5714,1171,857978,858202
2023-05-31 22:30:00.000000000,1685543400000000000,5714,5715,5710,5711,1667,858202,858260
2023-05-31 22:31:00.000000000,1685543460000000000,5711,5712,5708,5709,1554,858260,858496
2023-05-31 22:32:00.000000000,1685543520000000000,5709,5718,5709,5715,3298,858496,858550
2023-05-31 22:33:00.000000000,1685543580000000000,5715,5717,5713,5714,2715,858550,858429
2023-05-31 22:34:00.000000000,1685543640000000000,5714,5716,5713,5715,765,858429,858477
2023-05-31 22:35:00.000000000,1685543700000000000,5715,5720,5714,5718,2815,858477,858264
2023-05-31 22:36:00.000000000,1685543760000000000,5718,5718,5714,5716,2202,858264,857768
2023-05-31 22:37:00.000000000,1685543820000000000,5716,5719,5716,5716,1806,857768,857723
2023-05-31 22:38:00.000000000,1685543880000000000,5716,5718,5715,5717,744,857723,857741
2023-05-31 22:39:00.000000000,1685543940000000000,5717,5726,5717,5723,5972,857741,856214
2023-05-31 22:40:00.000000000,1685544000000000000,5723,5725,5719,5724,3608,856214,855630
2023-05-31 22:41:00.000000000,1685544060000000000,5724,5725,5718,5720,2438,855630,855790
2023-05-31 22:42:00.000000000,1685544120000000000,5720,5722,5719,5720,1429,855790,855724
2023-05-31 22:43:00.000000000,1685544180000000000,5720,5720,5716,5718,1909,855724,855403
2023-05-31 22:44:00.000000000,1685544240000000000,5718,5721,5718,5721,1013,855403,855383
2023-05-31 22:45:00.000000000,1685544300000000000,5721,5723,5721,5722,918,855383,855239
2023-05-31 22:46:00.000000000,1685544360000000000,5722,5724,5720,5723,1352,855239,854973
2023-05-31 22:47:00.000000000,1685544420000000000,5723,5723,5719,5719,1303,854973,854770
2023-05-31 22:48:00.000000000,1685544480000000000,5719,5720,5717,5718,1124,854770,854644
2023-05-31 22:49:00.000000000,1685544540000000000,5718,5721,5716,5717,2243,854644,854288
2023-05-31 22:50:00.000000000,1685544600000000000,5717,5720,5717,5719,846,854288,854022
2023-05-31 22:51:00.000000000,1685544660000000000,5719,5722,5715,5715,1763,854022,853668
2023-05-31 22:52:00.000000000,1685544720000000000,5715,5720,5715,5719,1532,853668,854168
2023-05-31 22:53:00.000000000,1685544780000000000,5719,5722,5719,5720,1191,854168,854210
2023-05-31 22:54:00.000000000,1685544840000000000,5720,5722,5720,5721,835,854210,854058
2023-05-31 22:55:00.000000000,1685544900000000000,5721,5721,5718,5720,1435,854058,853689
2023-05-31 22:56:00.000000000,1685544960000000000,5720,5722,5719,5721,1420,853689,853662
2023-05-31 22:57:00.000000000,1685545020000000000,5721,5721,5717,5718,1795,853662,852842
2023-05-31 22:58:00.000000000,1685545080000000000,5718,5719,5717,5718,1388,852842,852415
2023-05-31 22:59:00.000000000,1685545140000000000,5718,5725,5718,5723,3506,852415,851381
2023-06-01 09:00:00.000000000,1685581200000000000,5717,5724,5717,5718,7359,851381,851762
2023-06-01 09:01:00.000000000,1685581260000000000,5718,5721,5716,5717,3397,851762,851754
2023-06-01 09:02:00.000000000,1685581320000000000,5717,5721,5717,5720,2472,851754,851899
2023-06-01 09:03:00.000000000,1685581380000000000,5720,5720,5712,5713,4538,851899,851801
2023-06-01 09:04:00.000000000,1685581440000000000,5713,5715,5713,5714,2750,851801,852296
2023-06-01 09:05:00.000000000,1685581500000000000,5714,5723,5714,5719,3757,852296,852399
2023-06-01 09:06:00.000000000,1685581560000000000,5719,5720,5714,5716,2087,852399,852610
2023-06-01 09:07:00.000000000,1685581620000000000,5716,5719,5714,5714,1456,852610,852889
2023-06-01 09:08:00.000000000,1685581680000000000,5714,5715,5713,5714,1462,852889,853162
2023-06-01 09:09:00.000000000,1685581740000000000,5714,5716,5712,5713,2297,853162,853528
2023-06-01 09:10:00.000000000,1685581800000000000,5713,5718,5713,5716,1777,853528,853270
2023-06-01 09:11:00.000000000,1685581860000000000,5716,5720,5715,5717,1825,853270,853394
2023-06-01 09:12:00.000000000,1685581920000000000,5717,5721,5717,5720,2278,853394,853827
2023-06-01 09:13:00.000000000,1685581980000000000,5720,5726,5718,5719,4026,853827,854620
2023-06-01 09:14:00.000000000,1685582040000000000,5719,5721,5718,5719,2408,854620,855183
2023-06-01 09:15:00.000000000,1685582100000000000,5719,5728,5719,5726,3397,855183,855136
2023-06-01 09:16:00.000000000,1685582160000000000,5726,5730,5723,5724,4115,855136,855392
2023-06-01 09:17:00.000000000,1685582220000000000,5724,5733,5723,5729,5456,855392,856077
2023-06-01 09:18:00.000000000,1685582280000000000,5729,5734,5728,5732,3388,856077,856132
2023-06-01 09:19:00.000000000,1685582340000000000,5732,5734,5729,5729,3438,856132,856269
2023-06-01 09:20:00.000000000,1685582400000000000,5729,5732,5727,5729,2653,856269,855847
2023-06-01 09:21:00.000000000,1685582460000000000,5729,5733,5729,5730,2916,855847,855825
2023-06-01 09:22:00.000000000,1685582520000000000,5730,5734,5729,5731,2113,855825,855766
2023-06-01 09:23:00.000000000,1685582580000000000,5731,5733,5730,5732,1354,855766,855725
2023-06-01 09:24:00.000000000,1685582640000000000,5732,5737,5732,5734,4138,855725,855464
2023-06-01 09:25:00.000000000,1685582700000000000,5734,5735,5732,5732,1466,855464,855706
2023-06-01 09:26:00.000000000,1685582760000000000,5732,5738,5732,5736,2435,855706,856122
2023-06-01 09:27:00.000000000,1685582820000000000,5736,5736,5732,5733,1699,856122,856142
2023-06-01 09:28:00.000000000,1685582880000000000,5733,5738,5733,5736,2055,856142,856453
2023-06-01 09:29:00.000000000,1685582940000000000,5736,5739,5736,5737,1511,856453,856652
2023-06-01 09:30:00.000000000,1685583000000000000,5737,5738,5736,5737,2371,856652,856380
2023-06-01 09:31:00.000000000,1685583060000000000,5737,5744,5736,5736,5872,856380,855835
2023-06-01 09:32:00.000000000,1685583120000000000,5736,5736,5726,5727,4273,855835,855434
2023-06-01 09:33:00.000000000,1685583180000000000,5727,5727,5720,5721,4421,855434,855324
2023-06-01 09:34:00.000000000,1685583240000000000,5721,5724,5720,5724,3591,855324,854967
2023-06-01 09:35:00.000000000,1685583300000000000,5724,5724,5717,5718,4615,854967,854425
2023-06-01 09:36:00.000000000,1685583360000000000,5718,5722,5718,5721,2514,854425,854119
2023-06-01 09:37:00.000000000,1685583420000000000,5721,5726,5716,5716,3043,854119,853972
2023-06-01 09:38:00.000000000,1685583480000000000,5716,5722,5716,5722,1406,853972,854003
2023-06-01 09:39:00.000000000,1685583540000000000,5722,5722,5715,5715,2005,854003,853748
2023-06-01 09:40:00.000000000,1685583600000000000,5715,5720,5715,5718,1833,853748,853987
2023-06-01 09:41:00.000000000,1685583660000000000,5718,5720,5713,5714,3284,853987,854346
2023-06-01 09:42:00.000000000,1685583720000000000,5714,5719,5714,5718,1298,854346,854442
2023-06-01 09:43:00.000000000,1685583780000000000,5718,5719,5718,5718,644,854442,854353
2023-06-01 09:44:00.000000000,1685583840000000000,5718,5722,5716,5721,1587,854353,854165
2023-06-01 09:45:00.000000000,1685583900000000000,5721,5724,5719,5722,2503,854165,854536
2023-06-01 09:46:00.000000000,1685583960000000000,5722,5725,5722,5723,1300,854536,854318
2023-06-01 09:47:00.000000000,1685584020000000000,5723,5725,5722,5725,1115,854318,854296
2023-06-01 09:48:00.000000000,1685584080000000000,5725,5729,5724,5729,1814,854296,854137
2023-06-01 09:49:00.000000000,1685584140000000000,5729,5733,5729,5731,2078,854137,853957
2023-06-01 09:50:00.000000000,1685584200000000000,5731,5731,5727,5729,1859,853957,853903
2023-06-01 09:51:00.000000000,1685584260000000000,5729,5732,5727,5727,1426,853903,854073
2023-06-01 09:52:00.000000000,1685584320000000000,5727,5737,5727,5736,2686,854073,853594
2023-06-01 09:53:00.000000000,1685584380000000000,5736,5741,5736,5740,3775,853594,853406
2023-06-01 09:54:00.000000000,1685584440000000000,5740,5742,5737,5742,3141,853406,853570
2023-06-01 09:55:00.000000000,1685584500000000000,5742,5744,5741,5744,3009,853570,853720
2023-06-01 09:56:00.000000000,1685584560000000000,5744,5748,5739,5746,6767,853720,854141
2023-06-01 09:57:00.000000000,1685584620000000000,5746,5748,5743,5746,2393,854141,854380
2023-06-01 09:58:00.000000000,1685584680000000000,5746,5749,5746,5747,3658,854380,854340
2023-06-01 09:59:00.000000000,1685584740000000000,5747,5748,5744,5744,2799,854340,853884
2023-06-01 10:00:00.000000000,1685584800000000000,5744,5745,5741,5743,3574,853884,853603
2023-06-01 10:01:00.000000000,1685584860000000000,5743,5746,5741,5746,2299,853603,853358
2023-06-01 10:02:00.000000000,1685584920000000000,5746,5748,5742,5745,2742,853358,853110
2023-06-01 10:03:00.000000000,1685584980000000000,5745,5747,5742,5742,1896,853110,852603
2023-06-01 10:04:00.000000000,1685585040000000000,5742,5743,5739,5743,2470,852603,852875
2023-06-01 10:05:00.000000000,1685585100000000000,5743,5746,5738,5740,2280,852875,852410
2023-06-01 10:06:00.000000000,1685585160000000000,5740,5743,5736,5742,1799,852410,852189
2023-06-01 10:07:00.000000000,1685585220000000000,5742,5745,5739,5744,1552,852189,852383
2023-06-01 10:08:00.000000000,1685585280000000000,5744,5744,5734,5736,3550,852383,851668
2023-06-01 10:09:00.000000000,1685585340000000000,5736,5739,5736,5737,1750,851668,851657
2023-06-01 10:10:00.000000000,1685585400000000000,5737,5739,5735,5736,2787,851657,852404
2023-06-01 10:11:00.000000000,1685585460000000000,5736,5737,5735,5736,1811,852404,852825
2023-06-01 10:12:00.000000000,1685585520000000000,5736,5739,5735,5739,1288,852825,852883
2023-06-01 10:13:00.000000000,1685585580000000000,5739,5742,5739,5740,1699,852883,852543
2023-06-01 10:14:00.000000000,1685585640000000000,5740,5741,5737,5740,750,852543,852460
2023-06-01 10:30:00.000000000,1685586600000000000,5738,5740,5733,5739,3879,852460,852757
2023-06-01 10:31:00.000000000,1685586660000000000,5739,5742,5737,5738,2331,852757,852869
2023-06-01 10:32:00.000000000,1685586720000000000,5738,5741,5736,5739,2252,852869,852888
2023-06-01 10:33:00.000000000,1685586780000000000,5739,5742,5736,5737,2484,852888,852465
2023-06-01 10:34:00.000000000,1685586840000000000,5737,5737,5733,5734,1656,852465,852515
2023-06-01 10:35:00.000000000,1685586900000000000,5734,5735,5732,5732,2298,852515,852646
2023-06-01 10:36:00.000000000,1685586960000000000,5732,5735,5729,5730,3735,852646,852099
2023-06-01 10:37:00.000000000,1685587020000000000,5730,5740,5730,5738,2852,852099,851353
2023-06-01 10:38:00.000000000,1685587080000000000,5738,5739,5732,5734,1918,851353,851360
2023-06-01 10:39:00.000000000,1685587140000000000,5734,5734,5728,5730,4570,851360,851857
2023-06-01 10:40:00.000000000,1685587200000000000,5730,5731,5721,5722,6207,851857,852372
2023-06-01 10:41:00.000000000,1685587260000000000,5722,5724,5718,5722,5100,852372,852809
2023-06-01 10:42:00.000000000,1685587320000000000,5722,5727,5721,5726,2506,852809,853008
2023-06-01 10:43:00.000000000,1685587380000000000,5726,5728,5724,5725,1553,853008,853034
2023-06-01 10:44:00.000000000,1685587440000000000,5725,5730,5725,5730,1201,853034,853087
2023-06-01 10:45:00.000000000,1685587500000000000,5730,5730,5725,5725,1194,853087,853322
2023-06-01 10:46:00.000000000,1685587560000000000,5725,5726,5723,5723,1330,853322,853327
2023-06-01 10:47:00.000000000,1685587620000000000,5723,5726,5722,5725,1501,853327,853721
2023-06-01 10:48:00.000000000,1685587680000000000,5725,5725,5719,5719,2058,853721,853810
2023-06-01 10:49:00.000000000,1685587740000000000,5719,5719,5714,5717,4681,853810,853806
2023-06-01 10:50:00.000000000,1685587800000000000,5717,5720,5717,5720,1944,853806,853850
2023-06-01 10:51:00.000000000,1685587860000000000,5720,5720,5716,5718,1460,853850,853585
2023-06-01 10:52:00.000000000,1685587920000000000,5718,5719,5716,5718,740,853585,853491
2023-06-01 10:53:00.000000000,1685587980000000000,5718,5719,5716,5717,1278,853491,853412
2023-06-01 10:54:00.000000000,1685588040000000000,5717,5721,5716,5721,2241,853412,853764
2023-06-01 10:55:00.000000000,1685588100000000000,5721,5723,5720,5721,1400,853764,853702
2023-06-01 10:56:00.000000000,1685588160000000000,5721,5724,5720,5724,1522,853702,853600
2023-06-01 10:57:00.000000000,1685588220000000000,5724,5724,5721,5721,1189,853600,853579
2023-06-01 10:58:00.000000000,1685588280000000000,5721,5723,5721,5722,449,853579,853619
2023-06-01 10:59:00.000000000,1685588340000000000,5722,5722,5721,5721,314,853619,853593
2023-06-01 11:00:00.000000000,1685588400000000000,5721,5723,5718,5720,2102,853593,853700
2023-06-01 11:01:00.000000000,1685588460000000000,5720,5721,5716,5721,1731,853700,853957
2023-06-01 11:02:00.000000000,1685588520000000000,5721,5727,5720,5725,2480,853957,853291
2023-06-01 11:03:00.000000000,1685588580000000000,5725,5725,5722,5724,1220,853291,853099
2023-06-01 11:04:00.000000000,1685588640000000000,5724,5726,5723,5726,646,853099,853142
2023-06-01 11:05:00.000000000,1685588700000000000,5726,5726,5722,5723,1105,853142,853186
2023-06-01 11:06:00.000000000,1685588760000000000,5723,5725,5721,5725,1018,853186,853098
2023-06-01 11:07:00.000000000,1685588820000000000,5725,5728,5724,5727,1314,853098,852859
2023-06-01 11:08:00.000000000,1685588880000000000,5727,5730,5726,5729,1480,852859,852463
2023-06-01 11:09:00.000000000,1685588940000000000,5729,5734,5728,5730,2960,852463,852385
2023-06-01 11:10:00.000000000,1685589000000000000,5730,5732,5729,5730,1201,852385,852430
2023-06-01 11:11:00.000000000,1685589060000000000,5730,5732,5725,5731,1873,852430,852143
2023-06-01 11:12:00.000000000,1685589120000000000,5731,5731,5727,5728,1244,852143,851801
2023-06-01 11:13:00.000000000,1685589180000000000,5728,5728,5722,5722,1694,851801,851144
2023-06-01 11:14:00.000000000,1685589240000000000,5722,5724,5721,5724,1737,851144,850734
2023-06-01 11:15:00.000000000,1685589300000000000,5724,5724,5722,5723,1453,850734,850527
2023-06-01 11:16:00.000000000,1685589360000000000,5723,5724,5720,5724,2038,850527,850299
2023-06-01 11:17:00.000000000,1685589420000000000,5724,5724,5720,5721,1372,850299,850519
2023-06-01 11:18:00.000000000,1685589480000000000,5721,5721,5718,5719,1341,850519,850742
2023-06-01 11:19:00.000000000,1685589540000000000,5719,5723,5719,5722,878,850742,850561
2023-06-01 11:20:00.000000000,1685589600000000000,5722,5727,5721,5726,1240,850561,850344
2023-06-01 11:21:00.000000000,1685589660000000000,5726,5726,5724,5725,786,850344,850390
2023-06-01 11:22:00.000000000,1685589720000000000,5725,5729,5723,5729,1172,850390,850319
2023-06-01 11:23:00.000000000,1685589780000000000,5729,5730,5726,5727,930,850319,850311
2023-06-01 11:24:00.000000000,1685589840000000000,5727,5729,5726,5728,829,850311,850292
2023-06-01 11:25:00.000000000,1685589900000000000,5728,5728,5724,5725,1425,850292,850191
2023-06-01 11:26:00.000000000,1685589960000000000,5725,5728,5725,5728,835,850191,849863
2023-06-01 11:27:00.000000000,1685590020000000000,5728,5730,5727,5730,719,849863,849618
2023-06-01 11:28:00.000000000,1685590080000000000,5730,5730,5728,5729,872,849618,849513
2023-06-01 11:29:00.000000000,1685590140000000000,5729,5733,5728,5731,1916,849513,849274
2023-06-01 13:30:00.000000000,1685597400000000000,5729,5739,5729,5736,6419,849274,848297
2023-06-01 13:31:00.000000000,1685597460000000000,5736,5736,5730,5732,2837,848297,848259
2023-06-01 13:32:00.000000000,1685597520000000000,5732,5732,5729,5730,1741,848259,847870
2023-06-01 13:33:00.000000000,1685597580000000000,5730,5731,5725,5728,3072,847870,847754
2023-06-01 13:34:00.000000000,1685597640000000000,5728,5731,5727,5729,1285,847754,847989
2023-06-01 13:35:00.000000000,1685597700000000000,5729,5730,5723,5727,3243,847989,848091
2023-06-01 13:36:00.000000000,1685597760000000000,5727,5727,5724,5726,1448,848091,848153
2023-06-01 13:37:00.000000000,1685597820000000000,5726,5731,5724,5724,2974,848153,847846
2023-06-01 13:38:00.000000000,1685597880000000000,5724,5729,5722,5727,1332,847846,847656
2023-06-01 13:39:00.000000000,1685597940000000000,5727,5729,5726,5727,780,847656,847637
2023-06-01 13:40:00.000000000,1685598000000000000,5727,5728,5724,5727,850,847637,847736
2023-06-01 13:41:00.000000000,1685598060000000000,5727,5728,5726,5728,467,847736,847645
2023-06-01 13:42:00.000000000,1685598120000000000,5728,5733,5726,5731,1886,847645,847238
2023-06-01 13:43:00.000000000,1685598180000000000,5731,5731,5727,5729,1309,847238,847489
2023-06-01 13:44:00.000000000,1685598240000000000,5729,5730,5727,5729,898,847489,847311
2023-06-01 13:45:00.000000000,1685598300000000000,5729,5731,5726,5728,1251,847311,847520
2023-06-01 13:46:00.000000000,1685598360000000000,5728,5730,5726,5729,1184,847520,847315
2023-06-01 13:47:00.000000000,1685598420000000000,5729,5732,5728,5731,2155,847315,847142
2023-06-01 13:48:00.000000000,1685598480000000000,5731,5735,5730,5734,1710,847142,846948
2023-06-01 13:49:00.000000000,1685598540000000000,5734,5734,5731,5732,765,846948,846961
2023-06-01 13:50:00.000000000,1685598600000000000,5732,5736,5731,5736,1395,846961,846841
2023-06-01 13:51:00.000000000,1685598660000000000,5736,5736,5733,5735,1095,846841,846725
2023-06-01 13:52:00.000000000,1685598720000000000,5735,5736,5734,5735,1174,846725,846683
2023-06-01 13:53:00.000000000,1685598780000000000,5735,5737,5733,5736,1245,846683,846302
2023-06-01 13:54:00.000000000,1685598840000000000,5736,5743,5736,5740,4492,846302,846331
2023-06-01 13:55:00.000000000,1685598900000000000,5740,5741,5737,5739,1273,846331,846329
2023-06-01 13:56:00.000000000,1685598960000000000,5739,5739,5733,5733,1383,846329,846152
2023-06-01 13:57:00.000000000,1685599020000000000,5733,5735,5732,5735,978,846152,846264
2023-06-01 13:58:00.000000000,1685599080000000000,5735,5735,5733,5735,1121,846264,846185
2023-06-01 13:59:00.000000000,1685599140000000000,5735,5736,5733,5733,1115,846185,846208
2023-06-01 14:00:00.000000000,1685599200000000000,5733,5735,5732,5735,1773,846208,846085
2023-06-01 14:01:00.000000000,1685599260000000000,5735,5738,5735,5737,949,846085,845907
2023-06-01 14:02:00.000000000,1685599320000000000,5737,5737,5733,5737,1637,845907,845798
2023-06-01 14:03:00.000000000,1685599380000000000,5737,5740,5737,5739,1437,845798,845861
2023-06-01 14:04:00.000000000,1685599440000000000,5739,5742,5739,5741,2103,845861,845708
2023-06-01 14:05:00.000000000,1685599500000000000,5741,5743,5739,5740,1667,845708,845618
2023-06-01 14:06:00.000000000,1685599560000000000,5740,5742,5739,5742,1465,845618,845775
2023-06-01 14:07:00.000000000,1685599620000000000,5742,5744,5741,5742,1411,845775,845651
2023-06-01 14:08:00.000000000,1685599680000000000,5742,5744,5740,5743,1250,845651,845743
2023-06-01 14:09:00.000000000,1685599740000000000,5743,5746,5738,5741,3176,845743,845988
2023-06-01 14:10:00.000000000,1685599800000000000,5741,5742,5739,5740,760,845988,846134
2023-06-01 14:11:00.000000000,1685599860000000000,5740,5742,5738,5740,772,846134,846115
2023-06-01 14:12:00.000000000,1685599920000000000,5740,5743,5739,5741,1421,846115,845991
2023-06-01 14:13:00.000000000,1685599980000000000,5741,5742,5740,5741,473,845991,845958
2023-06-01 14:14:00.000000000,1685600040000000000,5741,5744,5741,5743,2070,845958,846653
2023-06-01 14:15:00.000000000,1685600100000000000,5743,5745,5741,5742,1338,846653,846395
2023-06-01 14:16:00.000000000,1685600160000000000,5742,5745,5742,5743,1161,846395,846491
2023-06-01 14:17:00.000000000,1685600220000000000,5743,5745,5743,5744,972,846491,846541
2023-06-01 14:18:00.000000000,1685600280000000000,5744,5747,5743,5746,1198,846541,846674
2023-06-01 14:19:00.000000000,1685600340000000000,5746,5747,5743,5744,1206,846674,846565
2023-06-01 14:20:00.000000000,1685600400000000000,5744,5745,5743,5745,702,846565,846687
2023-06-01 14:21:00.000000000,1685600460000000000,5745,5745,5741,5741,1126,846687,846594
2023-06-01 14:22:00.000000000,1685600520000000000,5741,5742,5739,5741,1451,846594,846518
2023-06-01 14:23:00.000000000,1685600580000000000,5741,5742,5740,5741,581,846518,846463
2023-06-01 14:24:00.000000000,1685600640000000000,5741,5741,5738,5740,1612,846463,846401
2023-06-01 14:25:00.000000000,1685600700000000000,5740,5742,5739,5741,717,846401,846319
2023-06-01 14:26:00.000000000,1685600760000000000,5741,5742,5740,5742,348,846319,846380
2023-06-01 14:27:00.000000000,1685600820000000000,5742,5744,5741,5742,791,846380,846251
2023-06-01 14:28:00.000000000,1685600880000000000,5742,5744,5742,5743,911,846251,846130
2023-06-01 14:29:00.000000000,1685600940000000000,5743,5748,5743,5746,2015,846130,845988
2023-06-01 14:30:00.000000000,1685601000000000000,5746,5748,5746,5747,2395,845988,845702
2023-06-01 14:31:00.000000000,1685601060000000000,5747,5753,5747,5749,6407,845702,846088
2023-06-01 14:32:00.000000000,1685601120000000000,5749,5750,5747,5748,1858,846088,845708
2023-06-01 14:33:00.000000000,1685601180000000000,5748,5748,5745,5746,2305,845708,845137
2023-06-01 14:34:00.000000000,1685601240000000000,5746,5747,5744,5745,2149,845137,844961
2023-06-01 14:35:00.000000000,1685601300000000000,5745,5747,5744,5744,645,844961,844822
2023-06-01 14:36:00.000000000,1685601360000000000,5744,5748,5744,5746,1575,844822,844559
2023-06-01 14:37:00.000000000,1685601420000000000,5746,5750,5746,5749,1429,844559,844611
2023-06-01 14:38:00.000000000,1685601480000000000,5749,5751,5748,5750,1622,844611,844725
2023-06-01 14:39:00.000000000,1685601540000000000,5750,5754,5749,5752,1802,844725,844686
2023-06-01 14:40:00.000000000,1685601600000000000,5752,5753,5749,5750,2293,844686,844994
2023-06-01 14:41:00.000000000,1685601660000000000,5750,5753,5750,5752,1450,844994,845046
2023-06-01 14:42:00.000000000,1685601720000000000,5752,5756,5752,5753,3315,845046,844469
2023-06-01 14:43:00.000000000,1685601780000000000,5753,5759,5753,5759,4056,844469,843638
2023-06-01 14:44:00.000000000,1685601840000000000,5759,5770,5759,5767,11641,843638,842517
2023-06-01 14:45:00.000000000,1685601900000000000,5767,5775,5767,5772,8104,842517,840933
2023-06-01 14:46:00.000000000,1685601960000000000,5772,5774,5770,5770,5784,840933,840499
2023-06-01 14:47:00.000000000,1685602020000000000,5770,5771,5764,5764,4331,840499,840888
2023-06-01 14:48:00.000000000,1685602080000000000,5764,5768,5762,5763,4018,840888,841110
2023-06-01 14:49:00.000000000,1685602140000000000,5763,5767,5763,5763,3294,841110,840849
2023-06-01 14:50:00.000000000,1685602200000000000,5763,5763,5751,5754,7617,840849,841380
2023-06-01 14:51:00.000000000,1685602260000000000,5754,5760,5752,5759,3487,841380,841041
2023-06-01 14:52:00.000000000,1685602320000000000,5759,5764,5759,5762,1645,841041,840958
2023-06-01 14:53:00.000000000,1685602380000000000,5762,5768,5760,5766,2710,840958,840340
2023-06-01 14:54:00.000000000,1685602440000000000,5766,5767,5765,5766,2163,840340,840456
2023-06-01 14:55:00.000000000,1685602500000000000,5766,5769,5764,5767,2239,840456,839846
2023-06-01 14:56:00.000000000,1685602560000000000,5767,5770,5766,5767,2567,839846,839462
2023-06-01 14:57:00.000000000,1685602620000000000,5767,5770,5766,5769,1689,839462,838835
2023-06-01 14:58:00.000000000,1685602680000000000,5769,5772,5769,5771,2444,838835,837663
2023-06-01 14:59:00.000000000,1685602740000000000,5771,5778,5770,5777,5740,837663,836899
2023-06-01 21:00:00.000000000,1685624400000000000,5777,5782,5757,5762,20749,836899,835037
2023-06-01 21:01:00.000000000,1685624460000000000,5762,5762,5756,5758,7731,835037,834361
2023-06-01 21:02:00.000000000,1685624520000000000,5758,5758,5752,5755,5404,834361,833582
2023-06-01 21:03:00.000000000,1685624580000000000,5755,5756,5748,5755,10235,833582,833468
2023-06-01 21:04:00.000000000,1685624640000000000,5755,5756,5750,5753,5453,833468,833185
2023-06-01 21:05:00.000000000,1685624700000000000,5753,5756,5749,5750,5637,833185,833106
2023-06-01 21:06:00.000000000,1685624760000000000,5750,5751,5746,5751,6407,833106,832958
2023-06-01 21:07:00.000000000,1685624820000000000,5751,5755,5747,5753,4488,832958,832801
2023-06-01 21:08:00.000000000,1685624880000000000,5753,5754,5743,5747,4896,832801,832622
2023-06-01 21:09:00.000000000,1685624940000000000,5747,5749,5744,5747,3300,832622,832615
2023-06-01 21:10:00.000000000,1685625000000000000,5747,5748,5743,5747,3617,832615,832699
2023-06-01 21:11:00.000000000,1685625060000000000,5747,5748,5744,5746,2243,832699,832911
2023-06-01 21:12:00.000000000,1685625120000000000,5746,5746,5743,5744,2025,832911,833046
2023-06-01 21:13:00.000000000,1685625180000000000,5744,5745,5741,5745,2316,833046,832880
2023-06-01 21:14:00.000000000,1685625240000000000,5745,5748,5744,5747,2191,832880,832737
2023-06-01 21:15:00.000000000,1685625300000000000,5747,5748,5744,5748,2282,832737,832752
2023-06-01 21:16:00.000000000,1685625360000000000,5748,5749,5746,5748,1743,832752,832797
2023-06-01 21:17:00.000000000,1685625420000000000,5748,5752,5748,5751,3263,832797,832782
2023-06-01 21:18:00.000000000,1685625480000000000,5751,5752,5747,5748,2313,832782,832953
2023-06-01 21:19:00.000000000,1685625540000000000,5748,5749,5747,5748,797,832953,833100
2023-06-01 21:20:00.000000000,1685625600000000000,5748,5748,5742,5743,4513,833100,832972
2023-06-01 21:21:00.000000000,1685625660000000000,5743,5744,5741,5742,2302,832972,833282
2023-06-01 21:22:00.000000000,1685625720000000000,5742,5745,5740,5742,3022,833282,833673
2023-06-01 21:23:00.000000000,1685625780000000000,5742,5744,5740,5741,1357,833673,833753
2023-06-01 21:24:00.000000000,1685625840000000000,5741,5741,5737,5740,2824,833753,834004
2023-06-01 21:25:00.000000000,1685625900000000000,5740,5743,5738,5743,2788,834004,833813
2023-06-01 21:26:00.000000000,1685625960000000000,5743,5744,5741,5742,1978,833813,833973
2023-06-01 21:27:00.000000000,1685626020000000000,5742,5744,5741,5743,1122,833973,833994
2023-06-01 21:28:00.000000000,1685626080000000000,5743,5747,5742,5746,2349,833994,834227
2023-06-01 21:29:00.000000000,1685626140000000000,5746,5747,5744,5746,741,834227,834343
2023-06-01 21:30:00.000000000,1685626200000000000,5746,5748,5744,5746,1345,834343,834488
2023-06-01 21:31:00.000000000,1685626260000000000,5746,5749,5745,5746,3411,834488,834604
2023-06-01 21:32:00.000000000,1685626320000000000,5746,5747,5743,5746,1380,834604,834590
2023-06-01 21:33:00.000000000,1685626380000000000,5746,5750,5746,5747,1430,834590,834522
2023-06-01 21:34:00.000000000,1685626440000000000,5747,5747,5744,5744,1496,834522,834734
2023-06-01 21:35:00.000000000,1685626500000000000,5744,5746,5743,5745,1487,834734,834889
2023-06-01 21:36:00.000000000,1685626560000000000,5745,5748,5745,5747,1985,834889,835011
2023-06-01 21:37:00.000000000,1685626620000000000,5747,5748,5745,5745,2037,835011,834725
2023-06-01 21:38:00.000000000,1685626680000000000,5745,5746,5743,5744,1733,834725,834901
2023-06-01 21:39:00.000000000,1685626740000000000,5744,5748,5744,5747,1259,834901,834940
2023-06-01 21:40:00.000000000,1685626800000000000,5747,5747,5745,5745,514,834940,834989
2023-06-01 21:41:00.000000000,1685626860000000000,5745,5747,5743,5744,1364,834989,834966
2023-06-01 21:42:00.000000000,1685626920000000000,5744,5745,5742,5745,1169,834966,835076
2023-06-01 21:43:00.000000000,1685626980000000000,5745,5745,5743,5743,876,835076,835065
2023-06-01 21:44:00.000000000,1685627040000000000,5743,5744,5741,5741,2876,835065,834726
2023-06-01 21:45:00.000000000,1685627100000000000,5741,5742,5740,5742,1378,834726,834803
2023-06-01 21:46:00.000000000,1685627160000000000,5742,5743,5740,5742,1791,834803,834537
2023-06-01 21:47:00.000000000,1685627220000000000,5742,5745,5742,5742,1354,834537,834534
2023-06-01 21:48:00.000000000,1685627280000000000,5742,5744,5741,5743,532,834534,834499
2023-06-01 21:49:00.000000000,1685627340000000000,5743,5744,5740,5741,1299,834499,834775
2023-06-01 21:50:00.000000000,1685627400000000000,5741,5742,5739,5740,2090,834775,835353
2023-06-01 21:51:00.000000000,1685627460000000000,5740,5740,5734,5735,4848,835353,835124
2023-06-01 21:52:00.000000000,1685627520000000000,5735,5737,5733,5735,1950,835124,835230
2023-06-01 21:53:00.000000000,1685627580000000000,5735,5737,5734,5736,1149,835230,835359
2023-06-01 21:54:00.000000000,1685627640000000000,5736,5738,5734,5738,1964,835359,835176
2023-06-01 21:55:00.000000000,1685627700000000000,5738,5738,5731,5733,2088,835176,835226
2023-06-01 21:56:00.000000000,1685627760000000000,5733,5733,5727,5729,4691,835226,835623
2023-06-01 21:57:00.000000000,1685627820000000000,5729,5733,5729,5730,2711,835623,835505
2023-06-01 21:58:00.000000000,1685627880000000000,5730,5735,5730,5734,1384,835505,835598
2023-06-01 21:59:00.000000000,1685627940000000000,5734,5735,5729,5732,2541,835598,836056
2023-06-01 22:00:00.000000000,1685628000000000000,5732,5738,5731,5738,4175,836056,836092
2023-06-01 22:01:00.000000000,1685628060000000000,5738,5738,5732,5733,2870,836092,836421
2023-06-01 22:02:00.000000000,1685628120000000000,5733,5736,5733,5735,1137,836421,836441
2023-06-01 22:03:00.000000000,1685628180000000000,5735,5735,5732,5733,1440,836441,836391
2023-06-01 22:04:00.000000000,1685628240000000000,5733,5733,5730,5732,1857,836391,836820
2023-06-01 22:05:00.000000000,1685628300000000000,5732,5733,5730,5732,912,836820,836934
2023-06-01 22:06:00.000000000,1685628360000000000,5732,5734,5731,5733,855,836934,836766
2023-06-01 22:07:00.000000000,1685628420000000000,5733,5735,5731,5732,1536,836766,836768
2023-06-01 22:08:00.000000000,1685628480000000000,5732,5734,5732,5733,585,836768,836715
2023-06-01 22:09:00.000000000,1685628540000000000,5733,5734,5731,5733,828,836715,836657
2023-06-01 22:10:00.000000000,1685628600000000000,5733,5734,5731,5734,1268,836657,836408
2023-06-01 22:11:00.000000000,1685628660000000000,5734,5738,5734,5737,1869,836408,836048
2023-06-01 22:12:00.000000000,1685628720000000000,5737,5739,5736,5737,1323,836048,835927
2023-06-01 22:13:00.000000000,1685628780000000000,5737,5738,5735,5736,1293,835927,836065
2023-06-01 22:14:00.000000000,1685628840000000000,5736,5739,5736,5739,1010,836065,836313
2023-06-01 22:15:00.000000000,1685628900000000000,5739,5741,5737,5740,2463,836313,836210
2023-06-01 22:16:00.000000000,1685628960000000000,5740,5743,5739,5742,1861,836210,836070
2023-06-01 22:17:00.000000000,1685629020000000000,5742,5742,5739,5739,984,836070,836172
2023-06-01 22:18:00.000000000,1685629080000000000,5739,5743,5739,5742,1232,836172,836267
2023-06-01 22:19:00.000000000,1685629140000000000,5742,5745,5742,5745,1176,836267,835994
2023-06-01 22:20:00.000000000,1685629200000000000,5745,5745,5742,5744,2308,835994,836064
2023-06-01 22:21:00.000000000,1685629260000000000,5744,5746,5741,5742,1804,836064,836168
2023-06-01 22:22:00.000000000,1685629320000000000,5742,5744,5741,5743,659,836168,836264
2023-06-01 22:23:00.000000000,1685629380000000000,5743,5747,5742,5746,1150,836264,836050
2023-06-01 22:24:00.000000000,1685629440000000000,5746,5747,5746,5746,1308,836050,836054
2023-06-01 22:25:00.000000000,1685629500000000000,5746,5751,5746,5747,3207,836054,835459
2023-06-01 22:26:00.000000000,1685629560000000000,5747,5751,5747,5750,1622,835459,835435
2023-06-01 22:27:00.000000000,1685629620000000000,5750,5751,5749,5751,832,835435,835603
2023-06-01 22:28:00.000000000,1685629680000000000,5751,5751,5748,5749,1047,835603,835495
2023-06-01 22:29:00.000000000,1685629740000000000,5749,5751,5749,5750,1264,835495,835673
2023-06-01 22:30:00.000000000,1685629800000000000,5750,5756,5749,5752,4570,835673,835344
2023-06-01 22:31:00.000000000,1685629860000000000,5752,5755,5752,5754,2684,835344,835169
2023-06-01 22:32:00.000000000,1685629920000000000,5754,5755,5753,5754,1317,835169,835384
2023-06-01 22:33:00.000000000,1685629980000000000,5754,5756,5751,5752,1975,835384,835626
2023-06-01 22:34:00.000000000,1685630040000000000,5752,5753,5751,5753,640,835626,835507
2023-06-01 22:35:00.000000000,1685630100000000000,5753,5761,5753,5758,4956,835507,834064
2023-06-01 22:36:00.000000000,1685630160000000000,5758,5762,5758,5761,2760,834064,834480
2023-06-01 22:37:00.000000000,1685630220000000000,5761,5761,5755,5755,2986,834480,834540
2023-06-01 22:38:00.000000000,1685630280000000000,5755,5761,5755,5761,2286,834540,834116
2023-06-01 22:39:00.000000000,1685630340000000000,5761,5761,5758,5761,1633,834116,833886
2023-06-01 22:40:00.000000000,1685630400000000000,5761,5762,5758,5762,2409,833886,833394
2023-06-01 22:41:00.000000000,1685630460000000000,5762,5764,5761,5763,2610,833394,833371
2023-06-01 22:42:00.000000000,1685630520000000000,5763,5766,5762,5764,2947,833371,833709
2023-06-01 22:43:00.000000000,1685630580000000000,5764,5764,5762,5764,1010,833709,833909
2023-06-01 22:44:00.000000000,1685630640000000000,5764,5764,5762,5764,952,833909,833951
2023-06-01 22:45:00.000000000,1685630700000000000,5764,5765,5760,5763,2336,833951,833862
2023-06-01 22:46:00.000000000,1685630760000000000,5763,5766,5762,5762,1324,833862,833845
2023-06-01 22:47:00.000000000,1685630820000000000,5762,5763,5758,5759,2087,833845,833717
2023-06-01 22:48:00.000000000,1685630880000000000,5759,5761,5758,5758,878,833717,833619
2023-06-01 22:49:00.000000000,1685630940000000000,5758,5760,5758,5760,1117,833619,833340
2023-06-01 22:50:00.000000000,1685631000000000000,5760,5761,5756,5760,2364,833340,833000
2023-06-01 22:51:00.000000000,1685631060000000000,5760,5762,5759,5760,1034,833000,832898
2023-06-01 22:52:00.000000000,1685631120000000000,5760,5761,5759,5761,616,832898,832918
2023-06-01 22:53:00.000000000,1685631180000000000,5761,5761,5759,5760,630,832918,832950
2023-06-01 22:54:00.000000000,1685631240000000000,5760,5763,5760,5762,939,832950,832868
2023-06-01 22:55:00.000000000,1685631300000000000,5762,5763,5760,5762,1593,832868,832228
2023-06-01 22:56:00.000000000,1685631360000000000,5762,5766,5762,5764,2703,832228,831672
2023-06-01 22:57:00.000000000,1685631420000000000,5764,5766,5763,5763,2222,831672,830976
2023-06-01 22:58:00.000000000,1685631480000000000,5763,5767,5763,5767,2327,830976,830164
2023-06-01 22:59:00.000000000,1685631540000000000,5767,5767,5761,5761,3370,830164,829485
2023-06-02 09:00:00.000000000,1685667600000000000,5770,5773,5763,5765,7293,829485,830861
2023-06-02 09:01:00.000000000,1685667660000000000,5765,5775,5765,5767,5658,830861,831766
2023-06-02 09:02:00.000000000,1685667720000000000,5767,5770,5765,5768,2826,831766,832186
2023-06-02 09:03:00.000000000,1685667780000000000,5768,5774,5766,5773,3476,832186,832352
2023-06-02 09:04:00.000000000,1685667840000000000,5773,5774,5771,5771,1527,832352,832543
2023-06-02 09:05:00.000000000,1685667900000000000,5771,5773,5766,5767,2784,832543,832652
2023-06-02 09:06:00.000000000,1685667960000000000,5767,5768,5765,5767,2205,832652,832507
2023-06-02 09:07:00.000000000,1685668020000000000,5767,5771,5765,5766,2138,832507,832888
2023-06-02 09:08:00.000000000,1685668080000000000,5766,5769,5765,5765,1422,832888,832961
2023-06-02 09:09:00.000000000,1685668140000000000,5765,5766,5759,5762,3792,832961,832001
2023-06-02 09:10:00.000000000,1685668200000000000,5762,5763,5756,5756,1931,832001,832175
2023-06-02 09:11:00.000000000,1685668260000000000,5756,5763,5756,5761,3111,832175,832309
2023-06-02 09:12:00.000000000,1685668320000000000,5761,5764,5760,5762,1108,832309,832308
2023-06-02 09:13:00.000000000,1685668380000000000,5762,5765,5761,5761,1426,832308,832528
2023-06-02 09:14:00.000000000,1685668440000000000,5761,5761,5756,5757,3127,832528,833149
2023-06-02 09:15:00.000000000,1685668500000000000,5757,5761,5752,5753,3547,833149,833632
2023-06-02 09:16:00.000000000,1685668560000000000,5753,5755,5751,5752,3800,833632,833617
2023-06-02 09:17:00.000000000,1685668620000000000,5752,5752,5749,5751,2710,833617,833181
2023-06-02 09:18:00.000000000,1685668680000000000,5751,5753,5748,5753,1773,833181,833006
2023-06-02 09:19:00.000000000,1685668740000000000,5753,5753,5750,5751,1364,833006,833019
2023-06-02 09:20:00.000000000,1685668800000000000,5751,5753,5750,5752,963,833019,833047
2023-06-02 09:21:00.000000000,1685668860000000000,5752,5755,5750,5751,1773,833047,833037
2023-06-02 09:22:00.000000000,1685668920000000000,5751,5755,5751,5754,1884,833037,833005
2023-06-02 09:23:00.000000000,1685668980000000000,5754,5757,5754,5757,1172,833005,832700
2023-06-02 09:24:00.000000000,1685669040000000000,5757,5758,5755,5755,1221,832700,832771
2023-06-02 09:25:00.000000000,1685669100000000000,5755,5760,5754,5757,1709,832771,833169
2023-06-02 09:26:00.000000000,1685669160000000000,5757,5759,5756,5757,1063,833169,833055
2023-06-02 09:27:00.000000000,1685669220000000000,5757,5761,5753,5753,1475,833055,833112
2023-06-02 09:28:00.000000000,1685669280000000000,5753,5756,5753,5755,1072,833112,832826
2023-06-02 09:29:00.000000000,1685669340000000000,5755,5760,5754,5759,878,832826,832760
2023-06-02 09:30:00.000000000,1685669400000000000,5759,5763,5758,5760,1783,832760,832477
2023-06-02 09:31:00.000000000,1685669460000000000,5760,5765,5760,5762,2219,832477,832160
2023-06-02 09:32:00.000000000,1685669520000000000,5762,5762,5758,5760,1477,832160,832199
2023-06-02 09:33:00.000000000,1685669580000000000,5760,5761,5756,5757,1031,832199,832311
2023-06-02 09:34:00.000000000,1685669640000000000,5757,5758,5753,5756,1381,832311,832155
2023-06-02 09:35:00.000000000,1685669700000000000,5756,5757,5752,5753,1674,832155,832533
2023-06-02 09:36:00.000000000,1685669760000000000,5753,5755,5752,5754,1021,832533,832454
2023-06-02 09:37:00.000000000,1685669820000000000,5754,5754,5750,5753,1946,832454,832265
2023-06-02 09:38:00.000000000,1685669880000000000,5753,5753,5744,5745,3719,832265,832348
2023-06-02 09:39:00.000000000,1685669940000000000,5745,5748,5744,5746,1302,832348,832391
2023-06-02 09:40:00.000000000,1685670000000000000,5746,5748,5742,5744,2748,832391,832626
2023-06-02 09:41:00.000000000,1685670060000000000,5744,5748,5744,5745,1846,832626,832654
2023-06-02 09:42:00.000000000,1685670120000000000,5745,5748,5745,5747,686,832654,832650
2023-06-02 09:43:00.000000000,1685670180000000000,5747,5747,5742,5744,2299,832650,833269
2023-06-02 09:44:00.000000000,1685670240000000000,5744,5747,5741,5743,1895,833269,833601
2023-06-02 09:45:00.000000000,1685670300000000000,5743,5747,5742,5746,1317,833601,833697
2023-06-02 09:46:00.000000000,1685670360000000000,5746,5746,5740,5741,1662,833697,834049
2023-06-02 09:47:00.000000000,1685670420000000000,5741,5746,5741,5745,1139,834049,833961
2023-06-02 09:48:00.000000000,1685670480000000000,5745,5746,5743,5745,859,833961,833970
2023-06-02 09:49:00.000000000,1685670540000000000,5745,5746,5742,5743,828,833970,834098
2023-06-02 09:50:00.000000000,1685670600000000000,5743,5746,5741,5745,1464,834098,834298
2023-06-02 09:51:00.000000000,1685670660000000000,5745,5745,5744,5744,572,834298,834423
2023-06-02 09:52:00.000000000,1685670720000000000,5744,5749,5743,5749,2311,834423,834074
2023-06-02 09:53:00.000000000,1685670780000000000,5749,5749,5746,5747,1317,834074,834190
2023-06-02 09:54:00.000000000,1685670840000000000,5747,5753,5747,5752,2773,834190,833803
2023-06-02 09:55:00.000000000,1685670900000000000,5752,5756,5751,5754,3188,833803,833668
2023-06-02 09:56:00.000000000,1685670960000000000,5754,5756,5753,5756,2094,833668,833453
2023-06-02 09:57:00.000000000,1685671020000000000,5756,5756,5752,5752,2025,833453,833045
2023-06-02 09:58:00.000000000,1685671080000000000,5752,5756,5752,5755,1578,833045,832974
2023-06-02 09:59:00.000000000,1685671140000000000,5755,5755,5751,5754,1813,832974,833084
2023-06-02 10:00:00.000000000,1685671200000000000,5754,5754,5748,5749,2627,833084,832923
2023-06-02 10:01:00.000000000,1685671260000000000,5749,5749,5741,5741,3550,832923,833086
2023-06-02 10:02:00.000000000,1685671320000000000,5741,5743,5738,5740,2855,833086,833421
2023-06-02 10:03:00.000000000,1685671380000000000,5740,5744,5739,5740,2335,833421,834186
2023-06-02 10:04:00.000000000,1685671440000000000,5740,5742,5739,5741,1119,834186,834221
2023-06-02 10:05:00.000000000,1685671500000000000,5741,5745,5741,5745,1573,834221,834221
2023-06-02 10:06:00.000000000,1685671560000000000,5745,5747,5743,5746,1647,834221,834208
2023-06-02 10:07:00.000000000,1685671620000000000,5746,5748,5746,5748,386,834208,834050
2023-06-02 10:08:00.000000000,1685671680000000000,5748,5749,5743,5744,1599,834050,834594
2023-06-02 10:09:00.000000000,1685671740000000000,5744,5744,5740,5743,1470,834594,834670
2023-06-02 10:10:00.000000000,1685671800000000000,5743,5743,5740,5742,1002,834670,834631
2023-06-02 10:11:00.000000000,1685671860000000000,5742,5746,5742,5744,1380,834631,834969
2023-06-02 10:12:00.000000000,1685671920000000000,5744,5745,5742,5742,1712,834969,834776
2023-06-02 10:13:00.000000000,1685671980000000000,5742,5744,5742,5743,600,834776,834845
2023-06-02 10:14:00.000000000,1685672040000000000,5743,5743,5741,5743,747,834845,834854
2023-06-02 10:30:00.000000000,1685673000000000000,5743,5747,5743,5745,2273,834854,834798
2023-06-02 10:31:00.000000000,1685673060000000000,5745,5748,5742,5744,1981,834798,835082
2023-06-02 10:32:00.000000000,1685673120000000000,5744,5751,5744,5750,2252,835082,835002
2023-06-02 10:33:00.000000000,1685673180000000000,5750,5752,5749,5751,1141,835002,834864
2023-06-02 10:34:00.000000000,1685673240000000000,5751,5752,5749,5752,858,834864,834762
2023-06-02 10:35:00.000000000,1685673300000000000,5752,5755,5751,5754,1660,834762,835010
2023-06-02 10:36:00.000000000,1685673360000000000,5754,5755,5752,5753,1046,835010,835170
2023-06-02 10:37:00.000000000,1685673420000000000,5753,5754,5750,5750,1074,835170,835214
2023-06-02 10:38:00.000000000,1685673480000000000,5750,5755,5750,5754,1481,835214,835422
2023-06-02 10:39:00.000000000,1685673540000000000,5754,5755,5753,5755,622,835422,835603
2023-06-02 10:40:00.000000000,1685673600000000000,5755,5756,5752,5753,1303,835603,835532
2023-06-02 10:41:00.000000000,1685673660000000000,5753,5755,5752,5754,1155,835532,835349
2023-06-02 10:42:00.000000000,1685673720000000000,5754,5759,5754,5757,2369,835349,835095
2023-06-02 10:43:00.000000000,1685673780000000000,5757,5758,5756,5757,828,835095,835094
2023-06-02 10:44:00.000000000,1685673840000000000,5757,5759,5757,5757,1148,835094,835105
2023-06-02 10:45:00.000000000,1685673900000000000,5757,5760,5756,5760,1141,835105,835179
2023-06-02 10:46:00.000000000,1685673960000000000,5760,5760,5755,5755,1126,835179,835161
2023-06-02 10:47:00.000000000,1685674020000000000,5755,5758,5755,5757,699,835161,835236
2023-06-02 10:48:00.000000000,1685674080000000000,5757,5759,5755,5756,900,835236,835214
2023-06-02 10:49:00.000000000,1685674140000000000,5756,5759,5755,5758,701,835214,835162
2023-06-02 10:50:00.000000000,1685674200000000000,5758,5760,5757,5760,1007,835162,835086
2023-06-02 10:51:00.000000000,1685674260000000000,5760,5764,5760,5764,1954,835086,834712
2023-06-02 10:52:00.000000000,1685674320000000000,5764,5765,5762,5764,1666,834712,834704
2023-06-02 10:53:00.000000000,1685674380000000000,5764,5765,5760,5761,1380,834704,834766
2023-06-02 10:54:00.000000000,1685674440000000000,5761,5762,5757,5759,1080,834766,834926
2023-06-02 10:55:00.000000000,1685674500000000000,5759,5761,5759,5760,672,834926,835018
2023-06-02 10:56:00.000000000,1685674560000000000,5760,5760,5758,5759,584,835018,835003
2023-06-02 10:57:00.000000000,1685674620000000000,5759,5763,5759,5763,1337,835003,835251
2023-06-02 10:58:00.000000000,1685674680000000000,5763,5767,5763,5765,2303,835251,835420
2023-06-02 10:59:00.000000000,1685674740000000000,5765,5770,5764,5769,2277,835420,835648
2023-06-02 11:00:00.000000000,1685674800000000000,5769,5769,5764,5764,2200,835648,835931
2023-06-02 11:01:00.000000000,1685674860000000000,5764,5767,5764,5765,1677,835931,836051
2023-06-02 11:02:00.000000000,1685674920000000000,5765,5766,5763,5765,1090,836051,836054
2023-06-02 11:03:00.000000000,1685674980000000000,5765,5770,5765,5769,2398,836054,836005
2023-06-02 11:04:00.000000000,1685675040000000000,5769,5772,5768,5772,2286,836005,836026
2023-06-02 11:05:00.000000000,1685675100000000000,5772,5773,5768,5773,3092,836026,835787
2023-06-02 11:06:00.000000000,1685675160000000000,5773,5778,5771,5776,4784,835787,836422
2023-06-02 11:07:00.000000000,1685675220000000000,5776,5785,5776,5782,9812,836422,837274
2023-06-02 11:08:00.000000000,1685675280000000000,5782,5787,5780,5781,5152,837274,837164
2023-06-02 11:09:00.000000000,1685675340000000000,5781,5787,5780,5784,3906,837164,837240
2023-06-02 11:10:00.000000000,1685675400000000000,5784,5786,5783,5784,2860,837240,837684
2023-06-02 11:11:00.000000000,1685675460000000000,5784,5785,5781,5783,1653,837684,837668
2023-06-02 11:12:00.000000000,1685675520000000000,5783,5794,5783,5792,5778,837668,838109
2023-06-02 11:13:00.000000000,1685675580000000000,5792,5793,5787,5793,7133,838109,837261
2023-06-02 11:14:00.000000000,1685675640000000000,5793,5795,5788,5790,5394,837261,836346
2023-06-02 11:15:00.000000000,1685675700000000000,5790,5795,5790,5792,5374,836346,835803
2023-06-02 11:16:00.000000000,1685675760000000000,5792,5794,5787,5788,5280,835803,835719
2023-06-02 11:17:00.000000000,1685675820000000000,5788,5792,5787,5788,3338,835719,835078
2023-06-02 11:18:00.000000000,1685675880000000000,5788,5790,5786,5789,3727,835078,834381
2023-06-02 11:19:00.000000000,1685675940000000000,5789,5790,5786,5788,3074,834381,834484
2023-06-02 11:20:00.000000000,1685676000000000000,5788,5789,5783,5784,3345,834484,834142
2023-06-02 11:21:00.000000000,1685676060000000000,5784,5788,5784,5787,1951,834142,834168
2023-06-02 11:22:00.000000000,1685676120000000000,5787,5788,5785,5787,1489,834168,833893
2023-06-02 11:23:00.000000000,1685676180000000000,5787,5792,5786,5791,2089,833893,834186
2023-06-02 11:24:00.000000000,1685676240000000000,5791,5791,5787,5788,2389,834186,834203
2023-06-02 11:25:00.000000000,1685676300000000000,5788,5793,5787,5790,3045,834203,833725
2023-06-02 11:26:00.000000000,1685676360000000000,5790,5792,5788,5790,1206,833725,833667
2023-06-02 11:27:00.000000000,1685676420000000000,5790,5793,5790,5790,1749,833667,833714
2023-06-02 11:28:00.000000000,1685676480000000000,5790,5794,5790,5793,1447,833714,833768
2023-06-02 11:29:00.000000000,1685676540000000000,5793,5820,5793,5814,14558,833768,832209
2023-06-02 13:30:00.000000000,1685683800000000000,5814,5828,5814,5823,16561,832209,832128
2023-06-02 13:31:00.000000000,1685683860000000000,5823,5829,5820,5827,9390,832128,832300
2023-06-02 13:32:00.000000000,1685683920000000000,5827,5828,5825,5827,7730,832300,830677
2023-06-02 13:33:00.000000000,1685683980000000000,5827,5829,5825,5826,6379,830677,830822
2023-06-02 13:34:00.000000000,1685684040000000000,5826,5832,5825,5827,7536,830822,831159
2023-06-02 13:35:00.000000000,1685684100000000000,5827,5828,5822,5826,4486,831159,830448
2023-06-02 13:36:00.000000000,1685684160000000000,5826,5827,5818,5818,6267,830448,829700
2023-06-02 13:37:00.000000000,1685684220000000000,5818,5823,5817,5823,3513,829700,829239
2023-06-02 13:38:00.000000000,1685684280000000000,5823,5823,5816,5822,3835,829239,829656
2023-06-02 13:39:00.000000000,1685684340000000000,5822,5823,5819,5820,2604,829656,829449
2023-06-02 13:40:00.000000000,1685684400000000000,5820,5823,5818,5823,3592,829449,829374
2023-06-02 13:41:00.000000000,1685684460000000000,5823,5826,5821,5826,2850,829374,828347
2023-06-02 13:42:00.000000000,1685684520000000000,5826,5830,5824,5829,4375,828347,828574
2023-06-02 13:43:00.000000000,1685684580000000000,5829,5830,5825,5829,3249,828574,828137
2023-06-02 13:44:00.000000000,1685684640000000000,5829,5833,5827,5830,5294,828137,827899
2023-06-02 13:45:00.000000000,1685684700000000000,5830,5833,5826,5831,4332,827899,827963
2023-06-02 13:46:00.000000000,1685684760000000000,5831,5835,5825,5826,5162,827963,828440
2023-06-02 13:47:00.000000000,1685684820000000000,5826,5826,5819,5821,4371,828440,827986
2023-06-02 13:48:00.000000000,1685684880000000000,5821,5826,5820,5825,2355,827986,827603
2023-06-02 13:49:00.000000000,1685684940000000000,5825,5827,5821,5825,2657,827603,827257
2023-06-02 13:50:00.000000000,1685685000000000000,5825,5829,5822,5829,2524,827257,827274
2023-06-02 13:51:00.000000000,1685685060000000000,5829,5831,5822,5824,3825,827274,826930
2023-06-02 13:52:00.000000000,1685685120000000000,5824,5828,5823,5827,1816,826930,827327
2023-06-02 13:53:00.000000000,1685685180000000000,5827,5832,5827,5829,2446,827327,827172
2023-06-02 13:54:00.000000000,1685685240000000000,5829,5832,5829,5830,1451,827172,827213
2023-06-02 13:55:00.000000000,1685685300000000000,5830,5831,5826,5827,2835,827213,827387
2023-06-02 13:56:00.000000000,1685685360000000000,5827,5828,5823,5826,1789,827387,827350
2023-06-02 13:57:00.000000000,1685685420000000000,5826,5829,5826,5829,1900,827350,827420
2023-06-02 13:58:00.000000000,1685685480000000000,5829,5829,5824,5825,1673,827420,827246
2023-06-02 13:59:00.000000000,1685685540000000000,5825,5832,5824,5830,2474,827246,827562
2023-06-02 14:00:00.000000000,1685685600000000000,5830,5831,5825,5829,2583,827562,827803
2023-06-02 14:01:00.000000000,1685685660000000000,5829,5834,5827,5834,2495,827803,828153
2023-06-02 14:02:00.000000000,1685685720000000000,5834,5834,5830,5833,1342,828153,828059
2023-06-02 14:03:00.000000000,1685685780000000000,5833,5838,5833,5836,4557,828059,826923
2023-06-02 14:04:00.000000000,1685685840000000000,5836,5837,5830,5833,3404,826923,826713
2023-06-02 14:05:00.000000000,1685685900000000000,5833,5835,5831,5832,2499,826713,826619
2023-06-02 14:06:00.000000000,1685685960000000000,5832,5833,5831,5831,1555,826619,825923
2023-06-02 14:07:00.000000000,1685686020000000000,5831,5832,5828,5828,3423,825923,824950
2023-06-02 14:08:00.000000000,1685686080000000000,5828,5829,5825,5826,3087,824950,824116
2023-06-02 14:09:00.000000000,1685686140000000000,5826,5826,5824,5826,1477,824116,823730
2023-06-02 14:10:00.000000000,1685686200000000000,5826,5828,5824,5827,1769,823730,823798
2023-06-02 14:11:00.000000000,1685686260000000000,5827,5829,5826,5828,1338,823798,823490
2023-06-02 14:12:00.000000000,1685686320000000000,5828,5831,5827,5831,1245,823490,822971
2023-06-02 14:13:00.000000000,1685686380000000000,5831,5832,5828,5829,1231,822971,822725
2023-06-02 14:14:00.000000000,1685686440000000000,5829,5830,5828,5829,720,822725,822640
2023-06-02 14:15:00.000000000,1685686500000000000,5829,5830,5826,5826,1542,822640,822577
2023-06-02 14:16:00.000000000,1685686560000000000,5826,5832,5826,5831,1128,822577,822614
2023-06-02 14:17:00.000000000,1685686620000000000,5831,5835,5830,5833,2312,822614,822571
2023-06-02 14:18:00.000000000,1685686680000000000,5833,5833,5830,5833,1214,822571,822742
2023-06-02 14:19:00.000000000,1685686740000000000,5833,5833,5830,5832,779,822742,822562
2023-06-02 14:20:00.000000000,1685686800000000000,5832,5834,5830,5833,1452,822562,822686
2023-06-02 14:21:00.000000000,1685686860000000000,5833,5835,5832,5835,1553,822686,822404
2023-06-02 14:22:00.000000000,1685686920000000000,5835,5838,5833,5837,2189,822404,822492
2023-06-02 14:23:00.000000000,1685686980000000000,5837,5847,5836,5845,9217,822492,820556
2023-06-02 14:24:00.000000000,1685687040000000000,5845,5846,5835,5836,4427,820556,820134
2023-06-02 14:25:00.000000000,1685687100000000000,5836,5837,5834,5834,2664,820134,820082
2023-06-02 14:26:00.000000000,1685687160000000000,5834,5837,5830,5832,3680,820082,820038
2023-06-02 14:27:00.000000000,1685687220000000000,5832,5836,5831,5836,1537,820038,819689
2023-06-02 14:28:00.000000000,1685687280000000000,5836,5843,5834,5835,3312,819689,819378
2023-06-02 14:29:00.000000000,1685687340000000000,5835,5836,5828,5831,3444,819378,819471
2023-06-02 14:30:00.000000000,1685687400000000000,5831,5835,5828,5831,2757,819471,819007
2023-06-02 14:31:00.000000000,1685687460000000000,5831,5831,5826,5828,3430,819007,818902
2023-06-02 14:32:00.000000000,1685687520000000000,5828,5832,5828,5831,1890,818902,818720
2023-06-02 14:33:00.000000000,1685687580000000000,5831,5832,5829,5829,994,818720,818910
2023-06-02 14:34:00.000000000,1685687640000000000,5829,5837,5829,5836,1917,818910,818351
2023-06-02 14:35:00.000000000,1685687700000000000,5836,5838,5834,5836,2068,818351,817764
2023-06-02 14:36:00.000000000,1685687760000000000,5836,5836,5831,5835,1421,817764,817597
2023-06-02 14:37:00.000000000,1685687820000000000,5835,5836,5832,5833,2261,817597,817905
2023-06-02 14:38:00.000000000,1685687880000000000,5833,5838,5833,5836,2852,817905,817343
2023-06-02 14:39:00.000000000,1685687940000000000,5836,5843,5835,5842,2657,817343,817108
2023-06-02 14:40:00.000000000,1685688000000000000,5842,5842,5835,5839,2339,817108,817239
2023-06-02 14:41:00.000000000,1685688060000000000,5839,5842,5838,5838,1898,817239,817256
2023-06-02 14:42:00.000000000,1685688120000000000,5838,5842,5838,5840,1336,817256,817334
2023-06-02 14:43:00.000000000,1685688180000000000,5840,5841,5838,5839,1393,817334,817417
2023-06-02 14:44:00.000000000,1685688240000000000,5839,5840,5835,5840,1944,817417,817744
2023-06-02 14:45:00.000000000,1685688300000000000,5840,5840,5834,5835,1867,817744,818146
2023-06-02 14:46:00.000000000,1685688360000000000,5835,5839,5835,5837,901,818146,817991
2023-06-02 14:47:00.000000000,1685688420000000000,5837,5839,5837,5839,937,817991,817773
2023-06-02 14:48:00.000000000,1685688480000000000,5839,5840,5836,5836,1386,817773,817348
2023-06-02 14:49:00.000000000,1685688540000000000,5836,5837,5833,5834,1834,817348,816856
2023-06-02 14:50:00.000000000,1685688600000000000,5834,5837,5832,5836,2142,816856,816247
2023-06-02 14:51:00.000000000,1685688660000000000,5836,5839,5835,5836,1688,816247,815556
2023-06-02 14:52:00.000000000,1685688720000000000,5836,5839,5835,5839,1747,815556,815072
2023-06-02 14:53:00.000000000,1685688780000000000,5839,5843,5838,5842,2925,815072,814357
2023-06-02 14:54:00.000000000,1685688840000000000,5842,5844,5841,5842,2423,814357,813887
2023-06-02 14:55:00.000000000,1685688900000000000,5842,5842,5839,5840,2109,813887,813170
2023-06-02 14:56:00.000000000,1685688960000000000,5840,5842,5839,5841,1679,813170,812509
2023-06-02 14:57:00.000000000,1685689020000000000,5841,5842,5840,5840,1939,812509,811904
2023-06-02 14:58:00.000000000,1685689080000000000,5840,5845,5840,5844,3351,811904,811119
2023-06-02 14:59:00.000000000,1685689140000000000,5844,5849,5843,5845,7230,811119,809700
2023-06-02 21:00:00.000000000,1685710800000000000,5820,5840,5819,5821,27112,809700,811087
2023-06-02 21:01:00.000000000,1685710860000000000,5821,5832,5815,5831,14667,811087,809875
2023-06-02 21:02:00.000000000,1685710920000000000,5831,5832,5826,5829,7146,809875,810758
2023-06-02 21:03:00.000000000,1685710980000000000,5829,5835,5827,5832,6049,810758,810187
2023-06-02 21:04:00.000000000,1685711040000000000,5832,5834,5831,5832,3227,810187,810326
2023-06-02 21:05:00.000000000,1685711100000000000,5832,5834,5829,5829,4973,810326,810773
2023-06-02 21:06:00.000000000,1685711160000000000,5829,5830,5827,5828,2827,810773,810497
2023-06-02 21:07:00.000000000,1685711220000000000,5828,5831,5826,5830,2437,810497,811050
2023-06-02 21:08:00.000000000,1685711280000000000,5830,5837,5829,5835,3974,811050,810719
2023-06-02 21:09:00.000000000,1685711340000000000,5835,5839,5835,5838,2972,810719,811240
2023-06-02 21:10:00.000000000,1685711400000000000,5838,5840,5837,5839,2811,811240,811479
2023-06-02 21:11:00.000000000,1685711460000000000,5839,5839,5835,5836,2571,811479,811755
2023-06-02 21:12:00.000000000,1685711520000000000,5836,5837,5830,5830,2852,811755,811643
2023-06-02 21:13:00.000000000,1685711580000000000,5830,5831,5826,5826,3431,811643,811982
2023-06-02 21:14:00.000000000,1685711640000000000,5826,5827,5823,5823,3882,811982,812316
2023-06-02 21:15:00.000000000,1685711700000000000,5823,5825,5819,5821,6679,812316,811989
2023-06-02 21:16:00.000000000,1685711760000000000,5821,5822,5814,5814,6645,811989,810851
2023-06-02 21:17:00.000000000,1685711820000000000,5814,5817,5811,5811,5569,810851,811108
2023-06-02 21:18:00.000000000,1685711880000000000,5811,5815,5809,5809,4994,811108,811877
2023-06-02 21:19:00.000000000,1685711940000000000,5809,5811,5807,5808,4267,811877,813148
2023-06-02 21:20:00.000000000,1685712000000000000,5808,5810,5805,5810,4826,813148,813068
2023-06-02 21:21:00.000000000,1685712060000000000,5810,5814,5809,5809,3745,813068,812888
2023-06-02 21:22:00.000000000,1685712120000000000,5809,5810,5806,5810,2756,812888,813492
2023-06-02 21:23:00.000000000,1685712180000000000,5810,5810,5798,5800,6974,813492,814080
2023-06-02 21:24:00.000000000,1685712240000000000,5800,5800,5795,5798,7019,814080,814365
2023-06-02 21:25:00.000000000,1685712300000000000,5798,5801,5797,5799,2898,814365,813904
2023-06-02 21:26:00.000000000,1685712360000000000,5799,5801,5798,5801,2780,813904,814598
2023-06-02 21:27:00.000000000,1685712420000000000,5801,5804,5800,5804,2091,814598,814512
2023-06-02 21:28:00.000000000,1685712480000000000,5804,5807,5803,5805,3464,814512,813823
2023-06-02 21:29:00.000000000,1685712540000000000,5805,5807,5803,5805,2046,813823,813703
2023-06-02 21:30:00.000000000,1685712600000000000,5805,5808,5804,5806,3566,813703,814269
2023-06-02 21:31:00.000000000,1685712660000000000,5806,5811,5804,5810,3087,814269,814205
2023-06-02 21:32:00.000000000,1685712720000000000,5810,5811,5808,5811,2099,814205,814081
2023-06-02 21:33:00.000000000,1685712780000000000,5811,5811,5808,5810,1985,814081,814212
2023-06-02 21:34:00.000000000,1685712840000000000,5810,5812,5810,5811,1795,814212,814529
2023-06-02 21:35:00.000000000,1685712900000000000,5811,5815,5810,5815,3123,814529,814589
2023-06-02 21:36:00.000000000,1685712960000000000,5815,5819,5813,5818,5439,814589,814372
2023-06-02 21:37:00.000000000,1685713020000000000,5818,5821,5816,5820,3496,814372,814708
2023-06-02 21:38:00.000000000,1685713080000000000,5820,5821,5818,5819,1682,814708,814685
2023-06-02 21:39:00.000000000,1685713140000000000,5819,5819,5814,5817,2503,814685,814928
2023-06-02 21:40:00.000000000,1685713200000000000,5817,5817,5810,5813,3505,814928,815124
2023-06-02 21:41:00.000000000,1685713260000000000,5813,5814,5810,5814,1864,815124,815248
2023-06-02 21:42:00.000000000,1685713320000000000,5814,5815,5813,5815,1414,815248,815303
2023-06-02 21:43:00.000000000,1685713380000000000,5815,5825,5814,5825,4333,815303,814596
2023-06-02 21:44:00.000000000,1685713440000000000,5825,5828,5824,5826,4161,814596,813847
2023-06-02 21:45:00.000000000,1685713500000000000,5826,5833,5825,5831,6027,813847,813477
2023-06-02 21:46:00.000000000,1685713560000000000,5831,5832,5828,5829,2146,813477,814001
2023-06-02 21:47:00.000000000,1685713620000000000,5829,5829,5823,5823,2763,814001,813965
2023-06-02 21:48:00.000000000,1685713680000000000,5823,5826,5822,5825,2363,813965,814095
2023-06-02 21:49:00.000000000,1685713740000000000,5825,5827,5824,5827,855,814095,814183
2023-06-02 21:50:00.000000000,1685713800000000000,5827,5830,5826,5828,1403,814183,814471
2023-06-02 21:51:00.000000000,1685713860000000000,5828,5829,5825,5825,1583,814471,814691
2023-06-02 21:52:00.000000000,1685713920000000000,5825,5832,5825,5831,2606,814691,814579
2023-06-02 21:53:00.000000000,1685713980000000000,5831,5832,5829,5829,1764,814579,814794
2023-06-02 21:54:00.000000000,1685714040000000000,5829,5833,5828,5832,2462,814794,814400
2023-06-02 21:55:00.000000000,1685714100000000000,5832,5835,5831,5834,2293,814400,814419
2023-06-02 21:56:00.000000000,1685714160000000000,5834,5834,5830,5832,2249,814419,814072
2023-06-02 21:57:00.000000000,1685714220000000000,5832,5833,5831,5832,636,814072,814171
2023-06-02 21:58:00.000000000,1685714280000000000,5832,5834,5831,5833,1625,814171,814433
2023-06-02 21:59:00.000000000,1685714340000000000,5833,5836,5832,5835,3197,814433,813945
2023-06-02 22:00:00.000000000,1685714400000000000,5835,5836,5830,5835,3202,813945,813669
2023-06-02 22:01:00.000000000,1685714460000000000,5835,5838,5834,5835,3214,813669,814164
2023-06-02 22:02:00.000000000,1685714520000000000,5835,5836,5833,5834,1840,814164,813798
2023-06-02 22:03:00.000000000,1685714580000000000,5834,5838,5833,5837,2293,813798,813844
2023-06-02 22:04:00.000000000,1685714640000000000,5837,5840,5834,5839,5772,813844,813363
2023-06-02 22:05:00.000000000,1685714700000000000,5839,5842,5837,5842,3053,813363,813338
2023-06-02 22:06:00.000000000,1685714760000000000,5842,5842,5838,5841,2474,813338,813329
2023-06-02 22:07:00.000000000,1685714820000000000,5841,5843,5839,5843,2564,813329,812889
2023-06-02 22:08:00.000000000,1685714880000000000,5843,5843,5839,5840,1427,812889,813082
2023-06-02 22:09:00.000000000,1685714940000000000,5840,5845,5840,5844,1922,813082,813203
2023-06-02 22:10:00.000000000,1685715000000000000,5844,5854,5842,5851,10094,813203,810730
2023-06-02 22:11:00.000000000,1685715060000000000,5851,5852,5846,5849,3461,810730,810646
2023-06-02 22:12:00.000000000,1685715120000000000,5849,5850,5847,5848,2027,810646,810176
2023-06-02 22:13:00.000000000,1685715180000000000,5848,5849,5843,5844,2199,810176,809702
2023-06-02 22:14:00.000000000,1685715240000000000,5844,5845,5841,5845,2712,809702,809248
2023-06-02 22:15:00.000000000,1685715300000000000,5845,5846,5836,5838,4593,809248,808477
2023-06-02 22:16:00.000000000,1685715360000000000,5838,5839,5835,5835,2541,808477,808560
2023-06-02 22:17:00.000000000,1685715420000000000,5835,5837,5834,5835,1820,808560,808297
2023-06-02 22:18:00.000000000,1685715480000000000,5835,5837,5832,5834,2647,808297,808238
2023-06-02 22:19:00.000000000,1685715540000000000,5834,5835,5831,5833,2470,808238,807556
2023-06-02 22:20:00.000000000,1685715600000000000,5833,5837,5833,5836,1284,807556,807484
2023-06-02 22:21:00.000000000,1685715660000000000,5836,5840,5835,5839,2060,807484,807181
2023-06-02 22:22:00.000000000,1685715720000000000,5839,5840,5837,5839,1233,807181,807157
2023-06-02 22:23:00.000000000,1685715780000000000,5839,5839,5833,5833,1707,807157,806895
2023-06-02 22:24:00.000000000,1685715840000000000,5833,5835,5832,5835,1414,806895,806795
2023-06-02 22:25:00.000000000,1685715900000000000,5835,5835,5829,5830,2555,806795,806893
2023-06-02 22:26:00.000000000,1685715960000000000,5830,5831,5827,5828,1866,806893,806846
2023-06-02 22:27:00.000000000,1685716020000000000,5828,5830,5826,5830,1941,806846,807033
2023-06-02 22:28:00.000000000,1685716080000000000,5830,5833,5829,5832,1061,807033,807066
2023-06-02 22:29:00.000000000,1685716140000000000,5832,5833,5830,5833,1265,807066,807007
2023-06-02 22:30:00.000000000,1685716200000000000,5833,5833,5829,5829,1131,807007,806866
2023-06-02 22:31:00.000000000,1685716260000000000,5829,5830,5824,5825,2296,806866,806831
2023-06-02 22:32:00.000000000,1685716320000000000,5825,5826,5818,5826,5330,806831,806371
2023-06-02 22:33:00.000000000,1685716380000000000,5826,5826,5822,5823,2754,806371,805686
2023-06-02 22:34:00.000000000,1685716440000000000,5823,5827,5823,5826,2224,805686,805245
2023-06-02 22:35:00.000000000,1685716500000000000,5826,5829,5824,5828,1314,805245,804987
2023-06-02 22:36:00.000000000,1685716560000000000,5828,5831,5826,5828,1118,804987,804776
2023-06-02 22:37:00.000000000,1685716620000000000,5828,5829,5826,5827,1075,804776,804679
2023-06-02 22:38:00.000000000,1685716680000000000,5827,5829,5827,5829,278,804679,804643
2023-06-02 22:39:00.000000000,1685716740000000000,5829,5834,5827,5828,2595,804643,804140
2023-06-02 22:40:00.000000000,1685716800000000000,5828,5833,5827,5832,1691,804140,803963
2023-06-02 22:41:00.000000000,1685716860000000000,5832,5834,5831,5833,1163,803963,803917
2023-06-02 22:42:00.000000000,1685716920000000000,5833,5833,5830,5830,586,803917,803970
2023-06-02 22:43:00.000000000,1685716980000000000,5830,5832,5828,5829,790,803970,803908
2023-06-02 22:44:00.000000000,1685717040000000000,5829,5832,5829,5830,676,803908,803895
2023-06-02 22:45:00.000000000,1685717100000000000,5830,5832,5830,5832,408,803895,803847
2023-06-02 22:46:00.000000000,1685717160000000000,5832,5832,5826,5829,1724,803847,803521
2023-06-02 22:47:00.000000000,1685717220000000000,5829,5830,5827,5829,688,803521,803323
2023-06-02 22:48:00.000000000,1685717280000000000,5829,5829,5825,5825,899,803323,803133
2023-06-02 22:49:00.000000000,1685717340000000000,5825,5828,5824,5825,657,803133,802990
2023-06-02 22:50:00.000000000,1685717400000000000,5825,5827,5824,5827,539,802990,803017
2023-06-02 22:51:00.000000000,1685717460000000000,5827,5827,5826,5826,399,803017,802913
2023-06-02 22:52:00.000000000,1685717520000000000,5826,5828,5826,5826,418,802913,802868
2023-06-02 22:53:00.000000000,1685717580000000000,5826,5828,5826,5828,471,802868,802727
2023-06-02 22:54:00.000000000,1685717640000000000,5828,5828,5824,5825,1514,802727,802512
2023-06-02 22:55:00.000000000,1685717700000000000,5825,5825,5817,5820,3297,802512,801412
2023-06-02 22:56:00.000000000,1685717760000000000,5820,5822,5819,5822,1539,801412,801151
2023-06-02 22:57:00.000000000,1685717820000000000,5822,5823,5818,5819,1839,801151,800691
2023-06-02 22:58:00.000000000,1685717880000000000,5819,5820,5818,5819,2250,800691,799656
2023-06-02 22:59:00.000000000,1685717940000000000,5819,5819,5814,5818,3212,799656,799003
2023-06-05 09:00:00.000000000,1685926800000000000,5822,5833,5809,5809,18083,799003,802717
2023-06-05 09:01:00.000000000,1685926860000000000,5809,5813,5800,5806,12498,802717,805357
2023-06-05 09:02:00.000000000,1685926920000000000,5806,5807,5791,5795,10327,805357,806918
2023-06-05 09:03:00.000000000,1685926980000000000,5795,5797,5784,5787,14748,806918,809628
2023-06-05 09:04:00.000000000,1685927040000000000,5787,5788,5782,5787,6574,809628,810208
2023-06-05 09:05:00.000000000,1685927100000000000,5787,5788,5783,5783,6842,810208,811012
2023-06-05 09:06:00.000000000,1685927160000000000,5783,5792,5783,5789,5798,811012,811251
2023-06-05 09:07:00.000000000,1685927220000000000,5789,5793,5786,5788,3501,811251,811467
2023-06-05 09:08:00.000000000,1685927280000000000,5788,5792,5787,5788,2842,811467,812024
2023-06-05 09:09:00.000000000,1685927340000000000,5788,5790,5777,5777,7661,812024,812876
2023-06-05 09:10:00.000000000,1685927400000000000,5777,5777,5767,5769,10192,812876,813693
2023-06-05 09:11:00.000000000,1685927460000000000,5769,5777,5768,5773,6701,813693,814221
2023-06-05 09:12:00.000000000,1685927520000000000,5773,5777,5773,5776,3443,814221,814556
2023-06-05 09:13:00.000000000,1685927580000000000,5776,5778,5764,5765,6401,814556,815681
2023-06-05 09:14:00.000000000,1685927640000000000,5765,5770,5763,5766,5414,815681,815557
2023-06-05 09:15:00.000000000,1685927700000000000,5766,5768,5761,5766,5582,815557,815997
2023-06-05 09:16:00.000000000,1685927760000000000,5766,5767,5763,5766,2643,815997,816113
2023-06-05 09:17:00.000000000,1685927820000000000,5766,5767,5763,5764,2661,816113,816234
2023-06-05 09:18:00.000000000,1685927880000000000,5764,5769,5762,5768,4358,816234,815664
2023-06-05 09:19:00.000000000,1685927940000000000,5768,5769,5761,5762,3500,815664,816085
2023-06-05 09:20:00.000000000,1685928000000000000,5762,5766,5762,5762,2895,816085,816313
2023-06-05 09:21:00.000000000,1685928060000000000,5762,5763,5755,5757,6919,816313,816124
2023-06-05 09:22:00.000000000,1685928120000000000,5757,5767,5756,5767,5883,816124,816045
2023-06-05 09:23:00.000000000,1685928180000000000,5767,5773,5765,5770,5269,816045,815497
2023-06-05 09:24:00.000000000,1685928240000000000,5770,5778,5770,5776,5088,815497,815550
2023-06-05 09:25:00.000000000,1685928300000000000,5776,5781,5775,5775,4248,815550,815440
2023-06-05 09:26:00.000000000,1685928360000000000,5775,5780,5775,5777,3686,815440,815640
2023-06-05 09:27:00.000000000,1685928420000000000,5777,5778,5771,5773,2128,815640,816090
2023-06-05 09:28:00.000000000,1685928480000000000,5773,5777,5772,5776,1420,816090,816192
2023-06-05 09:29:00.000000000,1685928540000000000,5776,5781,5775,5776,3473,816192,816274
2023-06-05 09:30:00.000000000,1685928600000000000,5776,5777,5771,5777,2902,816274,817062
2023-06-05 09:31:00.000000000,1685928660000000000,5777,5777,5766,5767,3497,817062,817493
2023-06-05 09:32:00.000000000,1685928720000000000,5767,5773,5765,5773,3085,817493,817671
2023-06-05 09:33:00.000000000,1685928780000000000,5773,5773,5765,5765,2144,817671,818169
2023-06-05 09:34:00.000000000,1685928840000000000,5765,5766,5755,5757,6329,818169,818677
2023-06-05 09:35:00.000000000,1685928900000000000,5757,5758,5750,5751,8490,818677,820215
2023-06-05 09:36:00.000000000,1685928960000000000,5751,5753,5746,5749,7660,820215,820896
2023-06-05 09:37:00.000000000,1685929020000000000,5749,5754,5748,5754,3245,820896,820873
2023-06-05 09:38:00.000000000,1685929080000000000,5754,5756,5750,5755,3189,820873,821317
2023-06-05 09:39:00.000000000,1685929140000000000,5755,5757,5754,5754,2306,821317,821359
2023-06-05 09:40:00.000000000,1685929200000000000,5754,5760,5752,5759,3328,821359,821784
2023-06-05 09:41:00.000000000,1685929260000000000,5759,5762,5759,5761,1944,821784,822016
2023-06-05 09:42:00.000000000,1685929320000000000,5761,5762,5754,5755,3274,822016,823130
2023-06-05 09:43:00.000000000,1685929380000000000,5755,5755,5752,5755,2100,823130,824045
2023-06-05 09:44:00.000000000,1685929440000000000,5755,5756,5753,5754,1828,824045,824234
2023-06-05 09:45:00.000000000,1685929500000000000,5754,5759,5753,5758,1761,824234,824383
2023-06-05 09:46:00.000000000,1685929560000000000,5758,5763,5755,5760,2662,824383,824826
2023-06-05 09:47:00.000000000,1685929620000000000,5760,5760,5757,5757,766,824826,824998
2023-06-05 09:48:00.000000000,1685929680000000000,5757,5762,5757,5762,1537,824998,824917
2023-06-05 09:49:00.000000000,1685929740000000000,5762,5765,5760,5760,2934,824917,825053
2023-06-05 09:50:00.000000000,1685929800000000000,5760,5764,5756,5764,3411,825053,825578
2023-06-05 09:51:00.000000000,1685929860000000000,5764,5768,5760,5761,2823,825578,825900
2023-06-05 09:52:00.000000000,1685929920000000000,5761,5762,5754,5756,3397,825900,827192
2023-06-05 09:53:00.000000000,1685929980000000000,5756,5756,5752,5753,2124,827192,827826
2023-06-05 09:54:00.000000000,1685930040000000000,5753,5754,5752,5753,1359,827826,828381
2023-06-05 09:55:00.000000000,1685930100000000000,5753,5757,5752,5753,1989,828381,828794
2023-06-05 09:56:00.000000000,1685930160000000000,5753,5754,5750,5752,2823,828794,829614
2023-06-05 09:57:00.000000000,1685930220000000000,5752,5756,5751,5756,2534,829614,830036
2023-06-05 09:58:00.000000000,1685930280000000000,5756,5757,5754,5755,1325,830036,830116
2023-06-05 09:59:00.000000000,1685930340000000000,5755,5755,5750,5751,1984,830116,830498
2023-06-05 10:00:00.000000000,1685930400000000000,5751,5753,5745,5745,5714,830498,831330
2023-06-05 10:01:00.000000000,1685930460000000000,5745,5753,5745,5748,3319,831330,832076
2023-06-05 10:02:00.000000000,1685930520000000000,5748,5748,5742,5744,3202,832076,832255
2023-06-05 10:03:00.000000000,1685930580000000000,5744,5745,5739,5742,4943,832255,833094
2023-06-05 10:04:00.000000000,1685930640000000000,5742,5742,5734,5736,6693,833094,834150
2023-06-05 10:05:00.000000000,1685930700000000000,5736,5742,5736,5740,2880,834150,834449
2023-06-05 10:06:00.000000000,1685930760000000000,5740,5742,5738,5738,2400,834449,834915
2023-06-05 10:07:00.000000000,1685930820000000000,5738,5739,5736,5737,2031,834915,835369
2023-06-05 10:08:00.000000000,1685930880000000000,5737,5737,5731,5732,5461,835369,836009
2023-06-05 10:09:00.000000000,1685930940000000000,5732,5735,5731,5734,3957,836009,836515
2023-06-05 10:10:00.000000000,1685931000000000000,5734,5739,5733,5739,2367,836515,836690
2023-06-05 10:11:00.000000000,1685931060000000000,5739,5742,5738,5738,1844,836690,836492
2023-06-05 10:12:00.000000000,1685931120000000000,5738,5741,5736,5740,1673,836492,836674
2023-06-05 10:13:00.000000000,1685931180000000000,5740,5743,5740,5741,1695,836674,836790
2023-06-05 10:14:00.000000000,1685931240000000000,5741,5744,5739,5739,1602,836790,836733
2023-06-05 10:30:00.000000000,1685932200000000000,5740,5744,5738,5741,3431,836733,837343
2023-06-05 10:31:00.000000000,1685932260000000000,5741,5748,5741,5746,2570,837343,837229
2023-06-05 10:32:00.000000000,1685932320000000000,5746,5746,5739,5740,3616,837229,838613
2023-06-05 10:33:00.000000000,1685932380000000000,5740,5744,5738,5744,2123,838613,838740
2023-06-05 10:34:00.000000000,1685932440000000000,5744,5746,5743,5744,2384,838740,839207
2023-06-05 10:35:00.000000000,1685932500000000000,5744,5744,5738,5738,2080,839207,839889
2023-06-05 10:36:00.000000000,1685932560000000000,5738,5739,5735,5739,2188,839889,840480
2023-06-05 10:37:00.000000000,1685932620000000000,5739,5739,5730,5731,3449,840480,842078
2023-06-05 10:38:00.000000000,1685932680000000000,5731,5733,5724,5728,8058,842078,843868
2023-06-05 10:39:00.000000000,1685932740000000000,5728,5728,5723,5725,4480,843868,845627
2023-06-05 10:40:00.000000000,1685932800000000000,5725,5727,5721,5722,4495,845627,847367
2023-06-05 10:41:00.000000000,1685932860000000000,5722,5724,5715,5722,8429,847367,848461
2023-06-05 10:42:00.000000000,1685932920000000000,5722,5723,5717,5719,3943,848461,848933
2023-06-05 10:43:00.000000000,1685932980000000000,5719,5720,5716,5716,2728,848933,849715
2023-06-05 10:44:00.000000000,1685933040000000000,5716,5717,5713,5715,5780,849715,851440
2023-06-05 10:45:00.000000000,1685933100000000000,5715,5719,5715,5717,5075,851440,852772
2023-06-05 10:46:00.000000000,1685933160000000000,5717,5717,5714,5717,3436,852772,853436
2023-06-05 10:47:00.000000000,1685933220000000000,5717,5718,5714,5716,2617,853436,853883
2023-06-05 10:48:00.000000000,1685933280000000000,5716,5721,5715,5720,4090,853883,854314
2023-06-05 10:49:00.000000000,1685933340000000000,5720,5720,5713,5713,3548,854314,855062
2023-06-05 10:50:00.000000000,1685933400000000000,5713,5718,5713,5718,2121,855062,855357
2023-06-05 10:51:00.000000000,1685933460000000000,5718,5721,5717,5717,1868,855357,856064
2023-06-05 10:52:00.000000000,1685933520000000000,5717,5721,5715,5715,2103,856064,856069
2023-06-05 10:53:00.000000000,1685933580000000000,5715,5719,5715,5719,1137,856069,856439
2023-06-05 10:54:00.000000000,1685933640000000000,5719,5719,5708,5709,4704,856439,856764
2023-06-05 10:55:00.000000000,1685933700000000000,5709,5713,5707,5710,4513,856764,856802
2023-06-05 10:56:00.000000000,1685933760000000000,5710,5717,5709,5716,2613,856802,857123
2023-06-05 10:57:00.000000000,1685933820000000000,5716,5717,5714,5716,1633,857123,857274
2023-06-05 10:58:00.000000000,1685933880000000000,5716,5716,5712,5715,1532,857274,857695
2023-06-05 10:59:00.000000000,1685933940000000000,5715,5715,5707,5708,3234,857695,858596
2023-06-05 11:00:00.000000000,1685934000000000000,5708,5710,5704,5708,4979,858596,859660
2023-06-05 11:01:00.000000000,1685934060000000000,5708,5716,5708,5711,5231,859660,860656
2023-06-05 11:02:00.000000000,1685934120000000000,5711,5711,5706,5709,2417,860656,861378
2023-06-05 11:03:00.000000000,1685934180000000000,5709,5715,5709,5715,2136,861378,861643
2023-06-05 11:04:00.000000000,1685934240000000000,5715,5715,5709,5714,2556,861643,862553
2023-06-05 11:05:00.000000000,1685934300000000000,5714,5715,5711,5712,1835,862553,863128
2023-06-05 11:06:00.000000000,1685934360000000000,5712,5713,5709,5713,1686,863128,863432
2023-06-05 11:07:00.000000000,1685934420000000000,5713,5716,5711,5715,1729,863432,863826
2023-06-05 11:08:00.000000000,1685934480000000000,5715,5718,5713,5715,3347,863826,863427
2023-06-05 11:09:00.000000000,1685934540000000000,5715,5716,5712,5714,3504,863427,864519
2023-06-05 11:10:00.000000000,1685934600000000000,5714,5714,5711,5711,1459,864519,864711
2023-06-05 11:11:00.000000000,1685934660000000000,5711,5715,5711,5712,1439,864711,865094
2023-06-05 11:12:00.000000000,1685934720000000000,5712,5712,5708,5712,2850,865094,865579
2023-06-05 11:13:00.000000000,1685934780000000000,5712,5716,5711,5714,3730,865579,865818
2023-06-05 11:14:00.000000000,1685934840000000000,5714,5714,5711,5712,1355,865818,865886
2023-06-05 11:15:00.000000000,1685934900000000000,5712,5713,5709,5710,2310,865886,865645
2023-06-05 11:16:00.000000000,1685934960000000000,5710,5716,5710,5716,1933,865645,865958
2023-06-05 11:17:00.000000000,1685935020000000000,5716,5717,5714,5717,2520,865958,866385
2023-06-05 11:18:00.000000000,1685935080000000000,5717,5717,5711,5711,1631,866385,866417
2023-06-05 11:19:00.000000000,1685935140000000000,5711,5715,5710,5715,2738,866417,866356
2023-06-05 11:20:00.000000000,1685935200000000000,5715,5715,5712,5715,1158,866356,866424
2023-06-05 11:21:00.000000000,1685935260000000000,5715,5715,5710,5711,2827,866424,866326
2023-06-05 11:22:00.000000000,1685935320000000000,5711,5713,5709,5711,1197,866326,866455
2023-06-05 11:23:00.000000000,1685935380000000000,5711,5714,5710,5711,1432,866455,866474
2023-06-05 11:24:00.000000000,1685935440000000000,5711,5712,5709,5712,1553,866474,866231
2023-06-05 11:25:00.000000000,1685935500000000000,5712,5712,5708,5710,1767,866231,866470
2023-06-05 11:26:00.000000000,1685935560000000000,5710,5710,5705,5706,2594,866470,866352
2023-06-05 11:27:00.000000000,1685935620000000000,5706,5709,5705,5708,2139,866352,866410
2023-06-05 11:28:00.000000000,1685935680000000000,5708,5708,5706,5707,1720,866410,866211
2023-06-05 11:29:00.000000000,1685935740000000000,5707,5708,5705,5706,2452,866211,866310
2023-06-05 13:30:00.000000000,1685943000000000000,5704,5707,5700,5704,7535,866310,866654
2023-06-05 13:31:00.000000000,1685943060000000000,5704,5706,5699,5706,5296,866654,867572
2023-06-05 13:32:00.000000000,1685943120000000000,5706,5708,5703,5704,3908,867572,867819
2023-06-05 13:33:00.000000000,1685943180000000000,5704,5709,5704,5709,2103,867819,868203
2023-06-05 13:34:00.000000000,1685943240000000000,5709,5712,5707,5707,2938,868203,868093
2023-06-05 13:35:00.000000000,1685943300000000000,5707,5707,5704,5704,2243,868093,868416
2023-06-05 13:36:00.000000000,1685943360000000000,5704,5711,5704,5708,3496,868416,868602
2023-06-05 13:37:00.000000000,1685943420000000000,5708,5708,5704,5708,1442,868602,868808
2023-06-05 13:38:00.000000000,1685943480000000000,5708,5711,5707,5710,1545,868808,868998
2023-06-05 13:39:00.000000000,1685943540000000000,5710,5711,5708,5711,1720,868998,869176
2023-06-05 13:40:00.000000000,1685943600000000000,5711,5713,5710,5712,2649,869176,868924
2023-06-05 13:41:00.000000000,1685943660000000000,5712,5712,5710,5710,1100,868924,869027
2023-06-05 13:42:00.000000000,1685943720000000000,5710,5715,5710,5715,2400,869027,869310
2023-06-05 13:43:00.000000000,1685943780000000000,5715,5715,5712,5715,1632,869310,869592
2023-06-05 13:44:00.000000000,1685943840000000000,5715,5715,5711,5714,2546,869592,869959
2023-06-05 13:45:00.000000000,1685943900000000000,5714,5714,5712,5713,1908,869959,870074
2023-06-05 13:46:00.000000000,1685943960000000000,5713,5714,5711,5713,2376,870074,870180
2023-06-05 13:47:00.000000000,1685944020000000000,5713,5714,5712,5713,1239,870180,870196
2023-06-05 13:48:00.000000000,1685944080000000000,5713,5717,5713,5717,2919,870196,870297
2023-06-05 13:49:00.000000000,1685944140000000000,5717,5723,5716,5722,7295,870297,867723
2023-06-05 13:50:00.000000000,1685944200000000000,5722,5723,5715,5719,3516,867723,867546
2023-06-05 13:51:00.000000000,1685944260000000000,5719,5721,5716,5717,2139,867546,867870
2023-06-05 13:52:00.000000000,1685944320000000000,5717,5717,5713,5713,1922,867870,868438
2023-06-05 13:53:00.000000000,1685944380000000000,5713,5715,5712,5713,2133,868438,869046
2023-06-05 13:54:00.000000000,1685944440000000000,5713,5718,5712,5716,2323,869046,869864
2023-06-05 13:55:00.000000000,1685944500000000000,5716,5717,5711,5711,2443,869864,870198
2023-06-05 13:56:00.000000000,1685944560000000000,5711,5713,5708,5711,2574,870198,870595
2023-06-05 13:57:00.000000000,1685944620000000000,5711,5713,5710,5712,916,870595,870965
2023-06-05 13:58:00.000000000,1685944680000000000,5712,5714,5709,5713,3269,870965,871309
2023-06-05 13:59:00.000000000,1685944740000000000,5713,5713,5710,5711,1420,871309,871673
2023-06-05 14:00:00.000000000,1685944800000000000,5711,5713,5709,5712,1766,871673,872545
2023-06-05 14:01:00.000000000,1685944860000000000,5712,5716,5712,5715,2389,872545,872513
2023-06-05 14:02:00.000000000,1685944920000000000,5715,5722,5715,5721,3603,872513,871532
2023-06-05 14:03:00.000000000,1685944980000000000,5721,5722,5719,5720,1828,871532,871563
2023-06-05 14:04:00.000000000,1685945040000000000,5720,5723,5718,5722,1910,871563,871704
2023-06-05 14:05:00.000000000,1685945100000000000,5722,5722,5718,5719,1376,871704,871726
2023-06-05 14:06:00.000000000,1685945160000000000,5719,5719,5716,5718,1464,871726,872023
2023-06-05 14:07:00.000000000,1685945220000000000,5718,5720,5717,5720,797,872023,872175
2023-06-05 14:08:00.000000000,1685945280000000000,5720,5725,5719,5725,3158,872175,872192
2023-06-05 14:09:00.000000000,1685945340000000000,5725,5725,5722,5723,2495,872192,872533
2023-06-05 14:10:00.000000000,1685945400000000000,5723,5723,5719,5719,1372,872533,872870
2023-06-05 14:11:00.000000000,1685945460000000000,5719,5721,5718,5719,1248,872870,872900
2023-06-05 14:12:00.000000000,1685945520000000000,5719,5720,5716,5717,1348,872900,872845
2023-06-05 14:13:00.000000000,1685945580000000000,5717,5718,5711,5713,3396,872845,872067
2023-06-05 14:14:00.000000000,1685945640000000000,5713,5714,5709,5712,2983,872067,871931
2023-06-05 14:15:00.000000000,1685945700000000000,5712,5713,5709,5710,1991,871931,872507
2023-06-05 14:16:00.000000000,1685945760000000000,5710,5712,5709,5710,1191,872507,872973
2023-06-05 14:17:00.000000000,1685945820000000000,5710,5712,5710,5712,908,872973,873105
2023-06-05 14:18:00.000000000,1685945880000000000,5712,5714,5711,5713,910,873105,873421
2023-06-05 14:19:00.000000000,1685945940000000000,5713,5715,5713,5714,999,873421,873628
2023-06-05 14:20:00.000000000,1685946000000000000,5714,5715,5712,5714,1602,873628,873325
2023-06-05 14:21:00.000000000,1685946060000000000,5714,5715,5713,5714,1130,873325,873537
2023-06-05 14:22:00.000000000,1685946120000000000,5714,5718,5714,5715,1973,873537,873809
2023-06-05 14:23:00.000000000,1685946180000000000,5715,5718,5715,5718,1234,873809,874100
2023-06-05 14:24:00.000000000,1685946240000000000,5718,5720,5717,5720,1662,874100,874082
2023-06-05 14:25:00.000000000,1685946300000000000,5720,5721,5719,5719,1333,874082,874089
2023-06-05 14:26:00.000000000,1685946360000000000,5719,5722,5719,5721,1378,874089,874098
2023-06-05 14:27:00.000000000,1685946420000000000,5721,5722,5716,5718,2191,874098,874359
2023-06-05 14:28:00.000000000,1685946480000000000,5718,5719,5716,5716,1131,874359,874270
2023-06-05 14:29:00.000000000,1685946540000000000,5716,5716,5712,5713,2299,874270,873905
2023-06-05 14:30:00.000000000,1685946600000000000,5713,5715,5712,5714,1603,873905,874163
2023-06-05 14:31:00.000000000,1685946660000000000,5714,5718,5714,5717,1749,874163,874515
2023-06-05 14:32:00.000000000,1685946720000000000,5717,5721,5717,5720,1333,874515,874703
2023-06-05 14:33:00.000000000,1685946780000000000,5720,5721,5717,5718,790,874703,874829
2023-06-05 14:34:00.000000000,1685946840000000000,5718,5720,5717,5718,983,874829,874636
2023-06-05 14:35:00.000000000,1685946900000000000,5718,5719,5714,5714,1502,874636,874607
2023-06-05 14:36:00.000000000,1685946960000000000,5714,5717,5714,5715,712,874607,874673
2023-06-05 14:37:00.000000000,1685947020000000000,5715,5715,5710,5712,2240,874673,874755
2023-06-05 14:38:00.000000000,1685947080000000000,5712,5713,5710,5711,1999,874755,874743
2023-06-05 14:39:00.000000000,1685947140000000000,5711,5715,5711,5715,1086,874743,874944
2023-06-05 14:40:00.000000000,1685947200000000000,5715,5715,5711,5713,1250,874944,875219
2023-06-05 14:41:00.000000000,1685947260000000000,5713,5713,5710,5710,1313,875219,875570
2023-06-05 14:42:00.000000000,1685947320000000000,5710,5711,5708,5708,2649,875570,876306
2023-06-05 14:43:00.000000000,1685947380000000000,5708,5711,5708,5711,1583,876306,876123
2023-06-05 14:44:00.000000000,1685947440000000000,5711,5714,5710,5713,2003,876123,876110
2023-06-05 14:45:00.000000000,1685947500000000000,5713,5714,5709,5709,1458,876110,876080
2023-06-05 14:46:00.000000000,1685947560000000000,5709,5712,5709,5711,1044,876080,876182
2023-06-05 14:47:00.000000000,1685947620000000000,5711,5713,5710,5712,703,876182,876298
2023-06-05 14:48:00.000000000,1685947680000000000,5712,5712,5708,5710,2214,876298,876386
2023-06-05 14:49:00.000000000,1685947740000000000,5710,5712,5709,5711,1075,876386,876192
2023-06-05 14:50:00.000000000,1685947800000000000,5711,5714,5711,5712,1089,876192,876068
2023-06-05 14:51:00.000000000,1685947860000000000,5712,5712,5706,5706,4128,876068,875985
2023-06-05 14:52:00.000000000,1685947920000000000,5706,5707,5701,5703,5180,875985,876606
2023-06-05 14:53:00.000000000,1685947980000000000,5703,5705,5701,5702,3313,876606,877039
2023-06-05 14:54:00.000000000,1685948040000000000,5702,5705,5701,5705,3517,877039,876976
2023-06-05 14:55:00.000000000,1685948100000000000,5705,5707,5703,5703,3565,876976,876405
2023-06-05 14:56:00.000000000,1685948160000000000,5703,5704,5700,5701,3709,876405,875636
2023-06-05 14:57:00.000000000,1685948220000000000,5701,5702,5695,5696,6573,875636,874421
2023-06-05 14:58:00.000000000,1685948280000000000,5696,5700,5696,5698,4150,874421,873488
2023-06-05 14:59:00.000000000,1685948340000000000,5698,5700,5697,5698,6095,873488,873053
2023-06-05 21:00:00.000000000,1685970000000000000,5698,5712,5698,5710,22466,873053,873623
2023-06-05 21:01:00.000000000,1685970060000000000,5710,5710,5701,5704,8014,873623,874895
2023-06-05 21:02:00.000000000,1685970120000000000,5704,5710,5701,5708,7127,874895,874968
2023-06-05 21:03:00.000000000,1685970180000000000,5708,5712,5707,5711,6699,874968,874256
2023-06-05 21:04:00.000000000,1685970240000000000,5711,5716,5710,5710,4614,874256,874252
2023-06-05 21:05:00.000000000,1685970300000000000,5710,5713,5705,5705,4651,874252,874386
2023-06-05 21:06:00.000000000,1685970360000000000,5705,5709,5701,5703,6394,874386,876372
2023-06-05 21:07:00.000000000,1685970420000000000,5703,5712,5703,5710,3117,876372,875695
2023-06-05 21:08:00.000000000,1685970480000000000,5710,5716,5710,5714,3802,875695,875370
2023-06-05 21:09:00.000000000,1685970540000000000,5714,5718,5713,5715,4292,875370,875008
2023-06-05 21:10:00.000000000,1685970600000000000,5715,5721,5715,5717,6103,875008,874483
2023-06-05 21:11:00.000000000,1685970660000000000,5717,5719,5716,5719,2752,874483,874543
2023-06-05 21:12:00.000000000,1685970720000000000,5719,5720,5716,5718,3822,874543,874833
2023-06-05 21:13:00.000000000,1685970780000000000,5718,5718,5715,5716,2595,874833,874788
2023-06-05 21:14:00.000000000,1685970840000000000,5716,5719,5715,5715,1868,874788,874957
2023-06-05 21:15:00.000000000,1685970900000000000,5715,5718,5715,5717,2336,874957,875419
2023-06-05 21:16:00.000000000,1685970960000000000,5717,5722,5717,5721,4862,875419,875642
2023-06-05 21:17:00.000000000,1685971020000000000,5721,5721,5717,5718,2908,875642,876151
2023-06-05 21:18:00.000000000,1685971080000000000,5718,5721,5718,5719,2212,876151,876180
2023-06-05 21:19:00.000000000,1685971140000000000,5719,5720,5717,5719,1381,876180,876456
2023-06-05 21:20:00.000000000,1685971200000000000,5719,5720,5718,5718,1205,876456,876709
2023-06-05 21:21:00.000000000,1685971260000000000,5718,5719,5713,5715,3894,876709,877063
2023-06-05 21:22:00.000000000,1685971320000000000,5715,5716,5712,5713,2745,877063,877669
2023-06-05 21:23:00.000000000,1685971380000000000,5713,5713,5708,5709,3290,877669,877902
2023-06-05 21:24:00.000000000,1685971440000000000,5709,5713,5707,5712,2535,877902,878694
2023-06-05 21:25:00.000000000,1685971500000000000,5712,5714,5711,5713,1588,878694,878857
2023-06-05 21:26:00.000000000,1685971560000000000,5713,5713,5709,5709,1520,878857,879380
2023-06-05 21:27:00.000000000,1685971620000000000,5709,5710,5708,5709,1106,879380,879594
2023-06-05 21:28:00.000000000,1685971680000000000,5709,5713,5709,5709,1996,879594,879929
2023-06-05 21:29:00.000000000,1685971740000000000,5709,5712,5709,5710,1393,879929,880027
2023-06-05 21:30:00.000000000,1685971800000000000,5710,5714,5709,5714,1588,880027,879938
2023-06-05 21:31:00.000000000,1685971860000000000,5714,5720,5712,5719,3192,879938,879390
2023-06-05 21:32:00.000000000,1685971920000000000,5719,5720,5717,5718,2363,879390,879445
2023-06-05 21:33:00.000000000,1685971980000000000,5718,5721,5716,5718,3439,879445,879535
2023-06-05 21:34:00.000000000,1685972040000000000,5718,5718,5716,5717,1382,879535,879862
2023-06-05 21:35:00.000000000,1685972100000000000,5717,5718,5713,5714,2009,879862,879960
2023-06-05 21:36:00.000000000,1685972160000000000,5714,5714,5711,5712,1510,879960,880078
2023-06-05 21:37:00.000000000,1685972220000000000,5712,5715,5710,5714,2469,880078,880207
2023-06-05 21:38:00.000000000,1685972280000000000,5714,5714,5711,5712,1254,880207,880350
2023-06-05 21:39:00.000000000,1685972340000000000,5712,5715,5710,5712,2195,880350,880848
2023-06-05 21:40:00.000000000,1685972400000000000,5712,5713,5711,5712,1040,880848,881011
2023-06-05 21:41:00.000000000,1685972460000000000,5712,5712,5704,5708,4319,881011,880950
2023-06-05 21:42:00.000000000,1685972520000000000,5708,5711,5706,5709,1710,880950,880887
2023-06-05 21:43:00.000000000,1685972580000000000,5709,5714,5708,5714,1943,880887,880746
2023-06-05 21:44:00.000000000,1685972640000000000,5714,5716,5712,5716,1867,880746,880728
2023-06-05 21:45:00.000000000,1685972700000000000,5716,5718,5715,5716,2320,880728,880500
2023-06-05 21:46:00.000000000,1685972760000000000,5716,5718,5715,5716,1420,880500,880692
2023-06-05 21:47:00.000000000,1685972820000000000,5716,5719,5715,5715,1958,880692,880599
2023-06-05 21:48:00.000000000,1685972880000000000,5715,5716,5711,5711,2251,880599,880640
2023-06-05 21:49:00.000000000,1685972940000000000,5711,5714,5710,5714,1574,880640,880628
2023-06-05 21:50:00.000000000,1685973000000000000,5714,5717,5713,5716,1909,880628,880731
2023-06-05 21:51:00.000000000,1685973060000000000,5716,5717,5714,5716,1401,880731,880828
2023-06-05 21:52:00.000000000,1685973120000000000,5716,5719,5715,5718,1384,880828,880784
2023-06-05 21:53:00.000000000,1685973180000000000,5718,5719,5716,5717,1272,880784,880913
2023-06-05 21:54:00.000000000,1685973240000000000,5717,5720,5717,5717,2028,880913,880975
2023-06-05 21:55:00.000000000,1685973300000000000,5717,5718,5714,5716,1593,880975,880897
2023-06-05 21:56:00.000000000,1685973360000000000,5716,5719,5716,5717,1170,880897,881088
2023-06-05 21:57:00.000000000,1685973420000000000,5717,5717,5715,5715,631,881088,881085
2023-06-05 21:58:00.000000000,1685973480000000000,5715,5719,5715,5718,1219,881085,880807
2023-06-05 21:59:00.000000000,1685973540000000000,5718,5720,5717,5718,2108,880807,880831
2023-06-05 22:00:00.000000000,1685973600000000000,5718,5729,5718,5726,9069,880831,879355
2023-06-05 22:01:00.000000000,1685973660000000000,5726,5729,5726,5727,3800,879355,879158
2023-06-05 22:02:00.000000000,1685973720000000000,5727,5735,5726,5734,6585,879158,877478
2023-06-05 22:03:00.000000000,1685973780000000000,5734,5738,5732,5737,7245,877478,876005
2023-06-05 22:04:00.000000000,1685973840000000000,5737,5739,5733,5738,4549,876005,874996
2023-06-05 22:05:00.000000000,1685973900000000000,5738,5739,5734,5736,3359,874996,874858
2023-06-05 22:06:00.000000000,1685973960000000000,5736,5737,5731,5736,4472,874858,874210
2023-06-05 22:07:00.000000000,1685974020000000000,5736,5739,5733,5737,5900,874210,874083
2023-06-05 22:08:00.000000000,1685974080000000000,5737,5740,5735,5738,3591,874083,873639
2023-06-05 22:09:00.000000000,1685974140000000000,5738,5739,5734,5735,3034,873639,873438
2023-06-05 22:10:00.000000000,1685974200000000000,5735,5740,5735,5735,3752,873438,872419
2023-06-05 22:11:00.000000000,1685974260000000000,5735,5736,5731,5733,2896,872419,872275
2023-06-05 22:12:00.000000000,1685974320000000000,5733,5734,5728,5729,3854,872275,871839
2023-06-05 22:13:00.000000000,1685974380000000000,5729,5729,5727,5727,2451,871839,872045
2023-06-05 22:14:00.000000000,1685974440000000000,5727,5729,5725,5725,2826,872045,871705
2023-06-05 22:15:00.000000000,1685974500000000000,5725,5729,5725,5727,3344,871705,871683
2023-06-05 22:16:00.000000000,1685974560000000000,5727,5728,5723,5723,3376,871683,871256
2023-06-05 22:17:00.000000000,1685974620000000000,5723,5726,5721,5721,3226,871256,871010
2023-06-05 22:18:00.000000000,1685974680000000000,5721,5725,5721,5723,1798,871010,870860
2023-06-05 22:19:00.000000000,1685974740000000000,5723,5725,5722,5722,1340,870860,870994
2023-06-05 22:20:00.000000000,1685974800000000000,5722,5725,5722,5723,1667,870994,871312
2023-06-05 22:21:00.000000000,1685974860000000000,5723,5728,5721,5726,2086,871312,871508
2023-06-05 22:22:00.000000000,1685974920000000000,5726,5730,5726,5729,2629,871508,871472
2023-06-05 22:23:00.000000000,1685974980000000000,5729,5732,5728,5731,2441,871472,871676
2023-06-05 22:24:00.000000000,1685975040000000000,5731,5732,5730,5732,1750,871676,871459
2023-06-05 22:25:00.000000000,1685975100000000000,5732,5733,5731,5731,1235,871459,871380
2023-06-05 22:26:00.000000000,1685975160000000000,5731,5735,5731,5734,2286,871380,871335
2023-06-05 22:27:00.000000000,1685975220000000000,5734,5735,5732,5735,1531,871335,870933
2023-06-05 22:28:00.000000000,1685975280000000000,5735,5737,5735,5736,1596,870933,870577
2023-06-05 22:29:00.000000000,1685975340000000000,5736,5736,5732,5733,1760,870577,870389
2023-06-05 22:30:00.000000000,1685975400000000000,5733,5737,5729,5729,2958,870389,870090
2023-06-05 22:31:00.000000000,1685975460000000000,5729,5730,5727,5728,1219,870090,870074
2023-06-05 22:32:00.000000000,1685975520000000000,5728,5732,5727,5731,1652,870074,870039
2023-06-05 22:33:00.000000000,1685975580000000000,5731,5733,5730,5731,1709,870039,870240
2023-06-05 22:34:00.000000000,1685975640000000000,5731,5731,5727,5729,1009,870240,870237
2023-06-05 22:35:00.000000000,1685975700000000000,5729,5730,5728,5728,607,870237,870181
2023-06-05 22:36:00.000000000,1685975760000000000,5728,5730,5726,5727,1078,870181,869967
2023-06-05 22:37:00.000000000,1685975820000000000,5727,5731,5727,5730,1218,869967,869928
2023-06-05 22:38:00.000000000,1685975880000000000,5730,5732,5729,5732,726,869928,869947
2023-06-05 22:39:00.000000000,1685975940000000000,5732,5732,5727,5728,1288,869947,870066
2023-06-05 22:40:00.000000000,1685976000000000000,5728,5732,5728,5731,958,870066,870062
2023-06-05 22:41:00.000000000,1685976060000000000,5731,5731,5728,5730,861,870062,869777
2023-06-05 22:42:00.000000000,1685976120000000000,5730,5734,5730,5731,1808,869777,869705
2023-06-05 22:43:00.000000000,1685976180000000000,5731,5733,5731,5732,532,869705,869618
2023-06-05 22:44:00.000000000,1685976240000000000,5732,5734,5732,5732,1133,869618,869580
2023-06-05 22:45:00.000000000,1685976300000000000,5732,5735,5732,5733,1001,869580,869427
2023-06-05 22:46:00.000000000,1685976360000000000,5733,5734,5731,5732,663,869427,869416
2023-06-05 22:47:00.000000000,1685976420000000000,5732,5733,5731,5731,516,869416,869275
2023-06-05 22:48:00.000000000,1685976480000000000,5731,5737,5731,5736,1839,869275,868715
2023-06-05 22:49:00.000000000,1685976540000000000,5736,5737,5733,5735,1135,868715,868576
2023-06-05 22:50:00.000000000,1685976600000000000,5735,5736,5733,5736,838,868576,868461
2023-06-05 22:51:00.000000000,1685976660000000000,5736,5737,5734,5736,1084,868461,868385
2023-06-05 22:52:00.000000000,1685976720000000000,5736,5737,5734,5735,1169,868385,868253
2023-06-05 22:53:00.000000000,1685976780000000000,5735,5735,5733,5733,733,868253,867982
2023-06-05 22:54:00.000000000,1685976840000000000,5733,5737,5733,5736,1587,867982,867638
2023-06-05 22:55:00.000000000,1685976900000000000,5736,5737,5734,5735,883,867638,867519
2023-06-05 22:56:00.000000000,1685976960000000000,5735,5735,5731,5732,1156,867519,867184
2023-06-05 22:57:00.000000000,1685977020000000000,5732,5733,5730,5731,1874,867184,866393
2023-06-05 22:58:00.000000000,1685977080000000000,5731,5732,5730,5732,1551,866393,865541
2023-06-05 22:59:00.000000000,1685977140000000000,5732,5732,5723,5723,4385,865541,863924
2023-06-06 09:00:00.000000000,1686013200000000000,5722,5722,5710,5716,9089,863924,863195
2023-06-06 09:01:00.000000000,1686013260000000000,5716,5729,5715,5727,5731,863195,862116
2023-06-06 09:02:00.000000000,1686013320000000000,5727,5736,5725,5735,7367,862116,861553
2023-06-06 09:03:00.000000000,1686013380000000000,5735,5744,5734,5736,9163,861553,860902
2023-06-06 09:04:00.000000000,1686013440000000000,5736,5737,5733,5734,2802,860902,860742
2023-06-06 09:05:00.000000000,1686013500000000000,5734,5740,5734,5738,2892,860742,861253
2023-06-06 09:06:00.000000000,1686013560000000000,5738,5739,5736,5738,1660,861253,861408
2023-06-06 09:07:00.000000000,1686013620000000000,5738,5741,5737,5741,2518,861408,861262
2023-06-06 09:08:00.000000000,1686013680000000000,5741,5742,5739,5741,1815,861262,861099
2023-06-06 09:09:00.000000000,1686013740000000000,5741,5746,5740,5746,3704,861099,860647
2023-06-06 09:10:00.000000000,1686013800000000000,5746,5749,5746,5748,5315,860647,860503
2023-06-06 09:11:00.000000000,1686013860000000000,5748,5748,5744,5746,2750,860503,860484
2023-06-06 09:12:00.000000000,1686013920000000000,5746,5747,5743,5747,1694,860484,860469
2023-06-06 09:13:00.000000000,1686013980000000000,5747,5749,5744,5744,2297,860469,860498
2023-06-06 09:14:00.000000000,1686014040000000000,5744,5746,5743,5744,1370,860498,860555
2023-06-06 09:15:00.000000000,1686014100000000000,5744,5744,5740,5740,2796,860555,860030
2023-06-06 09:16:00.000000000,1686014160000000000,5740,5741,5738,5738,1870,860030,859843
2023-06-06 09:17:00.000000000,1686014220000000000,5738,5741,5737,5741,1673,859843,859783
2023-06-06 09:18:00.000000000,1686014280000000000,5741,5744,5738,5739,1594,859783,860309
2023-06-06 09:19:00.000000000,1686014340000000000,5739,5740,5735,5735,1932,860309,860213
2023-06-06 09:20:00.000000000,1686014400000000000,5735,5736,5730,5732,3416,860213,859835
2023-06-06 09:21:00.000000000,1686014460000000000,5732,5734,5730,5731,1880,859835,860026
2023-06-06 09:22:00.000000000,1686014520000000000,5731,5733,5728,5732,1982,860026,859968
2023-06-06 09:23:00.000000000,1686014580000000000,5732,5736,5732,5735,1759,859968,859776
2023-06-06 09:24:00.000000000,1686014640000000000,5735,5735,5730,5733,2122,859776,859849
2023-06-06 09:25:00.000000000,1686014700000000000,5733,5735,5731,5734,1733,859849,860025
2023-06-06 09:26:00.000000000,1686014760000000000,5734,5739,5734,5739,1829,860025,860009
2023-06-06 09:27:00.000000000,1686014820000000000,5739,5742,5737,5742,1755,860009,859990
2023-06-06 09:28:00.000000000,1686014880000000000,5742,5742,5740,5741,659,859990,859989
2023-06-06 09:29:00.000000000,1686014940000000000,5741,5741,5737,5738,1595,859989,860192
2023-06-06 09:30:00.000000000,1686015000000000000,5738,5738,5734,5734,2317,860192,860235
2023-06-06 09:31:00.000000000,1686015060000000000,5734,5738,5734,5738,1292,860235,860589
2023-06-06 09:32:00.000000000,1686015120000000000,5738,5739,5736,5736,1780,860589,860787
2023-06-06 09:33:00.000000000,1686015180000000000,5736,5736,5732,5734,1463,860787,860918
2023-06-06 09:34:00.000000000,1686015240000000000,5734,5735,5727,5729,3281,860918,860823
2023-06-06 09:35:00.000000000,1686015300000000000,5729,5732,5729,5730,1288,860823,860903
2023-06-06 09:36:00.000000000,1686015360000000000,5730,5731,5727,5729,1283,860903,860899
2023-06-06 09:37:00.000000000,1686015420000000000,5729,5729,5724,5726,2077,860899,860823
2023-06-06 09:38:00.000000000,1686015480000000000,5726,5728,5723,5724,1990,860823,861178
2023-06-06 09:39:00.000000000,1686015540000000000,5724,5726,5724,5726,964,861178,861206
2023-06-06 09:40:00.000000000,1686015600000000000,5726,5729,5725,5729,1164,861206,861269
2023-06-06 09:41:00.000000000,1686015660000000000,5729,5730,5727,5728,1067,861269,861498
2023-06-06 09:42:00.000000000,1686015720000000000,5728,5730,5725,5730,1844,861498,862014
2023-06-06 09:43:00.000000000,1686015780000000000,5730,5730,5721,5721,2281,862014,862456
2023-06-06 09:44:00.000000000,1686015840000000000,5721,5722,5716,5717,4061,862456,862991
2023-06-06 09:45:00.000000000,1686015900000000000,5717,5722,5717,5720,2970,862991,863006
2023-06-06 09:46:00.000000000,1686015960000000000,5720,5720,5718,5718,1354,863006,863238
2023-06-06 09:47:00.000000000,1686016020000000000,5718,5718,5713,5715,4205,863238,863646
2023-06-06 09:48:00.000000000,1686016080000000000,5715,5717,5714,5715,2034,863646,863953
2023-06-06 09:49:00.000000000,1686016140000000000,5715,5716,5711,5713,3596,863953,864325
2023-06-06 09:50:00.000000000,1686016200000000000,5713,5715,5711,5713,1812,864325,864375
2023-06-06 09:51:00.000000000,1686016260000000000,5713,5717,5713,5716,2248,864375,864590
2023-06-06 09:52:00.000000000,1686016320000000000,5716,5718,5715,5716,1447,864590,864925
2023-06-06 09:53:00.000000000,1686016380000000000,5716,5717,5713,5714,1636,864925,865028
2023-06-06 09:54:00.000000000,1686016440000000000,5714,5716,5714,5714,1131,865028,865009
2023-06-06 09:55:00.000000000,1686016500000000000,5714,5717,5713,5713,1766,865009,865087
2023-06-06 09:56:00.000000000,1686016560000000000,5713,5716,5713,5714,765,865087,864970
2023-06-06 09:57:00.000000000,1686016620000000000,5714,5714,5709,5710,3894,864970,865274
2023-06-06 09:58:00.000000000,1686016680000000000,5710,5711,5707,5708,3085,865274,864911
2023-06-06 09:59:00.000000000,1686016740000000000,5708,5712,5708,5710,3754,864911,865660
2023-06-06 10:00:00.000000000,1686016800000000000,5710,5716,5709,5716,3005,865660,865702
2023-06-06 10:01:00.000000000,1686016860000000000,5716,5719,5712,5713,3599,865702,864673
2023-06-06 10:02:00.000000000,1686016920000000000,5713,5718,5713,5717,1913,864673,864785
2023-06-06 10:03:00.000000000,1686016980000000000,5717,5717,5714,5717,1278,864785,864702
2023-06-06 10:04:00.000000000,1686017040000000000,5717,5717,5714,5717,988,864702,864663
2023-06-06 10:05:00.000000000,1686017100000000000,5717,5721,5716,5719,2574,864663,864876
2023-06-06 10:06:00.000000000,1686017160000000000,5719,5720,5716,5718,1505,864876,864829
2023-06-06 10:07:00.000000000,1686017220000000000,5718,5722,5717,5721,1964,864829,864637
2023-06-06 10:08:00.000000000,1686017280000000000,5721,5721,5718,5719,742,864637,864558
2023-06-06 10:09:00.000000000,1686017340000000000,5719,5721,5718,5719,1207,864558,864539
2023-06-06 10:10:00.000000000,1686017400000000000,5719,5722,5719,5722,1134,864539,864636
2023-06-06 10:11:00.000000000,1686017460000000000,5722,5729,5722,5728,4473,864636,864341
2023-06-06 10:12:00.000000000,1686017520000000000,5728,5730,5727,5730,3238,864341,864381
2023-06-06 10:13:00.000000000,1686017580000000000,5730,5734,5730,5734,3815,864381,863812
2023-06-06 10:14:00.000000000,1686017640000000000,5734,5735,5732,5735,2063,863812,863699
2023-06-06 10:30:00.000000000,1686018600000000000,5734,5742,5734,5740,6854,863699,862397
2023-06-06 10:31:00.000000000,1686018660000000000,5740,5745,5739,5744,4580,862397,861709
2023-06-06 10:32:00.000000000,1686018720000000000,5744,5755,5744,5754,11610,861709,861188
2023-06-06 10:33:00.000000000,1686018780000000000,5754,5757,5752,5756,7398,861188,861701
2023-06-06 10:34:00.000000000,1686018840000000000,5756,5763,5756,5759,9574,861701,861526
2023-06-06 10:35:00.000000000,1686018900000000000,5759,5764,5759,5763,5530,861526,862014
2023-06-06 10:36:00.000000000,1686018960000000000,5763,5766,5757,5760,5923,862014,862197
2023-06-06 10:37:00.000000000,1686019020000000000,5760,5760,5757,5758,4090,862197,861804
2023-06-06 10:38:00.000000000,1686019080000000000,5758,5762,5757,5762,3106,861804,861384
2023-06-06 10:39:00.000000000,1686019140000000000,5762,5762,5758,5760,3281,861384,861344
2023-06-06 10:40:00.000000000,1686019200000000000,5760,5764,5760,5760,3435,861344,861424
2023-06-06 10:41:00.000000000,1686019260000000000,5760,5762,5755,5755,4686,861424,860440
2023-06-06 10:42:00.000000000,1686019320000000000,5755,5757,5752,5756,4884,860440,859828
2023-06-06 10:43:00.000000000,1686019380000000000,5756,5759,5755,5755,3603,859828,860828
2023-06-06 10:44:00.000000000,1686019440000000000,5755,5758,5755,5757,1984,860828,860864
2023-06-06 10:45:00.000000000,1686019500000000000,5757,5757,5753,5753,2098,860864,860570
2023-06-06 10:46:00.000000000,1686019560000000000,5753,5754,5751,5754,1986,860570,860312
2023-06-06 10:47:00.000000000,1686019620000000000,5754,5755,5752,5754,1189,860312,860427
2023-06-06 10:48:00.000000000,1686019680000000000,5754,5755,5752,5754,1573,860427,860040
2023-06-06 10:49:00.000000000,1686019740000000000,5754,5754,5750,5753,2291,860040,859649
2023-06-06 10:50:00.000000000,1686019800000000000,5753,5762,5752,5761,4366,859649,859182
2023-06-06 10:51:00.000000000,1686019860000000000,5761,5765,5761,5763,2604,859182,858919
2023-06-06 10:52:00.000000000,1686019920000000000,5763,5767,5763,5766,2361,858919,858974
2023-06-06 10:53:00.000000000,1686019980000000000,5766,5767,5762,5766,3723,858974,859031
2023-06-06 10:54:00.000000000,1686020040000000000,5766,5774,5765,5774,8363,859031,857231
2023-06-06 10:55:00.000000000,1686020100000000000,5774,5775,5768,5769,5992,857231,857543
2023-06-06 10:56:00.000000000,1686020160000000000,5769,5771,5766,5767,2792,857543,857974
2023-06-06 10:57:00.000000000,1686020220000000000,5767,5772,5766,5772,3155,857974,857647
2023-06-06 10:58:00.000000000,1686020280000000000,5772,5775,5764,5766,3523,857647,857136
2023-06-06 10:59:00.000000000,1686020340000000000,5766,5775,5766,5774,3537,857136,856454
2023-06-06 11:00:00.000000000,1686020400000000000,5774,5776,5769,5774,4172,856454,855983
2023-06-06 11:01:00.000000000,1686020460000000000,5774,5775,5771,5775,2673,855983,855797
2023-06-06 11:02:00.000000000,1686020520000000000,5775,5777,5773,5773,3972,855797,855345
2023-06-06 11:03:00.000000000,1686020580000000000,5773,5776,5772,5773,2786,855345,855322
2023-06-06 11:04:00.000000000,1686020640000000000,5773,5776,5772,5773,2775,855322,855493
2023-06-06 11:05:00.000000000,1686020700000000000,5773,5774,5769,5771,2693,855493,855842
2023-06-06 11:06:00.000000000,1686020760000000000,5771,5771,5765,5767,3332,855842,855705
2023-06-06 11:07:00.000000000,1686020820000000000,5767,5768,5762,5762,3013,855705,855264
2023-06-06 11:08:00.000000000,1686020880000000000,5762,5763,5759,5761,2769,855264,855156
2023-06-06 11:09:00.000000000,1686020940000000000,5761,5764,5760,5764,1886,855156,855059
2023-06-06 11:10:00.000000000,1686021000000000000,5764,5765,5762,5764,1017,855059,855047
2023-06-06 11:11:00.000000000,1686021060000000000,5764,5766,5763,5764,1334,855047,854980
2023-06-06 11:12:00.000000000,1686021120000000000,5764,5764,5761,5763,1386,854980,854902
2023-06-06 11:13:00.000000000,1686021180000000000,5763,5763,5758,5760,2077,854902,855025
2023-06-06 11:14:00.000000000,1686021240000000000,5760,5766,5760,5765,1832,855025,855269
2023-06-06 11:15:00.000000000,1686021300000000000,5765,5765,5760,5760,2625,855269,855605
2023-06-06 11:16:00.000000000,1686021360000000000,5760,5761,5754,5758,3740,855605,855782
2023-06-06 11:17:00.000000000,1686021420000000000,5758,5758,5752,5753,1980,855782,855701
2023-06-06 11:18:00.000000000,1686021480000000000,5753,5755,5751,5754,1889,855701,855547
2023-06-06 11:19:00.000000000,1686021540000000000,5754,5755,5752,5752,922,855547,855358
2023-06-06 11:20:00.000000000,1686021600000000000,5752,5755,5751,5754,1503,855358,855344
2023-06-06 11:21:00.000000000,1686021660000000000,5754,5756,5751,5756,1316,855344,855541
2023-06-06 11:22:00.000000000,1686021720000000000,5756,5760,5754,5759,1386,855541,855516
2023-06-06 11:23:00.000000000,1686021780000000000,5759,5761,5758,5758,1044,855516,855366
2023-06-06 11:24:00.000000000,1686021840000000000,5758,5761,5757,5761,1057,855366,855185
2023-06-06 11:25:00.000000000,1686021900000000000,5761,5763,5760,5762,1206,855185,855073
2023-06-06 11:26:00.000000000,1686021960000000000,5762,5768,5762,5767,2388,855073,854615
2023-06-06 11:27:00.000000000,1686022020000000000,5767,5769,5764,5765,1392,854615,854540
2023-06-06 11:28:00.000000000,1686022080000000000,5765,5765,5762,5763,1026,854540,854275
2023-06-06 11:29:00.000000000,1686022140000000000,5763,5767,5763,5766,1562,854275,854359
2023-06-06 13:30:00.000000000,1686029400000000000,5765,5765,5752,5753,7328,854359,854919
2023-06-06 13:31:00.000000000,1686029460000000000,5753,5753,5746,5753,5005,854919,854942
2023-06-06 13:32:00.000000000,1686029520000000000,5753,5757,5752,5756,2652,854942,855096
2023-06-06 13:33:00.000000000,1686029580000000000,5756,5758,5755,5758,1225,855096,855227
2023-06-06 13:34:00.000000000,1686029640000000000,5758,5761,5757,5758,1623,855227,855084
2023-06-06 13:35:00.000000000,1686029700000000000,5758,5760,5752,5753,1812,855084,854917
2023-06-06 13:36:00.000000000,1686029760000000000,5753,5755,5751,5752,1774,854917,855293
2023-06-06 13:37:00.000000000,1686029820000000000,5752,5756,5752,5755,1439,855293,855416
2023-06-06 13:38:00.000000000,1686029880000000000,5755,5756,5753,5754,3467,855416,855721
2023-06-06 13:39:00.000000000,1686029940000000000,5754,5756,5752,5754,2172,855721,856130
2023-06-06 13:40:00.000000000,1686030000000000000,5754,5754,5748,5748,2412,856130,856289
2023-06-06 13:41:00.000000000,1686030060000000000,5748,5749,5735,5736,11326,856289,858366
2023-06-06 13:42:00.000000000,1686030120000000000,5736,5744,5736,5743,4818,858366,857440
2023-06-06 13:43:00.000000000,1686030180000000000,5743,5746,5740,5745,3353,857440,856921
2023-06-06 13:44:00.000000000,1686030240000000000,5745,5747,5743,5745,1791,856921,856885
2023-06-06 13:45:00.000000000,1686030300000000000,5745,5745,5741,5743,1533,856885,857209
2023-06-06 13:46:00.000000000,1686030360000000000,5743,5743,5741,5743,1138,857209,857061
2023-06-06 13:47:00.000000000,1686030420000000000,5743,5743,5738,5740,2348,857061,856487
2023-06-06 13:48:00.000000000,1686030480000000000,5740,5740,5738,5739,1623,856487,856432
2023-06-06 13:49:00.000000000,1686030540000000000,5739,5742,5738,5741,1528,856432,856565
2023-06-06 13:50:00.000000000,1686030600000000000,5741,5742,5738,5740,2188,856565,856870
2023-06-06 13:51:00.000000000,1686030660000000000,5740,5745,5738,5745,1614,856870,856769
2023-06-06 13:52:00.000000000,1686030720000000000,5745,5746,5742,5744,1648,856769,856788
2023-06-06 13:53:00.000000000,1686030780000000000,5744,5745,5738,5739,2399,856788,857270
2023-06-06 13:54:00.000000000,1686030840000000000,5739,5743,5739,5741,1508,857270,857214
2023-06-06 13:55:00.000000000,1686030900000000000,5741,5742,5738,5739,1438,857214,857393
2023-06-06 13:56:00.000000000,1686030960000000000,5739,5741,5738,5740,1333,857393,857270
2023-06-06 13:57:00.000000000,1686031020000000000,5740,5742,5739,5742,1113,857270,857191
2023-06-06 13:58:00.000000000,1686031080000000000,5742,5742,5736,5737,2564,857191,857634
2023-06-06 13:59:00.000000000,1686031140000000000,5737,5737,5729,5731,7677,857634,858081
2023-06-06 14:00:00.000000000,1686031200000000000,5731,5734,5730,5733,1733,858081,858278
2023-06-06 14:01:00.000000000,1686031260000000000,5733,5736,5732,5734,1359,858278,858449
2023-06-06 14:02:00.000000000,1686031320000000000,5734,5735,5731,5734,2046,858449,857985
2023-06-06 14:03:00.000000000,1686031380000000000,5734,5736,5733,5734,1785,857985,858460
2023-06-06 14:04:00.000000000,1686031440000000000,5734,5737,5734,5736,1928,858460,858622
2023-06-06 14:05:00.000000000,1686031500000000000,5736,5739,5733,5739,1852,858622,858861
2023-06-06 14:06:00.000000000,1686031560000000000,5739,5739,5735,5736,1777,858861,859522
2023-06-06 14:07:00.000000000,1686031620000000000,5736,5743,5736,5743,3236,859522,859466
2023-06-06 14:08:00.000000000,1686031680000000000,5743,5744,5740,5742,1678,859466,859227
2023-06-06 14:09:00.000000000,1686031740000000000,5742,5742,5738,5740,1836,859227,859428
2023-06-06 14:10:00.000000000,1686031800000000000,5740,5754,5740,5753,6736,859428,858014
2023-06-06 14:11:00.000000000,1686031860000000000,5753,5757,5749,5755,5076,858014,858034
2023-06-06 14:12:00.000000000,1686031920000000000,5755,5756,5751,5751,1733,858034,857967
2023-06-06 14:13:00.000000000,1686031980000000000,5751,5756,5751,5751,1751,857967,857713
2023-06-06 14:14:00.000000000,1686032040000000000,5751,5754,5750,5753,1007,857713,857676
2023-06-06 14:15:00.000000000,1686032100000000000,5753,5755,5747,5754,3107,857676,857342
2023-06-06 14:16:00.000000000,1686032160000000000,5754,5754,5748,5749,1764,857342,857285
2023-06-06 14:17:00.000000000,1686032220000000000,5749,5751,5748,5750,919,857285,857317
2023-06-06 14:18:00.000000000,1686032280000000000,5750,5750,5746,5748,2369,857317,856636
2023-06-06 14:19:00.000000000,1686032340000000000,5748,5748,5745,5746,1622,856636,856612
2023-06-06 14:20:00.000000000,1686032400000000000,5746,5751,5745,5750,1473,856612,856234
2023-06-06 14:21:00.000000000,1686032460000000000,5750,5753,5750,5752,1616,856234,856259
2023-06-06 14:22:00.000000000,1686032520000000000,5752,5753,5750,5751,1075,856259,856263
2023-06-06 14:23:00.000000000,1686032580000000000,5751,5753,5748,5751,1078,856263,856215
2023-06-06 14:24:00.000000000,1686032640000000000,5751,5751,5743,5745,2372,856215,855996
2023-06-06 14:25:00.000000000,1686032700000000000,5745,5748,5745,5748,1100,855996,856311
2023-06-06 14:26:00.000000000,1686032760000000000,5748,5751,5747,5751,1397,856311,856238
2023-06-06 14:27:00.000000000,1686032820000000000,5751,5752,5749,5750,769,856238,856247
2023-06-06 14:28:00.000000000,1686032880000000000,5750,5751,5744,5745,1451,856247,856322
2023-06-06 14:29:00.000000000,1686032940000000000,5745,5745,5740,5744,2270,856322,856447
2023-06-06 14:30:00.000000000,1686033000000000000,5744,5747,5743,5746,1716,856447,856229
2023-06-06 14:31:00.000000000,1686033060000000000,5746,5749,5745,5745,1400,856229,856181
2023-06-06 14:32:00.000000000,1686033120000000000,5745,5750,5745,5749,1001,856181,856023
2023-06-06 14:33:00.000000000,1686033180000000000,5749,5754,5748,5753,1533,856023,855477
2023-06-06 14:34:00.000000000,1686033240000000000,5753,5753,5748,5748,901,855477,855457
2023-06-06 14:35:00.000000000,1686033300000000000,5748,5752,5748,5751,969,855457,855140
2023-06-06 14:36:00.000000000,1686033360000000000,5751,5751,5749,5749,1379,855140,855203
2023-06-06 14:37:00.000000000,1686033420000000000,5749,5753,5749,5750,1546,855203,854851
2023-06-06 14:38:00.000000000,1686033480000000000,5750,5751,5746,5747,1634,854851,854899
2023-06-06 14:39:00.000000000,1686033540000000000,5747,5748,5740,5744,2613,854899,854948
2023-06-06 14:40:00.000000000,1686033600000000000,5744,5745,5738,5740,2438,854948,854926
2023-06-06 14:41:00.000000000,1686033660000000000,5740,5746,5738,5746,2298,854926,854447
2023-06-06 14:42:00.000000000,1686033720000000000,5746,5749,5745,5747,2329,854447,853893
2023-06-06 14:43:00.000000000,1686033780000000000,5747,5750,5747,5749,1277,853893,853712
2023-06-06 14:44:00.000000000,1686033840000000000,5749,5752,5748,5749,2245,853712,853457
2023-06-06 14:45:00.000000000,1686033900000000000,5749,5750,5748,5749,1227,853457,853319
2023-06-06 14:46:00.000000000,1686033960000000000,5749,5752,5747,5747,1596,853319,853485
2023-06-06 14:47:00.000000000,1686034020000000000,5747,5750,5746,5747,823,853485,853612
2023-06-06 14:48:00.000000000,1686034080000000000,5747,5748,5743,5745,1963,853612,853638
2023-06-06 14:49:00.000000000,1686034140000000000,5745,5747,5743,5744,1113,853638,853697
2023-06-06 14:50:00.000000000,1686034200000000000,5744,5744,5739,5740,2490,853697,853846
2023-06-06 14:51:00.000000000,1686034260000000000,5740,5743,5739,5741,2086,853846,853834
2023-06-06 14:52:00.000000000,1686034320000000000,5741,5742,5739,5740,1102,853834,853827
2023-06-06 14:53:00.000000000,1686034380000000000,5740,5746,5740,5744,2529,853827,853440
2023-06-06 14:54:00.000000000,1686034440000000000,5744,5744,5740,5742,1205,853440,853199
2023-06-06 14:55:00.000000000,1686034500000000000,5742,5742,5735,5738,3369,853199,852461
2023-06-06 14:56:00.000000000,1686034560000000000,5738,5738,5735,5735,1132,852461,852551
2023-06-06 14:57:00.000000000,1686034620000000000,5735,5739,5734,5738,1778,852551,852387
2023-06-06 14:58:00.000000000,1686034680000000000,5738,5738,5734,5735,1971,852387,851544
2023-06-06 14:59:00.000000000,1686034740000000000,5735,5736,5732,5732,4015,851544,850489
2023-06-06 21:00:00.000000000,1686056400000000000,5710,5721,5705,5716,22156,850489,852065
2023-06-06 21:01:00.000000000,1686056460000000000,5716,5716,5709,5715,9303,852065,854137
2023-06-06 21:02:00.000000000,1686056520000000000,5715,5715,5705,5706,10313,854137,856959
2023-06-06 21:03:00.000000000,1686056580000000000,5706,5710,5703,5709,7663,856959,857930
2023-06-06 21:04:00.000000000,1686056640000000000,5709,5715,5708,5714,6115,857930,858427
2023-06-06 21:05:00.000000000,1686056700000000000,5714,5716,5707,5708,7184,858427,859135
2023-06-06 21:06:00.000000000,1686056760000000000,5708,5711,5708,5710,5707,859135,860517
2023-06-06 21:07:00.000000000,1686056820000000000,5710,5717,5708,5717,5281,860517,860872
2023-06-06 21:08:00.000000000,1686056880000000000,5717,5718,5713,5718,4051,860872,861253
2023-06-06 21:09:00.000000000,1686056940000000000,5718,5719,5714,5719,3734,861253,861895
2023-06-06 21:10:00.000000000,1686057000000000000,5719,5720,5716,5718,3017,861895,862115
2023-06-06 21:11:00.000000000,1686057060000000000,5718,5723,5716,5721,3709,862115,863078
2023-06-06 21:12:00.000000000,1686057120000000000,5721,5728,5720,5724,5545,863078,862740
2023-06-06 21:13:00.000000000,1686057180000000000,5724,5724,5719,5720,4089,862740,863019
2023-06-06 21:14:00.000000000,1686057240000000000,5720,5720,5716,5718,2723,863019,863168
2023-06-06 21:15:00.000000000,1686057300000000000,5718,5719,5715,5715,2668,863168,863600
2023-06-06 21:16:00.000000000,1686057360000000000,5715,5718,5714,5717,2537,863600,863800
2023-06-06 21:17:00.000000000,1686057420000000000,5717,5723,5717,5722,1767,863800,863868
2023-06-06 21:18:00.000000000,1686057480000000000,5722,5724,5720,5723,2658,863868,863282
2023-06-06 21:19:00.000000000,1686057540000000000,5723,5723,5719,5721,1647,863282,863413
2023-06-06 21:20:00.000000000,1686057600000000000,5721,5723,5719,5722,1622,863413,863701
2023-06-06 21:21:00.000000000,1686057660000000000,5722,5723,5718,5720,1435,863701,863757
2023-06-06 21:22:00.000000000,1686057720000000000,5720,5720,5714,5715,2657,863757,863771
2023-06-06 21:23:00.000000000,1686057780000000000,5715,5715,5711,5715,2516,863771,864321
2023-06-06 21:24:00.000000000,1686057840000000000,5715,5715,5713,5714,1355,864321,864773
2023-06-06 21:25:00.000000000,1686057900000000000,5714,5715,5711,5712,1612,864773,864841
2023-06-06 21:26:00.000000000,1686057960000000000,5712,5717,5712,5716,1505,864841,865142
2023-06-06 21:27:00.000000000,1686058020000000000,5716,5717,5714,5714,1193,865142,865253
2023-06-06 21:28:00.000000000,1686058080000000000,5714,5715,5709,5709,3166,865253,866344
2023-06-06 21:29:00.000000000,1686058140000000000,5709,5712,5708,5710,1787,866344,866643
2023-06-06 21:30:00.000000000,1686058200000000000,5710,5713,5708,5713,3035,866643,867556
2023-06-06 21:31:00.000000000,1686058260000000000,5713,5713,5710,5712,1390,867556,867666
2023-06-06 21:32:00.000000000,1686058320000000000,5712,5716,5712,5714,1577,867666,867714
2023-06-06 21:33:00.000000000,1686058380000000000,5714,5715,5711,5712,2007,867714,868133
2023-06-06 21:34:00.000000000,1686058440000000000,5712,5713,5709,5710,2366,868133,868612
2023-06-06 21:35:00.000000000,1686058500000000000,5710,5713,5709,5713,2014,868612,869049
2023-06-06 21:36:00.000000000,1686058560000000000,5713,5717,5712,5717,3157,869049,868837
2023-06-06 21:37:00.000000000,1686058620000000000,5717,5719,5715,5717,2029,868837,868654
2023-06-06 21:38:00.000000000,1686058680000000000,5717,5720,5715,5716,2051,868654,868714
2023-06-06 21:39:00.000000000,1686058740000000000,5716,5716,5713,5715,1852,868714,868740
2023-06-06 21:40:00.000000000,1686058800000000000,5715,5715,5713,5714,670,868740,868883
2023-06-06 21:41:00.000000000,1686058860000000000,5714,5716,5712,5716,1241,868883,868909
2023-06-06 21:42:00.000000000,1686058920000000000,5716,5717,5713,5715,1461,868909,869265
2023-06-06 21:43:00.000000000,1686058980000000000,5715,5716,5713,5713,1295,869265,869591
2023-06-06 21:44:00.000000000,1686059040000000000,5713,5716,5713,5715,1813,869591,870210
2023-06-06 21:45:00.000000000,1686059100000000000,5715,5716,5714,5714,718,870210,870096
2023-06-06 21:46:00.000000000,1686059160000000000,5714,5717,5714,5715,1318,870096,870033
2023-06-06 21:47:00.000000000,1686059220000000000,5715,5716,5713,5714,1186,870033,870158
2023-06-06 21:48:00.000000000,1686059280000000000,5714,5717,5713,5716,1030,870158,870364
2023-06-06 21:49:00.000000000,1686059340000000000,5716,5716,5713,5714,1664,870364,870447
2023-06-06 21:50:00.000000000,1686059400000000000,5714,5714,5711,5713,1463,870447,870498
2023-06-06 21:51:00.000000000,1686059460000000000,5713,5715,5712,5714,759,870498,870578
2023-06-06 21:52:00.000000000,1686059520000000000,5714,5716,5713,5716,1103,870578,870380
2023-06-06 21:53:00.000000000,1686059580000000000,5716,5717,5713,5715,1358,870380,870234
2023-06-06 21:54:00.000000000,1686059640000000000,5715,5715,5711,5713,2093,870234,870487
2023-06-06 21:55:00.000000000,1686059700000000000,5713,5714,5712,5712,1144,870487,870575
2023-06-06 21:56:00.000000000,1686059760000000000,5712,5712,5708,5710,3966,870575,871808
2023-06-06 21:57:00.000000000,1686059820000000000,5710,5711,5707,5708,2097,871808,872186
2023-06-06 21:58:00.000000000,1686059880000000000,5708,5711,5708,5710,1101,872186,872187
2023-06-06 21:59:00.000000000,1686059940000000000,5710,5711,5709,5710,1111,872187,872183
2023-06-06 22:00:00.000000000,1686060000000000000,5710,5713,5709,5712,2634,872183,872370
2023-06-06 22:01:00.000000000,1686060060000000000,5712,5714,5710,5711,2016,872370,872435
2023-06-06 22:02:00.000000000,1686060120000000000,5711,5711,5708,5710,2138,872435,872358
2023-06-06 22:03:00.000000000,1686060180000000000,5710,5713,5710,5711,1360,872358,872113
2023-06-06 22:04:00.000000000,1686060240000000000,5711,5713,5710,5711,1086,872113,872064
2023-06-06 22:05:00.000000000,1686060300000000000,5711,5714,5710,5714,1531,872064,872118
2023-06-06 22:06:00.000000000,1686060360000000000,5714,5716,5713,5715,1741,872118,871912
2023-06-06 22:07:00.000000000,1686060420000000000,5715,5719,5714,5718,2770,871912,871561
2023-06-06 22:08:00.000000000,1686060480000000000,5718,5719,5716,5716,1818,871561,871238
2023-06-06 22:09:00.000000000,1686060540000000000,5716,5717,5715,5715,1306,871238,871501
2023-06-06 22:10:00.000000000,1686060600000000000,5715,5716,5713,5715,1890,871501,872044
2023-06-06 22:11:00.000000000,1686060660000000000,5715,5717,5715,5715,1083,872044,872113
2023-06-06 22:12:00.000000000,1686060720000000000,5715,5716,5714,5714,573,872113,872182
2023-06-06 22:13:00.000000000,1686060780000000000,5714,5717,5714,5715,1278,872182,872178
2023-06-06 22:14:00.000000000,1686060840000000000,5715,5716,5713,5713,942,872178,872218
2023-06-06 22:15:00.000000000,1686060900000000000,5713,5714,5711,5712,1056,872218,872311
2023-06-06 22:16:00.000000000,1686060960000000000,5712,5713,5711,5712,1750,872311,872054
2023-06-06 22:17:00.000000000,1686061020000000000,5712,5717,5712,5716,2410,872054,872435
2023-06-06 22:18:00.000000000,1686061080000000000,5716,5719,5716,5717,1756,872435,872058
2023-06-06 22:19:00.000000000,1686061140000000000,5717,5719,5717,5718,1330,872058,872098
2023-06-06 22:20:00.000000000,1686061200000000000,5718,5720,5717,5717,2807,872098,872026
2023-06-06 22:21:00.000000000,1686061260000000000,5717,5717,5714,5715,1423,872026,872104
2023-06-06 22:22:00.000000000,1686061320000000000,5715,5717,5714,5715,1412,872104,872096
2023-06-06 22:23:00.000000000,1686061380000000000,5715,5715,5711,5712,1988,872096,872141
2023-06-06 22:24:00.000000000,1686061440000000000,5712,5713,5711,5712,1031,872141,872408
2023-06-06 22:25:00.000000000,1686061500000000000,5712,5716,5712,5715,986,872408,872681
2023-06-06 22:26:00.000000000,1686061560000000000,5715,5717,5714,5714,1500,872681,872453
2023-06-06 22:27:00.000000000,1686061620000000000,5714,5715,5713,5714,665,872453,872488
2023-06-06 22:28:00.000000000,1686061680000000000,5714,5717,5713,5717,966,872488,872360
2023-06-06 22:29:00.000000000,1686061740000000000,5717,5718,5715,5716,1095,872360,872615
2023-06-06 22:30:00.000000000,1686061800000000000,5716,5721,5716,5721,3749,872615,872414
2023-06-06 22:31:00.000000000,1686061860000000000,5721,5724,5719,5722,3671,872414,871505
2023-06-06 22:32:00.000000000,1686061920000000000,5722,5724,5721,5722,1850,871505,870941
2023-06-06 22:33:00.000000000,1686061980000000000,5722,5723,5721,5722,1699,870941,871195
2023-06-06 22:34:00.000000000,1686062040000000000,5722,5726,5722,5725,3365,871195,870575
2023-06-06 22:35:00.000000000,1686062100000000000,5725,5725,5721,5724,2195,870575,870597
2023-06-06 22:36:00.000000000,1686062160000000000,5724,5726,5721,5722,1424,870597,870372
2023-06-06 22:37:00.000000000,1686062220000000000,5722,5723,5720,5720,1377,870372,870420
2023-06-06 22:38:00.000000000,1686062280000000000,5720,5721,5716,5718,2317,870420,870365
2023-06-06 22:39:00.000000000,1686062340000000000,5718,5719,5716,5716,3409,870365,870717
2023-06-06 22:40:00.000000000,1686062400000000000,5716,5720,5716,5720,1484,870717,870733
2023-06-06 22:41:00.000000000,1686062460000000000,5720,5720,5718,5720,1377,870733,870770
2023-06-06 22:42:00.000000000,1686062520000000000,5720,5720,5718,5719,904,870770,870609
2023-06-06 22:43:00.000000000,1686062580000000000,5719,5719,5715,5717,1487,870609,870726
2023-06-06 22:44:00.000000000,1686062640000000000,5717,5717,5714,5714,1787,870726,870507
2023-06-06 22:45:00.000000000,1686062700000000000,5714,5716,5712,5716,2722,870507,871055
2023-06-06 22:46:00.000000000,1686062760000000000,5716,5718,5714,5717,1774,871055,871306
2023-06-06 22:47:00.000000000,1686062820000000000,5717,5718,5713,5715,1453,871306,871270
2023-06-06 22:48:00.000000000,1686062880000000000,5715,5717,5714,5716,1439,871270,871444
2023-06-06 22:49:00.000000000,1686062940000000000,5716,5717,5715,5716,469,871444,871424
2023-06-06 22:50:00.000000000,1686063000000000000,5716,5717,5712,5713,1917,871424,871741
2023-06-06 22:51:00.000000000,1686063060000000000,5713,5713,5711,5712,2271,871741,871766
2023-06-06 22:52:00.000000000,1686063120000000000,5712,5712,5709,5710,3680,871766,872438
2023-06-06 22:53:00.000000000,1686063180000000000,5710,5713,5710,5711,1099,872438,872744
2023-06-06 22:54:00.000000000,1686063240000000000,5711,5713,5711,5712,762,872744,872847
2023-06-06 22:55:00.000000000,1686063300000000000,5712,5712,5711,5712,1295,872847,872852
2023-06-06 22:56:00.000000000,1686063360000000000,5712,5712,5707,5707,2505,872852,872847
2023-06-06 22:57:00.000000000,1686063420000000000,5707,5709,5704,5709,5380,872847,872580
2023-06-06 22:58:00.000000000,1686063480000000000,5709,5710,5708,5710,1486,872580,872081
2023-06-06 22:59:00.000000000,1686063540000000000,5710,5711,5708,5710,2809,872081,871107
2023-06-07 09:00:00.000000000,1686099600000000000,5712,5716,5706,5714,7078,871107,872403
2023-06-07 09:01:00.000000000,1686099660000000000,5714,5717,5711,5715,3845,872403,872963
2023-06-07 09:02:00.000000000,1686099720000000000,5715,5718,5712,5716,3111,872963,873734
2023-06-07 09:03:00.000000000,1686099780000000000,5716,5718,5716,5718,2135,873734,873935
2023-06-07 09:04:00.000000000,1686099840000000000,5718,5718,5713,5715,2772,873935,874386
2023-06-07 09:05:00.000000000,1686099900000000000,5715,5719,5715,5718,2787,874386,874519
2023-06-07 09:06:00.000000000,1686099960000000000,5718,5720,5717,5717,2884,874519,874608
2023-06-07 09:07:00.000000000,1686100020000000000,5717,5717,5713,5717,2489,874608,874556
2023-06-07 09:08:00.000000000,1686100080000000000,5717,5717,5712,5713,1690,874556,874840
2023-06-07 09:09:00.000000000,1686100140000000000,5713,5714,5708,5709,4143,874840,875815
2023-06-07 09:10:00.000000000,1686100200000000000,5709,5709,5685,5688,25673,875815,878757
2023-06-07 09:11:00.000000000,1686100260000000000,5688,5689,5683,5689,10158,878757,880254
2023-06-07 09:12:00.000000000,1686100320000000000,5689,5692,5689,5692,5737,880254,881950
2023-06-07 09:13:00.000000000,1686100380000000000,5692,5694,5690,5690,5910,881950,882454
2023-06-07 09:14:00.000000000,1686100440000000000,5690,5690,5684,5685,6772,882454,883825
2023-06-07 09:15:00.000000000,1686100500000000000,5685,5685,5680,5681,10012,883825,884895
2023-06-07 09:16:00.000000000,1686100560000000000,5681,5682,5678,5681,8100,884895,887315
2023-06-07 09:17:00.000000000,1686100620000000000,5681,5682,5676,5677,5790,887315,888262
2023-06-07 09:18:00.000000000,1686100680000000000,5677,5681,5675,5678,6203,888262,888875
2023-06-07 09:19:00.000000000,1686100740000000000,5678,5681,5674,5679,7008,888875,890854
2023-06-07 09:20:00.000000000,1686100800000000000,5679,5681,5676,5679,4924,890854,891966
2023-06-07 09:21:00.000000000,1686100860000000000,5679,5679,5671,5672,5599,891966,893722
2023-06-07 09:22:00.000000000,1686100920000000000,5672,5675,5665,5669,9755,893722,896306
2023-06-07 09:23:00.000000000,1686100980000000000,5669,5669,5665,5666,5574,896306,897572
2023-06-07 09:24:00.000000000,1686101040000000000,5666,5668,5663,5667,6467,897572,899690
2023-06-07 09:25:00.000000000,1686101100000000000,5667,5667,5663,5664,4978,899690,901823
2023-06-07 09:26:00.000000000,1686101160000000000,5664,5672,5663,5671,7662,901823,902907
2023-06-07 09:27:00.000000000,1686101220000000000,5671,5676,5668,5673,7108,902907,903410
2023-06-07 09:28:00.000000000,1686101280000000000,5673,5674,5670,5672,2675,903410,904102
2023-06-07 09:29:00.000000000,1686101340000000000,5672,5674,5671,5673,3807,904102,904819
2023-06-07 09:30:00.000000000,1686101400000000000,5673,5674,5670,5673,2952,904819,905163
2023-06-07 09:31:00.000000000,1686101460000000000,5673,5676,5668,5668,5139,905163,906285
2023-06-07 09:32:00.000000000,1686101520000000000,5668,5670,5667,5670,3114,906285,906516
2023-06-07 09:33:00.000000000,1686101580000000000,5670,5671,5667,5670,3449,906516,907427
2023-06-07 09:34:00.000000000,1686101640000000000,5670,5671,5668,5669,1854,907427,907487
2023-06-07 09:35:00.000000000,1686101700000000000,5669,5676,5669,5675,5041,907487,906542
2023-06-07 09:36:00.000000000,1686101760000000000,5675,5678,5674,5677,4400,906542,906194
2023-06-07 09:37:00.000000000,1686101820000000000,5677,5680,5677,5679,4223,906194,906015
2023-06-07 09:38:00.000000000,1686101880000000000,5679,5680,5675,5676,4035,906015,905739
2023-06-07 09:39:00.000000000,1686101940000000000,5676,5678,5673,5674,3746,905739,905566
2023-06-07 09:40:00.000000000,1686102000000000000,5674,5677,5674,5676,1442,905566,905822
2023-06-07 09:41:00.000000000,1686102060000000000,5676,5678,5675,5677,877,905822,905807
2023-06-07 09:42:00.000000000,1686102120000000000,5677,5678,5675,5677,1320,905807,905799
2023-06-07 09:43:00.000000000,1686102180000000000,5677,5683,5676,5682,3852,905799,905186
2023-06-07 09:44:00.000000000,1686102240000000000,5682,5683,5678,5680,2474,905186,904854
2023-06-07 09:45:00.000000000,1686102300000000000,5680,5680,5676,5677,1878,904854,905023
2023-06-07 09:46:00.000000000,1686102360000000000,5677,5680,5677,5680,1468,905023,905217
2023-06-07 09:47:00.000000000,1686102420000000000,5680,5680,5671,5671,4231,905217,906361
2023-06-07 09:48:00.000000000,1686102480000000000,5671,5671,5664,5665,8741,906361,908069
2023-06-07 09:49:00.000000000,1686102540000000000,5665,5668,5664,5665,3869,908069,908842
2023-06-07 09:50:00.000000000,1686102600000000000,5665,5666,5656,5661,11001,908842,911502
2023-06-07 09:51:00.000000000,1686102660000000000,5661,5661,5657,5658,4694,911502,912919
2023-06-07 09:52:00.000000000,1686102720000000000,5658,5662,5657,5661,5488,912919,913088
2023-06-07 09:53:00.000000000,1686102780000000000,5661,5662,5656,5657,6023,913088,915796
2023-06-07 09:54:00.000000000,1686102840000000000,5657,5657,5655,5656,4035,915796,917418
2023-06-07 09:55:00.000000000,1686102900000000000,5656,5657,5653,5656,4569,917418,918953
2023-06-07 09:56:00.000000000,1686102960000000000,5656,5663,5655,5663,5442,918953,919011
2023-06-07 09:57:00.000000000,1686103020000000000,5663,5665,5662,5663,3337,919011,919488
2023-06-07 09:58:00.000000000,1686103080000000000,5663,5665,5660,5661,2632,919488,920091
2023-06-07 09:59:00.000000000,1686103140000000000,5661,5661,5656,5657,3543,920091,920565
2023-06-07 10:00:00.000000000,1686103200000000000,5657,5663,5657,5662,4634,920565,921002
2023-06-07 10:01:00.000000000,1686103260000000000,5662,5663,5657,5660,5726,921002,923299
2023-06-07 10:02:00.000000000,1686103320000000000,5660,5662,5659,5660,6834,923299,924874
2023-06-07 10:03:00.000000000,1686103380000000000,5660,5662,5659,5659,6142,924874,925552
2023-06-07 10:04:00.000000000,1686103440000000000,5659,5659,5655,5656,3850,925552,926532
2023-06-07 10:05:00.000000000,1686103500000000000,5656,5658,5650,5651,7229,926532,926119
2023-06-07 10:06:00.000000000,1686103560000000000,5651,5652,5650,5651,5003,926119,926901
2023-06-07 10:07:00.000000000,1686103620000000000,5651,5652,5650,5651,6384,926901,927623
2023-06-07 10:08:00.000000000,1686103680000000000,5651,5652,5647,5651,7379,927623,929938
2023-06-07 10:09:00.000000000,1686103740000000000,5651,5655,5650,5655,3888,929938,929575
2023-06-07 10:10:00.000000000,1686103800000000000,5655,5657,5652,5656,3672,929575,929919
2023-06-07 10:11:00.000000000,1686103860000000000,5656,5656,5653,5655,2003,929919,929951
2023-06-07 10:12:00.000000000,1686103920000000000,5655,5658,5654,5656,2143,929951,929747
2023-06-07 10:13:00.000000000,1686103980000000000,5656,5658,5656,5657,1363,929747,929987
2023-06-07 10:14:00.000000000,1686104040000000000,5657,5657,5653,5654,1771,929987,930030
2023-06-07 10:30:00.000000000,1686105000000000000,5655,5661,5653,5653,8236,930030,931095
2023-06-07 10:31:00.000000000,1686105060000000000,5653,5654,5644,5649,8385,931095,932651
2023-06-07 10:32:00.000000000,1686105120000000000,5649,5649,5644,5649,5130,932651,933377
2023-06-07 10:33:00.000000000,1686105180000000000,5649,5653,5648,5650,2348,933377,933175
2023-06-07 10:34:00.000000000,1686105240000000000,5650,5654,5649,5653,2742,933175,933480
2023-06-07 10:35:00.000000000,1686105300000000000,5653,5655,5650,5653,2069,933480,934004
2023-06-07 10:36:00.000000000,1686105360000000000,5653,5656,5650,5654,2596,934004,934591
2023-06-07 10:37:00.000000000,1686105420000000000,5654,5654,5651,5651,1382,934591,934962
2023-06-07 10:38:00.000000000,1686105480000000000,5651,5656,5650,5655,2253,934962,935034
2023-06-07 10:39:00.000000000,1686105540000000000,5655,5656,5653,5654,2534,935034,935380
2023-06-07 10:40:00.000000000,1686105600000000000,5654,5654,5652,5653,1454,935380,935836
2023-06-07 10:41:00.000000000,1686105660000000000,5653,5654,5650,5652,1671,935836,936191
2023-06-07 10:42:00.000000000,1686105720000000000,5652,5659,5651,5658,6142,936191,935367
2023-06-07 10:43:00.000000000,1686105780000000000,5658,5660,5657,5659,2740,935367,934768
2023-06-07 10:44:00.000000000,1686105840000000000,5659,5662,5658,5661,4337,934768,934468
2023-06-07 10:45:00.000000000,1686105900000000000,5661,5661,5659,5660,1891,934468,934993
2023-06-07 10:46:00.000000000,1686105960000000000,5660,5660,5658,5658,1158,934993,935161
2023-06-07 10:47:00.000000000,1686106020000000000,5658,5659,5655,5655,2041,935161,935472
2023-06-07 10:48:00.000000000,1686106080000000000,5655,5656,5653,5655,1942,935472,935307
2023-06-07 10:49:00.000000000,1686106140000000000,5655,5665,5655,5665,6791,935307,932432
2023-06-07 10:50:00.000000000,1686106200000000000,5665,5666,5661,5666,3781,932432,932023
2023-06-07 10:51:00.000000000,1686106260000000000,5666,5666,5663,5664,2109,932023,932037
2023-06-07 10:52:00.000000000,1686106320000000000,5664,5665,5662,5664,1215,932037,932003
2023-06-07 10:53:00.000000000,1686106380000000000,5664,5664,5660,5661,1223,932003,932132
2023-06-07 10:54:00.000000000,1686106440000000000,5661,5663,5658,5662,1763,932132,932284
2023-06-07 10:55:00.000000000,1686106500000000000,5662,5665,5659,5660,1743,932284,932197
2023-06-07 10:56:00.000000000,1686106560000000000,5660,5662,5659,5662,664,932197,932246
2023-06-07 10:57:00.000000000,1686106620000000000,5662,5662,5657,5657,2024,932246,932526
2023-06-07 10:58:00.000000000,1686106680000000000,5657,5657,5653,5655,2230,932526,932933
2023-06-07 10:59:00.000000000,1686106740000000000,5655,5657,5655,5655,823,932933,933069
2023-06-07 11:00:00.000000000,1686106800000000000,5655,5656,5653,5655,1419,933069,933668
2023-06-07 11:01:00.000000000,1686106860000000000,5655,5655,5651,5653,2161,933668,933895
2023-06-07 11:02:00.000000000,1686106920000000000,5653,5653,5649,5652,3727,933895,935122
2023-06-07 11:03:00.000000000,1686106980000000000,5652,5653,5651,5652,1674,935122,935376
2023-06-07 11:04:00.000000000,1686107040000000000,5652,5653,5649,5650,1436,935376,935904
2023-06-07 11:05:00.000000000,1686107100000000000,5650,5650,5646,5647,3539,935904,937204
2023-06-07 11:06:00.000000000,1686107160000000000,5647,5651,5646,5650,2116,937204,937944
2023-06-07 11:07:00.000000000,1686107220000000000,5650,5651,5647,5649,3385,937944,938210
2023-06-07 11:08:00.000000000,1686107280000000000,5649,5649,5646,5646,1701,938210,939006
2023-06-07 11:09:00.000000000,1686107340000000000,5646,5647,5643,5643,5151,939006,940794
2023-06-07 11:10:00.000000000,1686107400000000000,5643,5648,5642,5643,4220,940794,942367
2023-06-07 11:11:00.000000000,1686107460000000000,5643,5646,5642,5644,2312,942367,942990
2023-06-07 11:12:00.000000000,1686107520000000000,5644,5646,5644,5645,1347,942990,943460
2023-06-07 11:13:00.000000000,1686107580000000000,5645,5649,5642,5648,3266,943460,943819
2023-06-07 11:14:00.000000000,1686107640000000000,5648,5648,5641,5641,4103,943819,944572
2023-06-07 11:15:00.000000000,1686107700000000000,5641,5647,5641,5647,2850,944572,944824
2023-06-07 11:16:00.000000000,1686107760000000000,5647,5650,5646,5648,2400,944824,944297
2023-06-07 11:17:00.000000000,1686107820000000000,5648,5652,5648,5651,3331,944297,944293
2023-06-07 11:18:00.000000000,1686107880000000000,5651,5654,5651,5652,1903,944293,944476
2023-06-07 11:19:00.000000000,1686107940000000000,5652,5653,5651,5651,1057,944476,944628
2023-06-07 11:20:00.000000000,1686108000000000000,5651,5651,5648,5650,1943,944628,944710
2023-06-07 11:21:00.000000000,1686108060000000000,5650,5651,5648,5649,942,944710,944683
2023-06-07 11:22:00.000000000,1686108120000000000,5649,5651,5648,5650,1130,944683,944958
2023-06-07 11:23:00.000000000,1686108180000000000,5650,5650,5646,5647,1668,944958,945156
2023-06-07 11:24:00.000000000,1686108240000000000,5647,5653,5646,5653,1929,945156,944541
2023-06-07 11:25:00.000000000,1686108300000000000,5653,5654,5651,5652,1125,944541,944598
2023-06-07 11:26:00.000000000,1686108360000000000,5652,5655,5649,5649,2149,944598,944295
2023-06-07 11:27:00.000000000,1686108420000000000,5649,5652,5649,5650,1169,944295,944409
2023-06-07 11:28:00.000000000,1686108480000000000,5650,5651,5649,5651,871,944409,944151
2023-06-07 11:29:00.000000000,1686108540000000000,5651,5653,5645,5647,3612,944151,944088
2023-06-07 13:30:00.000000000,1686115800000000000,5649,5660,5646,5658,9042,944088,941063
2023-06-07 13:31:00.000000000,1686115860000000000,5658,5662,5657,5661,5340,941063,939517
2023-06-07 13:32:00.000000000,1686115920000000000,5661,5664,5657,5659,3356,939517,939408
2023-06-07 13:33:00.000000000,1686115980000000000,5659,5659,5652,5652,3134,939408,939835
2023-06-07 13:34:00.000000000,1686116040000000000,5652,5655,5651,5654,2728,939835,940070
2023-06-07 13:35:00.000000000,1686116100000000000,5654,5658,5653,5658,2412,940070,940079
2023-06-07 13:36:00.000000000,1686116160000000000,5658,5659,5656,5657,1714,940079,939840
2023-06-07 13:37:00.000000000,1686116220000000000,5657,5658,5653,5654,2990,939840,940039
2023-06-07 13:38:00.000000000,1686116280000000000,5654,5654,5651,5654,1450,940039,940216
2023-06-07 13:39:00.000000000,1686116340000000000,5654,5654,5649,5651,3755,940216,941150
2023-06-07 13:40:00.000000000,1686116400000000000,5651,5653,5649,5650,2226,941150,941584
2023-06-07 13:41:00.000000000,1686116460000000000,5650,5650,5645,5646,4203,941584,941602
2023-06-07 13:42:00.000000000,1686116520000000000,5646,5649,5645,5648,3125,941602,941762
2023-06-07 13:43:00.000000000,1686116580000000000,5648,5650,5647,5649,1168,941762,941829
2023-06-07 13:44:00.000000000,1686116640000000000,5649,5650,5645,5647,2359,941829,942304
2023-06-07 13:45:00.000000000,1686116700000000000,5647,5650,5647,5648,2875,942304,942500
2023-06-07 13:46:00.000000000,1686116760000000000,5648,5649,5647,5648,1288,942500,943009
2023-06-07 13:47:00.000000000,1686116820000000000,5648,5648,5644,5644,2821,943009,943628
2023-06-07 13:48:00.000000000,1686116880000000000,5644,5646,5642,5643,2293,943628,944304
2023-06-07 13:49:00.000000000,1686116940000000000,5643,5644,5642,5644,2025,944304,945185
2023-06-07 13:50:00.000000000,1686117000000000000,5644,5644,5642,5644,1868,945185,944963
2023-06-07 13:51:00.000000000,1686117060000000000,5644,5646,5643,5645,1521,944963,945002
2023-06-07 13:52:00.000000000,1686117120000000000,5645,5648,5645,5647,1338,945002,945073
2023-06-07 13:53:00.000000000,1686117180000000000,5647,5648,5646,5648,529,945073,945057
2023-06-07 13:54:00.000000000,1686117240000000000,5648,5648,5635,5637,11784,945057,948645
2023-06-07 13:55:00.000000000,1686117300000000000,5637,5638,5635,5637,4078,948645,949927
2023-06-07 13:56:00.000000000,1686117360000000000,5637,5639,5636,5637,1958,949927,950339
2023-06-07 13:57:00.000000000,1686117420000000000,5637,5639,5634,5638,3583,950339,950873
2023-06-07 13:58:00.000000000,1686117480000000000,5638,5640,5637,5638,2697,950873,951521
2023-06-07 13:59:00.000000000,1686117540000000000,5638,5641,5636,5640,2220,951521,951839
2023-06-07 14:00:00.000000000,1686117600000000000,5640,5644,5639,5643,2603,951839,952004
2023-06-07 14:01:00.000000000,1686117660000000000,5643,5645,5642,5643,1493,952004,951920
2023-06-07 14:02:00.000000000,1686117720000000000,5643,5645,5643,5645,2058,951920,951943
2023-06-07 14:03:00.000000000,1686117780000000000,5645,5646,5642,5643,1910,951943,952102
2023-06-07 14:04:00.000000000,1686117840000000000,5643,5643,5639,5640,2530,952102,952358
2023-06-07 14:05:00.000000000,1686117900000000000,5640,5640,5637,5639,1961,952358,952620
2023-06-07 14:06:00.000000000,1686117960000000000,5639,5640,5637,5638,1132,952620,952868
2023-06-07 14:07:00.000000000,1686118020000000000,5638,5639,5636,5637,851,952868,953074
2023-06-07 14:08:00.000000000,1686118080000000000,5637,5639,5636,5637,1536,953074,953318
2023-06-07 14:09:00.000000000,1686118140000000000,5637,5639,5636,5636,1208,953318,953685
2023-06-07 14:10:00.000000000,1686118200000000000,5636,5639,5636,5637,1341,953685,953350
2023-06-07 14:11:00.000000000,1686118260000000000,5637,5637,5633,5637,4816,953350,953691
2023-06-07 14:12:00.000000000,1686118320000000000,5637,5639,5636,5637,2023,953691,953733
2023-06-07 14:13:00.000000000,1686118380000000000,5637,5637,5634,5634,2135,953733,954049
2023-06-07 14:14:00.000000000,1686118440000000000,5634,5636,5634,5635,1825,954049,954206
2023-06-07 14:15:00.000000000,1686118500000000000,5635,5639,5635,5636,2042,954206,954207
2023-06-07 14:16:00.000000000,1686118560000000000,5636,5638,5634,5637,2626,954207,954658
2023-06-07 14:17:00.000000000,1686118620000000000,5637,5642,5635,5641,2861,954658,954112
2023-06-07 14:18:00.000000000,1686118680000000000,5641,5646,5640,5645,3802,954112,952746
2023-06-07 14:19:00.000000000,1686118740000000000,5645,5646,5642,5642,2404,952746,952306
2023-06-07 14:20:00.000000000,1686118800000000000,5642,5644,5642,5643,877,952306,952329
2023-06-07 14:21:00.000000000,1686118860000000000,5643,5648,5643,5647,2203,952329,951912
2023-06-07 14:22:00.000000000,1686118920000000000,5647,5648,5645,5646,1140,951912,951792
2023-06-07 14:23:00.000000000,1686118980000000000,5646,5650,5646,5648,2656,951792,951264
2023-06-07 14:24:00.000000000,1686119040000000000,5648,5652,5647,5651,2111,951264,950837
2023-06-07 14:25:00.000000000,1686119100000000000,5651,5651,5646,5647,1879,950837,950719
2023-06-07 14:26:00.000000000,1686119160000000000,5647,5648,5645,5646,1502,950719,950322
2023-06-07 14:27:00.000000000,1686119220000000000,5646,5647,5638,5638,3141,950322,950502
2023-06-07 14:28:00.000000000,1686119280000000000,5638,5642,5637,5640,3394,950502,950596
2023-06-07 14:29:00.000000000,1686119340000000000,5640,5643,5638,5642,2180,950596,950634
2023-06-07 14:30:00.000000000,1686119400000000000,5642,5645,5641,5641,2365,950634,950909
2023-06-07 14:31:00.000000000,1686119460000000000,5641,5643,5640,5640,1868,950909,951077
2023-06-07 14:32:00.000000000,1686119520000000000,5640,5645,5639,5644,2286,951077,951775
2023-06-07 14:33:00.000000000,1686119580000000000,5644,5650,5644,5648,4067,951775,953192
2023-06-07 14:34:00.000000000,1686119640000000000,5648,5654,5648,5650,3981,953192,952574
2023-06-07 14:35:00.000000000,1686119700000000000,5650,5653,5649,5653,1846,952574,952653
2023-06-07 14:36:00.000000000,1686119760000000000,5653,5653,5646,5649,1696,952653,952635
2023-06-07 14:37:00.000000000,1686119820000000000,5649,5653,5646,5652,2330,952635,952371
2023-06-07 14:38:00.000000000,1686119880000000000,5652,5652,5646,5649,1233,952371,952345
2023-06-07 14:39:00.000000000,1686119940000000000,5649,5651,5646,5648,1165,952345,952351
2023-06-07 14:40:00.000000000,1686120000000000000,5648,5650,5645,5645,1134,952351,952513
2023-06-07 14:41:00.000000000,1686120060000000000,5645,5651,5644,5651,2129,952513,952539
2023-06-07 14:42:00.000000000,1686120120000000000,5651,5652,5650,5651,1408,952539,952567
2023-06-07 14:43:00.000000000,1686120180000000000,5651,5653,5650,5652,1670,952567,952125
2023-06-07 14:44:00.000000000,1686120240000000000,5652,5657,5650,5657,6205,952125,952111
2023-06-07 14:45:00.000000000,1686120300000000000,5657,5658,5651,5651,3749,952111,952610
2023-06-07 14:46:00.000000000,1686120360000000000,5651,5652,5649,5650,1148,952610,952600
2023-06-07 14:47:00.000000000,1686120420000000000,5650,5651,5647,5650,1976,952600,952399
2023-06-07 14:48:00.000000000,1686120480000000000,5650,5651,5647,5649,968,952399,952269
2023-06-07 14:49:00.000000000,1686120540000000000,5649,5651,5648,5650,1135,952269,951953
2023-06-07 14:50:00.000000000,1686120600000000000,5650,5653,5650,5651,1257,951953,951798
2023-06-07 14:51:00.000000000,1686120660000000000,5651,5653,5649,5651,1802,951798,952088
2023-06-07 14:52:00.000000000,1686120720000000000,5651,5653,5649,5653,1459,952088,951897
2023-06-07 14:53:00.000000000,1686120780000000000,5653,5653,5651,5652,1929,951897,951264
2023-06-07 14:54:00.000000000,1686120840000000000,5652,5655,5652,5654,2063,951264,950793
2023-06-07 14:55:00.000000000,1686120900000000000,5654,5656,5653,5654,1863,950793,950201
2023-06-07 14:56:00.000000000,1686120960000000000,5654,5656,5653,5654,2412,950201,949597
2023-06-07 14:57:00.000000000,1686121020000000000,5654,5656,5653,5654,2167,949597,948495
2023-06-07 14:58:00.000000000,1686121080000000000,5654,5661,5654,5660,6325,948495,946787
2023-06-07 14:59:00.000000000,1686121140000000000,5660,5661,5655,5655,6252,946787,943741
2023-06-07 21:00:00.000000000,1686142800000000000,5660,5673,5658,5662,18494,943741,945114
2023-06-07 21:01:00.000000000,1686142860000000000,5662,5664,5653,5655,8143,945114,946662
2023-06-07 21:02:00.000000000,1686142920000000000,5655,5657,5650,5651,6427,946662,948520
2023-06-07 21:03:00.000000000,1686142980000000000,5651,5657,5651,5652,4431,948520,949809
2023-06-07 21:04:00.000000000,1686143040000000000,5652,5654,5650,5651,4093,949809,950630
2023-06-07 21:05:00.000000000,1686143100000000000,5651,5654,5647,5648,6506,950630,951995
2023-06-07 21:06:00.000000000,1686143160000000000,5648,5650,5645,5648,5571,951995,953011
2023-06-07 21:07:00.000000000,1686143220000000000,5648,5651,5646,5651,3462,953011,953384
2023-06-07 21:08:00.000000000,1686143280000000000,5651,5656,5650,5656,3409,953384,953193
2023-06-07 21:09:00.000000000,1686143340000000000,5656,5661,5655,5659,5031,953193,952817
2023-06-07 21:10:00.000000000,1686143400000000000,5659,5663,5659,5659,5209,952817,952568
2023-06-07 21:11:00.000000000,1686143460000000000,5659,5663,5657,5657,4422,952568,953215
2023-06-07 21:12:00.000000000,1686143520000000000,5657,5659,5655,5658,1883,953215,953294
2023-06-07 21:13:00.000000000,1686143580000000000,5658,5662,5656,5661,1915,953294,953241
2023-06-07 21:14:00.000000000,1686143640000000000,5661,5661,5659,5660,1581,953241,953208
2023-06-07 21:15:00.000000000,1686143700000000000,5660,5661,5657,5658,1617,953208,953432
2023-06-07 21:16:00.000000000,1686143760000000000,5658,5658,5655,5656,1610,953432,953832
2023-06-07 21:17:00.000000000,1686143820000000000,5656,5658,5653,5655,2492,953832,954559
2023-06-07 21:18:00.000000000,1686143880000000000,5655,5656,5652,5653,1663,954559,954380
2023-06-07 21:19:00.000000000,1686143940000000000,5653,5658,5652,5658,1774,954380,954441
2023-06-07 21:20:00.000000000,1686144000000000000,5658,5658,5654,5655,1426,954441,954348
2023-06-07 21:21:00.000000000,1686144060000000000,5655,5655,5652,5653,1661,954348,954438
2023-06-07 21:22:00.000000000,1686144120000000000,5653,5654,5652,5653,811,954438,954509
2023-06-07 21:23:00.000000000,1686144180000000000,5653,5657,5653,5657,1030,954509,954616
2023-06-07 21:24:00.000000000,1686144240000000000,5657,5658,5655,5656,772,954616,954510
2023-06-07 21:25:00.000000000,1686144300000000000,5656,5657,5655,5655,828,954510,954453
2023-06-07 21:26:00.000000000,1686144360000000000,5655,5662,5655,5661,1934,954453,954855
2023-06-07 21:27:00.000000000,1686144420000000000,5661,5662,5660,5660,2296,954855,954370
2023-06-07 21:28:00.000000000,1686144480000000000,5660,5664,5660,5662,3099,954370,954329
2023-06-07 21:29:00.000000000,1686144540000000000,5662,5664,5661,5662,1993,954329,954485
2023-06-07 21:30:00.000000000,1686144600000000000,5662,5664,5661,5662,1926,954485,954510
2023-06-07 21:31:00.000000000,1686144660000000000,5662,5662,5654,5655,3452,954510,954849
2023-06-07 21:32:00.000000000,1686144720000000000,5655,5657,5655,5656,2383,954849,955275
2023-06-07 21:33:00.000000000,1686144780000000000,5656,5656,5654,5654,1653,955275,955237
2023-06-07 21:34:00.000000000,1686144840000000000,5654,5655,5652,5653,2475,955237,954975
2023-06-07 21:35:00.000000000,1686144900000000000,5653,5655,5651,5655,2564,954975,954695
2023-06-07 21:36:00.000000000,1686144960000000000,5655,5655,5651,5653,2025,954695,954639
2023-06-07 21:37:00.000000000,1686145020000000000,5653,5654,5651,5651,1661,954639,954807
2023-06-07 21:38:00.000000000,1686145080000000000,5651,5656,5651,5654,1801,954807,955116
2023-06-07 21:39:00.000000000,1686145140000000000,5654,5656,5653,5655,1216,955116,955081
2023-06-07 21:40:00.000000000,1686145200000000000,5655,5659,5655,5657,2563,955081,954863
2023-06-07 21:41:00.000000000,1686145260000000000,5657,5659,5655,5656,1192,954863,954814
2023-06-07 21:42:00.000000000,1686145320000000000,5656,5660,5656,5660,1078,954814,954763
2023-06-07 21:43:00.000000000,1686145380000000000,5660,5663,5659,5662,2943,954763,954747
2023-06-07 21:44:00.000000000,1686145440000000000,5662,5662,5659,5659,1733,954747,954818
2023-06-07 21:45:00.000000000,1686145500000000000,5659,5664,5659,5664,2430,954818,954721
2023-06-07 21:46:00.000000000,1686145560000000000,5664,5664,5661,5662,1127,954721,954768
2023-06-07 21:47:00.000000000,1686145620000000000,5662,5667,5662,5665,3409,954768,954276
2023-06-07 21:48:00.000000000,1686145680000000000,5665,5668,5664,5667,2978,954276,953610
2023-06-07 21:49:00.000000000,1686145740000000000,5667,5669,5665,5668,2779,953610,953227
2023-06-07 21:50:00.000000000,1686145800000000000,5668,5671,5666,5669,5823,953227,953245
2023-06-07 21:51:00.000000000,1686145860000000000,5669,5671,5666,5667,3268,953245,952364
2023-06-07 21:52:00.000000000,1686145920000000000,5667,5669,5667,5668,2410,952364,952571
2023-06-07 21:53:00.000000000,1686145980000000000,5668,5671,5667,5667,2357,952571,952763
2023-06-07 21:54:00.000000000,1686146040000000000,5667,5670,5667,5668,2503,952763,952632
2023-06-07 21:55:00.000000000,1686146100000000000,5668,5670,5665,5667,2309,952632,952573
2023-06-07 21:56:00.000000000,1686146160000000000,5667,5669,5666,5668,1470,952573,952772
2023-06-07 21:57:00.000000000,1686146220000000000,5668,5669,5667,5668,875,952772,952658
2023-06-07 21:58:00.000000000,1686146280000000000,5668,5671,5668,5671,2291,952658,952495
2023-06-07 21:59:00.000000000,1686146340000000000,5671,5675,5670,5672,4686,952495,951396
2023-06-07 22:00:00.000000000,1686146400000000000,5672,5673,5669,5673,3320,951396,951559
2023-06-07 22:01:00.000000000,1686146460000000000,5673,5678,5672,5677,3818,951559,951375
2023-06-07 22:02:00.000000000,1686146520000000000,5677,5678,5674,5675,3862,951375,951440
2023-06-07 22:03:00.000000000,1686146580000000000,5675,5679,5675,5676,3382,951440,951933
2023-06-07 22:04:00.000000000,1686146640000000000,5676,5677,5673,5675,2520,951933,951864
2023-06-07 22:05:00.000000000,1686146700000000000,5675,5680,5674,5679,2487,951864,951808
2023-06-07 22:06:00.000000000,1686146760000000000,5679,5679,5672,5673,2585,951808,951816
2023-06-07 22:07:00.000000000,1686146820000000000,5673,5674,5671,5673,2133,951816,951331
2023-06-07 22:08:00.000000000,1686146880000000000,5673,5676,5673,5674,1597,951331,951143
2023-06-07 22:09:00.000000000,1686146940000000000,5674,5674,5668,5671,4405,951143,950765
2023-06-07 22:10:00.000000000,1686147000000000000,5671,5671,5669,5670,1461,950765,950732
2023-06-07 22:11:00.000000000,1686147060000000000,5670,5672,5668,5671,1333,950732,950528
2023-06-07 22:12:00.000000000,1686147120000000000,5671,5675,5671,5674,1980,950528,950410
2023-06-07 22:13:00.000000000,1686147180000000000,5674,5677,5673,5676,2494,950410,950196
2023-06-07 22:14:00.000000000,1686147240000000000,5676,5679,5675,5676,2896,950196,950387
2023-06-07 22:15:00.000000000,1686147300000000000,5676,5678,5672,5677,2910,950387,950370
2023-06-07 22:16:00.000000000,1686147360000000000,5677,5677,5673,5674,1914,950370,950168
2023-06-07 22:17:00.000000000,1686147420000000000,5674,5677,5674,5676,1683,950168,950466
2023-06-07 22:18:00.000000000,1686147480000000000,5676,5677,5673,5674,1157,950466,950379
2023-06-07 22:19:00.000000000,1686147540000000000,5674,5675,5672,5673,1206,950379,950519
2023-06-07 22:20:00.000000000,1686147600000000000,5673,5674,5672,5673,1159,950519,950458
2023-06-07 22:21:00.000000000,1686147660000000000,5673,5675,5671,5672,1694,950458,950514
2023-06-07 22:22:00.000000000,1686147720000000000,5672,5674,5669,5670,2112,950514,950793
2023-06-07 22:23:00.000000000,1686147780000000000,5670,5670,5665,5666,3834,950793,950027
2023-06-07 22:24:00.000000000,1686147840000000000,5666,5669,5666,5668,2122,950027,950068
2023-06-07 22:25:00.000000000,1686147900000000000,5668,5670,5663,5664,2385,950068,950146
2023-06-07 22:26:00.000000000,1686147960000000000,5664,5668,5664,5667,3022,950146,950707
2023-06-07 22:27:00.000000000,1686148020000000000,5667,5667,5661,5663,3731,950707,951229
2023-06-07 22:28:00.000000000,1686148080000000000,5663,5665,5662,5664,1381,951229,950948
2023-06-07 22:29:00.000000000,1686148140000000000,5664,5666,5663,5665,1505,950948,951123
2023-06-07 22:30:00.000000000,1686148200000000000,5665,5666,5663,5665,1358,951123,951222
2023-06-07 22:31:00.000000000,1686148260000000000,5665,5666,5662,5663,1748,951222,951551
2023-06-07 22:32:00.000000000,1686148320000000000,5663,5664,5653,5654,7694,951551,952301
2023-06-07 22:33:00.000000000,1686148380000000000,5654,5659,5654,5657,3046,952301,952609
2023-06-07 22:34:00.000000000,1686148440000000000,5657,5660,5656,5660,1431,952609,952568
2023-06-07 22:35:00.000000000,1686148500000000000,5660,5661,5657,5658,1834,952568,952581
2023-06-07 22:36:00.000000000,1686148560000000000,5658,5659,5656,5659,1336,952581,952694
2023-06-07 22:37:00.000000000,1686148620000000000,5659,5660,5656,5657,832,952694,952605
2023-06-07 22:38:00.000000000,1686148680000000000,5657,5659,5656,5657,1158,952605,952705
2023-06-07 22:39:00.000000000,1686148740000000000,5657,5658,5654,5656,2237,952705,953034
2023-06-07 22:40:00.000000000,1686148800000000000,5656,5657,5653,5655,2566,953034,953352
2023-06-07 22:41:00.000000000,1686148860000000000,5655,5659,5653,5659,1567,953352,953602
2023-06-07 22:42:00.000000000,1686148920000000000,5659,5660,5658,5659,2692,953602,953206
2023-06-07 22:43:00.000000000,1686148980000000000,5659,5659,5653,5653,2010,953206,953164
2023-06-07 22:44:00.000000000,1686149040000000000,5653,5657,5653,5657,1951,953164,953648
2023-06-07 22:45:00.000000000,1686149100000000000,5657,5659,5655,5657,1314,953648,953664
2023-06-07 22:46:00.000000000,1686149160000000000,5657,5658,5655,5657,728,953664,953742
2023-06-07 22:47:00.000000000,1686149220000000000,5657,5658,5653,5658,1530,953742,954008
2023-06-07 22:48:00.000000000,1686149280000000000,5658,5658,5656,5657,493,954008,954026
2023-06-07 22:49:00.000000000,1686149340000000000,5657,5658,5655,5657,963,954026,953790
2023-06-07 22:50:00.000000000,1686149400000000000,5657,5660,5656,5659,4622,953790,953942
2023-06-07 22:51:00.000000000,1686149460000000000,5659,5659,5655,5656,1491,953942,953877
2023-06-07 22:52:00.000000000,1686149520000000000,5656,5658,5655,5657,1465,953877,953820
2023-06-07 22:53:00.000000000,1686149580000000000,5657,5658,5655,5657,874,953820,953677
2023-06-07 22:54:00.000000000,1686149640000000000,5657,5658,5655,5658,697,953677,953684
2023-06-07 22:55:00.000000000,1686149700000000000,5658,5658,5655,5657,859,953684,953622
2023-06-07 22:56:00.000000000,1686149760000000000,5657,5658,5657,5657,868,953622,953384
2023-06-07 22:57:00.000000000,1686149820000000000,5657,5658,5656,5657,1219,953384,952820
2023-06-07 22:58:00.000000000,1686149880000000000,5657,5658,5655,5657,1646,952820,952771
2023-06-07 22:59:00.000000000,1686149940000000000,5657,5658,5655,5657,2881,952771,951432
2023-06-08 09:00:00.000000000,1686186000000000000,5658,5665,5658,5660,6601,951432,952414
2023-06-08 09:01:00.000000000,1686186060000000000,5660,5668,5660,5666,4669,952414,951445
2023-06-08 09:02:00.000000000,1686186120000000000,5666,5668,5663,5667,2278,951445,951576
2023-06-08 09:03:00.000000000,1686186180000000000,5667,5670,5667,5667,3269,951576,951349
2023-06-08 09:04:00.000000000,1686186240000000000,5667,5670,5665,5669,2695,951349,950764
2023-06-08 09:05:00.000000000,1686186300000000000,5669,5672,5665,5665,2794,950764,950473
2023-06-08 09:06:00.000000000,1686186360000000000,5665,5670,5665,5669,2316,950473,950683
2023-06-08 09:07:00.000000000,1686186420000000000,5669,5675,5669,5671,3902,950683,950352
2023-06-08 09:08:00.000000000,1686186480000000000,5671,5675,5671,5674,2254,950352,950387
2023-06-08 09:09:00.000000000,1686186540000000000,5674,5676,5672,5673,3001,950387,950262
2023-06-08 09:10:00.000000000,1686186600000000000,5673,5680,5673,5678,6625,950262,949409
2023-06-08 09:11:00.000000000,1686186660000000000,5678,5680,5675,5677,2812,949409,949134
2023-06-08 09:12:00.000000000,1686186720000000000,5677,5680,5677,5679,3393,949134,948791
2023-06-08 09:13:00.000000000,1686186780000000000,5679,5682,5679,5681,4142,948791,947946
2023-06-08 09:14:00.000000000,1686186840000000000,5681,5683,5677,5679,3651,947946,947989
2023-06-08 09:15:00.000000000,1686186900000000000,5679,5679,5674,5676,3896,947989,948255
2023-06-08 09:16:00.000000000,1686186960000000000,5676,5677,5673,5673,2996,948255,948707
2023-06-08 09:17:00.000000000,1686187020000000000,5673,5675,5673,5674,1678,948707,948872
2023-06-08 09:18:00.000000000,1686187080000000000,5674,5674,5670,5672,2608,948872,948816
2023-06-08 09:19:00.000000000,1686187140000000000,5672,5674,5671,5671,1557,948816,949110
2023-06-08 09:20:00.000000000,1686187200000000000,5671,5676,5671,5675,2729,949110,949066
2023-06-08 09:21:00.000000000,1686187260000000000,5675,5678,5675,5676,1817,949066,948705
2023-06-08 09:22:00.000000000,1686187320000000000,5676,5679,5675,5679,1614,948705,948822
2023-06-08 09:23:00.000000000,1686187380000000000,5679,5680,5676,5679,1567,948822,948728
2023-06-08 09:24:00.000000000,1686187440000000000,5679,5682,5679,5680,2457,948728,948641
2023-06-08 09:25:00.000000000,1686187500000000000,5680,5689,5680,5687,7021,948641,947489
2023-06-08 09:26:00.000000000,1686187560000000000,5687,5689,5686,5688,3229,947489,946804
2023-06-08 09:27:00.000000000,1686187620000000000,5688,5690,5687,5687,2890,946804,947216
2023-06-08 09:28:00.000000000,1686187680000000000,5687,5690,5687,5689,2328,947216,947144
2023-06-08 09:29:00.000000000,1686187740000000000,5689,5690,5685,5688,3778,947144,946879
2023-06-08 09:30:00.000000000,1686187800000000000,5688,5689,5682,5685,3178,946879,946237
2023-06-08 09:31:00.000000000,1686187860000000000,5685,5687,5682,5686,2009,946237,946415
2023-06-08 09:32:00.000000000,1686187920000000000,5686,5693,5686,5690,3630,946415,946144
2023-06-08 09:33:00.000000000,1686187980000000000,5690,5690,5686,5689,2647,946144,946299
2023-06-08 09:34:00.000000000,1686188040000000000,5689,5691,5686,5689,2437,946299,946040
2023-06-08 09:35:00.000000000,1686188100000000000,5689,5690,5684,5686,2331,946040,945729
2023-06-08 09:36:00.000000000,1686188160000000000,5686,5687,5682,5684,1753,945729,945621
2023-06-08 09:37:00.000000000,1686188220000000000,5684,5688,5684,5686,1445,945621,945275
2023-06-08 09:38:00.000000000,1686188280000000000,5686,5689,5684,5684,1915,945275,945170
2023-06-08 09:39:00.000000000,1686188340000000000,5684,5685,5680,5681,2786,945170,945128
2023-06-08 09:40:00.000000000,1686188400000000000,5681,5682,5677,5679,3451,945128,945629
2023-06-08 09:41:00.000000000,1686188460000000000,5679,5682,5678,5682,1440,945629,945593
2023-06-08 09:42:00.000000000,1686188520000000000,5682,5682,5677,5678,2092,945593,945706
2023-06-08 09:43:00.000000000,1686188580000000000,5678,5679,5676,5678,1761,945706,945609
2023-06-08 09:44:00.000000000,1686188640000000000,5678,5679,5677,5677,1063,945609,945500
2023-06-08 09:45:00.000000000,1686188700000000000,5677,5681,5677,5678,1687,945500,945696
2023-06-08 09:46:00.000000000,1686188760000000000,5678,5678,5674,5676,3054,945696,945779
2023-06-08 09:47:00.000000000,1686188820000000000,5676,5678,5675,5675,1923,945779,945741
2023-06-08 09:48:00.000000000,1686188880000000000,5675,5675,5671,5673,3729,945741,945724
2023-06-08 09:49:00.000000000,1686188940000000000,5673,5674,5669,5670,4155,945724,945647
2023-06-08 09:50:00.000000000,1686189000000000000,5670,5672,5668,5670,3118,945647,945734
2023-06-08 09:51:00.000000000,1686189060000000000,5670,5673,5668,5672,2699,945734,946098
2023-06-08 09:52:00.000000000,1686189120000000000,5672,5674,5672,5674,1277,946098,946205
2023-06-08 09:53:00.000000000,1686189180000000000,5674,5675,5673,5674,1482,946205,946122
2023-06-08 09:54:00.000000000,1686189240000000000,5674,5675,5673,5674,688,946122,946232
2023-06-08 09:55:00.000000000,1686189300000000000,5674,5677,5674,5674,1919,946232,946465
2023-06-08 09:56:00.000000000,1686189360000000000,5674,5676,5673,5675,791,946465,946462
2023-06-08 09:57:00.000000000,1686189420000000000,5675,5677,5673,5674,1199,946462,946753
2023-06-08 09:58:00.000000000,1686189480000000000,5674,5674,5669,5670,2032,946753,947066
2023-06-08 09:59:00.000000000,1686189540000000000,5670,5671,5669,5670,1120,947066,947328
2023-06-08 10:00:00.000000000,1686189600000000000,5670,5672,5669,5670,1678,947328,947430
2023-06-08 10:01:00.000000000,1686189660000000000,5670,5671,5668,5668,1017,947430,947526
2023-06-08 10:02:00.000000000,1686189720000000000,5668,5675,5668,5673,1893,947526,947567
2023-06-08 10:03:00.000000000,1686189780000000000,5673,5677,5673,5677,2012,947567,948066
2023-06-08 10:04:00.000000000,1686189840000000000,5677,5681,5676,5678,3862,948066,948755
2023-06-08 10:05:00.000000000,1686189900000000000,5678,5679,5674,5674,1284,948755,948819
2023-06-08 10:06:00.000000000,1686189960000000000,5674,5676,5674,5674,787,948819,948704
2023-06-08 10:07:00.000000000,1686190020000000000,5674,5681,5674,5679,2800,948704,948396
2023-06-08 10:08:00.000000000,1686190080000000000,5679,5680,5678,5680,1248,948396,948114
2023-06-08 10:09:00.000000000,1686190140000000000,5680,5682,5678,5680,1709,948114,947961
2023-06-08 10:10:00.000000000,1686190200000000000,5680,5680,5675,5675,1542,947961,948189
2023-06-08 10:11:00.000000000,1686190260000000000,5675,5677,5672,5674,2105,948189,947983
2023-06-08 10:12:00.000000000,1686190320000000000,5674,5678,5674,5677,1019,947983,947958
2023-06-08 10:13:00.000000000,1686190380000000000,5677,5680,5676,5679,2987,947958,947871
2023-06-08 10:14:00.000000000,1686190440000000000,5679,5681,5676,5677,1426,947871,947758
2023-06-08 10:30:00.000000000,1686191400000000000,5675,5678,5670,5672,4522,947758,948458
2023-06-08 10:31:00.000000000,1686191460000000000,5672,5672,5656,5662,10804,948458,949241
2023-06-08 10:32:00.000000000,1686191520000000000,5662,5665,5661,5661,2660,949241,949483
2023-06-08 10:33:00.000000000,1686191580000000000,5661,5665,5659,5659,3327,949483,950148
2023-06-08 10:34:00.000000000,1686191640000000000,5659,5661,5657,5660,3245,950148,950697
2023-06-08 10:35:00.000000000,1686191700000000000,5660,5664,5660,5662,2065,950697,951184
2023-06-08 10:36:00.000000000,1686191760000000000,5662,5663,5660,5663,1164,951184,951160
2023-06-08 10:37:00.000000000,1686191820000000000,5663,5663,5661,5662,1454,951160,951646
2023-06-08 10:38:00.000000000,1686191880000000000,5662,5663,5659,5659,1506,951646,952078
2023-06-08 10:39:00.000000000,1686191940000000000,5659,5661,5658,5660,1596,952078,952292
2023-06-08 10:40:00.000000000,1686192000000000000,5660,5660,5656,5656,2002,952292,952766
2023-06-08 10:41:00.000000000,1686192060000000000,5656,5658,5655,5656,1877,952766,953053
2023-06-08 10:42:00.000000000,1686192120000000000,5656,5658,5656,5657,1623,953053,953548
2023-06-08 10:43:00.000000000,1686192180000000000,5657,5660,5655,5659,1725,953548,953600
2023-06-08 10:44:00.000000000,1686192240000000000,5659,5659,5656,5657,1531,953600,954011
2023-06-08 10:45:00.000000000,1686192300000000000,5657,5663,5656,5660,2648,954011,954131
2023-06-08 10:46:00.000000000,1686192360000000000,5660,5661,5659,5659,628,954131,954304
2023-06-08 10:47:00.000000000,1686192420000000000,5659,5659,5656,5658,1169,954304,954620
2023-06-08 10:48:00.000000000,1686192480000000000,5658,5663,5656,5662,2477,954620,954880
2023-06-08 10:49:00.000000000,1686192540000000000,5662,5664,5660,5661,1493,954880,954821
2023-06-08 10:50:00.000000000,1686192600000000000,5661,5668,5661,5665,3206,954821,954826
2023-06-08 10:51:00.000000000,1686192660000000000,5665,5665,5662,5662,1196,954826,955177
2023-06-08 10:52:00.000000000,1686192720000000000,5662,5663,5657,5657,1897,955177,955333
2023-06-08 10:53:00.000000000,1686192780000000000,5657,5658,5649,5651,7690,955333,956712
2023-06-08 10:54:00.000000000,1686192840000000000,5651,5653,5647,5653,4083,956712,956213
2023-06-08 10:55:00.000000000,1686192900000000000,5653,5653,5649,5653,1837,956213,956593
2023-06-08 10:56:00.000000000,1686192960000000000,5653,5654,5651,5652,1381,956593,956759
2023-06-08 10:57:00.000000000,1686193020000000000,5652,5657,5652,5657,2695,956759,956648
2023-06-08 10:58:00.000000000,1686193080000000000,5657,5660,5655,5657,1906,956648,956140
2023-06-08 10:59:00.000000000,1686193140000000000,5657,5659,5656,5657,1057,956140,956132
2023-06-08 11:00:00.000000000,1686193200000000000,5657,5660,5656,5658,1598,956132,956292
2023-06-08 11:01:00.000000000,1686193260000000000,5658,5660,5655,5657,1965,956292,955940
2023-06-08 11:02:00.000000000,1686193320000000000,5657,5657,5654,5654,2193,955940,956107
2023-06-08 11:03:00.000000000,1686193380000000000,5654,5658,5653,5655,2291,956107,956300
2023-06-08 11:04:00.000000000,1686193440000000000,5655,5655,5653,5654,828,956300,956461
2023-06-08 11:05:00.000000000,1686193500000000000,5654,5659,5652,5659,1121,956461,956340
2023-06-08 11:06:00.000000000,1686193560000000000,5659,5661,5656,5657,1744,956340,956286
2023-06-08 11:07:00.000000000,1686193620000000000,5657,5658,5654,5657,1005,956286,956389
2023-06-08 11:08:00.000000000,1686193680000000000,5657,5657,5654,5656,2022,956389,956530
2023-06-08 11:09:00.000000000,1686193740000000000,5656,5657,5654,5654,505,956530,956579
2023-06-08 11:10:00.000000000,1686193800000000000,5654,5662,5654,5660,1517,956579,956537
2023-06-08 11:11:00.000000000,1686193860000000000,5660,5661,5656,5657,1069,956537,956645
2023-06-08 11:12:00.000000000,1686193920000000000,5657,5659,5656,5658,991,956645,956603
2023-06-08 11:13:00.000000000,1686193980000000000,5658,5659,5657,5659,670,956603,956504
2023-06-08 11:14:00.000000000,1686194040000000000,5659,5661,5658,5659,988,956504,956416
2023-06-08 11:15:00.000000000,1686194100000000000,5659,5661,5658,5659,1563,956416,956511
2023-06-08 11:16:00.000000000,1686194160000000000,5659,5660,5657,5659,1207,956511,956348
2023-06-08 11:17:00.000000000,1686194220000000000,5659,5662,5657,5661,1199,956348,956168
2023-06-08 11:18:00.000000000,1686194280000000000,5661,5665,5659,5664,2006,956168,955481
2023-06-08 11:19:00.000000000,1686194340000000000,5664,5665,5662,5663,943,955481,955408
2023-06-08 11:20:00.000000000,1686194400000000000,5663,5666,5663,5666,1837,955408,955134
2023-06-08 11:21:00.000000000,1686194460000000000,5666,5670,5666,5669,2483,955134,954573
2023-06-08 11:22:00.000000000,1686194520000000000,5669,5669,5666,5667,1490,954573,954093
2023-06-08 11:23:00.000000000,1686194580000000000,5667,5668,5658,5658,2743,954093,954255
2023-06-08 11:24:00.000000000,1686194640000000000,5658,5658,5651,5652,4119,954255,954927
2023-06-08 11:25:00.000000000,1686194700000000000,5652,5654,5647,5649,4843,954927,956618
2023-06-08 11:26:00.000000000,1686194760000000000,5649,5651,5648,5649,1669,956618,956584
2023-06-08 11:27:00.000000000,1686194820000000000,5649,5651,5647,5650,2171,956584,956610
2023-06-08 11:28:00.000000000,1686194880000000000,5650,5651,5647,5649,1597,956610,956485
2023-06-08 11:29:00.000000000,1686194940000000000,5649,5650,5647,5648,2069,956485,956330
2023-06-08 13:30:00.000000000,1686202200000000000,5650,5655,5649,5655,5739,956330,956461
2023-06-08 13:31:00.000000000,1686202260000000000,5655,5657,5650,5652,4047,956461,956426
2023-06-08 13:32:00.000000000,1686202320000000000,5652,5657,5651,5656,2095,956426,956355
2023-06-08 13:33:00.000000000,1686202380000000000,5656,5658,5654,5657,2218,956355,956146
2023-06-08 13:34:00.000000000,1686202440000000000,5657,5660,5656,5659,1552,956146,955980
2023-06-08 13:35:00.000000000,1686202500000000000,5659,5660,5655,5659,1647,955980,956280
2023-06-08 13:36:00.000000000,1686202560000000000,5659,5666,5659,5664,3656,956280,955574
2023-06-08 13:37:00.000000000,1686202620000000000,5664,5669,5664,5666,3154,955574,954726
2023-06-08 13:38:00.000000000,1686202680000000000,5666,5667,5661,5664,2407,954726,954953
2023-06-08 13:39:00.000000000,1686202740000000000,5664,5664,5660,5661,2385,954953,955423
2023-06-08 13:40:00.000000000,1686202800000000000,5661,5662,5658,5660,1214,955423,955593
2023-06-08 13:41:00.000000000,1686202860000000000,5660,5662,5660,5661,539,955593,955559
2023-06-08 13:42:00.000000000,1686202920000000000,5661,5662,5659,5659,495,955559,955628
2023-06-08 13:43:00.000000000,1686202980000000000,5659,5659,5656,5658,1575,955628,955613
2023-06-08 13:44:00.000000000,1686203040000000000,5658,5658,5653,5654,2587,955613,955836
2023-06-08 13:45:00.000000000,1686203100000000000,5654,5657,5652,5654,2043,955836,956005
2023-06-08 13:46:00.000000000,1686203160000000000,5654,5654,5652,5653,2335,956005,956724
2023-06-08 13:47:00.000000000,1686203220000000000,5653,5655,5651,5652,1671,956724,957066
2023-06-08 13:48:00.000000000,1686203280000000000,5652,5652,5648,5650,4154,957066,958092
2023-06-08 13:49:00.000000000,1686203340000000000,5650,5653,5647,5647,2847,958092,959032
2023-06-08 13:50:00.000000000,1686203400000000000,5647,5652,5646,5651,3272,959032,959858
2023-06-08 13:51:00.000000000,1686203460000000000,5651,5655,5651,5651,1587,959858,959789
2023-06-08 13:52:00.000000000,1686203520000000000,5651,5652,5649,5649,942,959789,959816
2023-06-08 13:53:00.000000000,1686203580000000000,5649,5652,5649,5652,1055,959816,960248
2023-06-08 13:54:00.000000000,1686203640000000000,5652,5655,5651,5654,1001,960248,960212
2023-06-08 13:55:00.000000000,1686203700000000000,5654,5655,5648,5651,2195,960212,960829
2023-06-08 13:56:00.000000000,1686203760000000000,5651,5653,5651,5651,983,960829,961102
2023-06-08 13:57:00.000000000,1686203820000000000,5651,5654,5650,5650,1567,961102,961233
2023-06-08 13:58:00.000000000,1686203880000000000,5650,5650,5648,5649,1446,961233,961305
2023-06-08 13:59:00.000000000,1686203940000000000,5649,5654,5649,5654,1655,961305,961235
2023-06-08 14:00:00.000000000,1686204000000000000,5654,5654,5652,5652,1322,961235,961273
2023-06-08 14:01:00.000000000,1686204060000000000,5652,5652,5641,5642,5922,961273,962220
2023-06-08 14:02:00.000000000,1686204120000000000,5642,5645,5642,5643,2106,962220,962438
2023-06-08 14:03:00.000000000,1686204180000000000,5643,5647,5643,5647,1929,962438,962905
2023-06-08 14:04:00.000000000,1686204240000000000,5647,5648,5645,5648,991,962905,962769
2023-06-08 14:05:00.000000000,1686204300000000000,5648,5649,5646,5646,1854,962769,962646
2023-06-08 14:06:00.000000000,1686204360000000000,5646,5651,5646,5648,1595,962646,962450
2023-06-08 14:07:00.000000000,1686204420000000000,5648,5651,5647,5650,1482,962450,962738
2023-06-08 14:08:00.000000000,1686204480000000000,5650,5652,5649,5649,1439,962738,962617
2023-06-08 14:09:00.000000000,1686204540000000000,5649,5650,5645,5645,1031,962617,962772
2023-06-08 14:10:00.000000000,1686204600000000000,5645,5646,5644,5646,915,962772,962932
2023-06-08 14:11:00.000000000,1686204660000000000,5646,5649,5646,5647,1559,962932,963221
2023-06-08 14:12:00.000000000,1686204720000000000,5647,5650,5647,5650,829,963221,963190
2023-06-08 14:13:00.000000000,1686204780000000000,5650,5653,5647,5652,1489,963190,963063
2023-06-08 14:14:00.000000000,1686204840000000000,5652,5652,5650,5650,1006,963063,963077
2023-06-08 14:15:00.000000000,1686204900000000000,5650,5653,5649,5653,1648,963077,963268
2023-06-08 14:16:00.000000000,1686204960000000000,5653,5655,5650,5654,1599,963268,962605
2023-06-08 14:17:00.000000000,1686205020000000000,5654,5655,5653,5653,904,962605,962330
2023-06-08 14:18:00.000000000,1686205080000000000,5653,5658,5651,5658,3384,962330,961548
2023-06-08 14:19:00.000000000,1686205140000000000,5658,5658,5655,5656,981,961548,961377
2023-06-08 14:20:00.000000000,1686205200000000000,5656,5656,5653,5654,1133,961377,961359
2023-06-08 14:21:00.000000000,1686205260000000000,5654,5654,5653,5653,801,961359,961433
2023-06-08 14:22:00.000000000,1686205320000000000,5653,5657,5653,5655,1138,961433,961243
2023-06-08 14:23:00.000000000,1686205380000000000,5655,5657,5655,5657,564,961243,961151
2023-06-08 14:24:00.000000000,1686205440000000000,5657,5657,5655,5656,1018,961151,960977
2023-06-08 14:25:00.000000000,1686205500000000000,5656,5657,5653,5653,1624,960977,961065
2023-06-08 14:26:00.000000000,1686205560000000000,5653,5655,5652,5654,1436,961065,961269
2023-06-08 14:27:00.000000000,1686205620000000000,5654,5658,5654,5656,1606,961269,960877
2023-06-08 14:28:00.000000000,1686205680000000000,5656,5657,5655,5655,505,960877,960831
2023-06-08 14:29:00.000000000,1686205740000000000,5655,5658,5655,5657,1037,960831,960751
2023-06-08 14:30:00.000000000,1686205800000000000,5657,5662,5657,5658,4108,960751,961291
2023-06-08 14:31:00.000000000,1686205860000000000,5658,5659,5656,5656,817,961291,961360
2023-06-08 14:32:00.000000000,1686205920000000000,5656,5658,5653,5655,1833,961360,961615
2023-06-08 14:33:00.000000000,1686205980000000000,5655,5657,5653,5655,778,961615,961707
2023-06-08 14:34:00.000000000,1686206040000000000,5655,5657,5654,5657,542,961707,961700
2023-06-08 14:35:00.000000000,1686206100000000000,5657,5658,5654,5656,1332,961700,961903
2023-06-08 14:36:00.000000000,1686206160000000000,5656,5656,5652,5655,1311,961903,961679
2023-06-08 14:37:00.000000000,1686206220000000000,5655,5656,5653,5654,661,961679,961720
2023-06-08 14:38:00.000000000,1686206280000000000,5654,5656,5654,5654,517,961720,961716
2023-06-08 14:39:00.000000000,1686206340000000000,5654,5659,5654,5658,2182,961716,961453
2023-06-08 14:40:00.000000000,1686206400000000000,5658,5660,5657,5659,1643,961453,961092
2023-06-08 14:41:00.000000000,1686206460000000000,5659,5661,5657,5659,1108,961092,961017
2023-06-08 14:42:00.000000000,1686206520000000000,5659,5662,5659,5661,1600,961017,960825
2023-06-08 14:43:00.000000000,1686206580000000000,5661,5662,5660,5661,1459,960825,960528
2023-06-08 14:44:00.000000000,1686206640000000000,5661,5664,5660,5661,2415,960528,959957
2023-06-08 14:45:00.000000000,1686206700000000000,5661,5661,5659,5659,1038,959957,959909
2023-06-08 14:46:00.000000000,1686206760000000000,5659,5660,5658,5660,737,959909,959779
2023-06-08 14:47:00.000000000,1686206820000000000,5660,5662,5659,5660,1210,959779,959703
2023-06-08 14:48:00.000000000,1686206880000000000,5660,5662,5660,5661,977,959703,959504
2023-06-08 14:49:00.000000000,1686206940000000000,5661,5661,5657,5658,1784,959504,959217
2023-06-08 14:50:00.000000000,1686207000000000000,5658,5658,5656,5657,1263,959217,959214
2023-06-08 14:51:00.000000000,1686207060000000000,5657,5658,5655,5657,1578,959214,959019
2023-06-08 14:52:00.000000000,1686207120000000000,5657,5657,5654,5655,1176,959019,958926
2023-06-08 14:53:00.000000000,1686207180000000000,5655,5656,5653,5655,1648,958926,958675
2023-06-08 14:54:00.000000000,1686207240000000000,5655,5655,5653,5654,1668,958675,958581
2023-06-08 14:55:00.000000000,1686207300000000000,5654,5656,5654,5656,1068,958581,958289
2023-06-08 14:56:00.000000000,1686207360000000000,5656,5657,5655,5655,1728,958289,957637
2023-06-08 14:57:00.000000000,1686207420000000000,5655,5659,5655,5656,2110,957637,956479
2023-06-08 14:58:00.000000000,1686207480000000000,5656,5658,5656,5657,2201,956479,956116
2023-06-08 14:59:00.000000000,1686207540000000000,5657,5659,5657,5658,3291,956116,955004
2023-06-08 21:00:00.000000000,1686229200000000000,5658,5673,5653,5672,15038,955004,955960
2023-06-08 21:01:00.000000000,1686229260000000000,5672,5672,5668,5669,4703,955960,956108
2023-06-08 21:02:00.000000000,1686229320000000000,5669,5671,5666,5667,4855,956108,956804
2023-06-08 21:03:00.000000000,1686229380000000000,5667,5672,5665,5671,5258,956804,956732
2023-06-08 21:04:00.000000000,1686229440000000000,5671,5675,5670,5671,4283,956732,955917
2023-06-08 21:05:00.000000000,1686229500000000000,5671,5672,5664,5665,4958,955917,956309
2023-06-08 21:06:00.000000000,1686229560000000000,5665,5667,5659,5660,5314,956309,957763
2023-06-08 21:07:00.000000000,1686229620000000000,5660,5663,5660,5662,3956,957763,958503
2023-06-08 21:08:00.000000000,1686229680000000000,5662,5666,5659,5660,2651,958503,958866
2023-06-08 21:09:00.000000000,1686229740000000000,5660,5663,5660,5661,1953,958866,959087
2023-06-08 21:10:00.000000000,1686229800000000000,5661,5662,5657,5659,3221,959087,959198
2023-06-08 21:11:00.000000000,1686229860000000000,5659,5661,5658,5661,2027,959198,959646
2023-06-08 21:12:00.000000000,1686229920000000000,5661,5669,5660,5668,3316,959646,959899
2023-06-08 21:13:00.000000000,1686229980000000000,5668,5669,5666,5666,2036,959899,959769
2023-06-08 21:14:00.000000000,1686230040000000000,5666,5668,5666,5667,1031,959769,959692
2023-06-08 21:15:00.000000000,1686230100000000000,5667,5667,5663,5663,1642,959692,959699
2023-06-08 21:16:00.000000000,1686230160000000000,5663,5668,5662,5668,2288,959699,960207
2023-06-08 21:17:00.000000000,1686230220000000000,5668,5669,5665,5667,1667,960207,960331
2023-06-08 21:18:00.000000000,1686230280000000000,5667,5669,5665,5666,1575,960331,960190
2023-06-08 21:19:00.000000000,1686230340000000000,5666,5667,5661,5662,2581,960190,960790
2023-06-08 21:20:00.000000000,1686230400000000000,5662,5665,5661,5663,1416,960790,961138
2023-06-08 21:21:00.000000000,1686230460000000000,5663,5665,5661,5662,1297,961138,961456
2023-06-08 21:22:00.000000000,1686230520000000000,5662,5665,5662,5664,727,961456,961403
2023-06-08 21:23:00.000000000,1686230580000000000,5664,5665,5663,5665,582,961403,961463
2023-06-08 21:24:00.000000000,1686230640000000000,5665,5669,5665,5666,2129,961463,961199
2023-06-08 21:25:00.000000000,1686230700000000000,5666,5670,5666,5667,2507,961199,961181
2023-06-08 21:26:00.000000000,1686230760000000000,5667,5671,5667,5671,1519,961181,961333
2023-06-08 21:27:00.000000000,1686230820000000000,5671,5673,5670,5670,2204,961333,961370
2023-06-08 21:28:00.000000000,1686230880000000000,5670,5671,5668,5669,1593,961370,961772
2023-06-08 21:29:00.000000000,1686230940000000000,5669,5669,5666,5667,1304,961772,961805
2023-06-08 21:30:00.000000000,1686231000000000000,5667,5673,5667,5672,2380,961805,961423
2023-06-08 21:31:00.000000000,1686231060000000000,5672,5675,5671,5672,4793,961423,961160
2023-06-08 21:32:00.000000000,1686231120000000000,5672,5674,5671,5674,2024,961160,961418
2023-06-08 21:33:00.000000000,1686231180000000000,5674,5675,5667,5668,3176,961418,961553
2023-06-08 21:34:00.000000000,1686231240000000000,5668,5671,5668,5669,1255,961553,961554
2023-06-08 21:35:00.000000000,1686231300000000000,5669,5670,5667,5668,1783,961554,961642
2023-06-08 21:36:00.000000000,1686231360000000000,5668,5671,5667,5669,3104,961642,961179
2023-06-08 21:37:00.000000000,1686231420000000000,5669,5670,5667,5669,2259,961179,960981
2023-06-08 21:38:00.000000000,1686231480000000000,5669,5673,5669,5671,1914,960981,960449
2023-06-08 21:39:00.000000000,1686231540000000000,5671,5672,5670,5670,975,960449,960690
2023-06-08 21:40:00.000000000,1686231600000000000,5670,5671,5668,5668,2412,960690,960088
2023-06-08 21:41:00.000000000,1686231660000000000,5668,5672,5668,5672,1628,960088,960174
2023-06-08 21:42:00.000000000,1686231720000000000,5672,5673,5670,5671,1521,960174,960222
2023-06-08 21:43:00.000000000,1686231780000000000,5671,5672,5670,5670,1589,960222,959897
2023-06-08 21:44:00.000000000,1686231840000000000,5670,5670,5667,5668,2718,959897,959664
2023-06-08 21:45:00.000000000,1686231900000000000,5668,5668,5665,5666,3562,959664,958603
2023-06-08 21:46:00.000000000,1686231960000000000,5666,5669,5665,5665,1891,958603,958622
2023-06-08 21:47:00.000000000,1686232020000000000,5665,5666,5660,5661,4726,958622,957868
2023-06-08 21:48:00.000000000,1686232080000000000,5661,5662,5660,5661,1931,957868,958055
2023-06-08 21:49:00.000000000,1686232140000000000,5661,5665,5660,5665,2212,958055,958018
2023-06-08 21:50:00.000000000,1686232200000000000,5665,5665,5661,5662,2108,958018,958855
2023-06-08 21:51:00.000000000,1686232260000000000,5662,5664,5660,5661,1596,958855,958915
2023-06-08 21:52:00.000000000,1686232320000000000,5661,5664,5661,5664,1490,958915,959007
2023-06-08 21:53:00.000000000,1686232380000000000,5664,5665,5662,5663,1814,959007,959048
2023-06-08 21:54:00.000000000,1686232440000000000,5663,5664,5662,5662,893,959048,959257
2023-06-08 21:55:00.000000000,1686232500000000000,5662,5665,5662,5663,1002,959257,959211
2023-06-08 21:56:00.000000000,1686232560000000000,5663,5665,5662,5663,579,959211,959202
2023-06-08 21:57:00.000000000,1686232620000000000,5663,5664,5662,5663,742,959202,959433
2023-06-08 21:58:00.000000000,1686232680000000000,5663,5663,5660,5660,1720,959433,960102
2023-06-08 21:59:00.000000000,1686232740000000000,5660,5662,5659,5661,2071,960102,960880
2023-06-08 22:00:00.000000000,1686232800000000000,5661,5664,5660,5664,2041,960880,961388
2023-06-08 22:01:00.000000000,1686232860000000000,5664,5665,5663,5663,1515,961388,961178
2023-06-08 22:02:00.000000000,1686232920000000000,5663,5664,5661,5661,1111,961178,961455
2023-06-08 22:03:00.000000000,1686232980000000000,5661,5668,5661,5667,4778,961455,962006
2023-06-08 22:04:00.000000000,1686233040000000000,5667,5668,5665,5667,1332,962006,962245
2023-06-08 22:05:00.000000000,1686233100000000000,5667,5671,5667,5671,2149,962245,961515
2023-06-08 22:06:00.000000000,1686233160000000000,5671,5671,5669,5669,1293,961515,961338
2023-06-08 22:07:00.000000000,1686233220000000000,5669,5670,5666,5667,1574,961338,961230
2023-06-08 22:08:00.000000000,1686233280000000000,5667,5670,5666,5668,1729,961230,961115
2023-06-08 22:09:00.000000000,1686233340000000000,5668,5671,5667,5670,1899,961115,961205
2023-06-08 22:10:00.000000000,1686233400000000000,5670,5671,5668,5670,875,961205,961348
2023-06-08 22:11:00.000000000,1686233460000000000,5670,5673,5670,5673,2005,961348,961092
2023-06-08 22:12:00.000000000,1686233520000000000,5673,5675,5671,5672,2414,961092,961037
2023-06-08 22:13:00.000000000,1686233580000000000,5672,5673,5670,5671,1236,961037,960886
2023-06-08 22:14:00.000000000,1686233640000000000,5671,5673,5671,5673,1243,960886,960916
2023-06-08 22:15:00.000000000,1686233700000000000,5673,5677,5673,5677,2763,960916,960751
2023-06-08 22:16:00.000000000,1686233760000000000,5677,5677,5671,5672,2468,960751,960442
2023-06-08 22:17:00.000000000,1686233820000000000,5672,5672,5669,5670,1822,960442,960482
2023-06-08 22:18:00.000000000,1686233880000000000,5670,5672,5668,5668,1127,960482,960298
2023-06-08 22:19:00.000000000,1686233940000000000,5668,5671,5668,5670,644,960298,960239
2023-06-08 22:20:00.000000000,1686234000000000000,5670,5671,5669,5670,505,960239,960308
2023-06-08 22:21:00.000000000,1686234060000000000,5670,5671,5668,5670,988,960308,960393
2023-06-08 22:22:00.000000000,1686234120000000000,5670,5671,5667,5668,2197,960393,960401
2023-06-08 22:23:00.000000000,1686234180000000000,5668,5670,5667,5670,1052,960401,960463
2023-06-08 22:24:00.000000000,1686234240000000000,5670,5670,5667,5668,443,960463,960602
2023-06-08 22:25:00.000000000,1686234300000000000,5668,5669,5667,5668,769,960602,960419
2023-06-08 22:26:00.000000000,1686234360000000000,5668,5670,5668,5669,596,960419,960326
2023-06-08 22:27:00.000000000,1686234420000000000,5669,5669,5667,5667,1720,960326,960763
2023-06-08 22:28:00.000000000,1686234480000000000,5667,5670,5667,5669,1481,960763,960310
2023-06-08 22:29:00.000000000,1686234540000000000,5669,5671,5668,5670,911,960310,960284
2023-06-08 22:30:00.000000000,1686234600000000000,5670,5673,5670,5670,2105,960284,959793
2023-06-08 22:31:00.000000000,1686234660000000000,5670,5673,5670,5672,2509,959793,960278
2023-06-08 22:32:00.000000000,1686234720000000000,5672,5672,5668,5669,3221,960278,959614
2023-06-08 22:33:00.000000000,1686234780000000000,5669,5670,5668,5669,2200,959614,959759
2023-06-08 22:34:00.000000000,1686234840000000000,5669,5670,5667,5669,1315,959759,959486
2023-06-08 22:35:00.000000000,1686234900000000000,5669,5672,5668,5671,1931,959486,959660
2023-06-08 22:36:00.000000000,1686234960000000000,5671,5672,5670,5672,3011,959660,959349
2023-06-08 22:37:00.000000000,1686235020000000000,5672,5672,5670,5670,504,959349,959158
2023-06-08 22:38:00.000000000,1686235080000000000,5670,5672,5670,5671,556,959158,959121
2023-06-08 22:39:00.000000000,1686235140000000000,5671,5672,5670,5671,402,959121,959008
2023-06-08 22:40:00.000000000,1686235200000000000,5671,5675,5671,5674,1795,959008,959017
2023-06-08 22:41:00.000000000,1686235260000000000,5674,5674,5670,5670,1068,959017,958854
2023-06-08 22:42:00.000000000,1686235320000000000,5670,5673,5669,5672,1060,958854,958793
2023-06-08 22:43:00.000000000,1686235380000000000,5672,5672,5670,5671,666,958793,958610
2023-06-08 22:44:00.000000000,1686235440000000000,5671,5673,5671,5672,714,958610,958617
2023-06-08 22:45:00.000000000,1686235500000000000,5672,5673,5672,5672,806,958617,958496
2023-06-08 22:46:00.000000000,1686235560000000000,5672,5674,5672,5674,409,958496,958387
2023-06-08 22:47:00.000000000,1686235620000000000,5674,5675,5673,5673,1502,958387,958156
2023-06-08 22:48:00.000000000,1686235680000000000,5673,5674,5672,5674,1025,958156,957952
2023-06-08 22:49:00.000000000,1686235740000000000,5674,5675,5672,5674,1058,957952,957784
2023-06-08 22:50:00.000000000,1686235800000000000,5674,5674,5670,5671,1745,957784,957615
2023-06-08 22:51:00.000000000,1686235860000000000,5671,5674,5671,5672,882,957615,957476
2023-06-08 22:52:00.000000000,1686235920000000000,5672,5673,5671,5671,583,957476,957357
2023-06-08 22:53:00.000000000,1686235980000000000,5671,5673,5671,5672,658,957357,957267
2023-06-08 22:54:00.000000000,1686236040000000000,5672,5674,5672,5674,498,957267,957109
2023-06-08 22:55:00.000000000,1686236100000000000,5674,5675,5673,5674,1298,957109,956687
2023-06-08 22:56:00.000000000,1686236160000000000,5674,5676,5674,5676,1245,956687,956116
2023-06-08 22:57:00.000000000,1686236220000000000,5676,5676,5672,5674,1938,956116,955987
2023-06-08 22:58:00.000000000,1686236280000000000,5674,5675,5673,5674,1488,955987,955929
2023-06-08 22:59:00.000000000,1686236340000000000,5674,5674,5672,5674,2021,955929,955196
2023-06-09 09:00:00.000000000,1686272400000000000,5670,5678,5669,5676,5915,955196,954912
2023-06-09 09:01:00.000000000,1686272460000000000,5676,5685,5676,5681,6735,954912,954264
2023-06-09 09:02:00.000000000,1686272520000000000,5681,5683,5679,5681,2249,954264,954447
2023-06-09 09:03:00.000000000,1686272580000000000,5681,5683,5676,5677,3286,954447,954180
2023-06-09 09:04:00.000000000,1686272640000000000,5677,5684,5677,5684,3843,954180,953312
2023-06-09 09:05:00.000000000,1686272700000000000,5684,5685,5677,5678,2614,953312,953720
2023-06-09 09:06:00.000000000,1686272760000000000,5678,5679,5675,5678,1791,953720,953765
2023-06-09 09:07:00.000000000,1686272820000000000,5678,5680,5672,5675,3588,953765,953889
2023-06-09 09:08:00.000000000,1686272880000000000,5675,5678,5674,5674,1780,953889,954005
2023-06-09 09:09:00.000000000,1686272940000000000,5674,5675,5669,5672,2980,954005,954011
2023-06-09 09:10:00.000000000,1686273000000000000,5672,5672,5663,5663,5373,954011,953592
2023-06-09 09:11:00.000000000,1686273060000000000,5663,5667,5663,5666,2395,953592,953694
2023-06-09 09:12:00.000000000,1686273120000000000,5666,5666,5661,5662,3205,953694,954045
2023-06-09 09:13:00.000000000,1686273180000000000,5662,5665,5661,5662,2060,954045,954478
2023-06-09 09:14:00.000000000,1686273240000000000,5662,5664,5656,5658,5592,954478,955736
2023-06-09 09:15:00.000000000,1686273300000000000,5658,5660,5656,5660,4374,955736,956357
2023-06-09 09:16:00.000000000,1686273360000000000,5660,5660,5657,5659,2254,956357,957334
2023-06-09 09:17:00.000000000,1686273420000000000,5659,5662,5659,5659,2643,957334,958633
2023-06-09 09:18:00.000000000,1686273480000000000,5659,5662,5657,5661,1401,958633,958969
2023-06-09 09:19:00.000000000,1686273540000000000,5661,5661,5650,5653,7877,958969,959808
2023-06-09 09:20:00.000000000,1686273600000000000,5653,5654,5651,5652,3485,959808,960479
2023-06-09 09:21:00.000000000,1686273660000000000,5652,5655,5651,5652,2019,960479,960933
2023-06-09 09:22:00.000000000,1686273720000000000,5652,5655,5652,5653,1466,960933,961365
2023-06-09 09:23:00.000000000,1686273780000000000,5653,5656,5651,5651,2571,961365,962274
2023-06-09 09:24:00.000000000,1686273840000000000,5651,5655,5651,5654,2226,962274,962531
2023-06-09 09:25:00.000000000,1686273900000000000,5654,5654,5651,5652,1900,962531,962904
2023-06-09 09:26:00.000000000,1686273960000000000,5652,5653,5648,5650,4171,962904,962993
2023-06-09 09:27:00.000000000,1686274020000000000,5650,5650,5646,5647,3052,962993,963776
2023-06-09 09:28:00.000000000,1686274080000000000,5647,5649,5645,5649,3023,963776,964124
2023-06-09 09:29:00.000000000,1686274140000000000,5649,5649,5645,5645,2778,964124,965603
2023-06-09 09:30:00.000000000,1686274200000000000,5645,5649,5644,5645,3424,965603,965727
2023-06-09 09:31:00.000000000,1686274260000000000,5645,5648,5643,5643,2871,965727,966536
2023-06-09 09:32:00.000000000,1686274320000000000,5643,5648,5643,5648,2136,966536,966674
2023-06-09 09:33:00.000000000,1686274380000000000,5648,5648,5638,5639,7348,966674,967279
2023-06-09 09:34:00.000000000,1686274440000000000,5639,5642,5638,5642,4859,967279,966979
2023-06-09 09:35:00.000000000,1686274500000000000,5642,5644,5640,5643,3054,966979,967048
2023-06-09 09:36:00.000000000,1686274560000000000,5643,5645,5642,5644,2313,967048,967526
2023-06-09 09:37:00.000000000,1686274620000000000,5644,5647,5644,5646,1460,967526,967535
2023-06-09 09:38:00.000000000,1686274680000000000,5646,5646,5642,5642,1347,967535,967834
2023-06-09 09:39:00.000000000,1686274740000000000,5642,5645,5641,5645,1820,967834,968387
2023-06-09 09:40:00.000000000,1686274800000000000,5645,5647,5642,5647,2039,968387,968549
2023-06-09 09:41:00.000000000,1686274860000000000,5647,5648,5643,5648,1915,968549,968572
2023-06-09 09:42:00.000000000,1686274920000000000,5648,5648,5643,5645,2614,968572,969065
2023-06-09 09:43:00.000000000,1686274980000000000,5645,5647,5644,5645,1924,969065,968577
2023-06-09 09:44:00.000000000,1686275040000000000,5645,5647,5645,5646,1323,968577,968741
2023-06-09 09:45:00.000000000,1686275100000000000,5646,5646,5644,5646,1009,968741,968817
2023-06-09 09:46:00.000000000,1686275160000000000,5646,5649,5645,5648,1780,968817,968905
2023-06-09 09:47:00.000000000,1686275220000000000,5648,5651,5648,5649,3402,968905,968408
2023-06-09 09:48:00.000000000,1686275280000000000,5649,5649,5646,5647,1356,968408,968663
2023-06-09 09:49:00.000000000,1686275340000000000,5647,5647,5643,5646,1545,968663,968924
2023-06-09 09:50:00.000000000,1686275400000000000,5646,5650,5645,5648,2117,968924,969117
2023-06-09 09:51:00.000000000,1686275460000000000,5648,5649,5645,5647,1085,969117,969123
2023-06-09 09:52:00.000000000,1686275520000000000,5647,5648,5645,5647,909,969123,969212
2023-06-09 09:53:00.000000000,1686275580000000000,5647,5649,5645,5645,859,969212,969441
2023-06-09 09:54:00.000000000,1686275640000000000,5645,5648,5644,5644,1291,969441,969795
2023-06-09 09:55:00.000000000,1686275700000000000,5644,5645,5640,5642,2733,969795,970044
2023-06-09 09:56:00.000000000,1686275760000000000,5642,5644,5641,5644,1264,970044,970117
2023-06-09 09:57:00.000000000,1686275820000000000,5644,5645,5641,5643,1425,970117,970216
2023-06-09 09:58:00.000000000,1686275880000000000,5643,5645,5642,5644,1171,970216,970463
2023-06-09 09:59:00.000000000,1686275940000000000,5644,5645,5643,5643,1073,970463,970665
2023-06-09 10:00:00.000000000,1686276000000000000,5643,5648,5643,5648,2003,970665,970578
2023-06-09 10:01:00.000000000,1686276060000000000,5648,5649,5647,5647,1453,970578,970415
2023-06-09 10:02:00.000000000,1686276120000000000,5647,5648,5643,5643,860,970415,970678
2023-06-09 10:03:00.000000000,1686276180000000000,5643,5644,5641,5641,2817,970678,971463
2023-06-09 10:04:00.000000000,1686276240000000000,5641,5642,5633,5636,7941,971463,974176
2023-06-09 10:05:00.000000000,1686276300000000000,5636,5641,5635,5641,3898,974176,974372
2023-06-09 10:06:00.000000000,1686276360000000000,5641,5642,5638,5640,1332,974372,974509
2023-06-09 10:07:00.000000000,1686276420000000000,5640,5640,5637,5638,1465,974509,974655
2023-06-09 10:08:00.000000000,1686276480000000000,5638,5639,5637,5637,1017,974655,974660
2023-06-09 10:09:00.000000000,1686276540000000000,5637,5639,5636,5637,2312,974660,975324
2023-06-09 10:10:00.000000000,1686276600000000000,5637,5638,5627,5630,10268,975324,976928
2023-06-09 10:11:00.000000000,1686276660000000000,5630,5637,5628,5635,5057,976928,977477
2023-06-09 10:12:00.000000000,1686276720000000000,5635,5640,5635,5639,4185,977477,977212
2023-06-09 10:13:00.000000000,1686276780000000000,5639,5640,5638,5640,1839,977212,977529
2023-06-09 10:14:00.000000000,1686276840000000000,5640,5641,5639,5640,2918,977529,977765
2023-06-09 10:30:00.000000000,1686277800000000000,5640,5644,5639,5640,3436,977765,977177
2023-06-09 10:31:00.000000000,1686277860000000000,5640,5654,5639,5654,9358,977177,975732
2023-06-09 10:32:00.000000000,1686277920000000000,5654,5654,5650,5650,3541,975732,975162
2023-06-09 10:33:00.000000000,1686277980000000000,5650,5653,5650,5651,2600,975162,974269
2023-06-09 10:34:00.000000000,1686278040000000000,5651,5653,5649,5651,2244,974269,974076
2023-06-09 10:35:00.000000000,1686278100000000000,5651,5659,5651,5658,5411,974076,972456
2023-06-09 10:36:00.000000000,1686278160000000000,5658,5662,5656,5661,6342,972456,971364
2023-06-09 10:37:00.000000000,1686278220000000000,5661,5670,5660,5668,7408,971364,968924
2023-06-09 10:38:00.000000000,1686278280000000000,5668,5673,5668,5669,6484,968924,967629
2023-06-09 10:39:00.000000000,1686278340000000000,5669,5676,5669,5675,7786,967629,967619
2023-06-09 10:40:00.000000000,1686278400000000000,5675,5679,5674,5678,7097,967619,966504
2023-06-09 10:41:00.000000000,1686278460000000000,5678,5680,5674,5675,5966,966504,966285
2023-06-09 10:42:00.000000000,1686278520000000000,5675,5678,5674,5676,4309,966285,966266
2023-06-09 10:43:00.000000000,1686278580000000000,5676,5676,5667,5667,6850,966266,965055
2023-06-09 10:44:00.000000000,1686278640000000000,5667,5668,5664,5666,4221,965055,965038
2023-06-09 10:45:00.000000000,1686278700000000000,5666,5666,5661,5663,4387,965038,964869
2023-06-09 10:46:00.000000000,1686278760000000000,5663,5664,5661,5662,2055,964869,964744
2023-06-09 10:47:00.000000000,1686278820000000000,5662,5666,5662,5665,3787,964744,963688
2023-06-09 10:48:00.000000000,1686278880000000000,5665,5665,5660,5661,3434,963688,964100
2023-06-09 10:49:00.000000000,1686278940000000000,5661,5662,5659,5660,3072,964100,964705
2023-06-09 10:50:00.000000000,1686279000000000000,5660,5660,5655,5656,3274,964705,964966
2023-06-09 10:51:00.000000000,1686279060000000000,5656,5658,5654,5656,2552,964966,965164
2023-06-09 10:52:00.000000000,1686279120000000000,5656,5658,5655,5658,1652,965164,965387
2023-06-09 10:53:00.000000000,1686279180000000000,5658,5662,5657,5660,4236,965387,965288
2023-06-09 10:54:00.000000000,1686279240000000000,5660,5662,5658,5661,1475,965288,964966
2023-06-09 10:55:00.000000000,1686279300000000000,5661,5665,5659,5665,1996,964966,964715
2023-06-09 10:56:00.000000000,1686279360000000000,5665,5667,5663,5667,2955,964715,964282
2023-06-09 10:57:00.000000000,1686279420000000000,5667,5668,5664,5667,1957,964282,964671
2023-06-09 10:58:00.000000000,1686279480000000000,5667,5669,5663,5667,2518,964671,965028
2023-06-09 10:59:00.000000000,1686279540000000000,5667,5667,5664,5665,1168,965028,964800
2023-06-09 11:00:00.000000000,1686279600000000000,5665,5668,5663,5666,2243,964800,964977
2023-06-09 11:01:00.000000000,1686279660000000000,5666,5671,5666,5671,2496,964977,964963
2023-06-09 11:02:00.000000000,1686279720000000000,5671,5673,5670,5672,2706,964963,965200
2023-06-09 11:03:00.000000000,1686279780000000000,5672,5672,5668,5669,2019,965200,965227
2023-06-09 11:04:00.000000000,1686279840000000000,5669,5669,5663,5664,2412,965227,965373
2023-06-09 11:05:00.000000000,1686279900000000000,5664,5664,5661,5661,2194,965373,965537
2023-06-09 11:06:00.000000000,1686279960000000000,5661,5666,5661,5665,1537,965537,965620
2023-06-09 11:07:00.000000000,1686280020000000000,5665,5667,5664,5664,1063,965620,965854
2023-06-09 11:08:00.000000000,1686280080000000000,5664,5665,5661,5663,1402,965854,966057
2023-06-09 11:09:00.000000000,1686280140000000000,5663,5664,5661,5662,801,966057,966011
2023-06-09 11:10:00.000000000,1686280200000000000,5662,5667,5662,5666,1369,966011,965942
2023-06-09 11:11:00.000000000,1686280260000000000,5666,5667,5663,5664,1011,965942,965940
2023-06-09 11:12:00.000000000,1686280320000000000,5664,5665,5662,5664,1464,965940,966115
2023-06-09 11:13:00.000000000,1686280380000000000,5664,5668,5664,5665,1327,966115,966069
2023-06-09 11:14:00.000000000,1686280440000000000,5665,5668,5665,5668,1189,966069,965911
2023-06-09 11:15:00.000000000,1686280500000000000,5668,5672,5666,5670,2933,965911,965955
2023-06-09 11:16:00.000000000,1686280560000000000,5670,5674,5669,5673,2774,965955,965724
2023-06-09 11:17:00.000000000,1686280620000000000,5673,5675,5670,5670,1727,965724,965670
2023-06-09 11:18:00.000000000,1686280680000000000,5670,5672,5670,5671,1189,965670,965627
2023-06-09 11:19:00.000000000,1686280740000000000,5671,5672,5668,5668,1261,965627,965447
2023-06-09 11:20:00.000000000,1686280800000000000,5668,5673,5668,5673,1559,965447,965207
2023-06-09 11:21:00.000000000,1686280860000000000,5673,5674,5670,5671,1566,965207,965252
2023-06-09 11:22:00.000000000,1686280920000000000,5671,5676,5670,5676,3315,965252,964844
2023-06-09 11:23:00.000000000,1686280980000000000,5676,5692,5676,5691,15704,964844,962172
2023-06-09 11:24:00.000000000,1686281040000000000,5691,5705,5691,5703,19561,962172,958266
2023-06-09 11:25:00.000000000,1686281100000000000,5703,5707,5698,5700,9104,958266,956340
2023-06-09 11:26:00.000000000,1686281160000000000,5700,5700,5693,5696,6505,956340,955678
2023-06-09 11:27:00.000000000,1686281220000000000,5696,5698,5695,5696,2766,955678,955868
2023-06-09 11:28:00.000000000,1686281280000000000,5696,5699,5695,5698,3488,955868,954846
2023-06-09 11:29:00.000000000,1686281340000000000,5698,5698,5691,5691,4523,954846,953396
2023-06-09 13:30:00.000000000,1686288600000000000,5690,5691,5681,5683,8158,953396,952608
2023-06-09 13:31:00.000000000,1686288660000000000,5683,5685,5681,5683,4208,952608,953574
2023-06-09 13:32:00.000000000,1686288720000000000,5683,5686,5683,5684,2459,953574,953876
2023-06-09 13:33:00.000000000,1686288780000000000,5684,5684,5679,5680,3993,953876,953979
2023-06-09 13:34:00.000000000,1686288840000000000,5680,5682,5678,5679,1447,953979,953871
2023-06-09 13:35:00.000000000,1686288900000000000,5679,5680,5675,5679,3718,953871,954316
2023-06-09 13:36:00.000000000,1686288960000000000,5679,5680,5677,5680,1659,954316,954339
2023-06-09 13:37:00.000000000,1686289020000000000,5680,5682,5678,5680,2048,954339,954485
2023-06-09 13:38:00.000000000,1686289080000000000,5680,5681,5679,5680,1271,954485,954706
2023-06-09 13:39:00.000000000,1686289140000000000,5680,5681,5679,5680,855,954706,954872
2023-06-09 13:40:00.000000000,1686289200000000000,5680,5684,5679,5684,2522,954872,954701
2023-06-09 13:41:00.000000000,1686289260000000000,5684,5686,5682,5686,2041,954701,954708
2023-06-09 13:42:00.000000000,1686289320000000000,5686,5686,5682,5683,2112,954708,955000
2023-06-09 13:43:00.000000000,1686289380000000000,5683,5684,5679,5680,1915,955000,955293
2023-06-09 13:44:00.000000000,1686289440000000000,5680,5681,5676,5681,3088,955293,955715
2023-06-09 13:45:00.000000000,1686289500000000000,5681,5681,5675,5675,2267,955715,955815
2023-06-09 13:46:00.000000000,1686289560000000000,5675,5676,5671,5676,3213,955815,955731
2023-06-09 13:47:00.000000000,1686289620000000000,5676,5677,5674,5677,1850,955731,956102
2023-06-09 13:48:00.000000000,1686289680000000000,5677,5682,5676,5681,2202,956102,956097
2023-06-09 13:49:00.000000000,1686289740000000000,5681,5681,5678,5679,1111,956097,956090
2023-06-09 13:50:00.000000000,1686289800000000000,5679,5682,5678,5680,2631,956090,956607
2023-06-09 13:51:00.000000000,1686289860000000000,5680,5686,5680,5686,2044,956607,956516
2023-06-09 13:52:00.000000000,1686289920000000000,5686,5687,5678,5680,3680,956516,957223
2023-06-09 13:53:00.000000000,1686289980000000000,5680,5681,5679,5680,1168,957223,957038
2023-06-09 13:54:00.000000000,1686290040000000000,5680,5681,5675,5678,2272,957038,957065
2023-06-09 13:55:00.000000000,1686290100000000000,5678,5679,5672,5674,3724,957065,957651
2023-06-09 13:56:00.000000000,1686290160000000000,5674,5674,5667,5668,4977,957651,958343
2023-06-09 13:57:00.000000000,1686290220000000000,5668,5669,5667,5668,2147,958343,958612
2023-06-09 13:58:00.000000000,1686290280000000000,5668,5672,5667,5668,2926,958612,958971
2023-06-09 13:59:00.000000000,1686290340000000000,5668,5672,5667,5671,1305,958971,958809
2023-06-09 14:00:00.000000000,1686290400000000000,5671,5673,5668,5672,1731,958809,959052
2023-06-09 14:01:00.000000000,1686290460000000000,5672,5672,5669,5672,1325,959052,959385
2023-06-09 14:02:00.000000000,1686290520000000000,5672,5672,5668,5668,1104,959385,959468
2023-06-09 14:03:00.000000000,1686290580000000000,5668,5670,5668,5670,1336,959468,959546
2023-06-09 14:04:00.000000000,1686290640000000000,5670,5670,5668,5670,554,959546,959544
2023-06-09 14:05:00.000000000,1686290700000000000,5670,5672,5669,5670,1818,959544,959472
2023-06-09 14:06:00.000000000,1686290760000000000,5670,5670,5667,5669,1290,959472,959778
2023-06-09 14:07:00.000000000,1686290820000000000,5669,5675,5668,5675,1492,959778,959499
2023-06-09 14:08:00.000000000,1686290880000000000,5675,5676,5673,5675,2224,959499,958806
2023-06-09 14:09:00.000000000,1686290940000000000,5675,5676,5674,5675,1010,958806,958923
2023-06-09 14:10:00.000000000,1686291000000000000,5675,5680,5674,5678,2930,958923,959234
2023-06-09 14:11:00.000000000,1686291060000000000,5678,5679,5676,5677,1125,959234,958999
2023-06-09 14:12:00.000000000,1686291120000000000,5677,5680,5676,5679,1488,958999,958904
2023-06-09 14:13:00.000000000,1686291180000000000,5679,5682,5679,5680,1946,958904,958564
2023-06-09 14:14:00.000000000,1686291240000000000,5680,5684,5678,5684,2793,958564,958019
2023-06-09 14:15:00.000000000,1686291300000000000,5684,5687,5681,5686,3299,958019,957570
2023-06-09 14:16:00.000000000,1686291360000000000,5686,5686,5683,5684,1402,957570,957743
2023-06-09 14:17:00.000000000,1686291420000000000,5684,5685,5682,5684,2436,957743,957551
2023-06-09 14:18:00.000000000,1686291480000000000,5684,5687,5684,5685,1497,957551,957537
2023-06-09 14:19:00.000000000,1686291540000000000,5685,5689,5685,5688,2216,957537,957378
2023-06-09 14:20:00.000000000,1686291600000000000,5688,5690,5687,5689,2869,957378,957162
2023-06-09 14:21:00.000000000,1686291660000000000,5689,5691,5687,5689,2250,957162,957174
2023-06-09 14:22:00.000000000,1686291720000000000,5689,5689,5686,5686,1596,957174,956825
2023-06-09 14:23:00.000000000,1686291780000000000,5686,5694,5686,5693,3958,956825,956569
2023-06-09 14:24:00.000000000,1686291840000000000,5693,5700,5692,5699,8661,956569,954915
2023-06-09 14:25:00.000000000,1686291900000000000,5699,5701,5696,5697,5700,954915,954990
2023-06-09 14:26:00.000000000,1686291960000000000,5697,5697,5694,5694,2324,954990,954795
2023-06-09 14:27:00.000000000,1686292020000000000,5694,5701,5694,5701,4223,954795,954360
2023-06-09 14:28:00.000000000,1686292080000000000,5701,5702,5697,5700,3576,954360,953949
2023-06-09 14:29:00.000000000,1686292140000000000,5700,5700,5697,5700,2581,953949,953903
2023-06-09 14:30:00.000000000,1686292200000000000,5700,5701,5695,5698,3351,953903,953590
2023-06-09 14:31:00.000000000,1686292260000000000,5698,5698,5695,5696,3043,953590,953470
2023-06-09 14:32:00.000000000,1686292320000000000,5696,5698,5695,5697,2215,953470,953417
2023-06-09 14:33:00.000000000,1686292380000000000,5697,5703,5697,5700,4081,953417,952456
2023-06-09 14:34:00.000000000,1686292440000000000,5700,5701,5699,5700,2681,952456,951833
2023-06-09 14:35:00.000000000,1686292500000000000,5700,5701,5692,5693,3066,951833,951641
2023-06-09 14:36:00.000000000,1686292560000000000,5693,5699,5693,5698,2348,951641,951308
2023-06-09 14:37:00.000000000,1686292620000000000,5698,5709,5698,5706,6630,951308,951041
2023-06-09 14:38:00.000000000,1686292680000000000,5706,5710,5703,5703,6109,951041,950265
2023-06-09 14:39:00.000000000,1686292740000000000,5703,5709,5702,5708,3415,950265,949872
2023-06-09 14:40:00.000000000,1686292800000000000,5708,5709,5706,5707,1883,949872,949853
2023-06-09 14:41:00.000000000,1686292860000000000,5707,5708,5703,5705,2423,949853,949283
2023-06-09 14:42:00.000000000,1686292920000000000,5705,5706,5703,5705,1282,949283,949044
2023-06-09 14:43:00.000000000,1686292980000000000,5705,5706,5703,5705,1058,949044,948840
2023-06-09 14:44:00.000000000,1686293040000000000,5705,5710,5704,5709,3399,948840,947968
2023-06-09 14:45:00.000000000,1686293100000000000,5709,5709,5704,5705,2988,947968,947815
2023-06-09 14:46:00.000000000,1686293160000000000,5705,5705,5697,5699,3364,947815,947181
2023-06-09 14:47:00.000000000,1686293220000000000,5699,5704,5698,5704,1920,947181,946949
2023-06-09 14:48:00.000000000,1686293280000000000,5704,5705,5702,5702,1148,946949,946725
2023-06-09 14:49:00.000000000,1686293340000000000,5702,5702,5699,5699,2197,946725,946789
2023-06-09 14:50:00.000000000,1686293400000000000,5699,5701,5698,5701,1598,946789,946485
2023-06-09 14:51:00.000000000,1686293460000000000,5701,5703,5700,5703,1381,946485,946082
2023-06-09 14:52:00.000000000,1686293520000000000,5703,5704,5701,5703,1796,946082,946003
2023-06-09 14:53:00.000000000,1686293580000000000,5703,5704,5699,5699,2727,946003,945205
2023-06-09 14:54:00.000000000,1686293640000000000,5699,5701,5697,5697,3399,945205,944625
2023-06-09 14:55:00.000000000,1686293700000000000,5697,5698,5694,5697,3273,944625,943876
2023-06-09 14:56:00.000000000,1686293760000000000,5697,5698,5695,5696,1363,943876,943732
2023-06-09 14:57:00.000000000,1686293820000000000,5696,5698,5694,5695,2592,943732,942662
2023-06-09 14:58:00.000000000,1686293880000000000,5695,5696,5694,5694,3069,942662,941544
2023-06-09 14:59:00.000000000,1686293940000000000,5694,5699,5694,5696,3446,941544,940571
2023-06-09 21:00:00.000000000,1686315600000000000,5699,5702,5685,5686,17732,940571,938510
2023-06-09 21:01:00.000000000,1686315660000000000,5686,5696,5683,5695,10809,938510,939927
2023-06-09 21:02:00.000000000,1686315720000000000,5695,5696,5692,5693,3986,939927,940068
2023-06-09 21:03:00.000000000,1686315780000000000,5693,5694,5689,5691,4703,940068,940610
2023-06-09 21:04:00.000000000,1686315840000000000,5691,5695,5690,5691,3337,940610,941053
2023-06-09 21:05:00.000000000,1686315900000000000,5691,5695,5687,5687,6093,941053,941766
2023-06-09 21:06:00.000000000,1686315960000000000,5687,5687,5682,5686,6409,941766,942392
2023-06-09 21:07:00.000000000,1686316020000000000,5686,5687,5683,5686,2023,942392,942794
2023-06-09 21:08:00.000000000,1686316080000000000,5686,5687,5683,5685,2139,942794,943181
2023-06-09 21:09:00.000000000,1686316140000000000,5685,5685,5682,5684,2405,943181,943496
2023-06-09 21:10:00.000000000,1686316200000000000,5684,5687,5683,5685,2658,943496,943678
2023-06-09 21:11:00.000000000,1686316260000000000,5685,5686,5682,5682,1921,943678,943882
2023-06-09 21:12:00.000000000,1686316320000000000,5682,5683,5678,5679,3754,943882,944073
2023-06-09 21:13:00.000000000,1686316380000000000,5679,5683,5678,5681,2278,944073,944146
2023-06-09 21:14:00.000000000,1686316440000000000,5681,5684,5681,5684,1879,944146,944313
2023-06-09 21:15:00.000000000,1686316500000000000,5684,5686,5681,5682,1893,944313,944330
2023-06-09 21:16:00.000000000,1686316560000000000,5682,5686,5682,5685,1266,944330,944599
2023-06-09 21:17:00.000000000,1686316620000000000,5685,5687,5684,5686,1403,944599,944517
2023-06-09 21:18:00.000000000,1686316680000000000,5686,5686,5684,5685,1337,944517,944383
2023-06-09 21:19:00.000000000,1686316740000000000,5685,5685,5682,5683,1189,944383,944425
2023-06-09 21:20:00.000000000,1686316800000000000,5683,5684,5680,5681,2616,944425,944260
2023-06-09 21:21:00.000000000,1686316860000000000,5681,5681,5678,5678,1952,944260,944560
2023-06-09 21:22:00.000000000,1686316920000000000,5678,5681,5678,5680,1220,944560,944685
2023-06-09 21:23:00.000000000,1686316980000000000,5680,5680,5678,5678,1272,944685,944620
2023-06-09 21:24:00.000000000,1686317040000000000,5678,5683,5678,5682,1332,944620,944552
2023-06-09 21:25:00.000000000,1686317100000000000,5682,5684,5680,5682,1839,944552,944671
2023-06-09 21:26:00.000000000,1686317160000000000,5682,5685,5681,5685,2286,944671,944884
2023-06-09 21:27:00.000000000,1686317220000000000,5685,5688,5685,5686,2701,944884,944698
2023-06-09 21:28:00.000000000,1686317280000000000,5686,5687,5684,5686,1375,944698,944792
2023-06-09 21:29:00.000000000,1686317340000000000,5686,5686,5683,5684,1077,944792,944902
2023-06-09 21:30:00.000000000,1686317400000000000,5684,5694,5683,5693,7649,944902,945249
2023-06-09 21:31:00.000000000,1686317460000000000,5693,5696,5691,5694,3009,945249,945429
2023-06-09 21:32:00.000000000,1686317520000000000,5694,5696,5693,5694,1731,945429,945707
2023-06-09 21:33:00.000000000,1686317580000000000,5694,5697,5693,5696,2261,945707,946124
2023-06-09 21:34:00.000000000,1686317640000000000,5696,5696,5691,5694,2046,946124,946127
2023-06-09 21:35:00.000000000,1686317700000000000,5694,5700,5693,5699,3183,946127,946092
2023-06-09 21:36:00.000000000,1686317760000000000,5699,5702,5698,5699,3125,946092,946430
2023-06-09 21:37:00.000000000,1686317820000000000,5699,5700,5697,5697,1700,946430,946736
2023-06-09 21:38:00.000000000,1686317880000000000,5697,5698,5693,5696,2694,946736,947030
2023-06-09 21:39:00.000000000,1686317940000000000,5696,5699,5696,5698,1157,947030,947015
2023-06-09 21:40:00.000000000,1686318000000000000,5698,5700,5695,5698,2292,947015,946975
2023-06-09 21:41:00.000000000,1686318060000000000,5698,5699,5697,5697,1572,946975,946743
2023-06-09 21:42:00.000000000,1686318120000000000,5697,5698,5694,5697,1578,946743,946750
2023-06-09 21:43:00.000000000,1686318180000000000,5697,5697,5694,5696,939,946750,946855
2023-06-09 21:44:00.000000000,1686318240000000000,5696,5701,5696,5701,3165,946855,947077
2023-06-09 21:45:00.000000000,1686318300000000000,5701,5704,5699,5704,3459,947077,946119
2023-06-09 21:46:00.000000000,1686318360000000000,5704,5704,5701,5703,2667,946119,945530
2023-06-09 21:47:00.000000000,1686318420000000000,5703,5706,5702,5703,3044,945530,945288
2023-06-09 21:48:00.000000000,1686318480000000000,5703,5703,5701,5702,2062,945288,945297
2023-06-09 21:49:00.000000000,1686318540000000000,5702,5706,5700,5706,1726,945297,945156
2023-06-09 21:50:00.000000000,1686318600000000000,5706,5706,5703,5703,2546,945156,945384
2023-06-09 21:51:00.000000000,1686318660000000000,5703,5705,5700,5701,2976,945384,945657
2023-06-09 21:52:00.000000000,1686318720000000000,5701,5705,5701,5704,1002,945657,945823
2023-06-09 21:53:00.000000000,1686318780000000000,5704,5705,5703,5703,943,945823,945539
2023-06-09 21:54:00.000000000,1686318840000000000,5703,5708,5702,5706,2264,945539,945522
2023-06-09 21:55:00.000000000,1686318900000000000,5706,5706,5703,5705,1369,945522,945806
2023-06-09 21:56:00.000000000,1686318960000000000,5705,5705,5700,5702,1706,945806,945593
2023-06-09 21:57:00.000000000,1686319020000000000,5702,5704,5701,5703,1373,945593,945767
2023-06-09 21:58:00.000000000,1686319080000000000,5703,5707,5703,5706,2560,945767,945767
2023-06-09 21:59:00.000000000,1686319140000000000,5706,5709,5705,5708,2687,945767,945746
2023-06-09 22:00:00.000000000,1686319200000000000,5708,5717,5708,5716,10940,945746,944157
2023-06-09 22:01:00.000000000,1686319260000000000,5716,5718,5714,5715,4348,944157,944335
2023-06-09 22:02:00.000000000,1686319320000000000,5715,5727,5715,5726,11398,944335,943704
2023-06-09 22:03:00.000000000,1686319380000000000,5726,5730,5724,5727,6447,943704,943453
2023-06-09 22:04:00.000000000,1686319440000000000,5727,5729,5725,5728,5516,943453,943489
2023-06-09 22:05:00.000000000,1686319500000000000,5728,5732,5725,5731,7360,943489,943219
2023-06-09 22:06:00.000000000,1686319560000000000,5731,5732,5722,5724,5393,943219,943638
2023-06-09 22:07:00.000000000,1686319620000000000,5724,5725,5721,5721,4456,943638,943255
2023-06-09 22:08:00.000000000,1686319680000000000,5721,5724,5721,5723,2087,943255,943013
2023-06-09 22:09:00.000000000,1686319740000000000,5723,5724,5719,5723,3824,943013,942864
2023-06-09 22:10:00.000000000,1686319800000000000,5723,5725,5722,5724,2016,942864,942686
2023-06-09 22:11:00.000000000,1686319860000000000,5724,5728,5724,5727,2319,942686,942480
2023-06-09 22:12:00.000000000,1686319920000000000,5727,5727,5722,5724,2602,942480,942510
2023-06-09 22:13:00.000000000,1686319980000000000,5724,5728,5723,5726,4032,942510,942225
2023-06-09 22:14:00.000000000,1686320040000000000,5726,5729,5724,5727,2308,942225,942875
2023-06-09 22:15:00.000000000,1686320100000000000,5727,5729,5724,5724,2344,942875,942372
2023-06-09 22:16:00.000000000,1686320160000000000,5724,5725,5722,5723,1763,942372,942229
2023-06-09 22:17:00.000000000,1686320220000000000,5723,5724,5722,5723,1174,942229,941887
2023-06-09 22:18:00.000000000,1686320280000000000,5723,5724,5720,5720,1836,941887,941862
2023-06-09 22:19:00.000000000,1686320340000000000,5720,5720,5717,5720,3625,941862,941655
2023-06-09 22:20:00.000000000,1686320400000000000,5720,5723,5718,5721,1617,941655,941765
2023-06-09 22:21:00.000000000,1686320460000000000,5721,5722,5719,5720,1115,941765,941713
2023-06-09 22:22:00.000000000,1686320520000000000,5720,5722,5719,5722,1200,941713,941953
2023-06-09 22:23:00.000000000,1686320580000000000,5722,5724,5720,5722,1022,941953,941713
2023-06-09 22:24:00.000000000,1686320640000000000,5722,5724,5722,5723,1352,941713,941551
2023-06-09 22:25:00.000000000,1686320700000000000,5723,5730,5723,5730,4656,941551,941434
2023-06-09 22:26:00.000000000,1686320760000000000,5730,5730,5727,5730,2349,941434,941107
2023-06-09 22:27:00.000000000,1686320820000000000,5730,5730,5727,5727,2074,941107,940638
2023-06-09 22:28:00.000000000,1686320880000000000,5727,5731,5727,5730,2085,940638,940152
2023-06-09 22:29:00.000000000,1686320940000000000,5730,5736,5730,5735,5536,940152,939231
2023-06-09 22:30:00.000000000,1686321000000000000,5735,5739,5732,5736,4761,939231,939184
2023-06-09 22:31:00.000000000,1686321060000000000,5736,5737,5734,5737,3220,939184,939394
2023-06-09 22:32:00.000000000,1686321120000000000,5737,5738,5735,5736,2067,939394,938931
2023-06-09 22:33:00.000000000,1686321180000000000,5736,5741,5736,5740,4090,938931,938857
2023-06-09 22:34:00.000000000,1686321240000000000,5740,5742,5728,5728,7870,938857,938374
2023-06-09 22:35:00.000000000,1686321300000000000,5728,5728,5723,5725,5707,938374,937386
2023-06-09 22:36:00.000000000,1686321360000000000,5725,5730,5724,5730,2490,937386,937653
2023-06-09 22:37:00.000000000,1686321420000000000,5730,5733,5729,5731,2959,937653,937126
2023-06-09 22:38:00.000000000,1686321480000000000,5731,5733,5730,5733,1147,937126,937072
2023-06-09 22:39:00.000000000,1686321540000000000,5733,5733,5728,5728,1967,937072,936926
2023-06-09 22:40:00.000000000,1686321600000000000,5728,5730,5727,5727,1759,936926,936887
2023-06-09 22:41:00.000000000,1686321660000000000,5727,5728,5722,5725,3233,936887,936005
2023-06-09 22:42:00.000000000,1686321720000000000,5725,5727,5724,5727,1382,936005,935925
2023-06-09 22:43:00.000000000,1686321780000000000,5727,5728,5725,5727,982,935925,935762
2023-06-09 22:44:00.000000000,1686321840000000000,5727,5729,5726,5726,1474,935762,935576
2023-06-09 22:45:00.000000000,1686321900000000000,5726,5727,5724,5725,1713,935576,935357
2023-06-09 22:46:00.000000000,1686321960000000000,5725,5728,5725,5726,1268,935357,935107
2023-06-09 22:47:00.000000000,1686322020000000000,5726,5727,5723,5723,1384,935107,934793
2023-06-09 22:48:00.000000000,1686322080000000000,5723,5725,5721,5722,2426,934793,934361
2023-06-09 22:49:00.000000000,1686322140000000000,5722,5724,5721,5724,1677,934361,933970
2023-06-09 22:50:00.000000000,1686322200000000000,5724,5725,5722,5723,927,933970,933821
2023-06-09 22:51:00.000000000,1686322260000000000,5723,5725,5720,5721,2350,933821,933603
2023-06-09 22:52:00.000000000,1686322320000000000,5721,5724,5720,5723,2102,933603,932727
2023-06-09 22:53:00.000000000,1686322380000000000,5723,5728,5723,5727,1799,932727,931946
2023-06-09 22:54:00.000000000,1686322440000000000,5727,5728,5725,5726,1187,931946,931771
2023-06-09 22:55:00.000000000,1686322500000000000,5726,5728,5725,5728,1379,931771,931535
2023-06-09 22:56:00.000000000,1686322560000000000,5728,5728,5726,5727,653,931535,931398
2023-06-09 22:57:00.000000000,1686322620000000000,5727,5727,5726,5726,705,931398,931107
2023-06-09 22:58:00.000000000,1686322680000000000,5726,5727,5724,5725,1906,931107,930222
2023-06-09 22:59:00.000000000,1686322740000000000,5725,5728,5724,5727,3367,930222,929098
2023-06-12 09:00:00.000000000,1686531600000000000,5710,5710,5670,5672,34355,929098,927564
2023-06-12 09:01:00.000000000,1686531660000000000,5672,5677,5661,5676,21977,927564,928541
2023-06-12 09:02:00.000000000,1686531720000000000,5676,5676,5665,5666,11355,928541,928418
2023-06-12 09:03:00.000000000,1686531780000000000,5666,5669,5659,5668,11389,928418,928979
2023-06-12 09:04:00.000000000,1686531840000000000,5668,5670,5664,5667,9466,928979,928904
2023-06-12 09:05:00.000000000,1686531900000000000,5667,5676,5664,5676,8310,928904,928359
2023-06-12 09:06:00.000000000,1686531960000000000,5676,5683,5674,5683,8109,928359,926989
2023-06-12 09:07:00.000000000,1686532020000000000,5683,5690,5682,5685,5998,926989,925982
2023-06-12 09:08:00.000000000,1686532080000000000,5685,5692,5683,5692,5484,925982,924882
2023-06-12 09:09:00.000000000,1686532140000000000,5692,5692,5686,5686,5726,924882,923958
2023-06-12 09:10:00.000000000,1686532200000000000,5686,5690,5685,5688,5300,923958,925058
2023-06-12 09:11:00.000000000,1686532260000000000,5688,5693,5686,5689,4612,925058,924617
2023-06-12 09:12:00.000000000,1686532320000000000,5689,5689,5679,5680,5077,924617,924240
2023-06-12 09:13:00.000000000,1686532380000000000,5680,5686,5679,5684,4244,924240,924821
2023-06-12 09:14:00.000000000,1686532440000000000,5684,5688,5683,5687,3466,924821,924100
2023-06-12 09:15:00.000000000,1686532500000000000,5687,5688,5683,5687,4103,924100,924207
2023-06-12 09:16:00.000000000,1686532560000000000,5687,5692,5686,5691,5480,924207,923312
2023-06-12 09:17:00.000000000,1686532620000000000,5691,5692,5690,5691,1963,923312,923055
2023-06-12 09:18:00.000000000,1686532680000000000,5691,5698,5691,5692,4488,923055,922740
2023-06-12 09:19:00.000000000,1686532740000000000,5692,5699,5692,5696,3142,922740,923006
2023-06-12 09:20:00.000000000,1686532800000000000,5696,5701,5694,5700,4571,923006,922847
2023-06-12 09:21:00.000000000,1686532860000000000,5700,5701,5694,5694,4740,922847,922513
2023-06-12 09:22:00.000000000,1686532920000000000,5694,5695,5685,5686,4507,922513,922840
2023-06-12 09:23:00.000000000,1686532980000000000,5686,5690,5685,5686,3028,922840,922703
2023-06-12 09:24:00.000000000,1686533040000000000,5686,5691,5685,5690,1746,922703,922889
2023-06-12 09:25:00.000000000,1686533100000000000,5690,5691,5683,5685,2345,922889,922937
2023-06-12 09:26:00.000000000,1686533160000000000,5685,5685,5679,5680,3747,922937,923643
2023-06-12 09:27:00.000000000,1686533220000000000,5680,5680,5677,5678,3782,923643,923869
2023-06-12 09:28:00.000000000,1686533280000000000,5678,5682,5676,5682,2122,923869,923909
2023-06-12 09:29:00.000000000,1686533340000000000,5682,5688,5682,5686,2406,923909,923628
2023-06-12 09:30:00.000000000,1686533400000000000,5686,5692,5685,5687,2565,923628,923390
2023-06-12 09:31:00.000000000,1686533460000000000,5687,5691,5686,5690,1824,923390,922717
2023-06-12 09:32:00.000000000,1686533520000000000,5690,5693,5688,5690,3798,922717,921426
2023-06-12 09:33:00.000000000,1686533580000000000,5690,5695,5690,5693,2860,921426,920727
2023-06-12 09:34:00.000000000,1686533640000000000,5693,5694,5692,5693,1851,920727,920414
2023-06-12 09:35:00.000000000,1686533700000000000,5693,5699,5693,5697,3446,920414,920063
2023-06-12 09:36:00.000000000,1686533760000000000,5697,5698,5694,5696,2587,920063,919823
2023-06-12 09:37:00.000000000,1686533820000000000,5696,5696,5691,5691,1393,919823,919815
2023-06-12 09:38:00.000000000,1686533880000000000,5691,5697,5691,5695,2057,919815,919644
2023-06-12 09:39:00.000000000,1686533940000000000,5695,5697,5691,5695,2463,919644,919236
2023-06-12 09:40:00.000000000,1686534000000000000,5695,5698,5695,5695,2397,919236,918700
2023-06-12 09:41:00.000000000,1686534060000000000,5695,5696,5691,5694,1695,918700,918743
2023-06-12 09:42:00.000000000,1686534120000000000,5694,5697,5693,5697,1299,918743,918737
2023-06-12 09:43:00.000000000,1686534180000000000,5697,5703,5695,5698,5199,918737,919186
2023-06-12 09:44:00.000000000,1686534240000000000,5698,5702,5697,5698,2459,919186,918993
2023-06-12 09:45:00.000000000,1686534300000000000,5698,5705,5697,5698,3928,918993,918742
2023-06-12 09:46:00.000000000,1686534360000000000,5698,5700,5693,5695,2954,918742,919177
2023-06-12 09:47:00.000000000,1686534420000000000,5695,5698,5692,5697,3459,919177,919977
2023-06-12 09:48:00.000000000,1686534480000000000,5697,5699,5695,5696,2027,919977,920279
2023-06-12 09:49:00.000000000,1686534540000000000,5696,5697,5689,5690,3923,920279,920845
2023-06-12 09:50:00.000000000,1686534600000000000,5690,5694,5690,5694,1849,920845,920824
2023-06-12 09:51:00.000000000,1686534660000000000,5694,5697,5693,5695,1506,920824,920682
2023-06-12 09:52:00.000000000,1686534720000000000,5695,5695,5688,5689,2214,920682,920978
2023-06-12 09:53:00.000000000,1686534780000000000,5689,5690,5687,5689,1831,920978,921379
2023-06-12 09:54:00.000000000,1686534840000000000,5689,5690,5686,5688,1741,921379,921256
2023-06-12 09:55:00.000000000,1686534900000000000,5688,5688,5685,5685,2176,921256,921761
2023-06-12 09:56:00.000000000,1686534960000000000,5685,5686,5683,5684,2065,921761,921448
2023-06-12 09:57:00.000000000,1686535020000000000,5684,5687,5683,5687,2006,921448,921760
2023-06-12 09:58:00.000000000,1686535080000000000,5687,5688,5684,5687,1686,921760,921273
2023-06-12 09:59:00.000000000,1686535140000000000,5687,5690,5686,5688,2583,921273,921011
2023-06-12 10:00:00.000000000,1686535200000000000,5688,5692,5688,5691,1680,921011,921055
2023-06-12 10:01:00.000000000,1686535260000000000,5691,5693,5687,5688,2457,921055,921666
2023-06-12 10:02:00.000000000,1686535320000000000,5688,5688,5685,5686,1692,921666,922217
2023-06-12 10:03:00.000000000,1686535380000000000,5686,5688,5684,5687,1316,922217,922231
2023-06-12 10:04:00.000000000,1686535440000000000,5687,5688,5684,5685,1653,922231,922641
2023-06-12 10:05:00.000000000,1686535500000000000,5685,5686,5680,5684,5787,922641,923415
2023-06-12 10:06:00.000000000,1686535560000000000,5684,5684,5681,5682,1412,923415,923473
2023-06-12 10:07:00.000000000,1686535620000000000,5682,5682,5675,5676,5498,923473,922597
2023-06-12 10:08:00.000000000,1686535680000000000,5676,5678,5674,5674,3717,922597,922940
2023-06-12 10:09:00.000000000,1686535740000000000,5674,5678,5673,5676,2943,922940,922791
2023-06-12 10:10:00.000000000,1686535800000000000,5676,5678,5674,5677,1729,922791,923171
2023-06-12 10:11:00.000000000,1686535860000000000,5677,5682,5677,5680,2148,923171,923268
2023-06-12 10:12:00.000000000,1686535920000000000,5680,5683,5678,5682,2854,923268,923892
2023-06-12 10:13:00.000000000,1686535980000000000,5682,5683,5680,5681,905,923892,923791
2023-06-12 10:14:00.000000000,1686536040000000000,5681,5682,5678,5679,1212,923791,923824
2023-06-12 10:30:00.000000000,1686537000000000000,5679,5679,5674,5676,3001,923824,924117
2023-06-12 10:31:00.000000000,1686537060000000000,5676,5681,5675,5681,2292,924117,924482
2023-06-12 10:32:00.000000000,1686537120000000000,5681,5682,5673,5674,2844,924482,925179
2023-06-12 10:33:00.000000000,1686537180000000000,5674,5674,5670,5670,4952,925179,926733
2023-06-12 10:34:00.000000000,1686537240000000000,5670,5671,5665,5667,4768,926733,927166
2023-06-12 10:35:00.000000000,1686537300000000000,5667,5669,5666,5667,2445,927166,927401
2023-06-12 10:36:00.000000000,1686537360000000000,5667,5671,5666,5671,1017,927401,927372
2023-06-12 10:37:00.000000000,1686537420000000000,5671,5673,5669,5670,1557,927372,927470
2023-06-12 10:38:00.000000000,1686537480000000000,5670,5671,5669,5671,766,927470,927525
2023-06-12 10:39:00.000000000,1686537540000000000,5671,5672,5669,5670,1145,927525,927485
2023-06-12 10:40:00.000000000,1686537600000000000,5670,5670,5667,5668,2213,927485,928053
2023-06-12 10:41:00.000000000,1686537660000000000,5668,5670,5667,5669,1601,928053,928170
2023-06-12 10:42:00.000000000,1686537720000000000,5669,5671,5667,5669,1201,928170,928403
2023-06-12 10:43:00.000000000,1686537780000000000,5669,5670,5668,5669,1015,928403,928559
2023-06-12 10:44:00.000000000,1686537840000000000,5669,5675,5667,5674,2757,928559,928821
2023-06-12 10:45:00.000000000,1686537900000000000,5674,5674,5670,5673,1958,928821,929000
2023-06-12 10:46:00.000000000,1686537960000000000,5673,5675,5671,5674,1297,929000,929050
2023-06-12 10:47:00.000000000,1686538020000000000,5674,5679,5674,5678,2217,929050,928619
2023-06-12 10:48:00.000000000,1686538080000000000,5678,5681,5677,5680,2402,928619,928685
2023-06-12 10:49:00.000000000,1686538140000000000,5680,5680,5676,5678,1189,928685,928687
2023-06-12 10:50:00.000000000,1686538200000000000,5678,5680,5676,5676,1265,928687,928578
2023-06-12 10:51:00.000000000,1686538260000000000,5676,5677,5674,5676,1063,928578,928798
2023-06-12 10:52:00.000000000,1686538320000000000,5676,5676,5673,5674,945,928798,928904
2023-06-12 10:53:00.000000000,1686538380000000000,5674,5674,5670,5672,1769,928904,929084
2023-06-12 10:54:00.000000000,1686538440000000000,5672,5674,5672,5673,850,929084,929367
2023-06-12 10:55:00.000000000,1686538500000000000,5673,5673,5669,5670,2046,929367,929364
2023-06-12 10:56:00.000000000,1686538560000000000,5670,5675,5670,5672,2337,929364,929174
2023-06-12 10:57:00.000000000,1686538620000000000,5672,5678,5671,5675,3051,929174,928460
2023-06-12 10:58:00.000000000,1686538680000000000,5675,5675,5673,5673,1112,928460,928262
2023-06-12 10:59:00.000000000,1686538740000000000,5673,5674,5672,5672,756,928262,928280
2023-06-12 11:00:00.000000000,1686538800000000000,5672,5674,5669,5671,1414,928280,928523
2023-06-12 11:01:00.000000000,1686538860000000000,5671,5671,5666,5666,2615,928523,928360
2023-06-12 11:02:00.000000000,1686538920000000000,5666,5666,5663,5664,4031,928360,928534
2023-06-12 11:03:00.000000000,1686538980000000000,5664,5669,5664,5668,2078,928534,929036
2023-06-12 11:04:00.000000000,1686539040000000000,5668,5671,5667,5669,1603,929036,929255
2023-06-12 11:05:00.000000000,1686539100000000000,5669,5670,5667,5667,1955,929255,929866
2023-06-12 11:06:00.000000000,1686539160000000000,5667,5670,5666,5667,1790,929866,929813
2023-06-12 11:07:00.000000000,1686539220000000000,5667,5669,5666,5667,653,929813,929884
2023-06-12 11:08:00.000000000,1686539280000000000,5667,5670,5666,5669,598,929884,929807
2023-06-12 11:09:00.000000000,1686539340000000000,5669,5669,5665,5665,854,929807,929821
2023-06-12 11:10:00.000000000,1686539400000000000,5665,5667,5665,5666,974,929821,930008
2023-06-12 11:11:00.000000000,1686539460000000000,5666,5671,5666,5671,1110,930008,929683
2023-06-12 11:12:00.000000000,1686539520000000000,5671,5673,5670,5671,1836,929683,929507
2023-06-12 11:13:00.000000000,1686539580000000000,5671,5671,5668,5669,858,929507,929519
2023-06-12 11:14:00.000000000,1686539640000000000,5669,5669,5667,5668,778,929519,929562
2023-06-12 11:15:00.000000000,1686539700000000000,5668,5668,5664,5664,1886,929562,929696
2023-06-12 11:16:00.000000000,1686539760000000000,5664,5667,5661,5662,2153,929696,930317
2023-06-12 11:17:00.000000000,1686539820000000000,5662,5670,5662,5669,1701,930317,930630
2023-06-12 11:18:00.000000000,1686539880000000000,5669,5669,5666,5666,711,930630,930645
2023-06-12 11:19:00.000000000,1686539940000000000,5666,5667,5665,5666,663,930645,930726
2023-06-12 11:20:00.000000000,1686540000000000000,5666,5666,5663,5663,1385,930726,930688
2023-06-12 11:21:00.000000000,1686540060000000000,5663,5667,5662,5666,1009,930688,930772
2023-06-12 11:22:00.000000000,1686540120000000000,5666,5667,5665,5665,509,930772,930763
2023-06-12 11:23:00.000000000,1686540180000000000,5665,5670,5665,5669,1510,930763,930995
2023-06-12 11:24:00.000000000,1686540240000000000,5669,5669,5665,5668,1014,930995,930944
2023-06-12 11:25:00.000000000,1686540300000000000,5668,5669,5665,5666,1080,930944,930816
2023-06-12 11:26:00.000000000,1686540360000000000,5666,5667,5664,5664,945,930816,930838
2023-06-12 11:27:00.000000000,1686540420000000000,5664,5668,5664,5667,1153,930838,931057
2023-06-12 11:28:00.000000000,1686540480000000000,5667,5669,5667,5668,1098,931057,930815
2023-06-12 11:29:00.000000000,1686540540000000000,5668,5668,5664,5665,1181,930815,930592
2023-06-12 13:30:00.000000000,1686547800000000000,5669,5679,5669,5674,8911,930592,929594
2023-06-12 13:31:00.000000000,1686547860000000000,5674,5675,5668,5671,4227,929594,929720
2023-06-12 13:32:00.000000000,1686547920000000000,5671,5671,5666,5667,2456,929720,930399
2023-06-12 13:33:00.000000000,1686547980000000000,5667,5668,5665,5667,1538,930399,930461
2023-06-12 13:34:00.000000000,1686548040000000000,5667,5669,5665,5665,2028,930461,930522
2023-06-12 13:35:00.000000000,1686548100000000000,5665,5674,5665,5671,4361,930522,931425
2023-06-12 13:36:00.000000000,1686548160000000000,5671,5675,5669,5673,2965,931425,932232
2023-06-12 13:37:00.000000000,1686548220000000000,5673,5676,5673,5674,3558,932232,932874
2023-06-12 13:38:00.000000000,1686548280000000000,5674,5676,5672,5676,2557,932874,933443
2023-06-12 13:39:00.000000000,1686548340000000000,5676,5677,5674,5676,954,933443,933548
2023-06-12 13:40:00.000000000,1686548400000000000,5676,5677,5674,5676,1388,933548,933745
2023-06-12 13:41:00.000000000,1686548460000000000,5676,5680,5675,5676,2978,933745,933489
2023-06-12 13:42:00.000000000,1686548520000000000,5676,5684,5676,5683,4533,933489,932325
2023-06-12 13:43:00.000000000,1686548580000000000,5683,5684,5679,5679,2695,932325,932160
2023-06-12 13:44:00.000000000,1686548640000000000,5679,5682,5677,5681,1629,932160,932023
2023-06-12 13:45:00.000000000,1686548700000000000,5681,5682,5678,5679,1688,932023,932213
2023-06-12 13:46:00.000000000,1686548760000000000,5679,5680,5677,5678,1217,932213,932630
2023-06-12 13:47:00.000000000,1686548820000000000,5678,5679,5676,5678,1329,932630,932558
2023-06-12 13:48:00.000000000,1686548880000000000,5678,5678,5673,5676,2090,932558,933261
2023-06-12 13:49:00.000000000,1686548940000000000,5676,5678,5673,5674,1211,933261,933578
2023-06-12 13:50:00.000000000,1686549000000000000,5674,5676,5672,5673,2005,933578,933809
2023-06-12 13:51:00.000000000,1686549060000000000,5673,5675,5672,5673,1186,933809,933821
2023-06-12 13:52:00.000000000,1686549120000000000,5673,5676,5673,5675,1030,933821,933761
2023-06-12 13:53:00.000000000,1686549180000000000,5675,5676,5673,5676,1419,933761,933946
2023-06-12 13:54:00.000000000,1686549240000000000,5676,5676,5673,5673,781,933946,933950
2023-06-12 13:55:00.000000000,1686549300000000000,5673,5674,5670,5671,2576,933950,934551
2023-06-12 13:56:00.000000000,1686549360000000000,5671,5672,5669,5670,1513,934551,934533
2023-06-12 13:57:00.000000000,1686549420000000000,5670,5673,5670,5670,1954,934533,934925
2023-06-12 13:58:00.000000000,1686549480000000000,5670,5672,5670,5672,1827,934925,934821
2023-06-12 13:59:00.000000000,1686549540000000000,5672,5674,5670,5673,1203,934821,934933
2023-06-12 14:00:00.000000000,1686549600000000000,5673,5675,5672,5672,1054,934933,935187
2023-06-12 14:01:00.000000000,1686549660000000000,5672,5672,5668,5669,2295,935187,935024
2023-06-12 14:02:00.000000000,1686549720000000000,5669,5673,5668,5672,1679,935024,934791
2023-06-12 14:03:00.000000000,1686549780000000000,5672,5673,5669,5671,1305,934791,935249
2023-06-12 14:04:00.000000000,1686549840000000000,5671,5673,5668,5670,852,935249,935177
2023-06-12 14:05:00.000000000,1686549900000000000,5670,5670,5666,5666,2606,935177,935182
2023-06-12 14:06:00.000000000,1686549960000000000,5666,5667,5651,5652,13066,935182,933989
2023-06-12 14:07:00.000000000,1686550020000000000,5652,5653,5647,5651,10735,933989,934469
2023-06-12 14:08:00.000000000,1686550080000000000,5651,5653,5649,5651,4054,934469,934971
2023-06-12 14:09:00.000000000,1686550140000000000,5651,5653,5650,5651,2149,934971,935087
2023-06-12 14:10:00.000000000,1686550200000000000,5651,5651,5645,5648,5820,935087,935474
2023-06-12 14:11:00.000000000,1686550260000000000,5648,5652,5648,5650,3161,935474,936425
2023-06-12 14:12:00.000000000,1686550320000000000,5650,5652,5647,5648,3057,936425,937172
2023-06-12 14:13:00.000000000,1686550380000000000,5648,5651,5647,5650,2806,937172,936811
2023-06-12 14:14:00.000000000,1686550440000000000,5650,5652,5649,5652,1683,936811,937110
2023-06-12 14:15:00.000000000,1686550500000000000,5652,5654,5650,5652,2171,937110,937256
2023-06-12 14:16:00.000000000,1686550560000000000,5652,5655,5652,5652,1236,937256,937252
2023-06-12 14:17:00.000000000,1686550620000000000,5652,5653,5650,5651,1140,937252,937327
2023-06-12 14:18:00.000000000,1686550680000000000,5651,5653,5650,5653,1325,937327,937653
2023-06-12 14:19:00.000000000,1686550740000000000,5653,5656,5651,5654,1670,937653,937503
2023-06-12 14:20:00.000000000,1686550800000000000,5654,5659,5654,5659,4043,937503,936010
2023-06-12 14:21:00.000000000,1686550860000000000,5659,5668,5658,5668,7763,936010,933818
2023-06-12 14:22:00.000000000,1686550920000000000,5668,5669,5664,5664,3153,933818,933087
2023-06-12 14:23:00.000000000,1686550980000000000,5664,5667,5664,5667,5259,933087,933250
2023-06-12 14:24:00.000000000,1686551040000000000,5667,5667,5664,5664,3957,933250,932932
2023-06-12 14:25:00.000000000,1686551100000000000,5664,5665,5660,5660,2072,932932,932928
2023-06-12 14:26:00.000000000,1686551160000000000,5660,5661,5659,5660,1531,932928,933002
2023-06-12 14:27:00.000000000,1686551220000000000,5660,5661,5658,5661,1102,933002,933328
2023-06-12 14:28:00.000000000,1686551280000000000,5661,5661,5659,5660,818,933328,933233
2023-06-12 14:29:00.000000000,1686551340000000000,5660,5660,5658,5660,1359,933233,933428
2023-06-12 14:30:00.000000000,1686551400000000000,5660,5660,5656,5656,1598,933428,933768
2023-06-12 14:31:00.000000000,1686551460000000000,5656,5656,5652,5653,3383,933768,933835
2023-06-12 14:32:00.000000000,1686551520000000000,5653,5654,5652,5654,1258,933835,934025
2023-06-12 14:33:00.000000000,1686551580000000000,5654,5657,5654,5656,1749,934025,934219
2023-06-12 14:34:00.000000000,1686551640000000000,5656,5657,5653,5654,1309,934219,934631
2023-06-12 14:35:00.000000000,1686551700000000000,5654,5658,5653,5654,1661,934631,935035
2023-06-12 14:36:00.000000000,1686551760000000000,5654,5656,5653,5655,1060,935035,935316
2023-06-12 14:37:00.000000000,1686551820000000000,5655,5658,5655,5656,1265,935316,935366
2023-06-12 14:38:00.000000000,1686551880000000000,5656,5656,5651,5654,2090,935366,935700
2023-06-12 14:39:00.000000000,1686551940000000000,5654,5654,5651,5652,1273,935700,936096
2023-06-12 14:40:00.000000000,1686552000000000000,5652,5655,5651,5652,2410,936096,936757
2023-06-12 14:41:00.000000000,1686552060000000000,5652,5656,5651,5654,1313,936757,936330
2023-06-12 14:42:00.000000000,1686552120000000000,5654,5655,5651,5652,1878,936330,936584
2023-06-12 14:43:00.000000000,1686552180000000000,5652,5655,5652,5655,698,936584,936702
2023-06-12 14:44:00.000000000,1686552240000000000,5655,5660,5654,5659,3171,936702,935929
2023-06-12 14:45:00.000000000,1686552300000000000,5659,5659,5653,5655,2371,935929,935647
2023-06-12 14:46:00.000000000,1686552360000000000,5655,5659,5654,5658,912,935647,935464
2023-06-12 14:47:00.000000000,1686552420000000000,5658,5664,5658,5663,3124,935464,934626
2023-06-12 14:48:00.000000000,1686552480000000000,5663,5665,5662,5664,1959,934626,933757
2023-06-12 14:49:00.000000000,1686552540000000000,5664,5666,5664,5665,1379,933757,933410
2023-06-12 14:50:00.000000000,1686552600000000000,5665,5667,5661,5662,2915,933410,932816
2023-06-12 14:51:00.000000000,1686552660000000000,5662,5666,5662,5665,2102,932816,932090
2023-06-12 14:52:00.000000000,1686552720000000000,5665,5667,5665,5666,1734,932090,931792
2023-06-12 14:53:00.000000000,1686552780000000000,5666,5666,5664,5665,1112,931792,931340
2023-06-12 14:54:00.000000000,1686552840000000000,5665,5666,5664,5666,1921,931340,930610
2023-06-12 14:55:00.000000000,1686552900000000000,5666,5672,5666,5669,4416,930610,929146
2023-06-12 14:56:00.000000000,1686552960000000000,5669,5670,5666,5669,1897,929146,928530
2023-06-12 14:57:00.000000000,1686553020000000000,5669,5669,5666,5667,1700,928530,928029
2023-06-12 14:58:00.000000000,1686553080000000000,5667,5669,5666,5666,2076,928029,927666
2023-06-12 14:59:00.000000000,1686553140000000000,5666,5667,5662,5664,3598,927666,926905
2023-06-12 21:00:00.000000000,1686574800000000000,5645,5665,5645,5657,17016,926905,928512
2023-06-12 21:01:00.000000000,1686574860000000000,5657,5662,5655,5657,7234,928512,929038
2023-06-12 21:02:00.000000000,1686574920000000000,5657,5660,5656,5656,3984,929038,929587
2023-06-12 21:03:00.000000000,1686574980000000000,5656,5662,5656,5661,3261,929587,929997
2023-06-12 21:04:00.000000000,1686575040000000000,5661,5666,5660,5664,5073,929997,929809
2023-06-12 21:05:00.000000000,1686575100000000000,5664,5668,5661,5662,3844,929809,929816
2023-06-12 21:06:00.000000000,1686575160000000000,5662,5663,5659,5659,4711,929816,930501
2023-06-12 21:07:00.000000000,1686575220000000000,5659,5663,5659,5663,1326,930501,930292
2023-06-12 21:08:00.000000000,1686575280000000000,5663,5664,5658,5658,3346,930292,930803
2023-06-12 21:09:00.000000000,1686575340000000000,5658,5661,5658,5661,1912,930803,931092
2023-06-12 21:10:00.000000000,1686575400000000000,5661,5663,5659,5663,2297,931092,931537
2023-06-12 21:11:00.000000000,1686575460000000000,5663,5665,5662,5665,1413,931537,931516
2023-06-12 21:12:00.000000000,1686575520000000000,5665,5665,5659,5659,1949,931516,931658
2023-06-12 21:13:00.000000000,1686575580000000000,5659,5661,5659,5660,1009,931658,931868
2023-06-12 21:14:00.000000000,1686575640000000000,5660,5660,5656,5657,2705,931868,932303
2023-06-12 21:15:00.000000000,1686575700000000000,5657,5658,5655,5656,2204,932303,932314
2023-06-12 21:16:00.000000000,1686575760000000000,5656,5661,5655,5656,3442,932314,932766
2023-06-12 21:17:00.000000000,1686575820000000000,5656,5658,5655,5657,818,932766,932869
2023-06-12 21:18:00.000000000,1686575880000000000,5657,5661,5657,5658,1350,932869,932854
2023-06-12 21:19:00.000000000,1686575940000000000,5658,5659,5654,5655,1830,932854,933244
2023-06-12 21:20:00.000000000,1686576000000000000,5655,5655,5652,5653,2384,933244,933368
2023-06-12 21:21:00.000000000,1686576060000000000,5653,5655,5651,5651,1701,933368,933466
2023-06-12 21:22:00.000000000,1686576120000000000,5651,5654,5651,5653,2042,933466,933904
2023-06-12 21:23:00.000000000,1686576180000000000,5653,5653,5649,5649,2261,933904,934948
2023-06-12 21:24:00.000000000,1686576240000000000,5649,5649,5641,5646,9227,934948,935821
2023-06-12 21:25:00.000000000,1686576300000000000,5646,5648,5644,5648,2211,935821,935958
2023-06-12 21:26:00.000000000,1686576360000000000,5648,5649,5646,5648,1795,935958,936398
2023-06-12 21:27:00.000000000,1686576420000000000,5648,5650,5647,5648,1856,936398,936792
2023-06-12 21:28:00.000000000,1686576480000000000,5648,5649,5646,5647,1685,936792,937317
2023-06-12 21:29:00.000000000,1686576540000000000,5647,5649,5644,5645,2901,937317,937458
2023-06-12 21:30:00.000000000,1686576600000000000,5645,5647,5643,5646,3323,937458,938493
2023-06-12 21:31:00.000000000,1686576660000000000,5646,5647,5644,5646,1513,938493,938928
2023-06-12 21:32:00.000000000,1686576720000000000,5646,5646,5641,5644,2813,938928,939735
2023-06-12 21:33:00.000000000,1686576780000000000,5644,5651,5644,5649,3308,939735,939211
2023-06-12 21:34:00.000000000,1686576840000000000,5649,5650,5646,5647,2020,939211,939526
2023-06-12 21:35:00.000000000,1686576900000000000,5647,5650,5644,5644,2727,939526,939989
2023-06-12 21:36:00.000000000,1686576960000000000,5644,5645,5638,5639,7073,939989,941290
2023-06-12 21:37:00.000000000,1686577020000000000,5639,5639,5623,5629,18392,941290,945483
2023-06-12 21:38:00.000000000,1686577080000000000,5629,5638,5628,5636,6670,945483,945691
2023-06-12 21:39:00.000000000,1686577140000000000,5636,5637,5627,5628,5308,945691,947269
2023-06-12 21:40:00.000000000,1686577200000000000,5628,5630,5615,5628,22642,947269,951647
2023-06-12 21:41:00.000000000,1686577260000000000,5628,5636,5628,5635,6590,951647,951005
2023-06-12 21:42:00.000000000,1686577320000000000,5635,5635,5627,5628,4172,951005,951779
2023-06-12 21:43:00.000000000,1686577380000000000,5628,5630,5625,5625,3775,951779,953493
2023-06-12 21:44:00.000000000,1686577440000000000,5625,5626,5607,5611,27703,953493,958107
2023-06-12 21:45:00.000000000,1686577500000000000,5611,5612,5605,5608,8987,958107,960153
2023-06-12 21:46:00.000000000,1686577560000000000,5608,5612,5607,5611,7102,960153,961350
2023-06-12 21:47:00.000000000,1686577620000000000,5611,5614,5610,5614,5954,961350,961401
2023-06-12 21:48:00.000000000,1686577680000000000,5614,5615,5608,5611,6194,961401,961875
2023-06-12 21:49:00.000000000,1686577740000000000,5611,5619,5611,5618,7249,961875,959736
2023-06-12 21:50:00.000000000,1686577800000000000,5618,5618,5613,5615,4048,959736,960784
2023-06-12 21:51:00.000000000,1686577860000000000,5615,5617,5609,5610,4779,960784,962388
2023-06-12 21:52:00.000000000,1686577920000000000,5610,5611,5605,5606,8364,962388,965237
2023-06-12 21:53:00.000000000,1686577980000000000,5606,5610,5605,5607,3999,965237,966318
2023-06-12 21:54:00.000000000,1686578040000000000,5607,5608,5600,5603,15595,966318,969601
2023-06-12 21:55:00.000000000,1686578100000000000,5603,5604,5598,5602,10492,969601,970530
2023-06-12 21:56:00.000000000,1686578160000000000,5602,5605,5601,5603,5305,970530,970854
2023-06-12 21:57:00.000000000,1686578220000000000,5603,5603,5598,5600,7328,970854,973169
2023-06-12 21:58:00.000000000,1686578280000000000,5600,5604,5597,5600,7322,973169,975164
2023-06-12 21:59:00.000000000,1686578340000000000,5600,5602,5597,5601,5454,975164,976073
2023-06-12 22:00:00.000000000,1686578400000000000,5601,5606,5598,5605,8188,976073,976844
2023-06-12 22:01:00.000000000,1686578460000000000,5605,5607,5604,5605,5246,976844,976576
2023-06-12 22:02:00.000000000,1686578520000000000,5605,5606,5602,5603,5375,976576,978563
2023-06-12 22:03:00.000000000,1686578580000000000,5603,5603,5598,5598,3875,978563,979387
2023-06-12 22:04:00.000000000,1686578640000000000,5598,5600,5596,5598,5227,979387,980082
2023-06-12 22:05:00.000000000,1686578700000000000,5598,5603,5597,5602,4068,980082,980687
2023-06-12 22:06:00.000000000,1686578760000000000,5602,5607,5600,5605,5417,980687,981401
2023-06-12 22:07:00.000000000,1686578820000000000,5605,5608,5605,5605,3539,981401,982061
2023-06-12 22:08:00.000000000,1686578880000000000,5605,5605,5602,5603,1418,982061,982429
2023-06-12 22:09:00.000000000,1686578940000000000,5603,5603,5599,5600,2210,982429,982885
2023-06-12 22:10:00.000000000,1686579000000000000,5600,5605,5600,5604,1957,982885,982863
2023-06-12 22:11:00.000000000,1686579060000000000,5604,5607,5604,5604,1410,982863,983067
2023-06-12 22:12:00.000000000,1686579120000000000,5604,5605,5602,5605,1180,983067,983142
2023-06-12 22:13:00.000000000,1686579180000000000,5605,5608,5605,5607,3399,983142,982463
2023-06-12 22:14:00.000000000,1686579240000000000,5607,5608,5605,5607,1813,982463,982293
2023-06-12 22:15:00.000000000,1686579300000000000,5607,5609,5605,5605,2571,982293,981937
2023-06-12 22:16:00.000000000,1686579360000000000,5605,5610,5605,5608,2608,981937,981528
2023-06-12 22:17:00.000000000,1686579420000000000,5608,5609,5604,5604,2567,981528,981830
2023-06-12 22:18:00.000000000,1686579480000000000,5604,5606,5603,5605,1751,981830,981990
2023-06-12 22:19:00.000000000,1686579540000000000,5605,5608,5603,5605,1525,981990,982120
2023-06-12 22:20:00.000000000,1686579600000000000,5605,5609,5604,5606,2303,982120,982231
2023-06-12 22:21:00.000000000,1686579660000000000,5606,5610,5606,5608,1961,982231,981997
2023-06-12 22:22:00.000000000,1686579720000000000,5608,5609,5605,5606,1088,981997,981881
2023-06-12 22:23:00.000000000,1686579780000000000,5606,5608,5605,5608,899,981881,981763
2023-06-12 22:24:00.000000000,1686579840000000000,5608,5615,5606,5615,5994,981763,980215
2023-06-12 22:25:00.000000000,1686579900000000000,5615,5618,5614,5615,5966,980215,978869
2023-06-12 22:26:00.000000000,1686579960000000000,5615,5619,5613,5618,3353,978869,978441
2023-06-12 22:27:00.000000000,1686580020000000000,5618,5628,5618,5624,13074,978441,974886
2023-06-12 22:28:00.000000000,1686580080000000000,5624,5625,5621,5623,4645,974886,974004
2023-06-12 22:29:00.000000000,1686580140000000000,5623,5625,5622,5623,4555,974004,973026
2023-06-12 22:30:00.000000000,1686580200000000000,5623,5626,5621,5621,3432,973026,972814
2023-06-12 22:31:00.000000000,1686580260000000000,5621,5632,5621,5627,7602,972814,971433
2023-06-12 22:32:00.000000000,1686580320000000000,5627,5629,5624,5624,3017,971433,971584
2023-06-12 22:33:00.000000000,1686580380000000000,5624,5625,5621,5623,2954,971584,971582
2023-06-12 22:34:00.000000000,1686580440000000000,5623,5625,5621,5621,1932,971582,971796
2023-06-12 22:35:00.000000000,1686580500000000000,5621,5623,5620,5623,2614,971796,972221
2023-06-12 22:36:00.000000000,1686580560000000000,5623,5624,5620,5621,1589,972221,971786
2023-06-12 22:37:00.000000000,1686580620000000000,5621,5623,5618,5619,2328,971786,971829
2023-06-12 22:38:00.000000000,1686580680000000000,5619,5626,5619,5625,2335,971829,971752
2023-06-12 22:39:00.000000000,1686580740000000000,5625,5626,5623,5626,1640,971752,971375
2023-06-12 22:40:00.000000000,1686580800000000000,5626,5629,5625,5628,3580,971375,970294
2023-06-12 22:41:00.000000000,1686580860000000000,5628,5630,5626,5629,2156,970294,969838
2023-06-12 22:42:00.000000000,1686580920000000000,5629,5629,5625,5626,2100,969838,969848
2023-06-12 22:43:00.000000000,1686580980000000000,5626,5636,5625,5634,7565,969848,967213
2023-06-12 22:44:00.000000000,1686581040000000000,5634,5636,5632,5635,4260,967213,966777
2023-06-12 22:45:00.000000000,1686581100000000000,5635,5638,5634,5637,4555,966777,965195
2023-06-12 22:46:00.000000000,1686581160000000000,5637,5638,5634,5638,2802,965195,965015
2023-06-12 22:47:00.000000000,1686581220000000000,5638,5638,5634,5636,2345,965015,964583
2023-06-12 22:48:00.000000000,1686581280000000000,5636,5642,5635,5642,4924,964583,964091
2023-06-12 22:49:00.000000000,1686581340000000000,5642,5642,5636,5638,4968,964091,963409
2023-06-12 22:50:00.000000000,1686581400000000000,5638,5640,5637,5639,2576,963409,962998
2023-06-12 22:51:00.000000000,1686581460000000000,5639,5640,5638,5639,1538,962998,962712
2023-06-12 22:52:00.000000000,1686581520000000000,5639,5640,5637,5638,2161,962712,962700
2023-06-12 22:53:00.000000000,1686581580000000000,5638,5640,5636,5636,3096,962700,963093
2023-06-12 22:54:00.000000000,1686581640000000000,5636,5640,5636,5639,2835,963093,962676
2023-06-12 22:55:00.000000000,1686581700000000000,5639,5656,5639,5653,11498,962676,958394
2023-06-12 22:56:00.000000000,1686581760000000000,5653,5662,5653,5656,12049,958394,955222
2023-06-12 22:57:00.000000000,1686581820000000000,5656,5657,5651,5655,6927,955222,953720
2023-06-12 22:58:00.000000000,1686581880000000000,5655,5655,5651,5651,2331,953720,953003
2023-06-12 22:59:00.000000000,1686581940000000000,5651,5654,5649,5652,4587,953003,951020
2023-06-13 09:00:00.000000000,1686618000000000000,5650,5656,5644,5653,7437,951020,951477
2023-06-13 09:01:00.000000000,1686618060000000000,5653,5657,5651,5655,6348,951477,951227
2023-06-13 09:02:00.000000000,1686618120000000000,5655,5655,5653,5654,4317,951227,951540
2023-06-13 09:03:00.000000000,1686618180000000000,5654,5655,5652,5654,3106,951540,951608
2023-06-13 09:04:00.000000000,1686618240000000000,5654,5658,5653,5658,4734,951608,952724
2023-06-13 09:05:00.000000000,1686618300000000000,5658,5658,5655,5656,2338,952724,952501
2023-06-13 09:06:00.000000000,1686618360000000000,5656,5665,5655,5663,5945,952501,952393
2023-06-13 09:07:00.000000000,1686618420000000000,5663,5663,5656,5657,2897,952393,952401
2023-06-13 09:08:00.000000000,1686618480000000000,5657,5660,5657,5658,1827,952401,952303
2023-06-13 09:09:00.000000000,1686618540000000000,5658,5659,5654,5655,3853,952303,952366
2023-06-13 09:10:00.000000000,1686618600000000000,5655,5661,5655,5660,3631,952366,952141
2023-06-13 09:11:00.000000000,1686618660000000000,5660,5660,5654,5655,2252,952141,952120
2023-06-13 09:12:00.000000000,1686618720000000000,5655,5656,5652,5652,2375,952120,952173
2023-06-13 09:13:00.000000000,1686618780000000000,5652,5660,5652,5659,2565,952173,952056
2023-06-13 09:14:00.000000000,1686618840000000000,5659,5662,5658,5661,2127,952056,951711
2023-06-13 09:15:00.000000000,1686618900000000000,5661,5662,5658,5660,2217,951711,951310
2023-06-13 09:16:00.000000000,1686618960000000000,5660,5661,5657,5657,1630,951310,951132
2023-06-13 09:17:00.000000000,1686619020000000000,5657,5658,5655,5656,1679,951132,950969
2023-06-13 09:18:00.000000000,1686619080000000000,5656,5658,5652,5653,1997,950969,950934
2023-06-13 09:19:00.000000000,1686619140000000000,5653,5654,5651,5652,2316,950934,951553
2023-06-13 09:20:00.000000000,1686619200000000000,5652,5652,5645,5648,5898,951553,951607
2023-06-13 09:21:00.000000000,1686619260000000000,5648,5652,5646,5649,3074,951607,951619
2023-06-13 09:22:00.000000000,1686619320000000000,5649,5649,5644,5648,2541,951619,951181
2023-06-13 09:23:00.000000000,1686619380000000000,5648,5652,5646,5652,1909,951181,950803
2023-06-13 09:24:00.000000000,1686619440000000000,5652,5653,5650,5653,1465,950803,950713
2023-06-13 09:25:00.000000000,1686619500000000000,5653,5655,5651,5654,2752,950713,950275
2023-06-13 09:26:00.000000000,1686619560000000000,5654,5655,5652,5654,1852,950275,950695
2023-06-13 09:27:00.000000000,1686619620000000000,5654,5654,5650,5650,1840,950695,950765
2023-06-13 09:28:00.000000000,1686619680000000000,5650,5653,5649,5652,1871,950765,950691
2023-06-13 09:29:00.000000000,1686619740000000000,5652,5656,5651,5655,1688,950691,950564
2023-06-13 09:30:00.000000000,1686619800000000000,5655,5656,5648,5648,2429,950564,950699
2023-06-13 09:31:00.000000000,1686619860000000000,5648,5648,5645,5647,2117,950699,950785
2023-06-13 09:32:00.000000000,1686619920000000000,5647,5652,5646,5651,2010,950785,950732
2023-06-13 09:33:00.000000000,1686619980000000000,5651,5652,5648,5650,1830,950732,950739
2023-06-13 09:34:00.000000000,1686620040000000000,5650,5652,5648,5651,1681,950739,950441
2023-06-13 09:35:00.000000000,1686620100000000000,5651,5655,5650,5654,2436,950441,950492
2023-06-13 09:36:00.000000000,1686620160000000000,5654,5654,5651,5652,976,950492,950686
2023-06-13 09:37:00.000000000,1686620220000000000,5652,5658,5652,5658,2227,950686,950924
2023-06-13 09:38:00.000000000,1686620280000000000,5658,5658,5650,5652,2698,950924,950831
2023-06-13 09:39:00.000000000,1686620340000000000,5652,5653,5648,5648,2091,950831,951104
2023-06-13 09:40:00.000000000,1686620400000000000,5648,5650,5647,5649,1379,951104,951103
2023-06-13 09:41:00.000000000,1686620460000000000,5649,5654,5648,5654,1333,951103,951043
2023-06-13 09:42:00.000000000,1686620520000000000,5654,5655,5652,5653,1309,951043,951151
2023-06-13 09:43:00.000000000,1686620580000000000,5653,5653,5650,5651,730,951151,951182
2023-06-13 09:44:00.000000000,1686620640000000000,5651,5652,5650,5652,462,951182,951208
2023-06-13 09:45:00.000000000,1686620700000000000,5652,5654,5651,5653,808,951208,951299
2023-06-13 09:46:00.000000000,1686620760000000000,5653,5657,5653,5655,1356,951299,951109
2023-06-13 09:47:00.000000000,1686620820000000000,5655,5655,5653,5653,416,951109,951219
2023-06-13 09:48:00.000000000,1686620880000000000,5653,5654,5646,5646,2479,951219,951566
2023-06-13 09:49:00.000000000,1686620940000000000,5646,5649,5646,5647,1578,951566,951778
2023-06-13 09:50:00.000000000,1686621000000000000,5647,5650,5647,5648,904,951778,951917
2023-06-13 09:51:00.000000000,1686621060000000000,5648,5649,5641,5644,4377,951917,952404
2023-06-13 09:52:00.000000000,1686621120000000000,5644,5644,5638,5639,4077,952404,952884
2023-06-13 09:53:00.000000000,1686621180000000000,5639,5643,5639,5642,2093,952884,953211
2023-06-13 09:54:00.000000000,1686621240000000000,5642,5645,5642,5645,1963,953211,953691
2023-06-13 09:55:00.000000000,1686621300000000000,5645,5646,5642,5643,1580,953691,953974
2023-06-13 09:56:00.000000000,1686621360000000000,5643,5648,5643,5647,1968,953974,954098
2023-06-13 09:57:00.000000000,1686621420000000000,5647,5649,5646,5649,1307,954098,954415
2023-06-13 09:58:00.000000000,1686621480000000000,5649,5652,5647,5649,2208,954415,954396
2023-06-13 09:59:00.000000000,1686621540000000000,5649,5651,5647,5647,1501,954396,954372
2023-06-13 10:00:00.000000000,1686621600000000000,5647,5651,5645,5650,2761,954372,954275
2023-06-13 10:01:00.000000000,1686621660000000000,5650,5655,5650,5652,3174,954275,954686
2023-06-13 10:02:00.000000000,1686621720000000000,5652,5653,5648,5649,1791,954686,954975
2023-06-13 10:03:00.000000000,1686621780000000000,5649,5649,5646,5649,1728,954975,955461
2023-06-13 10:04:00.000000000,1686621840000000000,5649,5653,5648,5652,1501,955461,955268
2023-06-13 10:05:00.000000000,1686621900000000000,5652,5652,5646,5647,1655,955268,955384
2023-06-13 10:06:00.000000000,1686621960000000000,5647,5649,5645,5647,1294,955384,955471
2023-06-13 10:07:00.000000000,1686622020000000000,5647,5650,5646,5650,897,955471,955337
2023-06-13 10:08:00.000000000,1686622080000000000,5650,5656,5647,5656,2475,955337,954596
2023-06-13 10:09:00.000000000,1686622140000000000,5656,5657,5653,5655,2279,954596,953836
2023-06-13 10:10:00.000000000,1686622200000000000,5655,5658,5655,5658,1941,953836,954024
2023-06-13 10:11:00.000000000,1686622260000000000,5658,5658,5654,5655,2355,954024,954182
2023-06-13 10:12:00.000000000,1686622320000000000,5655,5658,5654,5655,2004,954182,953752
2023-06-13 10:13:00.000000000,1686622380000000000,5655,5658,5654,5654,1835,953752,952979
2023-06-13 10:14:00.000000000,1686622440000000000,5654,5656,5654,5655,943,952979,952680
2023-06-13 10:30:00.000000000,1686623400000000000,5655,5655,5649,5651,2621,952680,952982
2023-06-13 10:31:00.000000000,1686623460000000000,5651,5658,5651,5658,2457,952982,953095
2023-06-13 10:32:00.000000000,1686623520000000000,5658,5688,5657,5680,25207,953095,946643
2023-06-13 10:33:00.000000000,1686623580000000000,5680,5686,5679,5680,6072,946643,945625
2023-06-13 10:34:00.000000000,1686623640000000000,5680,5686,5679,5685,5132,945625,944724
2023-06-13 10:35:00.000000000,1686623700000000000,5685,5687,5681,5681,4089,944724,944072
2023-06-13 10:36:00.000000000,1686623760000000000,5681,5689,5681,5686,4862,944072,943558
2023-06-13 10:37:00.000000000,1686623820000000000,5686,5689,5686,5687,3521,943558,943167
2023-06-13 10:38:00.000000000,1686623880000000000,5687,5690,5686,5689,3645,943167,942274
2023-06-13 10:39:00.000000000,1686623940000000000,5689,5695,5688,5694,6818,942274,941811
2023-06-13 10:40:00.000000000,1686624000000000000,5694,5695,5691,5694,4023,941811,941977
2023-06-13 10:41:00.000000000,1686624060000000000,5694,5695,5689,5691,3889,941977,941497
2023-06-13 10:42:00.000000000,1686624120000000000,5691,5696,5689,5689,4241,941497,941705
2023-06-13 10:43:00.000000000,1686624180000000000,5689,5695,5689,5694,3150,941705,941778
2023-06-13 10:44:00.000000000,1686624240000000000,5694,5697,5693,5695,3781,941778,940659
2023-06-13 10:45:00.000000000,1686624300000000000,5695,5695,5688,5689,4650,940659,940018
2023-06-13 10:46:00.000000000,1686624360000000000,5689,5690,5684,5685,3667,940018,939157
2023-06-13 10:47:00.000000000,1686624420000000000,5685,5686,5681,5685,4954,939157,938606
2023-06-13 10:48:00.000000000,1686624480000000000,5685,5687,5680,5684,4464,938606,937728
2023-06-13 10:49:00.000000000,1686624540000000000,5684,5686,5683,5686,1684,937728,938030
2023-06-13 10:50:00.000000000,1686624600000000000,5686,5688,5684,5686,1851,938030,938064
2023-06-13 10:51:00.000000000,1686624660000000000,5686,5689,5683,5688,2571,938064,937646
2023-06-13 10:52:00.000000000,1686624720000000000,5688,5693,5686,5689,3094,937646,937308
2023-06-13 10:53:00.000000000,1686624780000000000,5689,5692,5689,5690,1653,937308,936962
2023-06-13 10:54:00.000000000,1686624840000000000,5690,5692,5690,5692,1090,936962,937046
2023-06-13 10:55:00.000000000,1686624900000000000,5692,5693,5688,5691,2212,937046,937188
2023-06-13 10:56:00.000000000,1686624960000000000,5691,5692,5688,5692,1892,937188,937244
2023-06-13 10:57:00.000000000,1686625020000000000,5692,5694,5691,5694,1261,937244,937096
2023-06-13 10:58:00.000000000,1686625080000000000,5694,5696,5693,5694,2501,937096,937166
2023-06-13 10:59:00.000000000,1686625140000000000,5694,5694,5692,5693,2190,937166,936960
2023-06-13 11:00:00.000000000,1686625200000000000,5693,5694,5688,5688,3453,936960,936488
2023-06-13 11:01:00.000000000,1686625260000000000,5688,5695,5687,5693,3043,936488,936217
2023-06-13 11:02:00.000000000,1686625320000000000,5693,5694,5689,5692,1394,936217,936136
2023-06-13 11:03:00.000000000,1686625380000000000,5692,5692,5688,5688,1970,936136,935784
2023-06-13 11:04:00.000000000,1686625440000000000,5688,5690,5681,5681,4220,935784,935812
2023-06-13 11:05:00.000000000,1686625500000000000,5681,5682,5678,5679,4503,935812,935639
2023-06-13 11:06:00.000000000,1686625560000000000,5679,5685,5679,5684,2801,935639,934382
2023-06-13 11:07:00.000000000,1686625620000000000,5684,5687,5682,5684,2045,934382,934364
2023-06-13 11:08:00.000000000,1686625680000000000,5684,5685,5680,5682,1744,934364,934323
2023-06-13 11:09:00.000000000,1686625740000000000,5682,5687,5682,5686,1494,934323,933980
2023-06-13 11:10:00.000000000,1686625800000000000,5686,5687,5683,5685,983,933980,933828
2023-06-13 11:11:00.000000000,1686625860000000000,5685,5685,5681,5681,1018,933828,934037
2023-06-13 11:12:00.000000000,1686625920000000000,5681,5682,5675,5677,4439,934037,934635
2023-06-13 11:13:00.000000000,1686625980000000000,5677,5680,5676,5678,1990,934635,935015
2023-06-13 11:14:00.000000000,1686626040000000000,5678,5683,5677,5680,2779,935015,935069
2023-06-13 11:15:00.000000000,1686626100000000000,5680,5682,5676,5679,1845,935069,934914
2023-06-13 11:16:00.000000000,1686626160000000000,5679,5679,5676,5677,1242,934914,934939
2023-06-13 11:17:00.000000000,1686626220000000000,5677,5678,5676,5678,837,934939,935097
2023-06-13 11:18:00.000000000,1686626280000000000,5678,5683,5678,5679,3174,935097,935208
2023-06-13 11:19:00.000000000,1686626340000000000,5679,5679,5675,5679,1729,935208,935188
2023-06-13 11:20:00.000000000,1686626400000000000,5679,5681,5677,5680,1028,935188,934864
2023-06-13 11:21:00.000000000,1686626460000000000,5680,5682,5679,5680,1003,934864,934969
2023-06-13 11:22:00.000000000,1686626520000000000,5680,5684,5680,5684,994,934969,934926
2023-06-13 11:23:00.000000000,1686626580000000000,5684,5684,5680,5683,1198,934926,934854
2023-06-13 11:24:00.000000000,1686626640000000000,5683,5684,5681,5683,632,934854,934923
2023-06-13 11:25:00.000000000,1686626700000000000,5683,5685,5682,5684,1188,934923,934732
2023-06-13 11:26:00.000000000,1686626760000000000,5684,5685,5681,5683,741,934732,934548
2023-06-13 11:27:00.000000000,1686626820000000000,5683,5684,5682,5684,556,934548,934475
2023-06-13 11:28:00.000000000,1686626880000000000,5684,5685,5682,5684,652,934475,934213
2023-06-13 11:29:00.000000000,1686626940000000000,5684,5684,5682,5682,1090,934213,933917
2023-06-13 13:30:00.000000000,1686634200000000000,5681,5685,5677,5679,3852,933917,934602
2023-06-13 13:31:00.000000000,1686634260000000000,5679,5681,5676,5678,2335,934602,934667
2023-06-13 13:32:00.000000000,1686634320000000000,5678,5679,5676,5677,1804,934667,934668
2023-06-13 13:33:00.000000000,1686634380000000000,5677,5682,5675,5679,4045,934668,934212
2023-06-13 13:34:00.000000000,1686634440000000000,5679,5680,5677,5680,1513,934212,934547
2023-06-13 13:35:00.000000000,1686634500000000000,5680,5683,5678,5679,1588,934547,934593
2023-06-13 13:36:00.000000000,1686634560000000000,5679,5681,5677,5679,2248,934593,934399
2023-06-13 13:37:00.000000000,1686634620000000000,5679,5682,5676,5676,1570,934399,934610
2023-06-13 13:38:00.000000000,1686634680000000000,5676,5679,5676,5678,1695,934610,934359
2023-06-13 13:39:00.000000000,1686634740000000000,5678,5680,5676,5678,1174,934359,934197
2023-06-13 13:40:00.000000000,1686634800000000000,5678,5678,5671,5672,3795,934197,933705
2023-06-13 13:41:00.000000000,1686634860000000000,5672,5673,5669,5671,5064,933705,932414
2023-06-13 13:42:00.000000000,1686634920000000000,5671,5671,5668,5668,3067,932414,932262
2023-06-13 13:43:00.000000000,1686634980000000000,5668,5670,5666,5667,2028,932262,932556
2023-06-13 13:44:00.000000000,1686635040000000000,5667,5668,5662,5667,3945,932556,932528
2023-06-13 13:45:00.000000000,1686635100000000000,5667,5668,5666,5667,1907,932528,932658
2023-06-13 13:46:00.000000000,1686635160000000000,5667,5668,5664,5664,2161,932658,933232
2023-06-13 13:47:00.000000000,1686635220000000000,5664,5668,5663,5666,1254,933232,933404
2023-06-13 13:48:00.000000000,1686635280000000000,5666,5669,5666,5666,1803,933404,933947
2023-06-13 13:49:00.000000000,1686635340000000000,5666,5670,5666,5669,2169,933947,934431
2023-06-13 13:50:00.000000000,1686635400000000000,5669,5670,5666,5667,1666,934431,934609
2023-06-13 13:51:00.000000000,1686635460000000000,5667,5673,5666,5672,2620,934609,934595
2023-06-13 13:52:00.000000000,1686635520000000000,5672,5674,5672,5673,1705,934595,934186
2023-06-13 13:53:00.000000000,1686635580000000000,5673,5675,5672,5674,1317,934186,934178
2023-06-13 13:54:00.000000000,1686635640000000000,5674,5675,5672,5673,1035,934178,934419
2023-06-13 13:55:00.000000000,1686635700000000000,5673,5674,5672,5673,875,934419,934474
2023-06-13 13:56:00.000000000,1686635760000000000,5673,5673,5671,5672,746,934474,934614
2023-06-13 13:57:00.000000000,1686635820000000000,5672,5676,5672,5675,1621,934614,934483
2023-06-13 13:58:00.000000000,1686635880000000000,5675,5677,5674,5677,997,934483,934459
2023-06-13 13:59:00.000000000,1686635940000000000,5677,5680,5676,5680,2026,934459,934468
2023-06-13 14:00:00.000000000,1686636000000000000,5680,5681,5678,5679,2228,934468,934652
2023-06-13 14:01:00.000000000,1686636060000000000,5679,5681,5677,5679,1811,934652,935059
2023-06-13 14:02:00.000000000,1686636120000000000,5679,5681,5678,5680,1473,935059,935137
2023-06-13 14:03:00.000000000,1686636180000000000,5680,5681,5677,5678,1055,935137,935106
2023-06-13 14:04:00.000000000,1686636240000000000,5678,5680,5677,5678,958,935106,935359
2023-06-13 14:05:00.000000000,1686636300000000000,5678,5681,5677,5680,953,935359,935506
2023-06-13 14:06:00.000000000,1686636360000000000,5680,5682,5678,5679,1532,935506,935486
2023-06-13 14:07:00.000000000,1686636420000000000,5679,5680,5679,5680,861,935486,935627
2023-06-13 14:08:00.000000000,1686636480000000000,5680,5680,5678,5679,754,935627,935786
2023-06-13 14:09:00.000000000,1686636540000000000,5679,5683,5677,5678,3456,935786,936182
2023-06-13 14:10:00.000000000,1686636600000000000,5678,5679,5676,5678,1680,936182,936282
2023-06-13 14:11:00.000000000,1686636660000000000,5678,5679,5677,5679,861,936282,936158
2023-06-13 14:12:00.000000000,1686636720000000000,5679,5680,5675,5678,1528,936158,935868
2023-06-13 14:13:00.000000000,1686636780000000000,5678,5678,5672,5674,2471,935868,935568
2023-06-13 14:14:00.000000000,1686636840000000000,5674,5677,5674,5676,1027,935568,935507
2023-06-13 14:15:00.000000000,1686636900000000000,5676,5677,5673,5676,1444,935507,935546
2023-06-13 14:16:00.000000000,1686636960000000000,5676,5676,5674,5676,1315,935546,935728
2023-06-13 14:17:00.000000000,1686637020000000000,5676,5679,5676,5678,1597,935728,935717
2023-06-13 14:18:00.000000000,1686637080000000000,5678,5680,5676,5678,1906,935717,936129
2023-06-13 14:19:00.000000000,1686637140000000000,5678,5679,5677,5678,535,936129,936136
2023-06-13 14:20:00.000000000,1686637200000000000,5678,5681,5677,5680,1439,936136,935965
2023-06-13 14:21:00.000000000,1686637260000000000,5680,5682,5679,5681,1157,935965,935946
2023-06-13 14:22:00.000000000,1686637320000000000,5681,5685,5680,5681,2059,935946,935996
2023-06-13 14:23:00.000000000,1686637380000000000,5681,5682,5679,5681,770,935996,936172
2023-06-13 14:24:00.000000000,1686637440000000000,5681,5682,5680,5682,1087,936172,936407
2023-06-13 14:25:00.000000000,1686637500000000000,5682,5682,5680,5680,717,936407,936520
2023-06-13 14:26:00.000000000,1686637560000000000,5680,5682,5679,5682,820,936520,936522
2023-06-13 14:27:00.000000000,1686637620000000000,5682,5682,5679,5681,1028,936522,936222
2023-06-13 14:28:00.000000000,1686637680000000000,5681,5683,5679,5679,1861,936222,936359
2023-06-13 14:29:00.000000000,1686637740000000000,5679,5681,5677,5681,1521,936359,936673
2023-06-13 14:30:00.000000000,1686637800000000000,5681,5683,5681,5682,3843,936673,936867
2023-06-13 14:31:00.000000000,1686637860000000000,5682,5689,5681,5689,4352,936867,936311
2023-06-13 14:32:00.000000000,1686637920000000000,5689,5691,5687,5687,3816,936311,935696
2023-06-13 14:33:00.000000000,1686637980000000000,5687,5689,5686,5686,1493,935696,935584
2023-06-13 14:34:00.000000000,1686638040000000000,5686,5694,5686,5693,4735,935584,934411
2023-06-13 14:35:00.000000000,1686638100000000000,5693,5694,5690,5690,2480,934411,934571
2023-06-13 14:36:00.000000000,1686638160000000000,5690,5691,5690,5691,1322,934571,934718
2023-06-13 14:37:00.000000000,1686638220000000000,5691,5692,5690,5690,920,934718,934630
2023-06-13 14:38:00.000000000,1686638280000000000,5690,5691,5683,5683,3130,934630,934709
2023-06-13 14:39:00.000000000,1686638340000000000,5683,5684,5679,5681,5441,934709,935016
2023-06-13 14:40:00.000000000,1686638400000000000,5681,5682,5677,5678,4131,935016,935847
2023-06-13 14:41:00.000000000,1686638460000000000,5678,5679,5672,5673,4234,935847,936414
2023-06-13 14:42:00.000000000,1686638520000000000,5673,5674,5669,5672,4249,936414,936544
2023-06-13 14:43:00.000000000,1686638580000000000,5672,5674,5669,5674,3101,936544,937811
2023-06-13 14:44:00.000000000,1686638640000000000,5674,5674,5670,5671,2453,937811,938137
2023-06-13 14:45:00.000000000,1686638700000000000,5671,5673,5670,5672,1329,938137,938280
2023-06-13 14:46:00.000000000,1686638760000000000,5672,5676,5671,5676,2598,938280,938529
2023-06-13 14:47:00.000000000,1686638820000000000,5676,5677,5674,5677,1453,938529,938609
2023-06-13 14:48:00.000000000,1686638880000000000,5677,5677,5674,5675,1320,938609,938390
2023-06-13 14:49:00.000000000,1686638940000000000,5675,5679,5675,5677,1634,938390,937913
2023-06-13 14:50:00.000000000,1686639000000000000,5677,5677,5672,5675,2011,937913,937838
2023-06-13 14:51:00.000000000,1686639060000000000,5675,5678,5675,5678,1156,937838,937726
2023-06-13 14:52:00.000000000,1686639120000000000,5678,5679,5675,5676,1487,937726,938132
2023-06-13 14:53:00.000000000,1686639180000000000,5676,5680,5676,5678,2204,938132,937904
2023-06-13 14:54:00.000000000,1686639240000000000,5678,5678,5673,5675,2635,937904,938706
2023-06-13 14:55:00.000000000,1686639300000000000,5675,5677,5673,5677,2118,938706,938527
2023-06-13 14:56:00.000000000,1686639360000000000,5677,5679,5676,5679,2068,938527,938138
2023-06-13 14:57:00.000000000,1686639420000000000,5679,5686,5679,5685,3996,938138,936454
2023-06-13 14:58:00.000000000,1686639480000000000,5685,5686,5683,5686,3465,936454,935526
2023-06-13 14:59:00.000000000,1686639540000000000,5686,5690,5682,5683,5148,935526,933996
2023-06-13 21:00:00.000000000,1686661200000000000,5700,5715,5695,5697,28418,933996,931442
2023-06-13 21:01:00.000000000,1686661260000000000,5697,5702,5695,5702,10221,931442,931890
2023-06-13 21:02:00.000000000,1686661320000000000,5702,5710,5697,5700,10130,931890,932432
2023-06-13 21:03:00.000000000,1686661380000000000,5700,5709,5700,5709,6597,932432,932184
2023-06-13 21:04:00.000000000,1686661440000000000,5709,5709,5704,5704,4773,932184,932536
2023-06-13 21:05:00.000000000,1686661500000000000,5704,5710,5699,5699,7232,932536,933295
2023-06-13 21:06:00.000000000,1686661560000000000,5699,5703,5697,5698,6408,933295,933971
2023-06-13 21:07:00.000000000,1686661620000000000,5698,5705,5698,5705,3214,933971,933963
2023-06-13 21:08:00.000000000,1686661680000000000,5705,5710,5703,5710,4252,933963,933917
2023-06-13 21:09:00.000000000,1686661740000000000,5710,5720,5710,5719,10143,933917,932477
2023-06-13 21:10:00.000000000,1686661800000000000,5719,5723,5717,5722,7641,932477,932295
2023-06-13 21:11:00.000000000,1686661860000000000,5722,5723,5718,5720,5639,932295,932122
2023-06-13 21:12:00.000000000,1686661920000000000,5720,5721,5718,5718,3133,932122,932538
2023-06-13 21:13:00.000000000,1686661980000000000,5718,5720,5712,5713,4371,932538,932109
2023-06-13 21:14:00.000000000,1686662040000000000,5713,5713,5707,5708,7811,932109,930781
2023-06-13 21:15:00.000000000,1686662100000000000,5708,5713,5708,5712,5169,930781,930118
2023-06-13 21:16:00.000000000,1686662160000000000,5712,5717,5712,5717,4054,930118,929832
2023-06-13 21:17:00.000000000,1686662220000000000,5717,5717,5714,5716,1949,929832,929930
2023-06-13 21:18:00.000000000,1686662280000000000,5716,5718,5712,5713,2739,929930,929874
2023-06-13 21:19:00.000000000,1686662340000000000,5713,5719,5713,5716,3195,929874,929669
2023-06-13 21:20:00.000000000,1686662400000000000,5716,5719,5716,5718,1696,929669,929897
2023-06-13 21:21:00.000000000,1686662460000000000,5718,5719,5713,5713,2858,929897,930250
2023-06-13 21:22:00.000000000,1686662520000000000,5713,5719,5713,5719,1847,930250,930030
2023-06-13 21:23:00.000000000,1686662580000000000,5719,5728,5718,5727,9269,930030,928444
2023-06-13 21:24:00.000000000,1686662640000000000,5727,5729,5724,5727,4982,928444,928372
2023-06-13 21:25:00.000000000,1686662700000000000,5727,5730,5727,5728,5471,928372,929210
2023-06-13 21:26:00.000000000,1686662760000000000,5728,5734,5728,5734,7462,929210,928985
2023-06-13 21:27:00.000000000,1686662820000000000,5734,5735,5727,5728,5145,928985,929534
2023-06-13 21:28:00.000000000,1686662880000000000,5728,5730,5721,5722,4815,929534,929645
2023-06-13 21:29:00.000000000,1686662940000000000,5722,5724,5721,5724,3388,929645,928693
2023-06-13 21:30:00.000000000,1686663000000000000,5724,5725,5718,5719,5586,928693,928300
2023-06-13 21:31:00.000000000,1686663060000000000,5719,5721,5718,5719,2924,928300,928190
2023-06-13 21:32:00.000000000,1686663120000000000,5719,5722,5716,5717,3746,928190,928187
2023-06-13 21:33:00.000000000,1686663180000000000,5717,5720,5716,5720,3222,928187,928582
2023-06-13 21:34:00.000000000,1686663240000000000,5720,5720,5718,5718,1857,928582,929053
2023-06-13 21:35:00.000000000,1686663300000000000,5718,5722,5718,5722,2823,929053,928608
2023-06-13 21:36:00.000000000,1686663360000000000,5722,5725,5720,5725,2182,928608,928195
2023-06-13 21:37:00.000000000,1686663420000000000,5725,5725,5721,5722,1475,928195,928252
2023-06-13 21:38:00.000000000,1686663480000000000,5722,5723,5720,5721,1721,928252,928281
2023-06-13 21:39:00.000000000,1686663540000000000,5721,5724,5721,5724,886,928281,928046
2023-06-13 21:40:00.000000000,1686663600000000000,5724,5727,5724,5726,2825,928046,928149
2023-06-13 21:41:00.000000000,1686663660000000000,5726,5728,5725,5726,2670,928149,927654
2023-06-13 21:42:00.000000000,1686663720000000000,5726,5727,5723,5724,1099,927654,927723
2023-06-13 21:43:00.000000000,1686663780000000000,5724,5724,5718,5718,3289,927723,928090
2023-06-13 21:44:00.000000000,1686663840000000000,5718,5719,5716,5718,2551,928090,927866
2023-06-13 21:45:00.000000000,1686663900000000000,5718,5722,5717,5722,2098,927866,928025
2023-06-13 21:46:00.000000000,1686663960000000000,5722,5723,5718,5718,1445,928025,927944
2023-06-13 21:47:00.000000000,1686664020000000000,5718,5720,5717,5718,1021,927944,927965
2023-06-13 21:48:00.000000000,1686664080000000000,5718,5719,5714,5717,2358,927965,927909
2023-06-13 21:49:00.000000000,1686664140000000000,5717,5719,5716,5718,1434,927909,928045
2023-06-13 21:50:00.000000000,1686664200000000000,5718,5721,5717,5720,1678,928045,927890
2023-06-13 21:51:00.000000000,1686664260000000000,5720,5721,5718,5721,687,927890,927922
2023-06-13 21:52:00.000000000,1686664320000000000,5721,5723,5720,5721,1154,927922,927655
2023-06-13 21:53:00.000000000,1686664380000000000,5721,5724,5721,5723,1088,927655,927754
2023-06-13 21:54:00.000000000,1686664440000000000,5723,5723,5721,5722,425,927754,927837
2023-06-13 21:55:00.000000000,1686664500000000000,5722,5724,5721,5724,1458,927837,927787
2023-06-13 21:56:00.000000000,1686664560000000000,5724,5725,5723,5725,1287,927787,927856
2023-06-13 21:57:00.000000000,1686664620000000000,5725,5726,5724,5725,1274,927856,928147
2023-06-13 21:58:00.000000000,1686664680000000000,5725,5727,5724,5727,1948,928147,928059
2023-06-13 21:59:00.000000000,1686664740000000000,5727,5728,5726,5727,2081,928059,928139
2023-06-13 22:00:00.000000000,1686664800000000000,5727,5728,5722,5723,3346,928139,928470
2023-06-13 22:01:00.000000000,1686664860000000000,5723,5724,5721,5724,2020,928470,928280
2023-06-13 22:02:00.000000000,1686664920000000000,5724,5724,5718,5718,2410,928280,927977
2023-06-13 22:03:00.000000000,1686664980000000000,5718,5720,5717,5719,2821,927977,927216
2023-06-13 22:04:00.000000000,1686665040000000000,5719,5725,5718,5724,2521,927216,926935
2023-06-13 22:05:00.000000000,1686665100000000000,5724,5726,5722,5724,1904,926935,926492
2023-06-13 22:06:00.000000000,1686665160000000000,5724,5726,5722,5722,972,926492,926430
2023-06-13 22:07:00.000000000,1686665220000000000,5722,5728,5722,5726,2970,926430,925829
2023-06-13 22:08:00.000000000,1686665280000000000,5726,5727,5725,5726,1199,925829,925796
2023-06-13 22:09:00.000000000,1686665340000000000,5726,5727,5723,5725,1053,925796,925756
2023-06-13 22:10:00.000000000,1686665400000000000,5725,5726,5723,5726,1124,925756,925584
2023-06-13 22:11:00.000000000,1686665460000000000,5726,5727,5724,5727,1664,925584,925172
2023-06-13 22:12:00.000000000,1686665520000000000,5727,5728,5725,5726,2021,925172,925072
2023-06-13 22:13:00.000000000,1686665580000000000,5726,5727,5725,5725,591,925072,924970
2023-06-13 22:14:00.000000000,1686665640000000000,5725,5730,5725,5730,2678,924970,925160
2023-06-13 22:15:00.000000000,1686665700000000000,5730,5730,5727,5728,1726,925160,925499
2023-06-13 22:16:00.000000000,1686665760000000000,5728,5729,5721,5721,2352,925499,925260
2023-06-13 22:17:00.000000000,1686665820000000000,5721,5725,5721,5724,1696,925260,925352
2023-06-13 22:18:00.000000000,1686665880000000000,5724,5725,5722,5722,1172,925352,925236
2023-06-13 22:19:00.000000000,1686665940000000000,5722,5724,5721,5724,1579,925236,925401
2023-06-13 22:20:00.000000000,1686666000000000000,5724,5724,5721,5721,1795,925401,924997
2023-06-13 22:21:00.000000000,1686666060000000000,5721,5725,5721,5725,1374,924997,924772
2023-06-13 22:22:00.000000000,1686666120000000000,5725,5726,5723,5724,1161,924772,924705
2023-06-13 22:23:00.000000000,1686666180000000000,5724,5727,5724,5726,1371,924705,924567
2023-06-13 22:24:00.000000000,1686666240000000000,5726,5726,5722,5722,1942,924567,924558
2023-06-13 22:25:00.000000000,1686666300000000000,5722,5725,5722,5725,784,924558,924719
2023-06-13 22:26:00.000000000,1686666360000000000,5725,5725,5722,5724,798,924719,924843
2023-06-13 22:27:00.000000000,1686666420000000000,5724,5726,5724,5725,1192,924843,925053
2023-06-13 22:28:00.000000000,1686666480000000000,5725,5726,5724,5725,730,925053,925158
2023-06-13 22:29:00.000000000,1686666540000000000,5725,5726,5724,5726,1209,925158,925323
2023-06-13 22:30:00.000000000,1686666600000000000,5726,5727,5725,5726,996,925323,925038
2023-06-13 22:31:00.000000000,1686666660000000000,5726,5727,5722,5723,1705,925038,925170
2023-06-13 22:32:00.000000000,1686666720000000000,5723,5728,5723,5728,1733,925170,925024
2023-06-13 22:33:00.000000000,1686666780000000000,5728,5729,5727,5728,2079,925024,924986
2023-06-13 22:34:00.000000000,1686666840000000000,5728,5731,5728,5730,4325,924986,924759
2023-06-13 22:35:00.000000000,1686666900000000000,5730,5731,5729,5730,1796,924759,925055
2023-06-13 22:36:00.000000000,1686666960000000000,5730,5731,5728,5730,2608,925055,924360
2023-06-13 22:37:00.000000000,1686667020000000000,5730,5731,5728,5728,1558,924360,923915
2023-06-13 22:38:00.000000000,1686667080000000000,5728,5730,5727,5729,672,923915,923867
2023-06-13 22:39:00.000000000,1686667140000000000,5729,5729,5727,5728,770,923867,924052
2023-06-13 22:40:00.000000000,1686667200000000000,5728,5730,5726,5727,1293,924052,923744
2023-06-13 22:41:00.000000000,1686667260000000000,5727,5728,5724,5727,2370,923744,924145
2023-06-13 22:42:00.000000000,1686667320000000000,5727,5727,5725,5726,336,924145,924106
2023-06-13 22:43:00.000000000,1686667380000000000,5726,5727,5725,5725,720,924106,924134
2023-06-13 22:44:00.000000000,1686667440000000000,5725,5726,5724,5725,767,924134,923907
2023-06-13 22:45:00.000000000,1686667500000000000,5725,5727,5724,5727,1060,923907,923915
2023-06-13 22:46:00.000000000,1686667560000000000,5727,5727,5724,5724,560,923915,923843
2023-06-13 22:47:00.000000000,1686667620000000000,5724,5725,5722,5725,1723,923843,923694
2023-06-13 22:48:00.000000000,1686667680000000000,5725,5725,5723,5724,438,923694,923553
2023-06-13 22:49:00.000000000,1686667740000000000,5724,5725,5723,5725,714,923553,923161
2023-06-13 22:50:00.000000000,1686667800000000000,5725,5728,5724,5727,1029,923161,922838
2023-06-13 22:51:00.000000000,1686667860000000000,5727,5728,5725,5727,858,922838,922659
2023-06-13 22:52:00.000000000,1686667920000000000,5727,5728,5725,5727,673,922659,922370
2023-06-13 22:53:00.000000000,1686667980000000000,5727,5728,5725,5725,783,922370,922109
2023-06-13 22:54:00.000000000,1686668040000000000,5725,5727,5725,5726,935,922109,921838
2023-06-13 22:55:00.000000000,1686668100000000000,5726,5727,5725,5726,974,921838,921401
2023-06-13 22:56:00.000000000,1686668160000000000,5726,5726,5724,5725,1078,921401,921366
2023-06-13 22:57:00.000000000,1686668220000000000,5725,5726,5724,5725,1143,921366,920955
2023-06-13 22:58:00.000000000,1686668280000000000,5725,5725,5723,5723,1344,920955,920607
2023-06-13 22:59:00.000000000,1686668340000000000,5723,5726,5723,5725,2157,920607,919747
2023-06-14 09:00:00.000000000,1686704400000000000,5724,5724,5716,5716,7600,919747,918572
2023-06-14 09:01:00.000000000,1686704460000000000,5716,5718,5711,5716,5453,918572,917687
2023-06-14 09:02:00.000000000,1686704520000000000,5716,5722,5715,5720,3098,917687,917576
2023-06-14 09:03:00.000000000,1686704580000000000,5720,5723,5718,5722,2484,917576,917472
2023-06-14 09:04:00.000000000,1686704640000000000,5722,5723,5719,5721,1470,917472,917622
2023-06-14 09:05:00.000000000,1686704700000000000,5721,5730,5721,5728,4580,917622,917063
2023-06-14 09:06:00.000000000,1686704760000000000,5728,5729,5727,5728,2152,917063,917202
2023-06-14 09:07:00.000000000,1686704820000000000,5728,5731,5726,5729,3723,917202,917232
2023-06-14 09:08:00.000000000,1686704880000000000,5729,5733,5727,5732,3644,917232,917398
2023-06-14 09:09:00.000000000,1686704940000000000,5732,5734,5730,5733,3062,917398,917563
2023-06-14 09:10:00.000000000,1686705000000000000,5733,5740,5733,5738,8948,917563,918509
2023-06-14 09:11:00.000000000,1686705060000000000,5738,5745,5736,5740,8938,918509,918262
2023-06-14 09:12:00.000000000,1686705120000000000,5740,5740,5736,5738,4015,918262,918208
2023-06-14 09:13:00.000000000,1686705180000000000,5738,5742,5736,5740,3665,918208,919004
2023-06-14 09:14:00.000000000,1686705240000000000,5740,5750,5740,5748,10921,919004,918254
2023-06-14 09:15:00.000000000,1686705300000000000,5748,5748,5743,5744,7286,918254,917385
2023-06-14 09:16:00.000000000,1686705360000000000,5744,5745,5742,5742,2562,917385,917150
2023-06-14 09:17:00.000000000,1686705420000000000,5742,5743,5739,5739,2888,917150,917328
2023-06-14 09:18:00.000000000,1686705480000000000,5739,5741,5737,5738,2731,917328,917717
2023-06-14 09:19:00.000000000,1686705540000000000,5738,5741,5734,5741,3284,917717,916965
2023-06-14 09:20:00.000000000,1686705600000000000,5741,5742,5739,5741,1859,916965,916914
2023-06-14 09:21:00.000000000,1686705660000000000,5741,5744,5737,5738,2301,916914,916885
2023-06-14 09:22:00.000000000,1686705720000000000,5738,5742,5737,5739,2351,916885,916520
2023-06-14 09:23:00.000000000,1686705780000000000,5739,5744,5739,5743,1457,916520,916598
2023-06-14 09:24:00.000000000,1686705840000000000,5743,5747,5743,5745,2371,916598,916522
2023-06-14 09:25:00.000000000,1686705900000000000,5745,5747,5744,5744,2701,916522,916152
2023-06-14 09:26:00.000000000,1686705960000000000,5744,5745,5741,5742,2650,916152,915723
2023-06-14 09:27:00.000000000,1686706020000000000,5742,5743,5738,5741,3474,915723,914859
2023-06-14 09:28:00.000000000,1686706080000000000,5741,5744,5739,5742,4214,914859,913845
2023-06-14 09:29:00.000000000,1686706140000000000,5742,5745,5739,5744,1951,913845,913453
2023-06-14 09:30:00.000000000,1686706200000000000,5744,5745,5742,5743,3035,913453,913142
2023-06-14 09:31:00.000000000,1686706260000000000,5743,5744,5739,5740,2192,913142,913038
2023-06-14 09:32:00.000000000,1686706320000000000,5740,5741,5736,5736,2386,913038,913044
2023-06-14 09:33:00.000000000,1686706380000000000,5736,5740,5736,5739,1076,913044,912765
2023-06-14 09:34:00.000000000,1686706440000000000,5739,5740,5735,5738,1434,912765,912728
2023-06-14 09:35:00.000000000,1686706500000000000,5738,5740,5737,5738,1149,912728,912684
2023-06-14 09:36:00.000000000,1686706560000000000,5738,5741,5737,5741,893,912684,912629
2023-06-14 09:37:00.000000000,1686706620000000000,5741,5744,5740,5744,1410,912629,912464
2023-06-14 09:38:00.000000000,1686706680000000000,5744,5745,5742,5743,1509,912464,912306
2023-06-14 09:39:00.000000000,1686706740000000000,5743,5744,5742,5744,754,912306,912214
2023-06-14 09:40:00.000000000,1686706800000000000,5744,5746,5741,5742,3173,912214,912180
2023-06-14 09:41:00.000000000,1686706860000000000,5742,5745,5741,5744,1177,912180,912103
2023-06-14 09:42:00.000000000,1686706920000000000,5744,5746,5744,5744,1268,912103,912136
2023-06-14 09:43:00.000000000,1686706980000000000,5744,5746,5742,5744,1408,912136,912094
2023-06-14 09:44:00.000000000,1686707040000000000,5744,5747,5743,5743,1503,912094,912214
2023-06-14 09:45:00.000000000,1686707100000000000,5743,5745,5740,5743,1818,912214,912257
2023-06-14 09:46:00.000000000,1686707160000000000,5743,5743,5741,5743,954,912257,912186
2023-06-14 09:47:00.000000000,1686707220000000000,5743,5748,5742,5747,2812,912186,912086
2023-06-14 09:48:00.000000000,1686707280000000000,5747,5750,5746,5747,2859,912086,912104
2023-06-14 09:49:00.000000000,1686707340000000000,5747,5755,5746,5754,8310,912104,911880
2023-06-14 09:50:00.000000000,1686707400000000000,5754,5756,5752,5755,4499,911880,911047
2023-06-14 09:51:00.000000000,1686707460000000000,5755,5757,5751,5752,2887,911047,910664
2023-06-14 09:52:00.000000000,1686707520000000000,5752,5759,5752,5759,2896,910664,910046
2023-06-14 09:53:00.000000000,1686707580000000000,5759,5763,5758,5762,5997,910046,910483
2023-06-14 09:54:00.000000000,1686707640000000000,5762,5764,5759,5763,4046,910483,910771
2023-06-14 09:55:00.000000000,1686707700000000000,5763,5767,5760,5765,5327,910771,909503
2023-06-14 09:56:00.000000000,1686707760000000000,5765,5767,5763,5764,4048,909503,909296
2023-06-14 09:57:00.000000000,1686707820000000000,5764,5766,5761,5765,3644,909296,908949
2023-06-14 09:58:00.000000000,1686707880000000000,5765,5768,5764,5767,3442,908949,908417
2023-06-14 09:59:00.000000000,1686707940000000000,5767,5769,5766,5767,3436,908417,908093
2023-06-14 10:00:00.000000000,1686708000000000000,5767,5769,5762,5763,5285,908093,908042
2023-06-14 10:01:00.000000000,1686708060000000000,5763,5767,5761,5763,3948,908042,907705
2023-06-14 10:02:00.000000000,1686708120000000000,5763,5763,5760,5762,3863,907705,907688
2023-06-14 10:03:00.000000000,1686708180000000000,5762,5764,5760,5762,1739,907688,907547
2023-06-14 10:04:00.000000000,1686708240000000000,5762,5765,5759,5764,3157,907547,907518
2023-06-14 10:05:00.000000000,1686708300000000000,5764,5768,5753,5753,6593,907518,907621
2023-06-14 10:06:00.000000000,1686708360000000000,5753,5756,5751,5754,3224,907621,907750
2023-06-14 10:07:00.000000000,1686708420000000000,5754,5758,5754,5757,1427,907750,908012
2023-06-14 10:08:00.000000000,1686708480000000000,5757,5758,5755,5756,1051,908012,908021
2023-06-14 10:09:00.000000000,1686708540000000000,5756,5756,5752,5752,1678,908021,908265
2023-06-14 10:10:00.000000000,1686708600000000000,5752,5754,5751,5752,2411,908265,908169
2023-06-14 10:11:00.000000000,1686708660000000000,5752,5753,5748,5749,4024,908169,907613
2023-06-14 10:12:00.000000000,1686708720000000000,5749,5750,5747,5749,1475,907613,907598
2023-06-14 10:13:00.000000000,1686708780000000000,5749,5750,5747,5749,2344,907598,908011
2023-06-14 10:14:00.000000000,1686708840000000000,5749,5754,5749,5753,2063,908011,908458
2023-06-14 10:30:00.000000000,1686709800000000000,5753,5757,5753,5756,3217,908458,908714
2023-06-14 10:31:00.000000000,1686709860000000000,5756,5759,5756,5758,1762,908714,908762
2023-06-14 10:32:00.000000000,1686709920000000000,5758,5759,5757,5757,1749,908762,908408
2023-06-14 10:33:00.000000000,1686709980000000000,5757,5762,5756,5762,1892,908408,908205
2023-06-14 10:34:00.000000000,1686710040000000000,5762,5763,5758,5759,1855,908205,907827
2023-06-14 10:35:00.000000000,1686710100000000000,5759,5759,5753,5755,1994,907827,907580
2023-06-14 10:36:00.000000000,1686710160000000000,5755,5756,5752,5752,1657,907580,907820
2023-06-14 10:37:00.000000000,1686710220000000000,5752,5754,5752,5754,1079,907820,907587
2023-06-14 10:38:00.000000000,1686710280000000000,5754,5755,5753,5753,802,907587,907634
2023-06-14 10:39:00.000000000,1686710340000000000,5753,5756,5753,5754,1286,907634,907411
2023-06-14 10:40:00.000000000,1686710400000000000,5754,5754,5751,5752,1260,907411,907190
2023-06-14 10:41:00.000000000,1686710460000000000,5752,5753,5750,5751,1236,907190,907020
2023-06-14 10:42:00.000000000,1686710520000000000,5751,5754,5750,5752,1192,907020,906913
2023-06-14 10:43:00.000000000,1686710580000000000,5752,5753,5746,5746,3281,906913,907217
2023-06-14 10:44:00.000000000,1686710640000000000,5746,5749,5745,5747,2312,907217,906818
2023-06-14 10:45:00.000000000,1686710700000000000,5747,5748,5745,5746,1100,906818,906840
2023-06-14 10:46:00.000000000,1686710760000000000,5746,5748,5743,5744,3050,906840,906538
2023-06-14 10:47:00.000000000,1686710820000000000,5744,5744,5739,5742,4614,906538,906118
2023-06-14 10:48:00.000000000,1686710880000000000,5742,5744,5742,5744,1295,906118,905935
2023-06-14 10:49:00.000000000,1686710940000000000,5744,5745,5743,5745,1334,905935,906160
2023-06-14 10:50:00.000000000,1686711000000000000,5745,5749,5743,5749,1608,906160,906072
2023-06-14 10:51:00.000000000,1686711060000000000,5749,5751,5747,5748,2580,906072,906028
2023-06-14 10:52:00.000000000,1686711120000000000,5748,5749,5746,5749,1775,906028,906023
2023-06-14 10:53:00.000000000,1686711180000000000,5749,5751,5748,5749,1239,906023,905701
2023-06-14 10:54:00.000000000,1686711240000000000,5749,5750,5748,5748,729,905701,905710
2023-06-14 10:55:00.000000000,1686711300000000000,5748,5753,5748,5752,2680,905710,905277
2023-06-14 10:56:00.000000000,1686711360000000000,5752,5753,5750,5752,1439,905277,905641
2023-06-14 10:57:00.000000000,1686711420000000000,5752,5755,5751,5755,932,905641,905690
2023-06-14 10:58:00.000000000,1686711480000000000,5755,5757,5754,5757,1634,905690,905319
2023-06-14 10:59:00.000000000,1686711540000000000,5757,5758,5754,5756,1444,905319,905337
2023-06-14 11:00:00.000000000,1686711600000000000,5756,5758,5755,5757,1766,905337,905346
2023-06-14 11:01:00.000000000,1686711660000000000,5757,5759,5755,5756,1843,905346,904988
2023-06-14 11:02:00.000000000,1686711720000000000,5756,5758,5755,5756,988,904988,904944
2023-06-14 11:03:00.000000000,1686711780000000000,5756,5759,5755,5756,1488,904944,904959
2023-06-14 11:04:00.000000000,1686711840000000000,5756,5758,5755,5757,971,904959,904803
2023-06-14 11:05:00.000000000,1686711900000000000,5757,5762,5757,5758,2915,904803,904736
2023-06-14 11:06:00.000000000,1686711960000000000,5758,5758,5754,5755,1717,904736,904760
2023-06-14 11:07:00.000000000,1686712020000000000,5755,5757,5755,5757,1272,904760,905048
2023-06-14 11:08:00.000000000,1686712080000000000,5757,5758,5755,5757,996,905048,904955
2023-06-14 11:09:00.000000000,1686712140000000000,5757,5760,5756,5759,1399,904955,904862
2023-06-14 11:10:00.000000000,1686712200000000000,5759,5762,5759,5762,2358,904862,904456
2023-06-14 11:11:00.000000000,1686712260000000000,5762,5763,5761,5761,1995,904456,904448
2023-06-14 11:12:00.000000000,1686712320000000000,5761,5767,5760,5767,3180,904448,904608
2023-06-14 11:13:00.000000000,1686712380000000000,5767,5768,5764,5765,3380,904608,904656
2023-06-14 11:14:00.000000000,1686712440000000000,5765,5770,5765,5767,4105,904656,904592
2023-06-14 11:15:00.000000000,1686712500000000000,5767,5768,5764,5765,3011,904592,905446
2023-06-14 11:16:00.000000000,1686712560000000000,5765,5767,5764,5766,1576,905446,905436
2023-06-14 11:17:00.000000000,1686712620000000000,5766,5767,5764,5766,973,905436,905299
2023-06-14 11:18:00.000000000,1686712680000000000,5766,5768,5764,5767,1526,905299,904984
2023-06-14 11:19:00.000000000,1686712740000000000,5767,5768,5764,5765,1694,904984,904699
2023-06-14 11:20:00.000000000,1686712800000000000,5765,5769,5764,5768,2060,904699,904125
2023-06-14 11:21:00.000000000,1686712860000000000,5768,5770,5768,5770,3346,904125,903705
2023-06-14 11:22:00.000000000,1686712920000000000,5770,5774,5769,5773,3462,903705,902869
2023-06-14 11:23:00.000000000,1686712980000000000,5773,5774,5771,5772,2563,902869,902447
2023-06-14 11:24:00.000000000,1686713040000000000,5772,5773,5768,5768,2204,902447,902365
2023-06-14 11:25:00.000000000,1686713100000000000,5768,5769,5763,5767,3533,902365,901873
2023-06-14 11:26:00.000000000,1686713160000000000,5767,5774,5766,5773,2104,901873,901612
2023-06-14 11:27:00.000000000,1686713220000000000,5773,5774,5770,5771,1246,901612,901511
2023-06-14 11:28:00.000000000,1686713280000000000,5771,5774,5770,5774,1125,901511,901355
2023-06-14 11:29:00.000000000,1686713340000000000,5774,5775,5771,5773,2424,901355,901282
2023-06-14 13:30:00.000000000,1686720600000000000,5775,5775,5768,5770,6517,901282,901271
2023-06-14 13:31:00.000000000,1686720660000000000,5770,5771,5767,5769,3234,901271,901516
2023-06-14 13:32:00.000000000,1686720720000000000,5769,5777,5769,5774,4225,901516,900982
2023-06-14 13:33:00.000000000,1686720780000000000,5774,5774,5766,5766,5510,900982,899911
2023-06-14 13:34:00.000000000,1686720840000000000,5766,5768,5761,5764,6915,899911,901045
2023-06-14 13:35:00.000000000,1686720900000000000,5764,5766,5762,5764,2011,901045,900918
2023-06-14 13:36:00.000000000,1686720960000000000,5764,5766,5764,5764,1410,900918,900568
2023-06-14 13:37:00.000000000,1686721020000000000,5764,5770,5764,5770,1824,900568,900458
2023-06-14 13:38:00.000000000,1686721080000000000,5770,5772,5768,5770,2509,900458,900404
2023-06-14 13:39:00.000000000,1686721140000000000,5770,5774,5768,5773,3191,900404,900539
2023-06-14 13:40:00.000000000,1686721200000000000,5773,5780,5773,5779,5269,900539,900503
2023-06-14 13:41:00.000000000,1686721260000000000,5779,5783,5776,5780,6719,900503,899959
2023-06-14 13:42:00.000000000,1686721320000000000,5780,5788,5780,5788,5888,899959,899756
2023-06-14 13:43:00.000000000,1686721380000000000,5788,5788,5783,5787,5725,899756,899659
2023-06-14 13:44:00.000000000,1686721440000000000,5787,5789,5785,5786,4603,899659,898812
2023-06-14 13:45:00.000000000,1686721500000000000,5786,5788,5782,5786,3569,898812,899087
2023-06-14 13:46:00.000000000,1686721560000000000,5786,5789,5785,5787,2635,899087,898629
2023-06-14 13:47:00.000000000,1686721620000000000,5787,5788,5781,5782,3084,898629,898915
2023-06-14 13:48:00.000000000,1686721680000000000,5782,5784,5780,5783,2439,898915,898503
2023-06-14 13:49:00.000000000,1686721740000000000,5783,5786,5782,5786,1632,898503,898320
2023-06-14 13:50:00.000000000,1686721800000000000,5786,5786,5782,5783,1236,898320,898103
2023-06-14 13:51:00.000000000,1686721860000000000,5783,5785,5781,5783,1691,898103,897796
2023-06-14 13:52:00.000000000,1686721920000000000,5783,5783,5778,5778,3267,897796,897458
2023-06-14 13:53:00.000000000,1686721980000000000,5778,5780,5776,5777,3115,897458,897112
2023-06-14 13:54:00.000000000,1686722040000000000,5777,5780,5776,5779,4066,897112,897114
2023-06-14 13:55:00.000000000,1686722100000000000,5779,5779,5773,5775,3096,897114,897069
2023-06-14 13:56:00.000000000,1686722160000000000,5775,5776,5770,5772,3709,897069,896364
2023-06-14 13:57:00.000000000,1686722220000000000,5772,5773,5763,5770,6586,896364,896177
2023-06-14 13:58:00.000000000,1686722280000000000,5770,5770,5768,5768,3153,896177,895995
2023-06-14 13:59:00.000000000,1686722340000000000,5768,5770,5768,5769,1840,895995,895748
2023-06-14 14:00:00.000000000,1686722400000000000,5769,5770,5766,5769,2061,895748,895445
2023-06-14 14:01:00.000000000,1686722460000000000,5769,5771,5767,5769,2388,895445,895371
2023-06-14 14:02:00.000000000,1686722520000000000,5769,5773,5769,5771,2271,895371,895498
2023-06-14 14:03:00.000000000,1686722580000000000,5771,5774,5770,5771,1526,895498,895565
2023-06-14 14:04:00.000000000,1686722640000000000,5771,5771,5763,5767,3984,895565,895777
2023-06-14 14:05:00.000000000,1686722700000000000,5767,5768,5763,5767,3960,895777,895758
2023-06-14 14:06:00.000000000,1686722760000000000,5767,5767,5762,5763,3236,895758,895847
2023-06-14 14:07:00.000000000,1686722820000000000,5763,5766,5762,5766,1403,895847,895626
2023-06-14 14:08:00.000000000,1686722880000000000,5766,5770,5764,5768,2224,895626,895131
2023-06-14 14:09:00.000000000,1686722940000000000,5768,5769,5763,5764,2357,895131,895227
2023-06-14 14:10:00.000000000,1686723000000000000,5764,5767,5764,5767,1144,895227,895187
2023-06-14 14:11:00.000000000,1686723060000000000,5767,5771,5767,5770,2112,895187,895390
2023-06-14 14:12:00.000000000,1686723120000000000,5770,5773,5768,5771,1765,895390,895213
2023-06-14 14:13:00.000000000,1686723180000000000,5771,5772,5768,5772,1682,895213,895171
2023-06-14 14:14:00.000000000,1686723240000000000,5772,5772,5769,5769,1531,895171,895315
2023-06-14 14:15:00.000000000,1686723300000000000,5769,5772,5767,5769,1542,895315,895459
2023-06-14 14:16:00.000000000,1686723360000000000,5769,5769,5764,5766,1838,895459,895414
2023-06-14 14:17:00.000000000,1686723420000000000,5766,5767,5763,5764,1840,895414,895382
2023-06-14 14:18:00.000000000,1686723480000000000,5764,5765,5755,5757,6931,895382,894747
2023-06-14 14:19:00.000000000,1686723540000000000,5757,5762,5757,5762,2377,894747,895249
2023-06-14 14:20:00.000000000,1686723600000000000,5762,5766,5761,5765,2962,895249,895791
2023-06-14 14:21:00.000000000,1686723660000000000,5765,5766,5760,5763,2996,895791,894843
2023-06-14 14:22:00.000000000,1686723720000000000,5763,5767,5763,5767,1234,894843,894581
2023-06-14 14:23:00.000000000,1686723780000000000,5767,5767,5763,5764,1511,894581,894836
2023-06-14 14:24:00.000000000,1686723840000000000,5764,5767,5763,5764,1231,894836,894873
2023-06-14 14:25:00.000000000,1686723900000000000,5764,5766,5761,5761,1282,894873,894870
2023-06-14 14:26:00.000000000,1686723960000000000,5761,5761,5757,5758,3194,894870,895210
2023-06-14 14:27:00.000000000,1686724020000000000,5758,5760,5757,5758,2228,895210,895235
2023-06-14 14:28:00.000000000,1686724080000000000,5758,5760,5757,5760,1253,895235,895299
2023-06-14 14:29:00.000000000,1686724140000000000,5760,5761,5757,5758,1854,895299,895394
2023-06-14 14:30:00.000000000,1686724200000000000,5758,5761,5756,5761,3139,895394,896161
2023-06-14 14:31:00.000000000,1686724260000000000,5761,5763,5759,5759,2207,896161,895926
2023-06-14 14:32:00.000000000,1686724320000000000,5759,5761,5758,5761,1022,895926,895864
2023-06-14 14:33:00.000000000,1686724380000000000,5761,5762,5760,5760,605,895864,895804
2023-06-14 14:34:00.000000000,1686724440000000000,5760,5762,5760,5761,396,895804,895716
2023-06-14 14:35:00.000000000,1686724500000000000,5761,5763,5760,5763,870,895716,895703
2023-06-14 14:36:00.000000000,1686724560000000000,5763,5763,5757,5759,2191,895703,895823
2023-06-14 14:37:00.000000000,1686724620000000000,5759,5760,5754,5754,2820,895823,895225
2023-06-14 14:38:00.000000000,1686724680000000000,5754,5756,5752,5754,3106,895225,895417
2023-06-14 14:39:00.000000000,1686724740000000000,5754,5754,5751,5754,2233,895417,895333
2023-06-14 14:40:00.000000000,1686724800000000000,5754,5755,5748,5754,5599,895333,894697
2023-06-14 14:41:00.000000000,1686724860000000000,5754,5754,5748,5749,2769,894697,895220
2023-06-14 14:42:00.000000000,1686724920000000000,5749,5750,5744,5745,5313,895220,896267
2023-06-14 14:43:00.000000000,1686724980000000000,5745,5748,5745,5747,2409,896267,896088
2023-06-14 14:44:00.000000000,1686725040000000000,5747,5749,5744,5747,2896,896088,895910
2023-06-14 14:45:00.000000000,1686725100000000000,5747,5749,5743,5746,3472,895910,896528
2023-06-14 14:46:00.000000000,1686725160000000000,5746,5747,5743,5746,2321,896528,896274
2023-06-14 14:47:00.000000000,1686725220000000000,5746,5747,5742,5746,3246,896274,895995
2023-06-14 14:48:00.000000000,1686725280000000000,5746,5748,5744,5747,1828,895995,895903
2023-06-14 14:49:00.000000000,1686725340000000000,5747,5748,5745,5747,1293,895903,895939
2023-06-14 14:50:00.000000000,1686725400000000000,5747,5751,5745,5750,2408,895939,895914
2023-06-14 14:51:00.000000000,1686725460000000000,5750,5754,5750,5754,2952,895914,894766
2023-06-14 14:52:00.000000000,1686725520000000000,5754,5754,5751,5752,1590,894766,894546
2023-06-14 14:53:00.000000000,1686725580000000000,5752,5754,5752,5753,1438,894546,894354
2023-06-14 14:54:00.000000000,1686725640000000000,5753,5754,5749,5752,2065,894354,894074
2023-06-14 14:55:00.000000000,1686725700000000000,5752,5755,5751,5754,1662,894074,893447
2023-06-14 14:56:00.000000000,1686725760000000000,5754,5755,5752,5753,957,893447,893366
2023-06-14 14:57:00.000000000,1686725820000000000,5753,5755,5751,5755,1734,893366,892940
2023-06-14 14:58:00.000000000,1686725880000000000,5755,5755,5750,5751,2273,892940,892566
2023-06-14 14:59:00.000000000,1686725940000000000,5751,5756,5750,5756,4059,892566,891233
2023-06-14 21:00:00.000000000,1686747600000000000,5760,5771,5758,5771,19035,891233,888521
2023-06-14 21:01:00.000000000,1686747660000000000,5771,5771,5763,5767,7689,888521,888059
2023-06-14 21:02:00.000000000,1686747720000000000,5767,5769,5763,5763,6782,888059,888886
2023-06-14 21:03:00.000000000,1686747780000000000,5763,5765,5760,5761,4915,888886,889187
2023-06-14 21:04:00.000000000,1686747840000000000,5761,5766,5761,5762,3475,889187,889187
2023-06-14 21:05:00.000000000,1686747900000000000,5762,5767,5761,5765,3573,889187,888850
2023-06-14 21:06:00.000000000,1686747960000000000,5765,5766,5763,5766,1841,888850,888869
2023-06-14 21:07:00.000000000,1686748020000000000,5766,5768,5764,5766,3933,888869,889009
2023-06-14 21:08:00.000000000,1686748080000000000,5766,5767,5761,5762,3294,889009,888831
2023-06-14 21:09:00.000000000,1686748140000000000,5762,5765,5762,5765,2369,888831,889108
2023-06-14 21:10:00.000000000,1686748200000000000,5765,5765,5761,5763,2676,889108,889449
2023-06-14 21:11:00.000000000,1686748260000000000,5763,5768,5762,5767,2136,889449,889193
2023-06-14 21:12:00.000000000,1686748320000000000,5767,5771,5765,5770,3336,889193,889772
2023-06-14 21:13:00.000000000,1686748380000000000,5770,5775,5769,5773,4306,889772,889103
2023-06-14 21:14:00.000000000,1686748440000000000,5773,5773,5769,5769,2745,889103,889077
2023-06-14 21:15:00.000000000,1686748500000000000,5769,5771,5766,5766,3187,889077,889562
2023-06-14 21:16:00.000000000,1686748560000000000,5766,5768,5765,5766,1312,889562,889529
2023-06-14 21:17:00.000000000,1686748620000000000,5766,5767,5764,5765,1738,889529,889442
2023-06-14 21:18:00.000000000,1686748680000000000,5765,5767,5763,5763,2647,889442,890076
2023-06-14 21:19:00.000000000,1686748740000000000,5763,5765,5761,5762,2642,890076,890122
2023-06-14 21:20:00.000000000,1686748800000000000,5762,5765,5761,5764,2187,890122,889802
2023-06-14 21:21:00.000000000,1686748860000000000,5764,5765,5763,5763,976,889802,889698
2023-06-14 21:22:00.000000000,1686748920000000000,5763,5765,5762,5764,1334,889698,889637
2023-06-14 21:23:00.000000000,1686748980000000000,5764,5766,5763,5763,1180,889637,889729
2023-06-14 21:24:00.000000000,1686749040000000000,5763,5766,5763,5765,1157,889729,889574
2023-06-14 21:25:00.000000000,1686749100000000000,5765,5767,5763,5764,1532,889574,889612
2023-06-14 21:26:00.000000000,1686749160000000000,5764,5765,5763,5765,876,889612,889752
2023-06-14 21:27:00.000000000,1686749220000000000,5765,5766,5763,5765,1081,889752,889617
2023-06-14 21:28:00.000000000,1686749280000000000,5765,5766,5764,5764,673,889617,889455
2023-06-14 21:29:00.000000000,1686749340000000000,5764,5769,5764,5769,1508,889455,889534
2023-06-14 21:30:00.000000000,1686749400000000000,5769,5769,5766,5767,1480,889534,889572
2023-06-14 21:31:00.000000000,1686749460000000000,5767,5768,5764,5766,1882,889572,889657
2023-06-14 21:32:00.000000000,1686749520000000000,5766,5771,5766,5767,2868,889657,890042
2023-06-14 21:33:00.000000000,1686749580000000000,5767,5771,5767,5771,1652,890042,890221
2023-06-14 21:34:00.000000000,1686749640000000000,5771,5771,5767,5768,1691,890221,889876
2023-06-14 21:35:00.000000000,1686749700000000000,5768,5770,5766,5767,1384,889876,889629
2023-06-14 21:36:00.000000000,1686749760000000000,5767,5768,5763,5763,2507,889629,889988
2023-06-14 21:37:00.000000000,1686749820000000000,5763,5764,5757,5761,4020,889988,889832
2023-06-14 21:38:00.000000000,1686749880000000000,5761,5763,5760,5763,2470,889832,890750
2023-06-14 21:39:00.000000000,1686749940000000000,5763,5763,5759,5762,1777,890750,890701
2023-06-14 21:40:00.000000000,1686750000000000000,5762,5762,5757,5758,2063,890701,890587
2023-06-14 21:41:00.000000000,1686750060000000000,5758,5761,5757,5759,1648,890587,890529
2023-06-14 21:42:00.000000000,1686750120000000000,5759,5759,5755,5757,4330,890529,890766
2023-06-14 21:43:00.000000000,1686750180000000000,5757,5759,5755,5757,3530,890766,890724
2023-06-14 21:44:00.000000000,1686750240000000000,5757,5758,5755,5757,2803,890724,891057
2023-06-14 21:45:00.000000000,1686750300000000000,5757,5758,5756,5758,2697,891057,890833
2023-06-14 21:46:00.000000000,1686750360000000000,5758,5760,5757,5759,1987,890833,890922
2023-06-14 21:47:00.000000000,1686750420000000000,5759,5762,5759,5759,1634,890922,891057
2023-06-14 21:48:00.000000000,1686750480000000000,5759,5761,5758,5759,1160,891057,891240
2023-06-14 21:49:00.000000000,1686750540000000000,5759,5760,5756,5757,1436,891240,891659
2023-06-14 21:50:00.000000000,1686750600000000000,5757,5758,5757,5757,870,891659,891902
2023-06-14 21:51:00.000000000,1686750660000000000,5757,5762,5757,5762,1713,891902,891728
2023-06-14 21:52:00.000000000,1686750720000000000,5762,5763,5761,5761,1736,891728,891613
2023-06-14 21:53:00.000000000,1686750780000000000,5761,5763,5760,5762,1007,891613,891709
2023-06-14 21:54:00.000000000,1686750840000000000,5762,5766,5762,5764,1856,891709,891631
2023-06-14 21:55:00.000000000,1686750900000000000,5764,5764,5761,5761,1157,891631,891849
2023-06-14 21:56:00.000000000,1686750960000000000,5761,5763,5761,5762,1210,891849,891918
2023-06-14 21:57:00.000000000,1686751020000000000,5762,5763,5761,5761,689,891918,891954
2023-06-14 21:58:00.000000000,1686751080000000000,5761,5761,5755,5757,3384,891954,892986
2023-06-14 21:59:00.000000000,1686751140000000000,5757,5758,5756,5757,1064,892986,893002
2023-06-14 22:00:00.000000000,1686751200000000000,5757,5758,5753,5756,2984,893002,892738
2023-06-14 22:01:00.000000000,1686751260000000000,5756,5757,5753,5753,2014,892738,892621
2023-06-14 22:02:00.000000000,1686751320000000000,5753,5755,5752,5752,2577,892621,892592
2023-06-14 22:03:00.000000000,1686751380000000000,5752,5756,5752,5754,1656,892592,892765
2023-06-14 22:04:00.000000000,1686751440000000000,5754,5756,5753,5755,885,892765,892533
2023-06-14 22:05:00.000000000,1686751500000000000,5755,5757,5755,5756,869,892533,892525
2023-06-14 22:06:00.000000000,1686751560000000000,5756,5758,5756,5758,1167,892525,892566
2023-06-14 22:07:00.000000000,1686751620000000000,5758,5759,5757,5758,1496,892566,892657
2023-06-14 22:08:00.000000000,1686751680000000000,5758,5760,5758,5759,723,892657,892775
2023-06-14 22:09:00.000000000,1686751740000000000,5759,5759,5756,5757,1060,892775,892794
2023-06-14 22:10:00.000000000,1686751800000000000,5757,5760,5757,5758,1194,892794,892848
2023-06-14 22:11:00.000000000,1686751860000000000,5758,5759,5756,5757,930,892848,892774
2023-06-14 22:12:00.000000000,1686751920000000000,5757,5762,5757,5761,2052,892774,892939
2023-06-14 22:13:00.000000000,1686751980000000000,5761,5762,5760,5761,1026,892939,892996
2023-06-14 22:14:00.000000000,1686752040000000000,5761,5762,5760,5762,960,892996,893085
2023-06-14 22:15:00.000000000,1686752100000000000,5762,5763,5758,5759,1174,893085,892898
2023-06-14 22:16:00.000000000,1686752160000000000,5759,5760,5757,5759,1251,892898,893057
2023-06-14 22:17:00.000000000,1686752220000000000,5759,5761,5759,5760,650,893057,893128
2023-06-14 22:18:00.000000000,1686752280000000000,5760,5763,5760,5762,1048,893128,892977
2023-06-14 22:19:00.000000000,1686752340000000000,5762,5768,5762,5768,3282,892977,893112
2023-06-14 22:20:00.000000000,1686752400000000000,5768,5770,5767,5767,2562,893112,893077
2023-06-14 22:21:00.000000000,1686752460000000000,5767,5770,5767,5769,2188,893077,892795
2023-06-14 22:22:00.000000000,1686752520000000000,5769,5769,5765,5765,1225,892795,892900
2023-06-14 22:23:00.000000000,1686752580000000000,5765,5768,5765,5767,902,892900,892967
2023-06-14 22:24:00.000000000,1686752640000000000,5767,5770,5766,5770,1281,892967,892928
2023-06-14 22:25:00.000000000,1686752700000000000,5770,5771,5768,5769,1487,892928,892911
2023-06-14 22:26:00.000000000,1686752760000000000,5769,5770,5768,5768,810,892911,892911
2023-06-14 22:27:00.000000000,1686752820000000000,5768,5771,5768,5769,2312,892911,893294
2023-06-14 22:28:00.000000000,1686752880000000000,5769,5771,5768,5768,1324,893294,893234
2023-06-14 22:29:00.000000000,1686752940000000000,5768,5771,5768,5771,1534,893234,893308
2023-06-14 22:30:00.000000000,1686753000000000000,5771,5772,5766,5766,3462,893308,893849
2023-06-14 22:31:00.000000000,1686753060000000000,5766,5769,5766,5768,1447,893849,893636
2023-06-14 22:32:00.000000000,1686753120000000000,5768,5771,5768,5768,2092,893636,893532
2023-06-14 22:33:00.000000000,1686753180000000000,5768,5771,5768,5770,1062,893532,893779
2023-06-14 22:34:00.000000000,1686753240000000000,5770,5771,5768,5770,886,893779,893791
2023-06-14 22:35:00.000000000,1686753300000000000,5770,5770,5766,5767,1541,893791,893707
2023-06-14 22:36:00.000000000,1686753360000000000,5767,5771,5766,5768,1247,893707,893770
2023-06-14 22:37:00.000000000,1686753420000000000,5768,5775,5768,5775,2704,893770,893599
2023-06-14 22:38:00.000000000,1686753480000000000,5775,5776,5772,5773,1930,893599,893638
2023-06-14 22:39:00.000000000,1686753540000000000,5773,5774,5772,5773,1509,893638,893799
2023-06-14 22:40:00.000000000,1686753600000000000,5773,5779,5773,5776,3205,893799,893478
2023-06-14 22:41:00.000000000,1686753660000000000,5776,5785,5776,5784,6684,893478,892171
2023-06-14 22:42:00.000000000,1686753720000000000,5784,5785,5780,5781,1970,892171,892429
2023-06-14 22:43:00.000000000,1686753780000000000,5781,5781,5779,5780,1588,892429,892614
2023-06-14 22:44:00.000000000,1686753840000000000,5780,5781,5779,5779,1103,892614,892553
2023-06-14 22:45:00.000000000,1686753900000000000,5779,5781,5778,5779,1325,892553,892820
2023-06-14 22:46:00.000000000,1686753960000000000,5779,5781,5778,5779,1353,892820,892689
2023-06-14 22:47:00.000000000,1686754020000000000,5779,5780,5773,5775,3151,892689,891513
2023-06-14 22:48:00.000000000,1686754080000000000,5775,5778,5774,5775,1392,891513,891353
2023-06-14 22:49:00.000000000,1686754140000000000,5775,5775,5770,5772,2883,891353,890526
2023-06-14 22:50:00.000000000,1686754200000000000,5772,5773,5770,5772,1466,890526,890080
2023-06-14 22:51:00.000000000,1686754260000000000,5772,5775,5772,5775,1887,890080,889407
2023-06-14 22:52:00.000000000,1686754320000000000,5775,5776,5772,5773,1177,889407,889385
2023-06-14 22:53:00.000000000,1686754380000000000,5773,5773,5771,5771,847,889385,889189
2023-06-14 22:54:00.000000000,1686754440000000000,5771,5774,5771,5773,912,889189,888901
2023-06-14 22:55:00.000000000,1686754500000000000,5773,5774,5771,5772,1055,888901,889006
2023-06-14 22:56:00.000000000,1686754560000000000,5772,5774,5771,5772,1101,889006,888656
2023-06-14 22:57:00.000000000,1686754620000000000,5772,5772,5769,5770,2128,888656,887960
2023-06-14 22:58:00.000000000,1686754680000000000,5770,5770,5769,5770,1065,887960,887399
2023-06-14 22:59:00.000000000,1686754740000000000,5770,5771,5769,5771,1928,887399,886184
2023-06-15 09:00:00.000000000,1686790800000000000,5767,5768,5761,5766,7290,886184,885950
2023-06-15 09:01:00.000000000,1686790860000000000,5766,5770,5762,5764,4846,885950,886118
2023-06-15 09:02:00.000000000,1686790920000000000,5764,5768,5763,5767,2770,886118,885876
2023-06-15 09:03:00.000000000,1686790980000000000,5767,5768,5765,5768,2131,885876,886022
2023-06-15 09:04:00.000000000,1686791040000000000,5768,5769,5766,5768,1525,886022,885826
2023-06-15 09:05:00.000000000,1686791100000000000,5768,5773,5767,5767,3168,885826,885761
2023-06-15 09:06:00.000000000,1686791160000000000,5767,5768,5762,5764,2470,885761,885251
2023-06-15 09:07:00.000000000,1686791220000000000,5764,5768,5762,5764,2840,885251,885430
2023-06-15 09:08:00.000000000,1686791280000000000,5764,5765,5758,5758,5227,885430,885916
2023-06-15 09:09:00.000000000,1686791340000000000,5758,5760,5756,5757,3120,885916,886372
2023-06-15 09:10:00.000000000,1686791400000000000,5757,5760,5756,5757,2709,886372,886540
2023-06-15 09:11:00.000000000,1686791460000000000,5757,5757,5752,5752,4933,886540,887039
2023-06-15 09:12:00.000000000,1686791520000000000,5752,5757,5750,5752,4427,887039,887820
2023-06-15 09:13:00.000000000,1686791580000000000,5752,5752,5747,5750,3679,887820,888557
2023-06-15 09:14:00.000000000,1686791640000000000,5750,5752,5748,5749,1985,888557,888853
2023-06-15 09:15:00.000000000,1686791700000000000,5749,5752,5749,5752,2573,888853,889330
2023-06-15 09:16:00.000000000,1686791760000000000,5752,5754,5750,5753,2107,889330,889001
2023-06-15 09:17:00.000000000,1686791820000000000,5753,5753,5741,5743,5927,889001,889030
2023-06-15 09:18:00.000000000,1686791880000000000,5743,5750,5743,5749,3549,889030,889909
2023-06-15 09:19:00.000000000,1686791940000000000,5749,5752,5749,5750,1949,889909,889993
2023-06-15 09:20:00.000000000,1686792000000000000,5750,5753,5749,5752,1328,889993,889887
2023-06-15 09:21:00.000000000,1686792060000000000,5752,5752,5749,5751,2362,889887,890039
2023-06-15 09:22:00.000000000,1686792120000000000,5751,5751,5747,5748,2480,890039,890199
2023-06-15 09:23:00.000000000,1686792180000000000,5748,5749,5746,5747,1397,890199,890274
2023-06-15 09:24:00.000000000,1686792240000000000,5747,5747,5744,5745,2845,890274,890890
2023-06-15 09:25:00.000000000,1686792300000000000,5745,5747,5741,5742,4346,890890,891505
2023-06-15 09:26:00.000000000,1686792360000000000,5742,5743,5735,5738,6984,891505,891593
2023-06-15 09:27:00.000000000,1686792420000000000,5738,5738,5733,5736,5064,891593,892263
2023-06-15 09:28:00.000000000,1686792480000000000,5736,5736,5734,5735,3120,892263,892182
2023-06-15 09:29:00.000000000,1686792540000000000,5735,5737,5734,5735,2922,892182,891698
2023-06-15 09:30:00.000000000,1686792600000000000,5735,5739,5735,5739,2888,891698,891503
2023-06-15 09:31:00.000000000,1686792660000000000,5739,5740,5737,5739,2589,891503,891846
2023-06-15 09:32:00.000000000,1686792720000000000,5739,5742,5737,5738,2900,891846,891524
2023-06-15 09:33:00.000000000,1686792780000000000,5738,5741,5737,5738,2983,891524,891915
2023-06-15 09:34:00.000000000,1686792840000000000,5738,5740,5738,5739,1850,891915,891943
2023-06-15 09:35:00.000000000,1686792900000000000,5739,5740,5737,5740,1801,891943,891964
2023-06-15 09:36:00.000000000,1686792960000000000,5740,5740,5735,5737,1962,891964,892098
2023-06-15 09:37:00.000000000,1686793020000000000,5737,5738,5729,5729,4530,892098,891741
2023-06-15 09:38:00.000000000,1686793080000000000,5729,5730,5725,5726,4633,891741,892015
2023-06-15 09:39:00.000000000,1686793140000000000,5726,5727,5723,5727,4276,892015,892205
2023-06-15 09:40:00.000000000,1686793200000000000,5727,5730,5725,5730,3019,892205,892070
2023-06-15 09:41:00.000000000,1686793260000000000,5730,5733,5729,5730,2966,892070,892009
2023-06-15 09:42:00.000000000,1686793320000000000,5730,5730,5727,5728,1799,892009,892595
2023-06-15 09:43:00.000000000,1686793380000000000,5728,5735,5727,5735,2466,892595,892040
2023-06-15 09:44:00.000000000,1686793440000000000,5735,5735,5732,5733,1451,892040,891852
2023-06-15 09:45:00.000000000,1686793500000000000,5733,5738,5733,5734,2985,891852,891745
2023-06-15 09:46:00.000000000,1686793560000000000,5734,5737,5733,5735,2270,891745,892179
2023-06-15 09:47:00.000000000,1686793620000000000,5735,5736,5730,5734,2844,892179,892376
2023-06-15 09:48:00.000000000,1686793680000000000,5734,5735,5732,5734,1375,892376,892122
2023-06-15 09:49:00.000000000,1686793740000000000,5734,5737,5732,5735,1335,892122,892328
2023-06-15 09:50:00.000000000,1686793800000000000,5735,5736,5729,5730,3039,892328,892979
2023-06-15 09:51:00.000000000,1686793860000000000,5730,5734,5730,5730,1137,892979,893286
2023-06-15 09:52:00.000000000,1686793920000000000,5730,5735,5729,5734,1585,893286,893568
2023-06-15 09:53:00.000000000,1686793980000000000,5734,5734,5732,5734,934,893568,893381
2023-06-15 09:54:00.000000000,1686794040000000000,5734,5734,5730,5732,1045,893381,893512
2023-06-15 09:55:00.000000000,1686794100000000000,5732,5733,5729,5733,1427,893512,893513
2023-06-15 09:56:00.000000000,1686794160000000000,5733,5733,5726,5727,2374,893513,893793
2023-06-15 09:57:00.000000000,1686794220000000000,5727,5728,5725,5726,1990,893793,894123
2023-06-15 09:58:00.000000000,1686794280000000000,5726,5727,5723,5724,2228,894123,894481
2023-06-15 09:59:00.000000000,1686794340000000000,5724,5725,5721,5722,3314,894481,894888
2023-06-15 10:00:00.000000000,1686794400000000000,5722,5726,5722,5723,2672,894888,894989
2023-06-15 10:01:00.000000000,1686794460000000000,5723,5727,5723,5725,1546,894989,895020
2023-06-15 10:02:00.000000000,1686794520000000000,5725,5727,5724,5724,1792,895020,894966
2023-06-15 10:03:00.000000000,1686794580000000000,5724,5725,5721,5725,2569,894966,895416
2023-06-15 10:04:00.000000000,1686794640000000000,5725,5729,5724,5729,2966,895416,895781
2023-06-15 10:05:00.000000000,1686794700000000000,5729,5729,5726,5728,1650,895781,895963
2023-06-15 10:06:00.000000000,1686794760000000000,5728,5731,5726,5731,2973,895963,896434
2023-06-15 10:07:00.000000000,1686794820000000000,5731,5732,5729,5731,1538,896434,896581
2023-06-15 10:08:00.000000000,1686794880000000000,5731,5731,5726,5728,2003,896581,897232
2023-06-15 10:09:00.000000000,1686794940000000000,5728,5730,5728,5728,2559,897232,898120
2023-06-15 10:10:00.000000000,1686795000000000000,5728,5729,5723,5725,1917,898120,898583
2023-06-15 10:11:00.000000000,1686795060000000000,5725,5726,5724,5725,1364,898583,898946
2023-06-15 10:12:00.000000000,1686795120000000000,5725,5726,5724,5724,505,898946,898987
2023-06-15 10:13:00.000000000,1686795180000000000,5724,5728,5724,5726,2127,898987,899159
2023-06-15 10:14:00.000000000,1686795240000000000,5726,5727,5723,5723,1501,899159,899109
2023-06-15 10:30:00.000000000,1686796200000000000,5723,5728,5723,5725,3199,899109,899454
2023-06-15 10:31:00.000000000,1686796260000000000,5725,5726,5717,5721,5746,899454,900210
2023-06-15 10:32:00.000000000,1686796320000000000,5721,5721,5712,5715,6013,900210,901670
2023-06-15 10:33:00.000000000,1686796380000000000,5715,5717,5712,5714,8112,901670,902535
2023-06-15 10:34:00.000000000,1686796440000000000,5714,5714,5706,5707,8953,902535,903891
2023-06-15 10:35:00.000000000,1686796500000000000,5707,5710,5704,5710,5305,903891,904925
2023-06-15 10:36:00.000000000,1686796560000000000,5710,5711,5708,5709,3298,904925,905397
2023-06-15 10:37:00.000000000,1686796620000000000,5709,5709,5706,5708,3090,905397,906306
2023-06-15 10:38:00.000000000,1686796680000000000,5708,5711,5708,5709,2678,906306,906793
2023-06-15 10:39:00.000000000,1686796740000000000,5709,5711,5706,5707,2773,906793,906801
2023-06-15 10:40:00.000000000,1686796800000000000,5707,5708,5706,5707,1675,906801,907109
2023-06-15 10:41:00.000000000,1686796860000000000,5707,5708,5704,5707,3659,907109,907324
2023-06-15 10:42:00.000000000,1686796920000000000,5707,5707,5703,5704,3135,907324,908279
2023-06-15 10:43:00.000000000,1686796980000000000,5704,5704,5700,5704,6207,908279,908965
2023-06-15 10:44:00.000000000,1686797040000000000,5704,5704,5696,5698,7350,908965,909537
2023-06-15 10:45:00.000000000,1686797100000000000,5698,5703,5697,5702,5577,909537,910361
2023-06-15 10:46:00.000000000,1686797160000000000,5702,5703,5697,5701,4893,910361,911215
2023-06-15 10:47:00.000000000,1686797220000000000,5701,5701,5697,5697,2586,911215,911295
2023-06-15 10:48:00.000000000,1686797280000000000,5697,5699,5695,5699,3633,911295,912080
2023-06-15 10:49:00.000000000,1686797340000000000,5699,5699,5690,5690,10543,912080,914087
2023-06-15 10:50:00.000000000,1686797400000000000,5690,5694,5686,5688,9394,914087,915695
2023-06-15 10:51:00.000000000,1686797460000000000,5688,5689,5686,5689,5687,915695,916618
2023-06-15 10:52:00.000000000,1686797520000000000,5689,5691,5687,5687,4820,916618,917780
2023-06-15 10:53:00.000000000,1686797580000000000,5687,5689,5684,5685,5617,917780,918678
2023-06-15 10:54:00.000000000,1686797640000000000,5685,5688,5684,5686,3831,918678,919585
2023-06-15 10:55:00.000000000,1686797700000000000,5686,5689,5685,5688,3184,919585,920098
2023-06-15 10:56:00.000000000,1686797760000000000,5688,5689,5686,5686,3346,920098,920855
2023-06-15 10:57:00.000000000,1686797820000000000,5686,5686,5684,5685,2776,920855,920987
2023-06-15 10:58:00.000000000,1686797880000000000,5685,5685,5682,5684,4571,920987,921343
2023-06-15 10:59:00.000000000,1686797940000000000,5684,5685,5682,5683,3233,921343,921594
2023-06-15 11:00:00.000000000,1686798000000000000,5683,5688,5683,5686,5569,921594,922358
2023-06-15 11:01:00.000000000,1686798060000000000,5686,5687,5680,5681,4599,922358,922831
2023-06-15 11:02:00.000000000,1686798120000000000,5681,5685,5680,5684,3647,922831,924460
2023-06-15 11:03:00.000000000,1686798180000000000,5684,5684,5681,5681,3695,924460,924315
2023-06-15 11:04:00.000000000,1686798240000000000,5681,5686,5680,5683,4493,924315,924888
2023-06-15 11:05:00.000000000,1686798300000000000,5683,5684,5680,5682,3353,924888,925374
2023-06-15 11:06:00.000000000,1686798360000000000,5682,5685,5680,5684,2453,925374,925424
2023-06-15 11:07:00.000000000,1686798420000000000,5684,5686,5682,5685,1754,925424,925705
2023-06-15 11:08:00.000000000,1686798480000000000,5685,5689,5683,5687,3714,925705,924718
2023-06-15 11:09:00.000000000,1686798540000000000,5687,5688,5685,5685,1970,924718,924885
2023-06-15 11:10:00.000000000,1686798600000000000,5685,5692,5685,5691,5139,924885,924184
2023-06-15 11:11:00.000000000,1686798660000000000,5691,5694,5690,5693,5187,924184,922369
2023-06-15 11:12:00.000000000,1686798720000000000,5693,5696,5693,5693,4239,922369,922689
2023-06-15 11:13:00.000000000,1686798780000000000,5693,5695,5691,5694,2515,922689,922618
2023-06-15 11:14:00.000000000,1686798840000000000,5694,5694,5691,5693,1810,922618,922335
2023-06-15 11:15:00.000000000,1686798900000000000,5693,5693,5689,5691,3267,922335,922079
2023-06-15 11:16:00.000000000,1686798960000000000,5691,5698,5690,5698,4831,922079,921429
2023-06-15 11:17:00.000000000,1686799020000000000,5698,5698,5694,5695,2831,921429,921836
2023-06-15 11:18:00.000000000,1686799080000000000,5695,5697,5694,5696,1749,921836,921545
2023-06-15 11:19:00.000000000,1686799140000000000,5696,5698,5695,5697,1688,921545,921081
2023-06-15 11:20:00.000000000,1686799200000000000,5697,5697,5695,5695,1342,921081,920819
2023-06-15 11:21:00.000000000,1686799260000000000,5695,5700,5695,5696,3127,920819,920296
2023-06-15 11:22:00.000000000,1686799320000000000,5696,5700,5696,5696,2511,920296,919840
2023-06-15 11:23:00.000000000,1686799380000000000,5696,5697,5693,5695,2479,919840,919472
2023-06-15 11:24:00.000000000,1686799440000000000,5695,5700,5694,5699,2510,919472,919317
2023-06-15 11:25:00.000000000,1686799500000000000,5699,5700,5696,5696,2328,919317,919435
2023-06-15 11:26:00.000000000,1686799560000000000,5696,5699,5696,5698,2071,919435,919314
2023-06-15 11:27:00.000000000,1686799620000000000,5698,5703,5698,5700,4507,919314,918671
2023-06-15 11:28:00.000000000,1686799680000000000,5700,5703,5700,5700,2881,918671,917689
2023-06-15 11:29:00.000000000,1686799740000000000,5700,5701,5698,5700,2363,917689,916810
2023-06-15 13:30:00.000000000,1686807000000000000,5705,5715,5705,5711,12901,916810,915350
2023-06-15 13:31:00.000000000,1686807060000000000,5711,5714,5708,5714,5864,915350,914200
2023-06-15 13:32:00.000000000,1686807120000000000,5714,5715,5709,5709,3336,914200,913917
2023-06-15 13:33:00.000000000,1686807180000000000,5709,5714,5709,5713,2641,913917,913922
2023-06-15 13:34:00.000000000,1686807240000000000,5713,5714,5711,5713,3253,913922,913567
2023-06-15 13:35:00.000000000,1686807300000000000,5713,5723,5712,5722,7414,913567,912401
2023-06-15 13:36:00.000000000,1686807360000000000,5722,5722,5716,5721,5708,912401,911047
2023-06-15 13:37:00.000000000,1686807420000000000,5721,5721,5715,5715,3662,911047,910525
2023-06-15 13:38:00.000000000,1686807480000000000,5715,5720,5715,5718,1664,910525,910393
2023-06-15 13:39:00.000000000,1686807540000000000,5718,5723,5716,5722,2628,910393,910117
2023-06-15 13:40:00.000000000,1686807600000000000,5722,5726,5720,5725,4998,910117,909298
2023-06-15 13:41:00.000000000,1686807660000000000,5725,5728,5723,5724,5201,909298,908230
2023-06-15 13:42:00.000000000,1686807720000000000,5724,5727,5724,5726,3337,908230,907670
2023-06-15 13:43:00.000000000,1686807780000000000,5726,5726,5722,5724,3181,907670,906872
2023-06-15 13:44:00.000000000,1686807840000000000,5724,5727,5724,5727,2511,906872,906379
2023-06-15 13:45:00.000000000,1686807900000000000,5727,5727,5722,5723,4086,906379,905564
2023-06-15 13:46:00.000000000,1686807960000000000,5723,5727,5722,5725,2911,905564,905565
2023-06-15 13:47:00.000000000,1686808020000000000,5725,5726,5723,5725,1741,905565,905772
2023-06-15 13:48:00.000000000,1686808080000000000,5725,5727,5724,5726,1795,905772,906072
2023-06-15 13:49:00.000000000,1686808140000000000,5726,5730,5725,5729,3704,906072,906065
2023-06-15 13:50:00.000000000,1686808200000000000,5729,5730,5727,5729,3011,906065,906208
2023-06-15 13:51:00.000000000,1686808260000000000,5729,5730,5727,5729,2971,906208,906374
2023-06-15 13:52:00.000000000,1686808320000000000,5729,5730,5727,5728,1434,906374,906901
2023-06-15 13:53:00.000000000,1686808380000000000,5728,5728,5727,5727,1500,906901,906755
2023-06-15 13:54:00.000000000,1686808440000000000,5727,5732,5727,5731,2709,906755,907482
2023-06-15 13:55:00.000000000,1686808500000000000,5731,5731,5726,5726,2540,907482,907626
2023-06-15 13:56:00.000000000,1686808560000000000,5726,5728,5724,5726,2506,907626,907404
2023-06-15 13:57:00.000000000,1686808620000000000,5726,5729,5724,5724,2400,907404,907450
2023-06-15 13:58:00.000000000,1686808680000000000,5724,5729,5724,5729,2544,907450,908287
2023-06-15 13:59:00.000000000,1686808740000000000,5729,5730,5727,5730,1965,908287,908759
2023-06-15 14:00:00.000000000,1686808800000000000,5730,5731,5728,5729,2085,908759,908751
2023-06-15 14:01:00.000000000,1686808860000000000,5729,5731,5728,5729,1794,908751,908448
2023-06-15 14:02:00.000000000,1686808920000000000,5729,5730,5729,5730,994,908448,908457
2023-06-15 14:03:00.000000000,1686808980000000000,5730,5733,5729,5732,2042,908457,908552
2023-06-15 14:04:00.000000000,1686809040000000000,5732,5736,5732,5735,3312,908552,907780
2023-06-15 14:05:00.000000000,1686809100000000000,5735,5736,5733,5734,2803,907780,907390
2023-06-15 14:06:00.000000000,1686809160000000000,5734,5734,5729,5732,3064,907390,907491
2023-06-15 14:07:00.000000000,1686809220000000000,5732,5734,5732,5733,1253,907491,907848
2023-06-15 14:08:00.000000000,1686809280000000000,5733,5735,5732,5735,1430,907848,907898
2023-06-15 14:09:00.000000000,1686809340000000000,5735,5738,5735,5737,2931,907898,907877
2023-06-15 14:10:00.000000000,1686809400000000000,5737,5738,5735,5735,1699,907877,908012
2023-06-15 14:11:00.000000000,1686809460000000000,5735,5737,5733,5736,2718,908012,908367
2023-06-15 14:12:00.000000000,1686809520000000000,5736,5744,5736,5739,7999,908367,907196
2023-06-15 14:13:00.000000000,1686809580000000000,5739,5741,5738,5741,3119,907196,906349
2023-06-15 14:14:00.000000000,1686809640000000000,5741,5744,5740,5743,3999,906349,906253
2023-06-15 14:15:00.000000000,1686809700000000000,5743,5743,5740,5741,3189,906253,906405
2023-06-15 14:16:00.000000000,1686809760000000000,5741,5743,5738,5739,2260,906405,906435
2023-06-15 14:17:00.000000000,1686809820000000000,5739,5740,5737,5738,2631,906435,906103
2023-06-15 14:18:00.000000000,1686809880000000000,5738,5738,5735,5735,2940,906103,906259
2023-06-15 14:19:00.000000000,1686809940000000000,5735,5737,5734,5734,2048,906259,906291
2023-06-15 14:20:00.000000000,1686810000000000000,5734,5736,5733,5736,2157,906291,906635
2023-06-15 14:21:00.000000000,1686810060000000000,5736,5737,5734,5736,1471,906635,906410
2023-06-15 14:22:00.000000000,1686810120000000000,5736,5736,5731,5732,2216,906410,905999
2023-06-15 14:23:00.000000000,1686810180000000000,5732,5733,5730,5730,3579,905999,905315
2023-06-15 14:24:00.000000000,1686810240000000000,5730,5733,5730,5733,1666,905315,905114
2023-06-15 14:25:00.000000000,1686810300000000000,5733,5733,5731,5732,1547,905114,905503
2023-06-15 14:26:00.000000000,1686810360000000000,5732,5732,5727,5727,3282,905503,905524
2023-06-15 14:27:00.000000000,1686810420000000000,5727,5728,5722,5724,5415,905524,905517
2023-06-15 14:28:00.000000000,1686810480000000000,5724,5725,5723,5724,2271,905517,905543
2023-06-15 14:29:00.000000000,1686810540000000000,5724,5730,5723,5728,3524,905543,906035
2023-06-15 14:30:00.000000000,1686810600000000000,5728,5732,5728,5730,2994,906035,906839
2023-06-15 14:31:00.000000000,1686810660000000000,5730,5731,5729,5730,1707,906839,906834
2023-06-15 14:32:00.000000000,1686810720000000000,5730,5730,5728,5730,1071,906834,907042
2023-06-15 14:33:00.000000000,1686810780000000000,5730,5734,5730,5733,3047,907042,907756
2023-06-15 14:34:00.000000000,1686810840000000000,5733,5735,5730,5732,2563,907756,907580
2023-06-15 14:35:00.000000000,1686810900000000000,5732,5733,5729,5730,1814,907580,907693
2023-06-15 14:36:00.000000000,1686810960000000000,5730,5730,5723,5725,4303,907693,908163
2023-06-15 14:37:00.000000000,1686811020000000000,5725,5725,5722,5723,3062,908163,908535
2023-06-15 14:38:00.000000000,1686811080000000000,5723,5724,5720,5723,4305,908535,908972
2023-06-15 14:39:00.000000000,1686811140000000000,5723,5725,5722,5724,1792,908972,909287
2023-06-15 14:40:00.000000000,1686811200000000000,5724,5728,5723,5727,1379,909287,909105
2023-06-15 14:41:00.000000000,1686811260000000000,5727,5727,5720,5721,2665,909105,909408
2023-06-15 14:42:00.000000000,1686811320000000000,5721,5722,5718,5720,3133,909408,909706
2023-06-15 14:43:00.000000000,1686811380000000000,5720,5721,5718,5720,1485,909706,909615
2023-06-15 14:44:00.000000000,1686811440000000000,5720,5722,5719,5721,1556,909615,909769
2023-06-15 14:45:00.000000000,1686811500000000000,5721,5722,5719,5721,2142,909769,909634
2023-06-15 14:46:00.000000000,1686811560000000000,5721,5721,5716,5718,2758,909634,909829
2023-06-15 14:47:00.000000000,1686811620000000000,5718,5718,5717,5718,1468,909829,909932
2023-06-15 14:48:00.000000000,1686811680000000000,5718,5722,5715,5721,3377,909932,909641
2023-06-15 14:49:00.000000000,1686811740000000000,5721,5727,5720,5725,2670,909641,909213
2023-06-15 14:50:00.000000000,1686811800000000000,5725,5727,5724,5727,1340,909213,909148
2023-06-15 14:51:00.000000000,1686811860000000000,5727,5728,5725,5725,1640,909148,909214
2023-06-15 14:52:00.000000000,1686811920000000000,5725,5728,5725,5727,1280,909214,908993
2023-06-15 14:53:00.000000000,1686811980000000000,5727,5728,5725,5727,1774,908993,908822
2023-06-15 14:54:00.000000000,1686812040000000000,5727,5729,5726,5728,1429,908822,908503
2023-06-15 14:55:00.000000000,1686812100000000000,5728,5728,5725,5727,1711,908503,908212
2023-06-15 14:56:00.000000000,1686812160000000000,5727,5729,5727,5728,1887,908212,908177
2023-06-15 14:57:00.000000000,1686812220000000000,5728,5728,5726,5727,2135,908177,908174
2023-06-15 14:58:00.000000000,1686812280000000000,5727,5728,5726,5728,2488,908174,908054
2023-06-15 14:59:00.000000000,1686812340000000000,5728,5730,5727,5730,3838,908054,907283
2023-06-15 21:00:00.000000000,1686834000000000000,5730,5740,5730,5739,15537,907283,907628
2023-06-15 21:01:00.000000000,1686834060000000000,5739,5750,5739,5745,11251,907628,906745
2023-06-15 21:02:00.000000000,1686834120000000000,5745,5752,5745,5749,8845,906745,906772
2023-06-15 21:03:00.000000000,1686834180000000000,5749,5753,5745,5746,6846,906772,907566
2023-06-15 21:04:00.000000000,1686834240000000000,5746,5747,5744,5746,5951,907566,907596
2023-06-15 21:05:00.000000000,1686834300000000000,5746,5747,5740,5741,5708,907596,907506
2023-06-15 21:06:00.000000000,1686834360000000000,5741,5741,5736,5740,3675,907506,907272
2023-06-15 21:07:00.000000000,1686834420000000000,5740,5740,5735,5737,2611,907272,907852
2023-06-15 21:08:00.000000000,1686834480000000000,5737,5738,5735,5737,2498,907852,907646
2023-06-15 21:09:00.000000000,1686834540000000000,5737,5741,5736,5739,2680,907646,907952
2023-06-15 21:10:00.000000000,1686834600000000000,5739,5739,5735,5736,2474,907952,908569
2023-06-15 21:11:00.000000000,1686834660000000000,5736,5739,5735,5738,2095,908569,908889
2023-06-15 21:12:00.000000000,1686834720000000000,5738,5742,5738,5741,2954,908889,909119
2023-06-15 21:13:00.000000000,1686834780000000000,5741,5744,5741,5742,2638,909119,909446
2023-06-15 21:14:00.000000000,1686834840000000000,5742,5744,5741,5742,2193,909446,910039
2023-06-15 21:15:00.000000000,1686834900000000000,5742,5744,5740,5740,1917,910039,910392
2023-06-15 21:16:00.000000000,1686834960000000000,5740,5741,5733,5734,5448,910392,911228
2023-06-15 21:17:00.000000000,1686835020000000000,5734,5735,5732,5732,3291,911228,911704
2023-06-15 21:18:00.000000000,1686835080000000000,5732,5736,5732,5735,1910,911704,912220
2023-06-15 21:19:00.000000000,1686835140000000000,5735,5736,5734,5735,1079,912220,912456
2023-06-15 21:20:00.000000000,1686835200000000000,5735,5737,5734,5735,1655,912456,912796
2023-06-15 21:21:00.000000000,1686835260000000000,5735,5736,5732,5736,2129,912796,912631
2023-06-15 21:22:00.000000000,1686835320000000000,5736,5740,5735,5739,2557,912631,912674
2023-06-15 21:23:00.000000000,1686835380000000000,5739,5743,5739,5741,2779,912674,912956
2023-06-15 21:24:00.000000000,1686835440000000000,5741,5741,5739,5739,1498,912956,913168
2023-06-15 21:25:00.000000000,1686835500000000000,5739,5739,5736,5736,1479,913168,913293
2023-06-15 21:26:00.000000000,1686835560000000000,5736,5737,5734,5734,1976,913293,913493
2023-06-15 21:27:00.000000000,1686835620000000000,5734,5736,5734,5734,1364,913493,913685
2023-06-15 21:28:00.000000000,1686835680000000000,5734,5737,5733,5736,2066,913685,913907
2023-06-15 21:29:00.000000000,1686835740000000000,5736,5738,5733,5733,1730,913907,913984
2023-06-15 21:30:00.000000000,1686835800000000000,5733,5737,5733,5736,1825,913984,913779
2023-06-15 21:31:00.000000000,1686835860000000000,5736,5738,5735,5737,2810,913779,914037
2023-06-15 21:32:00.000000000,1686835920000000000,5737,5739,5735,5738,1757,914037,913995
2023-06-15 21:33:00.000000000,1686835980000000000,5738,5738,5735,5736,1987,913995,914078
2023-06-15 21:34:00.000000000,1686836040000000000,5736,5742,5735,5740,3140,914078,913628
2023-06-15 21:35:00.000000000,1686836100000000000,5740,5742,5738,5739,2936,913628,914070
2023-06-15 21:36:00.000000000,1686836160000000000,5739,5740,5738,5738,1397,914070,914137
2023-06-15 21:37:00.000000000,1686836220000000000,5738,5744,5738,5743,3236,914137,914247
2023-06-15 21:38:00.000000000,1686836280000000000,5743,5743,5738,5739,2352,914247,914350
2023-06-15 21:39:00.000000000,1686836340000000000,5739,5744,5739,5744,1996,914350,914178
2023-06-15 21:40:00.000000000,1686836400000000000,5744,5744,5740,5743,3309,914178,913832
2023-06-15 21:41:00.000000000,1686836460000000000,5743,5744,5742,5742,2234,913832,913485
2023-06-15 21:42:00.000000000,1686836520000000000,5742,5745,5742,5744,1976,913485,913825
2023-06-15 21:43:00.000000000,1686836580000000000,5744,5746,5743,5746,1699,913825,914089
2023-06-15 21:44:00.000000000,1686836640000000000,5746,5746,5743,5744,1644,914089,914292
2023-06-15 21:45:00.000000000,1686836700000000000,5744,5745,5739,5739,3003,914292,914385
2023-06-15 21:46:00.000000000,1686836760000000000,5739,5742,5739,5740,1728,914385,914465
2023-06-15 21:47:00.000000000,1686836820000000000,5740,5741,5737,5739,2497,914465,914119
2023-06-15 21:48:00.000000000,1686836880000000000,5739,5743,5738,5742,2135,914119,913377
2023-06-15 21:49:00.000000000,1686836940000000000,5742,5743,5740,5741,948,913377,913337
2023-06-15 21:50:00.000000000,1686837000000000000,5741,5741,5739,5740,751,913337,913288
2023-06-15 21:51:00.000000000,1686837060000000000,5740,5740,5738,5739,1040,913288,913414
2023-06-15 21:52:00.000000000,1686837120000000000,5739,5740,5736,5736,1657,913414,913410
2023-06-15 21:53:00.000000000,1686837180000000000,5736,5738,5736,5737,1250,913410,913548
2023-06-15 21:54:00.000000000,1686837240000000000,5737,5739,5736,5737,739,913548,913684
2023-06-15 21:55:00.000000000,1686837300000000000,5737,5740,5737,5739,1571,913684,913795
2023-06-15 21:56:00.000000000,1686837360000000000,5739,5742,5739,5742,845,913795,913833
2023-06-15 21:57:00.000000000,1686837420000000000,5742,5742,5740,5741,1178,913833,913851
2023-06-15 21:58:00.000000000,1686837480000000000,5741,5746,5741,5745,3194,913851,913160
2023-06-15 21:59:00.000000000,1686837540000000000,5745,5745,5743,5743,2365,913160,913106
2023-06-15 22:00:00.000000000,1686837600000000000,5743,5745,5742,5742,1719,913106,913461
2023-06-15 22:01:00.000000000,1686837660000000000,5742,5743,5741,5742,819,913461,913673
2023-06-15 22:02:00.000000000,1686837720000000000,5742,5746,5742,5745,3157,913673,914678
2023-06-15 22:03:00.000000000,1686837780000000000,5745,5746,5743,5745,1520,914678,914774
2023-06-15 22:04:00.000000000,1686837840000000000,5745,5746,5743,5745,1859,914774,914333
2023-06-15 22:05:00.000000000,1686837900000000000,5745,5745,5738,5741,2852,914333,914222
2023-06-15 22:06:00.000000000,1686837960000000000,5741,5742,5740,5741,1187,914222,914057
2023-06-15 22:07:00.000000000,1686838020000000000,5741,5741,5739,5740,943,914057,914057
2023-06-15 22:08:00.000000000,1686838080000000000,5740,5742,5740,5741,879,914057,914055
2023-06-15 22:09:00.000000000,1686838140000000000,5741,5742,5740,5741,543,914055,914093
2023-06-15 22:10:00.000000000,1686838200000000000,5741,5743,5740,5741,1412,914093,913892
2023-06-15 22:11:00.000000000,1686838260000000000,5741,5741,5733,5735,4858,913892,913498
2023-06-15 22:12:00.000000000,1686838320000000000,5735,5736,5733,5736,2595,913498,912842
2023-06-15 22:13:00.000000000,1686838380000000000,5736,5740,5736,5738,2109,912842,912321
2023-06-15 22:14:00.000000000,1686838440000000000,5738,5739,5737,5737,744,912321,912151
2023-06-15 22:15:00.000000000,1686838500000000000,5737,5739,5737,5737,912,912151,912061
2023-06-15 22:16:00.000000000,1686838560000000000,5737,5741,5737,5741,1673,912061,911470
2023-06-15 22:17:00.000000000,1686838620000000000,5741,5742,5738,5738,1241,911470,911442
2023-06-15 22:18:00.000000000,1686838680000000000,5738,5740,5738,5740,490,911442,911462
2023-06-15 22:19:00.000000000,1686838740000000000,5740,5742,5739,5741,1262,911462,911088
2023-06-15 22:20:00.000000000,1686838800000000000,5741,5742,5739,5741,996,911088,911110
2023-06-15 22:21:00.000000000,1686838860000000000,5741,5741,5739,5741,1004,911110,911389
2023-06-15 22:22:00.000000000,1686838920000000000,5741,5745,5740,5743,1998,911389,911060
2023-06-15 22:23:00.000000000,1686838980000000000,5743,5745,5741,5743,1300,911060,911217
2023-06-15 22:24:00.000000000,1686839040000000000,5743,5743,5742,5742,281,911217,911166
2023-06-15 22:25:00.000000000,1686839100000000000,5742,5744,5742,5743,612,911166,911220
2023-06-15 22:26:00.000000000,1686839160000000000,5743,5747,5743,5747,2986,911220,910767
2023-06-15 22:27:00.000000000,1686839220000000000,5747,5750,5746,5748,4870,910767,910497
2023-06-15 22:28:00.000000000,1686839280000000000,5748,5749,5745,5745,1782,910497,910716
2023-06-15 22:29:00.000000000,1686839340000000000,5745,5748,5745,5747,1014,910716,910778
2023-06-15 22:30:00.000000000,1686839400000000000,5747,5750,5747,5749,2460,910778,911376
2023-06-15 22:31:00.000000000,1686839460000000000,5749,5756,5749,5755,7922,911376,911719
2023-06-15 22:32:00.000000000,1686839520000000000,5755,5755,5752,5754,2639,911719,911703
2023-06-15 22:33:00.000000000,1686839580000000000,5754,5756,5753,5756,2805,911703,911777
2023-06-15 22:34:00.000000000,1686839640000000000,5756,5757,5754,5755,2902,911777,911592
2023-06-15 22:35:00.000000000,1686839700000000000,5755,5755,5750,5754,4230,911592,911474
2023-06-15 22:36:00.000000000,1686839760000000000,5754,5755,5751,5753,2057,911474,911013
2023-06-15 22:37:00.000000000,1686839820000000000,5753,5759,5753,5755,3648,911013,910926
2023-06-15 22:38:00.000000000,1686839880000000000,5755,5757,5753,5754,1889,910926,911443
2023-06-15 22:39:00.000000000,1686839940000000000,5754,5756,5749,5752,3421,911443,911250
2023-06-15 22:40:00.000000000,1686840000000000000,5752,5752,5749,5750,2069,911250,911496
2023-06-15 22:41:00.000000000,1686840060000000000,5750,5752,5748,5750,1961,911496,911412
2023-06-15 22:42:00.000000000,1686840120000000000,5750,5753,5750,5753,1048,911412,911479
2023-06-15 22:43:00.000000000,1686840180000000000,5753,5753,5750,5751,770,911479,911604
2023-06-15 22:44:00.000000000,1686840240000000000,5751,5753,5750,5750,1118,911604,911453
2023-06-15 22:45:00.000000000,1686840300000000000,5750,5753,5750,5751,1620,911453,911619
2023-06-15 22:46:00.000000000,1686840360000000000,5751,5752,5750,5750,836,911619,911558
2023-06-15 22:47:00.000000000,1686840420000000000,5750,5751,5745,5746,3247,911558,910815
2023-06-15 22:48:00.000000000,1686840480000000000,5746,5749,5744,5746,3405,910815,910611
2023-06-15 22:49:00.000000000,1686840540000000000,5746,5748,5745,5748,1176,910611,910355
2023-06-15 22:50:00.000000000,1686840600000000000,5748,5749,5747,5748,1183,910355,910464
2023-06-15 22:51:00.000000000,1686840660000000000,5748,5748,5746,5748,1153,910464,910215
2023-06-15 22:52:00.000000000,1686840720000000000,5748,5752,5746,5751,2604,910215,909885
2023-06-15 22:53:00.000000000,1686840780000000000,5751,5753,5750,5750,1290,909885,909614
2023-06-15 22:54:00.000000000,1686840840000000000,5750,5752,5747,5752,1900,909614,909455
2023-06-15 22:55:00.000000000,1686840900000000000,5752,5755,5751,5755,2073,909455,909232
2023-06-15 22:56:00.000000000,1686840960000000000,5755,5755,5751,5751,1684,909232,909048
2023-06-15 22:57:00.000000000,1686841020000000000,5751,5751,5747,5749,1873,909048,908299
2023-06-15 22:58:00.000000000,1686841080000000000,5749,5752,5747,5749,2072,908299,907696
2023-06-15 22:59:00.000000000,1686841140000000000,5749,5752,5748,5750,2132,907696,906756
2023-06-16 09:00:00.000000000,1686877200000000000,5755,5770,5755,5766,11696,906756,907752
2023-06-16 09:01:00.000000000,1686877260000000000,5766,5773,5766,5771,8615,907752,907997
2023-06-16 09:02:00.000000000,1686877320000000000,5771,5775,5770,5771,6487,907997,908187
2023-06-16 09:03:00.000000000,1686877380000000000,5771,5772,5767,5767,4520,908187,908549
2023-06-16 09:04:00.000000000,1686877440000000000,5767,5776,5767,5774,6457,908549,908213
2023-06-16 09:05:00.000000000,1686877500000000000,5774,5779,5774,5776,7057,908213,907012
2023-06-16 09:06:00.000000000,1686877560000000000,5776,5780,5776,5779,5613,907012,906587
2023-06-16 09:07:00.000000000,1686877620000000000,5779,5788,5779,5786,15591,906587,906761
2023-06-16 09:08:00.000000000,1686877680000000000,5786,5792,5785,5789,9367,906761,905757
2023-06-16 09:09:00.000000000,1686877740000000000,5789,5804,5789,5802,16993,905757,904020
2023-06-16 09:10:00.000000000,1686877800000000000,5802,5803,5795,5798,13616,904020,901785
2023-06-16 09:11:00.000000000,1686877860000000000,5798,5802,5797,5800,7469,901785,901535
2023-06-16 09:12:00.000000000,1686877920000000000,5800,5801,5792,5793,8458,901535,901251
2023-06-16 09:13:00.000000000,1686877980000000000,5793,5796,5788,5796,7786,901251,900156
2023-06-16 09:14:00.000000000,1686878040000000000,5796,5804,5795,5801,8011,900156,900499
2023-06-16 09:15:00.000000000,1686878100000000000,5801,5808,5799,5800,9802,900499,900454
2023-06-16 09:16:00.000000000,1686878160000000000,5800,5800,5790,5790,5391,900454,900088
2023-06-16 09:17:00.000000000,1686878220000000000,5790,5796,5789,5793,5050,900088,899731
2023-06-16 09:18:00.000000000,1686878280000000000,5793,5797,5793,5795,2741,899731,899924
2023-06-16 09:19:00.000000000,1686878340000000000,5795,5799,5794,5799,2976,899924,899832
2023-06-16 09:20:00.000000000,1686878400000000000,5799,5801,5794,5795,2568,899832,899693
2023-06-16 09:21:00.000000000,1686878460000000000,5795,5805,5795,5803,4360,899693,900036
2023-06-16 09:22:00.000000000,1686878520000000000,5803,5805,5801,5803,3139,900036,900306
2023-06-16 09:23:00.000000000,1686878580000000000,5803,5806,5800,5801,3642,900306,900042
2023-06-16 09:24:00.000000000,1686878640000000000,5801,5809,5801,5807,5072,900042,899235
2023-06-16 09:25:00.000000000,1686878700000000000,5807,5812,5805,5805,7225,899235,899381
2023-06-16 09:26:00.000000000,1686878760000000000,5805,5813,5805,5811,4986,899381,899418
2023-06-16 09:27:00.000000000,1686878820000000000,5811,5813,5805,5807,4133,899418,899085
2023-06-16 09:28:00.000000000,1686878880000000000,5807,5812,5807,5811,3156,899085,898872
2023-06-16 09:29:00.000000000,1686878940000000000,5811,5818,5811,5813,6716,898872,899195
2023-06-16 09:30:00.000000000,1686879000000000000,5813,5815,5806,5807,5955,899195,898324
2023-06-16 09:31:00.000000000,1686879060000000000,5807,5808,5804,5805,3452,898324,898317
2023-06-16 09:32:00.000000000,1686879120000000000,5805,5807,5801,5802,3679,898317,897902
2023-06-16 09:33:00.000000000,1686879180000000000,5802,5803,5797,5798,4989,897902,897919
2023-06-16 09:34:00.000000000,1686879240000000000,5798,5800,5798,5799,2252,897919,897935
2023-06-16 09:35:00.000000000,1686879300000000000,5799,5800,5795,5800,2879,897935,897918
2023-06-16 09:36:00.000000000,1686879360000000000,5800,5809,5799,5806,5018,897918,897718
2023-06-16 09:37:00.000000000,1686879420000000000,5806,5806,5800,5804,2594,897718,897980
2023-06-16 09:38:00.000000000,1686879480000000000,5804,5806,5803,5805,2624,897980,898098
2023-06-16 09:39:00.000000000,1686879540000000000,5805,5806,5801,5801,2509,898098,897579
2023-06-16 09:40:00.000000000,1686879600000000000,5801,5803,5800,5802,1774,897579,897334
2023-06-16 09:41:00.000000000,1686879660000000000,5802,5809,5801,5807,2500,897334,896955
2023-06-16 09:42:00.000000000,1686879720000000000,5807,5808,5805,5805,1972,896955,896957
2023-06-16 09:43:00.000000000,1686879780000000000,5805,5809,5804,5808,1348,896957,896865
2023-06-16 09:44:00.000000000,1686879840000000000,5808,5813,5808,5810,3333,896865,896844
2023-06-16 09:45:00.000000000,1686879900000000000,5810,5811,5805,5809,3387,896844,897405
2023-06-16 09:46:00.000000000,1686879960000000000,5809,5812,5809,5811,1379,897405,897586
2023-06-16 09:47:00.000000000,1686880020000000000,5811,5816,5811,5814,2748,897586,897539
2023-06-16 09:48:00.000000000,1686880080000000000,5814,5815,5811,5813,1524,897539,897479
2023-06-16 09:49:00.000000000,1686880140000000000,5813,5817,5812,5815,3011,897479,897284
2023-06-16 09:50:00.000000000,1686880200000000000,5815,5817,5813,5814,1726,897284,897143
2023-06-16 09:51:00.000000000,1686880260000000000,5814,5815,5807,5809,3128,897143,897219
2023-06-16 09:52:00.000000000,1686880320000000000,5809,5815,5809,5813,2236,897219,896724
2023-06-16 09:53:00.000000000,1686880380000000000,5813,5814,5810,5811,1774,896724,897118
2023-06-16 09:54:00.000000000,1686880440000000000,5811,5817,5811,5813,2171,897118,897064
2023-06-16 09:55:00.000000000,1686880500000000000,5813,5813,5807,5807,2698,897064,897239
2023-06-16 09:56:00.000000000,1686880560000000000,5807,5810,5806,5806,2213,897239,897240
2023-06-16 09:57:00.000000000,1686880620000000000,5806,5809,5805,5807,2206,897240,897382
2023-06-16 09:58:00.000000000,1686880680000000000,5807,5808,5805,5805,1477,897382,897152
2023-06-16 09:59:00.000000000,1686880740000000000,5805,5809,5804,5807,2081,897152,897279
2023-06-16 10:00:00.000000000,1686880800000000000,5807,5811,5805,5810,4691,897279,897853
2023-06-16 10:01:00.000000000,1686880860000000000,5810,5810,5804,5805,4390,897853,898442
2023-06-16 10:02:00.000000000,1686880920000000000,5805,5807,5803,5805,3954,898442,897643
2023-06-16 10:03:00.000000000,1686880980000000000,5805,5807,5799,5800,4071,897643,897624
2023-06-16 10:04:00.000000000,1686881040000000000,5800,5804,5800,5802,2098,897624,897143
2023-06-16 10:05:00.000000000,1686881100000000000,5802,5802,5796,5801,6059,897143,897782
2023-06-16 10:06:00.000000000,1686881160000000000,5801,5803,5798,5799,1936,897782,898174
2023-06-16 10:07:00.000000000,1686881220000000000,5799,5799,5795,5796,2591,898174,898011
2023-06-16 10:08:00.000000000,1686881280000000000,5796,5801,5795,5798,2401,898011,897879
2023-06-16 10:09:00.000000000,1686881340000000000,5798,5798,5789,5790,5579,897879,897964
2023-06-16 10:10:00.000000000,1686881400000000000,5790,5797,5789,5793,3791,897964,897986
2023-06-16 10:11:00.000000000,1686881460000000000,5793,5798,5792,5797,2105,897986,897695
2023-06-16 10:12:00.000000000,1686881520000000000,5797,5799,5796,5798,1881,897695,897906
2023-06-16 10:13:00.000000000,1686881580000000000,5798,5803,5798,5803,1898,897906,898200
2023-06-16 10:14:00.000000000,1686881640000000000,5803,5804,5802,5803,1300,898200,898061
2023-06-16 10:30:00.000000000,1686882600000000000,5803,5810,5803,5808,3705,898061,897844
2023-06-16 10:31:00.000000000,1686882660000000000,5808,5810,5805,5808,2972,897844,897806
2023-06-16 10:32:00.000000000,1686882720000000000,5808,5809,5804,5804,1952,897806,897807
2023-06-16 10:33:00.000000000,1686882780000000000,5804,5807,5804,5806,1103,897807,897761
2023-06-16 10:34:00.000000000,1686882840000000000,5806,5808,5804,5807,1504,897761,897843
2023-06-16 10:35:00.000000000,1686882900000000000,5807,5811,5806,5810,2754,897843,898113
2023-06-16 10:36:00.000000000,1686882960000000000,5810,5811,5807,5808,2358,898113,898239
2023-06-16 10:37:00.000000000,1686883020000000000,5808,5814,5808,5813,2474,898239,898081
2023-06-16 10:38:00.000000000,1686883080000000000,5813,5815,5813,5815,1692,898081,898094
2023-06-16 10:39:00.000000000,1686883140000000000,5815,5820,5814,5817,4252,898094,898457
2023-06-16 10:40:00.000000000,1686883200000000000,5817,5820,5816,5817,3917,898457,898422
2023-06-16 10:41:00.000000000,1686883260000000000,5817,5818,5815,5816,1109,898422,898585
2023-06-16 10:42:00.000000000,1686883320000000000,5816,5822,5815,5819,6084,898585,899856
2023-06-16 10:43:00.000000000,1686883380000000000,5819,5821,5817,5819,2515,899856,900461
2023-06-16 10:44:00.000000000,1686883440000000000,5819,5822,5819,5820,3259,900461,900163
2023-06-16 10:45:00.000000000,1686883500000000000,5820,5820,5815,5818,2456,900163,900728
2023-06-16 10:46:00.000000000,1686883560000000000,5818,5818,5814,5814,1951,900728,901102
2023-06-16 10:47:00.000000000,1686883620000000000,5814,5817,5813,5814,2538,901102,901201
2023-06-16 10:48:00.000000000,1686883680000000000,5814,5816,5813,5815,1707,901201,901239
2023-06-16 10:49:00.000000000,1686883740000000000,5815,5819,5814,5819,2422,901239,901270
2023-06-16 10:50:00.000000000,1686883800000000000,5819,5820,5816,5820,2625,901270,901256
2023-06-16 10:51:00.000000000,1686883860000000000,5820,5823,5819,5822,3186,901256,901279
2023-06-16 10:52:00.000000000,1686883920000000000,5822,5825,5821,5824,4010,901279,900570
2023-06-16 10:53:00.000000000,1686883980000000000,5824,5825,5823,5823,1448,900570,900427
2023-06-16 10:54:00.000000000,1686884040000000000,5823,5826,5823,5824,2403,900427,900663
2023-06-16 10:55:00.000000000,1686884100000000000,5824,5827,5823,5823,2443,900663,900720
2023-06-16 10:56:00.000000000,1686884160000000000,5823,5827,5822,5822,2050,900720,900508
2023-06-16 10:57:00.000000000,1686884220000000000,5822,5823,5817,5820,4237,900508,899715
2023-06-16 10:58:00.000000000,1686884280000000000,5820,5822,5818,5819,1529,899715,899752
2023-06-16 10:59:00.000000000,1686884340000000000,5819,5822,5817,5818,2546,899752,899660
2023-06-16 11:00:00.000000000,1686884400000000000,5818,5822,5817,5821,2825,899660,899541
2023-06-16 11:01:00.000000000,1686884460000000000,5821,5823,5819,5823,1611,899541,899397
2023-06-16 11:02:00.000000000,1686884520000000000,5823,5825,5822,5824,1561,899397,899337
2023-06-16 11:03:00.000000000,1686884580000000000,5824,5825,5820,5822,1613,899337,899206
2023-06-16 11:04:00.000000000,1686884640000000000,5822,5825,5820,5825,1865,899206,898884
2023-06-16 11:05:00.000000000,1686884700000000000,5825,5825,5820,5820,1116,898884,898858
2023-06-16 11:06:00.000000000,1686884760000000000,5820,5824,5820,5822,1839,898858,898522
2023-06-16 11:07:00.000000000,1686884820000000000,5822,5824,5821,5823,891,898522,898517
2023-06-16 11:08:00.000000000,1686884880000000000,5823,5825,5823,5823,1460,898517,898541
2023-06-16 11:09:00.000000000,1686884940000000000,5823,5824,5820,5821,1128,898541,898500
2023-06-16 11:10:00.000000000,1686885000000000000,5821,5821,5818,5818,1532,898500,898607
2023-06-16 11:11:00.000000000,1686885060000000000,5818,5819,5815,5818,3051,898607,898588
2023-06-16 11:12:00.000000000,1686885120000000000,5818,5819,5814,5815,1840,898588,898536
2023-06-16 11:13:00.000000000,1686885180000000000,5815,5818,5815,5817,1009,898536,898726
2023-06-16 11:14:00.000000000,1686885240000000000,5817,5818,5814,5816,1947,898726,898605
2023-06-16 11:15:00.000000000,1686885300000000000,5816,5817,5813,5815,3946,898605,897790
2023-06-16 11:16:00.000000000,1686885360000000000,5815,5816,5808,5809,4429,897790,897234
2023-06-16 11:17:00.000000000,1686885420000000000,5809,5809,5805,5806,3851,897234,897232
2023-06-16 11:18:00.000000000,1686885480000000000,5806,5809,5805,5806,3535,897232,897369
2023-06-16 11:19:00.000000000,1686885540000000000,5806,5808,5801,5804,4807,897369,897866
2023-06-16 11:20:00.000000000,1686885600000000000,5804,5809,5803,5809,3531,897866,897518
2023-06-16 11:21:00.000000000,1686885660000000000,5809,5809,5805,5808,1365,897518,897204
2023-06-16 11:22:00.000000000,1686885720000000000,5808,5810,5807,5810,1815,897204,896687
2023-06-16 11:23:00.000000000,1686885780000000000,5810,5814,5809,5814,2531,896687,896537
2023-06-16 11:24:00.000000000,1686885840000000000,5814,5814,5811,5813,1688,896537,896099
2023-06-16 11:25:00.000000000,1686885900000000000,5813,5814,5811,5813,1327,896099,896095
2023-06-16 11:26:00.000000000,1686885960000000000,5813,5815,5811,5815,1226,896095,896028
2023-06-16 11:27:00.000000000,1686886020000000000,5815,5816,5813,5815,1148,896028,895887
2023-06-16 11:28:00.000000000,1686886080000000000,5815,5816,5812,5815,1379,895887,895867
2023-06-16 11:29:00.000000000,1686886140000000000,5815,5815,5812,5813,1288,895867,895453
2023-06-16 13:30:00.000000000,1686893400000000000,5813,5816,5813,5814,3108,895453,895601
2023-06-16 13:31:00.000000000,1686893460000000000,5814,5821,5813,5816,3465,895601,895195
2023-06-16 13:32:00.000000000,1686893520000000000,5816,5817,5810,5810,3244,895195,895242
2023-06-16 13:33:00.000000000,1686893580000000000,5810,5815,5809,5813,4035,895242,894374
2023-06-16 13:34:00.000000000,1686893640000000000,5813,5816,5811,5815,2067,894374,893633
2023-06-16 13:35:00.000000000,1686893700000000000,5815,5817,5811,5811,1429,893633,893564
2023-06-16 13:36:00.000000000,1686893760000000000,5811,5814,5809,5812,1721,893564,893713
2023-06-16 13:37:00.000000000,1686893820000000000,5812,5816,5812,5815,1393,893713,893852
2023-06-16 13:38:00.000000000,1686893880000000000,5815,5819,5814,5816,1819,893852,894081
2023-06-16 13:39:00.000000000,1686893940000000000,5816,5818,5815,5817,2248,894081,894491
2023-06-16 13:40:00.000000000,1686894000000000000,5817,5818,5814,5816,1027,894491,894376
2023-06-16 13:41:00.000000000,1686894060000000000,5816,5823,5814,5822,3974,894376,894876
2023-06-16 13:42:00.000000000,1686894120000000000,5822,5824,5820,5822,2397,894876,894670
2023-06-16 13:43:00.000000000,1686894180000000000,5822,5822,5818,5820,1366,894670,894944
2023-06-16 13:44:00.000000000,1686894240000000000,5820,5822,5819,5821,1190,894944,895007
2023-06-16 13:45:00.000000000,1686894300000000000,5821,5822,5819,5819,1625,895007,895190
2023-06-16 13:46:00.000000000,1686894360000000000,5819,5824,5819,5824,1667,895190,895275
2023-06-16 13:47:00.000000000,1686894420000000000,5824,5824,5820,5822,1767,895275,895636
2023-06-16 13:48:00.000000000,1686894480000000000,5822,5822,5817,5819,2098,895636,895824
2023-06-16 13:49:00.000000000,1686894540000000000,5819,5821,5817,5820,1346,895824,895736
2023-06-16 13:50:00.000000000,1686894600000000000,5820,5822,5819,5821,1319,895736,895728
2023-06-16 13:51:00.000000000,1686894660000000000,5821,5823,5821,5821,1279,895728,895793
2023-06-16 13:52:00.000000000,1686894720000000000,5821,5822,5820,5820,525,895793,895839
2023-06-16 13:53:00.000000000,1686894780000000000,5820,5821,5817,5819,2175,895839,896207
2023-06-16 13:54:00.000000000,1686894840000000000,5819,5824,5818,5823,2478,896207,895910
2023-06-16 13:55:00.000000000,1686894900000000000,5823,5824,5821,5822,1258,895910,896072
2023-06-16 13:56:00.000000000,1686894960000000000,5822,5822,5819,5819,958,896072,896103
2023-06-16 13:57:00.000000000,1686895020000000000,5819,5821,5819,5821,727,896103,896077
2023-06-16 13:58:00.000000000,1686895080000000000,5821,5822,5819,5822,1308,896077,896197
2023-06-16 13:59:00.000000000,1686895140000000000,5822,5822,5818,5818,1189,896197,896574
2023-06-16 14:00:00.000000000,1686895200000000000,5818,5821,5816,5817,2465,896574,896737
2023-06-16 14:01:00.000000000,1686895260000000000,5817,5819,5817,5818,934,896737,896580
2023-06-16 14:02:00.000000000,1686895320000000000,5818,5820,5818,5820,610,896580,896662
2023-06-16 14:03:00.000000000,1686895380000000000,5820,5822,5819,5819,2317,896662,896550
2023-06-16 14:04:00.000000000,1686895440000000000,5819,5821,5817,5820,1461,896550,896476
2023-06-16 14:05:00.000000000,1686895500000000000,5820,5821,5818,5819,915,896476,896543
2023-06-16 14:06:00.000000000,1686895560000000000,5819,5823,5819,5821,1563,896543,896455
2023-06-16 14:07:00.000000000,1686895620000000000,5821,5824,5820,5823,1277,896455,896368
2023-06-16 14:08:00.000000000,1686895680000000000,5823,5824,5820,5823,1652,896368,896676
2023-06-16 14:09:00.000000000,1686895740000000000,5823,5823,5821,5821,609,896676,896644
2023-06-16 14:10:00.000000000,1686895800000000000,5821,5825,5821,5823,1321,896644,896719
2023-06-16 14:11:00.000000000,1686895860000000000,5823,5824,5822,5823,720,896719,896797
2023-06-16 14:12:00.000000000,1686895920000000000,5823,5826,5823,5826,2284,896797,897311
2023-06-16 14:13:00.000000000,1686895980000000000,5826,5826,5823,5823,1674,897311,897589
2023-06-16 14:14:00.000000000,1686896040000000000,5823,5826,5823,5825,888,897589,897734
2023-06-16 14:15:00.000000000,1686896100000000000,5825,5825,5822,5823,1572,897734,898017
2023-06-16 14:16:00.000000000,1686896160000000000,5823,5824,5821,5822,835,898017,897750
2023-06-16 14:17:00.000000000,1686896220000000000,5822,5824,5821,5823,1266,897750,897458
2023-06-16 14:18:00.000000000,1686896280000000000,5823,5825,5823,5824,799,897458,897556
2023-06-16 14:19:00.000000000,1686896340000000000,5824,5825,5823,5824,894,897556,897529
2023-06-16 14:20:00.000000000,1686896400000000000,5824,5824,5821,5823,1074,897529,897646
2023-06-16 14:21:00.000000000,1686896460000000000,5823,5829,5822,5826,3926,897646,897939
2023-06-16 14:22:00.000000000,1686896520000000000,5826,5828,5825,5827,1468,897939,898231
2023-06-16 14:23:00.000000000,1686896580000000000,5827,5829,5827,5828,1201,898231,898169
2023-06-16 14:24:00.000000000,1686896640000000000,5828,5828,5824,5824,1643,898169,898544
2023-06-16 14:25:00.000000000,1686896700000000000,5824,5827,5823,5826,1418,898544,898815
2023-06-16 14:26:00.000000000,1686896760000000000,5826,5828,5824,5824,1603,898815,898662
2023-06-16 14:27:00.000000000,1686896820000000000,5824,5825,5819,5820,2766,898662,898516
2023-06-16 14:28:00.000000000,1686896880000000000,5820,5821,5818,5820,3005,898516,898655
2023-06-16 14:29:00.000000000,1686896940000000000,5820,5821,5818,5820,1533,898655,899215
2023-06-16 14:30:00.000000000,1686897000000000000,5820,5820,5816,5817,2935,899215,899037
2023-06-16 14:31:00.000000000,1686897060000000000,5817,5821,5816,5818,1969,899037,898322
2023-06-16 14:32:00.000000000,1686897120000000000,5818,5819,5813,5813,2774,898322,898393
2023-06-16 14:33:00.000000000,1686897180000000000,5813,5814,5808,5809,4923,898393,897074
2023-06-16 14:34:00.000000000,1686897240000000000,5809,5814,5809,5811,2409,897074,896885
2023-06-16 14:35:00.000000000,1686897300000000000,5811,5812,5810,5812,2227,896885,896899
2023-06-16 14:36:00.000000000,1686897360000000000,5812,5812,5805,5808,4505,896899,897247
2023-06-16 14:37:00.000000000,1686897420000000000,5808,5810,5803,5805,3302,897247,897358
2023-06-16 14:38:00.000000000,1686897480000000000,5805,5805,5801,5803,4907,897358,897566
2023-06-16 14:39:00.000000000,1686897540000000000,5803,5804,5801,5803,3742,897566,896396
2023-06-16 14:40:00.000000000,1686897600000000000,5803,5805,5796,5804,8130,896396,895030
2023-06-16 14:41:00.000000000,1686897660000000000,5804,5807,5803,5807,3683,895030,894365
2023-06-16 14:42:00.000000000,1686897720000000000,5807,5807,5803,5804,1843,894365,894352
2023-06-16 14:43:00.000000000,1686897780000000000,5804,5804,5800,5801,2420,894352,894872
2023-06-16 14:44:00.000000000,1686897840000000000,5801,5802,5799,5800,2674,894872,895004
2023-06-16 14:45:00.000000000,1686897900000000000,5800,5804,5799,5801,2363,895004,895148
2023-06-16 14:46:00.000000000,1686897960000000000,5801,5804,5801,5802,1536,895148,895174
2023-06-16 14:47:00.000000000,1686898020000000000,5802,5803,5801,5803,1026,895174,895032
2023-06-16 14:48:00.000000000,1686898080000000000,5803,5807,5803,5805,1918,895032,894730
2023-06-16 14:49:00.000000000,1686898140000000000,5805,5807,5803,5805,1962,894730,894502
2023-06-16 14:50:00.000000000,1686898200000000000,5805,5806,5803,5805,948,894502,894210
2023-06-16 14:51:00.000000000,1686898260000000000,5805,5807,5803,5807,1489,894210,894013
2023-06-16 14:52:00.000000000,1686898320000000000,5807,5810,5806,5809,2047,894013,893875
2023-06-16 14:53:00.000000000,1686898380000000000,5809,5811,5809,5810,1978,893875,893421
2023-06-16 14:54:00.000000000,1686898440000000000,5810,5812,5810,5810,1876,893421,893341
2023-06-16 14:55:00.000000000,1686898500000000000,5810,5811,5807,5809,1988,893341,893041
2023-06-16 14:56:00.000000000,1686898560000000000,5809,5812,5809,5812,1532,893041,892993
2023-06-16 14:57:00.000000000,1686898620000000000,5812,5814,5811,5812,2015,892993,892848
2023-06-16 14:58:00.000000000,1686898680000000000,5812,5812,5808,5810,3087,892848,892080
2023-06-16 14:59:00.000000000,1686898740000000000,5810,5813,5809,5812,4175,892080,891043
2023-06-16 21:00:00.000000000,1686920400000000000,5831,5838,5813,5818,19903,891043,888652
2023-06-16 21:01:00.000000000,1686920460000000000,5818,5825,5817,5820,8315,888652,886780
2023-06-16 21:02:00.000000000,1686920520000000000,5820,5821,5811,5812,5833,886780,887086
2023-06-16 21:03:00.000000000,1686920580000000000,5812,5815,5807,5811,8243,887086,886456
2023-06-16 21:04:00.000000000,1686920640000000000,5811,5812,5803,5805,7718,886456,886541
2023-06-16 21:05:00.000000000,1686920700000000000,5805,5808,5800,5800,7845,886541,886133
2023-06-16 21:06:00.000000000,1686920760000000000,5800,5805,5799,5804,6686,886133,887213
2023-06-16 21:07:00.000000000,1686920820000000000,5804,5808,5803,5804,3706,887213,886831
2023-06-16 21:08:00.000000000,1686920880000000000,5804,5804,5793,5795,7055,886831,886249
2023-06-16 21:09:00.000000000,1686920940000000000,5795,5801,5795,5795,5614,886249,886224
2023-06-16 21:10:00.000000000,1686921000000000000,5795,5799,5793,5796,5509,886224,887817
2023-06-16 21:11:00.000000000,1686921060000000000,5796,5796,5791,5794,4891,887817,887900
2023-06-16 21:12:00.000000000,1686921120000000000,5794,5796,5791,5792,3716,887900,888331
2023-06-16 21:13:00.000000000,1686921180000000000,5792,5793,5787,5790,4901,888331,888691
2023-06-16 21:14:00.000000000,1686921240000000000,5790,5794,5789,5791,3469,888691,888875
2023-06-16 21:15:00.000000000,1686921300000000000,5791,5795,5791,5794,3965,888875,888621
2023-06-16 21:16:00.000000000,1686921360000000000,5794,5794,5791,5792,2153,888621,888691
2023-06-16 21:17:00.000000000,1686921420000000000,5792,5795,5789,5789,4262,888691,889360
2023-06-16 21:18:00.000000000,1686921480000000000,5789,5796,5788,5796,3667,889360,889871
2023-06-16 21:19:00.000000000,1686921540000000000,5796,5798,5795,5798,3409,889871,889338
2023-06-16 21:20:00.000000000,1686921600000000000,5798,5801,5796,5798,4329,889338,889250
2023-06-16 21:21:00.000000000,1686921660000000000,5798,5800,5797,5799,2695,889250,889467
2023-06-16 21:22:00.000000000,1686921720000000000,5799,5801,5797,5799,2117,889467,889149
2023-06-16 21:23:00.000000000,1686921780000000000,5799,5799,5795,5796,2464,889149,889774
2023-06-16 21:24:00.000000000,1686921840000000000,5796,5799,5795,5797,1444,889774,890105
2023-06-16 21:25:00.000000000,1686921900000000000,5797,5800,5796,5798,2220,890105,889918
2023-06-16 21:26:00.000000000,1686921960000000000,5798,5805,5798,5805,5275,889918,889256
2023-06-16 21:27:00.000000000,1686922020000000000,5805,5810,5804,5808,6291,889256,887138
2023-06-16 21:28:00.000000000,1686922080000000000,5808,5812,5808,5812,4380,887138,886545
2023-06-16 21:29:00.000000000,1686922140000000000,5812,5813,5808,5810,3723,886545,886471
2023-06-16 21:30:00.000000000,1686922200000000000,5810,5811,5807,5808,2533,886471,886814
2023-06-16 21:31:00.000000000,1686922260000000000,5808,5814,5805,5814,4494,886814,887080
2023-06-16 21:32:00.000000000,1686922320000000000,5814,5814,5807,5810,2114,887080,887050
2023-06-16 21:33:00.000000000,1686922380000000000,5810,5812,5809,5810,1447,887050,887241
2023-06-16 21:34:00.000000000,1686922440000000000,5810,5815,5809,5813,2260,887241,887333
2023-06-16 21:35:00.000000000,1686922500000000000,5813,5813,5810,5811,1529,887333,887338
2023-06-16 21:36:00.000000000,1686922560000000000,5811,5811,5802,5803,4697,887338,888630
2023-06-16 21:37:00.000000000,1686922620000000000,5803,5805,5801,5804,3520,888630,888631
2023-06-16 21:38:00.000000000,1686922680000000000,5804,5804,5796,5798,6736,888631,890841
2023-06-16 21:39:00.000000000,1686922740000000000,5798,5800,5796,5797,2319,890841,891413
2023-06-16 21:40:00.000000000,1686922800000000000,5797,5798,5793,5793,3322,891413,890939
2023-06-16 21:41:00.000000000,1686922860000000000,5793,5799,5793,5798,2277,890939,891022
2023-06-16 21:42:00.000000000,1686922920000000000,5798,5799,5795,5796,1319,891022,890806
2023-06-16 21:43:00.000000000,1686922980000000000,5796,5796,5792,5793,3398,890806,890270
2023-06-16 21:44:00.000000000,1686923040000000000,5793,5798,5793,5796,1857,890270,890390
2023-06-16 21:45:00.000000000,1686923100000000000,5796,5799,5796,5798,2202,890390,890250
2023-06-16 21:46:00.000000000,1686923160000000000,5798,5800,5797,5800,1286,890250,890198
2023-06-16 21:47:00.000000000,1686923220000000000,5800,5800,5796,5799,2941,890198,889993
2023-06-16 21:48:00.000000000,1686923280000000000,5799,5800,5797,5798,816,889993,889779
2023-06-16 21:49:00.000000000,1686923340000000000,5798,5802,5797,5802,1756,889779,889846
2023-06-16 21:50:00.000000000,1686923400000000000,5802,5805,5801,5803,2551,889846,889696
2023-06-16 21:51:00.000000000,1686923460000000000,5803,5803,5800,5800,1396,889696,889997
2023-06-16 21:52:00.000000000,1686923520000000000,5800,5803,5799,5803,1478,889997,889819
2023-06-16 21:53:00.000000000,1686923580000000000,5803,5805,5802,5804,1015,889819,889697
2023-06-16 21:54:00.000000000,1686923640000000000,5804,5807,5803,5807,1935,889697,889743
2023-06-16 21:55:00.000000000,1686923700000000000,5807,5808,5803,5803,1603,889743,889829
2023-06-16 21:56:00.000000000,1686923760000000000,5803,5806,5803,5804,1520,889829,890171
2023-06-16 21:57:00.000000000,1686923820000000000,5804,5806,5803,5805,1330,890171,890477
2023-06-16 21:58:00.000000000,1686923880000000000,5805,5807,5804,5804,951,890477,890374
2023-06-16 21:59:00.000000000,1686923940000000000,5804,5809,5804,5809,1352,890374,890460
2023-06-16 22:00:00.000000000,1686924000000000000,5809,5813,5808,5812,4305,890460,890835
2023-06-16 22:01:00.000000000,1686924060000000000,5812,5813,5809,5811,1881,890835,890845
2023-06-16 22:02:00.000000000,1686924120000000000,5811,5814,5810,5812,2028,890845,890798
2023-06-16 22:03:00.000000000,1686924180000000000,5812,5818,5812,5816,3625,890798,890628
2023-06-16 22:04:00.000000000,1686924240000000000,5816,5818,5815,5817,1763,890628,890862
2023-06-16 22:05:00.000000000,1686924300000000000,5817,5818,5816,5817,2645,890862,891479
2023-06-16 22:06:00.000000000,1686924360000000000,5817,5820,5816,5818,2982,891479,892172
2023-06-16 22:07:00.000000000,1686924420000000000,5818,5821,5817,5820,1996,892172,892186
2023-06-16 22:08:00.000000000,1686924480000000000,5820,5823,5820,5822,2432,892186,892551
2023-06-16 22:09:00.000000000,1686924540000000000,5822,5822,5817,5819,3378,892551,893100
2023-06-16 22:10:00.000000000,1686924600000000000,5819,5823,5818,5823,4246,893100,893990
2023-06-16 22:11:00.000000000,1686924660000000000,5823,5823,5818,5823,3354,893990,894530
2023-06-16 22:12:00.000000000,1686924720000000000,5823,5824,5820,5824,1827,894530,894699
2023-06-16 22:13:00.000000000,1686924780000000000,5824,5824,5819,5821,1847,894699,894926
2023-06-16 22:14:00.000000000,1686924840000000000,5821,5823,5818,5819,1986,894926,895155
2023-06-16 22:15:00.000000000,1686924900000000000,5819,5820,5816,5818,2154,895155,895059
2023-06-16 22:16:00.000000000,1686924960000000000,5818,5818,5814,5817,1994,895059,895081
2023-06-16 22:17:00.000000000,1686925020000000000,5817,5818,5814,5815,1091,895081,895226
2023-06-16 22:18:00.000000000,1686925080000000000,5815,5818,5815,5816,1163,895226,895286
2023-06-16 22:19:00.000000000,1686925140000000000,5816,5817,5812,5814,2587,895286,895294
2023-06-16 22:20:00.000000000,1686925200000000000,5814,5816,5813,5814,1782,895294,895210
2023-06-16 22:21:00.000000000,1686925260000000000,5814,5818,5813,5817,1293,895210,895250
2023-06-16 22:22:00.000000000,1686925320000000000,5817,5817,5815,5817,918,895250,895298
2023-06-16 22:23:00.000000000,1686925380000000000,5817,5819,5816,5819,1268,895298,895166
2023-06-16 22:24:00.000000000,1686925440000000000,5819,5821,5816,5817,1966,895166,895031
2023-06-16 22:25:00.000000000,1686925500000000000,5817,5820,5817,5817,951,895031,895208
2023-06-16 22:26:00.000000000,1686925560000000000,5817,5818,5815,5815,772,895208,895358
2023-06-16 22:27:00.000000000,1686925620000000000,5815,5819,5815,5818,814,895358,895340
2023-06-16 22:28:00.000000000,1686925680000000000,5818,5824,5818,5823,2779,895340,895067
2023-06-16 22:29:00.000000000,1686925740000000000,5823,5826,5822,5826,3190,895067,894831
2023-06-16 22:30:00.000000000,1686925800000000000,5826,5828,5823,5826,3611,894831,894958
2023-06-16 22:31:00.000000000,1686925860000000000,5826,5828,5824,5827,1900,894958,895390
2023-06-16 22:32:00.000000000,1686925920000000000,5827,5831,5827,5828,5581,895390,895221
2023-06-16 22:33:00.000000000,1686925980000000000,5828,5829,5824,5825,2236,895221,895532
2023-06-16 22:34:00.000000000,1686926040000000000,5825,5829,5825,5826,1667,895532,895383
2023-06-16 22:35:00.000000000,1686926100000000000,5826,5827,5823,5826,2136,895383,895604
2023-06-16 22:36:00.000000000,1686926160000000000,5826,5827,5823,5824,2071,895604,895659
2023-06-16 22:37:00.000000000,1686926220000000000,5824,5826,5823,5826,1000,895659,895829
2023-06-16 22:38:00.000000000,1686926280000000000,5826,5840,5825,5835,10359,895829,894144
2023-06-16 22:39:00.000000000,1686926340000000000,5835,5842,5835,5836,11341,894144,892917
2023-06-16 22:40:00.000000000,1686926400000000000,5836,5837,5832,5835,5490,892917,892684
2023-06-16 22:41:00.000000000,1686926460000000000,5835,5840,5833,5838,2786,892684,892715
2023-06-16 22:42:00.000000000,1686926520000000000,5838,5840,5830,5832,8044,892715,894073
2023-06-16 22:43:00.000000000,1686926580000000000,5832,5832,5829,5832,2090,894073,894143
2023-06-16 22:44:00.000000000,1686926640000000000,5832,5834,5831,5832,2597,894143,894089
2023-06-16 22:45:00.000000000,1686926700000000000,5832,5832,5825,5825,3498,894089,893523
2023-06-16 22:46:00.000000000,1686926760000000000,5825,5829,5825,5827,1697,893523,893099
2023-06-16 22:47:00.000000000,1686926820000000000,5827,5830,5827,5828,1355,893099,893119
2023-06-16 22:48:00.000000000,1686926880000000000,5828,5831,5828,5829,1411,893119,892908
2023-06-16 22:49:00.000000000,1686926940000000000,5829,5833,5829,5832,1485,892908,892973
2023-06-16 22:50:00.000000000,1686927000000000000,5832,5833,5830,5832,1660,892973,892624
2023-06-16 22:51:00.000000000,1686927060000000000,5832,5834,5832,5832,934,892624,892396
2023-06-16 22:52:00.000000000,1686927120000000000,5832,5834,5832,5833,834,892396,892452
2023-06-16 22:53:00.000000000,1686927180000000000,5833,5834,5830,5831,1617,892452,891807
2023-06-16 22:54:00.000000000,1686927240000000000,5831,5833,5828,5828,2253,891807,891330
2023-06-16 22:55:00.000000000,1686927300000000000,5828,5829,5827,5828,1417,891330,890888
2023-06-16 22:56:00.000000000,1686927360000000000,5828,5831,5828,5829,2868,890888,890236
2023-06-16 22:57:00.000000000,1686927420000000000,5829,5829,5824,5824,2516,890236,889222
2023-06-16 22:58:00.000000000,1686927480000000000,5824,5824,5820,5820,3580,889222,887963
2023-06-16 22:59:00.000000000,1686927540000000000,5820,5824,5820,5824,3939,887963,887182
2023-06-19 09:00:00.000000000,1687136400000000000,5825,5828,5807,5810,14210,887182,887392
2023-06-19 09:01:00.000000000,1687136460000000000,5810,5812,5803,5806,9774,887392,888010
2023-06-19 09:02:00.000000000,1687136520000000000,5806,5809,5801,5802,8336,888010,888078
2023-06-19 09:03:00.000000000,1687136580000000000,5802,5802,5797,5801,7335,888078,887378
2023-06-19 09:04:00.000000000,1687136640000000000,5801,5806,5799,5804,4783,887378,887569
2023-06-19 09:05:00.000000000,1687136700000000000,5804,5809,5802,5803,4449,887569,887218
2023-06-19 09:06:00.000000000,1687136760000000000,5803,5807,5801,5802,4027,887218,886709
2023-06-19 09:07:00.000000000,1687136820000000000,5802,5811,5800,5809,3531,886709,886464
2023-06-19 09:08:00.000000000,1687136880000000000,5809,5813,5809,5812,3581,886464,886666
2023-06-19 09:09:00.000000000,1687136940000000000,5812,5815,5810,5810,3135,886666,886341
2023-06-19 09:10:00.000000000,1687137000000000000,5810,5810,5803,5803,3322,886341,886502
2023-06-19 09:11:00.000000000,1687137060000000000,5803,5806,5802,5805,2135,886502,886811
2023-06-19 09:12:00.000000000,1687137120000000000,5805,5812,5805,5812,2223,886811,886740
2023-06-19 09:13:00.000000000,1687137180000000000,5812,5817,5811,5816,3076,886740,886979
2023-06-19 09:14:00.000000000,1687137240000000000,5816,5816,5812,5816,2165,886979,886877
2023-06-19 09:15:00.000000000,1687137300000000000,5816,5818,5808,5808,3608,886877,886848
2023-06-19 09:16:00.000000000,1687137360000000000,5808,5809,5805,5807,2720,886848,887073
2023-06-19 09:17:00.000000000,1687137420000000000,5807,5809,5805,5806,2164,887073,887465
2023-06-19 09:18:00.000000000,1687137480000000000,5806,5807,5804,5806,2054,887465,887618
2023-06-19 09:19:00.000000000,1687137540000000000,5806,5814,5805,5814,2560,887618,887439
2023-06-19 09:20:00.000000000,1687137600000000000,5814,5817,5814,5815,2719,887439,887399
2023-06-19 09:21:00.000000000,1687137660000000000,5815,5817,5813,5815,2002,887399,887669
2023-06-19 09:22:00.000000000,1687137720000000000,5815,5816,5813,5815,1392,887669,887809
2023-06-19 09:23:00.000000000,1687137780000000000,5815,5822,5815,5819,3540,887809,887807
2023-06-19 09:24:00.000000000,1687137840000000000,5819,5820,5816,5818,1524,887807,887773
2023-06-19 09:25:00.000000000,1687137900000000000,5818,5821,5818,5820,2147,887773,887699
2023-06-19 09:26:00.000000000,1687137960000000000,5820,5820,5818,5820,1545,887699,887790
2023-06-19 09:27:00.000000000,1687138020000000000,5820,5825,5820,5825,2894,887790,887554
2023-06-19 09:28:00.000000000,1687138080000000000,5825,5828,5824,5827,3452,887554,887875
2023-06-19 09:29:00.000000000,1687138140000000000,5827,5832,5827,5831,6431,887875,887935
2023-06-19 09:30:00.000000000,1687138200000000000,5831,5835,5828,5832,4774,887935,888656
2023-06-19 09:31:00.000000000,1687138260000000000,5832,5833,5824,5824,2796,888656,888871
2023-06-19 09:32:00.000000000,1687138320000000000,5824,5824,5819,5822,3110,888871,888781
2023-06-19 09:33:00.000000000,1687138380000000000,5822,5824,5821,5823,1139,888781,888617
2023-06-19 09:34:00.000000000,1687138440000000000,5823,5823,5816,5817,3167,888617,888167
2023-06-19 09:35:00.000000000,1687138500000000000,5817,5817,5813,5815,3100,888167,888238
2023-06-19 09:36:00.000000000,1687138560000000000,5815,5815,5809,5811,3938,888238,887686
2023-06-19 09:37:00.000000000,1687138620000000000,5811,5811,5806,5807,3499,887686,887708
2023-06-19 09:38:00.000000000,1687138680000000000,5807,5811,5804,5810,4055,887708,887836
2023-06-19 09:39:00.000000000,1687138740000000000,5810,5818,5809,5817,4447,887836,887511
2023-06-19 09:40:00.000000000,1687138800000000000,5817,5818,5815,5815,2551,887511,887645
2023-06-19 09:41:00.000000000,1687138860000000000,5815,5815,5811,5811,1788,887645,887872
2023-06-19 09:42:00.000000000,1687138920000000000,5811,5815,5809,5810,2837,887872,887965
2023-06-19 09:43:00.000000000,1687138980000000000,5810,5811,5806,5807,2225,887965,888139
2023-06-19 09:44:00.000000000,1687139040000000000,5807,5811,5807,5807,1819,888139,888167
2023-06-19 09:45:00.000000000,1687139100000000000,5807,5811,5807,5808,1891,888167,888413
2023-06-19 09:46:00.000000000,1687139160000000000,5808,5810,5806,5807,1835,888413,888855
2023-06-19 09:47:00.000000000,1687139220000000000,5807,5809,5805,5805,1837,888855,888964
2023-06-19 09:48:00.000000000,1687139280000000000,5805,5806,5797,5803,7374,888964,889417
2023-06-19 09:49:00.000000000,1687139340000000000,5803,5808,5801,5806,2902,889417,889098
2023-06-19 09:50:00.000000000,1687139400000000000,5806,5808,5801,5803,2345,889098,889812
2023-06-19 09:51:00.000000000,1687139460000000000,5803,5808,5802,5808,2215,889812,889483
2023-06-19 09:52:00.000000000,1687139520000000000,5808,5810,5808,5809,1803,889483,889703
2023-06-19 09:53:00.000000000,1687139580000000000,5809,5809,5805,5806,1403,889703,889679
2023-06-19 09:54:00.000000000,1687139640000000000,5806,5811,5805,5810,1669,889679,889404
2023-06-19 09:55:00.000000000,1687139700000000000,5810,5814,5808,5808,2073,889404,889273
2023-06-19 09:56:00.000000000,1687139760000000000,5808,5813,5808,5812,1309,889273,889126
2023-06-19 09:57:00.000000000,1687139820000000000,5812,5814,5812,5814,981,889126,889143
2023-06-19 09:58:00.000000000,1687139880000000000,5814,5814,5810,5814,1333,889143,888889
2023-06-19 09:59:00.000000000,1687139940000000000,5814,5817,5812,5816,2590,888889,889437
2023-06-19 10:00:00.000000000,1687140000000000000,5816,5818,5812,5812,2477,889437,889568
2023-06-19 10:01:00.000000000,1687140060000000000,5812,5815,5811,5811,1240,889568,889732
2023-06-19 10:02:00.000000000,1687140120000000000,5811,5813,5810,5810,1496,889732,889631
2023-06-19 10:03:00.000000000,1687140180000000000,5810,5811,5806,5807,2557,889631,889546
2023-06-19 10:04:00.000000000,1687140240000000000,5807,5807,5803,5804,2161,889546,889541
2023-06-19 10:05:00.000000000,1687140300000000000,5804,5808,5804,5806,2462,889541,890052
2023-06-19 10:06:00.000000000,1687140360000000000,5806,5809,5805,5806,2342,890052,889955
2023-06-19 10:07:00.000000000,1687140420000000000,5806,5809,5805,5808,1307,889955,889882
2023-06-19 10:08:00.000000000,1687140480000000000,5808,5808,5804,5804,796,889882,889674
2023-06-19 10:09:00.000000000,1687140540000000000,5804,5804,5792,5794,10725,889674,888572
2023-06-19 10:10:00.000000000,1687140600000000000,5794,5797,5792,5795,4723,888572,888151
2023-06-19 10:11:00.000000000,1687140660000000000,5795,5798,5793,5797,3555,888151,887813
2023-06-19 10:12:00.000000000,1687140720000000000,5797,5798,5795,5796,2285,887813,887582
2023-06-19 10:13:00.000000000,1687140780000000000,5796,5800,5796,5798,1657,887582,887532
2023-06-19 10:14:00.000000000,1687140840000000000,5798,5802,5798,5801,2524,887532,887494
2023-06-19 10:30:00.000000000,1687141800000000000,5801,5803,5798,5800,6018,887494,887132
2023-06-19 10:31:00.000000000,1687141860000000000,5800,5804,5797,5797,2847,887132,886916
2023-06-19 10:32:00.000000000,1687141920000000000,5797,5806,5795,5806,3429,886916,886852
2023-06-19 10:33:00.000000000,1687141980000000000,5806,5808,5805,5806,2729,886852,886393
2023-06-19 10:34:00.000000000,1687142040000000000,5806,5808,5802,5806,2207,886393,886479
2023-06-19 10:35:00.000000000,1687142100000000000,5806,5807,5802,5803,2054,886479,886821
2023-06-19 10:36:00.000000000,1687142160000000000,5803,5804,5799,5802,1973,886821,887288
2023-06-19 10:37:00.000000000,1687142220000000000,5802,5805,5801,5804,1834,887288,887579
2023-06-19 10:38:00.000000000,1687142280000000000,5804,5806,5803,5803,867,887579,887804
2023-06-19 10:39:00.000000000,1687142340000000000,5803,5804,5797,5798,1863,887804,887836
2023-06-19 10:40:00.000000000,1687142400000000000,5798,5799,5793,5794,2869,887836,888716
2023-06-19 10:41:00.000000000,1687142460000000000,5794,5796,5793,5793,3414,888716,889498
2023-06-19 10:42:00.000000000,1687142520000000000,5793,5794,5785,5789,8054,889498,888092
2023-06-19 10:43:00.000000000,1687142580000000000,5789,5792,5787,5788,2584,888092,888108
2023-06-19 10:44:00.000000000,1687142640000000000,5788,5791,5787,5788,2276,888108,888095
2023-06-19 10:45:00.000000000,1687142700000000000,5788,5793,5787,5793,1899,888095,887939
2023-06-19 10:46:00.000000000,1687142760000000000,5793,5795,5786,5786,3418,887939,888381
2023-06-19 10:47:00.000000000,1687142820000000000,5786,5793,5786,5792,1708,888381,888568
2023-06-19 10:48:00.000000000,1687142880000000000,5792,5792,5790,5791,1057,888568,888625
2023-06-19 10:49:00.000000000,1687142940000000000,5791,5791,5778,5778,5852,888625,889568
2023-06-19 10:50:00.000000000,1687143000000000000,5778,5783,5776,5780,5500,889568,889715
2023-06-19 10:51:00.000000000,1687143060000000000,5780,5783,5779,5780,3273,889715,889344
2023-06-19 10:52:00.000000000,1687143120000000000,5780,5780,5773,5776,6871,889344,889413
2023-06-19 10:53:00.000000000,1687143180000000000,5776,5776,5772,5774,3996,889413,889673
2023-06-19 10:54:00.000000000,1687143240000000000,5774,5777,5774,5775,3098,889673,888886
2023-06-19 10:55:00.000000000,1687143300000000000,5775,5777,5773,5774,3149,888886,888498
2023-06-19 10:56:00.000000000,1687143360000000000,5774,5778,5773,5777,2740,888498,888536
2023-06-19 10:57:00.000000000,1687143420000000000,5777,5777,5774,5774,1834,888536,888338
2023-06-19 10:58:00.000000000,1687143480000000000,5774,5775,5769,5774,5466,888338,889007
2023-06-19 10:59:00.000000000,1687143540000000000,5774,5780,5773,5778,3595,889007,888422
2023-06-19 11:00:00.000000000,1687143600000000000,5778,5781,5777,5779,1878,888422,888194
2023-06-19 11:01:00.000000000,1687143660000000000,5779,5780,5770,5771,3541,888194,888909
2023-06-19 11:02:00.000000000,1687143720000000000,5771,5775,5770,5772,2641,888909,888530
2023-06-19 11:03:00.000000000,1687143780000000000,5772,5778,5771,5774,3241,888530,889113
2023-06-19 11:04:00.000000000,1687143840000000000,5774,5775,5770,5772,2097,889113,888879
2023-06-19 11:05:00.000000000,1687143900000000000,5772,5775,5770,5774,2165,888879,889267
2023-06-19 11:06:00.000000000,1687143960000000000,5774,5777,5772,5776,1524,889267,889294
2023-06-19 11:07:00.000000000,1687144020000000000,5776,5779,5775,5779,2277,889294,889121
2023-06-19 11:08:00.000000000,1687144080000000000,5779,5780,5777,5778,1872,889121,889132
2023-06-19 11:09:00.000000000,1687144140000000000,5778,5778,5771,5771,2432,889132,889245
2023-06-19 11:10:00.000000000,1687144200000000000,5771,5774,5771,5773,1861,889245,889221
2023-06-19 11:11:00.000000000,1687144260000000000,5773,5773,5767,5769,3821,889221,889236
2023-06-19 11:12:00.000000000,1687144320000000000,5769,5769,5763,5767,4694,889236,889778
2023-06-19 11:13:00.000000000,1687144380000000000,5767,5770,5765,5770,1961,889778,889474
2023-06-19 11:14:00.000000000,1687144440000000000,5770,5776,5770,5776,2597,889474,889445
2023-06-19 11:15:00.000000000,1687144500000000000,5776,5779,5775,5779,2745,889445,889096
2023-06-19 11:16:00.000000000,1687144560000000000,5779,5780,5777,5780,2279,889096,888788
2023-06-19 11:17:00.000000000,1687144620000000000,5780,5784,5778,5780,4050,888788,888412
2023-06-19 11:18:00.000000000,1687144680000000000,5780,5782,5777,5779,2649,888412,888592
2023-06-19 11:19:00.000000000,1687144740000000000,5779,5782,5775,5780,2701,888592,888432
2023-06-19 11:20:00.000000000,1687144800000000000,5780,5780,5774,5778,3736,888432,888708
2023-06-19 11:21:00.000000000,1687144860000000000,5778,5782,5777,5778,5151,888708,888729
2023-06-19 11:22:00.000000000,1687144920000000000,5778,5781,5776,5780,5239,888729,888506
2023-06-19 11:23:00.000000000,1687144980000000000,5780,5781,5778,5780,2121,888506,888257
2023-06-19 11:24:00.000000000,1687145040000000000,5780,5787,5779,5787,3730,888257,888034
2023-06-19 11:25:00.000000000,1687145100000000000,5787,5787,5783,5784,1553,888034,887743
2023-06-19 11:26:00.000000000,1687145160000000000,5784,5785,5782,5783,1372,887743,887876
2023-06-19 11:27:00.000000000,1687145220000000000,5783,5784,5781,5782,2367,887876,887931
2023-06-19 11:28:00.000000000,1687145280000000000,5782,5783,5781,5782,927,887931,887568
2023-06-19 11:29:00.000000000,1687145340000000000,5782,5782,5777,5779,2486,887568,887314
2023-06-19 13:30:00.000000000,1687152600000000000,5779,5782,5775,5779,4487,887314,887869
2023-06-19 13:31:00.000000000,1687152660000000000,5779,5780,5774,5776,2829,887869,888118
2023-06-19 13:32:00.000000000,1687152720000000000,5776,5779,5774,5779,1753,888118,888242
2023-06-19 13:33:00.000000000,1687152780000000000,5779,5779,5774,5777,1759,888242,888225
2023-06-19 13:34:00.000000000,1687152840000000000,5777,5791,5777,5788,6630,888225,887738
2023-06-19 13:35:00.000000000,1687152900000000000,5788,5789,5785,5786,3015,887738,887974
2023-06-19 13:36:00.000000000,1687152960000000000,5786,5787,5783,5785,2381,887974,887789
2023-06-19 13:37:00.000000000,1687153020000000000,5785,5788,5782,5787,1473,887789,888178
2023-06-19 13:38:00.000000000,1687153080000000000,5787,5793,5786,5791,2964,888178,888281
2023-06-19 13:39:00.000000000,1687153140000000000,5791,5791,5787,5787,1840,888281,888346
2023-06-19 13:40:00.000000000,1687153200000000000,5787,5791,5786,5790,1405,888346,887995
2023-06-19 13:41:00.000000000,1687153260000000000,5790,5790,5784,5785,1642,887995,888397
2023-06-19 13:42:00.000000000,1687153320000000000,5785,5785,5782,5785,1319,888397,888488
2023-06-19 13:43:00.000000000,1687153380000000000,5785,5786,5782,5782,1006,888488,888785
2023-06-19 13:44:00.000000000,1687153440000000000,5782,5787,5782,5786,1589,888785,888997
2023-06-19 13:45:00.000000000,1687153500000000000,5786,5790,5786,5789,1619,888997,889119
2023-06-19 13:46:00.000000000,1687153560000000000,5789,5791,5788,5789,1020,889119,889102
2023-06-19 13:47:00.000000000,1687153620000000000,5789,5790,5788,5790,646,889102,889123
2023-06-19 13:48:00.000000000,1687153680000000000,5790,5794,5788,5793,1737,889123,889013
2023-06-19 13:49:00.000000000,1687153740000000000,5793,5794,5791,5792,1304,889013,888972
2023-06-19 13:50:00.000000000,1687153800000000000,5792,5796,5791,5792,3082,888972,888804
2023-06-19 13:51:00.000000000,1687153860000000000,5792,5792,5787,5790,1888,888804,888715
2023-06-19 13:52:00.000000000,1687153920000000000,5790,5790,5785,5787,1700,888715,888994
2023-06-19 13:53:00.000000000,1687153980000000000,5787,5794,5786,5793,1977,888994,889287
2023-06-19 13:54:00.000000000,1687154040000000000,5793,5795,5792,5793,1218,889287,889062
2023-06-19 13:55:00.000000000,1687154100000000000,5793,5798,5793,5798,2716,889062,889541
2023-06-19 13:56:00.000000000,1687154160000000000,5798,5801,5796,5797,2959,889541,889234
2023-06-19 13:57:00.000000000,1687154220000000000,5797,5797,5793,5794,1127,889234,889336
2023-06-19 13:58:00.000000000,1687154280000000000,5794,5796,5793,5794,964,889336,889400
2023-06-19 13:59:00.000000000,1687154340000000000,5794,5796,5793,5796,1662,889400,889699
2023-06-19 14:00:00.000000000,1687154400000000000,5796,5797,5792,5794,1777,889699,889927
2023-06-19 14:01:00.000000000,1687154460000000000,5794,5794,5791,5791,1066,889927,889885
2023-06-19 14:02:00.000000000,1687154520000000000,5791,5796,5791,5793,2485,889885,889948
2023-06-19 14:03:00.000000000,1687154580000000000,5793,5795,5791,5793,1172,889948,889885
2023-06-19 14:04:00.000000000,1687154640000000000,5793,5794,5791,5791,2199,889885,890103
2023-06-19 14:05:00.000000000,1687154700000000000,5791,5792,5789,5791,2119,890103,890654
2023-06-19 14:06:00.000000000,1687154760000000000,5791,5792,5789,5791,1036,890654,890790
2023-06-19 14:07:00.000000000,1687154820000000000,5791,5792,5789,5790,676,890790,890760
2023-06-19 14:08:00.000000000,1687154880000000000,5790,5791,5787,5791,2089,890760,890643
2023-06-19 14:09:00.000000000,1687154940000000000,5791,5792,5789,5791,2202,890643,890570
2023-06-19 14:10:00.000000000,1687155000000000000,5791,5795,5791,5793,2815,890570,890786
2023-06-19 14:11:00.000000000,1687155060000000000,5793,5796,5791,5794,1940,890786,891222
2023-06-19 14:12:00.000000000,1687155120000000000,5794,5794,5791,5791,703,891222,891478
2023-06-19 14:13:00.000000000,1687155180000000000,5791,5796,5791,5795,1527,891478,890824
2023-06-19 14:14:00.000000000,1687155240000000000,5795,5796,5793,5794,1408,890824,891124
2023-06-19 14:15:00.000000000,1687155300000000000,5794,5796,5793,5794,1233,891124,891158
2023-06-19 14:16:00.000000000,1687155360000000000,5794,5797,5792,5793,1809,891158,891171
2023-06-19 14:17:00.000000000,1687155420000000000,5793,5795,5788,5791,2146,891171,891909
2023-06-19 14:18:00.000000000,1687155480000000000,5791,5792,5790,5790,722,891909,891965
2023-06-19 14:19:00.000000000,1687155540000000000,5790,5797,5790,5797,2111,891965,891525
2023-06-19 14:20:00.000000000,1687155600000000000,5797,5797,5792,5793,1161,891525,891279
2023-06-19 14:21:00.000000000,1687155660000000000,5793,5794,5790,5792,1448,891279,890895
2023-06-19 14:22:00.000000000,1687155720000000000,5792,5792,5787,5787,1529,890895,891132
2023-06-19 14:23:00.000000000,1687155780000000000,5787,5788,5787,5788,1004,891132,891257
2023-06-19 14:24:00.000000000,1687155840000000000,5788,5789,5787,5787,1343,891257,891181
2023-06-19 14:25:00.000000000,1687155900000000000,5787,5790,5787,5789,1496,891181,891315
2023-06-19 14:26:00.000000000,1687155960000000000,5789,5790,5788,5789,713,891315,891402
2023-06-19 14:27:00.000000000,1687156020000000000,5789,5790,5783,5785,3135,891402,890496
2023-06-19 14:28:00.000000000,1687156080000000000,5785,5786,5781,5783,2136,890496,890160
2023-06-19 14:29:00.000000000,1687156140000000000,5783,5784,5781,5782,1188,890160,890129
2023-06-19 14:30:00.000000000,1687156200000000000,5782,5785,5782,5783,1073,890129,890137
2023-06-19 14:31:00.000000000,1687156260000000000,5783,5784,5773,5773,5190,890137,889914
2023-06-19 14:32:00.000000000,1687156320000000000,5773,5776,5772,5775,2630,889914,890005
2023-06-19 14:33:00.000000000,1687156380000000000,5775,5779,5775,5778,2327,890005,890219
2023-06-19 14:34:00.000000000,1687156440000000000,5778,5781,5778,5779,1285,890219,890089
2023-06-19 14:35:00.000000000,1687156500000000000,5779,5782,5777,5782,1893,890089,889663
2023-06-19 14:36:00.000000000,1687156560000000000,5782,5783,5780,5781,1424,889663,889637
2023-06-19 14:37:00.000000000,1687156620000000000,5781,5782,5778,5778,1149,889637,889833
2023-06-19 14:38:00.000000000,1687156680000000000,5778,5783,5778,5781,1352,889833,889752
2023-06-19 14:39:00.000000000,1687156740000000000,5781,5782,5778,5781,1846,889752,889543
2023-06-19 14:40:00.000000000,1687156800000000000,5781,5786,5780,5784,1953,889543,889650
2023-06-19 14:41:00.000000000,1687156860000000000,5784,5784,5781,5782,554,889650,889717
2023-06-19 14:42:00.000000000,1687156920000000000,5782,5784,5782,5783,911,889717,889474
2023-06-19 14:43:00.000000000,1687156980000000000,5783,5784,5781,5782,1169,889474,889813
2023-06-19 14:44:00.000000000,1687157040000000000,5782,5785,5782,5783,714,889813,889753
2023-06-19 14:45:00.000000000,1687157100000000000,5783,5786,5782,5785,1518,889753,889781
2023-06-19 14:46:00.000000000,1687157160000000000,5785,5786,5782,5782,799,889781,889784
2023-06-19 14:47:00.000000000,1687157220000000000,5782,5785,5782,5782,676,889784,889687
2023-06-19 14:48:00.000000000,1687157280000000000,5782,5783,5779,5779,2176,889687,889655
2023-06-19 14:49:00.000000000,1687157340000000000,5779,5785,5779,5783,2519,889655,889068
2023-06-19 14:50:00.000000000,1687157400000000000,5783,5786,5783,5785,1754,889068,888522
2023-06-19 14:51:00.000000000,1687157460000000000,5785,5786,5781,5782,2001,888522,888194
2023-06-19 14:52:00.000000000,1687157520000000000,5782,5784,5779,5780,1995,888194,887930
2023-06-19 14:53:00.000000000,1687157580000000000,5780,5784,5779,5783,1876,887930,887724
2023-06-19 14:54:00.000000000,1687157640000000000,5783,5784,5782,5784,1654,887724,887475
2023-06-19 14:55:00.000000000,1687157700000000000,5784,5791,5784,5789,3733,887475,886539
2023-06-19 14:56:00.000000000,1687157760000000000,5789,5792,5788,5791,2379,886539,885658
2023-06-19 14:57:00.000000000,1687157820000000000,5791,5792,5788,5789,1998,885658,885323
2023-06-19 14:58:00.000000000,1687157880000000000,5789,5794,5788,5791,3409,885323,884897
2023-06-19 14:59:00.000000000,1687157940000000000,5791,5793,5789,5791,3195,884897,884726
2023-06-19 21:00:00.000000000,1687179600000000000,5795,5799,5781,5792,19659,884726,884123
2023-06-19 21:01:00.000000000,1687179660000000000,5792,5800,5792,5797,8035,884123,884211
2023-06-19 21:02:00.000000000,1687179720000000000,5797,5801,5796,5798,6295,884211,885274
2023-06-19 21:03:00.000000000,1687179780000000000,5798,5802,5797,5799,3151,885274,885980
2023-06-19 21:04:00.000000000,1687179840000000000,5799,5801,5796,5798,3922,885980,886756
2023-06-19 21:05:00.000000000,1687179900000000000,5798,5800,5789,5794,6205,886756,887812
2023-06-19 21:06:00.000000000,1687179960000000000,5794,5794,5790,5793,2899,887812,887999
2023-06-19 21:07:00.000000000,1687180020000000000,5793,5793,5789,5791,3002,887999,887632
2023-06-19 21:08:00.000000000,1687180080000000000,5791,5796,5790,5794,4063,887632,888512
2023-06-19 21:09:00.000000000,1687180140000000000,5794,5797,5793,5795,2283,888512,889314
2023-06-19 21:10:00.000000000,1687180200000000000,5795,5796,5789,5790,2716,889314,889530
2023-06-19 21:11:00.000000000,1687180260000000000,5790,5793,5789,5791,1934,889530,889673
2023-06-19 21:12:00.000000000,1687180320000000000,5791,5791,5788,5788,2030,889673,890012
2023-06-19 21:13:00.000000000,1687180380000000000,5788,5789,5785,5786,2687,890012,889771
2023-06-19 21:14:00.000000000,1687180440000000000,5786,5786,5783,5786,3348,889771,889705
2023-06-19 21:15:00.000000000,1687180500000000000,5786,5786,5781,5782,3546,889705,889605
2023-06-19 21:16:00.000000000,1687180560000000000,5782,5786,5782,5784,2728,889605,889904
2023-06-19 21:17:00.000000000,1687180620000000000,5784,5786,5782,5786,1543,889904,890193
2023-06-19 21:18:00.000000000,1687180680000000000,5786,5787,5784,5785,1562,890193,890451
2023-06-19 21:19:00.000000000,1687180740000000000,5785,5785,5783,5783,1390,890451,890682
2023-06-19 21:20:00.000000000,1687180800000000000,5783,5788,5783,5788,3278,890682,890724
2023-06-19 21:21:00.000000000,1687180860000000000,5788,5789,5787,5788,2077,890724,891077
2023-06-19 21:22:00.000000000,1687180920000000000,5788,5792,5785,5791,2984,891077,890489
2023-06-19 21:23:00.000000000,1687180980000000000,5791,5795,5791,5793,2810,890489,890626
2023-06-19 21:24:00.000000000,1687181040000000000,5793,5794,5791,5794,1313,890626,890820
2023-06-19 21:25:00.000000000,1687181100000000000,5794,5798,5792,5797,4359,890820,891056
2023-06-19 21:26:00.000000000,1687181160000000000,5797,5805,5796,5805,10786,891056,890254
2023-06-19 21:27:00.000000000,1687181220000000000,5805,5807,5802,5807,5273,890254,890141
2023-06-19 21:28:00.000000000,1687181280000000000,5807,5810,5806,5808,6263,890141,889922
2023-06-19 21:29:00.000000000,1687181340000000000,5808,5809,5804,5809,4305,889922,890429
2023-06-19 21:30:00.000000000,1687181400000000000,5809,5815,5807,5814,7713,890429,890177
2023-06-19 21:31:00.000000000,1687181460000000000,5814,5815,5811,5815,7311,890177,889355
2023-06-19 21:32:00.000000000,1687181520000000000,5815,5820,5813,5819,7017,889355,888993
2023-06-19 21:33:00.000000000,1687181580000000000,5819,5830,5818,5824,13443,888993,888728
2023-06-19 21:34:00.000000000,1687181640000000000,5824,5824,5819,5823,5141,888728,888057
2023-06-19 21:35:00.000000000,1687181700000000000,5823,5823,5818,5821,4090,888057,886989
2023-06-19 21:36:00.000000000,1687181760000000000,5821,5822,5818,5821,4341,886989,886452
2023-06-19 21:37:00.000000000,1687181820000000000,5821,5827,5820,5826,4066,886452,885992
2023-06-19 21:38:00.000000000,1687181880000000000,5826,5840,5826,5835,16177,885992,885162
2023-06-19 21:39:00.000000000,1687181940000000000,5835,5845,5834,5841,13818,885162,885205
2023-06-19 21:40:00.000000000,1687182000000000000,5841,5848,5840,5846,10998,885205,885417
2023-06-19 21:41:00.000000000,1687182060000000000,5846,5863,5846,5853,25633,885417,883473
2023-06-19 21:42:00.000000000,1687182120000000000,5853,5858,5849,5855,10067,883473,882791
2023-06-19 21:43:00.000000000,1687182180000000000,5855,5868,5855,5864,13889,882791,883736
2023-06-19 21:44:00.000000000,1687182240000000000,5864,5868,5863,5867,9143,883736,883745
2023-06-19 21:45:00.000000000,1687182300000000000,5867,5870,5857,5857,14467,883745,885080
2023-06-19 21:46:00.000000000,1687182360000000000,5857,5859,5854,5854,9789,885080,884976
2023-06-19 21:47:00.000000000,1687182420000000000,5854,5857,5850,5851,9911,884976,885984
2023-06-19 21:48:00.000000000,1687182480000000000,5851,5851,5846,5848,10969,885984,888262
2023-06-19 21:49:00.000000000,1687182540000000000,5848,5849,5846,5847,4858,888262,889160
2023-06-19 21:50:00.000000000,1687182600000000000,5847,5848,5845,5846,4801,889160,889453
2023-06-19 21:51:00.000000000,1687182660000000000,5846,5846,5840,5841,9872,889453,890261
2023-06-19 21:52:00.000000000,1687182720000000000,5841,5849,5839,5848,11471,890261,888650
2023-06-19 21:53:00.000000000,1687182780000000000,5848,5848,5844,5844,3152,888650,888719
2023-06-19 21:54:00.000000000,1687182840000000000,5844,5850,5844,5848,6978,888719,887781
2023-06-19 21:55:00.000000000,1687182900000000000,5848,5855,5847,5854,5299,887781,888880
2023-06-19 21:56:00.000000000,1687182960000000000,5854,5855,5850,5851,3859,888880,888946
2023-06-19 21:57:00.000000000,1687183020000000000,5851,5851,5847,5847,2405,888946,889464
2023-06-19 21:58:00.000000000,1687183080000000000,5847,5850,5847,5849,1667,889464,889725
2023-06-19 21:59:00.000000000,1687183140000000000,5849,5849,5835,5836,9673,889725,890389
2023-06-19 22:00:00.000000000,1687183200000000000,5836,5838,5831,5834,10854,890389,891443
2023-06-19 22:01:00.000000000,1687183260000000000,5834,5836,5830,5835,6663,891443,891682
2023-06-19 22:02:00.000000000,1687183320000000000,5835,5837,5832,5832,4163,891682,891917
2023-06-19 22:03:00.000000000,1687183380000000000,5832,5835,5831,5833,4906,891917,891965
2023-06-19 22:04:00.000000000,1687183440000000000,5833,5833,5830,5831,4635,891965,892161
2023-06-19 22:05:00.000000000,1687183500000000000,5831,5831,5825,5825,8764,892161,893309
2023-06-19 22:06:00.000000000,1687183560000000000,5825,5825,5818,5822,12772,893309,893809
2023-06-19 22:07:00.000000000,1687183620000000000,5822,5822,5818,5821,7499,893809,894246
2023-06-19 22:08:00.000000000,1687183680000000000,5821,5823,5820,5820,4690,894246,895658
2023-06-19 22:09:00.000000000,1687183740000000000,5820,5821,5818,5819,4728,895658,896761
2023-06-19 22:10:00.000000000,1687183800000000000,5819,5821,5813,5816,8610,896761,897959
2023-06-19 22:11:00.000000000,1687183860000000000,5816,5820,5815,5815,5354,897959,898878
2023-06-19 22:12:00.000000000,1687183920000000000,5815,5818,5814,5816,3532,898878,899148
2023-06-19 22:13:00.000000000,1687183980000000000,5816,5816,5810,5811,6222,899148,899277
2023-06-19 22:14:00.000000000,1687184040000000000,5811,5816,5811,5815,4615,899277,899509
2023-06-19 22:15:00.000000000,1687184100000000000,5815,5818,5814,5815,5136,899509,899283
2023-06-19 22:16:00.000000000,1687184160000000000,5815,5818,5814,5818,3004,899283,899417
2023-06-19 22:17:00.000000000,1687184220000000000,5818,5819,5816,5818,3221,899417,899482
2023-06-19 22:18:00.000000000,1687184280000000000,5818,5819,5814,5815,2793,899482,900265
2023-06-19 22:19:00.000000000,1687184340000000000,5815,5820,5815,5819,2355,900265,900199
2023-06-19 22:20:00.000000000,1687184400000000000,5819,5821,5818,5818,3583,900199,900395
2023-06-19 22:21:00.000000000,1687184460000000000,5818,5820,5817,5820,2872,900395,901151
2023-06-19 22:22:00.000000000,1687184520000000000,5820,5822,5819,5822,2659,901151,901216
2023-06-19 22:23:00.000000000,1687184580000000000,5822,5823,5820,5821,2322,901216,900669
2023-06-19 22:24:00.000000000,1687184640000000000,5821,5821,5817,5819,2079,900669,900972
2023-06-19 22:25:00.000000000,1687184700000000000,5819,5821,5818,5820,993,900972,901003
2023-06-19 22:26:00.000000000,1687184760000000000,5820,5820,5817,5818,1504,901003,900998
2023-06-19 22:27:00.000000000,1687184820000000000,5818,5819,5816,5819,1763,900998,901332
2023-06-19 22:28:00.000000000,1687184880000000000,5819,5825,5819,5823,5497,901332,901412
2023-06-19 22:29:00.000000000,1687184940000000000,5823,5825,5822,5825,2884,901412,901294
2023-06-19 22:30:00.000000000,1687185000000000000,5825,5826,5822,5823,2461,901294,900775
2023-06-19 22:31:00.000000000,1687185060000000000,5823,5823,5819,5821,2229,900775,901135
2023-06-19 22:32:00.000000000,1687185120000000000,5821,5821,5817,5818,2274,901135,901317
2023-06-19 22:33:00.000000000,1687185180000000000,5818,5820,5817,5820,1084,901317,901062
2023-06-19 22:34:00.000000000,1687185240000000000,5820,5820,5816,5819,1809,901062,900981
2023-06-19 22:35:00.000000000,1687185300000000000,5819,5820,5818,5819,1886,900981,901312
2023-06-19 22:36:00.000000000,1687185360000000000,5819,5820,5818,5820,598,901312,901391
2023-06-19 22:37:00.000000000,1687185420000000000,5820,5820,5817,5817,587,901391,901284
2023-06-19 22:38:00.000000000,1687185480000000000,5817,5818,5816,5818,2107,901284,901111
2023-06-19 22:39:00.000000000,1687185540000000000,5818,5820,5818,5820,1227,901111,900846
2023-06-19 22:40:00.000000000,1687185600000000000,5820,5821,5819,5820,1345,900846,900663
2023-06-19 22:41:00.000000000,1687185660000000000,5820,5822,5818,5822,1884,900663,900117
2023-06-19 22:42:00.000000000,1687185720000000000,5822,5822,5819,5819,1373,900117,899886
2023-06-19 22:43:00.000000000,1687185780000000000,5819,5824,5819,5823,1811,899886,899292
2023-06-19 22:44:00.000000000,1687185840000000000,5823,5823,5820,5822,1209,899292,898949
2023-06-19 22:45:00.000000000,1687185900000000000,5822,5827,5821,5825,3494,898949,898473
2023-06-19 22:46:00.000000000,1687185960000000000,5825,5829,5824,5826,3516,898473,898083
2023-06-19 22:47:00.000000000,1687186020000000000,5826,5832,5826,5831,4595,898083,896672
2023-06-19 22:48:00.000000000,1687186080000000000,5831,5833,5829,5829,3562,896672,896422
2023-06-19 22:49:00.000000000,1687186140000000000,5829,5832,5828,5828,2904,896422,896087
2023-06-19 22:50:00.000000000,1687186200000000000,5828,5829,5825,5826,2070,896087,896173
2023-06-19 22:51:00.000000000,1687186260000000000,5826,5827,5822,5822,2593,896173,895877
2023-06-19 22:52:00.000000000,1687186320000000000,5822,5825,5819,5822,3242,895877,894867
2023-06-19 22:53:00.000000000,1687186380000000000,5822,5822,5820,5821,1048,894867,894694
2023-06-19 22:54:00.000000000,1687186440000000000,5821,5822,5821,5822,879,894694,894661
2023-06-19 22:55:00.000000000,1687186500000000000,5822,5824,5821,5824,911,894661,894399
2023-06-19 22:56:00.000000000,1687186560000000000,5824,5826,5822,5825,1742,894399,894166
2023-06-19 22:57:00.000000000,1687186620000000000,5825,5826,5822,5824,2274,894166,893542
2023-06-19 22:58:00.000000000,1687186680000000000,5824,5825,5822,5824,1757,893542,892740
2023-06-19 22:59:00.000000000,1687186740000000000,5824,5825,5823,5825,3799,892740,890656
2023-06-20 09:00:00.000000000,1687222800000000000,5850,5874,5850,5871,42190,890656,882996
2023-06-20 09:01:00.000000000,1687222860000000000,5871,5882,5871,5879,21903,882996,882193
2023-06-20 09:02:00.000000000,1687222920000000000,5879,5879,5863,5864,14720,882193,881086
2023-06-20 09:03:00.000000000,1687222980000000000,5864,5867,5860,5862,6529,881086,879909
2023-06-20 09:04:00.000000000,1687223040000000000,5862,5866,5861,5861,6299,879909,880029
2023-06-20 09:05:00.000000000,1687223100000000000,5861,5867,5861,5866,6954,880029,880405
2023-06-20 09:06:00.000000000,1687223160000000000,5866,5876,5865,5875,9749,880405,880443
2023-06-20 09:07:00.000000000,1687223220000000000,5875,5877,5874,5877,6409,880443,879743
2023-06-20 09:08:00.000000000,1687223280000000000,5877,5880,5876,5879,6966,879743,879648
2023-06-20 09:09:00.000000000,1687223340000000000,5879,5886,5877,5882,10222,879648,880914
2023-06-20 09:10:00.000000000,1687223400000000000,5882,5882,5872,5873,6985,880914,880754
2023-06-20 09:11:00.000000000,1687223460000000000,5873,5876,5873,5875,3919,880754,881387
2023-06-20 09:12:00.000000000,1687223520000000000,5875,5876,5868,5870,6698,881387,880795
2023-06-20 09:13:00.000000000,1687223580000000000,5870,5870,5862,5864,6665,880795,880052
2023-06-20 09:14:00.000000000,1687223640000000000,5864,5872,5863,5871,4611,880052,879442
2023-06-20 09:15:00.000000000,1687223700000000000,5871,5872,5865,5869,4779,879442,879659
2023-06-20 09:16:00.000000000,1687223760000000000,5869,5870,5864,5864,2511,879659,879569
2023-06-20 09:17:00.000000000,1687223820000000000,5864,5865,5860,5860,4827,879569,879806
2023-06-20 09:18:00.000000000,1687223880000000000,5860,5860,5854,5855,5572,879806,880183
2023-06-20 09:19:00.000000000,1687223940000000000,5855,5855,5850,5850,8466,880183,879754
2023-06-20 09:20:00.000000000,1687224000000000000,5850,5855,5847,5852,7072,879754,879018
2023-06-20 09:21:00.000000000,1687224060000000000,5852,5861,5850,5861,6789,879018,879022
2023-06-20 09:22:00.000000000,1687224120000000000,5861,5865,5857,5860,3438,879022,878836
2023-06-20 09:23:00.000000000,1687224180000000000,5860,5861,5856,5856,2500,878836,878855
2023-06-20 09:24:00.000000000,1687224240000000000,5856,5862,5856,5860,2589,878855,879871
2023-06-20 09:25:00.000000000,1687224300000000000,5860,5860,5857,5858,1418,879871,879880
2023-06-20 09:26:00.000000000,1687224360000000000,5858,5863,5858,5862,2332,879880,880544
2023-06-20 09:27:00.000000000,1687224420000000000,5862,5863,5859,5859,1510,880544,880714
2023-06-20 09:28:00.000000000,1687224480000000000,5859,5860,5853,5857,2972,880714,880726
2023-06-20 09:29:00.000000000,1687224540000000000,5857,5859,5856,5858,1294,880726,880838
2023-06-20 09:30:00.000000000,1687224600000000000,5858,5859,5853,5855,2185,880838,881120
2023-06-20 09:31:00.000000000,1687224660000000000,5855,5860,5853,5853,3082,881120,881498
2023-06-20 09:32:00.000000000,1687224720000000000,5853,5855,5847,5853,4746,881498,881406
2023-06-20 09:33:00.000000000,1687224780000000000,5853,5859,5853,5857,1850,881406,881372
2023-06-20 09:34:00.000000000,1687224840000000000,5857,5864,5857,5864,3583,881372,882012
2023-06-20 09:35:00.000000000,1687224900000000000,5864,5864,5861,5861,2528,882012,882586
2023-06-20 09:36:00.000000000,1687224960000000000,5861,5864,5859,5860,1536,882586,882476
2023-06-20 09:37:00.000000000,1687225020000000000,5860,5863,5858,5863,1152,882476,882404
2023-06-20 09:38:00.000000000,1687225080000000000,5863,5867,5862,5864,2258,882404,882450
2023-06-20 09:39:00.000000000,1687225140000000000,5864,5865,5859,5859,2135,882450,882702
2023-06-20 09:40:00.000000000,1687225200000000000,5859,5860,5854,5856,2337,882702,882539
2023-06-20 09:41:00.000000000,1687225260000000000,5856,5857,5853,5854,2590,882539,881831
2023-06-20 09:42:00.000000000,1687225320000000000,5854,5856,5853,5855,1329,881831,881513
2023-06-20 09:43:00.000000000,1687225380000000000,5855,5859,5854,5858,1598,881513,881722
2023-06-20 09:44:00.000000000,1687225440000000000,5858,5859,5853,5854,1994,881722,881527
2023-06-20 09:45:00.000000000,1687225500000000000,5854,5855,5850,5853,2206,881527,881770
2023-06-20 09:46:00.000000000,1687225560000000000,5853,5858,5852,5856,1698,881770,881641
2023-06-20 09:47:00.000000000,1687225620000000000,5856,5857,5853,5854,1582,881641,882087
2023-06-20 09:48:00.000000000,1687225680000000000,5854,5855,5851,5853,2769,882087,881928
2023-06-20 09:49:00.000000000,1687225740000000000,5853,5854,5851,5853,1227,881928,882141
2023-06-20 09:50:00.000000000,1687225800000000000,5853,5856,5853,5855,2079,882141,882364
2023-06-20 09:51:00.000000000,1687225860000000000,5855,5855,5850,5853,1632,882364,882403
2023-06-20 09:52:00.000000000,1687225920000000000,5853,5854,5847,5848,3982,882403,882302
2023-06-20 09:53:00.000000000,1687225980000000000,5848,5848,5843,5845,4487,882302,881512
2023-06-20 09:54:00.000000000,1687226040000000000,5845,5848,5845,5846,1812,881512,881185
2023-06-20 09:55:00.000000000,1687226100000000000,5846,5849,5843,5848,3898,881185,880814
2023-06-20 09:56:00.000000000,1687226160000000000,5848,5850,5847,5848,1594,880814,880951
2023-06-20 09:57:00.000000000,1687226220000000000,5848,5850,5847,5849,1192,880951,880914
2023-06-20 09:58:00.000000000,1687226280000000000,5849,5851,5848,5851,1925,880914,881668
2023-06-20 09:59:00.000000000,1687226340000000000,5851,5851,5847,5848,1804,881668,881472
2023-06-20 10:00:00.000000000,1687226400000000000,5848,5852,5848,5851,1663,881472,881651
2023-06-20 10:01:00.000000000,1687226460000000000,5851,5854,5850,5851,2109,881651,881750
2023-06-20 10:02:00.000000000,1687226520000000000,5851,5852,5847,5847,2563,881750,881777
2023-06-20 10:03:00.000000000,1687226580000000000,5847,5850,5844,5844,2367,881777,881975
2023-06-20 10:04:00.000000000,1687226640000000000,5844,5847,5844,5847,1615,881975,882032
2023-06-20 10:05:00.000000000,1687226700000000000,5847,5850,5846,5849,1517,882032,881902
2023-06-20 10:06:00.000000000,1687226760000000000,5849,5854,5848,5852,1967,881902,882100
2023-06-20 10:07:00.000000000,1687226820000000000,5852,5852,5848,5848,1418,882100,882139
2023-06-20 10:08:00.000000000,1687226880000000000,5848,5852,5847,5852,1226,882139,881979
2023-06-20 10:09:00.000000000,1687226940000000000,5852,5853,5851,5852,1105,881979,882211
2023-06-20 10:10:00.000000000,1687227000000000000,5852,5852,5848,5848,1554,882211,882098
2023-06-20 10:11:00.000000000,1687227060000000000,5848,5848,5845,5845,2378,882098,882154
2023-06-20 10:12:00.000000000,1687227120000000000,5845,5849,5845,5849,1276,882154,882321
2023-06-20 10:13:00.000000000,1687227180000000000,5849,5852,5848,5851,1292,882321,882225
2023-06-20 10:14:00.000000000,1687227240000000000,5851,5856,5850,5854,1982,882225,881446
2023-06-20 10:30:00.000000000,1687228200000000000,5853,5859,5853,5857,3389,881446,881580
2023-06-20 10:31:00.000000000,1687228260000000000,5857,5857,5853,5856,2680,881580,881744
2023-06-20 10:32:00.000000000,1687228320000000000,5856,5861,5853,5854,3917,881744,881268
2023-06-20 10:33:00.000000000,1687228380000000000,5854,5855,5850,5853,2601,881268,881855
2023-06-20 10:34:00.000000000,1687228440000000000,5853,5855,5852,5853,872,881855,881821
2023-06-20 10:35:00.000000000,1687228500000000000,5853,5854,5850,5850,1376,881821,882171
2023-06-20 10:36:00.000000000,1687228560000000000,5850,5855,5849,5853,1575,882171,882234
2023-06-20 10:37:00.000000000,1687228620000000000,5853,5858,5853,5857,2149,882234,881853
2023-06-20 10:38:00.000000000,1687228680000000000,5857,5858,5851,5852,1600,881853,881969
2023-06-20 10:39:00.000000000,1687228740000000000,5852,5854,5851,5853,852,881969,881987
2023-06-20 10:40:00.000000000,1687228800000000000,5853,5853,5849,5851,1814,881987,881946
2023-06-20 10:41:00.000000000,1687228860000000000,5851,5852,5848,5849,1300,881946,881749
2023-06-20 10:42:00.000000000,1687228920000000000,5849,5852,5848,5851,1545,881749,881605
2023-06-20 10:43:00.000000000,1687228980000000000,5851,5851,5848,5849,1503,881605,881090
2023-06-20 10:44:00.000000000,1687229040000000000,5849,5850,5848,5850,1516,881090,881200
2023-06-20 10:45:00.000000000,1687229100000000000,5850,5852,5846,5847,1723,881200,881168
2023-06-20 10:46:00.000000000,1687229160000000000,5847,5848,5844,5848,2417,881168,881433
2023-06-20 10:47:00.000000000,1687229220000000000,5848,5854,5847,5854,2297,881433,881069
2023-06-20 10:48:00.000000000,1687229280000000000,5854,5856,5852,5855,2284,881069,880722
2023-06-20 10:49:00.000000000,1687229340000000000,5855,5856,5853,5855,1034,880722,880822
2023-06-20 10:50:00.000000000,1687229400000000000,5855,5856,5853,5854,2143,880822,880859
2023-06-20 10:51:00.000000000,1687229460000000000,5854,5861,5854,5859,2897,880859,881063
2023-06-20 10:52:00.000000000,1687229520000000000,5859,5860,5856,5859,2797,881063,880332
2023-06-20 10:53:00.000000000,1687229580000000000,5859,5863,5858,5863,2838,880332,880905
2023-06-20 10:54:00.000000000,1687229640000000000,5863,5863,5857,5858,2057,880905,880955
2023-06-20 10:55:00.000000000,1687229700000000000,5858,5860,5851,5851,3479,880955,880974
2023-06-20 10:56:00.000000000,1687229760000000000,5851,5851,5847,5849,3666,880974,881585
2023-06-20 10:57:00.000000000,1687229820000000000,5849,5849,5836,5837,10021,881585,881711
2023-06-20 10:58:00.000000000,1687229880000000000,5837,5838,5832,5832,6470,881711,882778
2023-06-20 10:59:00.000000000,1687229940000000000,5832,5837,5832,5835,4549,882778,883478
2023-06-20 11:00:00.000000000,1687230000000000000,5835,5836,5831,5833,4153,883478,883649
2023-06-20 11:01:00.000000000,1687230060000000000,5833,5833,5826,5826,6995,883649,883407
2023-06-20 11:02:00.000000000,1687230120000000000,5826,5831,5826,5830,5365,883407,882235
2023-06-20 11:03:00.000000000,1687230180000000000,5830,5830,5824,5824,5533,882235,882183
2023-06-20 11:04:00.000000000,1687230240000000000,5824,5829,5822,5829,3668,882183,881885
2023-06-20 11:05:00.000000000,1687230300000000000,5829,5829,5823,5824,2108,881885,882355
2023-06-20 11:06:00.000000000,1687230360000000000,5824,5824,5821,5824,3306,882355,882911
2023-06-20 11:07:00.000000000,1687230420000000000,5824,5828,5823,5828,1938,882911,883014
2023-06-20 11:08:00.000000000,1687230480000000000,5828,5833,5828,5829,4446,883014,882702
2023-06-20 11:09:00.000000000,1687230540000000000,5829,5832,5827,5828,2879,882702,883356
2023-06-20 11:10:00.000000000,1687230600000000000,5828,5833,5828,5831,2510,883356,883426
2023-06-20 11:11:00.000000000,1687230660000000000,5831,5833,5830,5833,1885,883426,883599
2023-06-20 11:12:00.000000000,1687230720000000000,5833,5833,5827,5829,2333,883599,884328
2023-06-20 11:13:00.000000000,1687230780000000000,5829,5835,5829,5832,3675,884328,884329
2023-06-20 11:14:00.000000000,1687230840000000000,5832,5834,5830,5832,838,884329,884386
2023-06-20 11:15:00.000000000,1687230900000000000,5832,5833,5826,5828,2770,884386,883984
2023-06-20 11:16:00.000000000,1687230960000000000,5828,5828,5823,5826,2139,883984,884082
2023-06-20 11:17:00.000000000,1687231020000000000,5826,5828,5825,5828,1101,884082,884021
2023-06-20 11:18:00.000000000,1687231080000000000,5828,5829,5826,5829,1726,884021,883819
2023-06-20 11:19:00.000000000,1687231140000000000,5829,5829,5826,5828,2338,883819,883716
2023-06-20 11:20:00.000000000,1687231200000000000,5828,5828,5826,5826,775,883716,883828
2023-06-20 11:21:00.000000000,1687231260000000000,5826,5829,5826,5829,1621,883828,883600
2023-06-20 11:22:00.000000000,1687231320000000000,5829,5829,5826,5828,1279,883600,883613
2023-06-20 11:23:00.000000000,1687231380000000000,5828,5828,5823,5826,1994,883613,883951
2023-06-20 11:24:00.000000000,1687231440000000000,5826,5828,5825,5827,1055,883951,883977
2023-06-20 11:25:00.000000000,1687231500000000000,5827,5828,5826,5827,721,883977,883999
2023-06-20 11:26:00.000000000,1687231560000000000,5827,5827,5824,5826,1912,883999,883810
2023-06-20 11:27:00.000000000,1687231620000000000,5826,5829,5825,5829,2573,883810,884026
2023-06-20 11:28:00.000000000,1687231680000000000,5829,5830,5827,5828,799,884026,883824
2023-06-20 11:29:00.000000000,1687231740000000000,5828,5830,5827,5829,1358,883824,883289
2023-06-20 13:30:00.000000000,1687239000000000000,5824,5824,5817,5821,9218,883289,883051
2023-06-20 13:31:00.000000000,1687239060000000000,5821,5824,5818,5820,3841,883051,883106
2023-06-20 13:32:00.000000000,1687239120000000000,5820,5821,5816,5817,3824,883106,883183
2023-06-20 13:33:00.000000000,1687239180000000000,5817,5822,5816,5820,2118,883183,882741
2023-06-20 13:34:00.000000000,1687239240000000000,5820,5822,5818,5819,1726,882741,882726
2023-06-20 13:35:00.000000000,1687239300000000000,5819,5824,5818,5824,2289,882726,883046
2023-06-20 13:36:00.000000000,1687239360000000000,5824,5829,5824,5828,3559,883046,882420
2023-06-20 13:37:00.000000000,1687239420000000000,5828,5831,5827,5830,3158,882420,882147
2023-06-20 13:38:00.000000000,1687239480000000000,5830,5830,5827,5829,1378,882147,882068
2023-06-20 13:39:00.000000000,1687239540000000000,5829,5830,5826,5828,1414,882068,882110
2023-06-20 13:40:00.000000000,1687239600000000000,5828,5829,5826,5829,1420,882110,882138
2023-06-20 13:41:00.000000000,1687239660000000000,5829,5832,5829,5831,1852,882138,882123
2023-06-20 13:42:00.000000000,1687239720000000000,5831,5832,5829,5832,1926,882123,882246
2023-06-20 13:43:00.000000000,1687239780000000000,5832,5832,5828,5828,1636,882246,882381
2023-06-20 13:44:00.000000000,1687239840000000000,5828,5830,5828,5830,720,882381,882550
2023-06-20 13:45:00.000000000,1687239900000000000,5830,5834,5830,5833,1922,882550,882408
2023-06-20 13:46:00.000000000,1687239960000000000,5833,5834,5830,5832,2782,882408,883225
2023-06-20 13:47:00.000000000,1687240020000000000,5832,5833,5821,5824,4719,883225,882981
2023-06-20 13:48:00.000000000,1687240080000000000,5824,5826,5820,5822,2999,882981,883232
2023-06-20 13:49:00.000000000,1687240140000000000,5822,5823,5820,5823,1362,883232,883459
2023-06-20 13:50:00.000000000,1687240200000000000,5823,5825,5822,5823,1350,883459,883641
2023-06-20 13:51:00.000000000,1687240260000000000,5823,5827,5823,5827,1189,883641,883556
2023-06-20 13:52:00.000000000,1687240320000000000,5827,5828,5825,5827,853,883556,883580
2023-06-20 13:53:00.000000000,1687240380000000000,5827,5828,5824,5825,1048,883580,883493
2023-06-20 13:54:00.000000000,1687240440000000000,5825,5827,5824,5826,1268,883493,883467
2023-06-20 13:55:00.000000000,1687240500000000000,5826,5829,5825,5827,1426,883467,883377
2023-06-20 13:56:00.000000000,1687240560000000000,5827,5828,5825,5827,988,883377,883378
2023-06-20 13:57:00.000000000,1687240620000000000,5827,5829,5826,5829,1022,883378,883316
2023-06-20 13:58:00.000000000,1687240680000000000,5829,5829,5826,5827,1281,883316,883457
2023-06-20 13:59:00.000000000,1687240740000000000,5827,5829,5827,5828,931,883457,883545
2023-06-20 14:00:00.000000000,1687240800000000000,5828,5829,5825,5826,1560,883545,883537
2023-06-20 14:01:00.000000000,1687240860000000000,5826,5826,5821,5821,2978,883537,883945
2023-06-20 14:02:00.000000000,1687240920000000000,5821,5825,5821,5822,2413,883945,883997
2023-06-20 14:03:00.000000000,1687240980000000000,5822,5823,5820,5821,1845,883997,884313
2023-06-20 14:04:00.000000000,1687241040000000000,5821,5822,5817,5819,4082,884313,883651
2023-06-20 14:05:00.000000000,1687241100000000000,5819,5820,5813,5815,5702,883651,883965
2023-06-20 14:06:00.000000000,1687241160000000000,5815,5816,5814,5815,2100,883965,884094
2023-06-20 14:07:00.000000000,1687241220000000000,5815,5817,5814,5816,1424,884094,884306
2023-06-20 14:08:00.000000000,1687241280000000000,5816,5816,5803,5806,11126,884306,882002
2023-06-20 14:09:00.000000000,1687241340000000000,5806,5807,5804,5807,3720,882002,882318
2023-06-20 14:10:00.000000000,1687241400000000000,5807,5811,5806,5810,3330,882318,882086
2023-06-20 14:11:00.000000000,1687241460000000000,5810,5810,5807,5807,1988,882086,882639
2023-06-20 14:12:00.000000000,1687241520000000000,5807,5811,5807,5811,1950,882639,882474
2023-06-20 14:13:00.000000000,1687241580000000000,5811,5812,5809,5809,1082,882474,882546
2023-06-20 14:14:00.000000000,1687241640000000000,5809,5812,5809,5811,1273,882546,882221
2023-06-20 14:15:00.000000000,1687241700000000000,5811,5815,5810,5813,3891,882221,882072
2023-06-20 14:16:00.000000000,1687241760000000000,5813,5814,5810,5814,2177,882072,882702
2023-06-20 14:17:00.000000000,1687241820000000000,5814,5814,5808,5809,2509,882702,882819
2023-06-20 14:18:00.000000000,1687241880000000000,5809,5810,5806,5808,2147,882819,883438
2023-06-20 14:19:00.000000000,1687241940000000000,5808,5812,5807,5810,1758,883438,883575
2023-06-20 14:20:00.000000000,1687242000000000000,5810,5814,5810,5813,1548,883575,883190
2023-06-20 14:21:00.000000000,1687242060000000000,5813,5814,5812,5813,1148,883190,883158
2023-06-20 14:22:00.000000000,1687242120000000000,5813,5814,5812,5814,1155,883158,883463
2023-06-20 14:23:00.000000000,1687242180000000000,5814,5815,5812,5814,1420,883463,883278
2023-06-20 14:24:00.000000000,1687242240000000000,5814,5814,5810,5810,1531,883278,883586
2023-06-20 14:25:00.000000000,1687242300000000000,5810,5813,5809,5811,2245,883586,883704
2023-06-20 14:26:00.000000000,1687242360000000000,5811,5811,5804,5805,5957,883704,884420
2023-06-20 14:27:00.000000000,1687242420000000000,5805,5809,5804,5806,2154,884420,884433
2023-06-20 14:28:00.000000000,1687242480000000000,5806,5810,5806,5808,2531,884433,885069
2023-06-20 14:29:00.000000000,1687242540000000000,5808,5809,5806,5809,2088,885069,885315
2023-06-20 14:30:00.000000000,1687242600000000000,5809,5809,5805,5805,1996,885315,885563
2023-06-20 14:31:00.000000000,1687242660000000000,5805,5806,5801,5801,5981,885563,886514
2023-06-20 14:32:00.000000000,1687242720000000000,5801,5802,5796,5799,7928,886514,887006
2023-06-20 14:33:00.000000000,1687242780000000000,5799,5803,5798,5800,4026,887006,887038
2023-06-20 14:34:00.000000000,1687242840000000000,5800,5804,5800,5802,3047,887038,887631
2023-06-20 14:35:00.000000000,1687242900000000000,5802,5806,5801,5806,2760,887631,887639
2023-06-20 14:36:00.000000000,1687242960000000000,5806,5808,5805,5807,3486,887639,887808
2023-06-20 14:37:00.000000000,1687243020000000000,5807,5807,5804,5805,1880,887808,888267
2023-06-20 14:38:00.000000000,1687243080000000000,5805,5807,5803,5807,1680,888267,888274
2023-06-20 14:39:00.000000000,1687243140000000000,5807,5808,5804,5806,3628,888274,889927
2023-06-20 14:40:00.000000000,1687243200000000000,5806,5808,5804,5805,2304,889927,890419
2023-06-20 14:41:00.000000000,1687243260000000000,5805,5806,5802,5806,2506,890419,890861
2023-06-20 14:42:00.000000000,1687243320000000000,5806,5808,5805,5808,2760,890861,891042
2023-06-20 14:43:00.000000000,1687243380000000000,5808,5808,5803,5805,2013,891042,891567
2023-06-20 14:44:00.000000000,1687243440000000000,5805,5805,5795,5797,6249,891567,891399
2023-06-20 14:45:00.000000000,1687243500000000000,5797,5802,5796,5799,2860,891399,891997
2023-06-20 14:46:00.000000000,1687243560000000000,5799,5800,5797,5798,1520,891997,891931
2023-06-20 14:47:00.000000000,1687243620000000000,5798,5800,5797,5799,1164,891931,891813
2023-06-20 14:48:00.000000000,1687243680000000000,5799,5800,5797,5798,1547,891813,891881
2023-06-20 14:49:00.000000000,1687243740000000000,5798,5799,5796,5796,1908,891881,892069
2023-06-20 14:50:00.000000000,1687243800000000000,5796,5798,5796,5797,2533,892069,892018
2023-06-20 14:51:00.000000000,1687243860000000000,5797,5798,5796,5797,1612,892018,891937
2023-06-20 14:52:00.000000000,1687243920000000000,5797,5798,5796,5798,1342,891937,891891
2023-06-20 14:53:00.000000000,1687243980000000000,5798,5800,5797,5799,1999,891891,891544
2023-06-20 14:54:00.000000000,1687244040000000000,5799,5799,5797,5799,2378,891544,891382
2023-06-20 14:55:00.000000000,1687244100000000000,5799,5799,5795,5797,2262,891382,891135
2023-06-20 14:56:00.000000000,1687244160000000000,5797,5798,5795,5796,2014,891135,891130
2023-06-20 14:57:00.000000000,1687244220000000000,5796,5798,5795,5798,2718,891130,890866
2023-06-20 14:58:00.000000000,1687244280000000000,5798,5799,5796,5799,2382,890866,890285
2023-06-20 14:59:00.000000000,1687244340000000000,5799,5799,5796,5796,4492,890285,888472
2023-06-20 21:00:00.000000000,1687266000000000000,5790,5798,5782,5795,17834,888472,889304
2023-06-20 21:01:00.000000000,1687266060000000000,5795,5805,5792,5797,12927,889304,890850
2023-06-20 21:02:00.000000000,1687266120000000000,5797,5801,5795,5800,5494,890850,891042
2023-06-20 21:03:00.000000000,1687266180000000000,5800,5802,5798,5798,4161,891042,891492
2023-06-20 21:04:00.000000000,1687266240000000000,5798,5799,5793,5794,4128,891492,891261
2023-06-20 21:05:00.000000000,1687266300000000000,5794,5799,5794,5799,3350,891261,891160
2023-06-20 21:06:00.000000000,1687266360000000000,5799,5799,5793,5797,2786,891160,891215
2023-06-20 21:07:00.000000000,1687266420000000000,5797,5798,5793,5796,2620,891215,890883
2023-06-20 21:08:00.000000000,1687266480000000000,5796,5797,5792,5796,4539,890883,891389
2023-06-20 21:09:00.000000000,1687266540000000000,5796,5796,5790,5796,3964,891389,891575
2023-06-20 21:10:00.000000000,1687266600000000000,5796,5797,5793,5794,2423,891575,891466
2023-06-20 21:11:00.000000000,1687266660000000000,5794,5799,5793,5797,2367,891466,891596
2023-06-20 21:12:00.000000000,1687266720000000000,5797,5800,5797,5800,4083,891596,892581
2023-06-20 21:13:00.000000000,1687266780000000000,5800,5804,5799,5801,4997,892581,893577
2023-06-20 21:14:00.000000000,1687266840000000000,5801,5803,5800,5803,2194,893577,893553
2023-06-20 21:15:00.000000000,1687266900000000000,5803,5804,5799,5801,3767,893553,894232
2023-06-20 21:16:00.000000000,1687266960000000000,5801,5807,5801,5806,4484,894232,894771
2023-06-20 21:17:00.000000000,1687267020000000000,5806,5807,5802,5805,4716,894771,895833
2023-06-20 21:18:00.000000000,1687267080000000000,5805,5805,5803,5804,1336,895833,895964
2023-06-20 21:19:00.000000000,1687267140000000000,5804,5804,5798,5801,3415,895964,896316
2023-06-20 21:20:00.000000000,1687267200000000000,5801,5806,5800,5805,2672,896316,896336
2023-06-20 21:21:00.000000000,1687267260000000000,5805,5807,5804,5807,2270,896336,896336
2023-06-20 21:22:00.000000000,1687267320000000000,5807,5808,5805,5805,3602,896336,896508
2023-06-20 21:23:00.000000000,1687267380000000000,5805,5805,5803,5804,1173,896508,896467
2023-06-20 21:24:00.000000000,1687267440000000000,5804,5805,5802,5803,1604,896467,896606
2023-06-20 21:25:00.000000000,1687267500000000000,5803,5808,5803,5808,2343,896606,897095
2023-06-20 21:26:00.000000000,1687267560000000000,5808,5810,5807,5807,1678,897095,897132
2023-06-20 21:27:00.000000000,1687267620000000000,5807,5808,5804,5806,2426,897132,896614
2023-06-20 21:28:00.000000000,1687267680000000000,5806,5806,5803,5805,1592,896614,896745
2023-06-20 21:29:00.000000000,1687267740000000000,5805,5805,5803,5804,787,896745,896608
2023-06-20 21:30:00.000000000,1687267800000000000,5804,5808,5804,5804,2181,896608,896392
2023-06-20 21:31:00.000000000,1687267860000000000,5804,5804,5798,5799,4130,896392,896336
2023-06-20 21:32:00.000000000,1687267920000000000,5799,5804,5799,5803,1794,896336,896206
2023-06-20 21:33:00.000000000,1687267980000000000,5803,5806,5803,5805,1532,896206,895899
2023-06-20 21:34:00.000000000,1687268040000000000,5805,5805,5801,5802,1944,895899,896401
2023-06-20 21:35:00.000000000,1687268100000000000,5802,5802,5798,5799,2158,896401,896317
2023-06-20 21:36:00.000000000,1687268160000000000,5799,5803,5799,5802,2266,896317,896478
2023-06-20 21:37:00.000000000,1687268220000000000,5802,5802,5798,5799,1666,896478,896603
2023-06-20 21:38:00.000000000,1687268280000000000,5799,5799,5795,5798,2682,896603,896118
2023-06-20 21:39:00.000000000,1687268340000000000,5798,5802,5797,5801,1719,896118,896090
2023-06-20 21:40:00.000000000,1687268400000000000,5801,5802,5800,5800,1303,896090,896226
2023-06-20 21:41:00.000000000,1687268460000000000,5800,5801,5796,5796,1918,896226,896150
2023-06-20 21:42:00.000000000,1687268520000000000,5796,5797,5794,5794,2213,896150,896119
2023-06-20 21:43:00.000000000,1687268580000000000,5794,5797,5793,5797,1773,896119,895964
2023-06-20 21:44:00.000000000,1687268640000000000,5797,5798,5795,5796,1016,895964,895954
2023-06-20 21:45:00.000000000,1687268700000000000,5796,5800,5795,5799,2125,895954,896284
2023-06-20 21:46:00.000000000,1687268760000000000,5799,5799,5797,5798,711,896284,896350
2023-06-20 21:47:00.000000000,1687268820000000000,5798,5798,5795,5796,1019,896350,896419
2023-06-20 21:48:00.000000000,1687268880000000000,5796,5798,5795,5796,1811,896419,896225
2023-06-20 21:49:00.000000000,1687268940000000000,5796,5797,5794,5796,1481,896225,896228
2023-06-20 21:50:00.000000000,1687269000000000000,5796,5796,5793,5795,2163,896228,896107
2023-06-20 21:51:00.000000000,1687269060000000000,5795,5795,5788,5792,4982,896107,896059
2023-06-20 21:52:00.000000000,1687269120000000000,5792,5792,5789,5792,2227,896059,896177
2023-06-20 21:53:00.000000000,1687269180000000000,5792,5796,5791,5796,2031,896177,896323
2023-06-20 21:54:00.000000000,1687269240000000000,5796,5796,5794,5796,1117,896323,896539
2023-06-20 21:55:00.000000000,1687269300000000000,5796,5796,5794,5795,1263,896539,896766
2023-06-20 21:56:00.000000000,1687269360000000000,5795,5797,5794,5796,993,896766,896857
2023-06-20 21:57:00.000000000,1687269420000000000,5796,5800,5796,5799,2350,896857,896823
2023-06-20 21:58:00.000000000,1687269480000000000,5799,5799,5796,5797,982,896823,896991
2023-06-20 21:59:00.000000000,1687269540000000000,5797,5797,5794,5795,1692,896991,897250
2023-06-20 22:00:00.000000000,1687269600000000000,5795,5795,5791,5791,2313,897250,897683
2023-06-20 22:01:00.000000000,1687269660000000000,5791,5794,5789,5793,2261,897683,897965
2023-06-20 22:02:00.000000000,1687269720000000000,5793,5794,5791,5792,1263,897965,898082
2023-06-20 22:03:00.000000000,1687269780000000000,5792,5792,5787,5789,2596,898082,898304
2023-06-20 22:04:00.000000000,1687269840000000000,5789,5789,5787,5788,1818,898304,898536
2023-06-20 22:05:00.000000000,1687269900000000000,5788,5788,5782,5784,5392,898536,898434
2023-06-20 22:06:00.000000000,1687269960000000000,5784,5786,5784,5786,2366,898434,898144
2023-06-20 22:07:00.000000000,1687270020000000000,5786,5788,5786,5787,1095,898144,898143
2023-06-20 22:08:00.000000000,1687270080000000000,5787,5788,5784,5785,1714,898143,898544
2023-06-20 22:09:00.000000000,1687270140000000000,5785,5785,5774,5778,9669,898544,897182
2023-06-20 22:10:00.000000000,1687270200000000000,5778,5779,5773,5775,5227,897182,897454
2023-06-20 22:11:00.000000000,1687270260000000000,5775,5777,5769,5777,8047,897454,897958
2023-06-20 22:12:00.000000000,1687270320000000000,5777,5778,5775,5777,3424,897958,897970
2023-06-20 22:13:00.000000000,1687270380000000000,5777,5780,5776,5780,2357,897970,897958
2023-06-20 22:14:00.000000000,1687270440000000000,5780,5780,5775,5775,2552,897958,898375
2023-06-20 22:15:00.000000000,1687270500000000000,5775,5781,5775,5781,3049,898375,898519
2023-06-20 22:16:00.000000000,1687270560000000000,5781,5781,5777,5780,2502,898519,899244
2023-06-20 22:17:00.000000000,1687270620000000000,5780,5781,5778,5780,1162,899244,899325
2023-06-20 22:18:00.000000000,1687270680000000000,5780,5781,5778,5779,1872,899325,899564
2023-06-20 22:19:00.000000000,1687270740000000000,5779,5780,5777,5777,1557,899564,899687
2023-06-20 22:20:00.000000000,1687270800000000000,5777,5781,5776,5780,1754,899687,899446
2023-06-20 22:21:00.000000000,1687270860000000000,5780,5781,5779,5780,1488,899446,899493
2023-06-20 22:22:00.000000000,1687270920000000000,5780,5781,5776,5777,1514,899493,899454
2023-06-20 22:23:00.000000000,1687270980000000000,5777,5779,5774,5776,2545,899454,899857
2023-06-20 22:24:00.000000000,1687271040000000000,5776,5780,5776,5779,1147,899857,900019
2023-06-20 22:25:00.000000000,1687271100000000000,5779,5779,5776,5777,953,900019,900044
2023-06-20 22:26:00.000000000,1687271160000000000,5777,5777,5774,5776,3019,900044,900038
2023-06-20 22:27:00.000000000,1687271220000000000,5776,5780,5775,5779,3130,900038,899059
2023-06-20 22:28:00.000000000,1687271280000000000,5779,5782,5779,5781,2833,899059,898050
2023-06-20 22:29:00.000000000,1687271340000000000,5781,5785,5780,5785,3195,898050,897227
2023-06-20 22:30:00.000000000,1687271400000000000,5785,5786,5781,5785,2796,897227,896637
2023-06-20 22:31:00.000000000,1687271460000000000,5785,5786,5784,5784,1392,896637,896244
2023-06-20 22:32:00.000000000,1687271520000000000,5784,5787,5782,5782,2469,896244,895880
2023-06-20 22:33:00.000000000,1687271580000000000,5782,5787,5782,5786,1518,895880,895929
2023-06-20 22:34:00.000000000,1687271640000000000,5786,5787,5785,5785,1455,895929,895761
2023-06-20 22:35:00.000000000,1687271700000000000,5785,5788,5785,5785,1123,895761,895645
2023-06-20 22:36:00.000000000,1687271760000000000,5785,5791,5785,5789,2645,895645,894811
2023-06-20 22:37:00.000000000,1687271820000000000,5789,5792,5789,5791,2477,894811,894560
2023-06-20 22:38:00.000000000,1687271880000000000,5791,5793,5789,5791,1679,894560,894267
2023-06-20 22:39:00.000000000,1687271940000000000,5791,5791,5788,5788,1442,894267,894207
2023-06-20 22:40:00.000000000,1687272000000000000,5788,5790,5787,5790,1012,894207,894125
2023-06-20 22:41:00.000000000,1687272060000000000,5790,5794,5789,5794,2653,894125,893958
2023-06-20 22:42:00.000000000,1687272120000000000,5794,5798,5794,5798,4086,893958,893712
2023-06-20 22:43:00.000000000,1687272180000000000,5798,5802,5797,5798,4643,893712,892501
2023-06-20 22:44:00.000000000,1687272240000000000,5798,5799,5795,5796,1989,892501,892634
2023-06-20 22:45:00.000000000,1687272300000000000,5796,5800,5796,5800,1466,892634,892402
2023-06-20 22:46:00.000000000,1687272360000000000,5800,5800,5796,5796,2348,892402,892305
2023-06-20 22:47:00.000000000,1687272420000000000,5796,5797,5795,5795,1536,892305,892022
2023-06-20 22:48:00.000000000,1687272480000000000,5795,5796,5792,5793,2049,892022,891684
2023-06-20 22:49:00.000000000,1687272540000000000,5793,5794,5792,5793,1056,891684,891426
2023-06-20 22:50:00.000000000,1687272600000000000,5793,5794,5791,5794,1279,891426,891311
2023-06-20 22:51:00.000000000,1687272660000000000,5794,5797,5793,5795,1961,891311,891346
2023-06-20 22:52:00.000000000,1687272720000000000,5795,5795,5792,5793,690,891346,891317
2023-06-20 22:53:00.000000000,1687272780000000000,5793,5794,5792,5792,831,891317,891252
2023-06-20 22:54:00.000000000,1687272840000000000,5792,5793,5791,5792,1206,891252,890964
2023-06-20 22:55:00.000000000,1687272900000000000,5792,5794,5789,5790,1981,890964,890274
2023-06-20 22:56:00.000000000,1687272960000000000,5790,5791,5789,5790,1277,890274,890047
2023-06-20 22:57:00.000000000,1687273020000000000,5790,5792,5789,5789,1168,890047,889694
2023-06-20 22:58:00.000000000,1687273080000000000,5789,5791,5788,5789,1884,889694,889204
2023-06-20 22:59:00.000000000,1687273140000000000,5789,5793,5789,5793,1889,889204,888349
2023-06-21 09:00:00.000000000,1687309200000000000,5793,5796,5786,5790,6732,888349,890044
2023-06-21 09:01:00.000000000,1687309260000000000,5790,5796,5788,5794,3618,890044,889968
2023-06-21 09:02:00.000000000,1687309320000000000,5794,5794,5787,5790,3589,889968,890336
2023-06-21 09:03:00.000000000,1687309380000000000,5790,5799,5789,5799,5600,890336,889801
2023-06-21 09:04:00.000000000,1687309440000000000,5799,5806,5798,5805,6805,889801,889036
2023-06-21 09:05:00.000000000,1687309500000000000,5805,5808,5803,5804,3781,889036,889126
2023-06-21 09:06:00.000000000,1687309560000000000,5804,5808,5803,5806,1998,889126,889276
2023-06-21 09:07:00.000000000,1687309620000000000,5806,5807,5804,5806,2272,889276,888985
2023-06-21 09:08:00.000000000,1687309680000000000,5806,5808,5805,5806,2032,888985,888480
2023-06-21 09:09:00.000000000,1687309740000000000,5806,5810,5805,5807,2854,888480,888415
2023-06-21 09:10:00.000000000,1687309800000000000,5807,5808,5805,5807,2455,888415,888111
2023-06-21 09:11:00.000000000,1687309860000000000,5807,5815,5807,5813,5004,888111,888268
2023-06-21 09:12:00.000000000,1687309920000000000,5813,5815,5812,5812,3375,888268,888340
2023-06-21 09:13:00.000000000,1687309980000000000,5812,5813,5807,5808,2655,888340,888340
2023-06-21 09:14:00.000000000,1687310040000000000,5808,5813,5808,5811,2809,888340,888487
2023-06-21 09:15:00.000000000,1687310100000000000,5811,5812,5809,5810,2920,888487,888551
2023-06-21 09:16:00.000000000,1687310160000000000,5810,5812,5807,5811,1922,888551,888453
2023-06-21 09:17:00.000000000,1687310220000000000,5811,5812,5806,5807,2328,888453,888382
2023-06-21 09:18:00.000000000,1687310280000000000,5807,5810,5805,5810,2047,888382,888027
2023-06-21 09:19:00.000000000,1687310340000000000,5810,5815,5810,5813,3007,888027,888324
2023-06-21 09:20:00.000000000,1687310400000000000,5813,5819,5811,5815,6415,888324,887986
2023-06-21 09:21:00.000000000,1687310460000000000,5815,5817,5812,5816,2262,887986,888423
2023-06-21 09:22:00.000000000,1687310520000000000,5816,5817,5813,5815,1858,888423,888278
2023-06-21 09:23:00.000000000,1687310580000000000,5815,5818,5815,5817,1809,888278,887903
2023-06-21 09:24:00.000000000,1687310640000000000,5817,5818,5814,5814,1723,887903,887960
2023-06-21 09:25:00.000000000,1687310700000000000,5814,5817,5812,5815,2059,887960,888342
2023-06-21 09:26:00.000000000,1687310760000000000,5815,5815,5810,5813,2221,888342,888477
2023-06-21 09:27:00.000000000,1687310820000000000,5813,5817,5812,5816,1902,888477,888315
2023-06-21 09:28:00.000000000,1687310880000000000,5816,5820,5815,5818,2763,888315,888071
2023-06-21 09:29:00.000000000,1687310940000000000,5818,5819,5815,5816,1844,888071,888100
2023-06-21 09:30:00.000000000,1687311000000000000,5816,5816,5812,5814,1922,888100,888071
2023-06-21 09:31:00.000000000,1687311060000000000,5814,5814,5805,5809,5851,888071,888055
2023-06-21 09:32:00.000000000,1687311120000000000,5809,5810,5805,5807,2600,888055,887932
2023-06-21 09:33:00.000000000,1687311180000000000,5807,5810,5806,5808,1651,887932,888123
2023-06-21 09:34:00.000000000,1687311240000000000,5808,5809,5807,5809,1196,888123,888086
2023-06-21 09:35:00.000000000,1687311300000000000,5809,5810,5806,5808,1455,888086,888040
2023-06-21 09:36:00.000000000,1687311360000000000,5808,5808,5801,5803,3980,888040,887384
2023-06-21 09:37:00.000000000,1687311420000000000,5803,5803,5798,5803,4508,887384,887242
2023-06-21 09:38:00.000000000,1687311480000000000,5803,5805,5802,5804,1364,887242,887358
2023-06-21 09:39:00.000000000,1687311540000000000,5804,5807,5803,5805,1619,887358,887483
2023-06-21 09:40:00.000000000,1687311600000000000,5805,5805,5802,5803,1720,887483,887712
2023-06-21 09:41:00.000000000,1687311660000000000,5803,5808,5803,5807,1565,887712,887388
2023-06-21 09:42:00.000000000,1687311720000000000,5807,5809,5806,5808,1611,887388,887219
2023-06-21 09:43:00.000000000,1687311780000000000,5808,5809,5807,5808,1100,887219,886738
2023-06-21 09:44:00.000000000,1687311840000000000,5808,5813,5808,5810,2751,886738,886375
2023-06-21 09:45:00.000000000,1687311900000000000,5810,5810,5804,5808,2140,886375,886437
2023-06-21 09:46:00.000000000,1687311960000000000,5808,5808,5806,5807,705,886437,886431
2023-06-21 09:47:00.000000000,1687312020000000000,5807,5809,5806,5809,1675,886431,886466
2023-06-21 09:48:00.000000000,1687312080000000000,5809,5812,5808,5811,1355,886466,886161
2023-06-21 09:49:00.000000000,1687312140000000000,5811,5811,5809,5810,847,886161,886111
2023-06-21 09:50:00.000000000,1687312200000000000,5810,5813,5809,5811,1327,886111,886112
2023-06-21 09:51:00.000000000,1687312260000000000,5811,5814,5810,5812,1218,886112,886115
2023-06-21 09:52:00.000000000,1687312320000000000,5812,5813,5811,5813,823,886115,886196
2023-06-21 09:53:00.000000000,1687312380000000000,5813,5814,5811,5812,900,886196,886290
2023-06-21 09:54:00.000000000,1687312440000000000,5812,5815,5811,5814,1662,886290,886040
2023-06-21 09:55:00.000000000,1687312500000000000,5814,5814,5812,5813,1272,886040,886026
2023-06-21 09:56:00.000000000,1687312560000000000,5813,5813,5811,5812,702,886026,886087
2023-06-21 09:57:00.000000000,1687312620000000000,5812,5813,5811,5812,865,886087,885896
2023-06-21 09:58:00.000000000,1687312680000000000,5812,5817,5812,5815,1864,885896,886019
2023-06-21 09:59:00.000000000,1687312740000000000,5815,5816,5814,5816,2302,886019,885603
2023-06-21 10:00:00.000000000,1687312800000000000,5816,5816,5812,5812,2978,885603,885233
2023-06-21 10:01:00.000000000,1687312860000000000,5812,5813,5807,5809,2426,885233,885119
2023-06-21 10:02:00.000000000,1687312920000000000,5809,5809,5806,5807,1957,885119,885319
2023-06-21 10:03:00.000000000,1687312980000000000,5807,5812,5807,5812,1764,885319,885030
2023-06-21 10:04:00.000000000,1687313040000000000,5812,5813,5808,5810,1454,885030,885010
2023-06-21 10:05:00.000000000,1687313100000000000,5810,5810,5804,5805,2501,885010,885160
2023-06-21 10:06:00.000000000,1687313160000000000,5805,5813,5804,5812,2425,885160,884829
2023-06-21 10:07:00.000000000,1687313220000000000,5812,5817,5812,5814,3269,884829,884728
2023-06-21 10:08:00.000000000,1687313280000000000,5814,5817,5814,5816,1504,884728,884645
2023-06-21 10:09:00.000000000,1687313340000000000,5816,5817,5815,5816,1343,884645,884867
2023-06-21 10:10:00.000000000,1687313400000000000,5816,5819,5814,5815,2553,884867,884653
2023-06-21 10:11:00.000000000,1687313460000000000,5815,5817,5814,5814,699,884653,884675
2023-06-21 10:12:00.000000000,1687313520000000000,5814,5816,5814,5815,542,884675,884747
2023-06-21 10:13:00.000000000,1687313580000000000,5815,5818,5814,5816,971,884747,884538
2023-06-21 10:14:00.000000000,1687313640000000000,5816,5818,5815,5816,936,884538,884304
2023-06-21 10:30:00.000000000,1687314600000000000,5816,5825,5816,5821,6676,884304,883664
2023-06-21 10:31:00.000000000,1687314660000000000,5821,5822,5818,5822,2760,883664,883524
2023-06-21 10:32:00.000000000,1687314720000000000,5822,5824,5821,5822,1990,883524,883759
2023-06-21 10:33:00.000000000,1687314780000000000,5822,5823,5819,5819,2854,883759,884054
2023-06-21 10:34:00.000000000,1687314840000000000,5819,5821,5815,5816,2630,884054,884198
2023-06-21 10:35:00.000000000,1687314900000000000,5816,5818,5814,5816,1682,884198,884603
2023-06-21 10:36:00.000000000,1687314960000000000,5816,5816,5812,5815,2304,884603,884209
2023-06-21 10:37:00.000000000,1687315020000000000,5815,5819,5814,5818,1057,884209,884227
2023-06-21 10:38:00.000000000,1687315080000000000,5818,5819,5816,5817,982,884227,884179
2023-06-21 10:39:00.000000000,1687315140000000000,5817,5819,5816,5818,1004,884179,884142
2023-06-21 10:40:00.000000000,1687315200000000000,5818,5819,5813,5813,1454,884142,884195
2023-06-21 10:41:00.000000000,1687315260000000000,5813,5816,5813,5814,1236,884195,883986
2023-06-21 10:42:00.000000000,1687315320000000000,5814,5816,5811,5812,1510,883986,883786
2023-06-21 10:43:00.000000000,1687315380000000000,5812,5813,5809,5810,2432,883786,883283
2023-06-21 10:44:00.000000000,1687315440000000000,5810,5810,5807,5807,1792,883283,883326
2023-06-21 10:45:00.000000000,1687315500000000000,5807,5810,5807,5808,1977,883326,883597
2023-06-21 10:46:00.000000000,1687315560000000000,5808,5808,5798,5800,6935,883597,883254
2023-06-21 10:47:00.000000000,1687315620000000000,5800,5802,5799,5799,2399,883254,883076
2023-06-21 10:48:00.000000000,1687315680000000000,5799,5800,5794,5797,4751,883076,883088
2023-06-21 10:49:00.000000000,1687315740000000000,5797,5799,5795,5797,2754,883088,882887
2023-06-21 10:50:00.000000000,1687315800000000000,5797,5799,5797,5797,1985,882887,883049
2023-06-21 10:51:00.000000000,1687315860000000000,5797,5797,5792,5794,2627,883049,883493
2023-06-21 10:52:00.000000000,1687315920000000000,5794,5796,5792,5795,2667,883493,883738
2023-06-21 10:53:00.000000000,1687315980000000000,5795,5797,5794,5795,1454,883738,883887
2023-06-21 10:54:00.000000000,1687316040000000000,5795,5796,5793,5794,1959,883887,884506
2023-06-21 10:55:00.000000000,1687316100000000000,5794,5797,5793,5795,1970,884506,884626
2023-06-21 10:56:00.000000000,1687316160000000000,5795,5795,5792,5793,1490,884626,884957
2023-06-21 10:57:00.000000000,1687316220000000000,5793,5794,5786,5786,6266,884957,885262
2023-06-21 10:58:00.000000000,1687316280000000000,5786,5788,5785,5787,3533,885262,884738
2023-06-21 10:59:00.000000000,1687316340000000000,5787,5790,5785,5787,2990,884738,885055
2023-06-21 11:00:00.000000000,1687316400000000000,5787,5790,5785,5788,3463,885055,884803
2023-06-21 11:01:00.000000000,1687316460000000000,5788,5791,5785,5787,3060,884803,885496
2023-06-21 11:02:00.000000000,1687316520000000000,5787,5791,5786,5789,1679,885496,885750
2023-06-21 11:03:00.000000000,1687316580000000000,5789,5791,5787,5790,1600,885750,886098
2023-06-21 11:04:00.000000000,1687316640000000000,5790,5791,5788,5788,1419,886098,886400
2023-06-21 11:05:00.000000000,1687316700000000000,5788,5791,5787,5788,1442,886400,886544
2023-06-21 11:06:00.000000000,1687316760000000000,5788,5792,5787,5791,1126,886544,886558
2023-06-21 11:07:00.000000000,1687316820000000000,5791,5794,5790,5794,1950,886558,886553
2023-06-21 11:08:00.000000000,1687316880000000000,5794,5797,5793,5796,1820,886553,886159
2023-06-21 11:09:00.000000000,1687316940000000000,5796,5798,5795,5798,2228,886159,885704
2023-06-21 11:10:00.000000000,1687317000000000000,5798,5798,5794,5795,1628,885704,885924
2023-06-21 11:11:00.000000000,1687317060000000000,5795,5796,5793,5794,787,885924,886147
2023-06-21 11:12:00.000000000,1687317120000000000,5794,5797,5794,5796,1037,886147,885922
2023-06-21 11:13:00.000000000,1687317180000000000,5796,5798,5794,5797,920,885922,885893
2023-06-21 11:14:00.000000000,1687317240000000000,5797,5798,5796,5797,616,885893,885724
2023-06-21 11:15:00.000000000,1687317300000000000,5797,5798,5794,5794,1356,885724,885478
2023-06-21 11:16:00.000000000,1687317360000000000,5794,5799,5794,5799,1966,885478,885285
2023-06-21 11:17:00.000000000,1687317420000000000,5799,5802,5798,5799,1924,885285,884758
2023-06-21 11:18:00.000000000,1687317480000000000,5799,5799,5795,5796,1517,884758,884609
2023-06-21 11:19:00.000000000,1687317540000000000,5796,5797,5791,5792,2688,884609,885200
2023-06-21 11:20:00.000000000,1687317600000000000,5792,5795,5791,5795,2100,885200,885367
2023-06-21 11:21:00.000000000,1687317660000000000,5795,5795,5793,5794,899,885367,885541
2023-06-21 11:22:00.000000000,1687317720000000000,5794,5800,5794,5799,1548,885541,885305
2023-06-21 11:23:00.000000000,1687317780000000000,5799,5801,5798,5799,1630,885305,885185
2023-06-21 11:24:00.000000000,1687317840000000000,5799,5801,5797,5800,1352,885185,884962
2023-06-21 11:25:00.000000000,1687317900000000000,5800,5801,5800,5800,543,884962,884764
2023-06-21 11:26:00.000000000,1687317960000000000,5800,5804,5798,5804,3152,884764,884524
2023-06-21 11:27:00.000000000,1687318020000000000,5804,5806,5803,5804,1502,884524,884207
2023-06-21 11:28:00.000000000,1687318080000000000,5804,5804,5803,5803,916,884207,884050
2023-06-21 11:29:00.000000000,1687318140000000000,5803,5804,5801,5802,1166,884050,883581
2023-06-21 13:30:00.000000000,1687325400000000000,5801,5802,5799,5799,2752,883581,883578
2023-06-21 13:31:00.000000000,1687325460000000000,5799,5800,5796,5797,2336,883578,883492
2023-06-21 13:32:00.000000000,1687325520000000000,5797,5798,5793,5794,2101,883492,883297
2023-06-21 13:33:00.000000000,1687325580000000000,5794,5798,5792,5797,2026,883297,883511
2023-06-21 13:34:00.000000000,1687325640000000000,5797,5798,5796,5798,1130,883511,883444
2023-06-21 13:35:00.000000000,1687325700000000000,5798,5801,5797,5800,1610,883444,883432
2023-06-21 13:36:00.000000000,1687325760000000000,5800,5802,5798,5802,1254,883432,883518
2023-06-21 13:37:00.000000000,1687325820000000000,5802,5805,5801,5804,1329,883518,883737
2023-06-21 13:38:00.000000000,1687325880000000000,5804,5804,5801,5803,1300,883737,883936
2023-06-21 13:39:00.000000000,1687325940000000000,5803,5803,5801,5803,526,883936,883959
2023-06-21 13:40:00.000000000,1687326000000000000,5803,5805,5803,5805,1081,883959,884003
2023-06-21 13:41:00.000000000,1687326060000000000,5805,5805,5802,5803,841,884003,883988
2023-06-21 13:42:00.000000000,1687326120000000000,5803,5803,5800,5801,1143,883988,883929
2023-06-21 13:43:00.000000000,1687326180000000000,5801,5802,5798,5798,1356,883929,883949
2023-06-21 13:44:00.000000000,1687326240000000000,5798,5799,5796,5796,1413,883949,884177
2023-06-21 13:45:00.000000000,1687326300000000000,5796,5798,5795,5795,1634,884177,884192
2023-06-21 13:46:00.000000000,1687326360000000000,5795,5801,5795,5801,1723,884192,884205
2023-06-21 13:47:00.000000000,1687326420000000000,5801,5801,5799,5800,883,884205,884210
2023-06-21 13:48:00.000000000,1687326480000000000,5800,5800,5798,5799,395,884210,884226
2023-06-21 13:49:00.000000000,1687326540000000000,5799,5802,5799,5802,667,884226,884187
2023-06-21 13:50:00.000000000,1687326600000000000,5802,5802,5800,5800,460,884187,884245
2023-06-21 13:51:00.000000000,1687326660000000000,5800,5801,5797,5799,1037,884245,884213
2023-06-21 13:52:00.000000000,1687326720000000000,5799,5802,5798,5801,1106,884213,884280
2023-06-21 13:53:00.000000000,1687326780000000000,5801,5801,5797,5798,1544,884280,884202
2023-06-21 13:54:00.000000000,1687326840000000000,5798,5800,5797,5799,1317,884202,884071
2023-06-21 13:55:00.000000000,1687326900000000000,5799,5801,5798,5799,1122,884071,883957
2023-06-21 13:56:00.000000000,1687326960000000000,5799,5802,5797,5801,1444,883957,883746
2023-06-21 13:57:00.000000000,1687327020000000000,5801,5805,5801,5804,1845,883746,883564
2023-06-21 13:58:00.000000000,1687327080000000000,5804,5804,5801,5802,922,883564,883314
2023-06-21 13:59:00.000000000,1687327140000000000,5802,5802,5801,5801,458,883314,883271
2023-06-21 14:00:00.000000000,1687327200000000000,5801,5805,5800,5804,2114,883271,883341
2023-06-21 14:01:00.000000000,1687327260000000000,5804,5810,5803,5808,3927,883341,883341
2023-06-21 14:02:00.000000000,1687327320000000000,5808,5809,5806,5808,1267,883341,883116
2023-06-21 14:03:00.000000000,1687327380000000000,5808,5808,5803,5804,2369,883116,882826
2023-06-21 14:04:00.000000000,1687327440000000000,5804,5804,5800,5801,2322,882826,882584
2023-06-21 14:05:00.000000000,1687327500000000000,5801,5804,5800,5803,1675,882584,882598
2023-06-21 14:06:00.000000000,1687327560000000000,5803,5804,5802,5803,1020,882598,882627
2023-06-21 14:07:00.000000000,1687327620000000000,5803,5803,5802,5803,355,882627,882876
2023-06-21 14:08:00.000000000,1687327680000000000,5803,5805,5801,5803,2211,882876,883449
2023-06-21 14:09:00.000000000,1687327740000000000,5803,5803,5799,5802,2277,883449,883169
2023-06-21 14:10:00.000000000,1687327800000000000,5802,5802,5800,5800,1536,883169,883011
2023-06-21 14:11:00.000000000,1687327860000000000,5800,5807,5800,5805,3007,883011,882119
2023-06-21 14:12:00.000000000,1687327920000000000,5805,5809,5805,5807,1975,882119,882006
2023-06-21 14:13:00.000000000,1687327980000000000,5807,5809,5806,5808,2200,882006,881571
2023-06-21 14:14:00.000000000,1687328040000000000,5808,5812,5808,5810,3203,881571,881368
2023-06-21 14:15:00.000000000,1687328100000000000,5810,5811,5807,5808,1712,881368,881220
2023-06-21 14:16:00.000000000,1687328160000000000,5808,5812,5807,5809,2841,881220,880986
2023-06-21 14:17:00.000000000,1687328220000000000,5809,5811,5809,5810,1010,880986,881121
2023-06-21 14:18:00.000000000,1687328280000000000,5810,5812,5808,5808,1257,881121,881155
2023-06-21 14:19:00.000000000,1687328340000000000,5808,5810,5808,5809,643,881155,881171
2023-06-21 14:20:00.000000000,1687328400000000000,5809,5809,5804,5805,2451,881171,880380
2023-06-21 14:21:00.000000000,1687328460000000000,5805,5806,5803,5806,1400,880380,880334
2023-06-21 14:22:00.000000000,1687328520000000000,5806,5808,5804,5805,904,880334,880031
2023-06-21 14:23:00.000000000,1687328580000000000,5805,5806,5804,5805,784,880031,879792
2023-06-21 14:24:00.000000000,1687328640000000000,5805,5806,5801,5804,2603,879792,878919
2023-06-21 14:25:00.000000000,1687328700000000000,5804,5805,5802,5803,871,878919,878842
2023-06-21 14:26:00.000000000,1687328760000000000,5803,5804,5802,5804,636,878842,878687
2023-06-21 14:27:00.000000000,1687328820000000000,5804,5808,5803,5808,1539,878687,878442
2023-06-21 14:28:00.000000000,1687328880000000000,5808,5808,5806,5806,1170,878442,878242
2023-06-21 14:29:00.000000000,1687328940000000000,5806,5809,5806,5807,1607,878242,877542
2023-06-21 14:30:00.000000000,1687329000000000000,5807,5808,5806,5808,741,877542,877342
2023-06-21 14:31:00.000000000,1687329060000000000,5808,5810,5807,5808,2056,877342,877335
2023-06-21 14:32:00.000000000,1687329120000000000,5808,5809,5806,5806,926,877335,877307
2023-06-21 14:33:00.000000000,1687329180000000000,5806,5809,5805,5805,1355,877307,877083
2023-06-21 14:34:00.000000000,1687329240000000000,5805,5807,5805,5807,778,877083,876912
2023-06-21 14:35:00.000000000,1687329300000000000,5807,5807,5805,5806,853,876912,876823
2023-06-21 14:36:00.000000000,1687329360000000000,5806,5808,5805,5808,1426,876823,877072
2023-06-21 14:37:00.000000000,1687329420000000000,5808,5809,5806,5807,1362,877072,876812
2023-06-21 14:38:00.000000000,1687329480000000000,5807,5810,5807,5810,1731,876812,876985
2023-06-21 14:39:00.000000000,1687329540000000000,5810,5810,5805,5805,2082,876985,876451
2023-06-21 14:40:00.000000000,1687329600000000000,5805,5806,5800,5802,4029,876451,876120
2023-06-21 14:41:00.000000000,1687329660000000000,5802,5804,5799,5801,3412,876120,875935
2023-06-21 14:42:00.000000000,1687329720000000000,5801,5803,5799,5802,2647,875935,875537
2023-06-21 14:43:00.000000000,1687329780000000000,5802,5804,5802,5803,1109,875537,875423
2023-06-21 14:44:00.000000000,1687329840000000000,5803,5804,5801,5802,1749,875423,876020
2023-06-21 14:45:00.000000000,1687329900000000000,5802,5806,5802,5805,2277,876020,875548
2023-06-21 14:46:00.000000000,1687329960000000000,5805,5807,5803,5804,1659,875548,875110
2023-06-21 14:47:00.000000000,1687330020000000000,5804,5808,5803,5807,1971,875110,874469
2023-06-21 14:48:00.000000000,1687330080000000000,5807,5808,5803,5806,1618,874469,874156
2023-06-21 14:49:00.000000000,1687330140000000000,5806,5808,5805,5806,1481,874156,873737
2023-06-21 14:50:00.000000000,1687330200000000000,5806,5807,5805,5806,1382,873737,873194
2023-06-21 14:51:00.000000000,1687330260000000000,5806,5810,5806,5809,3001,873194,872596
2023-06-21 14:52:00.000000000,1687330320000000000,5809,5811,5808,5809,2752,872596,871937
2023-06-21 14:53:00.000000000,1687330380000000000,5809,5809,5806,5806,2517,871937,870573
2023-06-21 14:54:00.000000000,1687330440000000000,5806,5809,5806,5809,2191,870573,869763
2023-06-21 14:55:00.000000000,1687330500000000000,5809,5809,5806,5806,1396,869763,869229
2023-06-21 14:56:00.000000000,1687330560000000000,5806,5808,5806,5806,1298,869229,868782
2023-06-21 14:57:00.000000000,1687330620000000000,5806,5808,5805,5807,2812,868782,867416
2023-06-21 14:58:00.000000000,1687330680000000000,5807,5809,5806,5808,2503,867416,866090
2023-06-21 14:59:00.000000000,1687330740000000000,5808,5816,5808,5814,5752,866090,863372
2023-06-26 09:00:00.000000000,1687741200000000000,5770,5779,5742,5777,40817,863372,859250
2023-06-26 09:01:00.000000000,1687741260000000000,5777,5785,5772,5781,17974,859250,858508
2023-06-26 09:02:00.000000000,1687741320000000000,5781,5781,5751,5751,14718,858508,859318
2023-06-26 09:03:00.000000000,1687741380000000000,5751,5755,5740,5755,18812,859318,860095
2023-06-26 09:04:00.000000000,1687741440000000000,5755,5755,5742,5742,10636,860095,861461
2023-06-26 09:05:00.000000000,1687741500000000000,5742,5748,5736,5744,12974,861461,862709
2023-06-26 09:06:00.000000000,1687741560000000000,5744,5750,5741,5746,8969,862709,864457
2023-06-26 09:07:00.000000000,1687741620000000000,5746,5752,5741,5745,8253,864457,864960
2023-06-26 09:08:00.000000000,1687741680000000000,5745,5756,5745,5752,8270,864960,864270
2023-06-26 09:09:00.000000000,1687741740000000000,5752,5764,5748,5761,9773,864270,863290
2023-06-26 09:10:00.000000000,1687741800000000000,5761,5762,5751,5752,5852,863290,863198
2023-06-26 09:11:00.000000000,1687741860000000000,5752,5757,5751,5754,4170,863198,862517
2023-06-26 09:12:00.000000000,1687741920000000000,5754,5760,5754,5759,3895,862517,862992
2023-06-26 09:13:00.000000000,1687741980000000000,5759,5766,5759,5762,4899,862992,863248
2023-06-26 09:14:00.000000000,1687742040000000000,5762,5765,5756,5756,3688,863248,862819
2023-06-26 09:15:00.000000000,1687742100000000000,5756,5756,5752,5753,4934,862819,862830
2023-06-26 09:16:00.000000000,1687742160000000000,5753,5756,5749,5754,4971,862830,863329
2023-06-26 09:17:00.000000000,1687742220000000000,5754,5756,5752,5753,2794,863329,863837
2023-06-26 09:18:00.000000000,1687742280000000000,5753,5760,5753,5758,3319,863837,864255
2023-06-26 09:19:00.000000000,1687742340000000000,5758,5762,5757,5762,3234,864255,864585
2023-06-26 09:20:00.000000000,1687742400000000000,5762,5768,5762,5765,3913,864585,864437
2023-06-26 09:21:00.000000000,1687742460000000000,5765,5769,5764,5767,3300,864437,864859
2023-06-26 09:22:00.000000000,1687742520000000000,5767,5767,5755,5757,5138,864859,865814
2023-06-26 09:23:00.000000000,1687742580000000000,5757,5757,5752,5752,3655,865814,865734
2023-06-26 09:24:00.000000000,1687742640000000000,5752,5753,5745,5746,8036,865734,867547
2023-06-26 09:25:00.000000000,1687742700000000000,5746,5749,5744,5744,4212,867547,868199
2023-06-26 09:26:00.000000000,1687742760000000000,5744,5745,5741,5743,5519,868199,868986
2023-06-26 09:27:00.000000000,1687742820000000000,5743,5745,5740,5742,5952,868986,869313
2023-06-26 09:28:00.000000000,1687742880000000000,5742,5742,5734,5736,9372,869313,870749
2023-06-26 09:29:00.000000000,1687742940000000000,5736,5737,5726,5726,12260,870749,871449
2023-06-26 09:30:00.000000000,1687743000000000000,5726,5727,5722,5726,10210,871449,872711
2023-06-26 09:31:00.000000000,1687743060000000000,5726,5730,5724,5729,5235,872711,872417
2023-06-26 09:32:00.000000000,1687743120000000000,5729,5730,5723,5723,4676,872417,873068
2023-06-26 09:33:00.000000000,1687743180000000000,5723,5723,5717,5719,8813,873068,873304
2023-06-26 09:34:00.000000000,1687743240000000000,5719,5724,5716,5717,6104,873304,873199
2023-06-26 09:35:00.000000000,1687743300000000000,5717,5725,5717,5722,3940,873199,873181
2023-06-26 09:36:00.000000000,1687743360000000000,5722,5727,5721,5726,4631,873181,872643
2023-06-26 09:37:00.000000000,1687743420000000000,5726,5727,5724,5725,2453,872643,872584
2023-06-26 09:38:00.000000000,1687743480000000000,5725,5729,5725,5726,2815,872584,872419
2023-06-26 09:39:00.000000000,1687743540000000000,5726,5733,5726,5732,4792,872419,872107
2023-06-26 09:40:00.000000000,1687743600000000000,5732,5734,5730,5732,3993,872107,872024
2023-06-26 09:41:00.000000000,1687743660000000000,5732,5734,5729,5729,3394,872024,871196
2023-06-26 09:42:00.000000000,1687743720000000000,5729,5731,5728,5731,1518,871196,871337
2023-06-26 09:43:00.000000000,1687743780000000000,5731,5733,5727,5731,1573,871337,871435
2023-06-26 09:44:00.000000000,1687743840000000000,5731,5732,5727,5728,1717,871435,871369
2023-06-26 09:45:00.000000000,1687743900000000000,5728,5729,5725,5727,2206,871369,871309
2023-06-26 09:46:00.000000000,1687743960000000000,5727,5729,5727,5729,1406,871309,871308
2023-06-26 09:47:00.000000000,1687744020000000000,5729,5731,5724,5730,2500,871308,871336
2023-06-26 09:48:00.000000000,1687744080000000000,5730,5730,5727,5728,975,871336,871290
2023-06-26 09:49:00.000000000,1687744140000000000,5728,5729,5725,5726,2249,871290,871229
2023-06-26 09:50:00.000000000,1687744200000000000,5726,5728,5725,5726,1931,871229,871223
2023-06-26 09:51:00.000000000,1687744260000000000,5726,5727,5725,5726,1591,871223,871334
2023-06-26 09:52:00.000000000,1687744320000000000,5726,5727,5723,5723,1847,871334,871422
2023-06-26 09:53:00.000000000,1687744380000000000,5723,5725,5722,5723,1626,871422,871572
2023-06-26 09:54:00.000000000,1687744440000000000,5723,5723,5718,5719,3233,871572,872404
2023-06-26 09:55:00.000000000,1687744500000000000,5719,5721,5712,5713,5312,872404,873287
2023-06-26 09:56:00.000000000,1687744560000000000,5713,5715,5711,5713,3723,873287,873920
2023-06-26 09:57:00.000000000,1687744620000000000,5713,5714,5712,5713,2170,873920,874131
2023-06-26 09:58:00.000000000,1687744680000000000,5713,5714,5708,5708,4239,874131,874954
2023-06-26 09:59:00.000000000,1687744740000000000,5708,5711,5707,5709,4817,874954,875614
2023-06-26 10:00:00.000000000,1687744800000000000,5709,5710,5705,5710,7838,875614,876683
2023-06-26 10:01:00.000000000,1687744860000000000,5710,5711,5704,5705,4782,876683,876846
2023-06-26 10:02:00.000000000,1687744920000000000,5705,5706,5702,5703,4378,876846,876624
2023-06-26 10:03:00.000000000,1687744980000000000,5703,5709,5703,5709,3294,876624,877077
2023-06-26 10:04:00.000000000,1687745040000000000,5709,5711,5706,5710,3351,877077,876738
2023-06-26 10:05:00.000000000,1687745100000000000,5710,5713,5708,5708,3460,876738,876826
2023-06-26 10:06:00.000000000,1687745160000000000,5708,5708,5702,5705,5354,876826,876537
2023-06-26 10:07:00.000000000,1687745220000000000,5705,5710,5704,5710,2390,876537,876685
2023-06-26 10:08:00.000000000,1687745280000000000,5710,5710,5706,5706,1786,876685,876833
2023-06-26 10:09:00.000000000,1687745340000000000,5706,5711,5706,5708,2099,876833,876714
2023-06-26 10:10:00.000000000,1687745400000000000,5708,5712,5708,5711,2041,876714,876652
2023-06-26 10:11:00.000000000,1687745460000000000,5711,5712,5708,5711,3028,876652,876627
2023-06-26 10:12:00.000000000,1687745520000000000,5711,5713,5709,5711,4603,876627,876868
2023-06-26 10:13:00.000000000,1687745580000000000,5711,5712,5710,5711,817,876868,876820
2023-06-26 10:14:00.000000000,1687745640000000000,5711,5711,5709,5709,1984,876820,876447
2023-06-26 10:30:00.000000000,1687746600000000000,5711,5711,5706,5711,4208,876447,876868
2023-06-26 10:31:00.000000000,1687746660000000000,5711,5712,5707,5708,2523,876868,876867
2023-06-26 10:32:00.000000000,1687746720000000000,5708,5710,5706,5707,1577,876867,876880
2023-06-26 10:33:00.000000000,1687746780000000000,5707,5707,5701,5703,4546,876880,877517
2023-06-26 10:34:00.000000000,1687746840000000000,5703,5704,5701,5701,2675,877517,878482
2023-06-26 10:35:00.000000000,1687746900000000000,5701,5704,5701,5703,2827,878482,878842
2023-06-26 10:36:00.000000000,1687746960000000000,5703,5705,5702,5703,1791,878842,879132
2023-06-26 10:37:00.000000000,1687747020000000000,5703,5705,5702,5703,1884,879132,879455
2023-06-26 10:38:00.000000000,1687747080000000000,5703,5705,5702,5703,1833,879455,879310
2023-06-26 10:39:00.000000000,1687747140000000000,5703,5705,5700,5704,4979,879310,879082
2023-06-26 10:40:00.000000000,1687747200000000000,5704,5710,5704,5710,2957,879082,879075
2023-06-26 10:41:00.000000000,1687747260000000000,5710,5710,5706,5708,1163,879075,879284
2023-06-26 10:42:00.000000000,1687747320000000000,5708,5708,5706,5708,1140,879284,879437
2023-06-26 10:43:00.000000000,1687747380000000000,5708,5709,5706,5709,945,879437,879643
2023-06-26 10:44:00.000000000,1687747440000000000,5709,5709,5705,5707,1580,879643,879728
2023-06-26 10:45:00.000000000,1687747500000000000,5707,5711,5706,5710,2572,879728,879847
2023-06-26 10:46:00.000000000,1687747560000000000,5710,5712,5708,5711,2348,879847,880055
2023-06-26 10:47:00.000000000,1687747620000000000,5711,5714,5710,5712,2981,880055,879767
2023-06-26 10:48:00.000000000,1687747680000000000,5712,5715,5711,5714,2121,879767,879868
2023-06-26 10:49:00.000000000,1687747740000000000,5714,5714,5710,5713,1993,879868,879966
2023-06-26 10:50:00.000000000,1687747800000000000,5713,5717,5711,5712,4311,879966,879563
2023-06-26 10:51:00.000000000,1687747860000000000,5712,5712,5708,5710,2793,879563,879662
2023-06-26 10:52:00.000000000,1687747920000000000,5710,5713,5709,5713,1213,879662,879871
2023-06-26 10:53:00.000000000,1687747980000000000,5713,5719,5713,5717,3230,879871,878838
2023-06-26 10:54:00.000000000,1687748040000000000,5717,5718,5715,5717,1176,878838,878777
2023-06-26 10:55:00.000000000,1687748100000000000,5717,5717,5709,5709,3151,878777,879157
2023-06-26 10:56:00.000000000,1687748160000000000,5709,5711,5707,5709,2558,879157,879098
2023-06-26 10:57:00.000000000,1687748220000000000,5709,5710,5707,5709,1202,879098,879201
2023-06-26 10:58:00.000000000,1687748280000000000,5709,5711,5708,5708,1140,879201,879045
2023-06-26 10:59:00.000000000,1687748340000000000,5708,5711,5707,5709,1397,879045,879219
2023-06-26 11:00:00.000000000,1687748400000000000,5709,5710,5708,5710,1324,879219,879433
2023-06-26 11:01:00.000000000,1687748460000000000,5710,5711,5704,5704,2160,879433,879728
2023-06-26 11:02:00.000000000,1687748520000000000,5704,5705,5702,5704,2570,879728,879998
2023-06-26 11:03:00.000000000,1687748580000000000,5704,5705,5703,5703,895,879998,880026
2023-06-26 11:04:00.000000000,1687748640000000000,5703,5705,5703,5705,596,880026,880165
2023-06-26 11:05:00.000000000,1687748700000000000,5705,5706,5704,5706,1101,880165,880435
2023-06-26 11:06:00.000000000,1687748760000000000,5706,5708,5704,5706,1358,880435,880412
2023-06-26 11:07:00.000000000,1687748820000000000,5706,5711,5706,5710,1522,880412,880318
2023-06-26 11:08:00.000000000,1687748880000000000,5710,5714,5710,5713,2119,880318,879791
2023-06-26 11:09:00.000000000,1687748940000000000,5713,5714,5710,5713,797,879791,879707
2023-06-26 11:10:00.000000000,1687749000000000000,5713,5715,5712,5714,1530,879707,879816
2023-06-26 11:11:00.000000000,1687749060000000000,5714,5716,5711,5715,1392,879816,879811
2023-06-26 11:12:00.000000000,1687749120000000000,5715,5715,5711,5714,1177,879811,879489
2023-06-26 11:13:00.000000000,1687749180000000000,5714,5715,5712,5714,1445,879489,879287
2023-06-26 11:14:00.000000000,1687749240000000000,5714,5714,5711,5712,582,879287,879193
2023-06-26 11:15:00.000000000,1687749300000000000,5712,5719,5712,5718,3444,879193,878496
2023-06-26 11:16:00.000000000,1687749360000000000,5718,5725,5717,5723,4234,878496,877224
2023-06-26 11:17:00.000000000,1687749420000000000,5723,5724,5721,5722,1089,877224,877058
2023-06-26 11:18:00.000000000,1687749480000000000,5722,5723,5718,5718,1408,877058,876937
2023-06-26 11:19:00.000000000,1687749540000000000,5718,5725,5718,5725,1444,876937,876688
2023-06-26 11:20:00.000000000,1687749600000000000,5725,5725,5720,5720,1586,876688,876228
2023-06-26 11:21:00.000000000,1687749660000000000,5720,5723,5717,5717,2681,876228,876027
2023-06-26 11:22:00.000000000,1687749720000000000,5717,5720,5717,5718,1022,876027,875960
2023-06-26 11:23:00.000000000,1687749780000000000,5718,5725,5718,5724,1660,875960,875975
2023-06-26 11:24:00.000000000,1687749840000000000,5724,5724,5721,5724,852,875975,875706
2023-06-26 11:25:00.000000000,1687749900000000000,5724,5724,5721,5722,1394,875706,875705
2023-06-26 11:26:00.000000000,1687749960000000000,5722,5723,5719,5719,1178,875705,875548
2023-06-26 11:27:00.000000000,1687750020000000000,5719,5720,5716,5718,1085,875548,875718
2023-06-26 11:28:00.000000000,1687750080000000000,5718,5720,5718,5718,400,875718,875656
2023-06-26 11:29:00.000000000,1687750140000000000,5718,5720,5718,5719,952,875656,875332
2023-06-26 13:30:00.000000000,1687757400000000000,5718,5718,5709,5714,7091,875332,875963
2023-06-26 13:31:00.000000000,1687757460000000000,5714,5717,5713,5716,3129,875963,875962
2023-06-26 13:32:00.000000000,1687757520000000000,5716,5718,5715,5717,1826,875962,875963
2023-06-26 13:33:00.000000000,1687757580000000000,5717,5722,5717,5719,4031,875963,876640
2023-06-26 13:34:00.000000000,1687757640000000000,5719,5721,5718,5719,1008,876640,876598
2023-06-26 13:35:00.000000000,1687757700000000000,5719,5721,5717,5718,1914,876598,876987
2023-06-26 13:36:00.000000000,1687757760000000000,5718,5719,5716,5717,1596,876987,877177
2023-06-26 13:37:00.000000000,1687757820000000000,5717,5720,5716,5716,866,877177,877204
2023-06-26 13:38:00.000000000,1687757880000000000,5716,5717,5715,5717,887,877204,877310
2023-06-26 13:39:00.000000000,1687757940000000000,5717,5721,5716,5720,1000,877310,877465
2023-06-26 13:40:00.000000000,1687758000000000000,5720,5720,5710,5712,3270,877465,878091
2023-06-26 13:41:00.000000000,1687758060000000000,5712,5717,5711,5714,1813,878091,877938
2023-06-26 13:42:00.000000000,1687758120000000000,5714,5714,5711,5714,1217,877938,878106
2023-06-26 13:43:00.000000000,1687758180000000000,5714,5716,5713,5715,1172,878106,878515
2023-06-26 13:44:00.000000000,1687758240000000000,5715,5715,5712,5714,1352,878515,878515
2023-06-26 13:45:00.000000000,1687758300000000000,5714,5715,5712,5713,1101,878515,878666
2023-06-26 13:46:00.000000000,1687758360000000000,5713,5714,5711,5711,965,878666,878539
2023-06-26 13:47:00.000000000,1687758420000000000,5711,5714,5711,5712,936,878539,878948
2023-06-26 13:48:00.000000000,1687758480000000000,5712,5715,5712,5715,1021,878948,878666
2023-06-26 13:49:00.000000000,1687758540000000000,5715,5715,5714,5714,279,878666,878683
2023-06-26 13:50:00.000000000,1687758600000000000,5714,5716,5712,5712,927,878683,878841
2023-06-26 13:51:00.000000000,1687758660000000000,5712,5715,5711,5711,808,878841,878885
2023-06-26 13:52:00.000000000,1687758720000000000,5711,5715,5711,5715,1007,878885,878602
2023-06-26 13:53:00.000000000,1687758780000000000,5715,5719,5715,5718,1497,878602,878262
2023-06-26 13:54:00.000000000,1687758840000000000,5718,5719,5717,5718,855,878262,877968
2023-06-26 13:55:00.000000000,1687758900000000000,5718,5718,5714,5715,764,877968,878176
2023-06-26 13:56:00.000000000,1687758960000000000,5715,5715,5714,5715,371,878176,878356
2023-06-26 13:57:00.000000000,1687759020000000000,5715,5716,5713,5715,558,878356,878501
2023-06-26 13:58:00.000000000,1687759080000000000,5715,5717,5713,5716,948,878501,878575
2023-06-26 13:59:00.000000000,1687759140000000000,5716,5717,5714,5715,1212,878575,878209
2023-06-26 14:00:00.000000000,1687759200000000000,5715,5716,5713,5714,951,878209,878385
2023-06-26 14:01:00.000000000,1687759260000000000,5714,5719,5714,5717,1823,878385,878121
2023-06-26 14:02:00.000000000,1687759320000000000,5717,5721,5717,5718,2030,878121,878150
2023-06-26 14:03:00.000000000,1687759380000000000,5718,5719,5717,5718,856,878150,878304
2023-06-26 14:04:00.000000000,1687759440000000000,5718,5721,5717,5717,1263,878304,878237
2023-06-26 14:05:00.000000000,1687759500000000000,5717,5717,5715,5715,1633,878237,878316
2023-06-26 14:06:00.000000000,1687759560000000000,5715,5717,5712,5713,1548,878316,878356
2023-06-26 14:07:00.000000000,1687759620000000000,5713,5714,5711,5711,2018,878356,878523
2023-06-26 14:08:00.000000000,1687759680000000000,5711,5714,5710,5711,1681,878523,878619
2023-06-26 14:09:00.000000000,1687759740000000000,5711,5713,5711,5712,781,878619,878654
2023-06-26 14:10:00.000000000,1687759800000000000,5712,5714,5711,5711,941,878654,878769
2023-06-26 14:11:00.000000000,1687759860000000000,5711,5714,5711,5712,833,878769,878885
2023-06-26 14:12:00.000000000,1687759920000000000,5712,5716,5712,5714,1976,878885,878437
2023-06-26 14:13:00.000000000,1687759980000000000,5714,5715,5713,5713,338,878437,878284
2023-06-26 14:14:00.000000000,1687760040000000000,5713,5714,5712,5713,552,878284,878382
2023-06-26 14:15:00.000000000,1687760100000000000,5713,5715,5711,5713,1122,878382,878392
2023-06-26 14:16:00.000000000,1687760160000000000,5713,5715,5713,5713,710,878392,878364
2023-06-26 14:17:00.000000000,1687760220000000000,5713,5716,5713,5715,1297,878364,878280
2023-06-26 14:18:00.000000000,1687760280000000000,5715,5717,5715,5716,753,878280,878042
2023-06-26 14:19:00.000000000,1687760340000000000,5716,5720,5716,5719,1410,878042,877423
2023-06-26 14:20:00.000000000,1687760400000000000,5719,5720,5717,5719,1509,877423,877008
2023-06-26 14:21:00.000000000,1687760460000000000,5719,5719,5716,5717,1020,877008,876996
2023-06-26 14:22:00.000000000,1687760520000000000,5717,5722,5717,5722,2700,876996,876380
2023-06-26 14:23:00.000000000,1687760580000000000,5722,5725,5722,5723,2023,876380,875912
2023-06-26 14:24:00.000000000,1687760640000000000,5723,5727,5723,5726,2986,875912,875826
2023-06-26 14:25:00.000000000,1687760700000000000,5726,5727,5723,5726,2003,875826,875221
2023-06-26 14:26:00.000000000,1687760760000000000,5726,5728,5725,5726,2395,875221,875120
2023-06-26 14:27:00.000000000,1687760820000000000,5726,5727,5722,5724,2354,875120,875402
2023-06-26 14:28:00.000000000,1687760880000000000,5724,5726,5723,5724,877,875402,875284
2023-06-26 14:29:00.000000000,1687760940000000000,5724,5724,5722,5724,1200,875284,874695
2023-06-26 14:30:00.000000000,1687761000000000000,5724,5724,5718,5720,2465,874695,874735
2023-06-26 14:31:00.000000000,1687761060000000000,5720,5723,5720,5720,1124,874735,874643
2023-06-26 14:32:00.000000000,1687761120000000000,5720,5721,5719,5720,796,874643,874652
2023-06-26 14:33:00.000000000,1687761180000000000,5720,5724,5720,5722,1125,874652,874324
2023-06-26 14:34:00.000000000,1687761240000000000,5722,5726,5722,5724,1564,874324,874393
2023-06-26 14:35:00.000000000,1687761300000000000,5724,5724,5720,5720,1357,874393,874426
2023-06-26 14:36:00.000000000,1687761360000000000,5720,5723,5719,5719,1468,874426,874410
2023-06-26 14:37:00.000000000,1687761420000000000,5719,5723,5719,5722,1016,874410,874413
2023-06-26 14:38:00.000000000,1687761480000000000,5722,5725,5722,5724,1759,874413,874551
2023-06-26 14:39:00.000000000,1687761540000000000,5724,5725,5722,5723,998,874551,874575
2023-06-26 14:40:00.000000000,1687761600000000000,5723,5723,5721,5722,1034,874575,874529
2023-06-26 14:41:00.000000000,1687761660000000000,5722,5725,5721,5724,1229,874529,874179
2023-06-26 14:42:00.000000000,1687761720000000000,5724,5726,5722,5725,2195,874179,873459
2023-06-26 14:43:00.000000000,1687761780000000000,5725,5726,5724,5725,1339,873459,873484
2023-06-26 14:44:00.000000000,1687761840000000000,5725,5726,5723,5725,1048,873484,873116
2023-06-26 14:45:00.000000000,1687761900000000000,5725,5725,5722,5723,1966,873116,872964
2023-06-26 14:46:00.000000000,1687761960000000000,5723,5725,5722,5722,1146,872964,872776
2023-06-26 14:47:00.000000000,1687762020000000000,5722,5724,5722,5723,1084,872776,872534
2023-06-26 14:48:00.000000000,1687762080000000000,5723,5723,5718,5718,2504,872534,872940
2023-06-26 14:49:00.000000000,1687762140000000000,5718,5721,5718,5719,1834,872940,872441
2023-06-26 14:50:00.000000000,1687762200000000000,5719,5720,5717,5718,2101,872441,872499
2023-06-26 14:51:00.000000000,1687762260000000000,5718,5719,5717,5718,950,872499,872598
2023-06-26 14:52:00.000000000,1687762320000000000,5718,5720,5717,5718,1678,872598,872414
2023-06-26 14:53:00.000000000,1687762380000000000,5718,5721,5714,5714,2772,872414,872289
2023-06-26 14:54:00.000000000,1687762440000000000,5714,5715,5713,5714,2282,872289,872000
2023-06-26 14:55:00.000000000,1687762500000000000,5714,5718,5714,5716,2423,872000,871516
2023-06-26 14:56:00.000000000,1687762560000000000,5716,5717,5715,5715,1604,871516,871261
2023-06-26 14:57:00.000000000,1687762620000000000,5715,5717,5715,5717,2333,871261,870256
2023-06-26 14:58:00.000000000,1687762680000000000,5717,5719,5716,5719,2825,870256,869304
2023-06-26 14:59:00.000000000,1687762740000000000,5719,5720,5715,5717,3684,869304,868464
2023-06-26 21:00:00.000000000,1687784400000000000,5706,5726,5705,5724,15057,868464,869746
2023-06-26 21:01:00.000000000,1687784460000000000,5724,5726,5719,5719,6662,869746,869558
2023-06-26 21:02:00.000000000,1687784520000000000,5719,5723,5715,5722,5313,869558,869902
2023-06-26 21:03:00.000000000,1687784580000000000,5722,5724,5716,5718,3825,869902,870180
2023-06-26 21:04:00.000000000,1687784640000000000,5718,5719,5715,5716,3006,870180,870683
2023-06-26 21:05:00.000000000,1687784700000000000,5716,5717,5711,5715,4995,870683,871396
2023-06-26 21:06:00.000000000,1687784760000000000,5715,5716,5712,5714,2605,871396,871639
2023-06-26 21:07:00.000000000,1687784820000000000,5714,5715,5710,5711,4641,871639,871961
2023-06-26 21:08:00.000000000,1687784880000000000,5711,5714,5711,5711,2536,871961,872393
2023-06-26 21:09:00.000000000,1687784940000000000,5711,5713,5709,5710,1882,872393,872618
2023-06-26 21:10:00.000000000,1687785000000000000,5710,5712,5708,5709,3368,872618,872526
2023-06-26 21:11:00.000000000,1687785060000000000,5709,5710,5707,5709,2532,872526,872790
2023-06-26 21:12:00.000000000,1687785120000000000,5709,5710,5706,5708,2642,872790,873650
2023-06-26 21:13:00.000000000,1687785180000000000,5708,5709,5706,5707,2368,873650,873990
2023-06-26 21:14:00.000000000,1687785240000000000,5707,5711,5706,5710,2358,873990,874400
2023-06-26 21:15:00.000000000,1687785300000000000,5710,5711,5709,5711,1384,874400,874659
2023-06-26 21:16:00.000000000,1687785360000000000,5711,5711,5708,5708,1567,874659,874933
2023-06-26 21:17:00.000000000,1687785420000000000,5708,5713,5707,5713,2303,874933,875251
2023-06-26 21:18:00.000000000,1687785480000000000,5713,5715,5712,5713,1895,875251,875261
2023-06-26 21:19:00.000000000,1687785540000000000,5713,5715,5713,5713,1384,875261,875222
2023-06-26 21:20:00.000000000,1687785600000000000,5713,5716,5711,5712,1778,875222,875158
2023-06-26 21:21:00.000000000,1687785660000000000,5712,5712,5709,5709,1540,875158,875109
2023-06-26 21:22:00.000000000,1687785720000000000,5709,5711,5708,5710,933,875109,875088
2023-06-26 21:23:00.000000000,1687785780000000000,5710,5712,5709,5710,1047,875088,875276
2023-06-26 21:24:00.000000000,1687785840000000000,5710,5711,5708,5708,1119,875276,875216
2023-06-26 21:25:00.000000000,1687785900000000000,5708,5709,5702,5704,5534,875216,875995
2023-06-26 21:26:00.000000000,1687785960000000000,5704,5706,5703,5705,1617,875995,876404
2023-06-26 21:27:00.000000000,1687786020000000000,5705,5708,5705,5707,1973,876404,876349
2023-06-26 21:28:00.000000000,1687786080000000000,5707,5707,5704,5705,1830,876349,876727
2023-06-26 21:29:00.000000000,1687786140000000000,5705,5709,5705,5709,2087,876727,876906
2023-06-26 21:30:00.000000000,1687786200000000000,5709,5709,5703,5705,2199,876906,877279
2023-06-26 21:31:00.000000000,1687786260000000000,5705,5709,5704,5709,2866,877279,877069
2023-06-26 21:32:00.000000000,1687786320000000000,5709,5713,5707,5711,3466,877069,877275
2023-06-26 21:33:00.000000000,1687786380000000000,5711,5720,5710,5719,5423,877275,876004
2023-06-26 21:34:00.000000000,1687786440000000000,5719,5721,5718,5720,4848,876004,874532
2023-06-26 21:35:00.000000000,1687786500000000000,5720,5720,5718,5718,1876,874532,874064
2023-06-26 21:36:00.000000000,1687786560000000000,5718,5720,5716,5717,2276,874064,873542
2023-06-26 21:37:00.000000000,1687786620000000000,5717,5718,5715,5718,933,873542,873800
2023-06-26 21:38:00.000000000,1687786680000000000,5718,5719,5716,5716,1215,873800,874033
2023-06-26 21:39:00.000000000,1687786740000000000,5716,5717,5716,5717,669,874033,874018
2023-06-26 21:40:00.000000000,1687786800000000000,5717,5718,5716,5716,1998,874018,874221
2023-06-26 21:41:00.000000000,1687786860000000000,5716,5717,5714,5716,1622,874221,873925
2023-06-26 21:42:00.000000000,1687786920000000000,5716,5720,5716,5719,2376,873925,874283
2023-06-26 21:43:00.000000000,1687786980000000000,5719,5722,5718,5721,2212,874283,874120
2023-06-26 21:44:00.000000000,1687787040000000000,5721,5722,5718,5719,1393,874120,874065
2023-06-26 21:45:00.000000000,1687787100000000000,5719,5721,5718,5721,1430,874065,873896
2023-06-26 21:46:00.000000000,1687787160000000000,5721,5721,5719,5720,1397,873896,873569
2023-06-26 21:47:00.000000000,1687787220000000000,5720,5726,5719,5725,3663,873569,872472
2023-06-26 21:48:00.000000000,1687787280000000000,5725,5726,5721,5723,2547,872472,872773
2023-06-26 21:49:00.000000000,1687787340000000000,5723,5728,5723,5725,4017,872773,872856
2023-06-26 21:50:00.000000000,1687787400000000000,5725,5729,5724,5727,3618,872856,871934
2023-06-26 21:51:00.000000000,1687787460000000000,5727,5732,5727,5730,4779,871934,871160
2023-06-26 21:52:00.000000000,1687787520000000000,5730,5731,5727,5730,2376,871160,871152
2023-06-26 21:53:00.000000000,1687787580000000000,5730,5731,5727,5727,2013,871152,871397
2023-06-26 21:54:00.000000000,1687787640000000000,5727,5728,5726,5727,877,871397,871350
2023-06-26 21:55:00.000000000,1687787700000000000,5727,5729,5726,5728,1440,871350,871415
2023-06-26 21:56:00.000000000,1687787760000000000,5728,5729,5725,5726,2457,871415,871220
2023-06-26 21:57:00.000000000,1687787820000000000,5726,5727,5725,5726,1333,871220,871121
2023-06-26 21:58:00.000000000,1687787880000000000,5726,5726,5723,5726,2411,871121,870907
2023-06-26 21:59:00.000000000,1687787940000000000,5726,5727,5724,5725,835,870907,870770
2023-06-26 22:00:00.000000000,1687788000000000000,5725,5726,5723,5725,888,870770,870793
2023-06-26 22:01:00.000000000,1687788060000000000,5725,5725,5721,5722,2378,870793,871090
2023-06-26 22:02:00.000000000,1687788120000000000,5722,5723,5720,5720,1609,871090,871094
2023-06-26 22:03:00.000000000,1687788180000000000,5720,5721,5719,5720,1600,871094,871113
2023-06-26 22:04:00.000000000,1687788240000000000,5720,5722,5720,5720,1152,871113,871375
2023-06-26 22:05:00.000000000,1687788300000000000,5720,5721,5719,5720,956,871375,871426
2023-06-26 22:06:00.000000000,1687788360000000000,5720,5722,5720,5721,870,871426,871635
2023-06-26 22:07:00.000000000,1687788420000000000,5721,5721,5717,5719,2061,871635,872007
2023-06-26 22:08:00.000000000,1687788480000000000,5719,5721,5716,5717,1744,872007,871738
2023-06-26 22:09:00.000000000,1687788540000000000,5717,5719,5715,5715,2680,871738,871805
2023-06-26 22:10:00.000000000,1687788600000000000,5715,5717,5714,5716,2157,871805,871668
2023-06-26 22:11:00.000000000,1687788660000000000,5716,5718,5714,5715,1989,871668,871723
2023-06-26 22:12:00.000000000,1687788720000000000,5715,5718,5715,5716,1242,871723,871524
2023-06-26 22:13:00.000000000,1687788780000000000,5716,5718,5715,5716,938,871524,871471
2023-06-26 22:14:00.000000000,1687788840000000000,5716,5716,5713,5714,1916,871471,871695
2023-06-26 22:15:00.000000000,1687788900000000000,5714,5716,5710,5715,2719,871695,871697
2023-06-26 22:16:00.000000000,1687788960000000000,5715,5716,5712,5716,1384,871697,871555
2023-06-26 22:17:00.000000000,1687789020000000000,5716,5716,5714,5715,1073,871555,871785
2023-06-26 22:18:00.000000000,1687789080000000000,5715,5716,5714,5716,669,871785,871928
2023-06-26 22:19:00.000000000,1687789140000000000,5716,5716,5714,5714,882,871928,872016
2023-06-26 22:20:00.000000000,1687789200000000000,5714,5715,5713,5714,1074,872016,872445
2023-06-26 22:21:00.000000000,1687789260000000000,5714,5715,5713,5715,660,872445,872458
2023-06-26 22:22:00.000000000,1687789320000000000,5715,5716,5713,5716,1099,872458,872323
2023-06-26 22:23:00.000000000,1687789380000000000,5716,5716,5712,5713,1219,872323,872488
2023-06-26 22:24:00.000000000,1687789440000000000,5713,5714,5712,5712,701,872488,872381
2023-06-26 22:25:00.000000000,1687789500000000000,5712,5714,5712,5714,800,872381,872389
2023-06-26 22:26:00.000000000,1687789560000000000,5714,5714,5711,5712,868,872389,872634
2023-06-26 22:27:00.000000000,1687789620000000000,5712,5713,5711,5712,609,872634,872603
2023-06-26 22:28:00.000000000,1687789680000000000,5712,5714,5711,5712,1427,872603,872614
2023-06-26 22:29:00.000000000,1687789740000000000,5712,5712,5710,5710,1794,872614,872554
2023-06-26 22:30:00.000000000,1687789800000000000,5710,5712,5710,5712,1393,872554,872780
2023-06-26 22:31:00.000000000,1687789860000000000,5712,5713,5711,5712,694,872780,872857
2023-06-26 22:32:00.000000000,1687789920000000000,5712,5714,5711,5713,766,872857,872942
2023-06-26 22:33:00.000000000,1687789980000000000,5713,5715,5711,5713,1173,872942,872786
2023-06-26 22:34:00.000000000,1687790040000000000,5713,5716,5712,5715,1593,872786,872754
2023-06-26 22:35:00.000000000,1687790100000000000,5715,5716,5713,5716,848,872754,872802
2023-06-26 22:36:00.000000000,1687790160000000000,5716,5716,5713,5714,1327,872802,873107
2023-06-26 22:37:00.000000000,1687790220000000000,5714,5714,5713,5714,522,873107,873035
2023-06-26 22:38:00.000000000,1687790280000000000,5714,5716,5713,5714,827,873035,873078
2023-06-26 22:39:00.000000000,1687790340000000000,5714,5716,5713,5715,578,873078,873044
2023-06-26 22:40:00.000000000,1687790400000000000,5715,5715,5712,5713,1419,873044,873023
2023-06-26 22:41:00.000000000,1687790460000000000,5713,5716,5713,5714,1052,873023,872735
2023-06-26 22:42:00.000000000,1687790520000000000,5714,5715,5713,5713,325,872735,872723
2023-06-26 22:43:00.000000000,1687790580000000000,5713,5716,5713,5716,1007,872723,872679
2023-06-26 22:44:00.000000000,1687790640000000000,5716,5716,5714,5716,649,872679,872703
2023-06-26 22:45:00.000000000,1687790700000000000,5716,5717,5713,5713,1705,872703,872789
2023-06-26 22:46:00.000000000,1687790760000000000,5713,5713,5711,5712,1728,872789,872156
2023-06-26 22:47:00.000000000,1687790820000000000,5712,5713,5710,5711,1655,872156,872046
2023-06-26 22:48:00.000000000,1687790880000000000,5711,5712,5710,5712,1098,872046,872085
2023-06-26 22:49:00.000000000,1687790940000000000,5712,5712,5710,5710,649,872085,872153
2023-06-26 22:50:00.000000000,1687791000000000000,5710,5712,5708,5709,1907,872153,872267
2023-06-26 22:51:00.000000000,1687791060000000000,5709,5711,5709,5710,871,872267,872187
2023-06-26 22:52:00.000000000,1687791120000000000,5710,5712,5709,5711,992,872187,872047
2023-06-26 22:53:00.000000000,1687791180000000000,5711,5711,5708,5709,1102,872047,872378
2023-06-26 22:54:00.000000000,1687791240000000000,5709,5711,5708,5709,596,872378,872317
2023-06-26 22:55:00.000000000,1687791300000000000,5709,5710,5708,5710,1006,872317,872205
2023-06-26 22:56:00.000000000,1687791360000000000,5710,5710,5708,5708,1121,872205,872046
2023-06-26 22:57:00.000000000,1687791420000000000,5708,5711,5708,5711,727,872046,871612
2023-06-26 22:58:00.000000000,1687791480000000000,5711,5712,5710,5711,1340,871612,871086
2023-06-26 22:59:00.000000000,1687791540000000000,5711,5712,5710,5710,1870,871086,870069
2023-06-27 09:00:00.000000000,1687827600000000000,5713,5715,5709,5713,3796,870069,870556
2023-06-27 09:01:00.000000000,1687827660000000000,5713,5715,5709,5711,4364,870556,871094
2023-06-27 09:02:00.000000000,1687827720000000000,5711,5711,5705,5708,4997,871094,872233
2023-06-27 09:03:00.000000000,1687827780000000000,5708,5708,5700,5703,8415,872233,873936
2023-06-27 09:04:00.000000000,1687827840000000000,5703,5706,5696,5701,7983,873936,873855
2023-06-27 09:05:00.000000000,1687827900000000000,5701,5708,5701,5707,4238,873855,874100
2023-06-27 09:06:00.000000000,1687827960000000000,5707,5710,5706,5707,2764,874100,874003
2023-06-27 09:07:00.000000000,1687828020000000000,5707,5715,5707,5715,4667,874003,873286
2023-06-27 09:08:00.000000000,1687828080000000000,5715,5717,5713,5717,3210,873286,873054
2023-06-27 09:09:00.000000000,1687828140000000000,5717,5717,5713,5714,1395,873054,873200
2023-06-27 09:10:00.000000000,1687828200000000000,5714,5716,5713,5714,2081,873200,873929
2023-06-27 09:11:00.000000000,1687828260000000000,5714,5716,5713,5714,1763,873929,874077
2023-06-27 09:12:00.000000000,1687828320000000000,5714,5719,5712,5718,3203,874077,873727
2023-06-27 09:13:00.000000000,1687828380000000000,5718,5719,5716,5718,1963,873727,873795
2023-06-27 09:14:00.000000000,1687828440000000000,5718,5718,5715,5716,1756,873795,873815
2023-06-27 09:15:00.000000000,1687828500000000000,5716,5719,5716,5718,1371,873815,873574
2023-06-27 09:16:00.000000000,1687828560000000000,5718,5719,5715,5717,1149,873574,873698
2023-06-27 09:17:00.000000000,1687828620000000000,5717,5718,5715,5717,1568,873698,873558
2023-06-27 09:18:00.000000000,1687828680000000000,5717,5718,5713,5717,2107,873558,873609
2023-06-27 09:19:00.000000000,1687828740000000000,5717,5723,5715,5721,4708,873609,873300
2023-06-27 09:20:00.000000000,1687828800000000000,5721,5722,5720,5721,1927,873300,873444
2023-06-27 09:21:00.000000000,1687828860000000000,5721,5722,5718,5721,1700,873444,873269
2023-06-27 09:22:00.000000000,1687828920000000000,5721,5722,5718,5718,1098,873269,873340
2023-06-27 09:23:00.000000000,1687828980000000000,5718,5720,5717,5718,1220,873340,873205
2023-06-27 09:24:00.000000000,1687829040000000000,5718,5722,5717,5721,1668,873205,873026
2023-06-27 09:25:00.000000000,1687829100000000000,5721,5726,5721,5724,3333,873026,872583
2023-06-27 09:26:00.000000000,1687829160000000000,5724,5724,5722,5723,1487,872583,872478
2023-06-27 09:27:00.000000000,1687829220000000000,5723,5724,5721,5721,1047,872478,872311
2023-06-27 09:28:00.000000000,1687829280000000000,5721,5725,5721,5724,1692,872311,872240
2023-06-27 09:29:00.000000000,1687829340000000000,5724,5725,5721,5725,2031,872240,872711
2023-06-27 09:30:00.000000000,1687829400000000000,5725,5725,5722,5722,1416,872711,872492
2023-06-27 09:31:00.000000000,1687829460000000000,5722,5728,5722,5725,2930,872492,872274
2023-06-27 09:32:00.000000000,1687829520000000000,5725,5726,5723,5723,1201,872274,872091
2023-06-27 09:33:00.000000000,1687829580000000000,5723,5724,5721,5722,1786,872091,872052
2023-06-27 09:34:00.000000000,1687829640000000000,5722,5725,5722,5725,1252,872052,871624
2023-06-27 09:35:00.000000000,1687829700000000000,5725,5728,5725,5726,1663,871624,871527
2023-06-27 09:36:00.000000000,1687829760000000000,5726,5726,5723,5724,1091,871527,871531
2023-06-27 09:37:00.000000000,1687829820000000000,5724,5726,5724,5725,1042,871531,871438
2023-06-27 09:38:00.000000000,1687829880000000000,5725,5727,5725,5727,999,871438,871359
2023-06-27 09:39:00.000000000,1687829940000000000,5727,5727,5725,5727,1197,871359,871249
2023-06-27 09:40:00.000000000,1687830000000000000,5727,5728,5725,5725,919,871249,871186
2023-06-27 09:41:00.000000000,1687830060000000000,5725,5730,5724,5729,2739,871186,870995
2023-06-27 09:42:00.000000000,1687830120000000000,5729,5731,5726,5726,1830,870995,870880
2023-06-27 09:43:00.000000000,1687830180000000000,5726,5730,5726,5728,1535,870880,871040
2023-06-27 09:44:00.000000000,1687830240000000000,5728,5731,5728,5729,1993,871040,871162
2023-06-27 09:45:00.000000000,1687830300000000000,5729,5731,5725,5727,3073,871162,870945
2023-06-27 09:46:00.000000000,1687830360000000000,5727,5730,5723,5724,3156,870945,871407
2023-06-27 09:47:00.000000000,1687830420000000000,5724,5725,5722,5722,2295,871407,871953
2023-06-27 09:48:00.000000000,1687830480000000000,5722,5724,5721,5722,1667,871953,871976
2023-06-27 09:49:00.000000000,1687830540000000000,5722,5725,5722,5725,961,871976,872000
2023-06-27 09:50:00.000000000,1687830600000000000,5725,5725,5720,5721,2190,872000,872207
2023-06-27 09:51:00.000000000,1687830660000000000,5721,5723,5719,5722,2869,872207,872921
2023-06-27 09:52:00.000000000,1687830720000000000,5722,5724,5721,5724,962,872921,872846
2023-06-27 09:53:00.000000000,1687830780000000000,5724,5725,5723,5723,1210,872846,873128
2023-06-27 09:54:00.000000000,1687830840000000000,5723,5730,5723,5729,2705,873128,872691
2023-06-27 09:55:00.000000000,1687830900000000000,5729,5738,5729,5738,9108,872691,871056
2023-06-27 09:56:00.000000000,1687830960000000000,5738,5744,5737,5740,7844,871056,869707
2023-06-27 09:57:00.000000000,1687831020000000000,5740,5745,5739,5742,4940,869707,869209
2023-06-27 09:58:00.000000000,1687831080000000000,5742,5743,5737,5737,3578,869209,869180
2023-06-27 09:59:00.000000000,1687831140000000000,5737,5738,5733,5735,3785,869180,869691
2023-06-27 10:00:00.000000000,1687831200000000000,5735,5737,5733,5734,2251,869691,869564
2023-06-27 10:01:00.000000000,1687831260000000000,5734,5740,5734,5739,2381,869564,869490
2023-06-27 10:02:00.000000000,1687831320000000000,5739,5740,5736,5737,2102,869490,869757
2023-06-27 10:03:00.000000000,1687831380000000000,5737,5738,5735,5736,1908,869757,870383
2023-06-27 10:04:00.000000000,1687831440000000000,5736,5739,5735,5737,1276,870383,870337
2023-06-27 10:05:00.000000000,1687831500000000000,5737,5740,5737,5739,1514,870337,870358
2023-06-27 10:06:00.000000000,1687831560000000000,5739,5742,5738,5741,2457,870358,870746
2023-06-27 10:07:00.000000000,1687831620000000000,5741,5742,5739,5742,1990,870746,870513
2023-06-27 10:08:00.000000000,1687831680000000000,5742,5744,5740,5744,2498,870513,870630
2023-06-27 10:09:00.000000000,1687831740000000000,5744,5745,5741,5741,1733,870630,870665
2023-06-27 10:10:00.000000000,1687831800000000000,5741,5743,5737,5737,2856,870665,870443
2023-06-27 10:11:00.000000000,1687831860000000000,5737,5738,5734,5734,1895,870443,870348
2023-06-27 10:12:00.000000000,1687831920000000000,5734,5736,5733,5734,2093,870348,870213
2023-06-27 10:13:00.000000000,1687831980000000000,5734,5736,5734,5734,775,870213,870269
2023-06-27 10:14:00.000000000,1687832040000000000,5734,5737,5734,5735,1249,870269,870526
2023-06-27 10:30:00.000000000,1687833000000000000,5735,5738,5732,5732,2157,870526,870341
2023-06-27 10:31:00.000000000,1687833060000000000,5732,5736,5732,5734,987,870341,870322
2023-06-27 10:32:00.000000000,1687833120000000000,5734,5734,5730,5730,1812,870322,869797
2023-06-27 10:33:00.000000000,1687833180000000000,5730,5730,5727,5728,2614,869797,869420
2023-06-27 10:34:00.000000000,1687833240000000000,5728,5731,5728,5729,2643,869420,870409
2023-06-27 10:35:00.000000000,1687833300000000000,5729,5731,5727,5728,948,870409,870437
2023-06-27 10:36:00.000000000,1687833360000000000,5728,5732,5727,5731,902,870437,870524
2023-06-27 10:37:00.000000000,1687833420000000000,5731,5733,5731,5731,686,870524,870518
2023-06-27 10:38:00.000000000,1687833480000000000,5731,5733,5730,5733,911,870518,870624
2023-06-27 10:39:00.000000000,1687833540000000000,5733,5734,5729,5731,924,870624,870751
2023-06-27 10:40:00.000000000,1687833600000000000,5731,5733,5730,5732,1184,870751,870838
2023-06-27 10:41:00.000000000,1687833660000000000,5732,5732,5728,5729,1877,870838,871097
2023-06-27 10:42:00.000000000,1687833720000000000,5729,5731,5728,5729,824,871097,871013
2023-06-27 10:43:00.000000000,1687833780000000000,5729,5731,5728,5731,763,871013,870936
2023-06-27 10:44:00.000000000,1687833840000000000,5731,5732,5730,5732,613,870936,870932
2023-06-27 10:45:00.000000000,1687833900000000000,5732,5732,5730,5731,686,870932,870939
2023-06-27 10:46:00.000000000,1687833960000000000,5731,5732,5727,5729,1752,870939,870857
2023-06-27 10:47:00.000000000,1687834020000000000,5729,5730,5728,5729,697,870857,870825
2023-06-27 10:48:00.000000000,1687834080000000000,5729,5731,5728,5729,885,870825,870894
2023-06-27 10:49:00.000000000,1687834140000000000,5729,5734,5729,5733,947,870894,870855
2023-06-27 10:50:00.000000000,1687834200000000000,5733,5735,5733,5734,936,870855,870840
2023-06-27 10:51:00.000000000,1687834260000000000,5734,5734,5728,5728,1594,870840,870950
2023-06-27 10:52:00.000000000,1687834320000000000,5728,5732,5728,5731,1197,870950,871169
2023-06-27 10:53:00.000000000,1687834380000000000,5731,5735,5731,5733,607,871169,871142
2023-06-27 10:54:00.000000000,1687834440000000000,5733,5735,5732,5735,1174,871142,871159
2023-06-27 10:55:00.000000000,1687834500000000000,5735,5737,5734,5736,1098,871159,871247
2023-06-27 10:56:00.000000000,1687834560000000000,5736,5737,5735,5737,1142,871247,871230
2023-06-27 10:57:00.000000000,1687834620000000000,5737,5737,5734,5735,969,871230,871239
2023-06-27 10:58:00.000000000,1687834680000000000,5735,5737,5735,5736,518,871239,871218
2023-06-27 10:59:00.000000000,1687834740000000000,5736,5739,5736,5738,1163,871218,871089
2023-06-27 11:00:00.000000000,1687834800000000000,5738,5739,5737,5737,1340,871089,871199
2023-06-27 11:01:00.000000000,1687834860000000000,5737,5740,5735,5740,2704,871199,871284
2023-06-27 11:02:00.000000000,1687834920000000000,5740,5742,5739,5740,2175,871284,871723
2023-06-27 11:03:00.000000000,1687834980000000000,5740,5740,5737,5740,1286,871723,871859
2023-06-27 11:04:00.000000000,1687835040000000000,5740,5743,5740,5743,2162,871859,872126
2023-06-27 11:05:00.000000000,1687835100000000000,5743,5744,5741,5742,1922,872126,872206
2023-06-27 11:06:00.000000000,1687835160000000000,5742,5744,5740,5741,1698,872206,872175
2023-06-27 11:07:00.000000000,1687835220000000000,5741,5743,5741,5742,788,872175,872283
2023-06-27 11:08:00.000000000,1687835280000000000,5742,5744,5742,5743,1523,872283,872158
2023-06-27 11:09:00.000000000,1687835340000000000,5743,5745,5742,5744,1558,872158,871925
2023-06-27 11:10:00.000000000,1687835400000000000,5744,5748,5743,5744,4033,871925,871339
2023-06-27 11:11:00.000000000,1687835460000000000,5744,5744,5740,5741,2523,871339,870965
2023-06-27 11:12:00.000000000,1687835520000000000,5741,5745,5741,5743,1742,870965,871124
2023-06-27 11:13:00.000000000,1687835580000000000,5743,5745,5743,5745,903,871124,871212
2023-06-27 11:14:00.000000000,1687835640000000000,5745,5746,5743,5744,1849,871212,871376
2023-06-27 11:15:00.000000000,1687835700000000000,5744,5744,5741,5742,2399,871376,871155
2023-06-27 11:16:00.000000000,1687835760000000000,5742,5744,5741,5744,1211,871155,871087
2023-06-27 11:17:00.000000000,1687835820000000000,5744,5746,5743,5746,1173,871087,871126
2023-06-27 11:18:00.000000000,1687835880000000000,5746,5746,5743,5745,1099,871126,870800
2023-06-27 11:19:00.000000000,1687835940000000000,5745,5745,5743,5745,1088,870800,870649
2023-06-27 11:20:00.000000000,1687836000000000000,5745,5746,5743,5745,1229,870649,870539
2023-06-27 11:21:00.000000000,1687836060000000000,5745,5745,5742,5743,1151,870539,870292
2023-06-27 11:22:00.000000000,1687836120000000000,5743,5744,5739,5742,4433,870292,870560
2023-06-27 11:23:00.000000000,1687836180000000000,5742,5744,5742,5743,2422,870560,869332
2023-06-27 11:24:00.000000000,1687836240000000000,5743,5744,5742,5744,644,869332,869173
2023-06-27 11:25:00.000000000,1687836300000000000,5744,5745,5743,5743,757,869173,869159
2023-06-27 11:26:00.000000000,1687836360000000000,5743,5745,5743,5744,779,869159,869206
2023-06-27 11:27:00.000000000,1687836420000000000,5744,5746,5743,5746,1264,869206,868809
2023-06-27 11:28:00.000000000,1687836480000000000,5746,5746,5743,5745,1114,868809,868614
2023-06-27 11:29:00.000000000,1687836540000000000,5745,5749,5745,5748,1831,868614,868384
2023-06-27 13:30:00.000000000,1687843800000000000,5748,5755,5748,5751,9310,868384,869416
2023-06-27 13:31:00.000000000,1687843860000000000,5751,5752,5748,5749,2972,869416,869374
2023-06-27 13:32:00.000000000,1687843920000000000,5749,5749,5746,5748,2217,869374,869495
2023-06-27 13:33:00.000000000,1687843980000000000,5748,5755,5748,5754,4159,869495,869387
2023-06-27 13:34:00.000000000,1687844040000000000,5754,5759,5753,5757,5130,869387,869156
2023-06-27 13:35:00.000000000,1687844100000000000,5757,5758,5755,5756,2451,869156,868954
2023-06-27 13:36:00.000000000,1687844160000000000,5756,5759,5756,5758,2778,868954,869183
2023-06-27 13:37:00.000000000,1687844220000000000,5758,5763,5757,5762,4948,869183,869677
2023-06-27 13:38:00.000000000,1687844280000000000,5762,5766,5761,5763,5402,869677,869647
2023-06-27 13:39:00.000000000,1687844340000000000,5763,5766,5760,5766,3793,869647,869947
2023-06-27 13:40:00.000000000,1687844400000000000,5766,5768,5761,5763,4855,869947,870095
2023-06-27 13:41:00.000000000,1687844460000000000,5763,5764,5760,5761,2375,870095,869848
2023-06-27 13:42:00.000000000,1687844520000000000,5761,5764,5761,5763,1995,869848,869815
2023-06-27 13:43:00.000000000,1687844580000000000,5763,5765,5763,5764,2525,869815,869732
2023-06-27 13:44:00.000000000,1687844640000000000,5764,5765,5762,5763,2052,869732,869692
2023-06-27 13:45:00.000000000,1687844700000000000,5763,5765,5761,5761,2226,869692,869430
2023-06-27 13:46:00.000000000,1687844760000000000,5761,5761,5757,5757,3481,869430,869069
2023-06-27 13:47:00.000000000,1687844820000000000,5757,5759,5755,5755,2327,869069,869070
2023-06-27 13:48:00.000000000,1687844880000000000,5755,5759,5755,5757,1911,869070,868943
2023-06-27 13:49:00.000000000,1687844940000000000,5757,5760,5757,5758,1687,868943,869064
2023-06-27 13:50:00.000000000,1687845000000000000,5758,5759,5757,5758,1112,869064,869138
2023-06-27 13:51:00.000000000,1687845060000000000,5758,5761,5758,5760,2221,869138,869154
2023-06-27 13:52:00.000000000,1687845120000000000,5760,5762,5758,5761,1519,869154,869209
2023-06-27 13:53:00.000000000,1687845180000000000,5761,5762,5760,5762,1332,869209,869126
2023-06-27 13:54:00.000000000,1687845240000000000,5762,5764,5762,5763,1337,869126,868982
2023-06-27 13:55:00.000000000,1687845300000000000,5763,5765,5762,5763,2209,868982,869503
2023-06-27 13:56:00.000000000,1687845360000000000,5763,5766,5763,5765,1930,869503,869873
2023-06-27 13:57:00.000000000,1687845420000000000,5765,5770,5765,5769,4701,869873,869229
2023-06-27 13:58:00.000000000,1687845480000000000,5769,5770,5767,5769,3086,869229,868977
2023-06-27 13:59:00.000000000,1687845540000000000,5769,5774,5769,5773,4868,868977,868688
2023-06-27 14:00:00.000000000,1687845600000000000,5773,5776,5766,5774,7156,868688,869138
2023-06-27 14:01:00.000000000,1687845660000000000,5774,5778,5773,5774,4704,869138,869254
2023-06-27 14:02:00.000000000,1687845720000000000,5774,5777,5772,5775,3063,869254,869193
2023-06-27 14:03:00.000000000,1687845780000000000,5775,5779,5775,5776,3874,869193,869148
2023-06-27 14:04:00.000000000,1687845840000000000,5776,5778,5773,5777,3204,869148,869376
2023-06-27 14:05:00.000000000,1687845900000000000,5777,5777,5774,5775,2982,869376,869145
2023-06-27 14:06:00.000000000,1687845960000000000,5775,5777,5775,5775,1852,869145,869408
2023-06-27 14:07:00.000000000,1687846020000000000,5775,5777,5773,5774,2258,869408,869324
2023-06-27 14:08:00.000000000,1687846080000000000,5774,5782,5774,5781,6082,869324,869592
2023-06-27 14:09:00.000000000,1687846140000000000,5781,5785,5780,5784,6778,869592,868831
2023-06-27 14:10:00.000000000,1687846200000000000,5784,5788,5783,5785,6634,868831,868716
2023-06-27 14:11:00.000000000,1687846260000000000,5785,5786,5782,5782,3045,868716,868304
2023-06-27 14:12:00.000000000,1687846320000000000,5782,5784,5781,5781,2199,868304,868168
2023-06-27 14:13:00.000000000,1687846380000000000,5781,5784,5781,5783,2723,868168,868019
2023-06-27 14:14:00.000000000,1687846440000000000,5783,5785,5781,5784,2376,868019,868038
2023-06-27 14:15:00.000000000,1687846500000000000,5784,5784,5776,5776,6591,868038,867171
2023-06-27 14:16:00.000000000,1687846560000000000,5776,5778,5774,5776,3684,867171,867132
2023-06-27 14:17:00.000000000,1687846620000000000,5776,5779,5776,5777,1834,867132,867129
2023-06-27 14:18:00.000000000,1687846680000000000,5777,5778,5775,5777,1571,867129,867443
2023-06-27 14:19:00.000000000,1687846740000000000,5777,5778,5775,5775,1016,867443,867698
2023-06-27 14:20:00.000000000,1687846800000000000,5775,5776,5768,5770,7235,867698,868327
2023-06-27 14:21:00.000000000,1687846860000000000,5770,5771,5766,5769,4347,868327,868445
2023-06-27 14:22:00.000000000,1687846920000000000,5769,5769,5766,5767,2171,868445,868681
2023-06-27 14:23:00.000000000,1687846980000000000,5767,5770,5767,5770,1861,868681,868855
2023-06-27 14:24:00.000000000,1687847040000000000,5770,5770,5767,5767,1514,868855,869307
2023-06-27 14:25:00.000000000,1687847100000000000,5767,5769,5766,5766,1199,869307,869181
2023-06-27 14:26:00.000000000,1687847160000000000,5766,5768,5765,5768,2515,869181,868970
2023-06-27 14:27:00.000000000,1687847220000000000,5768,5772,5767,5771,3006,868970,868841
2023-06-27 14:28:00.000000000,1687847280000000000,5771,5773,5771,5772,1525,868841,868612
2023-06-27 14:29:00.000000000,1687847340000000000,5772,5773,5770,5770,800,868612,868545
2023-06-27 14:30:00.000000000,1687847400000000000,5770,5774,5770,5774,1181,868545,868551
2023-06-27 14:31:00.000000000,1687847460000000000,5774,5774,5772,5774,960,868551,868605
2023-06-27 14:32:00.000000000,1687847520000000000,5774,5778,5773,5775,3176,868605,868725
2023-06-27 14:33:00.000000000,1687847580000000000,5775,5777,5775,5775,1492,868725,869029
2023-06-27 14:34:00.000000000,1687847640000000000,5775,5776,5774,5775,912,869029,869041
2023-06-27 14:35:00.000000000,1687847700000000000,5775,5778,5775,5777,984,869041,869010
2023-06-27 14:36:00.000000000,1687847760000000000,5777,5777,5774,5775,1003,869010,868835
2023-06-27 14:37:00.000000000,1687847820000000000,5775,5776,5772,5772,2079,868835,868600
2023-06-27 14:38:00.000000000,1687847880000000000,5772,5773,5770,5770,1746,868600,868899
2023-06-27 14:39:00.000000000,1687847940000000000,5770,5772,5769,5769,1390,868899,868961
2023-06-27 14:40:00.000000000,1687848000000000000,5769,5770,5766,5767,1701,868961,868776
2023-06-27 14:41:00.000000000,1687848060000000000,5767,5768,5766,5767,1660,868776,868684
2023-06-27 14:42:00.000000000,1687848120000000000,5767,5769,5765,5765,2047,868684,869288
2023-06-27 14:43:00.000000000,1687848180000000000,5765,5769,5765,5768,1116,869288,869071
2023-06-27 14:44:00.000000000,1687848240000000000,5768,5769,5766,5767,949,869071,869211
2023-06-27 14:45:00.000000000,1687848300000000000,5767,5767,5765,5767,2822,869211,869154
2023-06-27 14:46:00.000000000,1687848360000000000,5767,5767,5762,5764,2874,869154,868686
2023-06-27 14:47:00.000000000,1687848420000000000,5764,5764,5759,5763,3902,868686,868667
2023-06-27 14:48:00.000000000,1687848480000000000,5763,5764,5760,5762,1572,868667,868862
2023-06-27 14:49:00.000000000,1687848540000000000,5762,5764,5761,5763,1549,868862,868628
2023-06-27 14:50:00.000000000,1687848600000000000,5763,5766,5763,5766,1198,868628,868499
2023-06-27 14:51:00.000000000,1687848660000000000,5766,5768,5765,5767,1087,868499,868385
2023-06-27 14:52:00.000000000,1687848720000000000,5767,5768,5766,5766,910,868385,868151
2023-06-27 14:53:00.000000000,1687848780000000000,5766,5769,5766,5768,1181,868151,868028
2023-06-27 14:54:00.000000000,1687848840000000000,5768,5769,5765,5767,1589,868028,867829
2023-06-27 14:55:00.000000000,1687848900000000000,5767,5767,5762,5765,2622,867829,867352
2023-06-27 14:56:00.000000000,1687848960000000000,5765,5766,5764,5765,1460,867352,867109
2023-06-27 14:57:00.000000000,1687849020000000000,5765,5767,5764,5767,1800,867109,867013
2023-06-27 14:58:00.000000000,1687849080000000000,5767,5767,5764,5765,2194,867013,866411
2023-06-27 14:59:00.000000000,1687849140000000000,5765,5767,5764,5767,3112,866411,864917
2023-06-27 21:00:00.000000000,1687870800000000000,5749,5753,5742,5750,17582,864917,865155
2023-06-27 21:01:00.000000000,1687870860000000000,5750,5751,5744,5749,7872,865155,865299
2023-06-27 21:02:00.000000000,1687870920000000000,5749,5751,5747,5751,5274,865299,865647
2023-06-27 21:03:00.000000000,1687870980000000000,5751,5758,5750,5752,4993,865647,866006
2023-06-27 21:04:00.000000000,1687871040000000000,5752,5755,5751,5754,3113,866006,866450
2023-06-27 21:05:00.000000000,1687871100000000000,5754,5754,5751,5753,3991,866450,866640
2023-06-27 21:06:00.000000000,1687871160000000000,5753,5756,5752,5755,3943,866640,867540
2023-06-27 21:07:00.000000000,1687871220000000000,5755,5756,5751,5755,3779,867540,867506
2023-06-27 21:08:00.000000000,1687871280000000000,5755,5756,5749,5749,3185,867506,867694
2023-06-27 21:09:00.000000000,1687871340000000000,5749,5750,5744,5745,5028,867694,868173
2023-06-27 21:10:00.000000000,1687871400000000000,5745,5746,5742,5744,3979,868173,868175
2023-06-27 21:11:00.000000000,1687871460000000000,5744,5746,5741,5744,2845,868175,868724
2023-06-27 21:12:00.000000000,1687871520000000000,5744,5746,5743,5746,3477,868724,869507
2023-06-27 21:13:00.000000000,1687871580000000000,5746,5746,5742,5744,1986,869507,869731
2023-06-27 21:14:00.000000000,1687871640000000000,5744,5748,5743,5748,2241,869731,870361
2023-06-27 21:15:00.000000000,1687871700000000000,5748,5748,5744,5747,2428,870361,870484
2023-06-27 21:16:00.000000000,1687871760000000000,5747,5749,5745,5748,2884,870484,870577
2023-06-27 21:17:00.000000000,1687871820000000000,5748,5750,5745,5749,2560,870577,870576
2023-06-27 21:18:00.000000000,1687871880000000000,5749,5750,5745,5745,1560,870576,870779
2023-06-27 21:19:00.000000000,1687871940000000000,5745,5746,5742,5743,2388,870779,870689
2023-06-27 21:20:00.000000000,1687872000000000000,5743,5743,5740,5741,4523,870689,870931
2023-06-27 21:21:00.000000000,1687872060000000000,5741,5745,5739,5743,4419,870931,872005
2023-06-27 21:22:00.000000000,1687872120000000000,5743,5743,5737,5739,3635,872005,871885
2023-06-27 21:23:00.000000000,1687872180000000000,5739,5741,5738,5740,1857,871885,872150
2023-06-27 21:24:00.000000000,1687872240000000000,5740,5746,5739,5744,3316,872150,872081
2023-06-27 21:25:00.000000000,1687872300000000000,5744,5747,5743,5746,2093,872081,872152
2023-06-27 21:26:00.000000000,1687872360000000000,5746,5748,5745,5748,1958,872152,872343
2023-06-27 21:27:00.000000000,1687872420000000000,5748,5752,5746,5750,3108,872343,871395
2023-06-27 21:28:00.000000000,1687872480000000000,5750,5751,5749,5749,1264,871395,871224
2023-06-27 21:29:00.000000000,1687872540000000000,5749,5751,5748,5748,917,871224,871201
2023-06-27 21:30:00.000000000,1687872600000000000,5748,5753,5748,5752,3097,871201,870698
2023-06-27 21:31:00.000000000,1687872660000000000,5752,5753,5750,5751,1800,870698,870934
2023-06-27 21:32:00.000000000,1687872720000000000,5751,5751,5748,5749,1374,870934,870977
2023-06-27 21:33:00.000000000,1687872780000000000,5749,5752,5748,5752,1639,870977,870726
2023-06-27 21:34:00.000000000,1687872840000000000,5752,5752,5747,5748,2169,870726,871175
2023-06-27 21:35:00.000000000,1687872900000000000,5748,5748,5745,5748,1716,871175,871041
2023-06-27 21:36:00.000000000,1687872960000000000,5748,5748,5745,5745,1592,871041,871197
2023-06-27 21:37:00.000000000,1687873020000000000,5745,5747,5744,5747,1022,871197,871484
2023-06-27 21:38:00.000000000,1687873080000000000,5747,5747,5744,5745,983,871484,871625
2023-06-27 21:39:00.000000000,1687873140000000000,5745,5746,5744,5745,803,871625,871507
2023-06-27 21:40:00.000000000,1687873200000000000,5745,5749,5745,5749,1124,871507,871403
2023-06-27 21:41:00.000000000,1687873260000000000,5749,5749,5746,5747,702,871403,871280
2023-06-27 21:42:00.000000000,1687873320000000000,5747,5750,5745,5750,1397,871280,871174
2023-06-27 21:43:00.000000000,1687873380000000000,5750,5750,5747,5747,1494,871174,871154
2023-06-27 21:44:00.000000000,1687873440000000000,5747,5748,5746,5747,409,871154,871250
2023-06-27 21:45:00.000000000,1687873500000000000,5747,5747,5744,5744,1423,871250,871447
2023-06-27 21:46:00.000000000,1687873560000000000,5744,5745,5741,5743,2568,871447,871003
2023-06-27 21:47:00.000000000,1687873620000000000,5743,5743,5740,5740,2573,871003,870963
2023-06-27 21:48:00.000000000,1687873680000000000,5740,5743,5740,5742,1868,870963,871249
2023-06-27 21:49:00.000000000,1687873740000000000,5742,5742,5741,5742,681,871249,871305
2023-06-27 21:50:00.000000000,1687873800000000000,5742,5744,5740,5743,1588,871305,871410
2023-06-27 21:51:00.000000000,1687873860000000000,5743,5744,5740,5740,1701,871410,871389
2023-06-27 21:52:00.000000000,1687873920000000000,5740,5743,5740,5742,765,871389,871330
2023-06-27 21:53:00.000000000,1687873980000000000,5742,5743,5741,5742,858,871330,871353
2023-06-27 21:54:00.000000000,1687874040000000000,5742,5743,5740,5741,1271,871353,871147
2023-06-27 21:55:00.000000000,1687874100000000000,5741,5742,5740,5742,2132,871147,871335
2023-06-27 21:56:00.000000000,1687874160000000000,5742,5742,5739,5741,1214,871335,871284
2023-06-27 21:57:00.000000000,1687874220000000000,5741,5745,5740,5744,1938,871284,871203
2023-06-27 21:58:00.000000000,1687874280000000000,5744,5745,5743,5743,1080,871203,871256
2023-06-27 21:59:00.000000000,1687874340000000000,5743,5745,5743,5744,711,871256,871250
2023-06-27 22:00:00.000000000,1687874400000000000,5744,5746,5743,5745,1663,871250,871342
2023-06-27 22:01:00.000000000,1687874460000000000,5745,5747,5744,5745,2153,871342,871161
2023-06-27 22:02:00.000000000,1687874520000000000,5745,5746,5744,5746,1437,871161,871179
2023-06-27 22:03:00.000000000,1687874580000000000,5746,5748,5745,5747,1631,871179,870984
2023-06-27 22:04:00.000000000,1687874640000000000,5747,5748,5746,5748,955,870984,870952
2023-06-27 22:05:00.000000000,1687874700000000000,5748,5749,5747,5747,883,870952,871012
2023-06-27 22:06:00.000000000,1687874760000000000,5747,5748,5746,5747,702,871012,871087
2023-06-27 22:07:00.000000000,1687874820000000000,5747,5749,5747,5748,963,871087,870909
2023-06-27 22:08:00.000000000,1687874880000000000,5748,5751,5748,5750,1467,870909,870726
2023-06-27 22:09:00.000000000,1687874940000000000,5750,5751,5749,5750,930,870726,870700
2023-06-27 22:10:00.000000000,1687875000000000000,5750,5750,5747,5747,1256,870700,870678
2023-06-27 22:11:00.000000000,1687875060000000000,5747,5749,5745,5746,2240,870678,871440
2023-06-27 22:12:00.000000000,1687875120000000000,5746,5746,5742,5743,2183,871440,871081
2023-06-27 22:13:00.000000000,1687875180000000000,5743,5745,5742,5743,1127,871081,871114
2023-06-27 22:14:00.000000000,1687875240000000000,5743,5744,5742,5743,1369,871114,871121
2023-06-27 22:15:00.000000000,1687875300000000000,5743,5744,5741,5744,1188,871121,870956
2023-06-27 22:16:00.000000000,1687875360000000000,5744,5744,5742,5744,712,870956,870967
2023-06-27 22:17:00.000000000,1687875420000000000,5744,5747,5743,5747,1102,870967,870935
2023-06-27 22:18:00.000000000,1687875480000000000,5747,5747,5745,5746,1029,870935,870929
2023-06-27 22:19:00.000000000,1687875540000000000,5746,5750,5746,5750,1380,870929,870593
2023-06-27 22:20:00.000000000,1687875600000000000,5750,5750,5748,5748,1211,870593,870656
2023-06-27 22:21:00.000000000,1687875660000000000,5748,5749,5746,5747,1010,870656,870642
2023-06-27 22:22:00.000000000,1687875720000000000,5747,5749,5746,5749,1401,870642,870365
2023-06-27 22:23:00.000000000,1687875780000000000,5749,5751,5748,5750,2219,870365,870292
2023-06-27 22:24:00.000000000,1687875840000000000,5750,5750,5748,5748,581,870292,870426
2023-06-27 22:25:00.000000000,1687875900000000000,5748,5749,5747,5748,581,870426,870363
2023-06-27 22:26:00.000000000,1687875960000000000,5748,5749,5746,5747,876,870363,870429
2023-06-27 22:27:00.000000000,1687876020000000000,5747,5754,5746,5754,2615,870429,870001
2023-06-27 22:28:00.000000000,1687876080000000000,5754,5755,5753,5754,2082,870001,870272
2023-06-27 22:29:00.000000000,1687876140000000000,5754,5754,5752,5753,1198,870272,870378
2023-06-27 22:30:00.000000000,1687876200000000000,5753,5754,5750,5752,1666,870378,870605
2023-06-27 22:31:00.000000000,1687876260000000000,5752,5755,5752,5753,1487,870605,870462
2023-06-27 22:32:00.000000000,1687876320000000000,5753,5754,5750,5752,1499,870462,870503
2023-06-27 22:33:00.000000000,1687876380000000000,5752,5754,5750,5752,996,870503,870417
2023-06-27 22:34:00.000000000,1687876440000000000,5752,5754,5751,5752,939,870417,870308
2023-06-27 22:35:00.000000000,1687876500000000000,5752,5753,5749,5751,1171,870308,870203
2023-06-27 22:36:00.000000000,1687876560000000000,5751,5754,5751,5752,824,870203,870222
2023-06-27 22:37:00.000000000,1687876620000000000,5752,5753,5751,5752,423,870222,870141
2023-06-27 22:38:00.000000000,1687876680000000000,5752,5752,5748,5749,1602,870141,870248
2023-06-27 22:39:00.000000000,1687876740000000000,5749,5750,5748,5749,804,870248,870210
2023-06-27 22:40:00.000000000,1687876800000000000,5749,5750,5747,5748,1020,870210,870111
2023-06-27 22:41:00.000000000,1687876860000000000,5748,5749,5747,5747,654,870111,870132
2023-06-27 22:42:00.000000000,1687876920000000000,5747,5747,5744,5745,2601,870132,870051
2023-06-27 22:43:00.000000000,1687876980000000000,5745,5747,5744,5747,750,870051,869985
2023-06-27 22:44:00.000000000,1687877040000000000,5747,5748,5746,5748,773,869985,869949
2023-06-27 22:45:00.000000000,1687877100000000000,5748,5748,5744,5746,1684,869949,869641
2023-06-27 22:46:00.000000000,1687877160000000000,5746,5749,5745,5745,957,869641,869709
2023-06-27 22:47:00.000000000,1687877220000000000,5745,5746,5744,5745,1330,869709,869698
2023-06-27 22:48:00.000000000,1687877280000000000,5745,5746,5744,5745,390,869698,869650
2023-06-27 22:49:00.000000000,1687877340000000000,5745,5746,5744,5745,996,869650,869637
2023-06-27 22:50:00.000000000,1687877400000000000,5745,5747,5745,5746,634,869637,869636
2023-06-27 22:51:00.000000000,1687877460000000000,5746,5748,5746,5746,595,869636,869318
2023-06-27 22:52:00.000000000,1687877520000000000,5746,5747,5745,5747,645,869318,869170
2023-06-27 22:53:00.000000000,1687877580000000000,5747,5748,5746,5747,957,869170,868915
2023-06-27 22:54:00.000000000,1687877640000000000,5747,5747,5746,5747,280,868915,868917
2023-06-27 22:55:00.000000000,1687877700000000000,5747,5747,5746,5746,665,868917,868844
2023-06-27 22:56:00.000000000,1687877760000000000,5746,5747,5745,5746,465,868844,868715
2023-06-27 22:57:00.000000000,1687877820000000000,5746,5746,5745,5746,968,868715,868231
2023-06-27 22:58:00.000000000,1687877880000000000,5746,5746,5744,5745,1022,868231,867793
2023-06-27 22:59:00.000000000,1687877940000000000,5745,5746,5743,5744,1991,867793,866920
2023-06-28 09:00:00.000000000,1687914000000000000,5740,5740,5728,5736,12231,866920,867757
2023-06-28 09:01:00.000000000,1687914060000000000,5736,5739,5734,5736,5582,867757,868233
2023-06-28 09:02:00.000000000,1687914120000000000,5736,5745,5736,5744,4686,868233,868630
2023-06-28 09:03:00.000000000,1687914180000000000,5744,5746,5743,5745,3226,868630,868564
2023-06-28 09:04:00.000000000,1687914240000000000,5745,5746,5743,5744,1913,868564,868733
2023-06-28 09:05:00.000000000,1687914300000000000,5744,5746,5740,5744,2508,868733,869041
2023-06-28 09:06:00.000000000,1687914360000000000,5744,5748,5743,5748,3112,869041,868939
2023-06-28 09:07:00.000000000,1687914420000000000,5748,5752,5748,5749,3492,868939,869459
2023-06-28 09:08:00.000000000,1687914480000000000,5749,5750,5747,5747,1630,869459,869982
2023-06-28 09:09:00.000000000,1687914540000000000,5747,5748,5743,5744,2179,869982,869929
2023-06-28 09:10:00.000000000,1687914600000000000,5744,5745,5743,5745,1159,869929,869973
2023-06-28 09:11:00.000000000,1687914660000000000,5745,5746,5741,5742,2428,869973,869961
2023-06-28 09:12:00.000000000,1687914720000000000,5742,5744,5740,5741,1178,869961,870239
2023-06-28 09:13:00.000000000,1687914780000000000,5741,5742,5740,5741,923,870239,870134
2023-06-28 09:14:00.000000000,1687914840000000000,5741,5746,5741,5744,2096,870134,869672
2023-06-28 09:15:00.000000000,1687914900000000000,5744,5749,5743,5747,2227,869672,869640
2023-06-28 09:16:00.000000000,1687914960000000000,5747,5751,5747,5749,2403,869640,869426
2023-06-28 09:17:00.000000000,1687915020000000000,5749,5750,5747,5749,1248,869426,869399
2023-06-28 09:18:00.000000000,1687915080000000000,5749,5749,5746,5747,882,869399,869449
2023-06-28 09:19:00.000000000,1687915140000000000,5747,5748,5746,5747,898,869449,869410
2023-06-28 09:20:00.000000000,1687915200000000000,5747,5748,5745,5746,1447,869410,869449
2023-06-28 09:21:00.000000000,1687915260000000000,5746,5747,5745,5745,1341,869449,869552
2023-06-28 09:22:00.000000000,1687915320000000000,5745,5747,5744,5745,980,869552,869557
2023-06-28 09:23:00.000000000,1687915380000000000,5745,5746,5743,5743,1474,869557,869181
2023-06-28 09:24:00.000000000,1687915440000000000,5743,5748,5743,5748,1405,869181,868868
2023-06-28 09:25:00.000000000,1687915500000000000,5748,5753,5747,5753,4086,868868,868328
2023-06-28 09:26:00.000000000,1687915560000000000,5753,5757,5751,5756,4660,868328,867682
2023-06-28 09:27:00.000000000,1687915620000000000,5756,5757,5752,5757,3278,867682,867716
2023-06-28 09:28:00.000000000,1687915680000000000,5757,5757,5755,5756,1610,867716,868039
2023-06-28 09:29:00.000000000,1687915740000000000,5756,5756,5752,5753,1661,868039,868075
2023-06-28 09:30:00.000000000,1687915800000000000,5753,5762,5752,5759,5490,868075,869105
2023-06-28 09:31:00.000000000,1687915860000000000,5759,5759,5756,5756,2160,869105,869412
2023-06-28 09:32:00.000000000,1687915920000000000,5756,5758,5754,5755,2114,869412,869556
2023-06-28 09:33:00.000000000,1687915980000000000,5755,5758,5755,5755,1349,869556,869577
2023-06-28 09:34:00.000000000,1687916040000000000,5755,5756,5752,5752,2525,869577,869669
2023-06-28 09:35:00.000000000,1687916100000000000,5752,5752,5747,5748,3661,869669,869177
2023-06-28 09:36:00.000000000,1687916160000000000,5748,5753,5748,5751,1590,869177,868753
2023-06-28 09:37:00.000000000,1687916220000000000,5751,5757,5750,5756,2268,868753,868221
2023-06-28 09:38:00.000000000,1687916280000000000,5756,5757,5754,5754,894,868221,868339
2023-06-28 09:39:00.000000000,1687916340000000000,5754,5758,5753,5757,1333,868339,868422
2023-06-28 09:40:00.000000000,1687916400000000000,5757,5762,5755,5760,4097,868422,869286
2023-06-28 09:41:00.000000000,1687916460000000000,5760,5761,5760,5761,1708,869286,869675
2023-06-28 09:42:00.000000000,1687916520000000000,5761,5762,5757,5759,2268,869675,869788
2023-06-28 09:43:00.000000000,1687916580000000000,5759,5759,5756,5756,1242,869788,869757
2023-06-28 09:44:00.000000000,1687916640000000000,5756,5760,5756,5758,1696,869757,869322
2023-06-28 09:45:00.000000000,1687916700000000000,5758,5760,5756,5758,1920,869322,869300
2023-06-28 09:46:00.000000000,1687916760000000000,5758,5761,5757,5761,1542,869300,869453
2023-06-28 09:47:00.000000000,1687916820000000000,5761,5766,5761,5765,4826,869453,869160
2023-06-28 09:48:00.000000000,1687916880000000000,5765,5766,5761,5765,3096,869160,868800
2023-06-28 09:49:00.000000000,1687916940000000000,5765,5766,5761,5763,2136,868800,868743
2023-06-28 09:50:00.000000000,1687917000000000000,5763,5764,5761,5761,1546,868743,868782
2023-06-28 09:51:00.000000000,1687917060000000000,5761,5764,5761,5761,1403,868782,868884
2023-06-28 09:52:00.000000000,1687917120000000000,5761,5761,5756,5756,1926,868884,868864
2023-06-28 09:53:00.000000000,1687917180000000000,5756,5757,5751,5752,4802,868864,867804
2023-06-28 09:54:00.000000000,1687917240000000000,5752,5755,5752,5753,1528,867804,867499
2023-06-28 09:55:00.000000000,1687917300000000000,5753,5755,5748,5751,5358,867499,867353
2023-06-28 09:56:00.000000000,1687917360000000000,5751,5752,5749,5751,1369,867353,867316
2023-06-28 09:57:00.000000000,1687917420000000000,5751,5754,5751,5752,1042,867316,867159
2023-06-28 09:58:00.000000000,1687917480000000000,5752,5755,5752,5753,1038,867159,867297
2023-06-28 09:59:00.000000000,1687917540000000000,5753,5753,5749,5750,1381,867297,867289
2023-06-28 10:00:00.000000000,1687917600000000000,5750,5753,5749,5753,1339,867289,867406
2023-06-28 10:01:00.000000000,1687917660000000000,5753,5753,5748,5748,1996,867406,867693
2023-06-28 10:02:00.000000000,1687917720000000000,5748,5749,5745,5747,3547,867693,867287
2023-06-28 10:03:00.000000000,1687917780000000000,5747,5750,5746,5750,1298,867287,867256
2023-06-28 10:04:00.000000000,1687917840000000000,5750,5751,5748,5748,739,867256,867342
2023-06-28 10:05:00.000000000,1687917900000000000,5748,5749,5744,5744,3310,867342,867858
2023-06-28 10:06:00.000000000,1687917960000000000,5744,5747,5744,5744,1900,867858,867718
2023-06-28 10:07:00.000000000,1687918020000000000,5744,5744,5737,5737,5827,867718,867221
2023-06-28 10:08:00.000000000,1687918080000000000,5737,5738,5733,5737,6785,867221,866841
2023-06-28 10:09:00.000000000,1687918140000000000,5737,5739,5735,5736,3527,866841,867490
2023-06-28 10:10:00.000000000,1687918200000000000,5736,5738,5736,5737,1990,867490,867718
2023-06-28 10:11:00.000000000,1687918260000000000,5737,5739,5736,5738,2651,867718,867793
2023-06-28 10:12:00.000000000,1687918320000000000,5738,5739,5736,5737,2134,867793,867878
2023-06-28 10:13:00.000000000,1687918380000000000,5737,5739,5736,5736,1573,867878,867960
2023-06-28 10:14:00.000000000,1687918440000000000,5736,5738,5734,5736,2303,867960,868168
2023-06-28 10:30:00.000000000,1687919400000000000,5736,5738,5735,5737,2145,868168,868479
2023-06-28 10:31:00.000000000,1687919460000000000,5737,5739,5735,5737,2204,868479,868289
2023-06-28 10:32:00.000000000,1687919520000000000,5737,5738,5734,5736,2136,868289,868705
2023-06-28 10:33:00.000000000,1687919580000000000,5736,5740,5736,5739,1475,868705,868785
2023-06-28 10:34:00.000000000,1687919640000000000,5739,5745,5739,5742,3833,868785,869607
2023-06-28 10:35:00.000000000,1687919700000000000,5742,5744,5741,5742,1874,869607,869479
2023-06-28 10:36:00.000000000,1687919760000000000,5742,5745,5742,5745,1754,869479,869206
2023-06-28 10:37:00.000000000,1687919820000000000,5745,5748,5744,5746,2170,869206,868494
2023-06-28 10:38:00.000000000,1687919880000000000,5746,5747,5743,5743,1408,868494,868353
2023-06-28 10:39:00.000000000,1687919940000000000,5743,5747,5743,5745,927,868353,868558
2023-06-28 10:40:00.000000000,1687920000000000000,5745,5745,5743,5744,853,868558,868312
2023-06-28 10:41:00.000000000,1687920060000000000,5744,5745,5742,5742,829,868312,868212
2023-06-28 10:42:00.000000000,1687920120000000000,5742,5748,5742,5747,1744,868212,867924
2023-06-28 10:43:00.000000000,1687920180000000000,5747,5749,5743,5744,1426,867924,867833
2023-06-28 10:44:00.000000000,1687920240000000000,5744,5746,5742,5745,1677,867833,868144
2023-06-28 10:45:00.000000000,1687920300000000000,5745,5746,5744,5746,937,868144,868296
2023-06-28 10:46:00.000000000,1687920360000000000,5746,5749,5746,5748,1858,868296,867906
2023-06-28 10:47:00.000000000,1687920420000000000,5748,5751,5747,5749,2414,867906,868055
2023-06-28 10:48:00.000000000,1687920480000000000,5749,5750,5748,5749,1112,868055,868063
2023-06-28 10:49:00.000000000,1687920540000000000,5749,5749,5746,5746,1320,868063,868113
2023-06-28 10:50:00.000000000,1687920600000000000,5746,5746,5742,5743,1613,868113,868296
2023-06-28 10:51:00.000000000,1687920660000000000,5743,5744,5741,5742,1547,868296,868340
2023-06-28 10:52:00.000000000,1687920720000000000,5742,5742,5738,5738,2298,868340,868628
2023-06-28 10:53:00.000000000,1687920780000000000,5738,5739,5737,5738,1076,868628,868754
2023-06-28 10:54:00.000000000,1687920840000000000,5738,5738,5736,5737,1267,868754,869052
2023-06-28 10:55:00.000000000,1687920900000000000,5737,5739,5736,5739,1337,869052,869188
2023-06-28 10:56:00.000000000,1687920960000000000,5739,5739,5735,5736,1856,869188,869667
2023-06-28 10:57:00.000000000,1687921020000000000,5736,5738,5735,5738,1950,869667,870023
2023-06-28 10:58:00.000000000,1687921080000000000,5738,5738,5736,5738,1098,870023,870325
2023-06-28 10:59:00.000000000,1687921140000000000,5738,5741,5737,5739,1984,870325,870322
2023-06-28 11:00:00.000000000,1687921200000000000,5739,5741,5737,5739,1973,870322,870690
2023-06-28 11:01:00.000000000,1687921260000000000,5739,5740,5734,5735,2809,870690,870938
2023-06-28 11:02:00.000000000,1687921320000000000,5735,5736,5734,5734,1225,870938,870855
2023-06-28 11:03:00.000000000,1687921380000000000,5734,5735,5730,5734,3445,870855,871042
2023-06-28 11:04:00.000000000,1687921440000000000,5734,5739,5734,5739,2072,871042,871096
2023-06-28 11:05:00.000000000,1687921500000000000,5739,5741,5737,5738,1976,871096,871161
2023-06-28 11:06:00.000000000,1687921560000000000,5738,5741,5738,5740,1838,871161,871449
2023-06-28 11:07:00.000000000,1687921620000000000,5740,5741,5739,5741,1083,871449,871467
2023-06-28 11:08:00.000000000,1687921680000000000,5741,5742,5739,5741,1217,871467,871516
2023-06-28 11:09:00.000000000,1687921740000000000,5741,5742,5739,5741,1065,871516,871629
2023-06-28 11:10:00.000000000,1687921800000000000,5741,5741,5735,5735,1828,871629,871723
2023-06-28 11:11:00.000000000,1687921860000000000,5735,5736,5733,5734,1245,871723,871864
2023-06-28 11:12:00.000000000,1687921920000000000,5734,5736,5732,5732,1698,871864,872019
2023-06-28 11:13:00.000000000,1687921980000000000,5732,5735,5732,5733,1038,872019,872172
2023-06-28 11:14:00.000000000,1687922040000000000,5733,5734,5731,5731,1400,872172,872553
2023-06-28 11:15:00.000000000,1687922100000000000,5731,5733,5725,5729,6645,872553,871947
2023-06-28 11:16:00.000000000,1687922160000000000,5729,5733,5729,5733,2071,871947,871700
2023-06-28 11:17:00.000000000,1687922220000000000,5733,5733,5731,5731,981,871700,872074
2023-06-28 11:18:00.000000000,1687922280000000000,5731,5736,5731,5735,2116,872074,872249
2023-06-28 11:19:00.000000000,1687922340000000000,5735,5737,5735,5736,1219,872249,872371
2023-06-28 11:20:00.000000000,1687922400000000000,5736,5736,5731,5731,1783,872371,872898
2023-06-28 11:21:00.000000000,1687922460000000000,5731,5734,5731,5733,702,872898,873016
2023-06-28 11:22:00.000000000,1687922520000000000,5733,5735,5731,5734,633,873016,872907
2023-06-28 11:23:00.000000000,1687922580000000000,5734,5734,5732,5733,963,872907,873141
2023-06-28 11:24:00.000000000,1687922640000000000,5733,5734,5732,5734,682,873141,873102
2023-06-28 11:25:00.000000000,1687922700000000000,5734,5736,5732,5736,1062,873102,872881
2023-06-28 11:26:00.000000000,1687922760000000000,5736,5736,5734,5735,485,872881,872854
2023-06-28 11:27:00.000000000,1687922820000000000,5735,5736,5734,5735,537,872854,872778
2023-06-28 11:28:00.000000000,1687922880000000000,5735,5735,5733,5735,569,872778,872738
2023-06-28 11:29:00.000000000,1687922940000000000,5735,5735,5733,5735,987,872738,872302
2023-06-28 13:30:00.000000000,1687930200000000000,5735,5738,5735,5735,3068,872302,872317
2023-06-28 13:31:00.000000000,1687930260000000000,5735,5738,5734,5737,1359,872317,872250
2023-06-28 13:32:00.000000000,1687930320000000000,5737,5737,5735,5736,1446,872250,872641
2023-06-28 13:33:00.000000000,1687930380000000000,5736,5739,5736,5738,952,872641,872731
2023-06-28 13:34:00.000000000,1687930440000000000,5738,5742,5738,5740,1967,872731,872259
2023-06-28 13:35:00.000000000,1687930500000000000,5740,5741,5738,5741,2022,872259,872389
2023-06-28 13:36:00.000000000,1687930560000000000,5741,5743,5740,5741,1913,872389,872129
2023-06-28 13:37:00.000000000,1687930620000000000,5741,5744,5741,5743,1739,872129,871888
2023-06-28 13:38:00.000000000,1687930680000000000,5743,5743,5740,5741,804,871888,871884
2023-06-28 13:39:00.000000000,1687930740000000000,5741,5741,5738,5739,1164,871884,872068
2023-06-28 13:40:00.000000000,1687930800000000000,5739,5741,5739,5740,867,872068,872071
2023-06-28 13:41:00.000000000,1687930860000000000,5740,5743,5740,5740,896,872071,872053
2023-06-28 13:42:00.000000000,1687930920000000000,5740,5744,5740,5743,917,872053,872213
2023-06-28 13:43:00.000000000,1687930980000000000,5743,5745,5742,5743,1101,872213,871980
2023-06-28 13:44:00.000000000,1687931040000000000,5743,5743,5739,5741,985,871980,871699
2023-06-28 13:45:00.000000000,1687931100000000000,5741,5741,5738,5738,1178,871699,872187
2023-06-28 13:46:00.000000000,1687931160000000000,5738,5742,5738,5741,651,872187,872260
2023-06-28 13:47:00.000000000,1687931220000000000,5741,5744,5741,5743,900,872260,872183
2023-06-28 13:48:00.000000000,1687931280000000000,5743,5745,5741,5744,1157,872183,872219
2023-06-28 13:49:00.000000000,1687931340000000000,5744,5744,5743,5744,567,872219,872144
2023-06-28 13:50:00.000000000,1687931400000000000,5744,5748,5743,5748,2648,872144,871697
2023-06-28 13:51:00.000000000,1687931460000000000,5748,5750,5748,5749,2482,871697,871888
2023-06-28 13:52:00.000000000,1687931520000000000,5749,5753,5749,5752,3363,871888,872060
2023-06-28 13:53:00.000000000,1687931580000000000,5752,5757,5751,5757,4913,872060,871723
2023-06-28 13:54:00.000000000,1687931640000000000,5757,5759,5756,5758,3116,871723,871067
2023-06-28 13:55:00.000000000,1687931700000000000,5758,5764,5757,5759,8171,871067,870798
2023-06-28 13:56:00.000000000,1687931760000000000,5759,5762,5758,5759,2493,870798,870983
2023-06-28 13:57:00.000000000,1687931820000000000,5759,5762,5758,5759,4284,870983,870914
2023-06-28 13:58:00.000000000,1687931880000000000,5759,5760,5756,5757,3430,870914,871184
2023-06-28 13:59:00.000000000,1687931940000000000,5757,5759,5756,5758,1673,871184,871266
2023-06-28 14:00:00.000000000,1687932000000000000,5758,5761,5758,5759,2508,871266,871229
2023-06-28 14:01:00.000000000,1687932060000000000,5759,5761,5758,5759,2484,871229,871042
2023-06-28 14:02:00.000000000,1687932120000000000,5759,5762,5759,5762,2820,871042,870602
2023-06-28 14:03:00.000000000,1687932180000000000,5762,5762,5754,5755,4436,870602,870593
2023-06-28 14:04:00.000000000,1687932240000000000,5755,5758,5755,5756,1653,870593,870759
2023-06-28 14:05:00.000000000,1687932300000000000,5756,5758,5756,5757,829,870759,870647
2023-06-28 14:06:00.000000000,1687932360000000000,5757,5757,5754,5754,1372,870647,870314
2023-06-28 14:07:00.000000000,1687932420000000000,5754,5756,5754,5755,1146,870314,870265
2023-06-28 14:08:00.000000000,1687932480000000000,5755,5756,5754,5755,441,870265,870055
2023-06-28 14:09:00.000000000,1687932540000000000,5755,5758,5755,5757,1304,870055,870059
2023-06-28 14:10:00.000000000,1687932600000000000,5757,5758,5756,5757,707,870059,870203
2023-06-28 14:11:00.000000000,1687932660000000000,5757,5757,5751,5753,2424,870203,869686
2023-06-28 14:12:00.000000000,1687932720000000000,5753,5754,5751,5751,1409,869686,869338
2023-06-28 14:13:00.000000000,1687932780000000000,5751,5754,5750,5753,1260,869338,869229
2023-06-28 14:14:00.000000000,1687932840000000000,5753,5755,5753,5755,1020,869229,869179
2023-06-28 14:15:00.000000000,1687932900000000000,5755,5758,5754,5758,2905,869179,867971
2023-06-28 14:16:00.000000000,1687932960000000000,5758,5758,5754,5756,1416,867971,867750
2023-06-28 14:17:00.000000000,1687933020000000000,5756,5759,5755,5758,2669,867750,867244
2023-06-28 14:18:00.000000000,1687933080000000000,5758,5762,5758,5760,3231,867244,867225
2023-06-28 14:19:00.000000000,1687933140000000000,5760,5761,5758,5759,1433,867225,867223
2023-06-28 14:20:00.000000000,1687933200000000000,5759,5759,5756,5759,1250,867223,867171
2023-06-28 14:21:00.000000000,1687933260000000000,5759,5760,5756,5757,1956,867171,867140
2023-06-28 14:22:00.000000000,1687933320000000000,5757,5758,5756,5757,754,867140,866902
2023-06-28 14:23:00.000000000,1687933380000000000,5757,5758,5756,5756,618,866902,866860
2023-06-28 14:24:00.000000000,1687933440000000000,5756,5757,5755,5756,735,866860,866876
2023-06-28 14:25:00.000000000,1687933500000000000,5756,5758,5754,5754,1163,866876,866865
2023-06-28 14:26:00.000000000,1687933560000000000,5754,5757,5754,5755,1059,866865,866866
2023-06-28 14:27:00.000000000,1687933620000000000,5755,5756,5752,5753,2511,866866,866844
2023-06-28 14:28:00.000000000,1687933680000000000,5753,5754,5751,5752,2396,866844,866832
2023-06-28 14:29:00.000000000,1687933740000000000,5752,5753,5751,5751,1026,866832,866836
2023-06-28 14:30:00.000000000,1687933800000000000,5751,5752,5750,5750,1490,866836,866537
2023-06-28 14:31:00.000000000,1687933860000000000,5750,5751,5747,5751,3025,866537,866170
2023-06-28 14:32:00.000000000,1687933920000000000,5751,5757,5751,5756,2509,866170,866101
2023-06-28 14:33:00.000000000,1687933980000000000,5756,5758,5755,5758,804,866101,866149
2023-06-28 14:34:00.000000000,1687934040000000000,5758,5759,5757,5758,1593,866149,866584
2023-06-28 14:35:00.000000000,1687934100000000000,5758,5758,5757,5758,1424,866584,866501
2023-06-28 14:36:00.000000000,1687934160000000000,5758,5758,5756,5756,657,866501,866707
2023-06-28 14:37:00.000000000,1687934220000000000,5756,5757,5755,5755,618,866707,866659
2023-06-28 14:38:00.000000000,1687934280000000000,5755,5756,5754,5756,856,866659,866389
2023-06-28 14:39:00.000000000,1687934340000000000,5756,5757,5754,5757,1099,866389,866428
2023-06-28 14:40:00.000000000,1687934400000000000,5757,5758,5756,5757,1020,866428,866357
2023-06-28 14:41:00.000000000,1687934460000000000,5757,5760,5756,5757,1921,866357,867205
2023-06-28 14:42:00.000000000,1687934520000000000,5757,5760,5757,5760,1866,867205,867898
2023-06-28 14:43:00.000000000,1687934580000000000,5760,5761,5759,5760,1316,867898,868094
2023-06-28 14:44:00.000000000,1687934640000000000,5760,5762,5760,5762,1150,868094,867917
2023-06-28 14:45:00.000000000,1687934700000000000,5762,5762,5758,5758,2197,867917,867669
2023-06-28 14:46:00.000000000,1687934760000000000,5758,5759,5758,5758,987,867669,867367
2023-06-28 14:47:00.000000000,1687934820000000000,5758,5759,5757,5757,1056,867367,867298
2023-06-28 14:48:00.000000000,1687934880000000000,5757,5759,5757,5758,393,867298,867096
2023-06-28 14:49:00.000000000,1687934940000000000,5758,5759,5756,5756,805,867096,866922
2023-06-28 14:50:00.000000000,1687935000000000000,5756,5759,5756,5758,1328,866922,866549
2023-06-28 14:51:00.000000000,1687935060000000000,5758,5759,5757,5758,984,866549,866457
2023-06-28 14:52:00.000000000,1687935120000000000,5758,5759,5756,5756,965,866457,866226
2023-06-28 14:53:00.000000000,1687935180000000000,5756,5758,5754,5757,2780,866226,866106
2023-06-28 14:54:00.000000000,1687935240000000000,5757,5758,5756,5756,660,866106,865924
2023-06-28 14:55:00.000000000,1687935300000000000,5756,5758,5755,5756,1132,865924,865767
2023-06-28 14:56:00.000000000,1687935360000000000,5756,5757,5755,5755,974,865767,865255
2023-06-28 14:57:00.000000000,1687935420000000000,5755,5758,5755,5757,1209,865255,864950
2023-06-28 14:58:00.000000000,1687935480000000000,5757,5758,5755,5757,1394,864950,864420
2023-06-28 14:59:00.000000000,1687935540000000000,5757,5757,5755,5757,2723,864420,863111
2023-06-28 21:00:00.000000000,1687957200000000000,5743,5748,5739,5740,16039,863111,864024
2023-06-28 21:01:00.000000000,1687957260000000000,5740,5740,5735,5740,10407,864024,865351
2023-06-28 21:02:00.000000000,1687957320000000000,5740,5741,5735,5740,7816,865351,867924
2023-06-28 21:03:00.000000000,1687957380000000000,5740,5744,5736,5741,7166,867924,867931
2023-06-28 21:04:00.000000000,1687957440000000000,5741,5743,5741,5742,2980,867931,868319
2023-06-28 21:05:00.000000000,1687957500000000000,5742,5744,5740,5743,4320,868319,868906
2023-06-28 21:06:00.000000000,1687957560000000000,5743,5746,5742,5744,4897,868906,868732
2023-06-28 21:07:00.000000000,1687957620000000000,5744,5744,5741,5744,4660,868732,869745
2023-06-28 21:08:00.000000000,1687957680000000000,5744,5747,5743,5747,4682,869745,870274
2023-06-28 21:09:00.000000000,1687957740000000000,5747,5747,5745,5746,2141,870274,870591
2023-06-28 21:10:00.000000000,1687957800000000000,5746,5746,5737,5739,5025,870591,870605
2023-06-28 21:11:00.000000000,1687957860000000000,5739,5740,5737,5740,2519,870605,870646
2023-06-28 21:12:00.000000000,1687957920000000000,5740,5741,5737,5737,2700,870646,871003
2023-06-28 21:13:00.000000000,1687957980000000000,5737,5738,5734,5737,4679,871003,871972
2023-06-28 21:14:00.000000000,1687958040000000000,5737,5739,5735,5739,1988,871972,872370
2023-06-28 21:15:00.000000000,1687958100000000000,5739,5742,5737,5742,2757,872370,872790
2023-06-28 21:16:00.000000000,1687958160000000000,5742,5745,5741,5745,2552,872790,872769
2023-06-28 21:17:00.000000000,1687958220000000000,5745,5746,5744,5745,2206,872769,872997
2023-06-28 21:18:00.000000000,1687958280000000000,5745,5749,5743,5748,2880,872997,872936
2023-06-28 21:19:00.000000000,1687958340000000000,5748,5751,5747,5750,3271,872936,872806
2023-06-28 21:20:00.000000000,1687958400000000000,5750,5751,5748,5749,2953,872806,872745
2023-06-28 21:21:00.000000000,1687958460000000000,5749,5750,5748,5750,1558,872745,872871
2023-06-28 21:22:00.000000000,1687958520000000000,5750,5750,5747,5747,1625,872871,872931
2023-06-28 21:23:00.000000000,1687958580000000000,5747,5749,5747,5748,1044,872931,873026
2023-06-28 21:24:00.000000000,1687958640000000000,5748,5748,5745,5746,2644,873026,872427
2023-06-28 21:25:00.000000000,1687958700000000000,5746,5749,5745,5748,1851,872427,872388
2023-06-28 21:26:00.000000000,1687958760000000000,5748,5750,5747,5749,979,872388,872417
2023-06-28 21:27:00.000000000,1687958820000000000,5749,5753,5748,5751,2868,872417,872647
2023-06-28 21:28:00.000000000,1687958880000000000,5751,5754,5751,5752,2123,872647,872695
2023-06-28 21:29:00.000000000,1687958940000000000,5752,5753,5750,5752,1217,872695,872760
2023-06-28 21:30:00.000000000,1687959000000000000,5752,5752,5748,5750,1995,872760,872768
2023-06-28 21:31:00.000000000,1687959060000000000,5750,5753,5748,5751,1954,872768,872809
2023-06-28 21:32:00.000000000,1687959120000000000,5751,5752,5751,5751,1134,872809,872863
2023-06-28 21:33:00.000000000,1687959180000000000,5751,5756,5751,5755,3864,872863,872817
2023-06-28 21:34:00.000000000,1687959240000000000,5755,5756,5753,5756,2301,872817,872860
2023-06-28 21:35:00.000000000,1687959300000000000,5756,5756,5752,5752,1967,872860,872531
2023-06-28 21:36:00.000000000,1687959360000000000,5752,5753,5750,5751,2175,872531,872487
2023-06-28 21:37:00.000000000,1687959420000000000,5751,5754,5751,5754,1019,872487,872883
2023-06-28 21:38:00.000000000,1687959480000000000,5754,5755,5752,5753,1107,872883,872746
2023-06-28 21:39:00.000000000,1687959540000000000,5753,5755,5753,5754,938,872746,872812
2023-06-28 21:40:00.000000000,1687959600000000000,5754,5755,5751,5752,1336,872812,872746
2023-06-28 21:41:00.000000000,1687959660000000000,5752,5752,5750,5750,1172,872746,872835
2023-06-28 21:42:00.000000000,1687959720000000000,5750,5751,5750,5751,763,872835,872945
2023-06-28 21:43:00.000000000,1687959780000000000,5751,5751,5748,5749,1420,872945,872669
2023-06-28 21:44:00.000000000,1687959840000000000,5749,5751,5748,5750,1892,872669,872482
2023-06-28 21:45:00.000000000,1687959900000000000,5750,5752,5748,5752,892,872482,872340
2023-06-28 21:46:00.000000000,1687959960000000000,5752,5752,5748,5749,1399,872340,872220
2023-06-28 21:47:00.000000000,1687960020000000000,5749,5750,5747,5749,1669,872220,872136
2023-06-28 21:48:00.000000000,1687960080000000000,5749,5750,5748,5749,538,872136,872075
2023-06-28 21:49:00.000000000,1687960140000000000,5749,5750,5748,5750,700,872075,872159
2023-06-28 21:50:00.000000000,1687960200000000000,5750,5750,5747,5749,1302,872159,871771
2023-06-28 21:51:00.000000000,1687960260000000000,5749,5756,5748,5755,3177,871771,871232
2023-06-28 21:52:00.000000000,1687960320000000000,5755,5759,5754,5759,4674,871232,871671
2023-06-28 21:53:00.000000000,1687960380000000000,5759,5759,5756,5758,1798,871671,871563
2023-06-28 21:54:00.000000000,1687960440000000000,5758,5758,5756,5757,1239,871563,871838
2023-06-28 21:55:00.000000000,1687960500000000000,5757,5758,5755,5757,1488,871838,871699
2023-06-28 21:56:00.000000000,1687960560000000000,5757,5758,5755,5757,1081,871699,872064
2023-06-28 21:57:00.000000000,1687960620000000000,5757,5760,5757,5759,3426,872064,872804
2023-06-28 21:58:00.000000000,1687960680000000000,5759,5762,5759,5760,3175,872804,872992
2023-06-28 21:59:00.000000000,1687960740000000000,5760,5760,5757,5759,2200,872992,873059
2023-06-28 22:00:00.000000000,1687960800000000000,5759,5762,5758,5759,3809,873059,873802
2023-06-28 22:01:00.000000000,1687960860000000000,5759,5764,5756,5763,3291,873802,873570
2023-06-28 22:02:00.000000000,1687960920000000000,5763,5769,5763,5767,6905,873570,874134
2023-06-28 22:03:00.000000000,1687960980000000000,5767,5767,5762,5764,3298,874134,874330
2023-06-28 22:04:00.000000000,1687961040000000000,5764,5767,5763,5766,2240,874330,874567
2023-06-28 22:05:00.000000000,1687961100000000000,5766,5767,5761,5764,2972,874567,874357
2023-06-28 22:06:00.000000000,1687961160000000000,5764,5764,5761,5763,1462,874357,874551
2023-06-28 22:07:00.000000000,1687961220000000000,5763,5767,5763,5766,1642,874551,874458
2023-06-28 22:08:00.000000000,1687961280000000000,5766,5767,5763,5764,1492,874458,874536
2023-06-28 22:09:00.000000000,1687961340000000000,5764,5768,5763,5767,1701,874536,874700
2023-06-28 22:10:00.000000000,1687961400000000000,5767,5770,5766,5770,2631,874700,875241
2023-06-28 22:11:00.000000000,1687961460000000000,5770,5770,5764,5764,2578,875241,875830
2023-06-28 22:12:00.000000000,1687961520000000000,5764,5764,5760,5761,2484,875830,875696
2023-06-28 22:13:00.000000000,1687961580000000000,5761,5763,5759,5759,2130,875696,875848
2023-06-28 22:14:00.000000000,1687961640000000000,5759,5762,5759,5760,2316,875848,875596
2023-06-28 22:15:00.000000000,1687961700000000000,5760,5763,5760,5762,1506,875596,875518
2023-06-28 22:16:00.000000000,1687961760000000000,5762,5763,5758,5758,1560,875518,875612
2023-06-28 22:17:00.000000000,1687961820000000000,5758,5759,5757,5759,2010,875612,875335
2023-06-28 22:18:00.000000000,1687961880000000000,5759,5759,5757,5758,805,875335,875124
2023-06-28 22:19:00.000000000,1687961940000000000,5758,5761,5758,5761,1077,875124,875025
2023-06-28 22:20:00.000000000,1687962000000000000,5761,5763,5760,5761,1559,875025,874937
2023-06-28 22:21:00.000000000,1687962060000000000,5761,5762,5760,5761,698,874937,875162
2023-06-28 22:22:00.000000000,1687962120000000000,5761,5764,5760,5763,1072,875162,874787
2023-06-28 22:23:00.000000000,1687962180000000000,5763,5764,5761,5762,885,874787,874794
2023-06-28 22:24:00.000000000,1687962240000000000,5762,5762,5758,5758,1284,874794,875272
2023-06-28 22:25:00.000000000,1687962300000000000,5758,5759,5751,5752,6734,875272,875769
2023-06-28 22:26:00.000000000,1687962360000000000,5752,5753,5748,5751,4063,875769,875443
2023-06-28 22:27:00.000000000,1687962420000000000,5751,5756,5751,5755,2584,875443,874727
2023-06-28 22:28:00.000000000,1687962480000000000,5755,5756,5753,5755,1607,874727,874674
2023-06-28 22:29:00.000000000,1687962540000000000,5755,5757,5754,5757,1891,874674,874188
2023-06-28 22:30:00.000000000,1687962600000000000,5757,5759,5756,5758,2220,874188,873940
2023-06-28 22:31:00.000000000,1687962660000000000,5758,5762,5758,5761,1773,873940,874090
2023-06-28 22:32:00.000000000,1687962720000000000,5761,5763,5760,5762,2127,874090,874491
2023-06-28 22:33:00.000000000,1687962780000000000,5762,5763,5760,5762,1322,874491,874657
2023-06-28 22:34:00.000000000,1687962840000000000,5762,5768,5762,5767,4495,874657,875515
2023-06-28 22:35:00.000000000,1687962900000000000,5767,5774,5766,5770,7414,875515,876581
2023-06-28 22:36:00.000000000,1687962960000000000,5770,5771,5766,5769,2671,876581,876984
2023-06-28 22:37:00.000000000,1687963020000000000,5769,5772,5768,5770,2323,876984,877029
2023-06-28 22:38:00.000000000,1687963080000000000,5770,5771,5769,5770,2799,877029,876508
2023-06-28 22:39:00.000000000,1687963140000000000,5770,5772,5768,5771,1968,876508,876657
2023-06-28 22:40:00.000000000,1687963200000000000,5771,5772,5766,5767,3339,876657,876876
2023-06-28 22:41:00.000000000,1687963260000000000,5767,5769,5766,5767,1138,876876,876763
2023-06-28 22:42:00.000000000,1687963320000000000,5767,5769,5767,5769,928,876763,876659
2023-06-28 22:43:00.000000000,1687963380000000000,5769,5773,5767,5771,2177,876659,876797
2023-06-28 22:44:00.000000000,1687963440000000000,5771,5774,5770,5772,1735,876797,877190
2023-06-28 22:45:00.000000000,1687963500000000000,5772,5773,5768,5769,2165,877190,877396
2023-06-28 22:46:00.000000000,1687963560000000000,5769,5771,5769,5770,743,877396,877201
2023-06-28 22:47:00.000000000,1687963620000000000,5770,5772,5769,5771,1096,877201,876981
2023-06-28 22:48:00.000000000,1687963680000000000,5771,5773,5771,5772,1188,876981,876939
2023-06-28 22:49:00.000000000,1687963740000000000,5772,5774,5772,5772,1500,876939,877139
2023-06-28 22:50:00.000000000,1687963800000000000,5772,5777,5772,5774,4198,877139,877273
2023-06-28 22:51:00.000000000,1687963860000000000,5774,5775,5768,5769,3410,877273,877163
2023-06-28 22:52:00.000000000,1687963920000000000,5769,5773,5769,5773,1017,877163,877149
2023-06-28 22:53:00.000000000,1687963980000000000,5773,5773,5771,5773,1355,877149,877320
2023-06-28 22:54:00.000000000,1687964040000000000,5773,5773,5771,5772,1136,877320,877621
2023-06-28 22:55:00.000000000,1687964100000000000,5772,5772,5770,5772,1275,877621,877404
2023-06-28 22:56:00.000000000,1687964160000000000,5772,5772,5771,5772,1244,877404,877188
2023-06-28 22:57:00.000000000,1687964220000000000,5772,5773,5769,5770,2060,877188,876550
2023-06-28 22:58:00.000000000,1687964280000000000,5770,5770,5767,5768,2675,876550,874925
2023-06-28 22:59:00.000000000,1687964340000000000,5768,5769,5766,5767,3090,874925,873403
2023-06-29 09:00:00.000000000,1688000400000000000,5777,5779,5772,5779,8586,873403,875147
2023-06-29 09:01:00.000000000,1688000460000000000,5779,5785,5777,5782,7288,875147,876710
2023-06-29 09:02:00.000000000,1688000520000000000,5782,5785,5781,5783,5056,876710,876497
2023-06-29 09:03:00.000000000,1688000580000000000,5783,5785,5778,5780,4551,876497,877020
2023-06-29 09:04:00.000000000,1688000640000000000,5780,5781,5777,5779,3000,877020,877234
2023-06-29 09:05:00.000000000,1688000700000000000,5779,5783,5775,5776,4283,877234,877716
2023-06-29 09:06:00.000000000,1688000760000000000,5776,5783,5775,5782,4384,877716,876824
2023-06-29 09:07:00.000000000,1688000820000000000,5782,5785,5781,5784,3093,876824,877611
2023-06-29 09:08:00.000000000,1688000880000000000,5784,5784,5779,5780,1858,877611,877935
2023-06-29 09:09:00.000000000,1688000940000000000,5780,5781,5777,5780,1902,877935,878301
2023-06-29 09:10:00.000000000,1688001000000000000,5780,5783,5778,5779,1886,878301,878450
2023-06-29 09:11:00.000000000,1688001060000000000,5779,5782,5778,5781,1822,878450,878512
2023-06-29 09:12:00.000000000,1688001120000000000,5781,5785,5781,5784,2066,878512,878805
2023-06-29 09:13:00.000000000,1688001180000000000,5784,5786,5783,5785,2982,878805,878778
2023-06-29 09:14:00.000000000,1688001240000000000,5785,5794,5785,5791,10918,878778,879505
2023-06-29 09:15:00.000000000,1688001300000000000,5791,5791,5786,5787,5798,879505,880988
2023-06-29 09:16:00.000000000,1688001360000000000,5787,5788,5783,5784,3532,880988,881541
2023-06-29 09:17:00.000000000,1688001420000000000,5784,5788,5784,5787,1754,881541,881471
2023-06-29 09:18:00.000000000,1688001480000000000,5787,5789,5786,5788,2039,881471,881539
2023-06-29 09:19:00.000000000,1688001540000000000,5788,5791,5788,5790,2393,881539,881741
2023-06-29 09:20:00.000000000,1688001600000000000,5790,5790,5788,5789,1676,881741,881714
2023-06-29 09:21:00.000000000,1688001660000000000,5789,5789,5786,5786,2071,881714,881688
2023-06-29 09:22:00.000000000,1688001720000000000,5786,5791,5786,5791,1578,881688,881783
2023-06-29 09:23:00.000000000,1688001780000000000,5791,5792,5789,5790,1499,881783,881886
2023-06-29 09:24:00.000000000,1688001840000000000,5790,5791,5787,5789,1576,881886,881649
2023-06-29 09:25:00.000000000,1688001900000000000,5789,5793,5789,5791,3170,881649,881953
2023-06-29 09:26:00.000000000,1688001960000000000,5791,5792,5789,5790,1577,881953,881979
2023-06-29 09:27:00.000000000,1688002020000000000,5790,5791,5784,5785,3168,881979,881563
2023-06-29 09:28:00.000000000,1688002080000000000,5785,5786,5784,5785,1712,881563,881577
2023-06-29 09:29:00.000000000,1688002140000000000,5785,5787,5784,5785,1471,881577,881623
2023-06-29 09:30:00.000000000,1688002200000000000,5785,5786,5779,5780,5173,881623,880840
2023-06-29 09:31:00.000000000,1688002260000000000,5780,5780,5775,5779,4616,880840,880844
2023-06-29 09:32:00.000000000,1688002320000000000,5779,5779,5775,5775,3991,880844,881758
2023-06-29 09:33:00.000000000,1688002380000000000,5775,5776,5772,5774,2873,881758,881721
2023-06-29 09:34:00.000000000,1688002440000000000,5774,5774,5770,5773,3722,881721,881568
2023-06-29 09:35:00.000000000,1688002500000000000,5773,5777,5773,5776,2267,881568,882153
2023-06-29 09:36:00.000000000,1688002560000000000,5776,5778,5775,5778,1343,882153,882332
2023-06-29 09:37:00.000000000,1688002620000000000,5778,5778,5775,5776,829,882332,882709
2023-06-29 09:38:00.000000000,1688002680000000000,5776,5776,5773,5774,1200,882709,883202
2023-06-29 09:39:00.000000000,1688002740000000000,5774,5775,5773,5774,845,883202,883469
2023-06-29 09:40:00.000000000,1688002800000000000,5774,5774,5771,5772,2872,883469,883305
2023-06-29 09:41:00.000000000,1688002860000000000,5772,5775,5769,5775,3922,883305,883246
2023-06-29 09:42:00.000000000,1688002920000000000,5775,5776,5774,5775,1884,883246,882950
2023-06-29 09:43:00.000000000,1688002980000000000,5775,5777,5775,5777,1213,882950,883376
2023-06-29 09:44:00.000000000,1688003040000000000,5777,5778,5775,5776,1556,883376,883747
2023-06-29 09:45:00.000000000,1688003100000000000,5776,5777,5775,5776,1038,883747,884144
2023-06-29 09:46:00.000000000,1688003160000000000,5776,5777,5772,5774,1857,884144,884449
2023-06-29 09:47:00.000000000,1688003220000000000,5774,5777,5773,5776,942,884449,884372
2023-06-29 09:48:00.000000000,1688003280000000000,5776,5776,5773,5775,877,884372,884486
2023-06-29 09:49:00.000000000,1688003340000000000,5775,5775,5772,5773,986,884486,884483
2023-06-29 09:50:00.000000000,1688003400000000000,5773,5774,5769,5770,3105,884483,883846
2023-06-29 09:51:00.000000000,1688003460000000000,5770,5771,5769,5770,1702,883846,883747
2023-06-29 09:52:00.000000000,1688003520000000000,5770,5774,5770,5773,1139,883747,883757
2023-06-29 09:53:00.000000000,1688003580000000000,5773,5778,5772,5777,1904,883757,884229
2023-06-29 09:54:00.000000000,1688003640000000000,5777,5780,5776,5779,2092,884229,884620
2023-06-29 09:55:00.000000000,1688003700000000000,5779,5781,5778,5779,1793,884620,884731
2023-06-29 09:56:00.000000000,1688003760000000000,5779,5780,5778,5779,864,884731,884775
2023-06-29 09:57:00.000000000,1688003820000000000,5779,5779,5775,5778,1195,884775,884629
2023-06-29 09:58:00.000000000,1688003880000000000,5778,5778,5775,5778,1040,884629,884446
2023-06-29 09:59:00.000000000,1688003940000000000,5778,5781,5778,5781,1268,884446,884492
2023-06-29 10:00:00.000000000,1688004000000000000,5781,5781,5779,5780,2014,884492,884669
2023-06-29 10:01:00.000000000,1688004060000000000,5780,5780,5776,5776,884,884669,884598
2023-06-29 10:02:00.000000000,1688004120000000000,5776,5778,5776,5776,882,884598,884890
2023-06-29 10:03:00.000000000,1688004180000000000,5776,5780,5776,5779,943,884890,884850
2023-06-29 10:04:00.000000000,1688004240000000000,5779,5780,5775,5775,2194,884850,884936
2023-06-29 10:05:00.000000000,1688004300000000000,5775,5776,5772,5773,1436,884936,884968
2023-06-29 10:06:00.000000000,1688004360000000000,5773,5773,5770,5772,2329,884968,884880
2023-06-29 10:07:00.000000000,1688004420000000000,5772,5773,5771,5772,1099,884880,884915
2023-06-29 10:08:00.000000000,1688004480000000000,5772,5773,5771,5772,978,884915,884662
2023-06-29 10:09:00.000000000,1688004540000000000,5772,5774,5772,5773,751,884662,884445
2023-06-29 10:10:00.000000000,1688004600000000000,5773,5774,5770,5770,1208,884445,884469
2023-06-29 10:11:00.000000000,1688004660000000000,5770,5771,5767,5768,4146,884469,883681
2023-06-29 10:12:00.000000000,1688004720000000000,5768,5771,5767,5771,1144,883681,883493
2023-06-29 10:13:00.000000000,1688004780000000000,5771,5774,5770,5773,1400,883493,883150
2023-06-29 10:14:00.000000000,1688004840000000000,5773,5774,5772,5773,641,883150,883060
2023-06-29 10:30:00.000000000,1688005800000000000,5772,5777,5772,5776,1449,883060,883135
2023-06-29 10:31:00.000000000,1688005860000000000,5776,5776,5775,5776,760,883135,883333
2023-06-29 10:32:00.000000000,1688005920000000000,5776,5776,5773,5774,1127,883333,883286
2023-06-29 10:33:00.000000000,1688005980000000000,5774,5775,5772,5775,2165,883286,883352
2023-06-29 10:34:00.000000000,1688006040000000000,5775,5778,5773,5777,2003,883352,883070
2023-06-29 10:35:00.000000000,1688006100000000000,5777,5780,5776,5780,1909,883070,883623
2023-06-29 10:36:00.000000000,1688006160000000000,5780,5780,5778,5779,1094,883623,883805
2023-06-29 10:37:00.000000000,1688006220000000000,5779,5783,5778,5781,2179,883805,883384
2023-06-29 10:38:00.000000000,1688006280000000000,5781,5781,5779,5780,1025,883384,883572
2023-06-29 10:39:00.000000000,1688006340000000000,5780,5785,5779,5785,2006,883572,883619
2023-06-29 10:40:00.000000000,1688006400000000000,5785,5786,5783,5784,2291,883619,883953
2023-06-29 10:41:00.000000000,1688006460000000000,5784,5786,5783,5783,1918,883953,884299
2023-06-29 10:42:00.000000000,1688006520000000000,5783,5788,5783,5786,2445,884299,884023
2023-06-29 10:43:00.000000000,1688006580000000000,5786,5787,5784,5785,2285,884023,883686
2023-06-29 10:44:00.000000000,1688006640000000000,5785,5789,5785,5787,2262,883686,883367
2023-06-29 10:45:00.000000000,1688006700000000000,5787,5790,5786,5788,2338,883367,883595
2023-06-29 10:46:00.000000000,1688006760000000000,5788,5790,5786,5786,1395,883595,883711
2023-06-29 10:47:00.000000000,1688006820000000000,5786,5787,5784,5787,2384,883711,883540
2023-06-29 10:48:00.000000000,1688006880000000000,5787,5788,5786,5787,832,883540,883467
2023-06-29 10:49:00.000000000,1688006940000000000,5787,5789,5786,5787,1566,883467,883770
2023-06-29 10:50:00.000000000,1688007000000000000,5787,5787,5782,5784,2567,883770,883278
2023-06-29 10:51:00.000000000,1688007060000000000,5784,5787,5783,5786,1925,883278,883358
2023-06-29 10:52:00.000000000,1688007120000000000,5786,5787,5782,5783,1466,883358,883103
2023-06-29 10:53:00.000000000,1688007180000000000,5783,5784,5782,5783,1314,883103,883051
2023-06-29 10:54:00.000000000,1688007240000000000,5783,5785,5783,5784,1080,883051,883262
2023-06-29 10:55:00.000000000,1688007300000000000,5784,5785,5781,5781,877,883262,883135
2023-06-29 10:56:00.000000000,1688007360000000000,5781,5782,5780,5781,877,883135,883095
2023-06-29 10:57:00.000000000,1688007420000000000,5781,5782,5779,5779,2133,883095,883680
2023-06-29 10:58:00.000000000,1688007480000000000,5779,5782,5779,5781,1198,883680,883618
2023-06-29 10:59:00.000000000,1688007540000000000,5781,5781,5778,5778,1965,883618,883685
2023-06-29 11:00:00.000000000,1688007600000000000,5778,5781,5776,5779,2908,883685,884070
2023-06-29 11:01:00.000000000,1688007660000000000,5779,5779,5775,5777,4103,884070,884121
2023-06-29 11:02:00.000000000,1688007720000000000,5777,5780,5777,5779,1076,884121,883863
2023-06-29 11:03:00.000000000,1688007780000000000,5779,5781,5778,5780,1127,883863,883546
2023-06-29 11:04:00.000000000,1688007840000000000,5780,5783,5780,5782,1567,883546,883497
2023-06-29 11:05:00.000000000,1688007900000000000,5782,5784,5782,5784,910,883497,883498
2023-06-29 11:06:00.000000000,1688007960000000000,5784,5785,5783,5784,1031,883498,883639
2023-06-29 11:07:00.000000000,1688008020000000000,5784,5786,5784,5785,1247,883639,883907
2023-06-29 11:08:00.000000000,1688008080000000000,5785,5786,5782,5782,1242,883907,883895
2023-06-29 11:09:00.000000000,1688008140000000000,5782,5783,5781,5781,651,883895,883872
2023-06-29 11:10:00.000000000,1688008200000000000,5781,5785,5781,5784,1341,883872,883643
2023-06-29 11:11:00.000000000,1688008260000000000,5784,5788,5784,5788,2879,883643,884288
2023-06-29 11:12:00.000000000,1688008320000000000,5788,5790,5787,5787,2239,884288,884829
2023-06-29 11:13:00.000000000,1688008380000000000,5787,5790,5787,5789,1548,884829,885062
2023-06-29 11:14:00.000000000,1688008440000000000,5789,5790,5788,5789,1272,885062,885457
2023-06-29 11:15:00.000000000,1688008500000000000,5789,5791,5786,5786,2414,885457,885777
2023-06-29 11:16:00.000000000,1688008560000000000,5786,5790,5786,5788,1325,885777,885763
2023-06-29 11:17:00.000000000,1688008620000000000,5788,5793,5788,5792,2352,885763,885477
2023-06-29 11:18:00.000000000,1688008680000000000,5792,5795,5791,5792,3159,885477,885388
2023-06-29 11:19:00.000000000,1688008740000000000,5792,5793,5789,5791,1424,885388,885831
2023-06-29 11:20:00.000000000,1688008800000000000,5791,5794,5791,5792,1859,885831,885373
2023-06-29 11:21:00.000000000,1688008860000000000,5792,5793,5790,5793,1753,885373,885150
2023-06-29 11:22:00.000000000,1688008920000000000,5793,5796,5792,5794,2660,885150,885411
2023-06-29 11:23:00.000000000,1688008980000000000,5794,5795,5791,5791,1836,885411,885302
2023-06-29 11:24:00.000000000,1688009040000000000,5791,5793,5791,5791,1025,885302,885394
2023-06-29 11:25:00.000000000,1688009100000000000,5791,5792,5790,5791,1027,885394,885600
2023-06-29 11:26:00.000000000,1688009160000000000,5791,5792,5789,5789,717,885600,885673
2023-06-29 11:27:00.000000000,1688009220000000000,5789,5791,5789,5790,985,885673,885574
2023-06-29 11:28:00.000000000,1688009280000000000,5790,5793,5790,5792,1255,885574,885539
2023-06-29 11:29:00.000000000,1688009340000000000,5792,5795,5791,5793,2076,885539,885337
2023-06-29 13:30:00.000000000,1688016600000000000,5793,5795,5787,5787,4094,885337,885503
2023-06-29 13:31:00.000000000,1688016660000000000,5787,5789,5781,5782,5147,885503,886280
2023-06-29 13:32:00.000000000,1688016720000000000,5782,5784,5780,5781,3384,886280,886052
2023-06-29 13:33:00.000000000,1688016780000000000,5781,5784,5781,5782,2162,886052,885918
2023-06-29 13:34:00.000000000,1688016840000000000,5782,5785,5781,5783,1509,885918,885709
2023-06-29 13:35:00.000000000,1688016900000000000,5783,5783,5779,5782,2720,885709,885457
2023-06-29 13:36:00.000000000,1688016960000000000,5782,5785,5781,5784,1832,885457,885433
2023-06-29 13:37:00.000000000,1688017020000000000,5784,5786,5784,5786,968,885433,885819
2023-06-29 13:38:00.000000000,1688017080000000000,5786,5786,5784,5784,763,885819,886017
2023-06-29 13:39:00.000000000,1688017140000000000,5784,5787,5784,5786,1093,886017,886134
2023-06-29 13:40:00.000000000,1688017200000000000,5786,5791,5786,5789,2370,886134,886215
2023-06-29 13:41:00.000000000,1688017260000000000,5789,5790,5785,5786,1581,886215,886213
2023-06-29 13:42:00.000000000,1688017320000000000,5786,5788,5785,5785,859,886213,886190
2023-06-29 13:43:00.000000000,1688017380000000000,5785,5786,5783,5784,772,886190,886172
2023-06-29 13:44:00.000000000,1688017440000000000,5784,5784,5782,5782,887,886172,886081
2023-06-29 13:45:00.000000000,1688017500000000000,5782,5783,5780,5780,2046,886081,885975
2023-06-29 13:46:00.000000000,1688017560000000000,5780,5782,5778,5782,2649,885975,886389
2023-06-29 13:47:00.000000000,1688017620000000000,5782,5785,5781,5784,1247,886389,886086
2023-06-29 13:48:00.000000000,1688017680000000000,5784,5785,5782,5782,1141,886086,886385
2023-06-29 13:49:00.000000000,1688017740000000000,5782,5783,5781,5783,650,886385,886302
2023-06-29 13:50:00.000000000,1688017800000000000,5783,5785,5782,5783,1071,886302,886373
2023-06-29 13:51:00.000000000,1688017860000000000,5783,5783,5781,5782,705,886373,886410
2023-06-29 13:52:00.000000000,1688017920000000000,5782,5784,5782,5783,696,886410,886499
2023-06-29 13:53:00.000000000,1688017980000000000,5783,5784,5781,5784,784,886499,886664
2023-06-29 13:54:00.000000000,1688018040000000000,5784,5786,5783,5786,1291,886664,886330
2023-06-29 13:55:00.000000000,1688018100000000000,5786,5786,5783,5784,1201,886330,886283
2023-06-29 13:56:00.000000000,1688018160000000000,5784,5785,5782,5782,602,886283,886381
2023-06-29 13:57:00.000000000,1688018220000000000,5782,5787,5782,5787,1248,886381,886652
2023-06-29 13:58:00.000000000,1688018280000000000,5787,5788,5784,5785,1982,886652,886678
2023-06-29 13:59:00.000000000,1688018340000000000,5785,5789,5785,5788,1290,886678,886907
2023-06-29 14:00:00.000000000,1688018400000000000,5788,5789,5785,5785,1739,886907,887145
2023-06-29 14:01:00.000000000,1688018460000000000,5785,5786,5783,5785,824,887145,886998
2023-06-29 14:02:00.000000000,1688018520000000000,5785,5786,5783,5785,1209,886998,886886
2023-06-29 14:03:00.000000000,1688018580000000000,5785,5789,5785,5788,1493,886886,886930
2023-06-29 14:04:00.000000000,1688018640000000000,5788,5790,5788,5790,1999,886930,887343
2023-06-29 14:05:00.000000000,1688018700000000000,5790,5791,5789,5790,1371,887343,887614
2023-06-29 14:06:00.000000000,1688018760000000000,5790,5791,5790,5791,841,887614,887838
2023-06-29 14:07:00.000000000,1688018820000000000,5791,5791,5789,5790,1231,887838,887907
2023-06-29 14:08:00.000000000,1688018880000000000,5790,5793,5790,5791,2316,887907,888235
2023-06-29 14:09:00.000000000,1688018940000000000,5791,5792,5789,5790,1036,888235,888451
2023-06-29 14:10:00.000000000,1688019000000000000,5790,5791,5788,5789,865,888451,888598
2023-06-29 14:11:00.000000000,1688019060000000000,5789,5791,5789,5791,764,888598,888895
2023-06-29 14:12:00.000000000,1688019120000000000,5791,5798,5790,5797,4899,888895,888515
2023-06-29 14:13:00.000000000,1688019180000000000,5797,5800,5796,5797,8380,888515,888402
2023-06-29 14:14:00.000000000,1688019240000000000,5797,5798,5794,5796,2738,888402,889087
2023-06-29 14:15:00.000000000,1688019300000000000,5796,5798,5791,5793,4972,889087,889711
2023-06-29 14:16:00.000000000,1688019360000000000,5793,5793,5791,5792,1110,889711,889623
2023-06-29 14:17:00.000000000,1688019420000000000,5792,5794,5792,5793,1073,889623,889491
2023-06-29 14:18:00.000000000,1688019480000000000,5793,5794,5790,5791,1633,889491,889859
2023-06-29 14:19:00.000000000,1688019540000000000,5791,5796,5791,5796,2048,889859,889974
2023-06-29 14:20:00.000000000,1688019600000000000,5796,5797,5794,5796,1678,889974,890152
2023-06-29 14:21:00.000000000,1688019660000000000,5796,5800,5795,5797,4438,890152,890817
2023-06-29 14:22:00.000000000,1688019720000000000,5797,5802,5797,5800,3727,890817,891222
2023-06-29 14:23:00.000000000,1688019780000000000,5800,5800,5797,5798,1717,891222,891614
2023-06-29 14:24:00.000000000,1688019840000000000,5798,5798,5794,5795,2442,891614,891647
2023-06-29 14:25:00.000000000,1688019900000000000,5795,5795,5790,5792,3448,891647,892283
2023-06-29 14:26:00.000000000,1688019960000000000,5792,5793,5787,5788,2834,892283,892009
2023-06-29 14:27:00.000000000,1688020020000000000,5788,5789,5786,5788,3087,892009,890844
2023-06-29 14:28:00.000000000,1688020080000000000,5788,5791,5788,5789,1333,890844,890593
2023-06-29 14:29:00.000000000,1688020140000000000,5789,5791,5789,5790,1260,890593,890680
2023-06-29 14:30:00.000000000,1688020200000000000,5790,5792,5789,5790,1639,890680,890627
2023-06-29 14:31:00.000000000,1688020260000000000,5790,5796,5790,5794,2589,890627,889952
2023-06-29 14:32:00.000000000,1688020320000000000,5794,5796,5792,5794,2085,889952,889551
2023-06-29 14:33:00.000000000,1688020380000000000,5794,5797,5794,5796,1605,889551,889281
2023-06-29 14:34:00.000000000,1688020440000000000,5796,5799,5795,5798,1833,889281,888875
2023-06-29 14:35:00.000000000,1688020500000000000,5798,5800,5797,5798,3027,888875,888103
2023-06-29 14:36:00.000000000,1688020560000000000,5798,5799,5796,5797,1879,888103,887953
2023-06-29 14:37:00.000000000,1688020620000000000,5797,5799,5797,5798,1298,887953,888019
2023-06-29 14:38:00.000000000,1688020680000000000,5798,5799,5797,5799,1485,888019,888056
2023-06-29 14:39:00.000000000,1688020740000000000,5799,5801,5798,5799,3465,888056,888563
2023-06-29 14:40:00.000000000,1688020800000000000,5799,5803,5798,5801,2786,888563,888574
2023-06-29 14:41:00.000000000,1688020860000000000,5801,5804,5800,5801,2100,888574,888332
2023-06-29 14:42:00.000000000,1688020920000000000,5801,5805,5801,5804,3478,888332,887859
2023-06-29 14:43:00.000000000,1688020980000000000,5804,5805,5800,5801,2351,887859,887651
2023-06-29 14:44:00.000000000,1688021040000000000,5801,5801,5799,5800,2571,887651,887649
2023-06-29 14:45:00.000000000,1688021100000000000,5800,5803,5800,5802,1864,887649,886839
2023-06-29 14:46:00.000000000,1688021160000000000,5802,5807,5802,5805,3515,886839,886712
2023-06-29 14:47:00.000000000,1688021220000000000,5805,5810,5804,5809,5021,886712,887577
2023-06-29 14:48:00.000000000,1688021280000000000,5809,5812,5808,5810,5326,887577,886419
2023-06-29 14:49:00.000000000,1688021340000000000,5810,5816,5810,5812,7502,886419,887356
2023-06-29 14:50:00.000000000,1688021400000000000,5812,5814,5810,5812,5736,887356,887744
2023-06-29 14:51:00.000000000,1688021460000000000,5812,5816,5811,5814,3613,887744,887927
2023-06-29 14:52:00.000000000,1688021520000000000,5814,5815,5810,5810,2849,887927,888033
2023-06-29 14:53:00.000000000,1688021580000000000,5810,5812,5809,5810,2821,888033,887683
2023-06-29 14:54:00.000000000,1688021640000000000,5810,5810,5806,5809,3791,887683,886527
2023-06-29 14:55:00.000000000,1688021700000000000,5809,5811,5807,5809,3054,886527,885858
2023-06-29 14:56:00.000000000,1688021760000000000,5809,5810,5807,5809,1636,885858,885852
2023-06-29 14:57:00.000000000,1688021820000000000,5809,5811,5807,5811,2705,885852,885248
2023-06-29 14:58:00.000000000,1688021880000000000,5811,5813,5810,5813,4151,885248,883861
2023-06-29 14:59:00.000000000,1688021940000000000,5813,5817,5811,5815,6458,883861,883139
2023-06-29 21:00:00.000000000,1688043600000000000,5806,5818,5805,5818,15096,883139,883549
2023-06-29 21:01:00.000000000,1688043660000000000,5818,5828,5815,5827,14028,883549,882591
2023-06-29 21:02:00.000000000,1688043720000000000,5827,5827,5817,5819,8418,882591,881919
2023-06-29 21:03:00.000000000,1688043780000000000,5819,5825,5819,5824,5742,881919,881820
2023-06-29 21:04:00.000000000,1688043840000000000,5824,5824,5819,5820,4609,881820,882272
2023-06-29 21:05:00.000000000,1688043900000000000,5820,5824,5819,5820,4523,882272,882326
2023-06-29 21:06:00.000000000,1688043960000000000,5820,5826,5820,5823,5955,882326,882842
2023-06-29 21:07:00.000000000,1688044020000000000,5823,5826,5820,5820,3913,882842,882678
2023-06-29 21:08:00.000000000,1688044080000000000,5820,5823,5817,5818,4102,882678,882358
2023-06-29 21:09:00.000000000,1688044140000000000,5818,5820,5815,5816,4409,882358,882157
2023-06-29 21:10:00.000000000,1688044200000000000,5816,5818,5815,5818,3320,882157,881324
2023-06-29 21:11:00.000000000,1688044260000000000,5818,5822,5817,5820,3150,881324,881271
2023-06-29 21:12:00.000000000,1688044320000000000,5820,5821,5817,5817,2910,881271,880639
2023-06-29 21:13:00.000000000,1688044380000000000,5817,5820,5815,5819,3080,880639,880464
2023-06-29 21:14:00.000000000,1688044440000000000,5819,5824,5819,5824,3287,880464,880732
2023-06-29 21:15:00.000000000,1688044500000000000,5824,5830,5823,5827,7960,880732,880422
2023-06-29 21:16:00.000000000,1688044560000000000,5827,5832,5826,5831,6365,880422,881244
2023-06-29 21:17:00.000000000,1688044620000000000,5831,5833,5830,5832,3670,881244,881579
2023-06-29 21:18:00.000000000,1688044680000000000,5832,5833,5830,5832,3281,881579,881798
2023-06-29 21:19:00.000000000,1688044740000000000,5832,5834,5831,5833,2568,881798,882018
2023-06-29 21:20:00.000000000,1688044800000000000,5833,5835,5832,5832,2842,882018,882020
2023-06-29 21:21:00.000000000,1688044860000000000,5832,5832,5828,5831,5420,882020,880838
2023-06-29 21:22:00.000000000,1688044920000000000,5831,5835,5830,5834,2758,880838,880716
2023-06-29 21:23:00.000000000,1688044980000000000,5834,5834,5829,5832,3299,880716,880914
2023-06-29 21:24:00.000000000,1688045040000000000,5832,5835,5829,5834,3983,880914,881104
2023-06-29 21:25:00.000000000,1688045100000000000,5834,5839,5833,5838,6151,881104,880593
2023-06-29 21:26:00.000000000,1688045160000000000,5838,5839,5836,5839,2356,880593,880712
2023-06-29 21:27:00.000000000,1688045220000000000,5839,5844,5839,5843,7637,880712,881074
2023-06-29 21:28:00.000000000,1688045280000000000,5843,5844,5839,5841,3997,881074,880616
2023-06-29 21:29:00.000000000,1688045340000000000,5841,5846,5840,5845,7814,880616,882402
2023-06-29 21:30:00.000000000,1688045400000000000,5845,5845,5837,5837,7626,882402,883526
2023-06-29 21:31:00.000000000,1688045460000000000,5837,5840,5836,5837,4249,883526,883556
2023-06-29 21:32:00.000000000,1688045520000000000,5837,5838,5833,5835,5609,883556,883303
2023-06-29 21:33:00.000000000,1688045580000000000,5835,5836,5833,5834,3704,883303,883452
2023-06-29 21:34:00.000000000,1688045640000000000,5834,5840,5833,5840,3090,883452,883076
2023-06-29 21:35:00.000000000,1688045700000000000,5840,5840,5837,5837,2046,883076,883329
2023-06-29 21:36:00.000000000,1688045760000000000,5837,5837,5834,5837,1959,883329,883738
2023-06-29 21:37:00.000000000,1688045820000000000,5837,5837,5834,5835,1370,883738,883790
2023-06-29 21:38:00.000000000,1688045880000000000,5835,5836,5833,5834,1063,883790,883815
2023-06-29 21:39:00.000000000,1688045940000000000,5834,5838,5834,5837,1459,883815,884025
2023-06-29 21:40:00.000000000,1688046000000000000,5837,5838,5836,5838,1172,884025,883904
2023-06-29 21:41:00.000000000,1688046060000000000,5838,5838,5836,5837,1023,883904,884030
2023-06-29 21:42:00.000000000,1688046120000000000,5837,5839,5836,5838,1234,884030,883897
2023-06-29 21:43:00.000000000,1688046180000000000,5838,5841,5838,5841,1962,883897,884114
2023-06-29 21:44:00.000000000,1688046240000000000,5841,5841,5833,5834,2723,884114,883589
2023-06-29 21:45:00.000000000,1688046300000000000,5834,5839,5834,5836,2622,883589,883593
2023-06-29 21:46:00.000000000,1688046360000000000,5836,5837,5835,5836,1504,883593,883293
2023-06-29 21:47:00.000000000,1688046420000000000,5836,5837,5834,5835,2220,883293,883106
2023-06-29 21:48:00.000000000,1688046480000000000,5835,5839,5833,5834,3663,883106,883003
2023-06-29 21:49:00.000000000,1688046540000000000,5834,5836,5831,5832,2931,883003,882676
2023-06-29 21:50:00.000000000,1688046600000000000,5832,5835,5832,5834,1667,882676,882541
2023-06-29 21:51:00.000000000,1688046660000000000,5834,5839,5833,5838,1870,882541,882658
2023-06-29 21:52:00.000000000,1688046720000000000,5838,5840,5837,5839,1886,882658,882490
2023-06-29 21:53:00.000000000,1688046780000000000,5839,5839,5836,5837,1612,882490,882785
2023-06-29 21:54:00.000000000,1688046840000000000,5837,5839,5835,5838,1717,882785,883050
2023-06-29 21:55:00.000000000,1688046900000000000,5838,5840,5837,5839,1268,883050,883035
2023-06-29 21:56:00.000000000,1688046960000000000,5839,5841,5839,5840,1360,883035,883157
2023-06-29 21:57:00.000000000,1688047020000000000,5840,5841,5837,5838,1697,883157,883081
2023-06-29 21:58:00.000000000,1688047080000000000,5838,5840,5837,5840,1247,883081,883147
2023-06-29 21:59:00.000000000,1688047140000000000,5840,5840,5835,5837,2126,883147,883390
2023-06-29 22:00:00.000000000,1688047200000000000,5837,5840,5836,5837,2317,883390,883533
2023-06-29 22:01:00.000000000,1688047260000000000,5837,5838,5831,5833,5162,883533,883070
2023-06-29 22:02:00.000000000,1688047320000000000,5833,5836,5832,5834,1781,883070,882972
2023-06-29 22:03:00.000000000,1688047380000000000,5834,5838,5834,5836,1522,882972,882864
2023-06-29 22:04:00.000000000,1688047440000000000,5836,5837,5836,5837,860,882864,882739
2023-06-29 22:05:00.000000000,1688047500000000000,5837,5839,5836,5838,2711,882739,882749
2023-06-29 22:06:00.000000000,1688047560000000000,5838,5840,5836,5838,2582,882749,882376
2023-06-29 22:07:00.000000000,1688047620000000000,5838,5838,5833,5833,2188,882376,882121
2023-06-29 22:08:00.000000000,1688047680000000000,5833,5836,5832,5833,1710,882121,882010
2023-06-29 22:09:00.000000000,1688047740000000000,5833,5838,5833,5835,2533,882010,881231
2023-06-29 22:10:00.000000000,1688047800000000000,5835,5836,5831,5831,3400,881231,880507
2023-06-29 22:11:00.000000000,1688047860000000000,5831,5834,5829,5832,4352,880507,880033
2023-06-29 22:12:00.000000000,1688047920000000000,5832,5833,5831,5833,1086,880033,879876
2023-06-29 22:13:00.000000000,1688047980000000000,5833,5835,5831,5832,1974,879876,879938
2023-06-29 22:14:00.000000000,1688048040000000000,5832,5835,5832,5835,1162,879938,879902
2023-06-29 22:15:00.000000000,1688048100000000000,5835,5835,5832,5835,1627,879902,880151
2023-06-29 22:16:00.000000000,1688048160000000000,5835,5837,5833,5834,1603,880151,880102
2023-06-29 22:17:00.000000000,1688048220000000000,5834,5835,5832,5833,913,880102,880098
2023-06-29 22:18:00.000000000,1688048280000000000,5833,5836,5833,5836,1333,880098,879977
2023-06-29 22:19:00.000000000,1688048340000000000,5836,5836,5834,5835,890,879977,880216
2023-06-29 22:20:00.000000000,1688048400000000000,5835,5837,5835,5836,1123,880216,880145
2023-06-29 22:21:00.000000000,1688048460000000000,5836,5840,5836,5839,3102,880145,880069
2023-06-29 22:22:00.000000000,1688048520000000000,5839,5840,5838,5838,1294,880069,880216
2023-06-29 22:23:00.000000000,1688048580000000000,5838,5840,5838,5839,1179,880216,880575
2023-06-29 22:24:00.000000000,1688048640000000000,5839,5845,5839,5843,7367,880575,881534
2023-06-29 22:25:00.000000000,1688048700000000000,5843,5843,5841,5842,1873,881534,881814
2023-06-29 22:26:00.000000000,1688048760000000000,5842,5844,5841,5843,2525,881814,882473
2023-06-29 22:27:00.000000000,1688048820000000000,5843,5843,5841,5843,1569,882473,882774
2023-06-29 22:28:00.000000000,1688048880000000000,5843,5844,5841,5841,1428,882774,883128
2023-06-29 22:29:00.000000000,1688048940000000000,5841,5843,5841,5843,1582,883128,883772
2023-06-29 22:30:00.000000000,1688049000000000000,5843,5844,5839,5839,2340,883772,883510
2023-06-29 22:31:00.000000000,1688049060000000000,5839,5841,5838,5840,1350,883510,883424
2023-06-29 22:32:00.000000000,1688049120000000000,5840,5842,5840,5842,822,883424,883550
2023-06-29 22:33:00.000000000,1688049180000000000,5842,5844,5840,5841,1356,883550,883643
2023-06-29 22:34:00.000000000,1688049240000000000,5841,5843,5840,5841,1130,883643,883521
2023-06-29 22:35:00.000000000,1688049300000000000,5841,5841,5838,5840,1511,883521,883336
2023-06-29 22:36:00.000000000,1688049360000000000,5840,5841,5839,5839,342,883336,883245
2023-06-29 22:37:00.000000000,1688049420000000000,5839,5841,5838,5841,1316,883245,883257
2023-06-29 22:38:00.000000000,1688049480000000000,5841,5841,5838,5839,872,883257,883176
2023-06-29 22:39:00.000000000,1688049540000000000,5839,5840,5838,5838,861,883176,883007
2023-06-29 22:40:00.000000000,1688049600000000000,5838,5840,5838,5839,391,883007,882938
2023-06-29 22:41:00.000000000,1688049660000000000,5839,5840,5837,5839,1189,882938,882922
2023-06-29 22:42:00.000000000,1688049720000000000,5839,5840,5839,5840,726,882922,882841
2023-06-29 22:43:00.000000000,1688049780000000000,5840,5841,5839,5839,615,882841,882805
2023-06-29 22:44:00.000000000,1688049840000000000,5839,5841,5837,5839,1226,882805,882463
2023-06-29 22:45:00.000000000,1688049900000000000,5839,5841,5838,5839,753,882463,882443
2023-06-29 22:46:00.000000000,1688049960000000000,5839,5839,5835,5836,2255,882443,882195
2023-06-29 22:47:00.000000000,1688050020000000000,5836,5838,5836,5837,1263,882195,882148
2023-06-29 22:48:00.000000000,1688050080000000000,5837,5838,5836,5837,871,882148,881978
2023-06-29 22:49:00.000000000,1688050140000000000,5837,5838,5835,5836,2566,881978,881093
2023-06-29 22:50:00.000000000,1688050200000000000,5836,5838,5835,5838,1794,881093,880599
2023-06-29 22:51:00.000000000,1688050260000000000,5838,5839,5835,5838,1679,880599,880298
2023-06-29 22:52:00.000000000,1688050320000000000,5838,5839,5837,5839,476,880298,880158
2023-06-29 22:53:00.000000000,1688050380000000000,5839,5842,5838,5841,1801,880158,879861
2023-06-29 22:54:00.000000000,1688050440000000000,5841,5843,5840,5842,1225,879861,880186
2023-06-29 22:55:00.000000000,1688050500000000000,5842,5843,5839,5840,1802,880186,879814
2023-06-29 22:56:00.000000000,1688050560000000000,5840,5841,5839,5840,711,879814,879674
2023-06-29 22:57:00.000000000,1688050620000000000,5840,5840,5838,5838,1126,879674,879037
2023-06-29 22:58:00.000000000,1688050680000000000,5838,5840,5838,5839,1261,879037,878586
2023-06-29 22:59:00.000000000,1688050740000000000,5839,5841,5839,5840,2561,878586,877370
2023-06-30 09:00:00.000000000,1688086800000000000,5835,5839,5834,5836,5126,877370,877722
2023-06-30 09:01:00.000000000,1688086860000000000,5836,5840,5835,5838,3607,877722,878528
2023-06-30 09:02:00.000000000,1688086920000000000,5838,5841,5838,5839,2871,878528,878450
2023-06-30 09:03:00.000000000,1688086980000000000,5839,5841,5838,5840,2315,878450,878489
2023-06-30 09:04:00.000000000,1688087040000000000,5840,5845,5840,5844,3306,878489,878344
2023-06-30 09:05:00.000000000,1688087100000000000,5844,5849,5841,5843,5774,878344,879050
2023-06-30 09:06:00.000000000,1688087160000000000,5843,5844,5839,5839,3549,879050,879304
2023-06-30 09:07:00.000000000,1688087220000000000,5839,5843,5839,5840,2349,879304,879271
2023-06-30 09:08:00.000000000,1688087280000000000,5840,5842,5838,5838,2433,879271,879546
2023-06-30 09:09:00.000000000,1688087340000000000,5838,5841,5838,5839,1601,879546,879608
2023-06-30 09:10:00.000000000,1688087400000000000,5839,5840,5836,5839,2798,879608,880095
2023-06-30 09:11:00.000000000,1688087460000000000,5839,5841,5837,5838,2244,880095,879988
2023-06-30 09:12:00.000000000,1688087520000000000,5838,5841,5837,5841,1533,879988,880243
2023-06-30 09:13:00.000000000,1688087580000000000,5841,5843,5840,5840,1656,880243,880157
2023-06-30 09:14:00.000000000,1688087640000000000,5840,5841,5838,5838,1788,880157,880572
2023-06-30 09:15:00.000000000,1688087700000000000,5838,5839,5836,5836,2261,880572,880424
2023-06-30 09:16:00.000000000,1688087760000000000,5836,5836,5831,5836,5720,880424,878564
2023-06-30 09:17:00.000000000,1688087820000000000,5836,5838,5835,5837,2365,878564,878201
2023-06-30 09:18:00.000000000,1688087880000000000,5837,5837,5832,5834,2132,878201,877930
2023-06-30 09:19:00.000000000,1688087940000000000,5834,5836,5833,5836,866,877930,877854
2023-06-30 09:20:00.000000000,1688088000000000000,5836,5836,5831,5833,2587,877854,877882
2023-06-30 09:21:00.000000000,1688088060000000000,5833,5834,5828,5829,5266,877882,876657
2023-06-30 09:22:00.000000000,1688088120000000000,5829,5831,5827,5828,4086,876657,876358
2023-06-30 09:23:00.000000000,1688088180000000000,5828,5832,5828,5831,2643,876358,876231
2023-06-30 09:24:00.000000000,1688088240000000000,5831,5834,5830,5832,2120,876231,876482
2023-06-30 09:25:00.000000000,1688088300000000000,5832,5836,5831,5836,2116,876482,876229
2023-06-30 09:26:00.000000000,1688088360000000000,5836,5836,5833,5835,1298,876229,876213
2023-06-30 09:27:00.000000000,1688088420000000000,5835,5835,5832,5833,938,876213,876215
2023-06-30 09:28:00.000000000,1688088480000000000,5833,5837,5832,5837,1455,876215,876078
2023-06-30 09:29:00.000000000,1688088540000000000,5837,5837,5833,5833,1293,876078,875954
2023-06-30 09:30:00.000000000,1688088600000000000,5833,5835,5832,5832,1971,875954,875926
2023-06-30 09:31:00.000000000,1688088660000000000,5832,5834,5830,5832,1577,875926,876019
2023-06-30 09:32:00.000000000,1688088720000000000,5832,5833,5828,5830,2210,876019,876205
2023-06-30 09:33:00.000000000,1688088780000000000,5830,5833,5829,5832,1284,876205,876270
2023-06-30 09:34:00.000000000,1688088840000000000,5832,5833,5829,5830,2109,876270,876664
2023-06-30 09:35:00.000000000,1688088900000000000,5830,5832,5829,5832,718,876664,876517
2023-06-30 09:36:00.000000000,1688088960000000000,5832,5835,5832,5834,1716,876517,876367
2023-06-30 09:37:00.000000000,1688089020000000000,5834,5836,5832,5834,1617,876367,876314
2023-06-30 09:38:00.000000000,1688089080000000000,5834,5839,5833,5838,1626,876314,876179
2023-06-30 09:39:00.000000000,1688089140000000000,5838,5839,5836,5838,1675,876179,876361
2023-06-30 09:40:00.000000000,1688089200000000000,5838,5839,5837,5837,2656,876361,877080
2023-06-30 09:41:00.000000000,1688089260000000000,5837,5838,5835,5836,1429,877080,877760
2023-06-30 09:42:00.000000000,1688089320000000000,5836,5838,5834,5835,1621,877760,878192
2023-06-30 09:43:00.000000000,1688089380000000000,5835,5837,5834,5836,923,878192,878486
2023-06-30 09:44:00.000000000,1688089440000000000,5836,5836,5833,5833,910,878486,878324
2023-06-30 09:45:00.000000000,1688089500000000000,5833,5837,5833,5835,1340,878324,878538
2023-06-30 09:46:00.000000000,1688089560000000000,5835,5835,5832,5833,1251,878538,878347
2023-06-30 09:47:00.000000000,1688089620000000000,5833,5835,5832,5834,563,878347,878434
2023-06-30 09:48:00.000000000,1688089680000000000,5834,5835,5833,5833,983,878434,878352
2023-06-30 09:49:00.000000000,1688089740000000000,5833,5834,5832,5834,980,878352,878245
2023-06-30 09:50:00.000000000,1688089800000000000,5834,5838,5834,5837,1535,878245,878446
2023-06-30 09:51:00.000000000,1688089860000000000,5837,5839,5836,5839,1097,878446,878445
2023-06-30 09:52:00.000000000,1688089920000000000,5839,5841,5839,5840,2302,878445,878838
2023-06-30 09:53:00.000000000,1688089980000000000,5840,5844,5840,5843,2755,878838,879038
2023-06-30 09:54:00.000000000,1688090040000000000,5843,5843,5840,5842,1529,879038,879060
2023-06-30 09:55:00.000000000,1688090100000000000,5842,5843,5841,5842,1190,879060,879171
2023-06-30 09:56:00.000000000,1688090160000000000,5842,5843,5840,5842,1453,879171,879515
2023-06-30 09:57:00.000000000,1688090220000000000,5842,5843,5840,5842,855,879515,879470
2023-06-30 09:58:00.000000000,1688090280000000000,5842,5843,5841,5843,506,879470,879414
2023-06-30 09:59:00.000000000,1688090340000000000,5843,5845,5841,5845,1584,879414,879726
2023-06-30 10:00:00.000000000,1688090400000000000,5845,5846,5839,5841,4306,879726,879255
2023-06-30 10:01:00.000000000,1688090460000000000,5841,5844,5841,5844,1140,879255,879205
2023-06-30 10:02:00.000000000,1688090520000000000,5844,5845,5842,5844,2153,879205,879287
2023-06-30 10:03:00.000000000,1688090580000000000,5844,5846,5844,5845,2325,879287,879068
2023-06-30 10:04:00.000000000,1688090640000000000,5845,5851,5845,5848,6948,879068,879548
2023-06-30 10:05:00.000000000,1688090700000000000,5848,5852,5848,5851,3731,879548,880628
2023-06-30 10:06:00.000000000,1688090760000000000,5851,5851,5848,5849,2781,880628,880670
2023-06-30 10:07:00.000000000,1688090820000000000,5849,5850,5845,5846,3013,880670,880332
2023-06-30 10:08:00.000000000,1688090880000000000,5846,5848,5844,5845,1657,880332,880625
2023-06-30 10:09:00.000000000,1688090940000000000,5845,5849,5845,5848,1088,880625,880640
2023-06-30 10:10:00.000000000,1688091000000000000,5848,5848,5843,5843,2279,880640,880690
2023-06-30 10:11:00.000000000,1688091060000000000,5843,5846,5842,5846,1051,880690,880524
2023-06-30 10:12:00.000000000,1688091120000000000,5846,5848,5846,5847,849,880524,880528
2023-06-30 10:13:00.000000000,1688091180000000000,5847,5848,5846,5848,751,880528,880480
2023-06-30 10:14:00.000000000,1688091240000000000,5848,5851,5848,5851,2205,880480,880464
2023-06-30 10:30:00.000000000,1688092200000000000,5851,5864,5850,5858,13532,880464,881038
2023-06-30 10:31:00.000000000,1688092260000000000,5858,5861,5855,5860,3981,881038,881508
2023-06-30 10:32:00.000000000,1688092320000000000,5860,5861,5857,5858,2158,881508,881802
2023-06-30 10:33:00.000000000,1688092380000000000,5858,5859,5854,5856,3131,881802,882568
2023-06-30 10:34:00.000000000,1688092440000000000,5856,5857,5851,5852,2669,882568,882858
2023-06-30 10:35:00.000000000,1688092500000000000,5852,5853,5848,5850,2950,882858,882651
2023-06-30 10:36:00.000000000,1688092560000000000,5850,5853,5850,5852,1726,882651,882566
2023-06-30 10:37:00.000000000,1688092620000000000,5852,5855,5851,5852,2053,882566,882395
2023-06-30 10:38:00.000000000,1688092680000000000,5852,5854,5851,5854,1225,882395,882179
2023-06-30 10:39:00.000000000,1688092740000000000,5854,5856,5852,5855,1279,882179,882005
2023-06-30 10:40:00.000000000,1688092800000000000,5855,5856,5853,5855,1492,882005,881611
2023-06-30 10:41:00.000000000,1688092860000000000,5855,5857,5853,5855,862,881611,881368
2023-06-30 10:42:00.000000000,1688092920000000000,5855,5858,5854,5856,1722,881368,881293
2023-06-30 10:43:00.000000000,1688092980000000000,5856,5857,5852,5854,2410,881293,881074
2023-06-30 10:44:00.000000000,1688093040000000000,5854,5854,5851,5852,1472,881074,881288
2023-06-30 10:45:00.000000000,1688093100000000000,5852,5852,5848,5848,1897,881288,881181
2023-06-30 10:46:00.000000000,1688093160000000000,5848,5850,5846,5849,1983,881181,880475
2023-06-30 10:47:00.000000000,1688093220000000000,5849,5849,5846,5849,1526,880475,880745
2023-06-30 10:48:00.000000000,1688093280000000000,5849,5851,5847,5849,1747,880745,880650
2023-06-30 10:49:00.000000000,1688093340000000000,5849,5851,5848,5850,673,880650,880654
2023-06-30 10:50:00.000000000,1688093400000000000,5850,5854,5850,5854,1632,880654,880772
2023-06-30 10:51:00.000000000,1688093460000000000,5854,5855,5853,5854,966,880772,880591
2023-06-30 10:52:00.000000000,1688093520000000000,5854,5855,5853,5853,550,880591,880551
2023-06-30 10:53:00.000000000,1688093580000000000,5853,5855,5853,5854,947,880551,880520
2023-06-30 10:54:00.000000000,1688093640000000000,5854,5856,5853,5855,1198,880520,880266
2023-06-30 10:55:00.000000000,1688093700000000000,5855,5858,5853,5857,2151,880266,880236
2023-06-30 10:56:00.000000000,1688093760000000000,5857,5858,5855,5856,998,880236,880208
2023-06-30 10:57:00.000000000,1688093820000000000,5856,5856,5852,5854,1520,880208,880067
2023-06-30 10:58:00.000000000,1688093880000000000,5854,5857,5853,5855,1115,880067,880063
2023-06-30 10:59:00.000000000,1688093940000000000,5855,5857,5855,5856,1106,880063,880336
2023-06-30 11:00:00.000000000,1688094000000000000,5856,5856,5851,5852,1637,880336,880424
2023-06-30 11:01:00.000000000,1688094060000000000,5852,5855,5851,5855,974,880424,880205
2023-06-30 11:02:00.000000000,1688094120000000000,5855,5858,5854,5856,2282,880205,880992
2023-06-30 11:03:00.000000000,1688094180000000000,5856,5857,5855,5857,363,880992,880976
2023-06-30 11:04:00.000000000,1688094240000000000,5857,5860,5856,5859,1574,880976,880981
2023-06-30 11:05:00.000000000,1688094300000000000,5859,5859,5857,5859,892,880981,881131
2023-06-30 11:06:00.000000000,1688094360000000000,5859,5859,5855,5856,1079,881131,881140
2023-06-30 11:07:00.000000000,1688094420000000000,5856,5856,5853,5853,1216,881140,881012
2023-06-30 11:08:00.000000000,1688094480000000000,5853,5855,5853,5854,778,881012,880781
2023-06-30 11:09:00.000000000,1688094540000000000,5854,5855,5852,5853,536,880781,880793
2023-06-30 11:10:00.000000000,1688094600000000000,5853,5854,5852,5853,1150,880793,880815
2023-06-30 11:11:00.000000000,1688094660000000000,5853,5854,5852,5853,945,880815,880470
2023-06-30 11:12:00.000000000,1688094720000000000,5853,5856,5853,5854,1294,880470,880409
2023-06-30 11:13:00.000000000,1688094780000000000,5854,5857,5854,5857,922,880409,880319
2023-06-30 11:14:00.000000000,1688094840000000000,5857,5859,5856,5857,935,880319,880525
2023-06-30 11:15:00.000000000,1688094900000000000,5857,5858,5855,5858,680,880525,880634
2023-06-30 11:16:00.000000000,1688094960000000000,5858,5859,5856,5857,921,880634,880626
2023-06-30 11:17:00.000000000,1688095020000000000,5857,5860,5857,5858,1252,880626,880353
2023-06-30 11:18:00.000000000,1688095080000000000,5858,5859,5856,5856,919,880353,880413
2023-06-30 11:19:00.000000000,1688095140000000000,5856,5856,5853,5853,1854,880413,880294
2023-06-30 11:20:00.000000000,1688095200000000000,5853,5854,5851,5853,1980,880294,880199
2023-06-30 11:21:00.000000000,1688095260000000000,5853,5855,5852,5855,1368,880199,879948
2023-06-30 11:22:00.000000000,1688095320000000000,5855,5857,5854,5855,845,879948,879877
2023-06-30 11:23:00.000000000,1688095380000000000,5855,5857,5855,5856,557,879877,879802
2023-06-30 11:24:00.000000000,1688095440000000000,5856,5857,5855,5857,548,879802,879865
2023-06-30 11:25:00.000000000,1688095500000000000,5857,5858,5856,5857,912,879865,879658
2023-06-30 11:26:00.000000000,1688095560000000000,5857,5858,5856,5858,1028,879658,879519
2023-06-30 11:27:00.000000000,1688095620000000000,5858,5859,5857,5859,805,879519,879516
2023-06-30 11:28:00.000000000,1688095680000000000,5859,5859,5856,5857,1066,879516,879413
2023-06-30 11:29:00.000000000,1688095740000000000,5857,5860,5855,5860,1640,879413,879392
2023-06-30 13:30:00.000000000,1688103000000000000,5857,5866,5857,5863,7501,879392,881523
2023-06-30 13:31:00.000000000,1688103060000000000,5863,5863,5856,5858,4433,881523,881158
2023-06-30 13:32:00.000000000,1688103120000000000,5858,5862,5857,5859,2447,881158,881380
2023-06-30 13:33:00.000000000,1688103180000000000,5859,5860,5857,5857,1517,881380,881587
2023-06-30 13:34:00.000000000,1688103240000000000,5857,5860,5857,5857,848,881587,881529
2023-06-30 13:35:00.000000000,1688103300000000000,5857,5860,5857,5858,1812,881529,881141
2023-06-30 13:36:00.000000000,1688103360000000000,5858,5859,5857,5859,697,881141,881029
2023-06-30 13:37:00.000000000,1688103420000000000,5859,5859,5857,5857,971,881029,880980
2023-06-30 13:38:00.000000000,1688103480000000000,5857,5858,5854,5854,2581,880980,880807
2023-06-30 13:39:00.000000000,1688103540000000000,5854,5857,5854,5855,2218,880807,880826
2023-06-30 13:40:00.000000000,1688103600000000000,5855,5856,5852,5852,1477,880826,880433
2023-06-30 13:41:00.000000000,1688103660000000000,5852,5854,5851,5853,1224,880433,880259
2023-06-30 13:42:00.000000000,1688103720000000000,5853,5854,5852,5853,708,880259,879996
2023-06-30 13:43:00.000000000,1688103780000000000,5853,5856,5851,5851,2674,879996,880498
2023-06-30 13:44:00.000000000,1688103840000000000,5851,5852,5847,5849,4336,880498,880394
2023-06-30 13:45:00.000000000,1688103900000000000,5849,5851,5848,5851,1979,880394,880110
2023-06-30 13:46:00.000000000,1688103960000000000,5851,5851,5848,5848,2010,880110,880224
2023-06-30 13:47:00.000000000,1688104020000000000,5848,5849,5844,5846,3376,880224,879590
2023-06-30 13:48:00.000000000,1688104080000000000,5846,5846,5843,5844,2254,879590,879372
2023-06-30 13:49:00.000000000,1688104140000000000,5844,5844,5841,5843,3302,879372,879562
2023-06-30 13:50:00.000000000,1688104200000000000,5843,5844,5841,5841,2003,879562,879675
2023-06-30 13:51:00.000000000,1688104260000000000,5841,5843,5840,5843,4057,879675,879708
2023-06-30 13:52:00.000000000,1688104320000000000,5843,5851,5842,5849,7753,879708,877596
2023-06-30 13:53:00.000000000,1688104380000000000,5849,5856,5848,5855,5060,877596,877101
2023-06-30 13:54:00.000000000,1688104440000000000,5855,5857,5854,5854,2240,877101,876993
2023-06-30 13:55:00.000000000,1688104500000000000,5854,5855,5853,5854,1859,876993,877197
2023-06-30 13:56:00.000000000,1688104560000000000,5854,5857,5852,5853,2362,877197,877049
2023-06-30 13:57:00.000000000,1688104620000000000,5853,5857,5853,5857,2282,877049,877675
2023-06-30 13:58:00.000000000,1688104680000000000,5857,5859,5856,5858,1491,877675,877966
2023-06-30 13:59:00.000000000,1688104740000000000,5858,5858,5856,5857,1187,877966,878263
2023-06-30 14:00:00.000000000,1688104800000000000,5857,5858,5855,5856,1280,878263,878210
2023-06-30 14:01:00.000000000,1688104860000000000,5856,5857,5853,5854,1633,878210,878089
2023-06-30 14:02:00.000000000,1688104920000000000,5854,5855,5852,5854,1635,878089,878114
2023-06-30 14:03:00.000000000,1688104980000000000,5854,5855,5852,5854,1533,878114,878031
2023-06-30 14:04:00.000000000,1688105040000000000,5854,5857,5854,5856,1032,878031,878232
2023-06-30 14:05:00.000000000,1688105100000000000,5856,5857,5854,5855,938,878232,878123
2023-06-30 14:06:00.000000000,1688105160000000000,5855,5856,5852,5854,1282,878123,878020
2023-06-30 14:07:00.000000000,1688105220000000000,5854,5854,5850,5851,2873,878020,877459
2023-06-30 14:08:00.000000000,1688105280000000000,5851,5851,5846,5848,2590,877459,877390
2023-06-30 14:09:00.000000000,1688105340000000000,5848,5848,5845,5846,2068,877390,877225
2023-06-30 14:10:00.000000000,1688105400000000000,5846,5846,5843,5843,1990,877225,876727
2023-06-30 14:11:00.000000000,1688105460000000000,5843,5847,5843,5846,2309,876727,877094
2023-06-30 14:12:00.000000000,1688105520000000000,5846,5848,5846,5847,1335,877094,877311
2023-06-30 14:13:00.000000000,1688105580000000000,5847,5848,5843,5843,2136,877311,877493
2023-06-30 14:14:00.000000000,1688105640000000000,5843,5847,5843,5846,1738,877493,877918
2023-06-30 14:15:00.000000000,1688105700000000000,5846,5848,5846,5847,1011,877918,877854
2023-06-30 14:16:00.000000000,1688105760000000000,5847,5847,5841,5843,3595,877854,877266
2023-06-30 14:17:00.000000000,1688105820000000000,5843,5843,5836,5838,6656,877266,875655
2023-06-30 14:18:00.000000000,1688105880000000000,5838,5841,5838,5840,3537,875655,875343
2023-06-30 14:19:00.000000000,1688105940000000000,5840,5842,5834,5835,4549,875343,874074
2023-06-30 14:20:00.000000000,1688106000000000000,5835,5841,5835,5839,3795,874074,873608
2023-06-30 14:21:00.000000000,1688106060000000000,5839,5845,5839,5842,2603,873608,873444
2023-06-30 14:22:00.000000000,1688106120000000000,5842,5843,5840,5841,1973,873444,873328
2023-06-30 14:23:00.000000000,1688106180000000000,5841,5842,5839,5839,1706,873328,873254
2023-06-30 14:24:00.000000000,1688106240000000000,5839,5845,5839,5842,1947,873254,873202
2023-06-30 14:25:00.000000000,1688106300000000000,5842,5847,5841,5844,3277,873202,872989
2023-06-30 14:26:00.000000000,1688106360000000000,5844,5846,5842,5842,1322,872989,873003
2023-06-30 14:27:00.000000000,1688106420000000000,5842,5846,5842,5845,1068,873003,873310
2023-06-30 14:28:00.000000000,1688106480000000000,5845,5846,5844,5845,684,873310,873377
2023-06-30 14:29:00.000000000,1688106540000000000,5845,5846,5842,5843,1733,873377,873627
2023-06-30 14:30:00.000000000,1688106600000000000,5843,5843,5838,5842,3232,873627,873805
2023-06-30 14:31:00.000000000,1688106660000000000,5842,5844,5839,5839,1705,873805,873981
2023-06-30 14:32:00.000000000,1688106720000000000,5839,5840,5834,5836,4482,873981,874788
2023-06-30 14:33:00.000000000,1688106780000000000,5836,5837,5835,5837,1488,874788,874725
2023-06-30 14:34:00.000000000,1688106840000000000,5837,5838,5836,5837,1479,874725,874359
2023-06-30 14:35:00.000000000,1688106900000000000,5837,5840,5836,5839,1189,874359,874276
2023-06-30 14:36:00.000000000,1688106960000000000,5839,5840,5837,5838,1216,874276,874150
2023-06-30 14:37:00.000000000,1688107020000000000,5838,5838,5835,5835,1296,874150,873973
2023-06-30 14:38:00.000000000,1688107080000000000,5835,5836,5830,5832,4794,873973,872502
2023-06-30 14:39:00.000000000,1688107140000000000,5832,5835,5832,5835,2259,872502,872396
2023-06-30 14:40:00.000000000,1688107200000000000,5835,5835,5830,5832,1858,872396,872642
2023-06-30 14:41:00.000000000,1688107260000000000,5832,5833,5831,5833,1950,872642,872491
2023-06-30 14:42:00.000000000,1688107320000000000,5833,5834,5830,5832,1722,872491,872427
2023-06-30 14:43:00.000000000,1688107380000000000,5832,5835,5832,5835,1984,872427,872703
2023-06-30 14:44:00.000000000,1688107440000000000,5835,5835,5834,5835,645,872703,872688
2023-06-30 14:45:00.000000000,1688107500000000000,5835,5835,5833,5835,906,872688,872683
2023-06-30 14:46:00.000000000,1688107560000000000,5835,5838,5835,5837,1773,872683,872022
2023-06-30 14:47:00.000000000,1688107620000000000,5837,5838,5834,5835,1252,872022,871963
2023-06-30 14:48:00.000000000,1688107680000000000,5835,5838,5834,5834,1503,871963,871897
2023-06-30 14:49:00.000000000,1688107740000000000,5834,5836,5833,5836,595,871897,871793
2023-06-30 14:50:00.000000000,1688107800000000000,5836,5836,5834,5835,783,871793,871562
2023-06-30 14:51:00.000000000,1688107860000000000,5835,5837,5834,5837,1571,871562,871403
2023-06-30 14:52:00.000000000,1688107920000000000,5837,5840,5836,5839,1901,871403,870789
2023-06-30 14:53:00.000000000,1688107980000000000,5839,5840,5838,5838,1466,870789,870578
2023-06-30 14:54:00.000000000,1688108040000000000,5838,5845,5837,5843,4762,870578,869280
2023-06-30 14:55:00.000000000,1688108100000000000,5843,5847,5843,5847,3263,869280,868277
2023-06-30 14:56:00.000000000,1688108160000000000,5847,5848,5845,5846,2728,868277,867585
2023-06-30 14:57:00.000000000,1688108220000000000,5846,5847,5843,5845,2332,867585,866945
2023-06-30 14:58:00.000000000,1688108280000000000,5845,5845,5843,5843,1375,866945,866675
2023-06-30 14:59:00.000000000,1688108340000000000,5843,5844,5838,5839,3431,866675,865507
