datetime,datetime_nano,KQ.m@DCE.j.open,KQ.m@DCE.j.high,KQ.m@DCE.j.low,KQ.m@DCE.j.close,KQ.m@DCE.j.volume,KQ.m@DCE.j.open_oi,KQ.m@DCE.j.close_oi
2021-06-24 21:00:00.000000000,1624539600000000000,2796.5,2804.0,2790.5,2800.5,5705,191020,189211
2021-06-24 21:01:00.000000000,1624539660000000000,2800.5,2808.0,2800.5,2803.5,3358,189211,187916
2021-06-24 21:02:00.000000000,1624539720000000000,2803.5,2805.5,2801.5,2803.5,1719,187916,187454
2021-06-24 21:03:00.000000000,1624539780000000000,2803.5,2804.0,2798.5,2803.0,1798,187454,186997
2021-06-24 21:04:00.000000000,1624539840000000000,2803.0,2803.5,2800.5,2803.0,1054,186997,186775
2021-06-24 21:05:00.000000000,1624539900000000000,2803.0,2809.0,2802.5,2808.5,2294,186775,186351
2021-06-24 21:06:00.000000000,1624539960000000000,2808.5,2809.0,2806.0,2807.5,1135,186351,186071
2021-06-24 21:07:00.000000000,1624540020000000000,2807.5,2813.5,2806.5,2812.5,2860,186071,185913
2021-06-24 21:08:00.000000000,1624540080000000000,2812.5,2817.5,2812.0,2817.0,3239,185913,185098
2021-06-24 21:09:00.000000000,1624540140000000000,2817.0,2819.5,2814.5,2819.5,2055,185098,184925
2021-06-24 21:10:00.000000000,1624540200000000000,2819.5,2820.5,2815.0,2819.0,2456,184925,184476
2021-06-24 21:11:00.000000000,1624540260000000000,2819.0,2823.5,2817.5,2822.0,2192,184476,184026
2021-06-24 21:12:00.000000000,1624540320000000000,2822.0,2825.0,2821.5,2821.5,2256,184026,183782
2021-06-24 21:13:00.000000000,1624540380000000000,2821.5,2823.0,2817.5,2819.5,1912,183782,183362
2021-06-24 21:14:00.000000000,1624540440000000000,2819.5,2821.5,2816.0,2821.0,1470,183362,183251
2021-06-24 21:15:00.000000000,1624540500000000000,2821.0,2823.0,2817.0,2819.5,1769,183251,183102
2021-06-24 21:16:00.000000000,1624540560000000000,2819.5,2819.5,2815.5,2817.0,1451,183102,183016
2021-06-24 21:17:00.000000000,1624540620000000000,2817.0,2817.5,2813.5,2814.5,1247,183016,182645
2021-06-24 21:18:00.000000000,1624540680000000000,2814.5,2819.0,2814.5,2818.5,869,182645,182482
2021-06-24 21:19:00.000000000,1624540740000000000,2818.5,2818.5,2815.5,2818.5,845,182482,182290
2021-06-24 21:20:00.000000000,1624540800000000000,2818.5,2818.5,2816.5,2817.0,755,182290,182130
2021-06-24 21:21:00.000000000,1624540860000000000,2817.0,2820.5,2815.0,2820.5,1127,182130,181835
2021-06-24 21:22:00.000000000,1624540920000000000,2820.5,2821.0,2818.0,2818.5,976,181835,181727
2021-06-24 21:23:00.000000000,1624540980000000000,2818.5,2820.5,2818.5,2819.5,526,181727,181742
2021-06-24 21:24:00.000000000,1624541040000000000,2819.5,2821.0,2817.5,2817.5,433,181742,181755
2021-06-24 21:25:00.000000000,1624541100000000000,2817.5,2818.0,2812.5,2814.0,1004,181755,181562
2021-06-24 21:26:00.000000000,1624541160000000000,2814.0,2816.0,2813.0,2814.0,924,181562,181512
2021-06-24 21:27:00.000000000,1624541220000000000,2814.0,2814.0,2811.0,2811.5,1064,181512,181230
2021-06-24 21:28:00.000000000,1624541280000000000,2811.5,2811.5,2808.0,2809.0,1461,181230,180796
2021-06-24 21:29:00.000000000,1624541340000000000,2809.0,2810.5,2807.5,2809.5,873,180796,180662
2021-06-24 21:30:00.000000000,1624541400000000000,2809.5,2816.0,2809.0,2814.0,1264,180662,180322
2021-06-24 21:31:00.000000000,1624541460000000000,2814.0,2816.0,2812.0,2815.5,898,180322,180168
2021-06-24 21:32:00.000000000,1624541520000000000,2815.5,2817.0,2814.0,2814.0,865,180168,180071
2021-06-24 21:33:00.000000000,1624541580000000000,2814.0,2819.0,2814.0,2817.5,1014,180071,179974
2021-06-24 21:34:00.000000000,1624541640000000000,2817.5,2819.0,2817.0,2817.5,528,179974,179918
2021-06-24 21:35:00.000000000,1624541700000000000,2817.5,2818.5,2816.5,2818.0,514,179918,179902
2021-06-24 21:36:00.000000000,1624541760000000000,2818.0,2818.5,2816.0,2817.5,530,179902,179880
2021-06-24 21:37:00.000000000,1624541820000000000,2817.5,2819.0,2816.0,2818.0,619,179880,179888
2021-06-24 21:38:00.000000000,1624541880000000000,2818.0,2822.0,2818.0,2820.5,1194,179888,179897
2021-06-24 21:39:00.000000000,1624541940000000000,2820.5,2824.0,2820.5,2822.5,1259,179897,179742
2021-06-24 21:40:00.000000000,1624542000000000000,2822.5,2823.5,2819.5,2822.0,717,179742,179720
2021-06-24 21:41:00.000000000,1624542060000000000,2822.0,2828.0,2822.0,2827.5,2116,179720,179632
2021-06-24 21:42:00.000000000,1624542120000000000,2827.5,2828.0,2824.5,2826.0,889,179632,179727
2021-06-24 21:43:00.000000000,1624542180000000000,2826.0,2827.0,2822.5,2826.5,700,179727,179708
2021-06-24 21:44:00.000000000,1624542240000000000,2826.5,2827.0,2823.0,2825.0,608,179708,179697
2021-06-24 21:45:00.000000000,1624542300000000000,2825.0,2826.5,2825.0,2825.5,701,179697,179736
2021-06-24 21:46:00.000000000,1624542360000000000,2825.5,2829.5,2824.5,2824.5,1331,179736,179708
2021-06-24 21:47:00.000000000,1624542420000000000,2824.5,2829.0,2823.0,2826.5,836,179708,179646
2021-06-24 21:48:00.000000000,1624542480000000000,2826.5,2828.5,2825.5,2825.5,665,179646,179648
2021-06-24 21:49:00.000000000,1624542540000000000,2825.5,2829.5,2825.5,2826.5,618,179648,179543
2021-06-24 21:50:00.000000000,1624542600000000000,2826.5,2827.0,2824.5,2824.5,568,179543,179536
2021-06-24 21:51:00.000000000,1624542660000000000,2824.5,2830.0,2824.5,2827.5,813,179536,179577
2021-06-24 21:52:00.000000000,1624542720000000000,2827.5,2828.5,2824.0,2824.5,653,179577,179483
2021-06-24 21:53:00.000000000,1624542780000000000,2824.5,2824.5,2820.5,2821.5,1473,179483,179439
2021-06-24 21:54:00.000000000,1624542840000000000,2821.5,2823.5,2818.0,2819.5,1273,179439,179321
2021-06-24 21:55:00.000000000,1624542900000000000,2819.5,2823.0,2819.5,2820.5,552,179321,179315
2021-06-24 21:56:00.000000000,1624542960000000000,2820.5,2823.5,2820.5,2823.0,379,179315,179261
2021-06-24 21:57:00.000000000,1624543020000000000,2823.0,2826.0,2822.5,2824.0,431,179261,179301
2021-06-24 21:58:00.000000000,1624543080000000000,2824.0,2824.5,2820.0,2821.0,458,179301,179235
2021-06-24 21:59:00.000000000,1624543140000000000,2821.0,2823.5,2821.0,2822.5,238,179235,179273
2021-06-24 22:00:00.000000000,1624543200000000000,2822.5,2827.0,2822.5,2826.0,638,179273,179337
2021-06-24 22:01:00.000000000,1624543260000000000,2826.0,2828.5,2826.0,2827.0,564,179337,179354
2021-06-24 22:02:00.000000000,1624543320000000000,2827.0,2827.5,2823.0,2824.0,602,179354,179395
2021-06-24 22:03:00.000000000,1624543380000000000,2824.0,2825.5,2821.0,2821.5,426,179395,179435
2021-06-24 22:04:00.000000000,1624543440000000000,2821.5,2822.0,2818.0,2820.5,959,179435,179336
2021-06-24 22:05:00.000000000,1624543500000000000,2820.5,2823.0,2818.0,2818.5,553,179336,179257
2021-06-24 22:06:00.000000000,1624543560000000000,2818.5,2819.5,2816.5,2817.5,993,179257,179047
2021-06-24 22:07:00.000000000,1624543620000000000,2817.5,2820.5,2817.5,2817.5,380,179047,179052
2021-06-24 22:08:00.000000000,1624543680000000000,2817.5,2820.0,2817.0,2819.0,310,179052,179090
2021-06-24 22:09:00.000000000,1624543740000000000,2819.0,2820.0,2817.5,2817.5,329,179090,179018
2021-06-24 22:10:00.000000000,1624543800000000000,2817.5,2822.5,2817.5,2821.0,526,179018,179011
2021-06-24 22:11:00.000000000,1624543860000000000,2821.0,2821.5,2815.0,2815.5,756,179011,178953
2021-06-24 22:12:00.000000000,1624543920000000000,2815.5,2818.5,2815.0,2818.5,538,178953,178920
2021-06-24 22:13:00.000000000,1624543980000000000,2818.5,2820.5,2818.5,2820.0,212,178920,178909
2021-06-24 22:14:00.000000000,1624544040000000000,2820.0,2820.0,2818.5,2819.0,179,178909,178922
2021-06-24 22:15:00.000000000,1624544100000000000,2819.0,2823.5,2818.5,2822.0,681,178922,178881
2021-06-24 22:16:00.000000000,1624544160000000000,2822.0,2824.0,2822.0,2823.5,318,178881,178919
2021-06-24 22:17:00.000000000,1624544220000000000,2823.5,2824.0,2822.5,2822.5,320,178919,178964
2021-06-24 22:18:00.000000000,1624544280000000000,2822.5,2824.0,2820.0,2820.5,322,178964,178970
2021-06-24 22:19:00.000000000,1624544340000000000,2820.5,2821.0,2818.0,2820.5,334,178970,178914
2021-06-24 22:20:00.000000000,1624544400000000000,2820.5,2828.0,2820.5,2826.5,1293,178914,179146
2021-06-24 22:21:00.000000000,1624544460000000000,2826.5,2834.0,2826.5,2832.0,3040,179146,179487
2021-06-24 22:22:00.000000000,1624544520000000000,2832.0,2832.5,2829.0,2829.5,1207,179487,179810
2021-06-24 22:23:00.000000000,1624544580000000000,2829.5,2831.0,2827.0,2829.0,843,179810,179923
2021-06-24 22:24:00.000000000,1624544640000000000,2829.0,2833.0,2829.0,2830.0,937,179923,180064
2021-06-24 22:25:00.000000000,1624544700000000000,2830.0,2832.5,2828.5,2829.0,723,180064,180191
2021-06-24 22:26:00.000000000,1624544760000000000,2829.0,2832.0,2829.0,2831.0,427,180191,180307
2021-06-24 22:27:00.000000000,1624544820000000000,2831.0,2839.0,2831.0,2836.0,3055,180307,180301
2021-06-24 22:28:00.000000000,1624544880000000000,2836.0,2840.5,2835.5,2838.5,2229,180301,180239
2021-06-24 22:29:00.000000000,1624544940000000000,2838.5,2839.5,2834.5,2839.5,981,180239,180336
2021-06-24 22:30:00.000000000,1624545000000000000,2839.5,2846.0,2836.0,2838.5,2151,180336,180283
2021-06-24 22:31:00.000000000,1624545060000000000,2838.5,2839.5,2836.0,2839.0,756,180283,180442
2021-06-24 22:32:00.000000000,1624545120000000000,2839.0,2842.0,2838.5,2840.0,829,180442,180632
2021-06-24 22:33:00.000000000,1624545180000000000,2840.0,2844.0,2840.0,2843.0,1063,180632,180837
2021-06-24 22:34:00.000000000,1624545240000000000,2843.0,2843.0,2838.5,2840.0,698,180837,180950
2021-06-24 22:35:00.000000000,1624545300000000000,2840.0,2842.0,2838.0,2838.5,673,180950,181049
2021-06-24 22:36:00.000000000,1624545360000000000,2838.5,2841.0,2838.0,2838.5,472,181049,181121
2021-06-24 22:37:00.000000000,1624545420000000000,2838.5,2839.5,2835.0,2836.0,800,181121,180985
2021-06-24 22:38:00.000000000,1624545480000000000,2836.0,2838.0,2834.5,2835.0,693,180985,181084
2021-06-24 22:39:00.000000000,1624545540000000000,2835.0,2839.5,2835.0,2838.5,511,181084,181091
2021-06-24 22:40:00.000000000,1624545600000000000,2838.5,2840.0,2837.5,2839.0,378,181091,181174
2021-06-24 22:41:00.000000000,1624545660000000000,2839.0,2839.0,2835.5,2836.5,413,181174,181221
2021-06-24 22:42:00.000000000,1624545720000000000,2836.5,2840.0,2836.5,2838.0,318,181221,181307
2021-06-24 22:43:00.000000000,1624545780000000000,2838.0,2838.5,2835.5,2835.5,389,181307,181315
2021-06-24 22:44:00.000000000,1624545840000000000,2835.5,2838.0,2833.0,2833.0,587,181315,181291
2021-06-24 22:45:00.000000000,1624545900000000000,2833.0,2834.0,2830.5,2830.5,1268,181291,181174
2021-06-24 22:46:00.000000000,1624545960000000000,2830.5,2833.5,2830.0,2831.0,899,181174,181155
2021-06-24 22:47:00.000000000,1624546020000000000,2831.0,2831.0,2826.0,2830.0,1774,181155,180914
2021-06-24 22:48:00.000000000,1624546080000000000,2830.0,2834.0,2830.0,2831.5,620,180914,180879
2021-06-24 22:49:00.000000000,1624546140000000000,2831.5,2834.0,2831.5,2833.5,496,180879,180851
2021-06-24 22:50:00.000000000,1624546200000000000,2833.5,2837.5,2833.0,2835.0,734,180851,180911
2021-06-24 22:51:00.000000000,1624546260000000000,2835.0,2836.0,2833.0,2833.0,666,180911,181014
2021-06-24 22:52:00.000000000,1624546320000000000,2833.0,2836.5,2833.0,2834.5,470,181014,181000
2021-06-24 22:53:00.000000000,1624546380000000000,2834.5,2835.0,2833.0,2833.0,267,181000,181000
2021-06-24 22:54:00.000000000,1624546440000000000,2833.0,2833.5,2830.5,2832.0,620,181000,181161
2021-06-24 22:55:00.000000000,1624546500000000000,2832.0,2835.0,2831.5,2833.0,614,181161,181270
2021-06-24 22:56:00.000000000,1624546560000000000,2833.0,2834.5,2832.5,2834.5,458,181270,181251
2021-06-24 22:57:00.000000000,1624546620000000000,2834.5,2836.0,2833.5,2836.0,634,181251,181416
2021-06-24 22:58:00.000000000,1624546680000000000,2836.0,2836.5,2834.5,2835.0,638,181416,181278
2021-06-24 22:59:00.000000000,1624546740000000000,2835.0,2838.0,2833.5,2838.0,995,181278,180890
2021-06-25 09:00:00.000000000,1624582800000000000,2842.0,2849.5,2841.0,2848.0,3960,180890,180782
2021-06-25 09:01:00.000000000,1624582860000000000,2848.0,2851.0,2843.5,2844.5,2838,180782,180409
2021-06-25 09:02:00.000000000,1624582920000000000,2844.5,2845.0,2839.5,2844.0,1554,180409,179983
2021-06-25 09:03:00.000000000,1624582980000000000,2844.0,2845.5,2839.0,2840.0,1091,179983,179860
2021-06-25 09:04:00.000000000,1624583040000000000,2840.0,2845.0,2839.5,2844.0,709,179860,179896
2021-06-25 09:05:00.000000000,1624583100000000000,2844.0,2846.0,2839.5,2840.5,889,179896,179755
2021-06-25 09:06:00.000000000,1624583160000000000,2840.5,2845.0,2840.0,2843.5,719,179755,179836
2021-06-25 09:07:00.000000000,1624583220000000000,2843.5,2845.0,2841.0,2844.5,549,179836,179844
2021-06-25 09:08:00.000000000,1624583280000000000,2844.5,2847.5,2843.5,2844.5,835,179844,179828
2021-06-25 09:09:00.000000000,1624583340000000000,2844.5,2844.5,2839.0,2841.0,578,179828,179811
2021-06-25 09:10:00.000000000,1624583400000000000,2841.0,2844.5,2840.5,2843.5,474,179811,179806
2021-06-25 09:11:00.000000000,1624583460000000000,2843.5,2844.0,2840.0,2841.5,390,179806,179749
2021-06-25 09:12:00.000000000,1624583520000000000,2841.5,2846.0,2841.0,2844.5,546,179749,179674
2021-06-25 09:13:00.000000000,1624583580000000000,2844.5,2845.0,2843.5,2844.5,342,179674,179624
2021-06-25 09:14:00.000000000,1624583640000000000,2844.5,2848.0,2843.0,2847.0,745,179624,179547
2021-06-25 09:15:00.000000000,1624583700000000000,2847.0,2848.0,2844.0,2847.5,845,179547,179354
2021-06-25 09:16:00.000000000,1624583760000000000,2847.5,2850.0,2847.0,2848.0,1146,179354,179186
2021-06-25 09:17:00.000000000,1624583820000000000,2848.0,2851.0,2846.0,2846.5,1020,179186,179130
2021-06-25 09:18:00.000000000,1624583880000000000,2846.5,2847.5,2844.0,2846.0,676,179130,178995
2021-06-25 09:19:00.000000000,1624583940000000000,2846.0,2847.5,2844.5,2847.5,344,178995,178996
2021-06-25 09:20:00.000000000,1624584000000000000,2847.5,2849.5,2845.0,2845.0,636,178996,178902
2021-06-25 09:21:00.000000000,1624584060000000000,2845.0,2846.5,2844.0,2845.5,514,178902,178844
2021-06-25 09:22:00.000000000,1624584120000000000,2845.5,2846.5,2841.5,2842.0,571,178844,178697
2021-06-25 09:23:00.000000000,1624584180000000000,2842.0,2844.0,2841.0,2842.0,410,178697,178659
2021-06-25 09:24:00.000000000,1624584240000000000,2842.0,2842.0,2839.0,2841.0,1036,178659,178397
2021-06-25 09:25:00.000000000,1624584300000000000,2841.0,2841.5,2836.5,2837.5,850,178397,178082
2021-06-25 09:26:00.000000000,1624584360000000000,2837.5,2840.0,2837.0,2839.0,421,178082,178062
2021-06-25 09:27:00.000000000,1624584420000000000,2839.0,2843.5,2839.0,2842.5,381,178062,178013
2021-06-25 09:28:00.000000000,1624584480000000000,2842.5,2843.5,2841.0,2842.5,351,178013,177925
2021-06-25 09:29:00.000000000,1624584540000000000,2842.5,2843.5,2837.5,2839.0,690,177925,177740
2021-06-25 09:30:00.000000000,1624584600000000000,2839.0,2840.5,2838.5,2838.5,327,177740,177705
2021-06-25 09:31:00.000000000,1624584660000000000,2838.5,2839.0,2835.0,2835.5,1121,177705,177335
2021-06-25 09:32:00.000000000,1624584720000000000,2835.5,2835.5,2831.5,2833.5,1283,177335,176995
2021-06-25 09:33:00.000000000,1624584780000000000,2833.5,2834.5,2828.5,2829.5,1520,176995,176813
2021-06-25 09:34:00.000000000,1624584840000000000,2829.5,2830.5,2826.5,2829.5,1472,176813,176502
2021-06-25 09:35:00.000000000,1624584900000000000,2829.5,2832.5,2828.0,2829.0,1050,176502,176423
2021-06-25 09:36:00.000000000,1624584960000000000,2829.0,2834.5,2828.5,2831.0,875,176423,176232
2021-06-25 09:37:00.000000000,1624585020000000000,2831.0,2831.5,2828.0,2829.0,646,176232,176064
2021-06-25 09:38:00.000000000,1624585080000000000,2829.0,2829.5,2821.5,2822.0,1999,176064,175603
2021-06-25 09:39:00.000000000,1624585140000000000,2822.0,2825.5,2821.5,2824.5,1294,175603,175677
2021-06-25 09:40:00.000000000,1624585200000000000,2824.5,2827.0,2822.0,2826.5,817,175677,175588
2021-06-25 09:41:00.000000000,1624585260000000000,2826.5,2829.5,2826.5,2829.0,576,175588,175496
2021-06-25 09:42:00.000000000,1624585320000000000,2829.0,2831.5,2826.0,2831.5,543,175496,175533
2021-06-25 09:43:00.000000000,1624585380000000000,2831.5,2831.5,2827.0,2827.5,479,175533,175521
2021-06-25 09:44:00.000000000,1624585440000000000,2827.5,2830.5,2827.5,2830.5,331,175521,175440
2021-06-25 09:45:00.000000000,1624585500000000000,2830.5,2830.5,2822.0,2822.5,1216,175440,175263
2021-06-25 09:46:00.000000000,1624585560000000000,2822.5,2826.5,2822.5,2825.5,715,175263,175373
2021-06-25 09:47:00.000000000,1624585620000000000,2825.5,2826.0,2822.0,2824.0,515,175373,175453
2021-06-25 09:48:00.000000000,1624585680000000000,2824.0,2829.0,2823.5,2827.0,623,175453,175330
2021-06-25 09:49:00.000000000,1624585740000000000,2827.0,2829.0,2825.0,2828.5,412,175330,175258
2021-06-25 09:50:00.000000000,1624585800000000000,2828.5,2830.0,2826.0,2830.0,624,175258,175101
2021-06-25 09:51:00.000000000,1624585860000000000,2830.0,2834.0,2830.0,2833.5,977,175101,175008
2021-06-25 09:52:00.000000000,1624585920000000000,2833.5,2835.0,2832.0,2832.5,647,175008,174922
2021-06-25 09:53:00.000000000,1624585980000000000,2832.5,2837.5,2832.5,2835.5,951,174922,174738
2021-06-25 09:54:00.000000000,1624586040000000000,2835.5,2836.0,2831.0,2831.0,591,174738,174737
2021-06-25 09:55:00.000000000,1624586100000000000,2831.0,2834.5,2831.0,2831.5,260,174737,174738
2021-06-25 09:56:00.000000000,1624586160000000000,2831.5,2832.5,2826.5,2828.0,554,174738,174644
2021-06-25 09:57:00.000000000,1624586220000000000,2828.0,2829.5,2827.0,2828.5,304,174644,174649
2021-06-25 09:58:00.000000000,1624586280000000000,2828.5,2831.0,2828.0,2829.5,238,174649,174631
2021-06-25 09:59:00.000000000,1624586340000000000,2829.5,2829.5,2828.0,2828.5,218,174631,174671
2021-06-25 10:00:00.000000000,1624586400000000000,2828.5,2831.5,2828.5,2830.5,380,174671,174623
2021-06-25 10:01:00.000000000,1624586460000000000,2830.5,2831.0,2826.5,2827.0,464,174623,174670
2021-06-25 10:02:00.000000000,1624586520000000000,2827.0,2828.5,2824.0,2826.0,757,174670,174634
2021-06-25 10:03:00.000000000,1624586580000000000,2826.0,2826.0,2822.0,2822.0,854,174634,174592
2021-06-25 10:04:00.000000000,1624586640000000000,2822.0,2824.5,2821.5,2823.0,619,174592,174507
2021-06-25 10:05:00.000000000,1624586700000000000,2823.0,2826.5,2823.0,2825.5,460,174507,174361
2021-06-25 10:06:00.000000000,1624586760000000000,2825.5,2825.5,2822.0,2824.5,448,174361,174429
2021-06-25 10:07:00.000000000,1624586820000000000,2824.5,2826.5,2823.5,2824.0,353,174429,174320
2021-06-25 10:08:00.000000000,1624586880000000000,2824.0,2825.5,2822.5,2824.0,446,174320,174211
2021-06-25 10:09:00.000000000,1624586940000000000,2824.0,2824.5,2819.5,2821.5,1611,174211,173810
2021-06-25 10:10:00.000000000,1624587000000000000,2821.5,2827.5,2821.0,2827.5,603,173810,173747
2021-06-25 10:11:00.000000000,1624587060000000000,2827.5,2827.5,2824.0,2825.5,284,173747,173694
2021-06-25 10:12:00.000000000,1624587120000000000,2825.5,2826.5,2823.5,2824.5,397,173694,173653
2021-06-25 10:13:00.000000000,1624587180000000000,2824.5,2825.5,2823.5,2824.5,367,173653,173597
2021-06-25 10:14:00.000000000,1624587240000000000,2824.5,2826.5,2824.0,2824.5,319,173597,173542
2021-06-25 10:30:00.000000000,1624588200000000000,2826.0,2826.5,2823.0,2824.0,389,173542,173501
2021-06-25 10:31:00.000000000,1624588260000000000,2824.0,2825.0,2821.0,2824.0,419,173501,173485
2021-06-25 10:32:00.000000000,1624588320000000000,2824.0,2824.0,2820.5,2823.0,679,173485,173307
2021-06-25 10:33:00.000000000,1624588380000000000,2823.0,2826.0,2823.0,2824.0,241,173307,173282
2021-06-25 10:34:00.000000000,1624588440000000000,2824.0,2824.0,2816.5,2816.5,1010,173282,173048
2021-06-25 10:35:00.000000000,1624588500000000000,2816.5,2816.5,2810.0,2813.5,2709,173048,172153
2021-06-25 10:36:00.000000000,1624588560000000000,2813.5,2815.0,2810.0,2813.5,1330,172153,171736
2021-06-25 10:37:00.000000000,1624588620000000000,2813.5,2816.0,2811.0,2815.0,1221,171736,171531
2021-06-25 10:38:00.000000000,1624588680000000000,2815.0,2818.0,2814.0,2816.0,945,171531,171568
2021-06-25 10:39:00.000000000,1624588740000000000,2816.0,2816.0,2813.5,2815.0,725,171568,171740
2021-06-25 10:40:00.000000000,1624588800000000000,2815.0,2818.5,2812.0,2818.0,748,171740,171874
2021-06-25 10:41:00.000000000,1624588860000000000,2818.0,2820.5,2816.5,2820.5,891,171874,172026
2021-06-25 10:42:00.000000000,1624588920000000000,2820.5,2822.5,2817.0,2817.5,832,172026,172284
2021-06-25 10:43:00.000000000,1624588980000000000,2817.5,2823.5,2817.5,2821.5,681,172284,172495
2021-06-25 10:44:00.000000000,1624589040000000000,2821.5,2822.5,2820.5,2821.5,406,172495,172720
2021-06-25 10:45:00.000000000,1624589100000000000,2821.5,2826.5,2820.5,2826.5,757,172720,172870
2021-06-25 10:46:00.000000000,1624589160000000000,2826.5,2826.5,2823.0,2825.0,861,172870,173025
2021-06-25 10:47:00.000000000,1624589220000000000,2825.0,2828.5,2824.5,2827.5,862,173025,173101
2021-06-25 10:48:00.000000000,1624589280000000000,2827.5,2830.0,2825.5,2828.0,873,173101,173278
2021-06-25 10:49:00.000000000,1624589340000000000,2828.0,2832.0,2828.0,2830.5,905,173278,173504
2021-06-25 10:50:00.000000000,1624589400000000000,2830.5,2832.0,2828.5,2829.5,737,173504,173692
2021-06-25 10:51:00.000000000,1624589460000000000,2829.5,2830.5,2828.5,2829.5,424,173692,173860
2021-06-25 10:52:00.000000000,1624589520000000000,2829.5,2835.0,2829.0,2831.5,1009,173860,174132
2021-06-25 10:53:00.000000000,1624589580000000000,2831.5,2833.0,2830.0,2831.0,368,174132,174215
2021-06-25 10:54:00.000000000,1624589640000000000,2831.0,2833.5,2831.0,2833.0,550,174215,174423
2021-06-25 10:55:00.000000000,1624589700000000000,2833.0,2835.0,2831.5,2834.0,554,174423,174575
2021-06-25 10:56:00.000000000,1624589760000000000,2834.0,2834.0,2831.5,2832.0,487,174575,174788
2021-06-25 10:57:00.000000000,1624589820000000000,2832.0,2833.0,2830.5,2831.0,372,174788,174862
2021-06-25 10:58:00.000000000,1624589880000000000,2831.0,2832.0,2829.0,2829.5,524,174862,175028
2021-06-25 10:59:00.000000000,1624589940000000000,2829.5,2835.0,2829.0,2834.5,579,175028,175222
2021-06-25 11:00:00.000000000,1624590000000000000,2834.5,2836.0,2833.5,2835.0,1203,175222,175475
2021-06-25 11:01:00.000000000,1624590060000000000,2835.0,2837.0,2834.0,2837.0,524,175475,175548
2021-06-25 11:02:00.000000000,1624590120000000000,2837.0,2838.0,2835.0,2837.0,747,175548,175658
2021-06-25 11:03:00.000000000,1624590180000000000,2837.0,2838.0,2836.0,2838.0,391,175658,175804
2021-06-25 11:04:00.000000000,1624590240000000000,2838.0,2839.0,2836.5,2838.0,597,175804,175891
2021-06-25 11:05:00.000000000,1624590300000000000,2838.0,2839.0,2836.0,2836.5,524,175891,176058
2021-06-25 11:06:00.000000000,1624590360000000000,2836.5,2838.5,2836.0,2837.0,443,176058,176304
2021-06-25 11:07:00.000000000,1624590420000000000,2837.0,2838.5,2837.0,2838.0,316,176304,176438
2021-06-25 11:08:00.000000000,1624590480000000000,2838.0,2840.0,2837.5,2839.5,510,176438,176475
2021-06-25 11:09:00.000000000,1624590540000000000,2839.5,2840.5,2836.5,2838.0,708,176475,176633
2021-06-25 11:10:00.000000000,1624590600000000000,2838.0,2840.0,2837.5,2839.0,353,176633,176751
2021-06-25 11:11:00.000000000,1624590660000000000,2839.0,2844.0,2837.0,2842.5,1418,176751,177215
2021-06-25 11:12:00.000000000,1624590720000000000,2842.5,2846.0,2842.0,2844.5,1981,177215,177888
2021-06-25 11:13:00.000000000,1624590780000000000,2844.5,2846.0,2842.0,2842.0,712,177888,178052
2021-06-25 11:14:00.000000000,1624590840000000000,2842.0,2844.0,2840.0,2840.0,372,178052,178193
2021-06-25 11:15:00.000000000,1624590900000000000,2840.0,2844.5,2839.5,2844.0,531,178193,178375
2021-06-25 11:16:00.000000000,1624590960000000000,2844.0,2846.5,2843.0,2845.0,899,178375,178715
2021-06-25 11:17:00.000000000,1624591020000000000,2845.0,2847.5,2844.5,2845.0,841,178715,179015
2021-06-25 11:18:00.000000000,1624591080000000000,2845.0,2846.5,2841.0,2842.5,628,179015,179299
2021-06-25 11:19:00.000000000,1624591140000000000,2842.5,2845.5,2842.5,2845.0,360,179299,179460
2021-06-25 11:20:00.000000000,1624591200000000000,2845.0,2845.5,2843.0,2843.5,651,179460,179796
2021-06-25 11:21:00.000000000,1624591260000000000,2843.5,2846.0,2843.5,2844.5,462,179796,180040
2021-06-25 11:22:00.000000000,1624591320000000000,2844.5,2846.5,2843.0,2846.0,451,180040,180291
2021-06-25 11:23:00.000000000,1624591380000000000,2846.0,2848.0,2844.5,2845.5,1003,180291,180627
2021-06-25 11:24:00.000000000,1624591440000000000,2845.5,2849.5,2845.5,2847.5,999,180627,180878
2021-06-25 11:25:00.000000000,1624591500000000000,2847.5,2849.5,2846.5,2848.0,545,180878,181162
2021-06-25 11:26:00.000000000,1624591560000000000,2848.0,2849.5,2846.5,2847.0,564,181162,181441
2021-06-25 11:27:00.000000000,1624591620000000000,2847.0,2850.0,2846.5,2849.5,871,181441,181784
2021-06-25 11:28:00.000000000,1624591680000000000,2849.5,2850.0,2845.0,2845.5,728,181784,181878
2021-06-25 11:29:00.000000000,1624591740000000000,2845.5,2846.0,2841.5,2841.5,938,181878,181941
2021-06-25 13:30:00.000000000,1624599000000000000,2842.5,2845.5,2841.0,2845.0,975,181941,182129
2021-06-25 13:31:00.000000000,1624599060000000000,2845.0,2847.5,2845.0,2846.0,555,182129,182305
2021-06-25 13:32:00.000000000,1624599120000000000,2846.0,2846.0,2842.0,2843.0,626,182305,182573
2021-06-25 13:33:00.000000000,1624599180000000000,2843.0,2848.0,2842.5,2845.5,595,182573,182824
2021-06-25 13:34:00.000000000,1624599240000000000,2845.5,2848.0,2845.0,2847.0,780,182824,183259
2021-06-25 13:35:00.000000000,1624599300000000000,2847.0,2849.5,2844.0,2845.0,1412,183259,183641
2021-06-25 13:36:00.000000000,1624599360000000000,2845.0,2847.0,2844.0,2846.5,787,183641,183942
2021-06-25 13:37:00.000000000,1624599420000000000,2846.5,2847.5,2843.0,2844.5,724,183942,184051
2021-06-25 13:38:00.000000000,1624599480000000000,2844.5,2845.0,2843.0,2844.0,349,184051,184069
2021-06-25 13:39:00.000000000,1624599540000000000,2844.0,2844.5,2840.5,2842.5,1201,184069,184086
2021-06-25 13:40:00.000000000,1624599600000000000,2842.5,2844.5,2842.5,2843.5,290,184086,184182
2021-06-25 13:41:00.000000000,1624599660000000000,2843.5,2847.5,2843.5,2846.0,662,184182,184238
2021-06-25 13:42:00.000000000,1624599720000000000,2846.0,2847.0,2843.0,2843.5,309,184238,184381
2021-06-25 13:43:00.000000000,1624599780000000000,2843.5,2845.0,2843.5,2844.0,242,184381,184478
2021-06-25 13:44:00.000000000,1624599840000000000,2844.0,2847.0,2844.0,2846.0,282,184478,184551
2021-06-25 13:45:00.000000000,1624599900000000000,2846.0,2847.5,2844.5,2847.0,417,184551,184741
2021-06-25 13:46:00.000000000,1624599960000000000,2847.0,2850.0,2847.0,2847.5,1098,184741,185118
2021-06-25 13:47:00.000000000,1624600020000000000,2847.5,2849.5,2845.5,2846.5,620,185118,185338
2021-06-25 13:48:00.000000000,1624600080000000000,2846.5,2849.0,2841.0,2842.5,1067,185338,185688
2021-06-25 13:49:00.000000000,1624600140000000000,2842.5,2843.5,2826.5,2828.5,4693,185688,185915
2021-06-25 13:50:00.000000000,1624600200000000000,2828.5,2829.0,2816.5,2819.0,4474,185915,186203
2021-06-25 13:51:00.000000000,1624600260000000000,2819.0,2821.5,2817.5,2819.0,2474,186203,186349
2021-06-25 13:52:00.000000000,1624600320000000000,2819.0,2820.0,2813.0,2817.5,2740,186349,186893
2021-06-25 13:53:00.000000000,1624600380000000000,2817.5,2824.0,2817.5,2821.0,2071,186893,187227
2021-06-25 13:54:00.000000000,1624600440000000000,2821.0,2823.5,2819.0,2822.0,1324,187227,187790
2021-06-25 13:55:00.000000000,1624600500000000000,2822.0,2822.5,2816.5,2817.0,1488,187790,188001
2021-06-25 13:56:00.000000000,1624600560000000000,2817.0,2822.5,2817.0,2820.5,1057,188001,188235
2021-06-25 13:57:00.000000000,1624600620000000000,2820.5,2826.5,2819.5,2825.0,1218,188235,188352
2021-06-25 13:58:00.000000000,1624600680000000000,2825.0,2826.0,2823.0,2824.5,549,188352,188467
2021-06-25 13:59:00.000000000,1624600740000000000,2824.5,2831.0,2824.0,2831.0,1329,188467,188627
2021-06-25 14:00:00.000000000,1624600800000000000,2831.0,2833.5,2830.0,2833.5,1463,188627,188969
2021-06-25 14:01:00.000000000,1624600860000000000,2833.5,2839.0,2833.5,2837.0,1940,188969,189200
2021-06-25 14:02:00.000000000,1624600920000000000,2837.0,2841.0,2835.5,2838.5,1346,189200,189595
2021-06-25 14:03:00.000000000,1624600980000000000,2838.5,2840.0,2836.5,2837.5,878,189595,189849
2021-06-25 14:04:00.000000000,1624601040000000000,2837.5,2839.0,2834.5,2839.0,822,189849,190085
2021-06-25 14:05:00.000000000,1624601100000000000,2839.0,2839.5,2835.5,2837.5,659,190085,190195
2021-06-25 14:06:00.000000000,1624601160000000000,2837.5,2839.0,2835.5,2836.0,556,190195,190329
2021-06-25 14:07:00.000000000,1624601220000000000,2836.0,2836.5,2832.5,2833.5,793,190329,190518
2021-06-25 14:08:00.000000000,1624601280000000000,2833.5,2836.0,2831.0,2833.5,738,190518,190708
2021-06-25 14:09:00.000000000,1624601340000000000,2833.5,2834.5,2831.5,2832.0,526,190708,190815
2021-06-25 14:10:00.000000000,1624601400000000000,2832.0,2835.5,2831.0,2831.0,566,190815,191020
2021-06-25 14:11:00.000000000,1624601460000000000,2831.0,2833.5,2828.0,2833.5,902,191020,191136
2021-06-25 14:12:00.000000000,1624601520000000000,2833.5,2836.5,2826.0,2827.5,1353,191136,191332
2021-06-25 14:13:00.000000000,1624601580000000000,2827.5,2830.0,2826.0,2827.5,842,191332,191593
2021-06-25 14:14:00.000000000,1624601640000000000,2827.5,2828.5,2823.0,2826.0,1386,191593,192032
2021-06-25 14:15:00.000000000,1624601700000000000,2826.0,2829.5,2826.0,2829.0,666,192032,192239
2021-06-25 14:16:00.000000000,1624601760000000000,2829.0,2829.0,2824.5,2827.0,446,192239,192371
2021-06-25 14:17:00.000000000,1624601820000000000,2827.0,2831.5,2826.5,2831.0,551,192371,192384
2021-06-25 14:18:00.000000000,1624601880000000000,2831.0,2833.5,2829.5,2831.0,694,192384,192398
2021-06-25 14:19:00.000000000,1624601940000000000,2831.0,2837.0,2830.0,2833.0,712,192398,192453
2021-06-25 14:20:00.000000000,1624602000000000000,2833.0,2835.0,2832.5,2834.0,324,192453,192569
2021-06-25 14:21:00.000000000,1624602060000000000,2834.0,2834.0,2830.5,2830.5,388,192569,192614
2021-06-25 14:22:00.000000000,1624602120000000000,2830.5,2831.0,2827.5,2829.5,435,192614,192723
2021-06-25 14:23:00.000000000,1624602180000000000,2829.5,2832.5,2829.5,2832.5,209,192723,192809
2021-06-25 14:24:00.000000000,1624602240000000000,2832.5,2835.0,2832.0,2834.0,326,192809,192853
2021-06-25 14:25:00.000000000,1624602300000000000,2834.0,2834.0,2829.0,2831.5,230,192853,192864
2021-06-25 14:26:00.000000000,1624602360000000000,2831.5,2833.0,2829.5,2829.5,233,192864,192974
2021-06-25 14:27:00.000000000,1624602420000000000,2829.5,2831.5,2829.5,2829.5,216,192974,193024
2021-06-25 14:28:00.000000000,1624602480000000000,2829.5,2831.5,2828.0,2828.0,423,193024,193161
2021-06-25 14:29:00.000000000,1624602540000000000,2828.0,2830.5,2827.5,2829.5,494,193161,193264
2021-06-25 14:30:00.000000000,1624602600000000000,2829.5,2833.0,2829.0,2829.5,368,193264,193262
2021-06-25 14:31:00.000000000,1624602660000000000,2829.5,2830.0,2828.0,2829.5,256,193262,193275
2021-06-25 14:32:00.000000000,1624602720000000000,2829.5,2831.5,2829.0,2831.5,258,193275,193329
2021-06-25 14:33:00.000000000,1624602780000000000,2831.5,2834.0,2830.5,2832.0,381,193329,193288
2021-06-25 14:34:00.000000000,1624602840000000000,2832.0,2832.0,2826.5,2828.5,444,193288,193312
2021-06-25 14:35:00.000000000,1624602900000000000,2828.5,2829.5,2827.0,2828.0,314,193312,193358
2021-06-25 14:36:00.000000000,1624602960000000000,2828.0,2828.0,2823.0,2827.0,1047,193358,193448
2021-06-25 14:37:00.000000000,1624603020000000000,2827.0,2829.5,2826.5,2829.0,280,193448,193478
2021-06-25 14:38:00.000000000,1624603080000000000,2829.0,2829.0,2824.0,2824.0,343,193478,193556
2021-06-25 14:39:00.000000000,1624603140000000000,2824.0,2827.5,2824.0,2826.5,267,193556,193656
2021-06-25 14:40:00.000000000,1624603200000000000,2826.5,2826.5,2822.5,2826.5,527,193656,193629
2021-06-25 14:41:00.000000000,1624603260000000000,2826.5,2831.0,2825.0,2829.5,906,193629,193484
2021-06-25 14:42:00.000000000,1624603320000000000,2829.5,2829.5,2825.5,2825.5,339,193484,193606
2021-06-25 14:43:00.000000000,1624603380000000000,2825.5,2827.5,2824.0,2827.0,339,193606,193659
2021-06-25 14:44:00.000000000,1624603440000000000,2827.0,2828.0,2825.5,2826.0,242,193659,193703
2021-06-25 14:45:00.000000000,1624603500000000000,2826.0,2828.0,2826.0,2827.0,307,193703,193768
2021-06-25 14:46:00.000000000,1624603560000000000,2827.0,2833.0,2827.0,2831.5,744,193768,193737
2021-06-25 14:47:00.000000000,1624603620000000000,2831.5,2832.5,2828.0,2829.5,516,193737,193756
2021-06-25 14:48:00.000000000,1624603680000000000,2829.5,2832.5,2829.5,2830.0,414,193756,193768
2021-06-25 14:49:00.000000000,1624603740000000000,2830.0,2830.5,2828.0,2829.5,248,193768,193772
2021-06-25 14:50:00.000000000,1624603800000000000,2829.5,2829.5,2827.0,2827.5,378,193772,193764
2021-06-25 14:51:00.000000000,1624603860000000000,2827.5,2828.0,2825.5,2827.0,697,193764,193610
2021-06-25 14:52:00.000000000,1624603920000000000,2827.0,2827.5,2826.0,2827.0,242,193610,193573
2021-06-25 14:53:00.000000000,1624603980000000000,2827.0,2827.0,2820.0,2821.5,1281,193573,193363
2021-06-25 14:54:00.000000000,1624604040000000000,2821.5,2824.5,2820.0,2822.5,1220,193363,193430
2021-06-25 14:55:00.000000000,1624604100000000000,2822.5,2823.0,2819.5,2823.0,864,193430,193260
2021-06-25 14:56:00.000000000,1624604160000000000,2823.0,2825.0,2821.5,2822.5,572,193260,193200
2021-06-25 14:57:00.000000000,1624604220000000000,2822.5,2823.0,2820.0,2822.0,663,193200,193149
2021-06-25 14:58:00.000000000,1624604280000000000,2822.0,2826.0,2822.0,2825.5,865,193149,192913
2021-06-25 14:59:00.000000000,1624604340000000000,2825.5,2828.0,2825.0,2827.0,1471,192913,192532
2021-06-25 21:00:00.000000000,1624626000000000000,2830.5,2839.5,2830.0,2837.5,3648,192532,191757
2021-06-25 21:01:00.000000000,1624626060000000000,2837.5,2838.0,2833.0,2836.5,1881,191757,191188
2021-06-25 21:02:00.000000000,1624626120000000000,2836.5,2839.0,2834.5,2834.5,1415,191188,190921
2021-06-25 21:03:00.000000000,1624626180000000000,2834.5,2835.0,2830.0,2834.0,1402,190921,190574
2021-06-25 21:04:00.000000000,1624626240000000000,2834.0,2834.0,2828.5,2829.0,1220,190574,190106
2021-06-25 21:05:00.000000000,1624626300000000000,2829.0,2832.0,2829.0,2830.5,1135,190106,189658
2021-06-25 21:06:00.000000000,1624626360000000000,2830.5,2831.0,2821.0,2821.5,1612,189658,189396
2021-06-25 21:07:00.000000000,1624626420000000000,2821.5,2822.5,2817.0,2817.5,2484,189396,188659
2021-06-25 21:08:00.000000000,1624626480000000000,2817.5,2822.5,2817.5,2819.5,1519,188659,188470
2021-06-25 21:09:00.000000000,1624626540000000000,2819.5,2821.0,2819.0,2821.0,840,188470,188396
2021-06-25 21:10:00.000000000,1624626600000000000,2821.0,2822.5,2818.0,2822.0,1409,188396,188117
2021-06-25 21:11:00.000000000,1624626660000000000,2822.0,2822.5,2820.5,2821.0,771,188117,187950
2021-06-25 21:12:00.000000000,1624626720000000000,2821.0,2821.0,2813.0,2819.0,2118,187950,187532
2021-06-25 21:13:00.000000000,1624626780000000000,2819.0,2821.5,2817.5,2821.0,1012,187532,187194
2021-06-25 21:14:00.000000000,1624626840000000000,2821.0,2821.5,2817.0,2817.0,829,187194,186955
2021-06-25 21:15:00.000000000,1624626900000000000,2817.0,2819.5,2815.5,2816.5,991,186955,186876
2021-06-25 21:16:00.000000000,1624626960000000000,2816.5,2816.5,2805.0,2815.0,3639,186876,185446
2021-06-25 21:17:00.000000000,1624627020000000000,2815.0,2817.0,2811.5,2812.0,1192,185446,185079
2021-06-25 21:18:00.000000000,1624627080000000000,2812.0,2813.5,2811.0,2812.0,1019,185079,184721
2021-06-25 21:19:00.000000000,1624627140000000000,2812.0,2814.5,2811.5,2812.5,931,184721,184532
2021-06-25 21:20:00.000000000,1624627200000000000,2812.5,2812.5,2810.0,2811.0,1094,184532,184353
2021-06-25 21:21:00.000000000,1624627260000000000,2811.0,2814.5,2810.5,2813.0,1192,184353,184048
2021-06-25 21:22:00.000000000,1624627320000000000,2813.0,2816.0,2811.0,2815.0,981,184048,183751
2021-06-25 21:23:00.000000000,1624627380000000000,2815.0,2817.0,2813.5,2815.0,1373,183751,183323
2021-06-25 21:24:00.000000000,1624627440000000000,2815.0,2816.5,2814.0,2815.5,481,183323,183241
2021-06-25 21:25:00.000000000,1624627500000000000,2815.5,2815.5,2811.5,2814.0,502,183241,183137
2021-06-25 21:26:00.000000000,1624627560000000000,2814.0,2814.0,2811.5,2811.5,391,183137,183074
2021-06-25 21:27:00.000000000,1624627620000000000,2811.5,2812.0,2805.0,2805.0,1766,183074,182469
2021-06-25 21:28:00.000000000,1624627680000000000,2805.0,2811.0,2805.0,2811.0,1469,182469,182259
2021-06-25 21:29:00.000000000,1624627740000000000,2811.0,2813.5,2810.0,2811.0,920,182259,182017
2021-06-25 21:30:00.000000000,1624627800000000000,2811.0,2814.5,2810.5,2813.5,684,182017,181789
2021-06-25 21:31:00.000000000,1624627860000000000,2813.5,2814.0,2810.0,2814.0,567,181789,181718
2021-06-25 21:32:00.000000000,1624627920000000000,2814.0,2814.5,2811.0,2812.0,608,181718,181814
2021-06-25 21:33:00.000000000,1624627980000000000,2812.0,2812.0,2810.0,2810.5,551,181814,181605
2021-06-25 21:34:00.000000000,1624628040000000000,2810.5,2811.0,2806.5,2807.5,1177,181605,181650
2021-06-25 21:35:00.000000000,1624628100000000000,2807.5,2809.5,2806.5,2807.5,1187,181650,181578
2021-06-25 21:36:00.000000000,1624628160000000000,2807.5,2808.0,2805.0,2807.5,1147,181578,181400
2021-06-25 21:37:00.000000000,1624628220000000000,2807.5,2810.5,2806.0,2809.0,664,181400,181228
2021-06-25 21:38:00.000000000,1624628280000000000,2809.0,2809.5,2803.0,2804.0,1133,181228,181264
2021-06-25 21:39:00.000000000,1624628340000000000,2804.0,2805.5,2802.0,2802.0,1324,181264,181090
2021-06-25 21:40:00.000000000,1624628400000000000,2802.0,2803.0,2796.0,2797.5,3239,181090,180607
2021-06-25 21:41:00.000000000,1624628460000000000,2797.5,2798.5,2795.0,2798.0,1937,180607,179884
2021-06-25 21:42:00.000000000,1624628520000000000,2798.0,2798.0,2792.5,2794.0,1809,179884,179682
2021-06-25 21:43:00.000000000,1624628580000000000,2794.0,2799.0,2794.0,2796.5,1389,179682,179664
2021-06-25 21:44:00.000000000,1624628640000000000,2796.5,2799.5,2794.0,2799.0,1447,179664,179325
2021-06-25 21:45:00.000000000,1624628700000000000,2799.0,2800.5,2797.5,2800.5,995,179325,179158
2021-06-25 21:46:00.000000000,1624628760000000000,2800.5,2805.0,2799.5,2804.5,1374,179158,179030
2021-06-25 21:47:00.000000000,1624628820000000000,2804.5,2806.5,2802.5,2806.5,1085,179030,179041
2021-06-25 21:48:00.000000000,1624628880000000000,2806.5,2809.5,2804.5,2808.5,1386,179041,178807
2021-06-25 21:49:00.000000000,1624628940000000000,2808.5,2812.5,2808.0,2811.5,1905,178807,178854
2021-06-25 21:50:00.000000000,1624629000000000000,2811.5,2812.5,2809.5,2810.5,1243,178854,178981
2021-06-25 21:51:00.000000000,1624629060000000000,2810.5,2817.5,2810.5,2815.0,2554,178981,178892
2021-06-25 21:52:00.000000000,1624629120000000000,2815.0,2815.5,2813.0,2813.0,812,178892,178863
2021-06-25 21:53:00.000000000,1624629180000000000,2813.0,2819.0,2813.0,2817.5,1545,178863,179044
2021-06-25 21:54:00.000000000,1624629240000000000,2817.5,2819.5,2816.0,2818.0,987,179044,179093
2021-06-25 21:55:00.000000000,1624629300000000000,2818.0,2819.0,2816.5,2816.5,632,179093,179218
2021-06-25 21:56:00.000000000,1624629360000000000,2816.5,2819.0,2816.0,2818.0,595,179218,179167
2021-06-25 21:57:00.000000000,1624629420000000000,2818.0,2818.0,2814.5,2816.0,942,179167,179126
2021-06-25 21:58:00.000000000,1624629480000000000,2816.0,2816.0,2812.0,2814.0,756,179126,179142
2021-06-25 21:59:00.000000000,1624629540000000000,2814.0,2815.5,2813.0,2813.5,442,179142,179027
2021-06-25 22:00:00.000000000,1624629600000000000,2813.5,2814.0,2812.0,2812.5,662,179027,178851
2021-06-25 22:01:00.000000000,1624629660000000000,2812.5,2813.0,2811.5,2812.0,431,178851,178792
2021-06-25 22:02:00.000000000,1624629720000000000,2812.0,2815.0,2811.5,2814.0,454,178792,178742
2021-06-25 22:03:00.000000000,1624629780000000000,2814.0,2815.0,2808.5,2809.0,1152,178742,178774
2021-06-25 22:04:00.000000000,1624629840000000000,2809.0,2810.0,2806.5,2808.0,1107,178774,178709
2021-06-25 22:05:00.000000000,1624629900000000000,2808.0,2809.0,2806.5,2808.5,518,178709,178649
2021-06-25 22:06:00.000000000,1624629960000000000,2808.5,2808.5,2805.5,2807.0,701,178649,178596
2021-06-25 22:07:00.000000000,1624630020000000000,2807.0,2808.0,2805.5,2805.5,376,178596,178572
2021-06-25 22:08:00.000000000,1624630080000000000,2805.5,2809.5,2804.0,2808.5,1005,178572,178466
2021-06-25 22:09:00.000000000,1624630140000000000,2808.5,2811.5,2808.0,2811.5,712,178466,178387
2021-06-25 22:10:00.000000000,1624630200000000000,2811.5,2811.5,2809.5,2810.5,432,178387,178359
2021-06-25 22:11:00.000000000,1624630260000000000,2810.5,2812.0,2810.0,2811.0,239,178359,178347
2021-06-25 22:12:00.000000000,1624630320000000000,2811.0,2811.0,2805.5,2805.5,368,178347,178344
2021-06-25 22:13:00.000000000,1624630380000000000,2805.5,2806.5,2803.0,2803.0,682,178344,178310
2021-06-25 22:14:00.000000000,1624630440000000000,2803.0,2804.0,2796.0,2797.0,2351,178310,177863
2021-06-25 22:15:00.000000000,1624630500000000000,2797.0,2800.0,2795.5,2799.0,1423,177863,177620
2021-06-25 22:16:00.000000000,1624630560000000000,2799.0,2800.0,2796.0,2800.0,713,177620,177559
2021-06-25 22:17:00.000000000,1624630620000000000,2800.0,2804.0,2797.5,2803.5,880,177559,177389
2021-06-25 22:18:00.000000000,1624630680000000000,2803.5,2804.0,2799.5,2801.0,794,177389,177376
2021-06-25 22:19:00.000000000,1624630740000000000,2801.0,2806.0,2800.0,2806.0,761,177376,177257
2021-06-25 22:20:00.000000000,1624630800000000000,2806.0,2808.5,2804.0,2807.0,921,177257,177183
2021-06-25 22:21:00.000000000,1624630860000000000,2807.0,2808.0,2804.5,2804.5,497,177183,177284
2021-06-25 22:22:00.000000000,1624630920000000000,2804.5,2805.0,2799.5,2801.5,809,177284,177159
2021-06-25 22:23:00.000000000,1624630980000000000,2801.5,2802.5,2798.5,2802.0,939,177159,177145
2021-06-25 22:24:00.000000000,1624631040000000000,2802.0,2804.0,2802.0,2802.0,326,177145,177102
2021-06-25 22:25:00.000000000,1624631100000000000,2802.0,2804.5,2801.0,2801.0,368,177102,177107
2021-06-25 22:26:00.000000000,1624631160000000000,2801.0,2801.5,2797.0,2797.0,1132,177107,176776
2021-06-25 22:27:00.000000000,1624631220000000000,2797.0,2801.0,2796.5,2800.0,672,176776,176691
2021-06-25 22:28:00.000000000,1624631280000000000,2800.0,2802.0,2799.0,2800.0,380,176691,176680
2021-06-25 22:29:00.000000000,1624631340000000000,2800.0,2801.0,2798.0,2798.5,584,176680,176508
2021-06-25 22:30:00.000000000,1624631400000000000,2798.5,2804.0,2798.5,2803.5,893,176508,176309
2021-06-25 22:31:00.000000000,1624631460000000000,2803.5,2804.0,2801.5,2802.5,387,176309,176228
2021-06-25 22:32:00.000000000,1624631520000000000,2802.5,2809.5,2802.0,2807.0,1113,176228,175939
2021-06-25 22:33:00.000000000,1624631580000000000,2807.0,2808.0,2806.0,2807.0,456,175939,175888
2021-06-25 22:34:00.000000000,1624631640000000000,2807.0,2807.0,2804.0,2804.0,378,175888,175844
2021-06-25 22:35:00.000000000,1624631700000000000,2804.0,2804.0,2800.5,2803.5,616,175844,175760
2021-06-25 22:36:00.000000000,1624631760000000000,2803.5,2805.0,2803.5,2805.0,225,175760,175746
2021-06-25 22:37:00.000000000,1624631820000000000,2805.0,2809.5,2804.5,2805.5,550,175746,175685
2021-06-25 22:38:00.000000000,1624631880000000000,2805.5,2808.5,2805.0,2807.5,639,175685,175682
2021-06-25 22:39:00.000000000,1624631940000000000,2807.5,2808.5,2804.5,2804.5,498,175682,175656
2021-06-25 22:40:00.000000000,1624632000000000000,2804.5,2805.5,2802.5,2804.0,446,175656,175578
2021-06-25 22:41:00.000000000,1624632060000000000,2804.0,2804.5,2801.0,2802.0,939,175578,175153
2021-06-25 22:42:00.000000000,1624632120000000000,2802.0,2803.5,2800.0,2801.0,465,175153,175098
2021-06-25 22:43:00.000000000,1624632180000000000,2801.0,2804.5,2800.5,2801.5,316,175098,175069
2021-06-25 22:44:00.000000000,1624632240000000000,2801.5,2804.0,2800.5,2803.5,300,175069,174996
2021-06-25 22:45:00.000000000,1624632300000000000,2803.5,2806.5,2803.0,2806.0,753,174996,175004
2021-06-25 22:46:00.000000000,1624632360000000000,2806.0,2806.0,2803.5,2804.5,256,175004,174912
2021-06-25 22:47:00.000000000,1624632420000000000,2804.5,2807.0,2804.5,2805.0,293,174912,174852
2021-06-25 22:48:00.000000000,1624632480000000000,2805.0,2806.0,2804.5,2805.0,224,174852,174823
2021-06-25 22:49:00.000000000,1624632540000000000,2805.0,2807.0,2804.5,2806.5,340,174823,174678
2021-06-25 22:50:00.000000000,1624632600000000000,2806.5,2807.0,2804.0,2804.5,497,174678,174439
2021-06-25 22:51:00.000000000,1624632660000000000,2804.5,2807.5,2804.0,2807.5,423,174439,174353
2021-06-25 22:52:00.000000000,1624632720000000000,2807.5,2813.0,2806.5,2812.5,1555,174353,173649
2021-06-25 22:53:00.000000000,1624632780000000000,2812.5,2815.5,2811.5,2813.5,1078,173649,173437
2021-06-25 22:54:00.000000000,1624632840000000000,2813.5,2816.0,2813.0,2815.0,711,173437,173353
2021-06-25 22:55:00.000000000,1624632900000000000,2815.0,2816.5,2814.0,2814.0,892,173353,173097
2021-06-25 22:56:00.000000000,1624632960000000000,2814.0,2818.5,2814.0,2815.0,1235,173097,172659
2021-06-25 22:57:00.000000000,1624633020000000000,2815.0,2817.0,2811.0,2812.0,966,172659,172338
2021-06-25 22:58:00.000000000,1624633080000000000,2812.0,2816.0,2811.5,2814.0,767,172338,172191
2021-06-25 22:59:00.000000000,1624633140000000000,2814.0,2816.0,2812.0,2813.5,929,172191,171758
2021-06-28 09:00:00.000000000,1624842000000000000,2803.0,2803.0,2760.0,2772.0,10122,171758,168935
2021-06-28 09:01:00.000000000,1624842060000000000,2772.0,2772.0,2760.0,2770.5,5428,168935,168247
2021-06-28 09:02:00.000000000,1624842120000000000,2770.5,2770.5,2755.5,2765.5,6072,168247,167784
2021-06-28 09:03:00.000000000,1624842180000000000,2765.5,2767.0,2756.0,2756.0,3705,167784,167000
2021-06-28 09:04:00.000000000,1624842240000000000,2756.0,2756.0,2740.5,2748.0,6051,167000,166488
2021-06-28 09:05:00.000000000,1624842300000000000,2748.0,2748.0,2738.0,2742.0,4936,166488,165776
2021-06-28 09:06:00.000000000,1624842360000000000,2742.0,2750.5,2740.0,2750.0,3216,165776,164795
2021-06-28 09:07:00.000000000,1624842420000000000,2750.0,2752.0,2742.0,2742.5,2265,164795,164542
2021-06-28 09:08:00.000000000,1624842480000000000,2742.5,2746.0,2739.5,2744.0,2742,164542,164188
2021-06-28 09:09:00.000000000,1624842540000000000,2744.0,2744.0,2735.5,2737.0,3787,164188,163605
2021-06-28 09:10:00.000000000,1624842600000000000,2737.0,2739.0,2732.0,2735.5,3543,163605,162894
2021-06-28 09:11:00.000000000,1624842660000000000,2735.5,2736.0,2726.0,2727.5,4009,162894,162124
2021-06-28 09:12:00.000000000,1624842720000000000,2727.5,2730.5,2723.5,2728.0,3465,162124,161876
2021-06-28 09:13:00.000000000,1624842780000000000,2728.0,2728.5,2723.0,2724.5,2373,161876,161625
2021-06-28 09:14:00.000000000,1624842840000000000,2724.5,2725.5,2716.0,2724.0,3940,161625,161224
2021-06-28 09:15:00.000000000,1624842900000000000,2724.0,2730.0,2721.0,2728.5,3465,161224,160167
2021-06-28 09:16:00.000000000,1624842960000000000,2728.5,2728.5,2717.5,2720.0,3066,160167,159532
2021-06-28 09:17:00.000000000,1624843020000000000,2720.0,2721.0,2710.0,2716.5,4221,159532,158725
2021-06-28 09:18:00.000000000,1624843080000000000,2716.5,2717.5,2712.0,2713.5,2303,158725,158136
2021-06-28 09:19:00.000000000,1624843140000000000,2713.5,2719.0,2712.0,2717.5,2521,158136,157718
2021-06-28 09:20:00.000000000,1624843200000000000,2717.5,2718.5,2710.5,2716.5,1964,157718,157616
2021-06-28 09:21:00.000000000,1624843260000000000,2716.5,2729.5,2716.5,2729.5,3572,157616,157458
2021-06-28 09:22:00.000000000,1624843320000000000,2729.5,2729.5,2723.0,2726.5,1783,157458,157814
2021-06-28 09:23:00.000000000,1624843380000000000,2726.5,2732.0,2726.0,2730.5,2252,157814,158135
2021-06-28 09:24:00.000000000,1624843440000000000,2730.5,2730.5,2727.0,2727.0,1249,158135,158195
2021-06-28 09:25:00.000000000,1624843500000000000,2727.0,2727.5,2719.5,2721.5,1692,158195,158547
2021-06-28 09:26:00.000000000,1624843560000000000,2721.5,2729.0,2721.5,2729.0,988,158547,158857
2021-06-28 09:27:00.000000000,1624843620000000000,2729.0,2730.0,2724.5,2726.5,866,158857,159144
2021-06-28 09:28:00.000000000,1624843680000000000,2726.5,2730.0,2724.0,2728.5,831,159144,159339
2021-06-28 09:29:00.000000000,1624843740000000000,2728.5,2729.5,2722.5,2722.5,1056,159339,159675
2021-06-28 09:30:00.000000000,1624843800000000000,2722.5,2727.0,2720.5,2724.5,951,159675,159786
2021-06-28 09:31:00.000000000,1624843860000000000,2724.5,2725.0,2721.0,2721.5,592,159786,159809
2021-06-28 09:32:00.000000000,1624843920000000000,2721.5,2726.0,2721.0,2725.0,579,159809,159893
2021-06-28 09:33:00.000000000,1624843980000000000,2725.0,2726.0,2720.5,2722.5,757,159893,159971
2021-06-28 09:34:00.000000000,1624844040000000000,2722.5,2727.5,2721.0,2723.5,667,159971,160003
2021-06-28 09:35:00.000000000,1624844100000000000,2723.5,2723.5,2720.5,2722.5,591,160003,160105
2021-06-28 09:36:00.000000000,1624844160000000000,2722.5,2724.5,2719.0,2723.5,996,160105,160408
2021-06-28 09:37:00.000000000,1624844220000000000,2723.5,2724.0,2720.0,2720.0,488,160408,160536
2021-06-28 09:38:00.000000000,1624844280000000000,2720.0,2720.5,2714.0,2714.0,1434,160536,160789
2021-06-28 09:39:00.000000000,1624844340000000000,2714.0,2718.0,2713.0,2715.5,1132,160789,161142
2021-06-28 09:40:00.000000000,1624844400000000000,2715.5,2715.5,2712.0,2713.5,1233,161142,161598
2021-06-28 09:41:00.000000000,1624844460000000000,2713.5,2714.0,2705.0,2705.0,3281,161598,161378
2021-06-28 09:42:00.000000000,1624844520000000000,2705.0,2712.5,2704.0,2712.0,1946,161378,161432
2021-06-28 09:43:00.000000000,1624844580000000000,2712.0,2713.0,2708.0,2712.0,817,161432,161670
2021-06-28 09:44:00.000000000,1624844640000000000,2712.0,2717.0,2709.5,2713.0,1208,161670,162080
2021-06-28 09:45:00.000000000,1624844700000000000,2713.0,2713.5,2709.0,2709.0,622,162080,162207
2021-06-28 09:46:00.000000000,1624844760000000000,2709.0,2709.5,2706.0,2709.0,1034,162207,162529
2021-06-28 09:47:00.000000000,1624844820000000000,2709.0,2709.0,2700.5,2706.0,2709,162529,162959
2021-06-28 09:48:00.000000000,1624844880000000000,2706.0,2706.0,2701.5,2704.0,1287,162959,163235
2021-06-28 09:49:00.000000000,1624844940000000000,2704.0,2704.5,2697.0,2699.5,3079,163235,163522
2021-06-28 09:50:00.000000000,1624845000000000000,2699.5,2705.5,2698.5,2701.0,1996,163522,163733
2021-06-28 09:51:00.000000000,1624845060000000000,2701.0,2701.5,2693.5,2697.5,2597,163733,163826
2021-06-28 09:52:00.000000000,1624845120000000000,2697.5,2699.5,2692.0,2699.0,1622,163826,164023
2021-06-28 09:53:00.000000000,1624845180000000000,2699.0,2699.5,2694.5,2699.5,889,164023,164304
2021-06-28 09:54:00.000000000,1624845240000000000,2699.5,2699.5,2694.5,2697.5,762,164304,164490
2021-06-28 09:55:00.000000000,1624845300000000000,2697.5,2700.0,2694.5,2698.0,1253,164490,164779
2021-06-28 09:56:00.000000000,1624845360000000000,2698.0,2701.0,2694.5,2701.0,1059,164779,164781
2021-06-28 09:57:00.000000000,1624845420000000000,2701.0,2708.5,2699.5,2708.5,2376,164781,164787
2021-06-28 09:58:00.000000000,1624845480000000000,2708.5,2713.0,2705.0,2711.5,1688,164787,165037
2021-06-28 09:59:00.000000000,1624845540000000000,2711.5,2712.5,2706.5,2706.5,1092,165037,165348
2021-06-28 10:00:00.000000000,1624845600000000000,2706.5,2707.5,2703.5,2706.0,1203,165348,165629
2021-06-28 10:01:00.000000000,1624845660000000000,2706.0,2706.0,2698.5,2700.5,1174,165629,166076
2021-06-28 10:02:00.000000000,1624845720000000000,2700.5,2700.5,2697.0,2697.5,1032,166076,166356
2021-06-28 10:03:00.000000000,1624845780000000000,2697.5,2698.0,2693.0,2696.0,1383,166356,166826
2021-06-28 10:04:00.000000000,1624845840000000000,2696.0,2701.5,2695.5,2701.5,1021,166826,167131
2021-06-28 10:05:00.000000000,1624845900000000000,2701.5,2701.5,2694.0,2695.0,913,167131,167433
2021-06-28 10:06:00.000000000,1624845960000000000,2695.0,2697.5,2694.0,2694.5,568,167433,167628
2021-06-28 10:07:00.000000000,1624846020000000000,2694.5,2696.5,2691.0,2695.5,1097,167628,167853
2021-06-28 10:08:00.000000000,1624846080000000000,2695.5,2697.0,2692.5,2696.0,750,167853,168053
2021-06-28 10:09:00.000000000,1624846140000000000,2696.0,2696.0,2692.5,2694.5,726,168053,168269
2021-06-28 10:10:00.000000000,1624846200000000000,2694.5,2703.5,2692.5,2703.0,1354,168269,168548
2021-06-28 10:11:00.000000000,1624846260000000000,2703.0,2707.0,2702.0,2706.0,1664,168548,168984
2021-06-28 10:12:00.000000000,1624846320000000000,2706.0,2708.0,2703.5,2704.0,1074,168984,169298
2021-06-28 10:13:00.000000000,1624846380000000000,2704.0,2709.5,2703.5,2708.5,1245,169298,169742
2021-06-28 10:14:00.000000000,1624846440000000000,2708.5,2719.0,2708.5,2715.5,3125,169742,170051
2021-06-28 10:30:00.000000000,1624847400000000000,2716.0,2718.0,2712.0,2715.0,1689,170051,170588
2021-06-28 10:31:00.000000000,1624847460000000000,2715.0,2721.5,2714.5,2719.0,2538,170588,171089
2021-06-28 10:32:00.000000000,1624847520000000000,2719.0,2720.0,2717.0,2717.0,1364,171089,171566
2021-06-28 10:33:00.000000000,1624847580000000000,2717.0,2720.0,2715.5,2717.5,823,171566,171715
2021-06-28 10:34:00.000000000,1624847640000000000,2717.5,2721.0,2716.0,2716.0,1076,171715,171861
2021-06-28 10:35:00.000000000,1624847700000000000,2716.0,2719.5,2716.0,2718.5,782,171861,172105
2021-06-28 10:36:00.000000000,1624847760000000000,2718.5,2723.0,2717.0,2721.0,1526,172105,172403
2021-06-28 10:37:00.000000000,1624847820000000000,2721.0,2727.0,2720.5,2726.0,1843,172403,172650
2021-06-28 10:38:00.000000000,1624847880000000000,2726.0,2726.5,2723.5,2724.5,1203,172650,172902
2021-06-28 10:39:00.000000000,1624847940000000000,2724.5,2725.5,2721.5,2722.0,780,172902,172917
2021-06-28 10:40:00.000000000,1624848000000000000,2722.0,2723.0,2718.0,2718.0,747,172917,172837
2021-06-28 10:41:00.000000000,1624848060000000000,2718.0,2721.5,2718.0,2720.5,709,172837,172923
2021-06-28 10:42:00.000000000,1624848120000000000,2720.5,2725.0,2719.5,2722.0,631,172923,173044
2021-06-28 10:43:00.000000000,1624848180000000000,2722.0,2724.0,2721.0,2723.5,415,173044,173062
2021-06-28 10:44:00.000000000,1624848240000000000,2723.5,2726.5,2723.5,2726.0,851,173062,173328
2021-06-28 10:45:00.000000000,1624848300000000000,2726.0,2733.0,2725.5,2730.5,2646,173328,173719
2021-06-28 10:46:00.000000000,1624848360000000000,2730.5,2734.0,2730.5,2731.0,1534,173719,174183
2021-06-28 10:47:00.000000000,1624848420000000000,2731.0,2733.5,2730.5,2733.5,1039,174183,174285
2021-06-28 10:48:00.000000000,1624848480000000000,2733.5,2734.5,2730.0,2730.0,1042,174285,174417
2021-06-28 10:49:00.000000000,1624848540000000000,2730.0,2733.0,2729.5,2731.5,697,174417,174543
2021-06-28 10:50:00.000000000,1624848600000000000,2731.5,2740.0,2731.0,2739.5,1809,174543,174535
2021-06-28 10:51:00.000000000,1624848660000000000,2739.5,2746.5,2738.5,2746.0,3004,174535,174580
2021-06-28 10:52:00.000000000,1624848720000000000,2746.0,2746.5,2741.0,2741.5,1800,174580,174618
2021-06-28 10:53:00.000000000,1624848780000000000,2741.5,2741.5,2735.0,2736.5,1738,174618,174480
2021-06-28 10:54:00.000000000,1624848840000000000,2736.5,2740.0,2736.5,2739.5,1082,174480,174690
2021-06-28 10:55:00.000000000,1624848900000000000,2739.5,2740.0,2736.0,2737.0,875,174690,174707
2021-06-28 10:56:00.000000000,1624848960000000000,2737.0,2738.0,2731.5,2732.0,1035,174707,174798
2021-06-28 10:57:00.000000000,1624849020000000000,2732.0,2734.0,2730.5,2732.0,919,174798,174830
2021-06-28 10:58:00.000000000,1624849080000000000,2732.0,2732.5,2728.5,2730.0,827,174830,175008
2021-06-28 10:59:00.000000000,1624849140000000000,2730.0,2731.0,2728.0,2731.0,711,175008,175190
2021-06-28 11:00:00.000000000,1624849200000000000,2731.0,2734.5,2730.0,2733.0,747,175190,175254
2021-06-28 11:01:00.000000000,1624849260000000000,2733.0,2735.5,2732.0,2733.0,731,175254,175323
2021-06-28 11:02:00.000000000,1624849320000000000,2733.0,2733.5,2729.0,2729.5,638,175323,175487
2021-06-28 11:03:00.000000000,1624849380000000000,2729.5,2731.0,2726.5,2727.5,946,175487,175631
2021-06-28 11:04:00.000000000,1624849440000000000,2727.5,2730.0,2726.5,2729.5,824,175631,175777
2021-06-28 11:05:00.000000000,1624849500000000000,2729.5,2733.5,2729.0,2731.5,611,175777,175902
2021-06-28 11:06:00.000000000,1624849560000000000,2731.5,2732.5,2731.0,2731.5,248,175902,175942
2021-06-28 11:07:00.000000000,1624849620000000000,2731.5,2733.0,2726.5,2727.5,598,175942,175939
2021-06-28 11:08:00.000000000,1624849680000000000,2727.5,2727.5,2722.5,2724.5,1063,175939,175684
2021-06-28 11:09:00.000000000,1624849740000000000,2724.5,2728.0,2724.0,2727.5,374,175684,175754
2021-06-28 11:10:00.000000000,1624849800000000000,2727.5,2728.5,2724.0,2725.5,400,175754,175801
2021-06-28 11:11:00.000000000,1624849860000000000,2725.5,2726.5,2724.5,2724.5,410,175801,175829
2021-06-28 11:12:00.000000000,1624849920000000000,2724.5,2727.0,2720.0,2720.5,928,175829,175788
2021-06-28 11:13:00.000000000,1624849980000000000,2720.5,2721.0,2718.5,2719.5,887,175788,176050
2021-06-28 11:14:00.000000000,1624850040000000000,2719.5,2720.5,2716.5,2717.5,1139,176050,176350
2021-06-28 11:15:00.000000000,1624850100000000000,2717.5,2721.5,2717.5,2720.5,721,176350,176549
2021-06-28 11:16:00.000000000,1624850160000000000,2720.5,2724.0,2720.0,2721.5,571,176549,176678
2021-06-28 11:17:00.000000000,1624850220000000000,2721.5,2722.5,2719.0,2721.0,358,176678,176758
2021-06-28 11:18:00.000000000,1624850280000000000,2721.0,2724.5,2720.0,2723.0,370,176758,176856
2021-06-28 11:19:00.000000000,1624850340000000000,2723.0,2724.5,2718.5,2718.5,434,176856,176967
2021-06-28 11:20:00.000000000,1624850400000000000,2718.5,2720.0,2717.0,2717.0,441,176967,177004
2021-06-28 11:21:00.000000000,1624850460000000000,2717.0,2720.5,2717.0,2720.5,394,177004,177046
2021-06-28 11:22:00.000000000,1624850520000000000,2720.5,2724.5,2720.5,2723.5,463,177046,177100
2021-06-28 11:23:00.000000000,1624850580000000000,2723.5,2727.5,2723.0,2725.0,422,177100,177092
2021-06-28 11:24:00.000000000,1624850640000000000,2725.0,2727.5,2724.5,2726.5,291,177092,177126
2021-06-28 11:25:00.000000000,1624850700000000000,2726.5,2727.0,2722.5,2722.5,316,177126,177148
2021-06-28 11:26:00.000000000,1624850760000000000,2722.5,2724.0,2719.5,2722.5,521,177148,177198
2021-06-28 11:27:00.000000000,1624850820000000000,2722.5,2722.5,2720.0,2720.5,279,177198,177259
2021-06-28 11:28:00.000000000,1624850880000000000,2720.5,2722.5,2720.0,2721.5,243,177259,177221
2021-06-28 11:29:00.000000000,1624850940000000000,2721.5,2722.5,2720.5,2721.0,336,177221,177136
2021-06-28 13:30:00.000000000,1624858200000000000,2721.0,2726.5,2718.0,2722.5,1051,177136,177157
2021-06-28 13:31:00.000000000,1624858260000000000,2722.5,2728.5,2722.5,2726.5,819,177157,177380
2021-06-28 13:32:00.000000000,1624858320000000000,2726.5,2728.0,2721.0,2721.0,539,177380,177563
2021-06-28 13:33:00.000000000,1624858380000000000,2721.0,2723.0,2719.0,2721.5,448,177563,177676
2021-06-28 13:34:00.000000000,1624858440000000000,2721.5,2721.5,2718.5,2720.0,430,177676,177792
2021-06-28 13:35:00.000000000,1624858500000000000,2720.0,2720.5,2714.5,2715.0,1127,177792,177757
2021-06-28 13:36:00.000000000,1624858560000000000,2715.0,2718.0,2713.0,2715.0,1019,177757,177917
2021-06-28 13:37:00.000000000,1624858620000000000,2715.0,2715.0,2713.0,2713.0,561,177917,177976
2021-06-28 13:38:00.000000000,1624858680000000000,2713.0,2718.0,2712.0,2715.5,577,177976,177970
2021-06-28 13:39:00.000000000,1624858740000000000,2715.5,2716.5,2715.0,2716.5,313,177970,178123
2021-06-28 13:40:00.000000000,1624858800000000000,2716.5,2719.5,2716.5,2719.0,524,178123,178283
2021-06-28 13:41:00.000000000,1624858860000000000,2719.0,2719.0,2717.0,2718.5,375,178283,178489
2021-06-28 13:42:00.000000000,1624858920000000000,2718.5,2719.0,2716.5,2718.0,259,178489,178583
2021-06-28 13:43:00.000000000,1624858980000000000,2718.0,2720.5,2717.0,2720.0,402,178583,178660
2021-06-28 13:44:00.000000000,1624859040000000000,2720.0,2724.5,2719.5,2722.5,519,178660,178731
2021-06-28 13:45:00.000000000,1624859100000000000,2722.5,2722.5,2719.5,2721.0,334,178731,178728
2021-06-28 13:46:00.000000000,1624859160000000000,2721.0,2724.0,2720.5,2724.0,437,178728,178868
2021-06-28 13:47:00.000000000,1624859220000000000,2724.0,2724.5,2717.0,2718.5,554,178868,179024
2021-06-28 13:48:00.000000000,1624859280000000000,2718.5,2718.5,2716.0,2716.5,391,179024,179078
2021-06-28 13:49:00.000000000,1624859340000000000,2716.5,2719.0,2715.5,2716.5,404,179078,179242
2021-06-28 13:50:00.000000000,1624859400000000000,2716.5,2719.5,2716.0,2718.0,187,179242,179290
2021-06-28 13:51:00.000000000,1624859460000000000,2718.0,2718.0,2714.0,2715.0,666,179290,179464
2021-06-28 13:52:00.000000000,1624859520000000000,2715.0,2718.0,2714.5,2717.0,347,179464,179600
2021-06-28 13:53:00.000000000,1624859580000000000,2717.0,2719.5,2716.0,2717.5,302,179600,179640
2021-06-28 13:54:00.000000000,1624859640000000000,2717.5,2720.0,2717.5,2719.0,173,179640,179676
2021-06-28 13:55:00.000000000,1624859700000000000,2719.0,2720.0,2716.5,2717.5,203,179676,179726
2021-06-28 13:56:00.000000000,1624859760000000000,2717.5,2720.0,2717.0,2719.0,199,179726,179781
2021-06-28 13:57:00.000000000,1624859820000000000,2719.0,2719.0,2714.0,2715.0,375,179781,179805
2021-06-28 13:58:00.000000000,1624859880000000000,2715.0,2715.5,2712.0,2715.5,850,179805,180002
2021-06-28 13:59:00.000000000,1624859940000000000,2715.5,2715.5,2709.0,2710.0,1519,180002,180285
2021-06-28 14:00:00.000000000,1624860000000000000,2710.0,2713.5,2709.5,2710.0,717,180285,180404
2021-06-28 14:01:00.000000000,1624860060000000000,2710.0,2711.0,2706.0,2707.0,1284,180404,180741
2021-06-28 14:02:00.000000000,1624860120000000000,2707.0,2707.0,2701.5,2703.5,2310,180741,180670
2021-06-28 14:03:00.000000000,1624860180000000000,2703.5,2706.5,2702.0,2706.0,732,180670,180814
2021-06-28 14:04:00.000000000,1624860240000000000,2706.0,2707.0,2702.5,2705.5,979,180814,180950
2021-06-28 14:05:00.000000000,1624860300000000000,2705.5,2705.5,2703.0,2703.5,624,180950,181084
2021-06-28 14:06:00.000000000,1624860360000000000,2703.5,2708.0,2701.0,2708.0,874,181084,181233
2021-06-28 14:07:00.000000000,1624860420000000000,2708.0,2711.0,2707.0,2708.5,885,181233,181377
2021-06-28 14:08:00.000000000,1624860480000000000,2708.5,2709.0,2706.0,2708.5,312,181377,181475
2021-06-28 14:09:00.000000000,1624860540000000000,2708.5,2708.5,2706.0,2706.5,398,181475,181530
2021-06-28 14:10:00.000000000,1624860600000000000,2706.5,2707.0,2703.5,2705.5,429,181530,181603
2021-06-28 14:11:00.000000000,1624860660000000000,2705.5,2708.0,2705.5,2707.5,424,181603,181606
2021-06-28 14:12:00.000000000,1624860720000000000,2707.5,2713.5,2707.5,2709.0,717,181606,181561
2021-06-28 14:13:00.000000000,1624860780000000000,2709.0,2709.0,2706.5,2708.5,256,181561,181657
2021-06-28 14:14:00.000000000,1624860840000000000,2708.5,2711.5,2708.0,2709.0,529,181657,181813
2021-06-28 14:15:00.000000000,1624860900000000000,2709.0,2709.0,2706.5,2709.0,294,181813,181853
2021-06-28 14:16:00.000000000,1624860960000000000,2709.0,2712.0,2708.0,2710.0,561,181853,182033
2021-06-28 14:17:00.000000000,1624861020000000000,2710.0,2711.0,2709.0,2710.5,749,182033,182121
2021-06-28 14:18:00.000000000,1624861080000000000,2710.5,2714.5,2710.0,2712.0,963,182121,182029
2021-06-28 14:19:00.000000000,1624861140000000000,2712.0,2712.0,2709.5,2710.0,303,182029,182028
2021-06-28 14:20:00.000000000,1624861200000000000,2710.0,2712.5,2708.5,2712.5,270,182028,182080
2021-06-28 14:21:00.000000000,1624861260000000000,2712.5,2713.0,2711.0,2713.0,391,182080,182066
2021-06-28 14:22:00.000000000,1624861320000000000,2713.0,2715.5,2712.5,2714.5,573,182066,182041
2021-06-28 14:23:00.000000000,1624861380000000000,2714.5,2715.0,2712.5,2714.5,651,182041,182141
2021-06-28 14:24:00.000000000,1624861440000000000,2714.5,2714.5,2712.0,2712.5,295,182141,182066
2021-06-28 14:25:00.000000000,1624861500000000000,2712.5,2712.5,2709.0,2709.0,465,182066,181970
2021-06-28 14:26:00.000000000,1624861560000000000,2709.0,2711.5,2709.0,2711.0,395,181970,181909
2021-06-28 14:27:00.000000000,1624861620000000000,2711.0,2719.5,2711.0,2717.5,1016,181909,181639
2021-06-28 14:28:00.000000000,1624861680000000000,2717.5,2719.5,2717.0,2717.0,607,181639,181705
2021-06-28 14:29:00.000000000,1624861740000000000,2717.0,2717.5,2715.0,2716.0,456,181705,181668
2021-06-28 14:30:00.000000000,1624861800000000000,2716.0,2716.0,2714.5,2714.5,285,181668,181680
2021-06-28 14:31:00.000000000,1624861860000000000,2714.5,2715.0,2710.5,2710.5,394,181680,181666
2021-06-28 14:32:00.000000000,1624861920000000000,2710.5,2715.0,2710.5,2714.0,344,181666,181704
2021-06-28 14:33:00.000000000,1624861980000000000,2714.0,2715.0,2713.5,2714.5,291,181704,181772
2021-06-28 14:34:00.000000000,1624862040000000000,2714.5,2716.0,2714.5,2715.0,176,181772,181819
2021-06-28 14:35:00.000000000,1624862100000000000,2715.0,2715.0,2710.0,2712.5,653,181819,181984
2021-06-28 14:36:00.000000000,1624862160000000000,2712.5,2714.5,2711.5,2711.5,305,181984,182084
2021-06-28 14:37:00.000000000,1624862220000000000,2711.5,2712.5,2710.5,2712.5,397,182084,182157
2021-06-28 14:38:00.000000000,1624862280000000000,2712.5,2715.5,2712.0,2713.5,350,182157,182139
2021-06-28 14:39:00.000000000,1624862340000000000,2713.5,2714.0,2711.5,2713.5,161,182139,182206
2021-06-28 14:40:00.000000000,1624862400000000000,2713.5,2714.0,2711.0,2711.5,197,182206,182271
2021-06-28 14:41:00.000000000,1624862460000000000,2711.5,2714.0,2711.0,2711.5,179,182271,182300
2021-06-28 14:42:00.000000000,1624862520000000000,2711.5,2715.0,2711.5,2714.0,273,182300,182300
2021-06-28 14:43:00.000000000,1624862580000000000,2714.0,2717.0,2713.5,2715.5,413,182300,182244
2021-06-28 14:44:00.000000000,1624862640000000000,2715.5,2716.0,2714.0,2716.0,274,182244,182261
2021-06-28 14:45:00.000000000,1624862700000000000,2716.0,2716.0,2713.5,2715.0,190,182261,182287
2021-06-28 14:46:00.000000000,1624862760000000000,2715.0,2718.0,2714.5,2717.5,402,182287,182288
2021-06-28 14:47:00.000000000,1624862820000000000,2717.5,2718.0,2714.5,2715.5,587,182288,182365
2021-06-28 14:48:00.000000000,1624862880000000000,2715.5,2718.5,2714.0,2718.5,501,182365,182364
2021-06-28 14:49:00.000000000,1624862940000000000,2718.5,2725.0,2718.0,2724.5,1980,182364,182232
2021-06-28 14:50:00.000000000,1624863000000000000,2724.5,2724.5,2720.5,2721.5,830,182232,182366
2021-06-28 14:51:00.000000000,1624863060000000000,2721.5,2722.0,2718.5,2720.5,489,182366,182467
2021-06-28 14:52:00.000000000,1624863120000000000,2720.5,2722.0,2715.0,2716.0,796,182467,182495
2021-06-28 14:53:00.000000000,1624863180000000000,2716.0,2716.5,2712.5,2713.5,765,182495,182764
2021-06-28 14:54:00.000000000,1624863240000000000,2713.5,2714.5,2712.0,2712.5,629,182764,182792
2021-06-28 14:55:00.000000000,1624863300000000000,2712.5,2715.0,2712.0,2714.5,492,182792,182711
2021-06-28 14:56:00.000000000,1624863360000000000,2714.5,2716.5,2714.5,2715.5,485,182711,182751
2021-06-28 14:57:00.000000000,1624863420000000000,2715.5,2718.5,2714.5,2717.5,723,182751,182637
2021-06-28 14:58:00.000000000,1624863480000000000,2717.5,2718.0,2716.5,2716.5,665,182637,182410
2021-06-28 14:59:00.000000000,1624863540000000000,2716.5,2717.5,2713.0,2713.5,1412,182410,181966
2021-06-28 21:00:00.000000000,1624885200000000000,2694.0,2709.5,2688.0,2708.0,6905,181966,178559
2021-06-28 21:01:00.000000000,1624885260000000000,2708.0,2714.0,2707.0,2712.5,3520,178559,177164
2021-06-28 21:02:00.000000000,1624885320000000000,2712.5,2717.0,2709.5,2714.5,1777,177164,176539
2021-06-28 21:03:00.000000000,1624885380000000000,2714.5,2719.5,2714.5,2716.0,1886,176539,175717
2021-06-28 21:04:00.000000000,1624885440000000000,2716.0,2719.0,2713.5,2718.0,1510,175717,175211
2021-06-28 21:05:00.000000000,1624885500000000000,2718.0,2722.0,2717.5,2720.0,1860,175211,174751
2021-06-28 21:06:00.000000000,1624885560000000000,2720.0,2720.5,2717.0,2719.5,1200,174751,174404
2021-06-28 21:07:00.000000000,1624885620000000000,2719.5,2725.0,2718.5,2720.5,1400,174404,174047
2021-06-28 21:08:00.000000000,1624885680000000000,2720.5,2721.0,2717.5,2718.0,1042,174047,173876
2021-06-28 21:09:00.000000000,1624885740000000000,2718.0,2718.0,2714.0,2715.0,1546,173876,173323
2021-06-28 21:10:00.000000000,1624885800000000000,2715.0,2716.0,2712.5,2713.5,1281,173323,173070
2021-06-28 21:11:00.000000000,1624885860000000000,2713.5,2717.5,2713.5,2716.0,818,173070,172772
2021-06-28 21:12:00.000000000,1624885920000000000,2716.0,2717.5,2715.0,2716.5,653,172772,172615
2021-06-28 21:13:00.000000000,1624885980000000000,2716.5,2718.5,2716.5,2718.5,501,172615,172458
2021-06-28 21:14:00.000000000,1624886040000000000,2718.5,2720.5,2717.0,2718.0,896,172458,172181
2021-06-28 21:15:00.000000000,1624886100000000000,2718.0,2722.0,2717.5,2720.0,826,172181,172017
2021-06-28 21:16:00.000000000,1624886160000000000,2720.0,2720.5,2716.5,2717.0,347,172017,171927
2021-06-28 21:17:00.000000000,1624886220000000000,2717.0,2719.0,2717.0,2718.5,389,171927,171904
2021-06-28 21:18:00.000000000,1624886280000000000,2718.5,2722.0,2718.0,2722.0,537,171904,171747
2021-06-28 21:19:00.000000000,1624886340000000000,2722.0,2722.0,2719.5,2720.0,523,171747,171719
2021-06-28 21:20:00.000000000,1624886400000000000,2720.0,2721.5,2719.0,2720.0,396,171719,171730
2021-06-28 21:21:00.000000000,1624886460000000000,2720.0,2720.5,2718.0,2718.5,437,171730,171660
2021-06-28 21:22:00.000000000,1624886520000000000,2718.5,2718.5,2715.0,2715.0,613,171660,171515
2021-06-28 21:23:00.000000000,1624886580000000000,2715.0,2716.5,2714.5,2715.0,384,171515,171537
2021-06-28 21:24:00.000000000,1624886640000000000,2715.0,2717.5,2715.0,2717.0,366,171537,171475
2021-06-28 21:25:00.000000000,1624886700000000000,2717.0,2718.0,2715.0,2716.0,340,171475,171390
2021-06-28 21:26:00.000000000,1624886760000000000,2716.0,2716.5,2708.5,2709.0,1340,171390,171109
2021-06-28 21:27:00.000000000,1624886820000000000,2709.0,2711.0,2705.5,2710.0,1608,171109,170667
2021-06-28 21:28:00.000000000,1624886880000000000,2710.0,2712.0,2709.0,2709.5,484,170667,170549
2021-06-28 21:29:00.000000000,1624886940000000000,2709.5,2711.0,2709.0,2709.0,432,170549,170437
2021-06-28 21:30:00.000000000,1624887000000000000,2709.0,2714.5,2709.0,2711.5,687,170437,170269
2021-06-28 21:31:00.000000000,1624887060000000000,2711.5,2712.0,2707.5,2708.5,1102,170269,169823
2021-06-28 21:32:00.000000000,1624887120000000000,2708.5,2710.0,2708.0,2708.0,505,169823,169723
2021-06-28 21:33:00.000000000,1624887180000000000,2708.0,2708.0,2704.0,2704.0,1444,169723,169360
2021-06-28 21:34:00.000000000,1624887240000000000,2704.0,2708.5,2704.0,2706.0,908,169360,169082
2021-06-28 21:35:00.000000000,1624887300000000000,2706.0,2708.5,2705.5,2708.0,588,169082,168800
2021-06-28 21:36:00.000000000,1624887360000000000,2708.0,2709.5,2706.0,2709.5,454,168800,168644
2021-06-28 21:37:00.000000000,1624887420000000000,2709.5,2712.0,2709.5,2711.0,694,168644,168334
2021-06-28 21:38:00.000000000,1624887480000000000,2711.0,2711.5,2708.0,2708.0,482,168334,168202
2021-06-28 21:39:00.000000000,1624887540000000000,2708.0,2709.0,2706.0,2706.5,475,168202,168016
2021-06-28 21:40:00.000000000,1624887600000000000,2706.5,2707.5,2703.0,2704.5,990,168016,167757
2021-06-28 21:41:00.000000000,1624887660000000000,2704.5,2707.0,2703.0,2704.5,602,167757,167606
2021-06-28 21:42:00.000000000,1624887720000000000,2704.5,2707.0,2704.0,2707.0,264,167606,167508
2021-06-28 21:43:00.000000000,1624887780000000000,2707.0,2708.5,2706.5,2708.0,330,167508,167399
2021-06-28 21:44:00.000000000,1624887840000000000,2708.0,2708.0,2703.5,2703.5,496,167399,167225
2021-06-28 21:45:00.000000000,1624887900000000000,2703.5,2708.0,2703.5,2707.0,464,167225,167039
2021-06-28 21:46:00.000000000,1624887960000000000,2707.0,2708.0,2704.5,2706.5,385,167039,166873
2021-06-28 21:47:00.000000000,1624888020000000000,2706.5,2709.5,2706.0,2708.5,709,166873,166617
2021-06-28 21:48:00.000000000,1624888080000000000,2708.5,2709.0,2707.0,2707.5,389,166617,166464
2021-06-28 21:49:00.000000000,1624888140000000000,2707.5,2709.0,2707.0,2708.5,472,166464,166326
2021-06-28 21:50:00.000000000,1624888200000000000,2708.5,2709.0,2705.0,2706.0,411,166326,166313
2021-06-28 21:51:00.000000000,1624888260000000000,2706.0,2708.0,2705.5,2708.0,168,166313,166275
2021-06-28 21:52:00.000000000,1624888320000000000,2708.0,2708.0,2706.5,2707.0,128,166275,166238
2021-06-28 21:53:00.000000000,1624888380000000000,2707.0,2709.0,2706.5,2708.0,390,166238,166092
2021-06-28 21:54:00.000000000,1624888440000000000,2708.0,2708.5,2707.0,2707.0,138,166092,166067
2021-06-28 21:55:00.000000000,1624888500000000000,2707.0,2707.5,2704.5,2705.0,341,166067,166033
2021-06-28 21:56:00.000000000,1624888560000000000,2705.0,2707.0,2704.5,2706.0,136,166033,166017
2021-06-28 21:57:00.000000000,1624888620000000000,2706.0,2707.0,2705.0,2705.5,134,166017,165984
2021-06-28 21:58:00.000000000,1624888680000000000,2705.5,2709.0,2705.5,2707.0,511,165984,165797
2021-06-28 21:59:00.000000000,1624888740000000000,2707.0,2708.0,2706.5,2707.5,97,165797,165778
2021-06-28 22:00:00.000000000,1624888800000000000,2707.5,2707.5,2703.0,2705.5,843,165778,165565
2021-06-28 22:01:00.000000000,1624888860000000000,2705.5,2706.5,2704.0,2705.5,336,165565,165512
2021-06-28 22:02:00.000000000,1624888920000000000,2705.5,2706.0,2704.5,2705.5,182,165512,165451
2021-06-28 22:03:00.000000000,1624888980000000000,2705.5,2707.0,2705.0,2705.5,387,165451,165187
2021-06-28 22:04:00.000000000,1624889040000000000,2705.5,2706.5,2703.5,2704.0,375,165187,165124
2021-06-28 22:05:00.000000000,1624889100000000000,2704.0,2706.0,2704.0,2705.0,234,165124,165101
2021-06-28 22:06:00.000000000,1624889160000000000,2705.0,2705.0,2704.0,2704.0,274,165101,164933
2021-06-28 22:07:00.000000000,1624889220000000000,2704.0,2704.0,2700.5,2701.5,932,164933,164706
2021-06-28 22:08:00.000000000,1624889280000000000,2701.5,2701.5,2697.0,2699.5,1612,164706,164198
2021-06-28 22:09:00.000000000,1624889340000000000,2699.5,2699.5,2696.0,2696.5,906,164198,164164
2021-06-28 22:10:00.000000000,1624889400000000000,2696.5,2697.5,2689.5,2689.5,2396,164164,163557
2021-06-28 22:11:00.000000000,1624889460000000000,2689.5,2689.5,2682.5,2684.0,3086,163557,162752
2021-06-28 22:12:00.000000000,1624889520000000000,2684.0,2684.5,2678.0,2680.0,2975,162752,162304
2021-06-28 22:13:00.000000000,1624889580000000000,2680.0,2683.0,2676.5,2679.0,2470,162304,161982
2021-06-28 22:14:00.000000000,1624889640000000000,2679.0,2681.0,2679.0,2680.5,1698,161982,161676
2021-06-28 22:15:00.000000000,1624889700000000000,2680.5,2680.5,2675.0,2679.0,2732,161676,161111
2021-06-28 22:16:00.000000000,1624889760000000000,2679.0,2681.0,2676.5,2678.0,1275,161111,161059
2021-06-28 22:17:00.000000000,1624889820000000000,2678.0,2682.5,2677.5,2682.5,1245,161059,160984
2021-06-28 22:18:00.000000000,1624889880000000000,2682.5,2687.5,2681.5,2687.0,2384,160984,160367
2021-06-28 22:19:00.000000000,1624889940000000000,2687.0,2688.5,2685.0,2686.5,1437,160367,160322
2021-06-28 22:20:00.000000000,1624890000000000000,2686.5,2687.0,2684.5,2686.5,723,160322,160360
2021-06-28 22:21:00.000000000,1624890060000000000,2686.5,2687.0,2682.0,2682.0,839,160360,160208
2021-06-28 22:22:00.000000000,1624890120000000000,2682.0,2684.0,2682.0,2683.0,647,160208,160177
2021-06-28 22:23:00.000000000,1624890180000000000,2683.0,2685.5,2683.0,2685.0,414,160177,160141
2021-06-28 22:24:00.000000000,1624890240000000000,2685.0,2685.5,2682.5,2683.0,276,160141,160180
2021-06-28 22:25:00.000000000,1624890300000000000,2683.0,2687.0,2683.0,2686.5,540,160180,160193
2021-06-28 22:26:00.000000000,1624890360000000000,2686.5,2689.5,2685.5,2689.0,845,160193,160170
2021-06-28 22:27:00.000000000,1624890420000000000,2689.0,2689.0,2686.5,2686.5,443,160170,160087
2021-06-28 22:28:00.000000000,1624890480000000000,2686.5,2688.0,2686.0,2688.0,264,160087,160116
2021-06-28 22:29:00.000000000,1624890540000000000,2688.0,2688.5,2687.0,2688.0,643,160116,159906
2021-06-28 22:30:00.000000000,1624890600000000000,2688.0,2691.0,2688.0,2690.5,1441,159906,159454
2021-06-28 22:31:00.000000000,1624890660000000000,2690.5,2691.5,2689.0,2689.5,651,159454,159409
2021-06-28 22:32:00.000000000,1624890720000000000,2689.5,2691.0,2686.0,2687.5,678,159409,159272
2021-06-28 22:33:00.000000000,1624890780000000000,2687.5,2687.5,2683.5,2683.5,862,159272,159016
2021-06-28 22:34:00.000000000,1624890840000000000,2683.5,2684.5,2682.5,2684.0,727,159016,158860
2021-06-28 22:35:00.000000000,1624890900000000000,2684.0,2685.0,2683.0,2684.5,485,158860,158835
2021-06-28 22:36:00.000000000,1624890960000000000,2684.5,2686.0,2683.0,2684.0,307,158835,158871
2021-06-28 22:37:00.000000000,1624891020000000000,2684.0,2684.0,2680.0,2681.0,1058,158871,158743
2021-06-28 22:38:00.000000000,1624891080000000000,2681.0,2681.0,2675.5,2678.0,1505,158743,158842
2021-06-28 22:39:00.000000000,1624891140000000000,2678.0,2678.0,2670.5,2675.0,2767,158842,158246
2021-06-28 22:40:00.000000000,1624891200000000000,2675.0,2676.0,2672.0,2674.0,1171,158246,158225
2021-06-28 22:41:00.000000000,1624891260000000000,2674.0,2674.0,2666.0,2672.0,2771,158225,157704
2021-06-28 22:42:00.000000000,1624891320000000000,2672.0,2674.5,2671.5,2671.5,937,157704,157574
2021-06-28 22:43:00.000000000,1624891380000000000,2671.5,2676.5,2671.0,2674.0,1292,157574,157277
2021-06-28 22:44:00.000000000,1624891440000000000,2674.0,2676.5,2674.0,2675.0,1032,157277,157218
2021-06-28 22:45:00.000000000,1624891500000000000,2675.0,2675.0,2672.0,2674.5,743,157218,157095
2021-06-28 22:46:00.000000000,1624891560000000000,2674.5,2674.5,2671.0,2672.5,799,157095,157039
2021-06-28 22:47:00.000000000,1624891620000000000,2672.5,2675.0,2672.0,2672.0,666,157039,157015
2021-06-28 22:48:00.000000000,1624891680000000000,2672.0,2672.5,2667.5,2668.5,1567,157015,156861
2021-06-28 22:49:00.000000000,1624891740000000000,2668.5,2669.0,2667.0,2668.0,1213,156861,156733
2021-06-28 22:50:00.000000000,1624891800000000000,2668.0,2671.5,2667.0,2671.0,998,156733,156656
2021-06-28 22:51:00.000000000,1624891860000000000,2671.0,2671.0,2666.5,2668.0,701,156656,156602
2021-06-28 22:52:00.000000000,1624891920000000000,2668.0,2674.5,2667.5,2674.5,1014,156602,156562
2021-06-28 22:53:00.000000000,1624891980000000000,2674.5,2676.0,2672.5,2675.0,922,156562,156505
2021-06-28 22:54:00.000000000,1624892040000000000,2675.0,2675.0,2673.0,2675.0,394,156505,156459
2021-06-28 22:55:00.000000000,1624892100000000000,2675.0,2676.5,2673.5,2676.0,646,156459,156398
2021-06-28 22:56:00.000000000,1624892160000000000,2676.0,2678.5,2676.0,2678.0,1056,156398,156195
2021-06-28 22:57:00.000000000,1624892220000000000,2678.0,2679.0,2675.5,2675.5,711,156195,156054
2021-06-28 22:58:00.000000000,1624892280000000000,2675.5,2676.5,2674.0,2675.5,694,156054,155666
2021-06-28 22:59:00.000000000,1624892340000000000,2675.5,2680.0,2674.0,2679.0,1526,155666,154712
2021-06-29 09:00:00.000000000,1624928400000000000,2678.0,2692.5,2677.0,2688.5,3878,154712,153365
2021-06-29 09:01:00.000000000,1624928460000000000,2688.5,2688.5,2679.0,2680.0,1579,153365,152970
2021-06-29 09:02:00.000000000,1624928520000000000,2680.0,2680.5,2676.5,2680.5,1118,152970,152673
2021-06-29 09:03:00.000000000,1624928580000000000,2680.5,2684.0,2678.0,2684.0,990,152673,152461
2021-06-29 09:04:00.000000000,1624928640000000000,2684.0,2684.0,2680.0,2680.5,773,152461,152199
2021-06-29 09:05:00.000000000,1624928700000000000,2680.5,2685.5,2680.5,2684.0,1029,152199,151790
2021-06-29 09:06:00.000000000,1624928760000000000,2684.0,2689.0,2684.0,2687.0,1193,151790,151421
2021-06-29 09:07:00.000000000,1624928820000000000,2687.0,2687.0,2684.5,2686.5,571,151421,151219
2021-06-29 09:08:00.000000000,1624928880000000000,2686.5,2686.5,2683.5,2684.5,468,151219,151156
2021-06-29 09:09:00.000000000,1624928940000000000,2684.5,2685.0,2681.0,2681.5,445,151156,151142
2021-06-29 09:10:00.000000000,1624929000000000000,2681.5,2686.0,2681.0,2685.5,832,151142,150751
2021-06-29 09:11:00.000000000,1624929060000000000,2685.5,2689.0,2685.5,2686.0,1008,150751,150599
2021-06-29 09:12:00.000000000,1624929120000000000,2686.0,2688.0,2684.0,2684.5,470,150599,150588
2021-06-29 09:13:00.000000000,1624929180000000000,2684.5,2685.0,2681.0,2682.0,527,150588,150456
2021-06-29 09:14:00.000000000,1624929240000000000,2682.0,2683.5,2680.5,2682.0,652,150456,150179
2021-06-29 09:15:00.000000000,1624929300000000000,2682.0,2682.0,2677.0,2678.5,996,150179,150059
2021-06-29 09:16:00.000000000,1624929360000000000,2678.5,2679.0,2675.0,2678.0,970,150059,150042
2021-06-29 09:17:00.000000000,1624929420000000000,2678.0,2678.0,2675.0,2677.5,936,150042,149819
2021-06-29 09:18:00.000000000,1624929480000000000,2677.5,2677.5,2673.5,2676.0,1070,149819,149482
2021-06-29 09:19:00.000000000,1624929540000000000,2676.0,2681.5,2674.5,2680.5,774,149482,149361
2021-06-29 09:20:00.000000000,1624929600000000000,2680.5,2684.5,2680.5,2684.5,1132,149361,148926
2021-06-29 09:21:00.000000000,1624929660000000000,2684.5,2684.5,2679.0,2680.5,886,148926,148434
2021-06-29 09:22:00.000000000,1624929720000000000,2680.5,2685.5,2679.5,2685.5,904,148434,148181
2021-06-29 09:23:00.000000000,1624929780000000000,2685.5,2688.0,2683.0,2687.0,1155,148181,147829
2021-06-29 09:24:00.000000000,1624929840000000000,2687.0,2691.5,2685.0,2691.0,1484,147829,147340
2021-06-29 09:25:00.000000000,1624929900000000000,2691.0,2691.5,2687.0,2688.0,1031,147340,146957
2021-06-29 09:26:00.000000000,1624929960000000000,2688.0,2688.5,2686.0,2686.5,356,146957,146856
2021-06-29 09:27:00.000000000,1624930020000000000,2686.5,2689.0,2686.0,2688.0,309,146856,146784
2021-06-29 09:28:00.000000000,1624930080000000000,2688.0,2691.0,2687.0,2687.0,926,146784,146574
2021-06-29 09:29:00.000000000,1624930140000000000,2687.0,2690.0,2686.5,2688.5,273,146574,146570
2021-06-29 09:30:00.000000000,1624930200000000000,2688.5,2689.0,2685.0,2685.5,459,146570,146444
2021-06-29 09:31:00.000000000,1624930260000000000,2685.5,2690.0,2685.5,2689.0,445,146444,146435
2021-06-29 09:32:00.000000000,1624930320000000000,2689.0,2689.0,2685.5,2686.0,259,146435,146391
2021-06-29 09:33:00.000000000,1624930380000000000,2686.0,2687.5,2685.0,2685.5,306,146391,146385
2021-06-29 09:34:00.000000000,1624930440000000000,2685.5,2687.0,2685.0,2685.5,152,146385,146393
2021-06-29 09:35:00.000000000,1624930500000000000,2685.5,2686.0,2684.0,2685.0,274,146393,146305
2021-06-29 09:36:00.000000000,1624930560000000000,2685.0,2687.5,2685.0,2687.5,218,146305,146241
2021-06-29 09:37:00.000000000,1624930620000000000,2687.5,2691.0,2686.5,2690.0,438,146241,146187
2021-06-29 09:38:00.000000000,1624930680000000000,2690.0,2690.0,2685.5,2686.0,276,146187,146163
2021-06-29 09:39:00.000000000,1624930740000000000,2686.0,2687.5,2685.5,2687.0,127,146163,146157
2021-06-29 09:40:00.000000000,1624930800000000000,2687.0,2687.0,2683.0,2684.0,536,146157,145964
2021-06-29 09:41:00.000000000,1624930860000000000,2684.0,2686.0,2683.0,2685.0,195,145964,145920
2021-06-29 09:42:00.000000000,1624930920000000000,2685.0,2685.5,2684.0,2684.0,197,145920,145903
2021-06-29 09:43:00.000000000,1624930980000000000,2684.0,2685.0,2682.5,2683.5,347,145903,145822
2021-06-29 09:44:00.000000000,1624931040000000000,2683.5,2687.0,2683.0,2686.5,538,145822,145695
2021-06-29 09:45:00.000000000,1624931100000000000,2686.5,2686.5,2683.5,2683.5,290,145695,145679
2021-06-29 09:46:00.000000000,1624931160000000000,2683.5,2685.5,2683.0,2685.0,311,145679,145610
2021-06-29 09:47:00.000000000,1624931220000000000,2685.0,2687.0,2683.0,2686.0,257,145610,145511
2021-06-29 09:48:00.000000000,1624931280000000000,2686.0,2689.0,2685.5,2688.5,417,145511,145539
2021-06-29 09:49:00.000000000,1624931340000000000,2688.5,2688.5,2686.5,2687.0,217,145539,145529
2021-06-29 09:50:00.000000000,1624931400000000000,2687.0,2687.0,2684.0,2684.5,252,145529,145498
2021-06-29 09:51:00.000000000,1624931460000000000,2684.5,2686.5,2684.0,2685.5,183,145498,145492
2021-06-29 09:52:00.000000000,1624931520000000000,2685.5,2686.5,2684.0,2685.5,117,145492,145488
2021-06-29 09:53:00.000000000,1624931580000000000,2685.5,2686.0,2681.0,2682.0,746,145488,145340
2021-06-29 09:54:00.000000000,1624931640000000000,2682.0,2682.5,2679.0,2681.0,971,145340,145226
2021-06-29 09:55:00.000000000,1624931700000000000,2681.0,2681.5,2677.0,2680.5,592,145226,145122
2021-06-29 09:56:00.000000000,1624931760000000000,2680.5,2684.5,2680.5,2684.5,325,145122,145053
2021-06-29 09:57:00.000000000,1624931820000000000,2684.5,2686.0,2683.5,2685.0,306,145053,144982
2021-06-29 09:58:00.000000000,1624931880000000000,2685.0,2686.0,2684.0,2685.0,178,144982,144944
2021-06-29 09:59:00.000000000,1624931940000000000,2685.0,2685.5,2682.0,2683.0,219,144944,144892
2021-06-29 10:00:00.000000000,1624932000000000000,2683.0,2685.5,2680.5,2684.0,405,144892,144786
2021-06-29 10:01:00.000000000,1624932060000000000,2684.0,2687.0,2684.0,2685.5,402,144786,144652
2021-06-29 10:02:00.000000000,1624932120000000000,2685.5,2687.0,2683.5,2684.0,451,144652,144505
2021-06-29 10:03:00.000000000,1624932180000000000,2684.0,2685.0,2683.0,2684.0,143,144505,144500
2021-06-29 10:04:00.000000000,1624932240000000000,2684.0,2688.0,2683.5,2688.0,571,144500,144333
2021-06-29 10:05:00.000000000,1624932300000000000,2688.0,2689.5,2686.0,2687.5,705,144333,144258
2021-06-29 10:06:00.000000000,1624932360000000000,2687.5,2687.5,2684.0,2685.5,444,144258,144203
2021-06-29 10:07:00.000000000,1624932420000000000,2685.5,2685.5,2681.5,2682.0,476,144203,144069
2021-06-29 10:08:00.000000000,1624932480000000000,2682.0,2684.0,2681.5,2682.5,421,144069,143983
2021-06-29 10:09:00.000000000,1624932540000000000,2682.5,2682.5,2679.0,2681.5,849,143983,143730
2021-06-29 10:10:00.000000000,1624932600000000000,2681.5,2683.5,2680.0,2683.5,246,143730,143722
2021-06-29 10:11:00.000000000,1624932660000000000,2683.5,2684.5,2681.5,2683.0,263,143722,143720
2021-06-29 10:12:00.000000000,1624932720000000000,2683.0,2686.5,2682.0,2686.0,327,143720,143622
2021-06-29 10:13:00.000000000,1624932780000000000,2686.0,2686.5,2684.5,2685.5,179,143622,143600
2021-06-29 10:14:00.000000000,1624932840000000000,2685.5,2685.5,2683.0,2683.5,153,143600,143626
2021-06-29 10:30:00.000000000,1624933800000000000,2684.0,2684.5,2679.5,2683.5,556,143626,143547
2021-06-29 10:31:00.000000000,1624933860000000000,2683.5,2686.0,2683.0,2683.0,231,143547,143497
2021-06-29 10:32:00.000000000,1624933920000000000,2683.0,2685.5,2682.5,2684.0,206,143497,143447
2021-06-29 10:33:00.000000000,1624933980000000000,2684.0,2684.5,2680.5,2682.5,286,143447,143374
2021-06-29 10:34:00.000000000,1624934040000000000,2682.5,2682.5,2680.5,2681.5,168,143374,143353
2021-06-29 10:35:00.000000000,1624934100000000000,2681.5,2682.0,2678.0,2680.0,857,143353,143238
2021-06-29 10:36:00.000000000,1624934160000000000,2680.0,2681.0,2678.0,2680.0,379,143238,143202
2021-06-29 10:37:00.000000000,1624934220000000000,2680.0,2681.0,2677.5,2680.0,411,143202,143187
2021-06-29 10:38:00.000000000,1624934280000000000,2680.0,2681.5,2677.5,2680.0,290,143187,143125
2021-06-29 10:39:00.000000000,1624934340000000000,2680.0,2681.5,2678.5,2679.5,251,143125,143121
2021-06-29 10:40:00.000000000,1624934400000000000,2679.5,2679.5,2678.0,2679.0,260,143121,143138
2021-06-29 10:41:00.000000000,1624934460000000000,2679.0,2680.0,2676.0,2677.5,462,143138,143041
2021-06-29 10:42:00.000000000,1624934520000000000,2677.5,2678.5,2669.5,2670.5,1596,143041,142984
2021-06-29 10:43:00.000000000,1624934580000000000,2670.5,2671.5,2666.0,2669.0,2523,142984,142662
2021-06-29 10:44:00.000000000,1624934640000000000,2669.0,2671.0,2666.5,2668.0,1042,142662,142646
2021-06-29 10:45:00.000000000,1624934700000000000,2668.0,2668.5,2665.0,2667.0,1686,142646,142453
2021-06-29 10:46:00.000000000,1624934760000000000,2667.0,2673.0,2666.0,2672.5,1173,142453,142019
2021-06-29 10:47:00.000000000,1624934820000000000,2672.5,2678.0,2672.0,2675.5,1427,142019,141674
2021-06-29 10:48:00.000000000,1624934880000000000,2675.5,2679.0,2675.5,2677.0,735,141674,141582
2021-06-29 10:49:00.000000000,1624934940000000000,2677.0,2677.5,2674.0,2674.5,704,141582,141354
2021-06-29 10:50:00.000000000,1624935000000000000,2674.5,2677.0,2672.0,2676.0,409,141354,141369
2021-06-29 10:51:00.000000000,1624935060000000000,2676.0,2677.0,2673.5,2675.0,244,141369,141378
2021-06-29 10:52:00.000000000,1624935120000000000,2675.0,2678.0,2675.0,2676.0,215,141378,141361
2021-06-29 10:53:00.000000000,1624935180000000000,2676.0,2676.5,2673.0,2673.5,400,141361,141185
2021-06-29 10:54:00.000000000,1624935240000000000,2673.5,2673.5,2672.0,2673.5,312,141185,141171
2021-06-29 10:55:00.000000000,1624935300000000000,2673.5,2673.5,2667.0,2667.0,973,141171,141086
2021-06-29 10:56:00.000000000,1624935360000000000,2667.0,2667.0,2661.0,2664.0,2250,141086,140848
2021-06-29 10:57:00.000000000,1624935420000000000,2664.0,2668.5,2663.0,2667.5,1011,140848,140628
2021-06-29 10:58:00.000000000,1624935480000000000,2667.5,2667.5,2665.0,2666.5,571,140628,140517
2021-06-29 10:59:00.000000000,1624935540000000000,2666.5,2667.5,2663.0,2663.5,544,140517,140433
2021-06-29 11:00:00.000000000,1624935600000000000,2663.5,2664.0,2658.5,2662.5,2398,140433,140575
2021-06-29 11:01:00.000000000,1624935660000000000,2662.5,2668.5,2661.5,2666.5,999,140575,140733
2021-06-29 11:02:00.000000000,1624935720000000000,2666.5,2671.0,2665.5,2671.0,986,140733,140954
2021-06-29 11:03:00.000000000,1624935780000000000,2671.0,2672.0,2668.5,2671.5,1144,140954,141197
2021-06-29 11:04:00.000000000,1624935840000000000,2671.5,2671.5,2665.5,2665.5,1377,141197,141407
2021-06-29 11:05:00.000000000,1624935900000000000,2665.5,2666.0,2662.5,2664.0,747,141407,141405
2021-06-29 11:06:00.000000000,1624935960000000000,2664.0,2664.5,2662.0,2662.5,558,141405,141488
2021-06-29 11:07:00.000000000,1624936020000000000,2662.5,2663.5,2660.0,2660.5,1080,141488,141804
2021-06-29 11:08:00.000000000,1624936080000000000,2660.5,2662.0,2657.0,2659.0,1362,141804,141871
2021-06-29 11:09:00.000000000,1624936140000000000,2659.0,2660.0,2656.5,2658.5,1720,141871,141793
2021-06-29 11:10:00.000000000,1624936200000000000,2658.5,2659.5,2655.5,2656.0,1097,141793,141955
2021-06-29 11:11:00.000000000,1624936260000000000,2656.0,2656.5,2652.0,2655.0,2143,141955,141968
2021-06-29 11:12:00.000000000,1624936320000000000,2655.0,2656.0,2652.5,2654.5,1497,141968,142195
2021-06-29 11:13:00.000000000,1624936380000000000,2654.5,2654.5,2651.0,2653.5,1090,142195,142281
2021-06-29 11:14:00.000000000,1624936440000000000,2653.5,2654.5,2650.5,2654.5,1033,142281,142431
2021-06-29 11:15:00.000000000,1624936500000000000,2654.5,2655.5,2650.5,2652.0,1656,142431,142728
2021-06-29 11:16:00.000000000,1624936560000000000,2652.0,2653.0,2650.5,2651.5,1223,142728,142901
2021-06-29 11:17:00.000000000,1624936620000000000,2651.5,2654.5,2651.0,2651.5,1076,142901,143219
2021-06-29 11:18:00.000000000,1624936680000000000,2651.5,2652.5,2646.0,2649.0,2640,143219,143679
2021-06-29 11:19:00.000000000,1624936740000000000,2649.0,2649.0,2643.5,2645.0,2088,143679,144085
2021-06-29 11:20:00.000000000,1624936800000000000,2645.0,2645.0,2639.0,2641.0,2513,144085,144783
2021-06-29 11:21:00.000000000,1624936860000000000,2641.0,2643.5,2639.0,2642.0,1571,144783,145236
2021-06-29 11:22:00.000000000,1624936920000000000,2642.0,2642.0,2638.5,2640.0,1460,145236,145732
2021-06-29 11:23:00.000000000,1624936980000000000,2640.0,2640.0,2637.0,2639.0,1664,145732,146056
2021-06-29 11:24:00.000000000,1624937040000000000,2639.0,2640.5,2637.0,2638.5,1087,146056,146310
2021-06-29 11:25:00.000000000,1624937100000000000,2638.5,2639.0,2636.0,2639.0,1531,146310,146583
2021-06-29 11:26:00.000000000,1624937160000000000,2639.0,2640.5,2637.5,2640.5,1235,146583,146668
2021-06-29 11:27:00.000000000,1624937220000000000,2640.5,2646.0,2639.0,2644.5,1747,146668,146628
2021-06-29 11:28:00.000000000,1624937280000000000,2644.5,2647.5,2644.0,2647.0,1015,146628,146554
2021-06-29 11:29:00.000000000,1624937340000000000,2647.0,2647.5,2644.0,2644.0,1402,146554,146254
2021-06-29 13:30:00.000000000,1624944600000000000,2641.0,2646.0,2638.0,2645.0,1945,146254,146467
2021-06-29 13:31:00.000000000,1624944660000000000,2645.0,2653.0,2643.5,2652.0,1856,146467,146585
2021-06-29 13:32:00.000000000,1624944720000000000,2652.0,2653.5,2647.0,2647.0,1435,146585,146869
2021-06-29 13:33:00.000000000,1624944780000000000,2647.0,2652.5,2647.0,2651.0,714,146869,147070
2021-06-29 13:34:00.000000000,1624944840000000000,2651.0,2652.5,2650.0,2650.0,676,147070,147196
2021-06-29 13:35:00.000000000,1624944900000000000,2650.0,2650.0,2643.0,2644.5,912,147196,147440
2021-06-29 13:36:00.000000000,1624944960000000000,2644.5,2646.5,2643.5,2646.5,610,147440,147620
2021-06-29 13:37:00.000000000,1624945020000000000,2646.5,2648.0,2645.5,2645.5,413,147620,147671
2021-06-29 13:38:00.000000000,1624945080000000000,2645.5,2646.0,2642.5,2643.0,622,147671,147843
2021-06-29 13:39:00.000000000,1624945140000000000,2643.0,2647.0,2642.5,2645.0,631,147843,148045
2021-06-29 13:40:00.000000000,1624945200000000000,2645.0,2649.0,2643.5,2647.5,756,148045,148269
2021-06-29 13:41:00.000000000,1624945260000000000,2647.5,2648.0,2645.0,2646.0,484,148269,148482
2021-06-29 13:42:00.000000000,1624945320000000000,2646.0,2651.5,2645.5,2651.5,1205,148482,148762
2021-06-29 13:43:00.000000000,1624945380000000000,2651.5,2653.0,2650.0,2652.0,800,148762,148847
2021-06-29 13:44:00.000000000,1624945440000000000,2652.0,2654.0,2651.5,2652.5,1061,148847,149230
2021-06-29 13:45:00.000000000,1624945500000000000,2652.5,2653.5,2647.5,2648.5,1147,149230,149573
2021-06-29 13:46:00.000000000,1624945560000000000,2648.5,2650.5,2647.5,2648.0,682,149573,149813
2021-06-29 13:47:00.000000000,1624945620000000000,2648.0,2648.0,2643.0,2644.5,1043,149813,150055
2021-06-29 13:48:00.000000000,1624945680000000000,2644.5,2645.0,2643.0,2644.5,438,150055,150195
2021-06-29 13:49:00.000000000,1624945740000000000,2644.5,2646.5,2644.0,2646.5,342,150195,150318
2021-06-29 13:50:00.000000000,1624945800000000000,2646.5,2650.0,2646.0,2649.5,458,150318,150478
2021-06-29 13:51:00.000000000,1624945860000000000,2649.5,2651.0,2647.5,2648.5,442,150478,150592
2021-06-29 13:52:00.000000000,1624945920000000000,2648.5,2650.0,2647.0,2648.0,302,150592,150704
2021-06-29 13:53:00.000000000,1624945980000000000,2648.0,2652.5,2647.5,2651.5,474,150704,150800
2021-06-29 13:54:00.000000000,1624946040000000000,2651.5,2651.5,2649.5,2650.0,318,150800,150896
2021-06-29 13:55:00.000000000,1624946100000000000,2650.0,2650.0,2646.0,2646.0,381,150896,150967
2021-06-29 13:56:00.000000000,1624946160000000000,2646.0,2649.0,2646.0,2648.0,332,150967,151071
2021-06-29 13:57:00.000000000,1624946220000000000,2648.0,2648.0,2643.5,2645.5,567,151071,151230
2021-06-29 13:58:00.000000000,1624946280000000000,2645.5,2646.5,2644.0,2644.5,318,151230,151293
2021-06-29 13:59:00.000000000,1624946340000000000,2644.5,2644.5,2637.5,2639.0,1695,151293,151672
2021-06-29 14:00:00.000000000,1624946400000000000,2639.0,2642.5,2638.0,2642.0,1143,151672,151997
2021-06-29 14:01:00.000000000,1624946460000000000,2642.0,2643.0,2640.0,2640.0,687,151997,152251
2021-06-29 14:02:00.000000000,1624946520000000000,2640.0,2641.5,2636.5,2640.5,1183,152251,152685
2021-06-29 14:03:00.000000000,1624946580000000000,2640.5,2641.0,2637.0,2639.0,685,152685,152949
2021-06-29 14:04:00.000000000,1624946640000000000,2639.0,2639.5,2635.0,2637.0,1363,152949,153192
2021-06-29 14:05:00.000000000,1624946700000000000,2637.0,2642.0,2636.5,2642.0,843,153192,153257
2021-06-29 14:06:00.000000000,1624946760000000000,2642.0,2644.0,2639.0,2639.0,660,153257,153432
2021-06-29 14:07:00.000000000,1624946820000000000,2639.0,2642.5,2638.0,2641.0,497,153432,153621
2021-06-29 14:08:00.000000000,1624946880000000000,2641.0,2645.0,2641.0,2645.0,792,153621,153775
2021-06-29 14:09:00.000000000,1624946940000000000,2645.0,2645.5,2641.5,2641.5,852,153775,153852
2021-06-29 14:10:00.000000000,1624947000000000000,2641.5,2645.0,2640.0,2645.0,578,153852,154033
2021-06-29 14:11:00.000000000,1624947060000000000,2645.0,2646.0,2643.5,2644.5,563,154033,154147
2021-06-29 14:12:00.000000000,1624947120000000000,2644.5,2647.0,2644.0,2645.5,377,154147,154159
2021-06-29 14:13:00.000000000,1624947180000000000,2645.5,2646.0,2643.5,2645.0,265,154159,154219
2021-06-29 14:14:00.000000000,1624947240000000000,2645.0,2645.0,2643.5,2643.5,176,154219,154256
2021-06-29 14:15:00.000000000,1624947300000000000,2643.5,2644.0,2642.0,2644.0,868,154256,154161
2021-06-29 14:16:00.000000000,1624947360000000000,2644.0,2644.0,2642.0,2642.5,207,154161,154178
2021-06-29 14:17:00.000000000,1624947420000000000,2642.5,2645.0,2642.0,2644.5,310,154178,154222
2021-06-29 14:18:00.000000000,1624947480000000000,2644.5,2646.0,2644.0,2645.0,289,154222,154236
2021-06-29 14:19:00.000000000,1624947540000000000,2645.0,2646.5,2644.5,2644.5,549,154236,154192
2021-06-29 14:20:00.000000000,1624947600000000000,2644.5,2645.5,2642.0,2643.5,645,154192,154132
2021-06-29 14:21:00.000000000,1624947660000000000,2643.5,2644.0,2642.5,2643.5,369,154132,154213
2021-06-29 14:22:00.000000000,1624947720000000000,2643.5,2647.0,2643.0,2645.5,476,154213,154299
2021-06-29 14:23:00.000000000,1624947780000000000,2645.5,2645.5,2644.0,2644.5,146,154299,154324
2021-06-29 14:24:00.000000000,1624947840000000000,2644.5,2645.0,2643.5,2644.0,96,154324,154352
2021-06-29 14:25:00.000000000,1624947900000000000,2644.0,2644.5,2640.5,2643.0,777,154352,154360
2021-06-29 14:26:00.000000000,1624947960000000000,2643.0,2643.0,2640.0,2641.5,399,154360,154350
2021-06-29 14:27:00.000000000,1624948020000000000,2641.5,2641.5,2637.0,2637.0,745,154350,154484
2021-06-29 14:28:00.000000000,1624948080000000000,2637.0,2637.0,2632.0,2634.5,1592,154484,154507
2021-06-29 14:29:00.000000000,1624948140000000000,2634.5,2638.0,2634.0,2638.0,687,154507,154669
2021-06-29 14:30:00.000000000,1624948200000000000,2638.0,2638.0,2633.5,2635.0,682,154669,154873
2021-06-29 14:31:00.000000000,1624948260000000000,2635.0,2638.5,2635.0,2637.0,393,154873,154923
2021-06-29 14:32:00.000000000,1624948320000000000,2637.0,2638.5,2636.0,2637.0,231,154923,154976
2021-06-29 14:33:00.000000000,1624948380000000000,2637.0,2639.0,2636.0,2638.5,350,154976,155044
2021-06-29 14:34:00.000000000,1624948440000000000,2638.5,2638.5,2636.5,2636.5,271,155044,155095
2021-06-29 14:35:00.000000000,1624948500000000000,2636.5,2637.0,2635.0,2636.0,341,155095,155143
2021-06-29 14:36:00.000000000,1624948560000000000,2636.0,2637.0,2633.0,2635.0,560,155143,155202
2021-06-29 14:37:00.000000000,1624948620000000000,2635.0,2636.5,2634.5,2635.0,262,155202,155248
2021-06-29 14:38:00.000000000,1624948680000000000,2635.0,2637.5,2635.0,2636.5,331,155248,155307
2021-06-29 14:39:00.000000000,1624948740000000000,2636.5,2636.5,2634.0,2634.5,416,155307,155427
2021-06-29 14:40:00.000000000,1624948800000000000,2634.5,2635.5,2631.0,2634.5,1214,155427,155364
2021-06-29 14:41:00.000000000,1624948860000000000,2634.5,2637.5,2634.0,2635.0,463,155364,155503
2021-06-29 14:42:00.000000000,1624948920000000000,2635.0,2636.0,2633.0,2634.5,397,155503,155682
2021-06-29 14:43:00.000000000,1624948980000000000,2634.5,2637.0,2633.5,2636.5,518,155682,155782
2021-06-29 14:44:00.000000000,1624949040000000000,2636.5,2636.5,2635.5,2635.5,271,155782,155853
2021-06-29 14:45:00.000000000,1624949100000000000,2635.5,2637.0,2635.0,2636.0,662,155853,155896
2021-06-29 14:46:00.000000000,1624949160000000000,2636.0,2638.5,2635.0,2636.5,544,155896,155929
2021-06-29 14:47:00.000000000,1624949220000000000,2636.5,2637.0,2634.5,2635.0,704,155929,156008
2021-06-29 14:48:00.000000000,1624949280000000000,2635.0,2636.0,2634.0,2634.5,424,156008,156010
2021-06-29 14:49:00.000000000,1624949340000000000,2634.5,2637.0,2634.0,2635.0,460,156010,155997
2021-06-29 14:50:00.000000000,1624949400000000000,2635.0,2635.0,2627.0,2629.0,2375,155997,155825
2021-06-29 14:51:00.000000000,1624949460000000000,2629.0,2631.5,2629.0,2631.5,648,155825,155913
2021-06-29 14:52:00.000000000,1624949520000000000,2631.5,2631.5,2629.5,2631.0,590,155913,156004
2021-06-29 14:53:00.000000000,1624949580000000000,2631.0,2634.0,2630.5,2633.5,634,156004,156101
2021-06-29 14:54:00.000000000,1624949640000000000,2633.5,2636.5,2633.0,2635.5,790,156101,156184
2021-06-29 14:55:00.000000000,1624949700000000000,2635.5,2635.5,2632.0,2632.5,678,156184,156183
2021-06-29 14:56:00.000000000,1624949760000000000,2632.5,2636.0,2632.0,2635.5,838,156183,156164
2021-06-29 14:57:00.000000000,1624949820000000000,2635.5,2636.0,2633.0,2633.0,988,156164,155985
2021-06-29 14:58:00.000000000,1624949880000000000,2633.0,2633.5,2631.5,2633.0,1029,155985,155909
2021-06-29 14:59:00.000000000,1624949940000000000,2633.0,2633.0,2631.0,2632.0,1945,155909,155117
2021-06-29 21:00:00.000000000,1624971600000000000,2629.5,2640.5,2627.0,2637.5,5045,155117,153514
2021-06-29 21:01:00.000000000,1624971660000000000,2637.5,2640.0,2635.0,2637.0,1989,153514,152878
2021-06-29 21:02:00.000000000,1624971720000000000,2637.0,2638.5,2634.5,2637.0,1240,152878,152536
2021-06-29 21:03:00.000000000,1624971780000000000,2637.0,2639.5,2636.5,2637.5,1119,152536,152144
2021-06-29 21:04:00.000000000,1624971840000000000,2637.5,2638.0,2632.5,2633.5,1133,152144,151983
2021-06-29 21:05:00.000000000,1624971900000000000,2633.5,2634.0,2626.5,2627.0,1804,151983,151655
2021-06-29 21:06:00.000000000,1624971960000000000,2627.0,2632.5,2624.0,2632.5,1797,151655,151510
2021-06-29 21:07:00.000000000,1624972020000000000,2632.5,2636.5,2632.0,2635.5,1105,151510,151287
2021-06-29 21:08:00.000000000,1624972080000000000,2635.5,2641.0,2635.5,2638.5,1930,151287,150764
2021-06-29 21:09:00.000000000,1624972140000000000,2638.5,2646.0,2638.5,2644.0,2236,150764,150299
2021-06-29 21:10:00.000000000,1624972200000000000,2644.0,2645.5,2642.0,2645.5,1478,150299,149716
2021-06-29 21:11:00.000000000,1624972260000000000,2645.5,2650.0,2644.5,2648.0,2673,149716,148746
2021-06-29 21:12:00.000000000,1624972320000000000,2648.0,2648.5,2646.0,2646.0,983,148746,148508
2021-06-29 21:13:00.000000000,1624972380000000000,2646.0,2646.5,2642.0,2643.5,1258,148508,148174
2021-06-29 21:14:00.000000000,1624972440000000000,2643.5,2648.0,2643.0,2645.5,770,148174,148135
2021-06-29 21:15:00.000000000,1624972500000000000,2645.5,2651.0,2645.5,2650.0,1795,148135,147430
2021-06-29 21:16:00.000000000,1624972560000000000,2650.0,2650.0,2646.0,2646.0,716,147430,147279
2021-06-29 21:17:00.000000000,1624972620000000000,2646.0,2647.0,2643.0,2643.0,923,147279,147020
2021-06-29 21:18:00.000000000,1624972680000000000,2643.0,2645.5,2643.0,2644.5,476,147020,146931
2021-06-29 21:19:00.000000000,1624972740000000000,2644.5,2647.0,2644.0,2646.5,402,146931,146943
2021-06-29 21:20:00.000000000,1624972800000000000,2646.5,2647.5,2643.5,2644.5,874,146943,146850
2021-06-29 21:21:00.000000000,1624972860000000000,2644.5,2645.0,2643.5,2645.0,326,146850,146816
2021-06-29 21:22:00.000000000,1624972920000000000,2645.0,2645.5,2641.5,2642.0,575,146816,146825
2021-06-29 21:23:00.000000000,1624972980000000000,2642.0,2644.5,2642.0,2643.0,275,146825,146814
2021-06-29 21:24:00.000000000,1624973040000000000,2643.0,2643.5,2641.0,2642.0,406,146814,146837
2021-06-29 21:25:00.000000000,1624973100000000000,2642.0,2642.5,2639.5,2640.0,537,146837,146848
2021-06-29 21:26:00.000000000,1624973160000000000,2640.0,2640.0,2636.0,2636.5,1329,146848,146739
2021-06-29 21:27:00.000000000,1624973220000000000,2636.5,2637.0,2633.0,2636.0,1145,146739,146777
2021-06-29 21:28:00.000000000,1624973280000000000,2636.0,2638.0,2635.5,2636.5,561,146777,146711
2021-06-29 21:29:00.000000000,1624973340000000000,2636.5,2638.5,2636.5,2638.0,481,146711,146688
2021-06-29 21:30:00.000000000,1624973400000000000,2638.0,2638.0,2634.0,2636.5,805,146688,146693
2021-06-29 21:31:00.000000000,1624973460000000000,2636.5,2638.5,2635.0,2636.0,366,146693,146754
2021-06-29 21:32:00.000000000,1624973520000000000,2636.0,2640.0,2635.5,2638.5,704,146754,146777
2021-06-29 21:33:00.000000000,1624973580000000000,2638.5,2643.5,2638.5,2643.0,917,146777,146530
2021-06-29 21:34:00.000000000,1624973640000000000,2643.0,2645.0,2642.0,2643.0,617,146530,146475
2021-06-29 21:35:00.000000000,1624973700000000000,2643.0,2646.0,2642.5,2645.0,775,146475,146348
2021-06-29 21:36:00.000000000,1624973760000000000,2645.0,2645.0,2643.0,2644.0,607,146348,146293
2021-06-29 21:37:00.000000000,1624973820000000000,2644.0,2644.5,2642.0,2642.5,385,146293,146243
2021-06-29 21:38:00.000000000,1624973880000000000,2642.5,2643.5,2641.5,2642.5,386,146243,146192
2021-06-29 21:39:00.000000000,1624973940000000000,2642.5,2643.0,2639.5,2639.5,357,146192,146225
2021-06-29 21:40:00.000000000,1624974000000000000,2639.5,2640.5,2638.5,2640.5,554,146225,146174
2021-06-29 21:41:00.000000000,1624974060000000000,2640.5,2640.5,2636.5,2639.0,854,146174,145969
2021-06-29 21:42:00.000000000,1624974120000000000,2639.0,2640.0,2638.0,2638.5,462,145969,145862
2021-06-29 21:43:00.000000000,1624974180000000000,2638.5,2641.0,2638.0,2641.0,376,145862,145930
2021-06-29 21:44:00.000000000,1624974240000000000,2641.0,2641.0,2638.5,2638.5,309,145930,145904
2021-06-29 21:45:00.000000000,1624974300000000000,2638.5,2638.5,2635.5,2637.5,639,145904,145874
2021-06-29 21:46:00.000000000,1624974360000000000,2637.5,2639.0,2636.0,2638.5,300,145874,145918
2021-06-29 21:47:00.000000000,1624974420000000000,2638.5,2639.5,2637.0,2637.5,409,145918,145858
2021-06-29 21:48:00.000000000,1624974480000000000,2637.5,2639.5,2635.5,2636.5,455,145858,145870
2021-06-29 21:49:00.000000000,1624974540000000000,2636.5,2637.0,2631.0,2632.5,1586,145870,145823
2021-06-29 21:50:00.000000000,1624974600000000000,2632.5,2635.5,2632.5,2635.0,597,145823,145887
2021-06-29 21:51:00.000000000,1624974660000000000,2635.0,2635.5,2633.0,2635.0,415,145887,145907
2021-06-29 21:52:00.000000000,1624974720000000000,2635.0,2637.5,2633.5,2636.5,461,145907,145833
2021-06-29 21:53:00.000000000,1624974780000000000,2636.5,2637.0,2635.0,2637.0,278,145833,145851
2021-06-29 21:54:00.000000000,1624974840000000000,2637.0,2637.0,2634.0,2634.0,426,145851,145944
2021-06-29 21:55:00.000000000,1624974900000000000,2634.0,2636.0,2633.5,2636.0,382,145944,145968
2021-06-29 21:56:00.000000000,1624974960000000000,2636.0,2637.0,2634.0,2635.0,237,145968,146017
2021-06-29 21:57:00.000000000,1624975020000000000,2635.0,2635.5,2633.0,2634.0,269,146017,146082
2021-06-29 21:58:00.000000000,1624975080000000000,2634.0,2636.0,2633.5,2636.0,322,146082,146121
2021-06-29 21:59:00.000000000,1624975140000000000,2636.0,2636.0,2634.5,2634.5,182,146121,146111
2021-06-29 22:00:00.000000000,1624975200000000000,2634.5,2634.5,2631.5,2633.0,771,146111,146195
2021-06-29 22:01:00.000000000,1624975260000000000,2633.0,2633.5,2630.0,2631.0,1055,146195,146180
2021-06-29 22:02:00.000000000,1624975320000000000,2631.0,2635.5,2631.0,2634.0,515,146180,146190
2021-06-29 22:03:00.000000000,1624975380000000000,2634.0,2635.0,2633.0,2633.5,239,146190,146217
2021-06-29 22:04:00.000000000,1624975440000000000,2633.5,2633.5,2629.0,2630.5,727,146217,146283
2021-06-29 22:05:00.000000000,1624975500000000000,2630.5,2633.5,2630.0,2633.0,405,146283,146300
2021-06-29 22:06:00.000000000,1624975560000000000,2633.0,2634.0,2632.0,2633.0,298,146300,146309
2021-06-29 22:07:00.000000000,1624975620000000000,2633.0,2636.0,2633.0,2635.5,562,146309,146296
2021-06-29 22:08:00.000000000,1624975680000000000,2635.5,2638.0,2635.5,2635.5,796,146296,146177
2021-06-29 22:09:00.000000000,1624975740000000000,2635.5,2636.5,2633.5,2634.5,303,146177,146225
2021-06-29 22:10:00.000000000,1624975800000000000,2634.5,2635.0,2632.0,2632.0,232,146225,146264
2021-06-29 22:11:00.000000000,1624975860000000000,2632.0,2633.0,2631.0,2632.5,472,146264,146275
2021-06-29 22:12:00.000000000,1624975920000000000,2632.5,2634.5,2631.5,2634.5,199,146275,146236
2021-06-29 22:13:00.000000000,1624975980000000000,2634.5,2634.5,2632.0,2634.0,272,146236,146314
2021-06-29 22:14:00.000000000,1624976040000000000,2634.0,2634.0,2632.0,2633.0,179,146314,146291
2021-06-29 22:15:00.000000000,1624976100000000000,2633.0,2634.0,2632.0,2634.0,168,146291,146326
2021-06-29 22:16:00.000000000,1624976160000000000,2634.0,2634.5,2632.0,2632.5,151,146326,146349
2021-06-29 22:17:00.000000000,1624976220000000000,2632.5,2634.0,2632.5,2633.5,316,146349,146476
2021-06-29 22:18:00.000000000,1624976280000000000,2633.5,2636.0,2633.0,2636.0,433,146476,146550
2021-06-29 22:19:00.000000000,1624976340000000000,2636.0,2636.0,2633.5,2635.0,283,146550,146572
2021-06-29 22:20:00.000000000,1624976400000000000,2635.0,2635.0,2632.0,2632.5,362,146572,146466
2021-06-29 22:21:00.000000000,1624976460000000000,2632.5,2633.0,2630.5,2631.0,530,146466,146435
2021-06-29 22:22:00.000000000,1624976520000000000,2631.0,2632.5,2630.5,2632.0,321,146435,146472
2021-06-29 22:23:00.000000000,1624976580000000000,2632.0,2633.0,2631.0,2632.5,275,146472,146510
2021-06-29 22:24:00.000000000,1624976640000000000,2632.5,2632.5,2627.5,2630.0,1020,146510,146533
2021-06-29 22:25:00.000000000,1624976700000000000,2630.0,2632.0,2629.5,2631.0,393,146533,146519
2021-06-29 22:26:00.000000000,1624976760000000000,2631.0,2632.5,2630.5,2632.0,438,146519,146487
2021-06-29 22:27:00.000000000,1624976820000000000,2632.0,2632.0,2628.0,2628.5,517,146487,146544
2021-06-29 22:28:00.000000000,1624976880000000000,2628.5,2630.0,2627.0,2630.0,1134,146544,146631
2021-06-29 22:29:00.000000000,1624976940000000000,2630.0,2631.0,2624.5,2627.5,1465,146631,146773
2021-06-29 22:30:00.000000000,1624977000000000000,2627.5,2632.0,2627.0,2631.5,952,146773,146921
2021-06-29 22:31:00.000000000,1624977060000000000,2631.5,2634.5,2631.0,2633.5,761,146921,146904
2021-06-29 22:32:00.000000000,1624977120000000000,2633.5,2634.5,2632.0,2633.0,394,146904,146949
2021-06-29 22:33:00.000000000,1624977180000000000,2633.0,2633.5,2633.0,2633.5,146,146949,146954
2021-06-29 22:34:00.000000000,1624977240000000000,2633.5,2633.5,2630.5,2631.5,198,146954,146975
2021-06-29 22:35:00.000000000,1624977300000000000,2631.5,2632.5,2630.0,2631.5,229,146975,147040
2021-06-29 22:36:00.000000000,1624977360000000000,2631.5,2634.5,2631.5,2634.0,364,147040,146971
2021-06-29 22:37:00.000000000,1624977420000000000,2634.0,2637.0,2634.0,2637.0,885,146971,146872
2021-06-29 22:38:00.000000000,1624977480000000000,2637.0,2637.5,2635.5,2637.5,458,146872,146781
2021-06-29 22:39:00.000000000,1624977540000000000,2637.5,2647.0,2637.0,2646.0,3670,146781,145908
2021-06-29 22:40:00.000000000,1624977600000000000,2646.0,2646.5,2641.5,2643.0,1309,145908,145741
2021-06-29 22:41:00.000000000,1624977660000000000,2643.0,2645.0,2642.0,2643.0,578,145741,145769
2021-06-29 22:42:00.000000000,1624977720000000000,2643.0,2644.0,2641.5,2641.5,585,145769,145808
2021-06-29 22:43:00.000000000,1624977780000000000,2641.5,2643.0,2640.5,2641.5,689,145808,145724
2021-06-29 22:44:00.000000000,1624977840000000000,2641.5,2642.0,2640.0,2640.0,399,145724,145721
2021-06-29 22:45:00.000000000,1624977900000000000,2640.0,2643.5,2640.0,2643.0,429,145721,145776
2021-06-29 22:46:00.000000000,1624977960000000000,2643.0,2643.0,2640.0,2641.0,425,145776,145836
2021-06-29 22:47:00.000000000,1624978020000000000,2641.0,2642.0,2640.5,2641.5,280,145836,145902
2021-06-29 22:48:00.000000000,1624978080000000000,2641.5,2642.0,2638.5,2640.0,391,145902,145795
2021-06-29 22:49:00.000000000,1624978140000000000,2640.0,2642.0,2639.5,2641.0,218,145795,145809
2021-06-29 22:50:00.000000000,1624978200000000000,2641.0,2642.0,2640.0,2640.5,184,145809,145828
2021-06-29 22:51:00.000000000,1624978260000000000,2640.5,2640.5,2639.5,2640.0,170,145828,145806
2021-06-29 22:52:00.000000000,1624978320000000000,2640.0,2640.0,2638.0,2638.5,289,145806,145810
2021-06-29 22:53:00.000000000,1624978380000000000,2638.5,2641.0,2638.0,2640.0,206,145810,145776
2021-06-29 22:54:00.000000000,1624978440000000000,2640.0,2641.0,2639.0,2641.0,198,145776,145739
2021-06-29 22:55:00.000000000,1624978500000000000,2641.0,2645.0,2640.0,2644.0,677,145739,145500
2021-06-29 22:56:00.000000000,1624978560000000000,2644.0,2645.0,2643.0,2643.5,433,145500,145421
2021-06-29 22:57:00.000000000,1624978620000000000,2643.5,2644.0,2642.5,2643.0,323,145421,145269
2021-06-29 22:58:00.000000000,1624978680000000000,2643.0,2643.0,2638.0,2639.0,817,145269,144931
2021-06-29 22:59:00.000000000,1624978740000000000,2639.0,2641.0,2638.0,2639.5,1010,144931,144538
2021-06-30 09:00:00.000000000,1625014800000000000,2641.0,2653.0,2641.0,2651.0,2937,144538,143711
2021-06-30 09:01:00.000000000,1625014860000000000,2651.0,2651.0,2642.5,2645.0,1626,143711,143445
2021-06-30 09:02:00.000000000,1625014920000000000,2645.0,2650.5,2644.5,2649.5,1066,143445,143343
2021-06-30 09:03:00.000000000,1625014980000000000,2649.5,2650.0,2645.0,2646.0,1005,143343,143225
2021-06-30 09:04:00.000000000,1625015040000000000,2646.0,2649.5,2646.0,2649.0,1045,143225,143113
2021-06-30 09:05:00.000000000,1625015100000000000,2649.0,2649.5,2644.0,2645.0,1079,143113,143016
2021-06-30 09:06:00.000000000,1625015160000000000,2645.0,2646.0,2643.5,2644.5,849,143016,142752
2021-06-30 09:07:00.000000000,1625015220000000000,2644.5,2646.5,2641.0,2643.0,753,142752,142633
2021-06-30 09:08:00.000000000,1625015280000000000,2643.0,2644.5,2640.0,2643.5,639,142633,142542
2021-06-30 09:09:00.000000000,1625015340000000000,2643.5,2646.0,2642.0,2645.0,407,142542,142493
2021-06-30 09:10:00.000000000,1625015400000000000,2645.0,2645.5,2640.5,2641.5,506,142493,142543
2021-06-30 09:11:00.000000000,1625015460000000000,2641.5,2642.5,2640.5,2641.5,393,142543,142549
2021-06-30 09:12:00.000000000,1625015520000000000,2641.5,2644.0,2641.5,2642.5,341,142549,142488
2021-06-30 09:13:00.000000000,1625015580000000000,2642.5,2645.5,2642.5,2645.0,285,142488,142437
2021-06-30 09:14:00.000000000,1625015640000000000,2645.0,2645.0,2641.5,2642.0,322,142437,142445
2021-06-30 09:15:00.000000000,1625015700000000000,2642.0,2646.0,2642.0,2645.5,522,142445,142356
2021-06-30 09:16:00.000000000,1625015760000000000,2645.5,2646.5,2644.5,2644.5,343,142356,142400
2021-06-30 09:17:00.000000000,1625015820000000000,2644.5,2645.5,2642.5,2643.0,241,142400,142398
2021-06-30 09:18:00.000000000,1625015880000000000,2643.0,2646.0,2642.5,2646.0,300,142398,142401
2021-06-30 09:19:00.000000000,1625015940000000000,2646.0,2647.5,2645.5,2646.0,594,142401,142255
2021-06-30 09:20:00.000000000,1625016000000000000,2646.0,2647.5,2644.5,2647.0,334,142255,142214
2021-06-30 09:21:00.000000000,1625016060000000000,2647.0,2648.0,2646.0,2647.5,464,142214,142125
2021-06-30 09:22:00.000000000,1625016120000000000,2647.5,2647.5,2644.5,2646.5,323,142125,142059
2021-06-30 09:23:00.000000000,1625016180000000000,2646.5,2647.5,2644.5,2644.5,157,142059,142039
2021-06-30 09:24:00.000000000,1625016240000000000,2644.5,2647.0,2644.5,2646.0,329,142039,141967
2021-06-30 09:25:00.000000000,1625016300000000000,2646.0,2647.0,2644.5,2646.0,313,141967,141883
2021-06-30 09:26:00.000000000,1625016360000000000,2646.0,2649.0,2645.5,2649.0,756,141883,141616
2021-06-30 09:27:00.000000000,1625016420000000000,2649.0,2651.0,2648.0,2649.5,1149,141616,141456
2021-06-30 09:28:00.000000000,1625016480000000000,2649.5,2650.0,2647.5,2647.5,425,141456,141327
2021-06-30 09:29:00.000000000,1625016540000000000,2647.5,2650.0,2647.5,2649.0,440,141327,141231
2021-06-30 09:30:00.000000000,1625016600000000000,2649.0,2649.5,2645.0,2645.0,736,141231,141069
2021-06-30 09:31:00.000000000,1625016660000000000,2645.0,2646.5,2643.0,2646.0,752,141069,140907
2021-06-30 09:32:00.000000000,1625016720000000000,2646.0,2646.5,2644.0,2644.5,453,140907,140881
2021-06-30 09:33:00.000000000,1625016780000000000,2644.5,2646.5,2643.5,2644.5,337,140881,140861
2021-06-30 09:34:00.000000000,1625016840000000000,2644.5,2647.0,2644.0,2645.5,454,140861,140795
2021-06-30 09:35:00.000000000,1625016900000000000,2645.5,2646.5,2644.5,2646.0,245,140795,140753
2021-06-30 09:36:00.000000000,1625016960000000000,2646.0,2648.5,2646.0,2647.5,211,140753,140751
2021-06-30 09:37:00.000000000,1625017020000000000,2647.5,2650.0,2647.5,2649.0,611,140751,140736
2021-06-30 09:38:00.000000000,1625017080000000000,2649.0,2649.5,2647.0,2648.0,323,140736,140728
2021-06-30 09:39:00.000000000,1625017140000000000,2648.0,2653.0,2647.0,2652.0,1109,140728,140592
2021-06-30 09:40:00.000000000,1625017200000000000,2652.0,2661.5,2651.5,2660.0,3722,140592,139289
2021-06-30 09:41:00.000000000,1625017260000000000,2660.0,2660.0,2656.5,2658.0,1427,139289,138994
2021-06-30 09:42:00.000000000,1625017320000000000,2658.0,2659.0,2653.5,2654.0,1261,138994,138770
2021-06-30 09:43:00.000000000,1625017380000000000,2654.0,2655.5,2651.5,2652.5,910,138770,138614
2021-06-30 09:44:00.000000000,1625017440000000000,2652.5,2653.5,2651.0,2653.0,576,138614,138565
2021-06-30 09:45:00.000000000,1625017500000000000,2653.0,2654.5,2650.0,2650.0,860,138565,138572
2021-06-30 09:46:00.000000000,1625017560000000000,2650.0,2653.5,2650.0,2651.5,547,138572,138565
2021-06-30 09:47:00.000000000,1625017620000000000,2651.5,2652.0,2650.0,2651.0,555,138565,138630
2021-06-30 09:48:00.000000000,1625017680000000000,2651.0,2651.5,2649.5,2650.0,528,138630,138502
2021-06-30 09:49:00.000000000,1625017740000000000,2650.0,2653.5,2650.0,2653.0,319,138502,138470
2021-06-30 09:50:00.000000000,1625017800000000000,2653.0,2655.0,2652.5,2654.0,435,138470,138457
2021-06-30 09:51:00.000000000,1625017860000000000,2654.0,2654.0,2651.5,2652.5,434,138457,138440
2021-06-30 09:52:00.000000000,1625017920000000000,2652.5,2654.0,2651.0,2654.0,307,138440,138462
2021-06-30 09:53:00.000000000,1625017980000000000,2654.0,2655.5,2653.0,2653.5,363,138462,138411
2021-06-30 09:54:00.000000000,1625018040000000000,2653.5,2656.0,2653.5,2655.0,492,138411,138332
2021-06-30 09:55:00.000000000,1625018100000000000,2655.0,2655.5,2654.0,2654.5,341,138332,138216
2021-06-30 09:56:00.000000000,1625018160000000000,2654.5,2655.5,2653.0,2653.0,298,138216,138189
2021-06-30 09:57:00.000000000,1625018220000000000,2653.0,2654.0,2650.5,2652.0,563,138189,138113
2021-06-30 09:58:00.000000000,1625018280000000000,2652.0,2652.5,2650.0,2650.5,390,138113,138027
2021-06-30 09:59:00.000000000,1625018340000000000,2650.5,2652.5,2650.0,2651.0,311,138027,137968
2021-06-30 10:00:00.000000000,1625018400000000000,2651.0,2654.5,2651.0,2652.0,555,137968,137914
2021-06-30 10:01:00.000000000,1625018460000000000,2652.0,2654.5,2650.5,2651.0,335,137914,137843
2021-06-30 10:02:00.000000000,1625018520000000000,2651.0,2651.5,2650.0,2650.0,462,137843,137810
2021-06-30 10:03:00.000000000,1625018580000000000,2650.0,2650.5,2644.0,2645.0,1233,137810,137785
2021-06-30 10:04:00.000000000,1625018640000000000,2645.0,2646.0,2642.0,2644.5,1364,137785,137528
2021-06-30 10:05:00.000000000,1625018700000000000,2644.5,2645.0,2643.0,2644.0,814,137528,137480
2021-06-30 10:06:00.000000000,1625018760000000000,2644.0,2644.5,2636.0,2636.0,1967,137480,137435
2021-06-30 10:07:00.000000000,1625018820000000000,2636.0,2638.5,2632.5,2635.0,1972,137435,137301
2021-06-30 10:08:00.000000000,1625018880000000000,2635.0,2636.0,2633.0,2635.0,1630,137301,137312
2021-06-30 10:09:00.000000000,1625018940000000000,2635.0,2635.5,2632.5,2633.0,1105,137312,137397
2021-06-30 10:10:00.000000000,1625019000000000000,2633.0,2637.0,2632.5,2637.0,875,137397,137413
2021-06-30 10:11:00.000000000,1625019060000000000,2637.0,2638.0,2635.0,2635.0,632,137413,137347
2021-06-30 10:12:00.000000000,1625019120000000000,2635.0,2637.0,2635.0,2636.5,387,137347,137408
2021-06-30 10:13:00.000000000,1625019180000000000,2636.5,2639.0,2636.0,2637.0,572,137408,137349
2021-06-30 10:14:00.000000000,1625019240000000000,2637.0,2637.5,2635.0,2635.0,313,137349,137337
2021-06-30 10:30:00.000000000,1625020200000000000,2634.5,2634.5,2628.5,2632.0,1879,137337,137331
2021-06-30 10:31:00.000000000,1625020260000000000,2632.0,2632.5,2630.0,2632.5,854,137331,137461
2021-06-30 10:32:00.000000000,1625020320000000000,2632.5,2633.0,2630.0,2633.0,673,137461,137501
2021-06-30 10:33:00.000000000,1625020380000000000,2633.0,2637.0,2632.0,2636.0,834,137501,137390
2021-06-30 10:34:00.000000000,1625020440000000000,2636.0,2637.0,2634.0,2637.0,430,137390,137398
2021-06-30 10:35:00.000000000,1625020500000000000,2637.0,2638.0,2635.0,2636.5,424,137398,137290
2021-06-30 10:36:00.000000000,1625020560000000000,2636.5,2636.5,2634.5,2634.5,296,137290,137265
2021-06-30 10:37:00.000000000,1625020620000000000,2634.5,2637.0,2633.5,2636.0,482,137265,137264
2021-06-30 10:38:00.000000000,1625020680000000000,2636.0,2637.5,2635.0,2637.5,440,137264,137198
2021-06-30 10:39:00.000000000,1625020740000000000,2637.5,2637.5,2633.5,2635.5,308,137198,137216
2021-06-30 10:40:00.000000000,1625020800000000000,2635.5,2636.0,2633.5,2634.0,228,137216,137236
2021-06-30 10:41:00.000000000,1625020860000000000,2634.0,2634.5,2633.0,2633.0,345,137236,137258
2021-06-30 10:42:00.000000000,1625020920000000000,2633.0,2636.0,2633.0,2634.0,221,137258,137275
2021-06-30 10:43:00.000000000,1625020980000000000,2634.0,2635.0,2630.5,2631.5,523,137275,137420
2021-06-30 10:44:00.000000000,1625021040000000000,2631.5,2631.5,2618.5,2619.0,5338,137420,137693
2021-06-30 10:45:00.000000000,1625021100000000000,2619.0,2620.5,2616.0,2618.0,3015,137693,138041
2021-06-30 10:46:00.000000000,1625021160000000000,2618.0,2622.5,2617.5,2622.0,1509,138041,138296
2021-06-30 10:47:00.000000000,1625021220000000000,2622.0,2622.0,2620.0,2621.5,609,138296,138486
2021-06-30 10:48:00.000000000,1625021280000000000,2621.5,2623.0,2620.5,2623.0,573,138486,138622
2021-06-30 10:49:00.000000000,1625021340000000000,2623.0,2625.5,2622.5,2622.5,1052,138622,138770
2021-06-30 10:50:00.000000000,1625021400000000000,2622.5,2623.0,2616.5,2617.0,1181,138770,139166
2021-06-30 10:51:00.000000000,1625021460000000000,2617.0,2618.0,2613.0,2618.0,2028,139166,139302
2021-06-30 10:52:00.000000000,1625021520000000000,2618.0,2620.5,2615.5,2620.0,837,139302,139632
2021-06-30 10:53:00.000000000,1625021580000000000,2620.0,2622.0,2618.5,2620.5,643,139632,139817
2021-06-30 10:54:00.000000000,1625021640000000000,2620.5,2623.5,2620.0,2622.5,493,139817,139938
2021-06-30 10:55:00.000000000,1625021700000000000,2622.5,2622.5,2618.0,2618.5,752,139938,140339
2021-06-30 10:56:00.000000000,1625021760000000000,2618.5,2621.0,2618.0,2620.0,297,140339,140403
2021-06-30 10:57:00.000000000,1625021820000000000,2620.0,2620.0,2616.0,2617.0,691,140403,140596
2021-06-30 10:58:00.000000000,1625021880000000000,2617.0,2618.5,2614.5,2617.5,1071,140596,140901
2021-06-30 10:59:00.000000000,1625021940000000000,2617.5,2617.5,2610.0,2610.5,2602,140901,141224
2021-06-30 11:00:00.000000000,1625022000000000000,2610.5,2612.5,2608.0,2611.5,2638,141224,141877
2021-06-30 11:01:00.000000000,1625022060000000000,2611.5,2615.0,2610.5,2611.0,919,141877,142276
2021-06-30 11:02:00.000000000,1625022120000000000,2611.0,2614.5,2610.5,2611.5,768,142276,142647
2021-06-30 11:03:00.000000000,1625022180000000000,2611.5,2613.5,2610.0,2612.0,1088,142647,143093
2021-06-30 11:04:00.000000000,1625022240000000000,2612.0,2614.0,2610.0,2613.5,694,143093,143463
2021-06-30 11:05:00.000000000,1625022300000000000,2613.5,2615.5,2612.5,2614.5,643,143463,143653
2021-06-30 11:06:00.000000000,1625022360000000000,2614.5,2615.0,2611.0,2612.5,451,143653,143872
2021-06-30 11:07:00.000000000,1625022420000000000,2612.5,2615.5,2611.0,2615.5,502,143872,144110
2021-06-30 11:08:00.000000000,1625022480000000000,2615.5,2616.0,2611.5,2612.0,499,144110,144312
2021-06-30 11:09:00.000000000,1625022540000000000,2612.0,2613.0,2610.0,2610.5,591,144312,144617
2021-06-30 11:10:00.000000000,1625022600000000000,2610.5,2613.5,2610.0,2613.0,618,144617,144945
2021-06-30 11:11:00.000000000,1625022660000000000,2613.0,2614.5,2611.5,2613.5,331,144945,145045
2021-06-30 11:12:00.000000000,1625022720000000000,2613.5,2614.0,2611.5,2613.0,317,145045,145228
2021-06-30 11:13:00.000000000,1625022780000000000,2613.0,2617.0,2612.5,2616.0,764,145228,145320
2021-06-30 11:14:00.000000000,1625022840000000000,2616.0,2620.5,2614.5,2619.5,1185,145320,145529
2021-06-30 11:15:00.000000000,1625022900000000000,2619.5,2619.5,2616.5,2617.0,712,145529,145716
2021-06-30 11:16:00.000000000,1625022960000000000,2617.0,2619.0,2614.5,2618.0,575,145716,145889
2021-06-30 11:17:00.000000000,1625023020000000000,2618.0,2618.5,2614.5,2615.0,395,145889,145959
2021-06-30 11:18:00.000000000,1625023080000000000,2615.0,2618.0,2613.5,2617.0,797,145959,146194
2021-06-30 11:19:00.000000000,1625023140000000000,2617.0,2618.0,2614.5,2615.5,782,146194,146470
2021-06-30 11:20:00.000000000,1625023200000000000,2615.5,2615.5,2613.5,2615.0,425,146470,146646
2021-06-30 11:21:00.000000000,1625023260000000000,2615.0,2615.0,2609.5,2613.0,1161,146646,146909
2021-06-30 11:22:00.000000000,1625023320000000000,2613.0,2615.5,2612.5,2615.5,508,146909,147067
2021-06-30 11:23:00.000000000,1625023380000000000,2615.5,2616.0,2613.5,2615.5,460,147067,147266
2021-06-30 11:24:00.000000000,1625023440000000000,2615.5,2619.0,2614.5,2619.0,640,147266,147519
2021-06-30 11:25:00.000000000,1625023500000000000,2619.0,2619.5,2617.5,2617.5,644,147519,147648
2021-06-30 11:26:00.000000000,1625023560000000000,2617.5,2618.5,2614.5,2617.5,545,147648,147830
2021-06-30 11:27:00.000000000,1625023620000000000,2617.5,2617.5,2613.5,2615.0,449,147830,147932
2021-06-30 11:28:00.000000000,1625023680000000000,2615.0,2615.0,2611.5,2612.0,423,147932,148009
2021-06-30 11:29:00.000000000,1625023740000000000,2612.0,2614.0,2611.5,2612.5,790,148009,148164
2021-06-30 13:30:00.000000000,1625031000000000000,2612.0,2617.0,2610.5,2616.0,1169,148164,148491
2021-06-30 13:31:00.000000000,1625031060000000000,2616.0,2616.5,2612.5,2612.5,855,148491,148811
2021-06-30 13:32:00.000000000,1625031120000000000,2612.5,2613.0,2604.0,2605.0,2766,148811,149267
2021-06-30 13:33:00.000000000,1625031180000000000,2605.0,2608.5,2604.5,2608.0,1462,149267,149607
2021-06-30 13:34:00.000000000,1625031240000000000,2608.0,2608.5,2603.5,2607.0,1301,149607,150055
2021-06-30 13:35:00.000000000,1625031300000000000,2607.0,2611.5,2607.0,2611.0,776,150055,150212
2021-06-30 13:36:00.000000000,1625031360000000000,2611.0,2612.5,2607.5,2611.0,889,150212,150451
2021-06-30 13:37:00.000000000,1625031420000000000,2611.0,2611.0,2608.5,2609.5,601,150451,150731
2021-06-30 13:38:00.000000000,1625031480000000000,2609.5,2613.0,2609.5,2611.5,572,150731,150934
2021-06-30 13:39:00.000000000,1625031540000000000,2611.5,2612.5,2610.0,2611.0,422,150934,151093
2021-06-30 13:40:00.000000000,1625031600000000000,2611.0,2616.0,2610.5,2613.0,861,151093,151343
2021-06-30 13:41:00.000000000,1625031660000000000,2613.0,2616.0,2613.0,2614.5,613,151343,151489
2021-06-30 13:42:00.000000000,1625031720000000000,2614.5,2615.5,2612.0,2613.0,424,151489,151635
2021-06-30 13:43:00.000000000,1625031780000000000,2613.0,2613.0,2609.0,2611.5,580,151635,151744
2021-06-30 13:44:00.000000000,1625031840000000000,2611.5,2613.0,2606.5,2606.5,1156,151744,151973
2021-06-30 13:45:00.000000000,1625031900000000000,2606.5,2608.5,2606.0,2607.0,1244,151973,152194
2021-06-30 13:46:00.000000000,1625031960000000000,2607.0,2610.5,2605.0,2609.5,1350,152194,152423
2021-06-30 13:47:00.000000000,1625032020000000000,2609.5,2610.0,2605.5,2606.5,806,152423,152710
2021-06-30 13:48:00.000000000,1625032080000000000,2606.5,2609.0,2605.5,2606.5,525,152710,152880
2021-06-30 13:49:00.000000000,1625032140000000000,2606.5,2608.0,2606.0,2606.0,562,152880,153053
2021-06-30 13:50:00.000000000,1625032200000000000,2606.0,2609.0,2605.0,2608.5,697,153053,153290
2021-06-30 13:51:00.000000000,1625032260000000000,2608.5,2609.0,2604.5,2606.0,1183,153290,153603
2021-06-30 13:52:00.000000000,1625032320000000000,2606.0,2607.5,2604.0,2607.0,1017,153603,153825
2021-06-30 13:53:00.000000000,1625032380000000000,2607.0,2612.0,2607.0,2612.0,1003,153825,154130
2021-06-30 13:54:00.000000000,1625032440000000000,2612.0,2612.0,2608.5,2608.5,510,154130,154323
2021-06-30 13:55:00.000000000,1625032500000000000,2608.5,2611.5,2608.5,2610.0,449,154323,154487
2021-06-30 13:56:00.000000000,1625032560000000000,2610.0,2611.5,2609.0,2611.0,462,154487,154734
2021-06-30 13:57:00.000000000,1625032620000000000,2611.0,2612.0,2609.0,2611.5,315,154734,154867
2021-06-30 13:58:00.000000000,1625032680000000000,2611.5,2612.0,2610.0,2611.5,358,154867,154957
2021-06-30 13:59:00.000000000,1625032740000000000,2611.5,2616.0,2610.5,2614.5,1044,154957,155054
2021-06-30 14:00:00.000000000,1625032800000000000,2614.5,2614.5,2611.0,2611.5,531,155054,155248
2021-06-30 14:01:00.000000000,1625032860000000000,2611.5,2612.5,2610.5,2612.5,334,155248,155360
2021-06-30 14:02:00.000000000,1625032920000000000,2612.5,2615.5,2612.0,2615.5,388,155360,155483
2021-06-30 14:03:00.000000000,1625032980000000000,2615.5,2618.0,2614.5,2618.0,1032,155483,155661
2021-06-30 14:04:00.000000000,1625033040000000000,2618.0,2621.5,2617.0,2617.5,1554,155661,155836
2021-06-30 14:05:00.000000000,1625033100000000000,2617.5,2624.5,2617.5,2622.5,2166,155836,155744
2021-06-30 14:06:00.000000000,1625033160000000000,2622.5,2629.0,2622.5,2627.0,2336,155744,155798
2021-06-30 14:07:00.000000000,1625033220000000000,2627.0,2628.0,2623.5,2625.5,1400,155798,155983
2021-06-30 14:08:00.000000000,1625033280000000000,2625.5,2630.0,2625.0,2626.0,1781,155983,156085
2021-06-30 14:09:00.000000000,1625033340000000000,2626.0,2630.0,2625.5,2629.0,1270,156085,156388
2021-06-30 14:10:00.000000000,1625033400000000000,2629.0,2629.5,2624.0,2624.0,1246,156388,156846
2021-06-30 14:11:00.000000000,1625033460000000000,2624.0,2627.5,2623.5,2624.5,666,156846,157040
2021-06-30 14:12:00.000000000,1625033520000000000,2624.5,2626.0,2624.0,2625.0,543,157040,157235
2021-06-30 14:13:00.000000000,1625033580000000000,2625.0,2626.0,2623.0,2625.0,653,157235,157422
2021-06-30 14:14:00.000000000,1625033640000000000,2625.0,2628.5,2624.0,2627.5,683,157422,157499
2021-06-30 14:15:00.000000000,1625033700000000000,2627.5,2630.0,2627.0,2629.0,871,157499,157702
2021-06-30 14:16:00.000000000,1625033760000000000,2629.0,2629.5,2625.0,2625.5,656,157702,157759
2021-06-30 14:17:00.000000000,1625033820000000000,2625.5,2625.5,2621.5,2623.0,994,157759,158100
2021-06-30 14:18:00.000000000,1625033880000000000,2623.0,2625.0,2622.0,2624.0,802,158100,158461
2021-06-30 14:19:00.000000000,1625033940000000000,2624.0,2626.0,2622.5,2624.0,391,158461,158580
2021-06-30 14:20:00.000000000,1625034000000000000,2624.0,2624.5,2620.0,2621.0,864,158580,158684
2021-06-30 14:21:00.000000000,1625034060000000000,2621.0,2622.5,2617.0,2617.0,926,158684,158724
2021-06-30 14:22:00.000000000,1625034120000000000,2617.0,2620.5,2617.0,2619.5,599,158724,158763
2021-06-30 14:23:00.000000000,1625034180000000000,2619.5,2620.0,2617.5,2618.5,421,158763,158858
2021-06-30 14:24:00.000000000,1625034240000000000,2618.5,2622.0,2618.5,2620.5,445,158858,158977
2021-06-30 14:25:00.000000000,1625034300000000000,2620.5,2625.0,2620.0,2623.5,498,158977,159177
2021-06-30 14:26:00.000000000,1625034360000000000,2623.5,2624.5,2622.5,2624.5,202,159177,159256
2021-06-30 14:27:00.000000000,1625034420000000000,2624.5,2626.0,2622.5,2623.0,473,159256,159469
2021-06-30 14:28:00.000000000,1625034480000000000,2623.0,2624.5,2621.5,2621.5,266,159469,159564
2021-06-30 14:29:00.000000000,1625034540000000000,2621.5,2625.0,2621.5,2625.0,272,159564,159715
2021-06-30 14:30:00.000000000,1625034600000000000,2625.0,2625.0,2623.5,2624.5,261,159715,159759
2021-06-30 14:31:00.000000000,1625034660000000000,2624.5,2632.5,2624.0,2631.0,1844,159759,159999
2021-06-30 14:32:00.000000000,1625034720000000000,2631.0,2635.0,2630.5,2633.0,1720,159999,160199
2021-06-30 14:33:00.000000000,1625034780000000000,2633.0,2636.5,2632.0,2634.0,1424,160199,160363
2021-06-30 14:34:00.000000000,1625034840000000000,2634.0,2634.5,2631.0,2632.0,679,160363,160425
2021-06-30 14:35:00.000000000,1625034900000000000,2632.0,2637.0,2631.0,2636.0,1138,160425,160645
2021-06-30 14:36:00.000000000,1625034960000000000,2636.0,2642.0,2635.5,2640.5,2459,160645,160761
2021-06-30 14:37:00.000000000,1625035020000000000,2640.5,2642.0,2638.0,2638.5,1197,160761,160798
2021-06-30 14:38:00.000000000,1625035080000000000,2638.5,2643.0,2638.0,2642.5,866,160798,161032
2021-06-30 14:39:00.000000000,1625035140000000000,2642.5,2642.5,2636.5,2636.5,1167,161032,161006
2021-06-30 14:40:00.000000000,1625035200000000000,2636.5,2638.5,2633.5,2634.5,872,161006,161166
2021-06-30 14:41:00.000000000,1625035260000000000,2634.5,2634.5,2629.0,2632.5,1273,161166,161362
2021-06-30 14:42:00.000000000,1625035320000000000,2632.5,2635.0,2631.5,2635.0,706,161362,161589
2021-06-30 14:43:00.000000000,1625035380000000000,2635.0,2636.0,2633.0,2634.0,338,161589,161680
2021-06-30 14:44:00.000000000,1625035440000000000,2634.0,2635.5,2632.5,2633.0,354,161680,161765
2021-06-30 14:45:00.000000000,1625035500000000000,2633.0,2636.0,2633.0,2633.5,460,161765,161883
2021-06-30 14:46:00.000000000,1625035560000000000,2633.5,2634.0,2631.0,2631.0,538,161883,161879
2021-06-30 14:47:00.000000000,1625035620000000000,2631.0,2632.0,2630.0,2632.0,686,161879,161830
2021-06-30 14:48:00.000000000,1625035680000000000,2632.0,2633.0,2625.5,2628.0,1151,161830,161650
2021-06-30 14:49:00.000000000,1625035740000000000,2628.0,2631.5,2628.0,2631.0,523,161650,161614
2021-06-30 14:50:00.000000000,1625035800000000000,2631.0,2632.5,2630.5,2631.0,454,161614,161525
2021-06-30 14:51:00.000000000,1625035860000000000,2631.0,2635.0,2631.0,2632.5,629,161525,161506
2021-06-30 14:52:00.000000000,1625035920000000000,2632.5,2635.0,2631.5,2632.5,367,161506,161464
2021-06-30 14:53:00.000000000,1625035980000000000,2632.5,2633.5,2630.0,2631.5,533,161464,161507
2021-06-30 14:54:00.000000000,1625036040000000000,2631.5,2633.5,2628.5,2633.0,614,161507,161617
2021-06-30 14:55:00.000000000,1625036100000000000,2633.0,2634.5,2632.0,2634.0,417,161617,161695
2021-06-30 14:56:00.000000000,1625036160000000000,2634.0,2634.5,2632.0,2633.0,568,161695,161837
2021-06-30 14:57:00.000000000,1625036220000000000,2633.0,2637.5,2632.5,2636.5,925,161837,161681
2021-06-30 14:58:00.000000000,1625036280000000000,2636.5,2637.0,2634.5,2635.0,633,161681,161524
2021-06-30 14:59:00.000000000,1625036340000000000,2635.0,2635.0,2631.5,2633.5,1337,161524,161132
