datetime,datetime_nano,KQ.m@INE.sc.open,KQ.m@INE.sc.high,KQ.m@INE.sc.low,KQ.m@INE.sc.close,KQ.m@INE.sc.volume,KQ.m@INE.sc.open_oi,KQ.m@INE.sc.close_oi
2024-08-30 21:00:00.000000000,1725022800000000000,556.7,556.8,552.3,552.6,3342,19042,19276
2024-08-30 21:01:00.000000000,1725022860000000000,552.6,552.8,551.4,551.7,2300,19276,19408
2024-08-30 21:02:00.000000000,1725022920000000000,551.7,551.7,549.7,550.0,2254,19408,19965
2024-08-30 21:03:00.000000000,1725022980000000000,550.0,550.7,549.5,550.3,1667,19965,20003
2024-08-30 21:04:00.000000000,1725023040000000000,550.3,550.4,547.2,547.2,2337,20003,20318
2024-08-30 21:05:00.000000000,1725023100000000000,547.2,547.3,546.0,546.9,2943,20318,20675
2024-08-30 21:06:00.000000000,1725023160000000000,546.9,547.3,546.5,546.7,1383,20675,20739
2024-08-30 21:07:00.000000000,1725023220000000000,546.7,546.8,543.0,544.6,2833,20739,21011
2024-08-30 21:08:00.000000000,1725023280000000000,544.6,545.6,544.4,545.0,1676,21011,21003
2024-08-30 21:09:00.000000000,1725023340000000000,545.0,545.7,544.0,545.5,1486,21003,21067
2024-08-30 21:10:00.000000000,1725023400000000000,545.5,546.4,545.4,546.3,1333,21067,21091
2024-08-30 21:11:00.000000000,1725023460000000000,546.3,546.8,545.9,546.4,1292,21091,20993
2024-08-30 21:12:00.000000000,1725023520000000000,546.4,546.6,545.4,546.0,949,20993,20992
2024-08-30 21:13:00.000000000,1725023580000000000,546.0,546.1,545.3,545.4,643,20992,21058
2024-08-30 21:14:00.000000000,1725023640000000000,545.4,545.4,544.6,544.7,977,21058,21164
2024-08-30 21:15:00.000000000,1725023700000000000,544.7,544.7,544.0,544.7,846,21164,21312
2024-08-30 21:16:00.000000000,1725023760000000000,544.7,546.1,544.7,544.9,1211,21312,21265
2024-08-30 21:17:00.000000000,1725023820000000000,544.9,545.3,544.5,544.6,688,21265,21353
2024-08-30 21:18:00.000000000,1725023880000000000,544.6,545.1,544.4,545.0,543,21353,21390
2024-08-30 21:19:00.000000000,1725023940000000000,545.0,545.3,544.6,544.7,472,21390,21485
2024-08-30 21:20:00.000000000,1725024000000000000,544.7,545.9,544.6,545.8,853,21485,21586
2024-08-30 21:21:00.000000000,1725024060000000000,545.8,546.2,545.7,545.9,789,21586,21564
2024-08-30 21:22:00.000000000,1725024120000000000,545.9,546.4,545.9,546.3,510,21564,21533
2024-08-30 21:23:00.000000000,1725024180000000000,546.3,547.0,546.3,547.0,963,21533,21598
2024-08-30 21:24:00.000000000,1725024240000000000,547.0,547.6,546.9,547.2,1025,21598,21564
2024-08-30 21:25:00.000000000,1725024300000000000,547.2,547.4,546.4,546.4,1024,21564,21418
2024-08-30 21:26:00.000000000,1725024360000000000,546.4,546.8,545.8,545.9,497,21418,21373
2024-08-30 21:27:00.000000000,1725024420000000000,545.9,546.0,545.5,545.8,591,21373,21325
2024-08-30 21:28:00.000000000,1725024480000000000,545.8,546.4,545.8,546.3,527,21325,21329
2024-08-30 21:29:00.000000000,1725024540000000000,546.3,547.1,546.3,546.9,644,21329,21424
2024-08-30 21:30:00.000000000,1725024600000000000,546.9,547.0,545.8,546.2,694,21424,21396
2024-08-30 21:31:00.000000000,1725024660000000000,546.2,546.8,545.9,546.0,452,21396,21366
2024-08-30 21:32:00.000000000,1725024720000000000,546.0,546.2,545.6,545.9,453,21366,21375
2024-08-30 21:33:00.000000000,1725024780000000000,545.9,546.1,545.5,545.7,279,21375,21360
2024-08-30 21:34:00.000000000,1725024840000000000,545.7,546.1,545.3,545.3,413,21360,21408
2024-08-30 21:35:00.000000000,1725024900000000000,545.3,546.2,545.3,545.3,485,21408,21403
2024-08-30 21:36:00.000000000,1725024960000000000,545.3,546.1,545.2,546.1,527,21403,21459
2024-08-30 21:37:00.000000000,1725025020000000000,546.1,546.5,545.5,545.6,471,21459,21394
2024-08-30 21:38:00.000000000,1725025080000000000,545.6,545.7,544.8,545.0,688,21394,21426
2024-08-30 21:39:00.000000000,1725025140000000000,545.0,545.2,544.7,545.1,377,21426,21501
2024-08-30 21:40:00.000000000,1725025200000000000,545.1,545.3,544.9,545.2,313,21501,21515
2024-08-30 21:41:00.000000000,1725025260000000000,545.2,545.5,544.8,545.2,247,21515,21529
2024-08-30 21:42:00.000000000,1725025320000000000,545.2,545.8,545.2,545.3,316,21529,21518
2024-08-30 21:43:00.000000000,1725025380000000000,545.3,545.4,545.1,545.1,92,21518,21526
2024-08-30 21:44:00.000000000,1725025440000000000,545.1,545.7,545.0,545.4,217,21526,21551
2024-08-30 21:45:00.000000000,1725025500000000000,545.4,545.9,545.2,545.2,371,21551,21580
2024-08-30 21:46:00.000000000,1725025560000000000,545.2,545.5,545.1,545.3,263,21580,21623
2024-08-30 21:47:00.000000000,1725025620000000000,545.3,545.4,544.7,544.9,516,21623,21734
2024-08-30 21:48:00.000000000,1725025680000000000,544.9,545.2,544.7,545.0,199,21734,21742
2024-08-30 21:49:00.000000000,1725025740000000000,545.0,545.6,545.0,545.3,245,21742,21728
2024-08-30 21:50:00.000000000,1725025800000000000,545.3,545.7,545.3,545.7,215,21728,21738
2024-08-30 21:51:00.000000000,1725025860000000000,545.7,545.7,545.1,545.2,223,21738,21786
2024-08-30 21:52:00.000000000,1725025920000000000,545.2,545.2,544.7,544.8,397,21786,21791
2024-08-30 21:53:00.000000000,1725025980000000000,544.8,545.0,544.1,544.2,483,21791,21803
2024-08-30 21:54:00.000000000,1725026040000000000,544.2,545.0,544.2,544.8,406,21803,21828
2024-08-30 21:55:00.000000000,1725026100000000000,544.8,545.0,544.5,544.7,386,21828,21971
2024-08-30 21:56:00.000000000,1725026160000000000,544.7,545.0,544.2,544.2,295,21971,22006
2024-08-30 21:57:00.000000000,1725026220000000000,544.2,544.6,544.1,544.5,178,22006,21998
2024-08-30 21:58:00.000000000,1725026280000000000,544.5,544.5,543.3,543.5,835,21998,22143
2024-08-30 21:59:00.000000000,1725026340000000000,543.5,543.6,542.7,543.4,928,22143,22253
2024-08-30 22:00:00.000000000,1725026400000000000,543.4,543.4,541.5,542.1,1670,22253,22564
2024-08-30 22:01:00.000000000,1725026460000000000,542.1,542.2,541.7,542.2,873,22564,22739
2024-08-30 22:02:00.000000000,1725026520000000000,542.2,542.7,541.9,541.9,718,22739,22845
2024-08-30 22:03:00.000000000,1725026580000000000,541.9,542.3,541.8,542.1,438,22845,22885
2024-08-30 22:04:00.000000000,1725026640000000000,542.1,542.6,542.0,542.3,442,22885,22893
2024-08-30 22:05:00.000000000,1725026700000000000,542.3,542.5,541.7,542.5,508,22893,22962
2024-08-30 22:06:00.000000000,1725026760000000000,542.5,542.9,542.5,542.6,547,22962,22903
2024-08-30 22:07:00.000000000,1725026820000000000,542.6,542.9,542.4,542.8,415,22903,22891
2024-08-30 22:08:00.000000000,1725026880000000000,542.8,543.4,542.8,543.1,478,22891,22884
2024-08-30 22:09:00.000000000,1725026940000000000,543.1,543.7,543.0,543.6,393,22884,22805
2024-08-30 22:10:00.000000000,1725027000000000000,543.6,544.4,543.5,544.1,859,22805,22693
2024-08-30 22:11:00.000000000,1725027060000000000,544.1,544.1,543.1,544.0,816,22693,22649
2024-08-30 22:12:00.000000000,1725027120000000000,544.0,544.1,543.5,543.6,325,22649,22638
2024-08-30 22:13:00.000000000,1725027180000000000,543.6,543.9,543.4,543.5,222,22638,22662
2024-08-30 22:14:00.000000000,1725027240000000000,543.5,544.2,543.5,544.1,303,22662,22676
2024-08-30 22:15:00.000000000,1725027300000000000,544.1,544.2,543.7,543.8,300,22676,22634
2024-08-30 22:16:00.000000000,1725027360000000000,543.8,544.2,543.8,544.1,267,22634,22646
2024-08-30 22:17:00.000000000,1725027420000000000,544.1,545.0,544.0,544.9,799,22646,22627
2024-08-30 22:18:00.000000000,1725027480000000000,544.9,545.4,544.9,545.1,648,22627,22624
2024-08-30 22:19:00.000000000,1725027540000000000,545.1,545.1,544.2,544.7,561,22624,22526
2024-08-30 22:20:00.000000000,1725027600000000000,544.7,545.0,544.2,544.9,279,22526,22554
2024-08-30 22:21:00.000000000,1725027660000000000,544.9,545.0,544.5,544.6,177,22554,22572
2024-08-30 22:22:00.000000000,1725027720000000000,544.6,544.8,544.4,544.7,233,22572,22645
2024-08-30 22:23:00.000000000,1725027780000000000,544.7,544.8,544.6,544.7,142,22645,22654
2024-08-30 22:24:00.000000000,1725027840000000000,544.7,544.7,544.4,544.4,299,22654,22644
2024-08-30 22:25:00.000000000,1725027900000000000,544.4,544.5,543.8,544.0,457,22644,22626
2024-08-30 22:26:00.000000000,1725027960000000000,544.0,544.0,543.6,543.7,315,22626,22649
2024-08-30 22:27:00.000000000,1725028020000000000,543.7,543.8,543.4,543.4,381,22649,22680
2024-08-30 22:28:00.000000000,1725028080000000000,543.4,543.7,543.3,543.4,251,22680,22674
2024-08-30 22:29:00.000000000,1725028140000000000,543.4,543.4,543.0,543.1,419,22674,22713
2024-08-30 22:30:00.000000000,1725028200000000000,543.1,543.3,542.9,543.2,306,22713,22753
2024-08-30 22:31:00.000000000,1725028260000000000,543.2,543.4,542.6,542.6,456,22753,22776
2024-08-30 22:32:00.000000000,1725028320000000000,542.6,542.8,542.4,542.5,315,22776,22764
2024-08-30 22:33:00.000000000,1725028380000000000,542.5,542.6,542.2,542.6,370,22764,22798
2024-08-30 22:34:00.000000000,1725028440000000000,542.6,542.6,541.8,542.1,442,22798,22818
2024-08-30 22:35:00.000000000,1725028500000000000,542.1,542.8,542.1,542.7,363,22818,22825
2024-08-30 22:36:00.000000000,1725028560000000000,542.7,542.7,542.1,542.3,295,22825,22929
2024-08-30 22:37:00.000000000,1725028620000000000,542.3,542.3,542.1,542.2,170,22929,22953
2024-08-30 22:38:00.000000000,1725028680000000000,542.2,542.5,542.1,542.4,124,22953,22970
2024-08-30 22:39:00.000000000,1725028740000000000,542.4,542.7,542.3,542.4,220,22970,22985
2024-08-30 22:40:00.000000000,1725028800000000000,542.4,542.6,542.2,542.5,174,22985,22959
2024-08-30 22:41:00.000000000,1725028860000000000,542.5,543.3,542.3,543.2,419,22959,22995
2024-08-30 22:42:00.000000000,1725028920000000000,543.2,543.2,542.9,542.9,224,22995,23048
2024-08-30 22:43:00.000000000,1725028980000000000,542.9,543.2,542.7,543.1,275,23048,23105
2024-08-30 22:44:00.000000000,1725029040000000000,543.1,543.1,542.7,542.7,191,23105,23139
2024-08-30 22:45:00.000000000,1725029100000000000,542.7,543.5,542.5,543.5,427,23139,23174
2024-08-30 22:46:00.000000000,1725029160000000000,543.5,543.8,543.3,543.4,358,23174,23149
2024-08-30 22:47:00.000000000,1725029220000000000,543.4,543.5,543.2,543.4,180,23149,23126
2024-08-30 22:48:00.000000000,1725029280000000000,543.4,544.1,543.2,544.1,494,23126,22998
2024-08-30 22:49:00.000000000,1725029340000000000,544.1,544.3,543.8,544.2,289,22998,22980
2024-08-30 22:50:00.000000000,1725029400000000000,544.2,544.2,543.6,543.7,418,22980,22883
2024-08-30 22:51:00.000000000,1725029460000000000,543.7,543.7,543.1,543.3,365,22883,22911
2024-08-30 22:52:00.000000000,1725029520000000000,543.3,543.3,543.0,543.1,169,22911,22907
2024-08-30 22:53:00.000000000,1725029580000000000,543.1,543.8,543.1,543.2,343,22907,22910
2024-08-30 22:54:00.000000000,1725029640000000000,543.2,543.8,543.2,543.6,212,22910,22926
2024-08-30 22:55:00.000000000,1725029700000000000,543.6,544.2,543.6,543.9,347,22926,22971
2024-08-30 22:56:00.000000000,1725029760000000000,543.9,544.4,543.9,544.4,312,22971,22999
2024-08-30 22:57:00.000000000,1725029820000000000,544.4,544.7,544.3,544.5,541,22999,23008
2024-08-30 22:58:00.000000000,1725029880000000000,544.5,544.5,544.0,544.1,361,23008,22981
2024-08-30 22:59:00.000000000,1725029940000000000,544.1,544.2,543.7,543.9,261,22981,22965
2024-08-30 23:00:00.000000000,1725030000000000000,543.9,544.2,543.4,543.7,384,22965,23021
2024-08-30 23:01:00.000000000,1725030060000000000,543.7,543.8,543.5,543.7,207,23021,23079
2024-08-30 23:02:00.000000000,1725030120000000000,543.7,543.9,543.6,543.9,162,23079,23141
2024-08-30 23:03:00.000000000,1725030180000000000,543.9,544.5,543.8,544.4,307,23141,23176
2024-08-30 23:04:00.000000000,1725030240000000000,544.4,545.2,544.3,545.1,696,23176,23214
2024-08-30 23:05:00.000000000,1725030300000000000,545.1,545.1,544.6,544.7,443,23214,23284
2024-08-30 23:06:00.000000000,1725030360000000000,544.7,544.7,544.2,544.5,403,23284,23234
2024-08-30 23:07:00.000000000,1725030420000000000,544.5,544.5,544.0,544.4,265,23234,23229
2024-08-30 23:08:00.000000000,1725030480000000000,544.4,544.6,544.3,544.5,131,23229,23237
2024-08-30 23:09:00.000000000,1725030540000000000,544.5,544.6,543.9,544.0,364,23237,23297
2024-08-30 23:10:00.000000000,1725030600000000000,544.0,544.0,543.4,543.7,420,23297,23257
2024-08-30 23:11:00.000000000,1725030660000000000,543.7,544.0,543.6,543.9,198,23257,23274
2024-08-30 23:12:00.000000000,1725030720000000000,543.9,543.9,543.6,543.8,145,23274,23292
2024-08-30 23:13:00.000000000,1725030780000000000,543.8,543.9,543.6,543.8,127,23292,23288
2024-08-30 23:14:00.000000000,1725030840000000000,543.8,543.9,542.8,543.0,591,23288,23262
2024-08-30 23:15:00.000000000,1725030900000000000,543.0,543.2,542.9,543.2,256,23262,23307
2024-08-30 23:16:00.000000000,1725030960000000000,543.2,544.0,543.1,543.8,528,23307,23277
2024-08-30 23:17:00.000000000,1725031020000000000,543.8,543.9,543.6,543.6,147,23277,23278
2024-08-30 23:18:00.000000000,1725031080000000000,543.6,543.8,543.4,543.5,167,23278,23321
2024-08-30 23:19:00.000000000,1725031140000000000,543.5,543.7,543.2,543.4,255,23321,23307
2024-08-30 23:20:00.000000000,1725031200000000000,543.4,543.6,543.2,543.6,275,23307,23275
2024-08-30 23:21:00.000000000,1725031260000000000,543.6,543.8,543.5,543.6,214,23275,23262
2024-08-30 23:22:00.000000000,1725031320000000000,543.6,544.0,543.5,544.0,241,23262,23231
2024-08-30 23:23:00.000000000,1725031380000000000,544.0,544.0,543.7,543.8,178,23231,23261
2024-08-30 23:24:00.000000000,1725031440000000000,543.8,543.8,543.4,543.5,299,23261,23312
2024-08-30 23:25:00.000000000,1725031500000000000,543.5,543.6,542.8,542.8,572,23312,23401
2024-08-30 23:26:00.000000000,1725031560000000000,542.8,542.9,542.5,542.9,448,23401,23439
2024-08-30 23:27:00.000000000,1725031620000000000,542.9,543.1,542.7,543.0,322,23439,23449
2024-08-30 23:28:00.000000000,1725031680000000000,543.0,543.5,542.9,543.4,270,23449,23450
2024-08-30 23:29:00.000000000,1725031740000000000,543.4,544.1,543.4,543.9,451,23450,23382
2024-08-30 23:30:00.000000000,1725031800000000000,543.9,544.4,543.8,544.2,385,23382,23368
2024-08-30 23:31:00.000000000,1725031860000000000,544.2,544.2,543.9,543.9,222,23368,23363
2024-08-30 23:32:00.000000000,1725031920000000000,543.9,544.3,543.9,544.2,208,23363,23368
2024-08-30 23:33:00.000000000,1725031980000000000,544.2,544.6,544.1,544.5,251,23368,23375
2024-08-30 23:34:00.000000000,1725032040000000000,544.5,544.6,544.4,544.5,283,23375,23412
2024-08-30 23:35:00.000000000,1725032100000000000,544.5,544.5,543.9,544.2,240,23412,23365
2024-08-30 23:36:00.000000000,1725032160000000000,544.2,544.5,544.1,544.2,220,23365,23397
2024-08-30 23:37:00.000000000,1725032220000000000,544.2,544.4,544.2,544.3,159,23397,23395
2024-08-30 23:38:00.000000000,1725032280000000000,544.3,544.5,544.2,544.4,193,23395,23385
2024-08-30 23:39:00.000000000,1725032340000000000,544.4,544.4,544.1,544.3,202,23385,23360
2024-08-30 23:40:00.000000000,1725032400000000000,544.3,544.5,544.2,544.4,216,23360,23305
2024-08-30 23:41:00.000000000,1725032460000000000,544.4,544.5,544.2,544.5,150,23305,23329
2024-08-30 23:42:00.000000000,1725032520000000000,544.5,544.6,544.0,544.5,253,23329,23300
2024-08-30 23:43:00.000000000,1725032580000000000,544.5,544.7,544.3,544.5,190,23300,23275
2024-08-30 23:44:00.000000000,1725032640000000000,544.5,544.5,544.3,544.4,66,23275,23296
2024-08-30 23:45:00.000000000,1725032700000000000,544.4,544.5,544.0,544.3,236,23296,23300
2024-08-30 23:46:00.000000000,1725032760000000000,544.3,544.4,544.3,544.3,64,23300,23286
2024-08-30 23:47:00.000000000,1725032820000000000,544.3,544.5,544.2,544.5,184,23286,23315
2024-08-30 23:48:00.000000000,1725032880000000000,544.5,544.7,544.5,544.7,213,23315,23270
2024-08-30 23:49:00.000000000,1725032940000000000,544.7,544.7,544.2,544.2,255,23270,23256
2024-08-30 23:50:00.000000000,1725033000000000000,544.2,544.3,544.1,544.3,155,23256,23258
2024-08-30 23:51:00.000000000,1725033060000000000,544.3,544.3,544.1,544.3,104,23258,23243
2024-08-30 23:52:00.000000000,1725033120000000000,544.3,544.3,544.0,544.2,108,23243,23253
2024-08-30 23:53:00.000000000,1725033180000000000,544.2,544.5,544.1,544.4,163,23253,23222
2024-08-30 23:54:00.000000000,1725033240000000000,544.4,544.4,543.8,544.0,267,23222,23240
2024-08-30 23:55:00.000000000,1725033300000000000,544.0,544.3,543.8,544.2,232,23240,23236
2024-08-30 23:56:00.000000000,1725033360000000000,544.2,544.4,544.1,544.2,136,23236,23225
2024-08-30 23:57:00.000000000,1725033420000000000,544.2,544.5,544.2,544.4,120,23225,23208
2024-08-30 23:58:00.000000000,1725033480000000000,544.4,544.7,544.4,544.5,144,23208,23193
2024-08-30 23:59:00.000000000,1725033540000000000,544.5,544.7,544.5,544.5,104,23193,23191
2024-08-31 00:00:00.000000000,1725033600000000000,544.5,545.1,544.5,545.0,530,23191,23180
2024-08-31 00:01:00.000000000,1725033660000000000,545.0,545.1,544.8,544.9,201,23180,23176
2024-08-31 00:02:00.000000000,1725033720000000000,544.9,545.1,544.8,545.0,215,23176,23181
2024-08-31 00:03:00.000000000,1725033780000000000,545.0,545.0,544.7,544.7,122,23181,23154
2024-08-31 00:04:00.000000000,1725033840000000000,544.7,544.8,544.5,544.7,218,23154,23188
2024-08-31 00:05:00.000000000,1725033900000000000,544.7,545.4,544.7,544.9,544,23188,23170
2024-08-31 00:06:00.000000000,1725033960000000000,544.9,545.1,544.9,545.0,147,23170,23156
2024-08-31 00:07:00.000000000,1725034020000000000,545.0,545.3,544.9,545.2,140,23156,23194
2024-08-31 00:08:00.000000000,1725034080000000000,545.2,545.3,545.0,545.1,144,23194,23192
2024-08-31 00:09:00.000000000,1725034140000000000,545.1,545.2,544.9,544.9,127,23192,23194
2024-08-31 00:10:00.000000000,1725034200000000000,544.9,545.4,544.9,545.3,215,23194,23197
2024-08-31 00:11:00.000000000,1725034260000000000,545.3,545.4,545.0,545.1,136,23197,23179
2024-08-31 00:12:00.000000000,1725034320000000000,545.1,545.3,545.0,545.2,119,23179,23184
2024-08-31 00:13:00.000000000,1725034380000000000,545.2,545.2,545.0,545.0,67,23184,23169
2024-08-31 00:14:00.000000000,1725034440000000000,545.0,545.3,545.0,545.2,114,23169,23167
2024-08-31 00:15:00.000000000,1725034500000000000,545.2,545.6,545.1,545.4,269,23167,23182
2024-08-31 00:16:00.000000000,1725034560000000000,545.4,545.4,544.9,545.0,195,23182,23139
2024-08-31 00:17:00.000000000,1725034620000000000,545.0,545.2,544.8,544.8,145,23139,23111
2024-08-31 00:18:00.000000000,1725034680000000000,544.8,545.0,544.7,544.8,173,23111,23123
2024-08-31 00:19:00.000000000,1725034740000000000,544.8,545.0,544.8,544.9,79,23123,23124
2024-08-31 00:20:00.000000000,1725034800000000000,544.9,545.0,544.8,545.0,97,23124,23133
2024-08-31 00:21:00.000000000,1725034860000000000,545.0,545.2,544.9,544.9,138,23133,23151
2024-08-31 00:22:00.000000000,1725034920000000000,544.9,545.1,544.8,545.1,126,23151,23134
2024-08-31 00:23:00.000000000,1725034980000000000,545.1,545.1,544.8,544.8,110,23134,23122
2024-08-31 00:24:00.000000000,1725035040000000000,544.8,544.8,544.5,544.8,229,23122,23104
2024-08-31 00:25:00.000000000,1725035100000000000,544.8,545.0,544.7,544.9,136,23104,23075
2024-08-31 00:26:00.000000000,1725035160000000000,544.9,545.1,544.9,544.9,65,23075,23059
2024-08-31 00:27:00.000000000,1725035220000000000,544.9,545.0,544.8,545.0,74,23059,23049
2024-08-31 00:28:00.000000000,1725035280000000000,545.0,545.4,544.9,545.4,119,23049,23019
2024-08-31 00:29:00.000000000,1725035340000000000,545.4,545.4,545.2,545.2,163,23019,23028
2024-08-31 00:30:00.000000000,1725035400000000000,545.2,545.3,545.1,545.3,87,23028,23031
2024-08-31 00:31:00.000000000,1725035460000000000,545.3,545.4,545.2,545.2,75,23031,23037
2024-08-31 00:32:00.000000000,1725035520000000000,545.2,545.4,545.2,545.2,86,23037,23023
2024-08-31 00:33:00.000000000,1725035580000000000,545.2,545.3,545.0,545.1,90,23023,23008
2024-08-31 00:34:00.000000000,1725035640000000000,545.1,545.1,544.5,544.6,251,23008,22966
2024-08-31 00:35:00.000000000,1725035700000000000,544.6,544.6,544.2,544.4,278,22966,22940
2024-08-31 00:36:00.000000000,1725035760000000000,544.4,544.6,544.3,544.5,176,22940,22935
2024-08-31 00:37:00.000000000,1725035820000000000,544.5,544.7,544.5,544.6,82,22935,22933
2024-08-31 00:38:00.000000000,1725035880000000000,544.6,544.6,543.8,543.8,431,22933,22856
2024-08-31 00:39:00.000000000,1725035940000000000,543.8,543.8,543.5,543.7,307,22856,22833
2024-08-31 00:40:00.000000000,1725036000000000000,543.7,543.7,543.3,543.3,204,22833,22837
2024-08-31 00:41:00.000000000,1725036060000000000,543.3,543.7,543.3,543.7,144,22837,22821
2024-08-31 00:42:00.000000000,1725036120000000000,543.7,543.7,543.3,543.3,112,22821,22845
2024-08-31 00:43:00.000000000,1725036180000000000,543.3,543.5,543.3,543.3,143,22845,22829
2024-08-31 00:44:00.000000000,1725036240000000000,543.3,543.6,543.3,543.6,95,22829,22822
2024-08-31 00:45:00.000000000,1725036300000000000,543.6,543.8,543.6,543.6,140,22822,22818
2024-08-31 00:46:00.000000000,1725036360000000000,543.6,543.8,543.6,543.6,79,22818,22803
2024-08-31 00:47:00.000000000,1725036420000000000,543.6,543.8,543.2,543.2,214,22803,22775
2024-08-31 00:48:00.000000000,1725036480000000000,543.2,543.5,543.0,543.5,280,22775,22783
2024-08-31 00:49:00.000000000,1725036540000000000,543.5,543.9,543.5,543.8,201,22783,22798
2024-08-31 00:50:00.000000000,1725036600000000000,543.8,543.8,543.5,543.5,137,22798,22814
2024-08-31 00:51:00.000000000,1725036660000000000,543.5,543.5,543.3,543.4,98,22814,22818
2024-08-31 00:52:00.000000000,1725036720000000000,543.4,543.7,543.4,543.5,123,22818,22826
2024-08-31 00:53:00.000000000,1725036780000000000,543.5,543.8,543.5,543.6,98,22826,22825
2024-08-31 00:54:00.000000000,1725036840000000000,543.6,544.0,543.6,544.0,169,22825,22825
2024-08-31 00:55:00.000000000,1725036900000000000,544.0,544.0,543.4,543.5,324,22825,22811
2024-08-31 00:56:00.000000000,1725036960000000000,543.5,544.0,543.5,543.9,119,22811,22787
2024-08-31 00:57:00.000000000,1725037020000000000,543.9,544.0,543.7,544.0,183,22787,22753
2024-08-31 00:58:00.000000000,1725037080000000000,544.0,544.0,543.8,543.8,84,22753,22738
2024-08-31 00:59:00.000000000,1725037140000000000,543.8,543.8,543.6,543.7,84,22738,22722
2024-08-31 01:00:00.000000000,1725037200000000000,543.7,543.7,543.5,543.5,109,22722,22734
2024-08-31 01:01:00.000000000,1725037260000000000,543.5,543.5,543.3,543.5,130,22734,22733
2024-08-31 01:02:00.000000000,1725037320000000000,543.5,543.6,543.4,543.5,92,22733,22732
2024-08-31 01:03:00.000000000,1725037380000000000,543.5,543.6,543.4,543.5,38,22732,22732
2024-08-31 01:04:00.000000000,1725037440000000000,543.5,543.7,543.4,543.5,97,22732,22731
2024-08-31 01:05:00.000000000,1725037500000000000,543.5,543.6,543.2,543.4,143,22731,22740
2024-08-31 01:06:00.000000000,1725037560000000000,543.4,543.5,543.1,543.2,70,22740,22731
2024-08-31 01:07:00.000000000,1725037620000000000,543.2,543.3,543.1,543.2,66,22731,22743
2024-08-31 01:08:00.000000000,1725037680000000000,543.2,543.5,543.2,543.5,61,22743,22754
2024-08-31 01:09:00.000000000,1725037740000000000,543.5,543.6,543.4,543.4,67,22754,22730
2024-08-31 01:10:00.000000000,1725037800000000000,543.4,543.6,543.2,543.2,104,22730,22724
2024-08-31 01:11:00.000000000,1725037860000000000,543.2,543.4,542.9,543.2,211,22724,22702
2024-08-31 01:12:00.000000000,1725037920000000000,543.2,543.4,543.1,543.4,71,22702,22699
2024-08-31 01:13:00.000000000,1725037980000000000,543.4,543.5,543.4,543.4,83,22699,22688
2024-08-31 01:14:00.000000000,1725038040000000000,543.4,543.5,543.3,543.3,57,22688,22711
2024-08-31 01:15:00.000000000,1725038100000000000,543.3,543.3,542.9,542.9,148,22711,22710
2024-08-31 01:16:00.000000000,1725038160000000000,542.9,543.0,542.6,542.6,210,22710,22751
2024-08-31 01:17:00.000000000,1725038220000000000,542.6,542.8,542.5,542.8,163,22751,22734
2024-08-31 01:18:00.000000000,1725038280000000000,542.8,542.9,542.7,542.7,71,22734,22735
2024-08-31 01:19:00.000000000,1725038340000000000,542.7,542.8,542.1,542.2,402,22735,22699
2024-08-31 01:20:00.000000000,1725038400000000000,542.2,542.6,542.1,542.6,189,22699,22648
2024-08-31 01:21:00.000000000,1725038460000000000,542.6,542.8,542.4,542.6,114,22648,22626
2024-08-31 01:22:00.000000000,1725038520000000000,542.6,542.6,542.4,542.6,86,22626,22652
2024-08-31 01:23:00.000000000,1725038580000000000,542.6,542.6,542.4,542.6,78,22652,22642
2024-08-31 01:24:00.000000000,1725038640000000000,542.6,542.8,542.5,542.6,110,22642,22650
2024-08-31 01:25:00.000000000,1725038700000000000,542.6,542.7,542.2,542.4,100,22650,22650
2024-08-31 01:26:00.000000000,1725038760000000000,542.4,542.6,542.4,542.6,32,22650,22656
2024-08-31 01:27:00.000000000,1725038820000000000,542.6,542.9,542.6,542.9,95,22656,22671
2024-08-31 01:28:00.000000000,1725038880000000000,542.9,543.2,542.9,543.1,162,22671,22671
2024-08-31 01:29:00.000000000,1725038940000000000,543.1,543.2,542.9,542.9,132,22671,22642
2024-08-31 01:30:00.000000000,1725039000000000000,542.9,543.3,542.9,543.0,177,22642,22642
2024-08-31 01:31:00.000000000,1725039060000000000,543.0,543.3,543.0,543.0,66,22642,22642
2024-08-31 01:32:00.000000000,1725039120000000000,543.0,543.5,543.0,543.3,153,22642,22630
2024-08-31 01:33:00.000000000,1725039180000000000,543.3,543.7,543.2,543.3,192,22630,22643
2024-08-31 01:34:00.000000000,1725039240000000000,543.3,543.4,543.3,543.4,54,22643,22639
2024-08-31 01:35:00.000000000,1725039300000000000,543.4,543.4,543.1,543.1,58,22639,22643
2024-08-31 01:36:00.000000000,1725039360000000000,543.1,543.1,542.8,543.0,167,22643,22623
2024-08-31 01:37:00.000000000,1725039420000000000,543.0,543.2,542.9,543.1,70,22623,22622
2024-08-31 01:38:00.000000000,1725039480000000000,543.1,543.2,543.0,543.2,49,22622,22614
2024-08-31 01:39:00.000000000,1725039540000000000,543.2,543.5,543.2,543.4,97,22614,22575
2024-08-31 01:40:00.000000000,1725039600000000000,543.4,543.5,543.3,543.3,54,22575,22561
2024-08-31 01:41:00.000000000,1725039660000000000,543.3,543.7,543.3,543.5,81,22561,22558
2024-08-31 01:42:00.000000000,1725039720000000000,543.5,543.6,543.5,543.5,33,22558,22550
2024-08-31 01:43:00.000000000,1725039780000000000,543.5,543.9,543.4,543.9,121,22550,22488
2024-08-31 01:44:00.000000000,1725039840000000000,543.9,544.0,543.7,544.0,191,22488,22421
2024-08-31 01:45:00.000000000,1725039900000000000,544.0,544.1,543.8,543.9,152,22421,22399
2024-08-31 01:46:00.000000000,1725039960000000000,543.9,544.1,543.8,543.8,108,22399,22405
2024-08-31 01:47:00.000000000,1725040020000000000,543.8,543.9,543.7,543.9,42,22405,22402
2024-08-31 01:48:00.000000000,1725040080000000000,543.9,544.0,543.8,543.8,98,22402,22391
2024-08-31 01:49:00.000000000,1725040140000000000,543.8,543.9,543.7,543.7,89,22391,22404
2024-08-31 01:50:00.000000000,1725040200000000000,543.7,543.8,543.7,543.7,90,22404,22422
2024-08-31 01:51:00.000000000,1725040260000000000,543.7,544.1,543.7,544.1,133,22422,22378
2024-08-31 01:52:00.000000000,1725040320000000000,544.1,544.3,544.0,544.2,147,22378,22398
2024-08-31 01:53:00.000000000,1725040380000000000,544.2,544.3,544.1,544.2,63,22398,22388
2024-08-31 01:54:00.000000000,1725040440000000000,544.2,544.2,544.0,544.0,33,22388,22393
2024-08-31 01:55:00.000000000,1725040500000000000,544.0,544.4,544.0,544.2,123,22393,22392
2024-08-31 01:56:00.000000000,1725040560000000000,544.2,544.5,544.1,544.1,78,22392,22386
2024-08-31 01:57:00.000000000,1725040620000000000,544.1,544.1,544.0,544.0,48,22386,22382
2024-08-31 01:58:00.000000000,1725040680000000000,544.0,544.1,543.9,543.9,48,22382,22379
2024-08-31 01:59:00.000000000,1725040740000000000,543.9,543.9,543.7,543.8,52,22379,22372
2024-08-31 02:00:00.000000000,1725040800000000000,543.8,544.2,543.8,544.0,144,22372,22384
2024-08-31 02:01:00.000000000,1725040860000000000,544.0,544.2,544.0,544.0,55,22384,22370
2024-08-31 02:02:00.000000000,1725040920000000000,544.0,544.0,543.8,543.8,49,22370,22367
2024-08-31 02:03:00.000000000,1725040980000000000,543.8,543.8,543.6,543.6,113,22367,22353
2024-08-31 02:04:00.000000000,1725041040000000000,543.6,543.8,543.6,543.6,109,22353,22352
2024-08-31 02:05:00.000000000,1725041100000000000,543.6,543.9,543.5,543.8,156,22352,22311
2024-08-31 02:06:00.000000000,1725041160000000000,543.8,544.2,543.8,544.1,211,22311,22297
2024-08-31 02:07:00.000000000,1725041220000000000,544.1,544.2,544.1,544.1,70,22297,22302
2024-08-31 02:08:00.000000000,1725041280000000000,544.1,544.2,543.6,543.6,174,22302,22302
2024-08-31 02:09:00.000000000,1725041340000000000,543.6,543.8,543.6,543.7,51,22302,22291
2024-08-31 02:10:00.000000000,1725041400000000000,543.7,543.7,543.5,543.5,113,22291,22287
2024-08-31 02:11:00.000000000,1725041460000000000,543.5,543.8,543.5,543.7,62,22287,22267
2024-08-31 02:12:00.000000000,1725041520000000000,543.7,543.8,543.5,543.5,37,22267,22274
2024-08-31 02:13:00.000000000,1725041580000000000,543.5,543.6,543.5,543.5,50,22274,22285
2024-08-31 02:14:00.000000000,1725041640000000000,543.5,543.6,543.5,543.6,50,22285,22270
2024-08-31 02:15:00.000000000,1725041700000000000,543.6,543.7,543.4,543.4,128,22270,22210
2024-08-31 02:16:00.000000000,1725041760000000000,543.4,543.9,543.4,543.9,88,22210,22181
2024-08-31 02:17:00.000000000,1725041820000000000,543.9,544.0,543.8,543.8,105,22181,22202
2024-08-31 02:18:00.000000000,1725041880000000000,543.8,544.0,543.8,544.0,72,22202,22193
2024-08-31 02:19:00.000000000,1725041940000000000,544.0,544.0,543.7,543.8,80,22193,22207
2024-08-31 02:20:00.000000000,1725042000000000000,543.8,543.8,543.5,543.6,156,22207,22248
2024-08-31 02:21:00.000000000,1725042060000000000,543.6,543.8,543.5,543.8,63,22248,22259
2024-08-31 02:22:00.000000000,1725042120000000000,543.8,544.3,543.8,544.2,216,22259,22184
2024-08-31 02:23:00.000000000,1725042180000000000,544.2,544.5,544.2,544.4,182,22184,22167
2024-08-31 02:24:00.000000000,1725042240000000000,544.4,544.4,544.0,544.1,92,22167,22167
2024-08-31 02:25:00.000000000,1725042300000000000,544.1,544.4,544.1,544.2,117,22167,22129
2024-08-31 02:26:00.000000000,1725042360000000000,544.2,544.5,543.9,544.3,147,22129,22072
2024-08-31 02:27:00.000000000,1725042420000000000,544.3,544.3,543.5,543.8,386,22072,22011
2024-08-31 02:28:00.000000000,1725042480000000000,543.8,544.0,543.5,543.6,235,22011,21952
2024-08-31 02:29:00.000000000,1725042540000000000,543.6,544.4,543.6,544.0,405,21952,21744
2024-09-02 09:00:00.000000000,1725238800000000000,541.6,542.1,540.7,542.0,1615,21744,21766
2024-09-02 09:01:00.000000000,1725238860000000000,542.0,542.6,541.9,542.5,552,21766,21713
2024-09-02 09:02:00.000000000,1725238920000000000,542.5,542.5,542.1,542.2,331,21713,21769
2024-09-02 09:03:00.000000000,1725238980000000000,542.2,542.2,541.7,541.8,356,21769,21814
2024-09-02 09:04:00.000000000,1725239040000000000,541.8,541.8,541.5,541.6,338,21814,21850
2024-09-02 09:05:00.000000000,1725239100000000000,541.6,542.0,541.6,541.6,227,21850,21874
2024-09-02 09:06:00.000000000,1725239160000000000,541.6,541.9,541.5,541.8,149,21874,21889
2024-09-02 09:07:00.000000000,1725239220000000000,541.8,542.1,541.8,541.9,188,21889,21897
2024-09-02 09:08:00.000000000,1725239280000000000,541.9,542.0,541.5,541.6,131,21897,21923
2024-09-02 09:09:00.000000000,1725239340000000000,541.6,541.7,541.5,541.6,92,21923,21927
2024-09-02 09:10:00.000000000,1725239400000000000,541.6,541.7,541.4,541.5,165,21927,21947
2024-09-02 09:11:00.000000000,1725239460000000000,541.5,541.6,541.2,541.5,110,21947,21949
2024-09-02 09:12:00.000000000,1725239520000000000,541.5,541.8,541.5,541.8,61,21949,21946
2024-09-02 09:13:00.000000000,1725239580000000000,541.8,541.8,541.4,541.5,67,21946,21945
2024-09-02 09:14:00.000000000,1725239640000000000,541.5,541.5,541.2,541.3,98,21945,21945
2024-09-02 09:15:00.000000000,1725239700000000000,541.3,541.4,541.1,541.2,261,21945,21971
2024-09-02 09:16:00.000000000,1725239760000000000,541.2,541.2,540.9,541.1,279,21971,22043
2024-09-02 09:17:00.000000000,1725239820000000000,541.1,541.4,540.8,541.4,248,22043,21976
2024-09-02 09:18:00.000000000,1725239880000000000,541.4,541.6,540.8,540.8,246,21976,21938
2024-09-02 09:19:00.000000000,1725239940000000000,540.8,540.9,540.6,540.9,288,21938,21948
2024-09-02 09:20:00.000000000,1725240000000000000,540.9,541.0,540.6,540.7,150,21948,21958
2024-09-02 09:21:00.000000000,1725240060000000000,540.7,540.7,540.3,540.4,255,21958,22000
2024-09-02 09:22:00.000000000,1725240120000000000,540.4,540.5,540.1,540.4,271,22000,22014
2024-09-02 09:23:00.000000000,1725240180000000000,540.4,540.8,540.4,540.8,108,22014,22020
2024-09-02 09:24:00.000000000,1725240240000000000,540.8,540.8,540.4,540.4,69,22020,22043
2024-09-02 09:25:00.000000000,1725240300000000000,540.4,540.5,540.2,540.2,137,22043,22049
2024-09-02 09:26:00.000000000,1725240360000000000,540.2,540.3,540.0,540.0,318,22049,22078
2024-09-02 09:27:00.000000000,1725240420000000000,540.0,540.5,540.0,540.4,123,22078,22073
2024-09-02 09:28:00.000000000,1725240480000000000,540.4,540.4,540.2,540.4,71,22073,22070
2024-09-02 09:29:00.000000000,1725240540000000000,540.4,540.4,540.2,540.2,95,22070,22098
2024-09-02 09:30:00.000000000,1725240600000000000,540.2,540.3,540.1,540.2,146,22098,22115
2024-09-02 09:31:00.000000000,1725240660000000000,540.2,540.2,539.9,539.9,149,22115,22141
2024-09-02 09:32:00.000000000,1725240720000000000,539.9,540.4,539.8,540.3,294,22141,22139
2024-09-02 09:33:00.000000000,1725240780000000000,540.3,540.8,540.3,540.8,186,22139,22086
2024-09-02 09:34:00.000000000,1725240840000000000,540.8,540.9,540.7,540.8,132,22086,22063
2024-09-02 09:35:00.000000000,1725240900000000000,540.8,540.8,540.4,540.5,108,22063,22064
2024-09-02 09:36:00.000000000,1725240960000000000,540.5,540.6,540.4,540.5,48,22064,22065
2024-09-02 09:37:00.000000000,1725241020000000000,540.5,540.5,540.2,540.4,83,22065,22075
2024-09-02 09:38:00.000000000,1725241080000000000,540.4,540.5,540.2,540.4,60,22075,22083
2024-09-02 09:39:00.000000000,1725241140000000000,540.4,540.9,540.4,540.8,81,22083,22070
2024-09-02 09:40:00.000000000,1725241200000000000,540.8,540.8,540.6,540.7,62,22070,22068
2024-09-02 09:41:00.000000000,1725241260000000000,540.7,540.7,540.5,540.5,40,22068,22073
2024-09-02 09:42:00.000000000,1725241320000000000,540.5,540.6,540.4,540.5,69,22073,22076
2024-09-02 09:43:00.000000000,1725241380000000000,540.5,540.7,540.3,540.3,93,22076,22081
2024-09-02 09:44:00.000000000,1725241440000000000,540.3,540.5,540.0,540.5,201,22081,22093
2024-09-02 09:45:00.000000000,1725241500000000000,540.5,540.7,540.4,540.5,145,22093,22110
2024-09-02 09:46:00.000000000,1725241560000000000,540.5,540.5,540.1,540.2,41,22110,22105
2024-09-02 09:47:00.000000000,1725241620000000000,540.2,540.3,540.1,540.1,46,22105,22108
2024-09-02 09:48:00.000000000,1725241680000000000,540.1,540.2,539.6,539.6,170,22108,22129
2024-09-02 09:49:00.000000000,1725241740000000000,539.6,539.9,539.6,539.8,110,22129,22153
2024-09-02 09:50:00.000000000,1725241800000000000,539.8,539.9,539.6,539.8,73,22153,22175
2024-09-02 09:51:00.000000000,1725241860000000000,539.8,539.8,539.6,539.8,73,22175,22205
2024-09-02 09:52:00.000000000,1725241920000000000,539.8,540.1,539.7,540.1,98,22205,22229
2024-09-02 09:53:00.000000000,1725241980000000000,540.1,540.1,539.9,540.0,61,22229,22221
2024-09-02 09:54:00.000000000,1725242040000000000,540.0,540.0,539.7,539.8,73,22221,22218
2024-09-02 09:55:00.000000000,1725242100000000000,539.8,540.0,539.8,539.9,123,22218,22189
2024-09-02 09:56:00.000000000,1725242160000000000,539.9,540.0,539.8,539.8,49,22189,22201
2024-09-02 09:57:00.000000000,1725242220000000000,539.8,539.9,539.7,539.8,56,22201,22199
2024-09-02 09:58:00.000000000,1725242280000000000,539.8,540.1,539.8,540.1,75,22199,22198
2024-09-02 09:59:00.000000000,1725242340000000000,540.1,540.1,539.9,540.1,91,22198,22214
2024-09-02 10:00:00.000000000,1725242400000000000,540.1,540.2,540.0,540.2,142,22214,22197
2024-09-02 10:01:00.000000000,1725242460000000000,540.2,540.2,539.8,539.9,74,22197,22189
2024-09-02 10:02:00.000000000,1725242520000000000,539.9,540.0,539.7,540.0,98,22189,22174
2024-09-02 10:03:00.000000000,1725242580000000000,540.0,540.1,539.9,539.9,62,22174,22171
2024-09-02 10:04:00.000000000,1725242640000000000,539.9,540.0,539.6,539.9,126,22171,22172
2024-09-02 10:05:00.000000000,1725242700000000000,539.9,539.9,539.4,539.7,251,22172,22253
2024-09-02 10:06:00.000000000,1725242760000000000,539.7,539.7,539.2,539.3,200,22253,22299
2024-09-02 10:07:00.000000000,1725242820000000000,539.3,539.5,538.9,539.2,311,22299,22375
2024-09-02 10:08:00.000000000,1725242880000000000,539.2,539.5,539.1,539.4,135,22375,22422
2024-09-02 10:09:00.000000000,1725242940000000000,539.4,539.8,539.4,539.6,98,22422,22422
2024-09-02 10:10:00.000000000,1725243000000000000,539.6,539.8,539.5,539.5,75,22422,22425
2024-09-02 10:11:00.000000000,1725243060000000000,539.5,539.7,539.4,539.6,25,22425,22425
2024-09-02 10:12:00.000000000,1725243120000000000,539.6,539.6,539.4,539.6,57,22425,22425
2024-09-02 10:13:00.000000000,1725243180000000000,539.6,539.7,539.5,539.7,26,22425,22433
2024-09-02 10:14:00.000000000,1725243240000000000,539.7,539.7,539.2,539.2,81,22433,22457
2024-09-02 10:30:00.000000000,1725244200000000000,539.3,539.4,539.1,539.4,135,22457,22450
2024-09-02 10:31:00.000000000,1725244260000000000,539.4,539.5,539.1,539.3,63,22450,22459
2024-09-02 10:32:00.000000000,1725244320000000000,539.3,539.4,539.0,539.2,76,22459,22452
2024-09-02 10:33:00.000000000,1725244380000000000,539.2,539.3,539.2,539.3,33,22452,22452
2024-09-02 10:34:00.000000000,1725244440000000000,539.3,539.4,539.2,539.3,86,22452,22493
2024-09-02 10:35:00.000000000,1725244500000000000,539.3,539.3,539.1,539.2,67,22493,22474
2024-09-02 10:36:00.000000000,1725244560000000000,539.2,539.4,539.2,539.2,64,22474,22469
2024-09-02 10:37:00.000000000,1725244620000000000,539.2,539.3,539.1,539.1,119,22469,22463
2024-09-02 10:38:00.000000000,1725244680000000000,539.1,539.2,538.8,539.2,242,22463,22470
2024-09-02 10:39:00.000000000,1725244740000000000,539.2,539.4,539.2,539.4,67,22470,22470
2024-09-02 10:40:00.000000000,1725244800000000000,539.4,539.5,539.3,539.3,73,22470,22489
2024-09-02 10:41:00.000000000,1725244860000000000,539.3,539.5,538.9,538.9,163,22489,22538
2024-09-02 10:42:00.000000000,1725244920000000000,538.9,539.1,538.9,539.1,44,22538,22536
2024-09-02 10:43:00.000000000,1725244980000000000,539.1,539.3,539.0,539.1,101,22536,22557
2024-09-02 10:44:00.000000000,1725245040000000000,539.1,539.4,539.1,539.3,91,22557,22585
2024-09-02 10:45:00.000000000,1725245100000000000,539.3,539.5,539.2,539.5,97,22585,22610
2024-09-02 10:46:00.000000000,1725245160000000000,539.5,539.6,539.4,539.5,88,22610,22595
2024-09-02 10:47:00.000000000,1725245220000000000,539.5,539.5,539.4,539.5,57,22595,22580
2024-09-02 10:48:00.000000000,1725245280000000000,539.5,539.7,539.4,539.5,111,22580,22553
2024-09-02 10:49:00.000000000,1725245340000000000,539.5,539.6,539.4,539.6,57,22553,22566
2024-09-02 10:50:00.000000000,1725245400000000000,539.6,539.6,539.4,539.5,70,22566,22594
2024-09-02 10:51:00.000000000,1725245460000000000,539.5,539.5,539.1,539.2,69,22594,22587
2024-09-02 10:52:00.000000000,1725245520000000000,539.2,539.5,539.2,539.4,38,22587,22594
2024-09-02 10:53:00.000000000,1725245580000000000,539.4,539.7,539.4,539.7,53,22594,22597
2024-09-02 10:54:00.000000000,1725245640000000000,539.7,539.7,539.5,539.7,67,22597,22599
2024-09-02 10:55:00.000000000,1725245700000000000,539.7,539.7,539.5,539.6,58,22599,22582
2024-09-02 10:56:00.000000000,1725245760000000000,539.6,539.9,539.6,539.9,55,22582,22565
2024-09-02 10:57:00.000000000,1725245820000000000,539.9,539.9,539.8,539.9,125,22565,22542
2024-09-02 10:58:00.000000000,1725245880000000000,539.9,540.0,539.8,539.9,90,22542,22509
2024-09-02 10:59:00.000000000,1725245940000000000,539.9,540.0,539.8,539.9,35,22509,22507
2024-09-02 11:00:00.000000000,1725246000000000000,539.9,540.2,539.9,540.2,99,22507,22480
2024-09-02 11:01:00.000000000,1725246060000000000,540.2,540.2,539.8,539.8,102,22480,22487
2024-09-02 11:02:00.000000000,1725246120000000000,539.8,540.0,539.8,539.9,80,22487,22520
2024-09-02 11:03:00.000000000,1725246180000000000,539.9,539.9,539.8,539.8,30,22520,22520
2024-09-02 11:04:00.000000000,1725246240000000000,539.8,539.9,539.8,539.9,41,22520,22538
2024-09-02 11:05:00.000000000,1725246300000000000,539.9,540.0,539.7,539.7,40,22538,22541
2024-09-02 11:06:00.000000000,1725246360000000000,539.7,539.7,539.4,539.5,105,22541,22525
2024-09-02 11:07:00.000000000,1725246420000000000,539.5,539.5,539.2,539.2,118,22525,22556
2024-09-02 11:08:00.000000000,1725246480000000000,539.2,539.3,539.2,539.3,28,22556,22563
2024-09-02 11:09:00.000000000,1725246540000000000,539.3,539.3,539.1,539.1,139,22563,22575
2024-09-02 11:10:00.000000000,1725246600000000000,539.1,539.3,538.9,538.9,184,22575,22630
2024-09-02 11:11:00.000000000,1725246660000000000,538.9,539.0,538.7,538.9,199,22630,22687
2024-09-02 11:12:00.000000000,1725246720000000000,538.9,539.0,538.8,539.0,51,22687,22692
2024-09-02 11:13:00.000000000,1725246780000000000,539.0,539.0,538.7,538.8,133,22692,22747
2024-09-02 11:14:00.000000000,1725246840000000000,538.8,538.8,538.6,538.6,69,22747,22754
2024-09-02 11:15:00.000000000,1725246900000000000,538.6,539.0,538.6,538.8,125,22754,22762
2024-09-02 11:16:00.000000000,1725246960000000000,538.8,538.8,538.7,538.7,78,22762,22775
2024-09-02 11:17:00.000000000,1725247020000000000,538.7,539.0,538.7,538.9,66,22775,22765
2024-09-02 11:18:00.000000000,1725247080000000000,538.9,539.0,538.8,538.8,35,22765,22760
2024-09-02 11:19:00.000000000,1725247140000000000,538.8,538.8,538.6,538.8,160,22760,22806
2024-09-02 11:20:00.000000000,1725247200000000000,538.8,539.0,538.8,539.0,97,22806,22785
2024-09-02 11:21:00.000000000,1725247260000000000,539.0,539.1,538.8,538.8,65,22785,22785
2024-09-02 11:22:00.000000000,1725247320000000000,538.8,538.9,538.7,538.7,54,22785,22763
2024-09-02 11:23:00.000000000,1725247380000000000,538.7,538.8,538.6,538.8,62,22763,22754
2024-09-02 11:24:00.000000000,1725247440000000000,538.8,539.0,538.7,538.9,50,22754,22748
2024-09-02 11:25:00.000000000,1725247500000000000,538.9,539.0,538.8,538.8,28,22748,22740
2024-09-02 11:26:00.000000000,1725247560000000000,538.8,539.0,538.7,539.0,51,22740,22747
2024-09-02 11:27:00.000000000,1725247620000000000,539.0,539.0,538.8,538.9,84,22747,22733
2024-09-02 11:28:00.000000000,1725247680000000000,538.9,538.9,538.7,538.7,24,22733,22731
2024-09-02 11:29:00.000000000,1725247740000000000,538.7,539.0,538.6,538.8,120,22731,22711
2024-09-02 13:30:00.000000000,1725255000000000000,539.9,540.1,539.7,539.9,400,22711,22675
2024-09-02 13:31:00.000000000,1725255060000000000,539.9,539.9,539.7,539.8,124,22675,22676
2024-09-02 13:32:00.000000000,1725255120000000000,539.8,540.1,539.7,539.9,144,22676,22663
2024-09-02 13:33:00.000000000,1725255180000000000,539.9,540.1,539.7,540.0,152,22663,22676
2024-09-02 13:34:00.000000000,1725255240000000000,540.0,540.1,540.0,540.0,49,22676,22681
2024-09-02 13:35:00.000000000,1725255300000000000,540.0,540.1,540.0,540.0,45,22681,22685
2024-09-02 13:36:00.000000000,1725255360000000000,540.0,540.1,539.9,540.0,79,22685,22688
2024-09-02 13:37:00.000000000,1725255420000000000,540.0,540.3,540.0,540.2,135,22688,22688
2024-09-02 13:38:00.000000000,1725255480000000000,540.2,540.3,540.2,540.2,58,22688,22676
2024-09-02 13:39:00.000000000,1725255540000000000,540.2,540.7,540.2,540.7,414,22676,22757
2024-09-02 13:40:00.000000000,1725255600000000000,540.7,541.0,540.7,540.9,180,22757,22760
2024-09-02 13:41:00.000000000,1725255660000000000,540.9,541.1,540.7,540.7,171,22760,22752
2024-09-02 13:42:00.000000000,1725255720000000000,540.7,540.9,540.6,540.7,95,22752,22741
2024-09-02 13:43:00.000000000,1725255780000000000,540.7,540.9,540.7,540.7,106,22741,22771
2024-09-02 13:44:00.000000000,1725255840000000000,540.7,540.9,540.7,540.8,46,22771,22778
2024-09-02 13:45:00.000000000,1725255900000000000,540.8,541.0,540.5,540.9,290,22778,22854
2024-09-02 13:46:00.000000000,1725255960000000000,540.9,541.1,540.9,541.0,182,22854,22891
2024-09-02 13:47:00.000000000,1725256020000000000,541.0,541.4,540.7,540.7,294,22891,22914
2024-09-02 13:48:00.000000000,1725256080000000000,540.7,540.7,540.5,540.5,89,22914,22932
2024-09-02 13:49:00.000000000,1725256140000000000,540.5,540.8,540.5,540.6,96,22932,22956
2024-09-02 13:50:00.000000000,1725256200000000000,540.6,540.8,540.6,540.7,86,22956,22922
2024-09-02 13:51:00.000000000,1725256260000000000,540.7,540.9,540.7,540.8,45,22922,22917
2024-09-02 13:52:00.000000000,1725256320000000000,540.8,540.9,540.7,540.8,30,22917,22917
2024-09-02 13:53:00.000000000,1725256380000000000,540.8,541.2,540.8,540.9,119,22917,22950
2024-09-02 13:54:00.000000000,1725256440000000000,540.9,541.1,540.9,541.0,64,22950,22963
2024-09-02 13:55:00.000000000,1725256500000000000,541.0,541.0,540.7,540.7,58,22963,22966
2024-09-02 13:56:00.000000000,1725256560000000000,540.7,540.9,540.6,540.9,57,22966,22982
2024-09-02 13:57:00.000000000,1725256620000000000,540.9,540.9,540.7,540.8,61,22982,22988
2024-09-02 13:58:00.000000000,1725256680000000000,540.8,541.0,540.7,540.9,65,22988,22999
2024-09-02 13:59:00.000000000,1725256740000000000,540.9,541.0,540.8,540.9,74,22999,22995
2024-09-02 14:00:00.000000000,1725256800000000000,540.9,541.1,540.2,540.8,392,22995,23031
2024-09-02 14:01:00.000000000,1725256860000000000,540.8,541.2,540.8,541.2,197,23031,23063
2024-09-02 14:02:00.000000000,1725256920000000000,541.2,541.3,541.0,541.0,71,23063,23080
2024-09-02 14:03:00.000000000,1725256980000000000,541.0,541.3,541.0,541.2,107,23080,23097
2024-09-02 14:04:00.000000000,1725257040000000000,541.2,541.3,541.0,541.1,65,23097,23106
2024-09-02 14:05:00.000000000,1725257100000000000,541.1,541.1,540.8,541.0,93,23106,23123
2024-09-02 14:06:00.000000000,1725257160000000000,541.0,541.2,540.7,540.8,136,23123,23150
2024-09-02 14:07:00.000000000,1725257220000000000,540.8,541.0,540.7,541.0,119,23150,23179
2024-09-02 14:08:00.000000000,1725257280000000000,541.0,541.3,541.0,541.3,66,23179,23186
2024-09-02 14:09:00.000000000,1725257340000000000,541.3,541.3,541.1,541.1,99,23186,23174
2024-09-02 14:10:00.000000000,1725257400000000000,541.1,541.2,540.9,541.0,86,23174,23178
2024-09-02 14:11:00.000000000,1725257460000000000,541.0,541.1,540.8,541.0,86,23178,23185
2024-09-02 14:12:00.000000000,1725257520000000000,541.0,541.0,540.5,540.6,123,23185,23175
2024-09-02 14:13:00.000000000,1725257580000000000,540.6,540.7,540.5,540.6,99,23175,23134
2024-09-02 14:14:00.000000000,1725257640000000000,540.6,541.0,540.6,540.8,113,23134,23177
2024-09-02 14:15:00.000000000,1725257700000000000,540.8,540.8,540.5,540.7,122,23177,23164
2024-09-02 14:16:00.000000000,1725257760000000000,540.7,540.9,540.7,540.8,35,23164,23163
2024-09-02 14:17:00.000000000,1725257820000000000,540.8,541.0,540.8,540.9,77,23163,23167
2024-09-02 14:18:00.000000000,1725257880000000000,540.9,541.0,540.8,540.8,56,23167,23164
2024-09-02 14:19:00.000000000,1725257940000000000,540.8,540.8,540.5,540.5,59,23164,23169
2024-09-02 14:20:00.000000000,1725258000000000000,540.5,540.6,540.4,540.6,84,23169,23144
2024-09-02 14:21:00.000000000,1725258060000000000,540.6,540.6,540.2,540.3,83,23144,23117
2024-09-02 14:22:00.000000000,1725258120000000000,540.3,540.4,540.2,540.3,87,23117,23150
2024-09-02 14:23:00.000000000,1725258180000000000,540.3,540.6,540.3,540.6,44,23150,23138
2024-09-02 14:24:00.000000000,1725258240000000000,540.6,540.6,540.5,540.6,27,23138,23148
2024-09-02 14:25:00.000000000,1725258300000000000,540.6,540.7,540.4,540.5,69,23148,23168
2024-09-02 14:26:00.000000000,1725258360000000000,540.5,540.8,540.4,540.7,37,23168,23164
2024-09-02 14:27:00.000000000,1725258420000000000,540.7,540.9,540.7,540.7,72,23164,23157
2024-09-02 14:28:00.000000000,1725258480000000000,540.7,540.7,540.5,540.7,37,23157,23162
2024-09-02 14:29:00.000000000,1725258540000000000,540.7,541.2,540.6,541.2,150,23162,23150
2024-09-02 14:30:00.000000000,1725258600000000000,541.2,541.2,540.8,540.9,66,23150,23151
2024-09-02 14:31:00.000000000,1725258660000000000,540.9,541.1,540.8,541.0,42,23151,23135
2024-09-02 14:32:00.000000000,1725258720000000000,541.0,541.1,540.8,541.0,94,23135,23148
2024-09-02 14:33:00.000000000,1725258780000000000,541.0,541.1,540.9,541.0,115,23148,23187
2024-09-02 14:34:00.000000000,1725258840000000000,541.0,541.0,540.9,541.0,53,23187,23181
2024-09-02 14:35:00.000000000,1725258900000000000,541.0,541.2,540.9,541.0,123,23181,23216
2024-09-02 14:36:00.000000000,1725258960000000000,541.0,541.2,541.0,541.0,100,23216,23198
2024-09-02 14:37:00.000000000,1725259020000000000,541.0,541.1,540.8,541.0,90,23198,23202
2024-09-02 14:38:00.000000000,1725259080000000000,541.0,541.1,540.9,540.9,91,23202,23196
2024-09-02 14:39:00.000000000,1725259140000000000,540.9,541.1,540.9,541.0,58,23196,23182
2024-09-02 14:40:00.000000000,1725259200000000000,541.0,541.2,541.0,541.0,94,23182,23176
2024-09-02 14:41:00.000000000,1725259260000000000,541.0,541.3,541.0,541.2,97,23176,23177
2024-09-02 14:42:00.000000000,1725259320000000000,541.2,541.3,541.1,541.1,88,23177,23181
2024-09-02 14:43:00.000000000,1725259380000000000,541.1,541.1,540.8,540.9,90,23181,23192
2024-09-02 14:44:00.000000000,1725259440000000000,540.9,541.1,540.8,541.1,73,23192,23211
2024-09-02 14:45:00.000000000,1725259500000000000,541.1,541.1,540.7,540.8,109,23211,23202
2024-09-02 14:46:00.000000000,1725259560000000000,540.8,541.0,540.8,541.0,38,23202,23201
2024-09-02 14:47:00.000000000,1725259620000000000,541.0,541.2,540.9,541.2,62,23201,23197
2024-09-02 14:48:00.000000000,1725259680000000000,541.2,541.3,541.1,541.3,79,23197,23194
2024-09-02 14:49:00.000000000,1725259740000000000,541.3,541.4,541.2,541.3,94,23194,23176
2024-09-02 14:50:00.000000000,1725259800000000000,541.3,541.3,541.1,541.2,119,23176,23187
2024-09-02 14:51:00.000000000,1725259860000000000,541.2,541.5,541.2,541.5,129,23187,23184
2024-09-02 14:52:00.000000000,1725259920000000000,541.5,541.5,541.3,541.3,120,23184,23206
2024-09-02 14:53:00.000000000,1725259980000000000,541.3,541.5,541.2,541.4,143,23206,23201
2024-09-02 14:54:00.000000000,1725260040000000000,541.4,541.5,541.1,541.1,167,23201,23176
2024-09-02 14:55:00.000000000,1725260100000000000,541.1,541.4,541.1,541.3,238,23176,23132
2024-09-02 14:56:00.000000000,1725260160000000000,541.3,541.3,541.0,541.1,230,23132,23102
2024-09-02 14:57:00.000000000,1725260220000000000,541.1,541.2,540.8,540.9,288,23102,23033
2024-09-02 14:58:00.000000000,1725260280000000000,540.9,541.0,540.7,540.8,355,23033,22899
2024-09-02 14:59:00.000000000,1725260340000000000,540.8,540.8,540.6,540.6,514,22899,22799
2024-09-02 21:00:00.000000000,1725282000000000000,544.2,545.0,543.8,544.9,1897,22799,22869
2024-09-02 21:01:00.000000000,1725282060000000000,544.9,545.6,544.9,545.1,998,22869,22907
2024-09-02 21:02:00.000000000,1725282120000000000,545.1,545.6,545.0,545.6,504,22907,22918
2024-09-02 21:03:00.000000000,1725282180000000000,545.6,545.6,545.0,545.3,491,22918,22980
2024-09-02 21:04:00.000000000,1725282240000000000,545.3,545.3,545.0,545.1,335,22980,22886
2024-09-02 21:05:00.000000000,1725282300000000000,545.1,545.1,544.6,544.9,432,22886,22909
2024-09-02 21:06:00.000000000,1725282360000000000,544.9,545.0,544.5,544.7,301,22909,22962
2024-09-02 21:07:00.000000000,1725282420000000000,544.7,545.1,544.7,545.1,315,22962,22988
2024-09-02 21:08:00.000000000,1725282480000000000,545.1,545.3,544.7,544.8,212,22988,23031
2024-09-02 21:09:00.000000000,1725282540000000000,544.8,545.0,544.7,545.0,176,23031,23048
2024-09-02 21:10:00.000000000,1725282600000000000,545.0,545.8,545.0,545.7,410,23048,23044
2024-09-02 21:11:00.000000000,1725282660000000000,545.7,545.8,545.5,545.7,288,23044,23064
2024-09-02 21:12:00.000000000,1725282720000000000,545.7,545.8,545.2,545.3,263,23064,23074
2024-09-02 21:13:00.000000000,1725282780000000000,545.3,545.4,545.2,545.3,140,23074,23081
2024-09-02 21:14:00.000000000,1725282840000000000,545.3,545.8,545.3,545.8,306,23081,23060
2024-09-02 21:15:00.000000000,1725282900000000000,545.8,545.8,545.4,545.5,190,23060,23103
2024-09-02 21:16:00.000000000,1725282960000000000,545.5,545.8,545.5,545.7,145,23103,23095
2024-09-02 21:17:00.000000000,1725283020000000000,545.7,545.7,545.4,545.4,147,23095,23097
2024-09-02 21:18:00.000000000,1725283080000000000,545.4,545.6,545.3,545.3,146,23097,23118
2024-09-02 21:19:00.000000000,1725283140000000000,545.3,545.4,545.1,545.1,200,23118,23041
2024-09-02 21:20:00.000000000,1725283200000000000,545.1,545.4,545.0,545.1,330,23041,23045
2024-09-02 21:21:00.000000000,1725283260000000000,545.1,545.7,545.1,545.5,199,23045,23052
2024-09-02 21:22:00.000000000,1725283320000000000,545.5,545.7,545.4,545.5,128,23052,23064
2024-09-02 21:23:00.000000000,1725283380000000000,545.5,547.0,545.5,546.5,1224,23064,22923
2024-09-02 21:24:00.000000000,1725283440000000000,546.5,546.9,546.4,546.5,524,22923,22877
2024-09-02 21:25:00.000000000,1725283500000000000,546.5,546.7,546.4,546.5,189,22877,22903
2024-09-02 21:26:00.000000000,1725283560000000000,546.5,546.5,546.0,546.2,264,22903,22885
2024-09-02 21:27:00.000000000,1725283620000000000,546.2,546.2,546.0,546.2,159,22885,22887
2024-09-02 21:28:00.000000000,1725283680000000000,546.2,546.2,545.9,545.9,101,22887,22901
2024-09-02 21:29:00.000000000,1725283740000000000,545.9,545.9,545.6,545.9,263,22901,22886
2024-09-02 21:30:00.000000000,1725283800000000000,545.9,546.3,545.9,546.2,261,22886,22930
2024-09-02 21:31:00.000000000,1725283860000000000,546.2,546.2,545.5,545.6,224,22930,22967
2024-09-02 21:32:00.000000000,1725283920000000000,545.6,546.1,545.6,545.9,189,22967,22975
2024-09-02 21:33:00.000000000,1725283980000000000,545.9,546.0,545.6,545.6,203,22975,22956
2024-09-02 21:34:00.000000000,1725284040000000000,545.6,545.6,545.2,545.4,468,22956,22839
2024-09-02 21:35:00.000000000,1725284100000000000,545.4,545.6,545.3,545.5,105,22839,22861
2024-09-02 21:36:00.000000000,1725284160000000000,545.5,545.6,545.1,545.2,203,22861,22879
2024-09-02 21:37:00.000000000,1725284220000000000,545.2,545.3,544.7,544.8,393,22879,22840
2024-09-02 21:38:00.000000000,1725284280000000000,544.8,544.9,544.5,544.9,372,22840,22856
2024-09-02 21:39:00.000000000,1725284340000000000,544.9,544.9,544.6,544.8,186,22856,22874
2024-09-02 21:40:00.000000000,1725284400000000000,544.8,544.8,544.0,544.0,511,22874,22861
2024-09-02 21:41:00.000000000,1725284460000000000,544.0,544.4,543.9,544.4,337,22861,22897
2024-09-02 21:42:00.000000000,1725284520000000000,544.4,544.4,544.0,544.1,283,22897,22947
2024-09-02 21:43:00.000000000,1725284580000000000,544.1,544.3,544.0,544.3,221,22947,23040
2024-09-02 21:44:00.000000000,1725284640000000000,544.3,544.3,543.6,543.9,385,23040,23062
2024-09-02 21:45:00.000000000,1725284700000000000,543.9,544.0,543.5,543.7,376,23062,23110
2024-09-02 21:46:00.000000000,1725284760000000000,543.7,543.8,543.3,543.3,218,23110,23145
2024-09-02 21:47:00.000000000,1725284820000000000,543.3,543.6,543.2,543.6,387,23145,23205
2024-09-02 21:48:00.000000000,1725284880000000000,543.6,543.9,543.6,543.8,281,23205,23242
2024-09-02 21:49:00.000000000,1725284940000000000,543.8,544.0,543.7,543.7,182,23242,23266
2024-09-02 21:50:00.000000000,1725285000000000000,543.7,544.6,543.7,544.4,448,23266,23286
2024-09-02 21:51:00.000000000,1725285060000000000,544.4,544.6,544.4,544.4,160,23286,23294
2024-09-02 21:52:00.000000000,1725285120000000000,544.4,544.7,544.4,544.4,263,23294,23267
2024-09-02 21:53:00.000000000,1725285180000000000,544.4,544.6,544.3,544.4,114,23267,23288
2024-09-02 21:54:00.000000000,1725285240000000000,544.4,544.6,544.4,544.6,120,23288,23283
2024-09-02 21:55:00.000000000,1725285300000000000,544.6,544.7,544.4,544.4,121,23283,23302
2024-09-02 21:56:00.000000000,1725285360000000000,544.4,544.7,544.3,544.6,143,23302,23337
2024-09-02 21:57:00.000000000,1725285420000000000,544.6,544.7,544.4,544.5,185,23337,23369
2024-09-02 21:58:00.000000000,1725285480000000000,544.5,544.6,544.3,544.5,120,23369,23357
2024-09-02 21:59:00.000000000,1725285540000000000,544.5,544.5,543.9,544.1,252,23357,23384
2024-09-02 22:00:00.000000000,1725285600000000000,544.1,544.6,544.1,544.6,234,23384,23377
2024-09-02 22:01:00.000000000,1725285660000000000,544.6,544.6,544.1,544.4,182,23377,23370
2024-09-02 22:02:00.000000000,1725285720000000000,544.4,544.6,544.3,544.4,155,23370,23400
2024-09-02 22:03:00.000000000,1725285780000000000,544.4,544.6,544.4,544.4,110,23400,23419
2024-09-02 22:04:00.000000000,1725285840000000000,544.4,544.6,544.3,544.4,118,23419,23425
2024-09-02 22:05:00.000000000,1725285900000000000,544.4,544.5,544.4,544.5,82,23425,23426
2024-09-02 22:06:00.000000000,1725285960000000000,544.5,544.6,544.5,544.5,37,23426,23428
2024-09-02 22:07:00.000000000,1725286020000000000,544.5,544.8,544.3,544.8,256,23428,23420
2024-09-02 22:08:00.000000000,1725286080000000000,544.8,545.0,544.5,544.7,318,23420,23424
2024-09-02 22:09:00.000000000,1725286140000000000,544.7,545.0,544.7,544.8,208,23424,23418
2024-09-02 22:10:00.000000000,1725286200000000000,544.8,544.9,544.7,544.7,75,23418,23414
2024-09-02 22:11:00.000000000,1725286260000000000,544.7,544.7,544.3,544.3,166,23414,23432
2024-09-02 22:12:00.000000000,1725286320000000000,544.3,544.6,544.1,544.6,167,23432,23427
2024-09-02 22:13:00.000000000,1725286380000000000,544.6,544.8,544.5,544.6,149,23427,23405
2024-09-02 22:14:00.000000000,1725286440000000000,544.6,544.7,544.4,544.7,104,23405,23401
2024-09-02 22:15:00.000000000,1725286500000000000,544.7,544.8,544.6,544.6,59,23401,23399
2024-09-02 22:16:00.000000000,1725286560000000000,544.6,544.9,544.5,544.8,179,23399,23417
2024-09-02 22:17:00.000000000,1725286620000000000,544.8,544.8,544.6,544.7,84,23417,23447
2024-09-02 22:18:00.000000000,1725286680000000000,544.7,544.9,544.7,544.9,114,23447,23442
2024-09-02 22:19:00.000000000,1725286740000000000,544.9,545.1,544.8,545.1,169,23442,23436
2024-09-02 22:20:00.000000000,1725286800000000000,545.1,545.2,544.7,544.7,224,23436,23397
2024-09-02 22:21:00.000000000,1725286860000000000,544.7,544.7,544.5,544.5,136,23397,23393
2024-09-02 22:22:00.000000000,1725286920000000000,544.5,544.8,544.5,544.7,113,23393,23394
2024-09-02 22:23:00.000000000,1725286980000000000,544.7,544.7,544.5,544.6,20,23394,23393
2024-09-02 22:24:00.000000000,1725287040000000000,544.6,545.3,544.5,545.0,408,23393,23380
2024-09-02 22:25:00.000000000,1725287100000000000,545.0,545.0,544.4,544.5,288,23380,23408
2024-09-02 22:26:00.000000000,1725287160000000000,544.5,544.8,544.5,544.7,76,23408,23412
2024-09-02 22:27:00.000000000,1725287220000000000,544.7,544.8,544.7,544.7,27,23412,23409
2024-09-02 22:28:00.000000000,1725287280000000000,544.7,544.7,544.5,544.5,84,23409,23420
2024-09-02 22:29:00.000000000,1725287340000000000,544.5,545.0,544.5,544.9,135,23420,23437
2024-09-02 22:30:00.000000000,1725287400000000000,544.9,545.0,544.6,544.8,112,23437,23432
2024-09-02 22:31:00.000000000,1725287460000000000,544.8,544.8,544.6,544.6,45,23432,23425
2024-09-02 22:32:00.000000000,1725287520000000000,544.6,544.7,544.3,544.4,198,23425,23396
2024-09-02 22:33:00.000000000,1725287580000000000,544.4,544.9,544.4,544.9,90,23396,23393
2024-09-02 22:34:00.000000000,1725287640000000000,544.9,544.9,544.4,544.4,94,23393,23377
2024-09-02 22:35:00.000000000,1725287700000000000,544.4,544.6,544.4,544.5,92,23377,23398
2024-09-02 22:36:00.000000000,1725287760000000000,544.5,544.7,544.4,544.6,73,23398,23404
2024-09-02 22:37:00.000000000,1725287820000000000,544.6,544.7,544.3,544.3,94,23404,23417
2024-09-02 22:38:00.000000000,1725287880000000000,544.3,545.2,544.3,545.2,318,23417,23431
2024-09-02 22:39:00.000000000,1725287940000000000,545.2,545.5,545.1,545.5,336,23431,23435
2024-09-02 22:40:00.000000000,1725288000000000000,545.5,545.5,545.1,545.2,172,23435,23424
2024-09-02 22:41:00.000000000,1725288060000000000,545.2,545.2,545.0,545.1,99,23424,23413
2024-09-02 22:42:00.000000000,1725288120000000000,545.1,545.3,545.1,545.2,75,23413,23423
2024-09-02 22:43:00.000000000,1725288180000000000,545.2,545.2,545.0,545.2,121,23423,23435
2024-09-02 22:44:00.000000000,1725288240000000000,545.2,545.2,545.0,545.0,66,23435,23446
2024-09-02 22:45:00.000000000,1725288300000000000,545.0,545.0,544.7,544.8,211,23446,23445
2024-09-02 22:46:00.000000000,1725288360000000000,544.8,544.8,544.4,544.5,173,23445,23438
2024-09-02 22:47:00.000000000,1725288420000000000,544.5,544.7,544.0,544.7,403,23438,23434
2024-09-02 22:48:00.000000000,1725288480000000000,544.7,545.3,544.6,545.2,303,23434,23407
2024-09-02 22:49:00.000000000,1725288540000000000,545.2,545.2,544.7,545.0,146,23407,23412
2024-09-02 22:50:00.000000000,1725288600000000000,545.0,545.1,544.9,545.0,82,23412,23403
2024-09-02 22:51:00.000000000,1725288660000000000,545.0,545.1,544.9,544.9,39,23403,23411
2024-09-02 22:52:00.000000000,1725288720000000000,544.9,544.9,544.6,544.6,148,23411,23388
2024-09-02 22:53:00.000000000,1725288780000000000,544.6,545.2,544.6,545.1,148,23388,23428
2024-09-02 22:54:00.000000000,1725288840000000000,545.1,545.6,545.1,545.4,413,23428,23459
2024-09-02 22:55:00.000000000,1725288900000000000,545.4,546.2,545.3,546.0,627,23459,23405
2024-09-02 22:56:00.000000000,1725288960000000000,546.0,546.2,545.8,545.8,340,23405,23403
2024-09-02 22:57:00.000000000,1725289020000000000,545.8,545.9,545.7,545.9,136,23403,23424
2024-09-02 22:58:00.000000000,1725289080000000000,545.9,546.1,545.7,546.0,252,23424,23501
2024-09-02 22:59:00.000000000,1725289140000000000,546.0,546.0,545.7,545.8,196,23501,23509
2024-09-02 23:00:00.000000000,1725289200000000000,545.8,546.4,545.7,546.0,534,23509,23521
2024-09-02 23:01:00.000000000,1725289260000000000,546.0,546.2,545.9,546.1,169,23521,23535
2024-09-02 23:02:00.000000000,1725289320000000000,546.1,546.4,546.0,546.4,205,23535,23574
2024-09-02 23:03:00.000000000,1725289380000000000,546.4,546.4,545.9,546.0,138,23574,23593
2024-09-02 23:04:00.000000000,1725289440000000000,546.0,546.2,545.8,546.2,267,23593,23605
2024-09-02 23:05:00.000000000,1725289500000000000,546.2,546.3,546.0,546.2,116,23605,23582
2024-09-02 23:06:00.000000000,1725289560000000000,546.2,546.3,546.0,546.3,77,23582,23587
2024-09-02 23:07:00.000000000,1725289620000000000,546.3,546.7,546.1,546.4,291,23587,23627
2024-09-02 23:08:00.000000000,1725289680000000000,546.4,546.4,546.2,546.3,188,23627,23605
2024-09-02 23:09:00.000000000,1725289740000000000,546.3,546.4,546.2,546.3,80,23605,23600
2024-09-02 23:10:00.000000000,1725289800000000000,546.3,546.4,545.8,546.0,368,23600,23528
2024-09-02 23:11:00.000000000,1725289860000000000,546.0,546.4,545.9,546.2,214,23528,23516
2024-09-02 23:12:00.000000000,1725289920000000000,546.2,546.5,546.2,546.3,201,23516,23599
2024-09-02 23:13:00.000000000,1725289980000000000,546.3,546.3,545.9,546.0,198,23599,23634
2024-09-02 23:14:00.000000000,1725290040000000000,546.0,546.3,545.9,546.3,107,23634,23642
2024-09-02 23:15:00.000000000,1725290100000000000,546.3,546.3,546.0,546.1,64,23642,23636
2024-09-02 23:16:00.000000000,1725290160000000000,546.1,546.1,545.4,545.9,457,23636,23577
2024-09-02 23:17:00.000000000,1725290220000000000,545.9,545.9,545.7,545.9,121,23577,23595
2024-09-02 23:18:00.000000000,1725290280000000000,545.9,546.0,545.7,545.9,171,23595,23571
2024-09-02 23:19:00.000000000,1725290340000000000,545.9,546.1,545.8,546.0,87,23571,23559
2024-09-02 23:20:00.000000000,1725290400000000000,546.0,546.0,545.9,545.9,52,23559,23558
2024-09-02 23:21:00.000000000,1725290460000000000,545.9,546.0,545.6,545.6,193,23558,23546
2024-09-02 23:22:00.000000000,1725290520000000000,545.6,545.7,545.4,545.7,203,23546,23500
2024-09-02 23:23:00.000000000,1725290580000000000,545.7,545.7,545.3,545.6,122,23500,23472
2024-09-02 23:24:00.000000000,1725290640000000000,545.6,545.6,545.5,545.5,49,23472,23464
2024-09-02 23:25:00.000000000,1725290700000000000,545.5,546.0,545.4,545.8,306,23464,23460
2024-09-02 23:26:00.000000000,1725290760000000000,545.8,546.2,545.8,546.0,242,23460,23483
2024-09-02 23:27:00.000000000,1725290820000000000,546.0,546.5,546.0,546.3,217,23483,23476
2024-09-02 23:28:00.000000000,1725290880000000000,546.3,546.4,546.2,546.2,120,23476,23464
2024-09-02 23:29:00.000000000,1725290940000000000,546.2,546.2,544.6,544.9,917,23464,23383
2024-09-02 23:30:00.000000000,1725291000000000000,544.9,545.3,544.7,545.3,491,23383,23369
2024-09-02 23:31:00.000000000,1725291060000000000,545.3,545.5,545.2,545.3,144,23369,23368
2024-09-02 23:32:00.000000000,1725291120000000000,545.3,546.0,545.3,545.8,341,23368,23373
2024-09-02 23:33:00.000000000,1725291180000000000,545.8,546.0,545.8,545.9,89,23373,23386
2024-09-02 23:34:00.000000000,1725291240000000000,545.9,545.9,545.4,545.5,227,23386,23367
2024-09-02 23:35:00.000000000,1725291300000000000,545.5,545.6,545.4,545.6,69,23367,23359
2024-09-02 23:36:00.000000000,1725291360000000000,545.6,545.8,545.5,545.7,69,23359,23358
2024-09-02 23:37:00.000000000,1725291420000000000,545.7,545.9,545.7,545.9,125,23358,23380
2024-09-02 23:38:00.000000000,1725291480000000000,545.9,546.1,545.8,545.9,104,23380,23400
2024-09-02 23:39:00.000000000,1725291540000000000,545.9,546.0,545.8,545.8,32,23400,23412
2024-09-02 23:40:00.000000000,1725291600000000000,545.8,545.9,545.5,545.5,73,23412,23386
2024-09-02 23:41:00.000000000,1725291660000000000,545.5,545.7,545.4,545.6,100,23386,23370
2024-09-02 23:42:00.000000000,1725291720000000000,545.6,545.7,545.6,545.6,36,23370,23368
2024-09-02 23:43:00.000000000,1725291780000000000,545.6,545.6,545.3,545.4,114,23368,23378
2024-09-02 23:44:00.000000000,1725291840000000000,545.4,545.5,545.1,545.3,170,23378,23383
2024-09-02 23:45:00.000000000,1725291900000000000,545.3,545.7,545.3,545.6,132,23383,23376
2024-09-02 23:46:00.000000000,1725291960000000000,545.6,545.7,545.5,545.7,81,23376,23364
2024-09-02 23:47:00.000000000,1725292020000000000,545.7,545.8,545.6,545.6,86,23364,23358
2024-09-02 23:48:00.000000000,1725292080000000000,545.6,546.0,545.6,545.7,171,23358,23391
2024-09-02 23:49:00.000000000,1725292140000000000,545.7,545.8,545.7,545.7,40,23391,23383
2024-09-02 23:50:00.000000000,1725292200000000000,545.7,546.0,545.7,545.9,66,23383,23366
2024-09-02 23:51:00.000000000,1725292260000000000,545.9,547.6,545.9,547.3,973,23366,23425
2024-09-02 23:52:00.000000000,1725292320000000000,547.3,548.0,547.3,547.7,861,23425,23415
2024-09-02 23:53:00.000000000,1725292380000000000,547.7,548.1,547.6,548.0,491,23415,23427
2024-09-02 23:54:00.000000000,1725292440000000000,548.0,548.0,547.6,547.8,309,23427,23457
2024-09-02 23:55:00.000000000,1725292500000000000,547.8,547.8,547.5,547.6,133,23457,23473
2024-09-02 23:56:00.000000000,1725292560000000000,547.6,548.8,547.6,548.6,915,23473,23472
2024-09-02 23:57:00.000000000,1725292620000000000,548.6,549.1,548.4,548.8,480,23472,23515
2024-09-02 23:58:00.000000000,1725292680000000000,548.8,549.1,548.7,549.1,321,23515,23554
2024-09-02 23:59:00.000000000,1725292740000000000,549.1,550.1,549.0,550.0,1004,23554,23465
2024-09-03 00:00:00.000000000,1725292800000000000,550.0,550.2,549.4,549.7,753,23465,23459
2024-09-03 00:01:00.000000000,1725292860000000000,549.7,550.1,549.7,549.9,433,23459,23513
2024-09-03 00:02:00.000000000,1725292920000000000,549.9,550.3,549.6,549.6,675,23513,23536
2024-09-03 00:03:00.000000000,1725292980000000000,549.6,549.8,549.5,549.5,203,23536,23540
2024-09-03 00:04:00.000000000,1725293040000000000,549.5,549.8,549.5,549.8,204,23540,23554
2024-09-03 00:05:00.000000000,1725293100000000000,549.8,549.8,549.4,549.5,206,23554,23528
2024-09-03 00:06:00.000000000,1725293160000000000,549.5,549.8,549.4,549.4,290,23528,23489
2024-09-03 00:07:00.000000000,1725293220000000000,549.4,549.4,549.1,549.3,329,23489,23415
2024-09-03 00:08:00.000000000,1725293280000000000,549.3,549.7,549.2,549.6,205,23415,23395
2024-09-03 00:09:00.000000000,1725293340000000000,549.6,549.8,549.4,549.7,279,23395,23493
2024-09-03 00:10:00.000000000,1725293400000000000,549.7,550.6,549.6,550.3,700,23493,23393
2024-09-03 00:11:00.000000000,1725293460000000000,550.3,550.3,550.1,550.2,133,23393,23421
2024-09-03 00:12:00.000000000,1725293520000000000,550.2,550.2,549.9,550.1,193,23421,23433
2024-09-03 00:13:00.000000000,1725293580000000000,550.1,550.5,550.1,550.5,216,23433,23451
2024-09-03 00:14:00.000000000,1725293640000000000,550.5,550.6,550.3,550.4,244,23451,23488
2024-09-03 00:15:00.000000000,1725293700000000000,550.4,550.5,550.0,550.3,208,23488,23499
2024-09-03 00:16:00.000000000,1725293760000000000,550.3,550.4,549.8,550.0,260,23499,23491
2024-09-03 00:17:00.000000000,1725293820000000000,550.0,550.2,549.9,550.2,95,23491,23466
2024-09-03 00:18:00.000000000,1725293880000000000,550.2,550.3,550.0,550.2,86,23466,23481
2024-09-03 00:19:00.000000000,1725293940000000000,550.2,550.3,550.1,550.1,60,23481,23483
2024-09-03 00:20:00.000000000,1725294000000000000,550.1,550.2,549.9,550.0,108,23483,23474
2024-09-03 00:21:00.000000000,1725294060000000000,550.0,550.1,549.8,550.0,115,23474,23470
2024-09-03 00:22:00.000000000,1725294120000000000,550.0,550.2,549.6,550.2,191,23470,23492
2024-09-03 00:23:00.000000000,1725294180000000000,550.2,550.8,550.1,550.6,349,23492,23433
2024-09-03 00:24:00.000000000,1725294240000000000,550.6,550.8,550.5,550.6,240,23433,23464
2024-09-03 00:25:00.000000000,1725294300000000000,550.6,550.6,550.4,550.4,91,23464,23470
2024-09-03 00:26:00.000000000,1725294360000000000,550.4,550.6,550.4,550.6,74,23470,23493
2024-09-03 00:27:00.000000000,1725294420000000000,550.6,550.7,550.4,550.5,115,23493,23498
2024-09-03 00:28:00.000000000,1725294480000000000,550.5,550.5,550.4,550.5,69,23498,23502
2024-09-03 00:29:00.000000000,1725294540000000000,550.5,550.6,550.3,550.4,116,23502,23498
2024-09-03 00:30:00.000000000,1725294600000000000,550.4,550.4,549.8,549.8,298,23498,23427
2024-09-03 00:31:00.000000000,1725294660000000000,549.8,550.2,549.8,550.0,189,23427,23450
2024-09-03 00:32:00.000000000,1725294720000000000,550.0,550.1,549.7,549.7,97,23450,23415
2024-09-03 00:33:00.000000000,1725294780000000000,549.7,550.0,549.7,549.9,69,23415,23420
2024-09-03 00:34:00.000000000,1725294840000000000,549.9,550.0,549.7,549.8,92,23420,23424
2024-09-03 00:35:00.000000000,1725294900000000000,549.8,549.9,549.7,549.9,71,23424,23422
2024-09-03 00:36:00.000000000,1725294960000000000,549.9,549.9,549.1,549.2,505,23422,23330
2024-09-03 00:37:00.000000000,1725295020000000000,549.2,549.5,549.2,549.3,155,23330,23320
2024-09-03 00:38:00.000000000,1725295080000000000,549.3,549.5,549.2,549.4,118,23320,23291
2024-09-03 00:39:00.000000000,1725295140000000000,549.4,549.4,549.2,549.2,83,23291,23280
2024-09-03 00:40:00.000000000,1725295200000000000,549.2,549.2,548.3,548.3,583,23280,23191
2024-09-03 00:41:00.000000000,1725295260000000000,548.3,548.5,548.2,548.4,304,23191,23111
2024-09-03 00:42:00.000000000,1725295320000000000,548.4,548.8,548.3,548.8,335,23111,23044
2024-09-03 00:43:00.000000000,1725295380000000000,548.8,548.8,548.6,548.7,70,23044,23018
2024-09-03 00:44:00.000000000,1725295440000000000,548.7,548.8,548.5,548.6,66,23018,23018
2024-09-03 00:45:00.000000000,1725295500000000000,548.6,549.0,548.5,549.0,195,23018,23026
2024-09-03 00:46:00.000000000,1725295560000000000,549.0,549.1,548.8,549.0,110,23026,23015
2024-09-03 00:47:00.000000000,1725295620000000000,549.0,549.0,548.9,549.0,38,23015,23017
2024-09-03 00:48:00.000000000,1725295680000000000,549.0,549.2,548.9,549.2,92,23017,23017
2024-09-03 00:49:00.000000000,1725295740000000000,549.2,549.4,549.1,549.4,293,23017,22991
2024-09-03 00:50:00.000000000,1725295800000000000,549.4,549.4,549.0,549.0,129,22991,22973
2024-09-03 00:51:00.000000000,1725295860000000000,549.0,549.0,548.7,548.8,153,22973,22974
2024-09-03 00:52:00.000000000,1725295920000000000,548.8,548.9,548.7,548.9,50,22974,22976
2024-09-03 00:53:00.000000000,1725295980000000000,548.9,548.9,548.7,548.9,76,22976,22997
2024-09-03 00:54:00.000000000,1725296040000000000,548.9,549.2,548.9,549.2,163,22997,22960
2024-09-03 00:55:00.000000000,1725296100000000000,549.2,549.2,549.0,549.0,99,22960,22947
2024-09-03 00:56:00.000000000,1725296160000000000,549.0,549.8,549.0,549.6,356,22947,22851
2024-09-03 00:57:00.000000000,1725296220000000000,549.6,549.7,549.5,549.6,142,22851,22845
2024-09-03 00:58:00.000000000,1725296280000000000,549.6,549.8,549.4,549.4,173,22845,22859
2024-09-03 00:59:00.000000000,1725296340000000000,549.4,549.4,548.9,548.9,157,22859,22852
2024-09-03 01:00:00.000000000,1725296400000000000,548.9,549.1,548.9,549.1,164,22852,22839
2024-09-03 01:01:00.000000000,1725296460000000000,549.1,549.2,549.0,549.0,80,22839,22848
2024-09-03 01:02:00.000000000,1725296520000000000,549.0,549.0,548.5,548.7,159,22848,22830
2024-09-03 01:03:00.000000000,1725296580000000000,548.7,548.8,548.6,548.7,84,22830,22840
2024-09-03 01:04:00.000000000,1725296640000000000,548.7,548.8,548.4,548.5,116,22840,22820
2024-09-03 01:05:00.000000000,1725296700000000000,548.5,548.6,548.4,548.4,80,22820,22828
2024-09-03 01:06:00.000000000,1725296760000000000,548.4,548.5,548.2,548.3,112,22828,22812
2024-09-03 01:07:00.000000000,1725296820000000000,548.3,548.6,548.3,548.5,98,22812,22785
2024-09-03 01:08:00.000000000,1725296880000000000,548.5,548.6,548.4,548.4,65,22785,22773
2024-09-03 01:09:00.000000000,1725296940000000000,548.4,548.5,548.4,548.4,21,22773,22775
2024-09-03 01:10:00.000000000,1725297000000000000,548.4,548.6,548.3,548.6,100,22775,22722
2024-09-03 01:11:00.000000000,1725297060000000000,548.6,548.6,548.4,548.4,35,22722,22718
2024-09-03 01:12:00.000000000,1725297120000000000,548.4,548.6,548.3,548.5,93,22718,22719
2024-09-03 01:13:00.000000000,1725297180000000000,548.5,548.6,548.4,548.4,78,22719,22697
2024-09-03 01:14:00.000000000,1725297240000000000,548.4,548.5,548.3,548.5,40,22697,22696
2024-09-03 01:15:00.000000000,1725297300000000000,548.5,548.5,548.2,548.2,149,22696,22691
2024-09-03 01:16:00.000000000,1725297360000000000,548.2,548.3,547.7,547.7,338,22691,22671
2024-09-03 01:17:00.000000000,1725297420000000000,547.7,548.0,547.5,547.6,346,22671,22663
2024-09-03 01:18:00.000000000,1725297480000000000,547.6,547.8,547.4,547.6,290,22663,22629
2024-09-03 01:19:00.000000000,1725297540000000000,547.6,547.8,547.5,547.7,124,22629,22648
2024-09-03 01:20:00.000000000,1725297600000000000,547.7,547.7,547.4,547.5,133,22648,22673
2024-09-03 01:21:00.000000000,1725297660000000000,547.5,547.7,547.5,547.7,77,22673,22674
2024-09-03 01:22:00.000000000,1725297720000000000,547.7,547.8,547.7,547.7,33,22674,22671
2024-09-03 01:23:00.000000000,1725297780000000000,547.7,547.8,547.6,547.7,30,22671,22672
2024-09-03 01:24:00.000000000,1725297840000000000,547.7,547.8,547.7,547.8,33,22672,22653
2024-09-03 01:25:00.000000000,1725297900000000000,547.8,547.9,547.7,547.8,63,22653,22659
2024-09-03 01:26:00.000000000,1725297960000000000,547.8,547.8,547.3,547.5,82,22659,22663
2024-09-03 01:27:00.000000000,1725298020000000000,547.5,547.5,547.3,547.5,79,22663,22645
2024-09-03 01:28:00.000000000,1725298080000000000,547.5,547.5,547.2,547.3,116,22645,22650
2024-09-03 01:29:00.000000000,1725298140000000000,547.3,547.3,547.1,547.2,109,22650,22637
2024-09-03 01:30:00.000000000,1725298200000000000,547.2,547.4,547.2,547.3,42,22637,22633
2024-09-03 01:31:00.000000000,1725298260000000000,547.3,547.5,547.3,547.5,33,22633,22631
2024-09-03 01:32:00.000000000,1725298320000000000,547.5,547.5,547.4,547.4,24,22631,22631
2024-09-03 01:33:00.000000000,1725298380000000000,547.4,547.7,547.4,547.6,114,22631,22593
2024-09-03 01:34:00.000000000,1725298440000000000,547.6,547.6,547.5,547.6,12,22593,22588
2024-09-03 01:35:00.000000000,1725298500000000000,547.6,547.6,547.5,547.5,38,22588,22598
2024-09-03 01:36:00.000000000,1725298560000000000,547.5,547.5,547.4,547.4,11,22598,22598
2024-09-03 01:37:00.000000000,1725298620000000000,547.4,547.6,547.4,547.5,22,22598,22582
2024-09-03 01:38:00.000000000,1725298680000000000,547.5,547.9,547.5,547.9,165,22582,22571
2024-09-03 01:39:00.000000000,1725298740000000000,547.9,547.9,547.8,547.8,56,22571,22560
2024-09-03 01:40:00.000000000,1725298800000000000,547.8,547.8,547.3,547.3,102,22560,22545
2024-09-03 01:41:00.000000000,1725298860000000000,547.3,547.5,547.3,547.5,30,22545,22558
2024-09-03 01:42:00.000000000,1725298920000000000,547.5,547.5,547.4,547.4,6,22558,22556
2024-09-03 01:43:00.000000000,1725298980000000000,547.4,547.5,547.4,547.5,6,22556,22556
2024-09-03 01:44:00.000000000,1725299040000000000,547.5,547.6,547.5,547.6,42,22556,22535
2024-09-03 01:45:00.000000000,1725299100000000000,547.6,547.6,547.4,547.5,32,22535,22521
2024-09-03 01:46:00.000000000,1725299160000000000,547.5,547.5,547.3,547.3,47,22521,22534
2024-09-03 01:47:00.000000000,1725299220000000000,547.3,547.4,547.3,547.4,11,22534,22534
2024-09-03 01:48:00.000000000,1725299280000000000,547.4,547.4,547.3,547.3,10,22534,22533
2024-09-03 01:49:00.000000000,1725299340000000000,547.3,547.3,547.3,547.3,31,22533,22523
2024-09-03 01:50:00.000000000,1725299400000000000,547.3,547.4,547.3,547.4,8,22523,22521
2024-09-03 01:51:00.000000000,1725299460000000000,547.4,547.4,547.3,547.3,29,22521,22506
2024-09-03 01:52:00.000000000,1725299520000000000,547.3,547.4,547.3,547.3,8,22506,22502
2024-09-03 01:53:00.000000000,1725299580000000000,547.3,547.5,547.3,547.5,71,22502,22517
2024-09-03 01:54:00.000000000,1725299640000000000,547.5,547.5,547.4,547.4,34,22517,22494
2024-09-03 01:55:00.000000000,1725299700000000000,547.4,547.4,547.3,547.4,12,22494,22487
2024-09-03 01:56:00.000000000,1725299760000000000,547.4,547.4,547.3,547.4,6,22487,22481
2024-09-03 01:57:00.000000000,1725299820000000000,547.4,547.5,547.4,547.5,34,22481,22461
2024-09-03 01:58:00.000000000,1725299880000000000,547.5,547.5,547.4,547.5,11,22461,22458
2024-09-03 01:59:00.000000000,1725299940000000000,547.5,547.5,547.4,547.4,10,22458,22453
2024-09-03 02:00:00.000000000,1725300000000000000,547.4,547.5,547.4,547.5,16,22453,22448
2024-09-03 02:01:00.000000000,1725300060000000000,547.5,547.8,547.5,547.8,91,22448,22427
2024-09-03 02:02:00.000000000,1725300120000000000,547.8,547.9,547.7,547.8,50,22427,22429
2024-09-03 02:03:00.000000000,1725300180000000000,547.8,547.9,547.7,547.8,29,22429,22424
2024-09-03 02:04:00.000000000,1725300240000000000,547.8,547.9,547.8,547.9,38,22424,22413
2024-09-03 02:05:00.000000000,1725300300000000000,547.9,548.2,547.9,548.0,170,22413,22393
2024-09-03 02:06:00.000000000,1725300360000000000,548.0,548.2,547.9,548.1,74,22393,22396
2024-09-03 02:07:00.000000000,1725300420000000000,548.1,548.2,548.1,548.1,18,22396,22393
2024-09-03 02:08:00.000000000,1725300480000000000,548.1,548.1,547.8,547.8,160,22393,22475
2024-09-03 02:09:00.000000000,1725300540000000000,547.8,547.8,547.7,547.7,57,22475,22474
2024-09-03 02:10:00.000000000,1725300600000000000,547.7,547.8,547.7,547.7,31,22474,22479
2024-09-03 02:11:00.000000000,1725300660000000000,547.7,547.9,547.7,547.9,47,22479,22478
2024-09-03 02:12:00.000000000,1725300720000000000,547.9,547.9,547.9,547.9,9,22478,22475
2024-09-03 02:13:00.000000000,1725300780000000000,547.9,547.9,547.9,547.9,3,22475,22476
2024-09-03 02:14:00.000000000,1725300840000000000,547.9,547.9,547.4,547.4,150,22476,22445
2024-09-03 02:15:00.000000000,1725300900000000000,547.4,547.8,547.4,547.8,137,22445,22404
2024-09-03 02:16:00.000000000,1725300960000000000,547.8,547.9,547.7,547.9,29,22404,22403
2024-09-03 02:17:00.000000000,1725301020000000000,547.9,548.0,547.9,548.0,10,22403,22406
2024-09-03 02:18:00.000000000,1725301080000000000,548.0,548.0,547.9,547.9,5,22406,22408
2024-09-03 02:19:00.000000000,1725301140000000000,547.9,548.0,547.9,547.9,45,22408,22414
2024-09-03 02:20:00.000000000,1725301200000000000,547.9,548.0,547.9,548.0,11,22414,22409
2024-09-03 02:21:00.000000000,1725301260000000000,548.0,548.0,547.9,548.0,14,22409,22400
2024-09-03 02:22:00.000000000,1725301320000000000,548.0,548.5,548.0,548.3,290,22400,22298
2024-09-03 02:23:00.000000000,1725301380000000000,548.3,548.4,548.1,548.1,73,22298,22259
2024-09-03 02:24:00.000000000,1725301440000000000,548.1,548.2,548.0,548.0,56,22259,22254
2024-09-03 02:25:00.000000000,1725301500000000000,548.0,548.1,547.9,548.1,32,22254,22238
2024-09-03 02:26:00.000000000,1725301560000000000,548.1,548.1,547.8,547.9,78,22238,22210
2024-09-03 02:27:00.000000000,1725301620000000000,547.9,548.0,547.9,548.0,72,22210,22173
2024-09-03 02:28:00.000000000,1725301680000000000,548.0,548.0,547.9,547.9,77,22173,22137
2024-09-03 02:29:00.000000000,1725301740000000000,547.9,548.1,547.8,547.8,289,22137,21994
2024-09-03 09:00:00.000000000,1725325200000000000,547.8,548.3,547.5,548.2,732,21994,21875
2024-09-03 09:01:00.000000000,1725325260000000000,548.2,548.7,548.2,548.5,482,21875,21816
2024-09-03 09:02:00.000000000,1725325320000000000,548.5,548.6,547.8,547.8,304,21816,21872
2024-09-03 09:03:00.000000000,1725325380000000000,547.8,547.9,547.6,547.8,254,21872,21881
2024-09-03 09:04:00.000000000,1725325440000000000,547.8,548.0,547.8,547.9,85,21881,21897
2024-09-03 09:05:00.000000000,1725325500000000000,547.9,547.9,547.7,547.9,125,21897,21898
2024-09-03 09:06:00.000000000,1725325560000000000,547.9,548.0,547.7,547.8,98,21898,21927
2024-09-03 09:07:00.000000000,1725325620000000000,547.8,548.0,547.8,547.9,104,21927,21925
2024-09-03 09:08:00.000000000,1725325680000000000,547.9,548.0,547.9,548.0,64,21925,21928
2024-09-03 09:09:00.000000000,1725325740000000000,548.0,548.1,547.9,548.0,131,21928,21924
2024-09-03 09:10:00.000000000,1725325800000000000,548.0,548.2,548.0,548.1,64,21924,21931
2024-09-03 09:11:00.000000000,1725325860000000000,548.1,548.1,548.0,548.0,81,21931,21932
2024-09-03 09:12:00.000000000,1725325920000000000,548.0,548.0,547.3,547.3,194,21932,21904
2024-09-03 09:13:00.000000000,1725325980000000000,547.3,547.5,546.9,547.1,327,21904,21911
2024-09-03 09:14:00.000000000,1725326040000000000,547.1,547.4,547.1,547.4,86,21911,21939
2024-09-03 09:15:00.000000000,1725326100000000000,547.4,547.5,547.2,547.4,117,21939,21934
2024-09-03 09:16:00.000000000,1725326160000000000,547.4,547.8,547.4,547.7,96,21934,21944
2024-09-03 09:17:00.000000000,1725326220000000000,547.7,547.8,547.6,547.7,59,21944,21941
2024-09-03 09:18:00.000000000,1725326280000000000,547.7,547.7,547.5,547.6,37,21941,21942
2024-09-03 09:19:00.000000000,1725326340000000000,547.6,547.7,547.5,547.5,66,21942,21958
2024-09-03 09:20:00.000000000,1725326400000000000,547.5,547.9,547.5,547.8,66,21958,21964
2024-09-03 09:21:00.000000000,1725326460000000000,547.8,547.8,547.6,547.6,48,21964,21959
2024-09-03 09:22:00.000000000,1725326520000000000,547.6,547.7,547.5,547.6,43,21959,21957
2024-09-03 09:23:00.000000000,1725326580000000000,547.6,547.6,547.1,547.2,81,21957,21982
2024-09-03 09:24:00.000000000,1725326640000000000,547.2,547.4,547.2,547.4,82,21982,21992
2024-09-03 09:25:00.000000000,1725326700000000000,547.4,547.6,547.4,547.6,58,21992,21970
2024-09-03 09:26:00.000000000,1725326760000000000,547.6,547.6,547.5,547.5,41,21970,21962
2024-09-03 09:27:00.000000000,1725326820000000000,547.5,547.6,547.3,547.4,38,21962,21948
2024-09-03 09:28:00.000000000,1725326880000000000,547.4,547.5,547.3,547.3,63,21948,21970
2024-09-03 09:29:00.000000000,1725326940000000000,547.3,547.6,547.3,547.6,52,21970,21971
2024-09-03 09:30:00.000000000,1725327000000000000,547.6,547.8,547.5,547.7,110,21971,21961
2024-09-03 09:31:00.000000000,1725327060000000000,547.7,548.0,547.7,548.0,162,21961,21916
2024-09-03 09:32:00.000000000,1725327120000000000,548.0,548.2,548.0,548.2,104,21916,21901
2024-09-03 09:33:00.000000000,1725327180000000000,548.2,548.3,548.1,548.2,103,21901,21900
2024-09-03 09:34:00.000000000,1725327240000000000,548.2,548.4,548.0,548.0,92,21900,21889
2024-09-03 09:35:00.000000000,1725327300000000000,548.0,548.0,547.7,547.8,82,21889,21893
2024-09-03 09:36:00.000000000,1725327360000000000,547.8,548.1,547.7,547.7,103,21893,21930
2024-09-03 09:37:00.000000000,1725327420000000000,547.7,547.9,547.6,547.6,48,21930,21919
2024-09-03 09:38:00.000000000,1725327480000000000,547.6,547.6,547.1,547.2,294,21919,21919
2024-09-03 09:39:00.000000000,1725327540000000000,547.2,547.4,547.2,547.4,111,21919,21923
2024-09-03 09:40:00.000000000,1725327600000000000,547.4,547.4,547.1,547.4,99,21923,21923
2024-09-03 09:41:00.000000000,1725327660000000000,547.4,547.4,547.2,547.2,44,21923,21924
2024-09-03 09:42:00.000000000,1725327720000000000,547.2,547.3,547.1,547.1,106,21924,21930
2024-09-03 09:43:00.000000000,1725327780000000000,547.1,547.1,546.9,546.9,175,21930,21899
2024-09-03 09:44:00.000000000,1725327840000000000,546.9,547.1,546.9,547.0,82,21899,21879
2024-09-03 09:45:00.000000000,1725327900000000000,547.0,547.1,546.9,546.9,76,21879,21894
2024-09-03 09:46:00.000000000,1725327960000000000,546.9,547.1,546.9,547.1,29,21894,21895
2024-09-03 09:47:00.000000000,1725328020000000000,547.1,547.4,547.0,547.3,50,21895,21888
2024-09-03 09:48:00.000000000,1725328080000000000,547.3,547.4,547.3,547.3,36,21888,21878
2024-09-03 09:49:00.000000000,1725328140000000000,547.3,547.9,547.3,547.8,218,21878,21806
2024-09-03 09:50:00.000000000,1725328200000000000,547.8,547.8,547.5,547.6,86,21806,21791
2024-09-03 09:51:00.000000000,1725328260000000000,547.6,547.6,547.4,547.6,78,21791,21767
2024-09-03 09:52:00.000000000,1725328320000000000,547.6,547.7,547.6,547.6,22,21767,21758
2024-09-03 09:53:00.000000000,1725328380000000000,547.6,547.7,547.3,547.3,60,21758,21768
2024-09-03 09:54:00.000000000,1725328440000000000,547.3,547.4,547.3,547.4,16,21768,21771
2024-09-03 09:55:00.000000000,1725328500000000000,547.4,547.7,547.4,547.5,37,21771,21762
2024-09-03 09:56:00.000000000,1725328560000000000,547.5,547.8,547.4,547.8,48,21762,21770
2024-09-03 09:57:00.000000000,1725328620000000000,547.8,547.9,547.7,547.8,137,21770,21752
2024-09-03 09:58:00.000000000,1725328680000000000,547.8,548.0,547.8,547.8,46,21752,21748
2024-09-03 09:59:00.000000000,1725328740000000000,547.8,548.0,547.8,548.0,55,21748,21747
2024-09-03 10:00:00.000000000,1725328800000000000,548.0,548.3,547.9,548.3,154,21747,21745
2024-09-03 10:01:00.000000000,1725328860000000000,548.3,549.0,548.2,548.9,361,21745,21748
2024-09-03 10:02:00.000000000,1725328920000000000,548.9,548.9,548.8,548.8,127,21748,21755
2024-09-03 10:03:00.000000000,1725328980000000000,548.8,549.0,548.7,548.7,130,21755,21770
2024-09-03 10:04:00.000000000,1725329040000000000,548.7,549.2,548.7,549.2,163,21770,21796
2024-09-03 10:05:00.000000000,1725329100000000000,549.2,549.7,549.0,549.7,256,21796,21792
2024-09-03 10:06:00.000000000,1725329160000000000,549.7,549.9,549.5,549.6,236,21792,21756
2024-09-03 10:07:00.000000000,1725329220000000000,549.6,549.8,549.5,549.7,122,21756,21740
2024-09-03 10:08:00.000000000,1725329280000000000,549.7,550.5,549.7,550.4,493,21740,21738
2024-09-03 10:09:00.000000000,1725329340000000000,550.4,550.4,550.0,550.1,200,21738,21755
2024-09-03 10:10:00.000000000,1725329400000000000,550.1,550.2,549.8,549.8,203,21755,21758
2024-09-03 10:11:00.000000000,1725329460000000000,549.8,550.1,549.8,550.1,116,21758,21748
2024-09-03 10:12:00.000000000,1725329520000000000,550.1,550.2,549.8,549.9,72,21748,21746
2024-09-03 10:13:00.000000000,1725329580000000000,549.9,549.9,549.6,549.8,92,21746,21752
2024-09-03 10:14:00.000000000,1725329640000000000,549.8,550.2,549.8,550.2,123,21752,21746
2024-09-03 10:30:00.000000000,1725330600000000000,550.1,550.2,550.0,550.2,99,21746,21754
2024-09-03 10:31:00.000000000,1725330660000000000,550.2,550.4,549.7,549.8,109,21754,21738
2024-09-03 10:32:00.000000000,1725330720000000000,549.8,549.9,549.5,549.5,121,21738,21725
2024-09-03 10:33:00.000000000,1725330780000000000,549.5,549.8,549.5,549.8,71,21725,21729
2024-09-03 10:34:00.000000000,1725330840000000000,549.8,549.8,549.6,549.7,64,21729,21726
2024-09-03 10:35:00.000000000,1725330900000000000,549.7,549.7,549.3,549.3,116,21726,21715
2024-09-03 10:36:00.000000000,1725330960000000000,549.3,549.5,549.3,549.4,64,21715,21699
2024-09-03 10:37:00.000000000,1725331020000000000,549.4,549.7,549.3,549.6,45,21699,21693
2024-09-03 10:38:00.000000000,1725331080000000000,549.6,550.0,549.6,549.8,92,21693,21701
2024-09-03 10:39:00.000000000,1725331140000000000,549.8,550.0,549.8,549.9,58,21701,21699
2024-09-03 10:40:00.000000000,1725331200000000000,549.9,549.9,549.6,549.6,47,21699,21716
2024-09-03 10:41:00.000000000,1725331260000000000,549.6,549.8,549.6,549.6,49,21716,21713
2024-09-03 10:42:00.000000000,1725331320000000000,549.6,549.6,549.4,549.5,39,21713,21696
2024-09-03 10:43:00.000000000,1725331380000000000,549.5,549.5,549.2,549.4,101,21696,21666
2024-09-03 10:44:00.000000000,1725331440000000000,549.4,549.5,549.4,549.5,46,21666,21650
2024-09-03 10:45:00.000000000,1725331500000000000,549.5,549.6,549.4,549.5,49,21650,21637
2024-09-03 10:46:00.000000000,1725331560000000000,549.5,549.6,549.2,549.3,60,21637,21635
2024-09-03 10:47:00.000000000,1725331620000000000,549.3,549.4,549.2,549.4,95,21635,21659
2024-09-03 10:48:00.000000000,1725331680000000000,549.4,549.4,549.0,549.0,92,21659,21647
2024-09-03 10:49:00.000000000,1725331740000000000,549.0,549.2,549.0,549.1,74,21647,21624
2024-09-03 10:50:00.000000000,1725331800000000000,549.1,549.1,549.0,549.1,38,21624,21621
2024-09-03 10:51:00.000000000,1725331860000000000,549.1,549.2,549.1,549.2,57,21621,21639
2024-09-03 10:52:00.000000000,1725331920000000000,549.2,549.4,549.1,549.1,109,21639,21689
2024-09-03 10:53:00.000000000,1725331980000000000,549.1,549.3,549.0,549.2,58,21689,21682
2024-09-03 10:54:00.000000000,1725332040000000000,549.2,549.4,549.2,549.4,29,21682,21687
2024-09-03 10:55:00.000000000,1725332100000000000,549.4,549.4,549.3,549.3,14,21687,21685
2024-09-03 10:56:00.000000000,1725332160000000000,549.3,549.7,549.3,549.6,81,21685,21667
2024-09-03 10:57:00.000000000,1725332220000000000,549.6,549.7,549.6,549.6,41,21667,21653
2024-09-03 10:58:00.000000000,1725332280000000000,549.6,549.6,549.3,549.4,63,21653,21666
2024-09-03 10:59:00.000000000,1725332340000000000,549.4,549.4,549.1,549.1,40,21666,21665
2024-09-03 11:00:00.000000000,1725332400000000000,549.1,549.4,549.1,549.4,112,21665,21650
2024-09-03 11:01:00.000000000,1725332460000000000,549.4,549.7,549.4,549.7,63,21650,21637
2024-09-03 11:02:00.000000000,1725332520000000000,549.7,549.7,549.5,549.6,40,21637,21631
2024-09-03 11:03:00.000000000,1725332580000000000,549.6,549.7,549.5,549.5,15,21631,21633
2024-09-03 11:04:00.000000000,1725332640000000000,549.5,549.6,549.5,549.6,35,21633,21636
2024-09-03 11:05:00.000000000,1725332700000000000,549.6,549.6,549.3,549.3,95,21636,21674
2024-09-03 11:06:00.000000000,1725332760000000000,549.3,549.3,549.2,549.3,45,21674,21678
2024-09-03 11:07:00.000000000,1725332820000000000,549.3,549.3,549.1,549.1,50,21678,21685
2024-09-03 11:08:00.000000000,1725332880000000000,549.1,549.1,548.9,549.1,113,21685,21668
2024-09-03 11:09:00.000000000,1725332940000000000,549.1,549.1,548.9,549.0,54,21668,21655
2024-09-03 11:10:00.000000000,1725333000000000000,549.0,549.2,549.0,549.1,38,21655,21656
2024-09-03 11:11:00.000000000,1725333060000000000,549.1,549.2,548.9,549.0,72,21656,21639
2024-09-03 11:12:00.000000000,1725333120000000000,549.0,549.0,548.7,548.8,92,21639,21629
2024-09-03 11:13:00.000000000,1725333180000000000,548.8,548.9,548.6,548.8,179,21629,21632
2024-09-03 11:14:00.000000000,1725333240000000000,548.8,548.8,548.7,548.7,23,21632,21624
2024-09-03 11:15:00.000000000,1725333300000000000,548.7,548.8,548.5,548.7,79,21624,21600
2024-09-03 11:16:00.000000000,1725333360000000000,548.7,548.8,548.6,548.7,29,21600,21584
2024-09-03 11:17:00.000000000,1725333420000000000,548.7,548.9,548.6,548.7,82,21584,21540
2024-09-03 11:18:00.000000000,1725333480000000000,548.7,548.8,548.6,548.7,27,21540,21526
2024-09-03 11:19:00.000000000,1725333540000000000,548.7,548.8,548.4,548.6,157,21526,21505
2024-09-03 11:20:00.000000000,1725333600000000000,548.6,548.7,548.6,548.7,54,21505,21504
2024-09-03 11:21:00.000000000,1725333660000000000,548.7,549.1,548.6,548.8,111,21504,21508
2024-09-03 11:22:00.000000000,1725333720000000000,548.8,548.9,548.7,548.7,39,21508,21503
2024-09-03 11:23:00.000000000,1725333780000000000,548.7,548.9,548.7,548.7,76,21503,21477
2024-09-03 11:24:00.000000000,1725333840000000000,548.7,549.1,548.7,549.0,53,21477,21466
2024-09-03 11:25:00.000000000,1725333900000000000,549.0,549.2,548.9,549.0,58,21466,21448
2024-09-03 11:26:00.000000000,1725333960000000000,549.0,549.1,549.0,549.1,26,21448,21445
2024-09-03 11:27:00.000000000,1725334020000000000,549.1,549.2,549.1,549.1,34,21445,21430
2024-09-03 11:28:00.000000000,1725334080000000000,549.1,549.5,549.1,549.5,99,21430,21411
2024-09-03 11:29:00.000000000,1725334140000000000,549.5,549.8,549.4,549.7,170,21411,21423
2024-09-03 13:30:00.000000000,1725341400000000000,548.9,550.1,548.9,550.0,604,21423,21351
2024-09-03 13:31:00.000000000,1725341460000000000,550.0,550.1,549.7,549.7,193,21351,21328
2024-09-03 13:32:00.000000000,1725341520000000000,549.7,549.8,549.6,549.6,129,21328,21323
2024-09-03 13:33:00.000000000,1725341580000000000,549.6,549.9,549.5,549.6,131,21323,21349
2024-09-03 13:34:00.000000000,1725341640000000000,549.6,549.9,549.6,549.8,57,21349,21350
2024-09-03 13:35:00.000000000,1725341700000000000,549.8,549.9,549.6,549.7,144,21350,21323
2024-09-03 13:36:00.000000000,1725341760000000000,549.7,549.7,549.5,549.5,128,21323,21328
2024-09-03 13:37:00.000000000,1725341820000000000,549.5,549.9,549.5,549.9,145,21328,21362
2024-09-03 13:38:00.000000000,1725341880000000000,549.9,550.0,549.4,549.5,102,21362,21341
2024-09-03 13:39:00.000000000,1725341940000000000,549.5,550.1,549.5,550.0,243,21341,21359
2024-09-03 13:40:00.000000000,1725342000000000000,550.0,550.1,549.8,549.9,118,21359,21338
2024-09-03 13:41:00.000000000,1725342060000000000,549.9,550.2,549.9,550.1,135,21338,21313
2024-09-03 13:42:00.000000000,1725342120000000000,550.1,551.3,550.1,551.2,755,21313,21204
2024-09-03 13:43:00.000000000,1725342180000000000,551.2,551.5,550.9,551.4,413,21204,21192
2024-09-03 13:44:00.000000000,1725342240000000000,551.4,551.6,551.2,551.4,218,21192,21241
2024-09-03 13:45:00.000000000,1725342300000000000,551.4,551.7,551.4,551.6,415,21241,21206
2024-09-03 13:46:00.000000000,1725342360000000000,551.6,551.6,551.4,551.4,120,21206,21170
2024-09-03 13:47:00.000000000,1725342420000000000,551.4,551.5,551.3,551.4,146,21170,21111
2024-09-03 13:48:00.000000000,1725342480000000000,551.4,551.5,551.3,551.3,156,21111,21118
2024-09-03 13:49:00.000000000,1725342540000000000,551.3,551.4,551.2,551.3,137,21118,21147
2024-09-03 13:50:00.000000000,1725342600000000000,551.3,551.6,551.3,551.5,165,21147,21092
2024-09-03 13:51:00.000000000,1725342660000000000,551.5,551.9,551.5,551.6,459,21092,20964
2024-09-03 13:52:00.000000000,1725342720000000000,551.6,551.7,551.5,551.5,95,20964,20958
2024-09-03 13:53:00.000000000,1725342780000000000,551.5,551.6,551.3,551.4,161,20958,20947
2024-09-03 13:54:00.000000000,1725342840000000000,551.4,551.5,551.3,551.3,174,20947,20956
2024-09-03 13:55:00.000000000,1725342900000000000,551.3,551.5,551.1,551.2,223,20956,20950
2024-09-03 13:56:00.000000000,1725342960000000000,551.2,551.2,551.0,551.2,138,20950,20944
2024-09-03 13:57:00.000000000,1725343020000000000,551.2,551.2,551.0,551.0,75,20944,20921
2024-09-03 13:58:00.000000000,1725343080000000000,551.0,551.1,550.9,550.9,91,20921,20898
2024-09-03 13:59:00.000000000,1725343140000000000,550.9,550.9,550.4,550.4,307,20898,20789
2024-09-03 14:00:00.000000000,1725343200000000000,550.4,550.8,550.4,550.8,204,20789,20770
2024-09-03 14:01:00.000000000,1725343260000000000,550.8,550.8,550.2,550.3,206,20770,20770
2024-09-03 14:02:00.000000000,1725343320000000000,550.3,550.4,550.2,550.2,126,20770,20745
2024-09-03 14:03:00.000000000,1725343380000000000,550.2,550.3,549.9,550.0,295,20745,20718
2024-09-03 14:04:00.000000000,1725343440000000000,550.0,550.3,550.0,550.1,138,20718,20723
2024-09-03 14:05:00.000000000,1725343500000000000,550.1,550.3,550.1,550.2,113,20723,20756
2024-09-03 14:06:00.000000000,1725343560000000000,550.2,550.6,550.2,550.6,146,20756,20793
2024-09-03 14:07:00.000000000,1725343620000000000,550.6,550.6,550.4,550.5,72,20793,20764
2024-09-03 14:08:00.000000000,1725343680000000000,550.5,550.6,550.4,550.6,99,20764,20731
2024-09-03 14:09:00.000000000,1725343740000000000,550.6,550.7,550.5,550.6,47,20731,20722
2024-09-03 14:10:00.000000000,1725343800000000000,550.6,550.7,550.4,550.4,87,20722,20713
2024-09-03 14:11:00.000000000,1725343860000000000,550.4,550.4,550.1,550.2,65,20713,20716
2024-09-03 14:12:00.000000000,1725343920000000000,550.2,550.2,549.9,550.1,93,20716,20702
2024-09-03 14:13:00.000000000,1725343980000000000,550.1,550.2,550.0,550.1,35,20702,20693
2024-09-03 14:14:00.000000000,1725344040000000000,550.1,550.1,550.0,550.1,26,20693,20685
2024-09-03 14:15:00.000000000,1725344100000000000,550.1,550.4,550.0,550.4,73,20685,20679
2024-09-03 14:16:00.000000000,1725344160000000000,550.4,550.5,550.2,550.3,71,20679,20682
2024-09-03 14:17:00.000000000,1725344220000000000,550.3,550.3,550.1,550.2,38,20682,20685
2024-09-03 14:18:00.000000000,1725344280000000000,550.2,550.3,550.2,550.2,25,20685,20670
2024-09-03 14:19:00.000000000,1725344340000000000,550.2,550.2,550.2,550.2,18,20670,20665
2024-09-03 14:20:00.000000000,1725344400000000000,550.2,550.5,550.2,550.5,66,20665,20645
2024-09-03 14:21:00.000000000,1725344460000000000,550.5,550.6,550.4,550.4,64,20645,20634
2024-09-03 14:22:00.000000000,1725344520000000000,550.4,550.9,550.4,550.6,201,20634,20669
2024-09-03 14:23:00.000000000,1725344580000000000,550.6,550.6,550.3,550.3,98,20669,20654
2024-09-03 14:24:00.000000000,1725344640000000000,550.3,550.3,550.1,550.1,60,20654,20638
2024-09-03 14:25:00.000000000,1725344700000000000,550.1,550.1,549.9,549.9,140,20638,20637
2024-09-03 14:26:00.000000000,1725344760000000000,549.9,549.9,549.7,549.7,90,20637,20628
2024-09-03 14:27:00.000000000,1725344820000000000,549.7,549.9,549.7,549.8,120,20628,20602
2024-09-03 14:28:00.000000000,1725344880000000000,549.8,550.1,549.8,550.1,78,20602,20589
2024-09-03 14:29:00.000000000,1725344940000000000,550.1,550.2,550.0,550.2,56,20589,20571
2024-09-03 14:30:00.000000000,1725345000000000000,550.2,550.2,550.1,550.2,24,20571,20566
2024-09-03 14:31:00.000000000,1725345060000000000,550.2,550.4,550.2,550.3,96,20566,20565
2024-09-03 14:32:00.000000000,1725345120000000000,550.3,550.4,550.1,550.1,59,20565,20569
2024-09-03 14:33:00.000000000,1725345180000000000,550.1,550.2,550.0,550.2,61,20569,20585
2024-09-03 14:34:00.000000000,1725345240000000000,550.2,550.4,550.1,550.3,63,20585,20575
2024-09-03 14:35:00.000000000,1725345300000000000,550.3,550.6,550.3,550.5,86,20575,20544
2024-09-03 14:36:00.000000000,1725345360000000000,550.5,550.6,550.4,550.5,54,20544,20530
2024-09-03 14:37:00.000000000,1725345420000000000,550.5,550.5,550.5,550.5,15,20530,20533
2024-09-03 14:38:00.000000000,1725345480000000000,550.5,550.7,550.5,550.5,75,20533,20518
2024-09-03 14:39:00.000000000,1725345540000000000,550.5,550.5,550.2,550.2,71,20518,20504
2024-09-03 14:40:00.000000000,1725345600000000000,550.2,550.7,550.2,550.6,81,20504,20473
2024-09-03 14:41:00.000000000,1725345660000000000,550.6,550.9,550.5,550.6,148,20473,20456
2024-09-03 14:42:00.000000000,1725345720000000000,550.6,550.6,550.4,550.5,62,20456,20447
2024-09-03 14:43:00.000000000,1725345780000000000,550.5,550.5,550.2,550.3,43,20447,20441
2024-09-03 14:44:00.000000000,1725345840000000000,550.3,550.4,550.1,550.1,52,20441,20440
2024-09-03 14:45:00.000000000,1725345900000000000,550.1,550.7,550.1,550.7,79,20440,20460
2024-09-03 14:46:00.000000000,1725345960000000000,550.7,550.7,550.4,550.4,84,20460,20496
2024-09-03 14:47:00.000000000,1725346020000000000,550.4,550.7,550.3,550.4,81,20496,20500
2024-09-03 14:48:00.000000000,1725346080000000000,550.4,550.6,550.4,550.5,30,20500,20500
2024-09-03 14:49:00.000000000,1725346140000000000,550.5,550.7,550.5,550.7,34,20500,20486
2024-09-03 14:50:00.000000000,1725346200000000000,550.7,551.0,550.7,551.0,137,20486,20466
2024-09-03 14:51:00.000000000,1725346260000000000,551.0,551.0,550.7,550.8,85,20466,20459
2024-09-03 14:52:00.000000000,1725346320000000000,550.8,551.1,550.7,551.0,166,20459,20460
2024-09-03 14:53:00.000000000,1725346380000000000,551.0,551.0,550.7,550.7,102,20460,20444
2024-09-03 14:54:00.000000000,1725346440000000000,550.7,550.8,550.5,550.8,164,20444,20414
2024-09-03 14:55:00.000000000,1725346500000000000,550.8,551.0,550.6,550.7,160,20414,20384
2024-09-03 14:56:00.000000000,1725346560000000000,550.7,550.8,550.6,550.6,71,20384,20374
2024-09-03 14:57:00.000000000,1725346620000000000,550.6,550.6,550.2,550.4,222,20374,20363
2024-09-03 14:58:00.000000000,1725346680000000000,550.4,550.5,550.2,550.4,198,20363,20324
2024-09-03 14:59:00.000000000,1725346740000000000,550.4,550.5,550.1,550.1,363,20324,20242
2024-09-03 21:00:00.000000000,1725368400000000000,537.4,538.3,535.8,536.8,3563,20242,20219
2024-09-03 21:01:00.000000000,1725368460000000000,536.8,537.4,535.0,536.5,2619,20219,20463
2024-09-03 21:02:00.000000000,1725368520000000000,536.5,536.6,535.6,536.0,1139,20463,20686
2024-09-03 21:03:00.000000000,1725368580000000000,536.0,536.0,535.0,535.4,1137,20686,20671
2024-09-03 21:04:00.000000000,1725368640000000000,535.4,535.8,535.3,535.4,981,20671,20758
2024-09-03 21:05:00.000000000,1725368700000000000,535.4,536.6,535.3,535.7,1171,20758,20786
2024-09-03 21:06:00.000000000,1725368760000000000,535.7,536.0,535.6,535.7,770,20786,20849
2024-09-03 21:07:00.000000000,1725368820000000000,535.7,535.7,533.9,534.2,1812,20849,21052
2024-09-03 21:08:00.000000000,1725368880000000000,534.2,534.3,533.1,533.1,1415,21052,21332
2024-09-03 21:09:00.000000000,1725368940000000000,533.1,533.1,531.9,532.9,1696,21332,21586
2024-09-03 21:10:00.000000000,1725369000000000000,532.9,533.3,532.5,533.2,925,21586,21621
2024-09-03 21:11:00.000000000,1725369060000000000,533.2,533.3,532.8,532.8,585,21621,21659
2024-09-03 21:12:00.000000000,1725369120000000000,532.8,532.8,532.4,532.4,661,21659,21715
2024-09-03 21:13:00.000000000,1725369180000000000,532.4,532.4,531.6,532.0,1033,21715,21989
2024-09-03 21:14:00.000000000,1725369240000000000,532.0,532.2,531.6,531.8,1005,21989,22235
2024-09-03 21:15:00.000000000,1725369300000000000,531.8,532.3,531.0,532.2,1132,22235,22424
2024-09-03 21:16:00.000000000,1725369360000000000,532.2,532.2,531.3,531.5,615,22424,22567
2024-09-03 21:17:00.000000000,1725369420000000000,531.5,531.5,530.9,531.0,611,22567,22767
2024-09-03 21:18:00.000000000,1725369480000000000,531.0,531.0,530.1,530.3,953,22767,22981
2024-09-03 21:19:00.000000000,1725369540000000000,530.3,530.7,530.0,530.3,652,22981,23131
2024-09-03 21:20:00.000000000,1725369600000000000,530.3,531.2,529.9,531.1,959,23131,23304
2024-09-03 21:21:00.000000000,1725369660000000000,531.1,532.1,531.0,531.6,1170,23304,23296
2024-09-03 21:22:00.000000000,1725369720000000000,531.6,532.0,531.2,531.2,423,23296,23292
2024-09-03 21:23:00.000000000,1725369780000000000,531.2,531.6,530.7,531.4,489,23292,23273
2024-09-03 21:24:00.000000000,1725369840000000000,531.4,531.5,531.1,531.3,419,23273,23380
2024-09-03 21:25:00.000000000,1725369900000000000,531.3,531.7,531.1,531.6,509,23380,23386
2024-09-03 21:26:00.000000000,1725369960000000000,531.6,532.2,531.4,531.8,535,23386,23302
2024-09-03 21:27:00.000000000,1725370020000000000,531.8,532.0,531.4,531.5,379,23302,23311
2024-09-03 21:28:00.000000000,1725370080000000000,531.5,532.5,531.5,532.2,675,23311,23256
2024-09-03 21:29:00.000000000,1725370140000000000,532.2,532.4,531.8,531.9,381,23256,23255
2024-09-03 21:30:00.000000000,1725370200000000000,531.9,531.9,531.2,531.5,399,23255,23258
2024-09-03 21:31:00.000000000,1725370260000000000,531.5,531.5,530.8,530.9,615,23258,23256
2024-09-03 21:32:00.000000000,1725370320000000000,530.9,531.1,530.4,530.4,564,23256,23316
2024-09-03 21:33:00.000000000,1725370380000000000,530.4,530.5,530.2,530.2,499,23316,23463
2024-09-03 21:34:00.000000000,1725370440000000000,530.2,530.3,529.6,529.7,676,23463,23666
2024-09-03 21:35:00.000000000,1725370500000000000,529.7,530.2,529.6,529.8,587,23666,23802
2024-09-03 21:36:00.000000000,1725370560000000000,529.8,529.8,528.5,529.4,1137,23802,23848
2024-09-03 21:37:00.000000000,1725370620000000000,529.4,529.6,529.1,529.5,457,23848,23849
2024-09-03 21:38:00.000000000,1725370680000000000,529.5,530.4,529.5,530.3,808,23849,23888
2024-09-03 21:39:00.000000000,1725370740000000000,530.3,530.8,530.2,530.5,433,23888,23872
2024-09-03 21:40:00.000000000,1725370800000000000,530.5,531.0,530.4,531.0,451,23872,23856
2024-09-03 21:41:00.000000000,1725370860000000000,531.0,531.2,530.5,530.6,384,23856,23798
2024-09-03 21:42:00.000000000,1725370920000000000,530.6,530.7,529.8,530.1,528,23798,23894
2024-09-03 21:43:00.000000000,1725370980000000000,530.1,530.5,530.0,530.3,254,23894,23904
2024-09-03 21:44:00.000000000,1725371040000000000,530.3,530.4,529.8,530.2,298,23904,23990
2024-09-03 21:45:00.000000000,1725371100000000000,530.2,530.7,530.0,530.4,285,23990,24018
2024-09-03 21:46:00.000000000,1725371160000000000,530.4,530.5,529.9,530.2,194,24018,24046
2024-09-03 21:47:00.000000000,1725371220000000000,530.2,530.2,529.9,529.9,151,24046,24053
2024-09-03 21:48:00.000000000,1725371280000000000,529.9,530.2,529.7,529.9,281,24053,24058
2024-09-03 21:49:00.000000000,1725371340000000000,529.9,530.9,529.9,530.9,306,24058,24024
2024-09-03 21:50:00.000000000,1725371400000000000,530.9,531.0,530.3,530.3,299,24024,24017
2024-09-03 21:51:00.000000000,1725371460000000000,530.3,530.3,530.0,530.2,220,24017,24015
2024-09-03 21:52:00.000000000,1725371520000000000,530.2,530.4,529.9,530.0,202,24015,24041
2024-09-03 21:53:00.000000000,1725371580000000000,530.0,530.5,530.0,530.1,292,24041,24108
2024-09-03 21:54:00.000000000,1725371640000000000,530.1,530.7,530.0,530.1,263,24108,24067
2024-09-03 21:55:00.000000000,1725371700000000000,530.1,530.5,530.0,530.4,180,24067,24037
2024-09-03 21:56:00.000000000,1725371760000000000,530.4,530.4,529.7,530.1,340,24037,24035
2024-09-03 21:57:00.000000000,1725371820000000000,530.1,530.1,529.8,529.9,131,24035,24059
2024-09-03 21:58:00.000000000,1725371880000000000,529.9,530.2,529.9,530.0,79,24059,24073
2024-09-03 21:59:00.000000000,1725371940000000000,530.0,530.1,529.5,529.5,181,24073,24099
2024-09-03 22:00:00.000000000,1725372000000000000,529.5,529.7,529.2,529.5,440,24099,24116
2024-09-03 22:01:00.000000000,1725372060000000000,529.5,529.9,529.4,529.4,243,24116,24176
2024-09-03 22:02:00.000000000,1725372120000000000,529.4,529.4,528.1,528.3,922,24176,24212
2024-09-03 22:03:00.000000000,1725372180000000000,528.3,528.4,527.8,528.4,696,24212,24348
2024-09-03 22:04:00.000000000,1725372240000000000,528.4,528.4,527.7,528.0,595,24348,24454
2024-09-03 22:05:00.000000000,1725372300000000000,528.0,528.3,527.8,528.1,397,24454,24496
2024-09-03 22:06:00.000000000,1725372360000000000,528.1,528.8,528.0,528.3,489,24496,24520
2024-09-03 22:07:00.000000000,1725372420000000000,528.3,528.4,527.2,527.6,590,24520,24569
2024-09-03 22:08:00.000000000,1725372480000000000,527.6,528.2,527.6,528.0,266,24569,24594
2024-09-03 22:09:00.000000000,1725372540000000000,528.0,528.4,527.9,528.3,378,24594,24584
2024-09-03 22:10:00.000000000,1725372600000000000,528.3,529.2,528.2,528.8,533,24584,24595
2024-09-03 22:11:00.000000000,1725372660000000000,528.8,528.9,528.5,528.9,224,24595,24619
2024-09-03 22:12:00.000000000,1725372720000000000,528.9,529.8,528.7,529.6,655,24619,24519
2024-09-03 22:13:00.000000000,1725372780000000000,529.6,529.9,529.4,529.6,502,24519,24397
2024-09-03 22:14:00.000000000,1725372840000000000,529.6,529.7,529.0,529.0,282,24397,24367
2024-09-03 22:15:00.000000000,1725372900000000000,529.0,529.1,528.6,528.6,397,24367,24404
2024-09-03 22:16:00.000000000,1725372960000000000,528.6,528.9,528.5,528.8,321,24404,24482
2024-09-03 22:17:00.000000000,1725373020000000000,528.8,528.9,528.5,528.7,349,24482,24558
2024-09-03 22:18:00.000000000,1725373080000000000,528.7,529.1,528.6,528.7,141,24558,24554
2024-09-03 22:19:00.000000000,1725373140000000000,528.7,528.9,528.5,528.5,389,24554,24675
2024-09-03 22:20:00.000000000,1725373200000000000,528.5,528.5,527.6,527.8,566,24675,24740
2024-09-03 22:21:00.000000000,1725373260000000000,527.8,527.8,527.3,527.5,599,24740,24723
2024-09-03 22:22:00.000000000,1725373320000000000,527.5,527.7,527.3,527.7,317,24723,24759
2024-09-03 22:23:00.000000000,1725373380000000000,527.7,528.5,527.5,528.3,514,24759,24747
2024-09-03 22:24:00.000000000,1725373440000000000,528.3,528.6,528.1,528.6,307,24747,24743
2024-09-03 22:25:00.000000000,1725373500000000000,528.6,529.0,528.3,528.4,480,24743,24744
2024-09-03 22:26:00.000000000,1725373560000000000,528.4,528.7,528.1,528.2,208,24744,24757
2024-09-03 22:27:00.000000000,1725373620000000000,528.2,528.4,528.0,528.0,170,24757,24794
2024-09-03 22:28:00.000000000,1725373680000000000,528.0,528.2,527.7,527.9,256,24794,24812
2024-09-03 22:29:00.000000000,1725373740000000000,527.9,528.2,527.8,527.9,192,24812,24851
2024-09-03 22:30:00.000000000,1725373800000000000,527.9,528.1,527.7,528.0,210,24851,24896
2024-09-03 22:31:00.000000000,1725373860000000000,528.0,528.3,528.0,528.0,172,24896,24930
2024-09-03 22:32:00.000000000,1725373920000000000,528.0,528.3,527.8,528.2,213,24930,24925
2024-09-03 22:33:00.000000000,1725373980000000000,528.2,528.2,527.9,527.9,130,24925,24908
2024-09-03 22:34:00.000000000,1725374040000000000,527.9,528.9,527.9,528.3,678,24908,24961
2024-09-03 22:35:00.000000000,1725374100000000000,528.3,528.5,528.1,528.3,258,24961,24999
2024-09-03 22:36:00.000000000,1725374160000000000,528.3,528.6,528.2,528.5,226,24999,25045
2024-09-03 22:37:00.000000000,1725374220000000000,528.5,528.6,528.3,528.6,193,25045,25072
2024-09-03 22:38:00.000000000,1725374280000000000,528.6,528.9,528.5,528.9,315,25072,25060
2024-09-03 22:39:00.000000000,1725374340000000000,528.9,529.5,528.8,529.4,546,25060,25061
2024-09-03 22:40:00.000000000,1725374400000000000,529.4,529.6,528.9,529.0,453,25061,24986
2024-09-03 22:41:00.000000000,1725374460000000000,529.0,529.5,529.0,529.5,272,24986,24973
2024-09-03 22:42:00.000000000,1725374520000000000,529.5,530.0,529.4,529.9,446,24973,24910
2024-09-03 22:43:00.000000000,1725374580000000000,529.9,530.0,529.6,529.8,364,24910,24894
2024-09-03 22:44:00.000000000,1725374640000000000,529.8,529.9,529.5,529.6,286,24894,24885
2024-09-03 22:45:00.000000000,1725374700000000000,529.6,529.7,529.0,529.2,580,24885,24813
2024-09-03 22:46:00.000000000,1725374760000000000,529.2,529.6,528.9,529.0,348,24813,24870
2024-09-03 22:47:00.000000000,1725374820000000000,529.0,529.3,528.9,529.3,286,24870,24911
2024-09-03 22:48:00.000000000,1725374880000000000,529.3,529.7,529.0,529.4,366,24911,24911
2024-09-03 22:49:00.000000000,1725374940000000000,529.4,529.7,529.2,529.5,282,24911,24911
2024-09-03 22:50:00.000000000,1725375000000000000,529.5,529.6,528.9,529.1,345,24911,24943
2024-09-03 22:51:00.000000000,1725375060000000000,529.1,529.1,528.0,528.2,740,24943,25024
2024-09-03 22:52:00.000000000,1725375120000000000,528.2,528.3,527.7,528.3,773,25024,25235
2024-09-03 22:53:00.000000000,1725375180000000000,528.3,528.6,528.1,528.5,251,25235,25270
2024-09-03 22:54:00.000000000,1725375240000000000,528.5,529.0,528.4,528.7,173,25270,25282
2024-09-03 22:55:00.000000000,1725375300000000000,528.7,528.9,528.5,528.5,214,25282,25304
2024-09-03 22:56:00.000000000,1725375360000000000,528.5,529.0,528.3,528.6,296,25304,25290
2024-09-03 22:57:00.000000000,1725375420000000000,528.6,528.7,528.1,528.7,215,25290,25258
2024-09-03 22:58:00.000000000,1725375480000000000,528.7,528.7,528.3,528.6,103,25258,25279
2024-09-03 22:59:00.000000000,1725375540000000000,528.6,528.9,528.3,528.5,152,25279,25259
2024-09-03 23:00:00.000000000,1725375600000000000,528.5,528.5,527.4,527.5,837,25259,25585
2024-09-03 23:01:00.000000000,1725375660000000000,527.5,528.2,527.5,528.0,375,25585,25644
2024-09-03 23:02:00.000000000,1725375720000000000,528.0,528.6,528.0,528.2,345,25644,25679
2024-09-03 23:03:00.000000000,1725375780000000000,528.2,528.3,527.8,528.0,215,25679,25718
2024-09-03 23:04:00.000000000,1725375840000000000,528.0,528.4,527.9,528.3,147,25718,25719
2024-09-03 23:05:00.000000000,1725375900000000000,528.3,528.7,528.2,528.5,300,25719,25734
2024-09-03 23:06:00.000000000,1725375960000000000,528.5,528.7,528.2,528.7,191,25734,25744
2024-09-03 23:07:00.000000000,1725376020000000000,528.7,529.4,528.5,529.2,571,25744,25656
2024-09-03 23:08:00.000000000,1725376080000000000,529.2,529.7,529.2,529.6,596,25656,25656
2024-09-03 23:09:00.000000000,1725376140000000000,529.6,530.5,529.4,530.3,1079,25656,25510
2024-09-03 23:10:00.000000000,1725376200000000000,530.3,530.6,529.7,529.8,929,25510,25507
2024-09-03 23:11:00.000000000,1725376260000000000,529.8,530.3,529.8,530.2,353,25507,25522
2024-09-03 23:12:00.000000000,1725376320000000000,530.2,530.7,530.0,530.5,750,25522,25508
2024-09-03 23:13:00.000000000,1725376380000000000,530.5,530.5,530.0,530.3,354,25508,25460
2024-09-03 23:14:00.000000000,1725376440000000000,530.3,530.6,530.1,530.4,320,25460,25411
2024-09-03 23:15:00.000000000,1725376500000000000,530.4,530.6,529.9,530.0,390,25411,25320
2024-09-03 23:16:00.000000000,1725376560000000000,530.0,530.2,529.9,530.1,209,25320,25317
2024-09-03 23:17:00.000000000,1725376620000000000,530.1,530.3,530.0,530.2,145,25317,25321
2024-09-03 23:18:00.000000000,1725376680000000000,530.2,530.2,530.0,530.1,98,25321,25339
2024-09-03 23:19:00.000000000,1725376740000000000,530.1,530.1,529.9,530.0,180,25339,25347
2024-09-03 23:20:00.000000000,1725376800000000000,530.0,530.0,529.3,529.7,477,25347,25293
2024-09-03 23:21:00.000000000,1725376860000000000,529.7,530.1,529.6,529.9,214,25293,25316
2024-09-03 23:22:00.000000000,1725376920000000000,529.9,530.3,529.7,529.8,243,25316,25338
2024-09-03 23:23:00.000000000,1725376980000000000,529.8,529.9,529.4,529.8,306,25338,25394
2024-09-03 23:24:00.000000000,1725377040000000000,529.8,530.3,529.7,530.1,195,25394,25409
2024-09-03 23:25:00.000000000,1725377100000000000,530.1,530.3,529.4,529.6,358,25409,25407
2024-09-03 23:26:00.000000000,1725377160000000000,529.6,529.6,529.2,529.4,348,25407,25406
2024-09-03 23:27:00.000000000,1725377220000000000,529.4,529.6,529.2,529.4,140,25406,25422
2024-09-03 23:28:00.000000000,1725377280000000000,529.4,529.5,528.8,529.0,361,25422,25414
2024-09-03 23:29:00.000000000,1725377340000000000,529.0,529.2,528.6,528.7,298,25414,25446
2024-09-03 23:30:00.000000000,1725377400000000000,528.7,528.8,528.5,528.6,285,25446,25460
2024-09-03 23:31:00.000000000,1725377460000000000,528.6,528.8,528.3,528.6,300,25460,25452
2024-09-03 23:32:00.000000000,1725377520000000000,528.6,529.2,528.6,529.1,262,25452,25466
2024-09-03 23:33:00.000000000,1725377580000000000,529.1,529.4,528.8,529.3,232,25466,25509
2024-09-03 23:34:00.000000000,1725377640000000000,529.3,529.3,529.0,529.2,220,25509,25538
2024-09-03 23:35:00.000000000,1725377700000000000,529.2,529.6,529.2,529.5,264,25538,25547
2024-09-03 23:36:00.000000000,1725377760000000000,529.5,529.7,529.3,529.4,258,25547,25550
2024-09-03 23:37:00.000000000,1725377820000000000,529.4,529.5,529.3,529.4,88,25550,25550
2024-09-03 23:38:00.000000000,1725377880000000000,529.4,529.6,529.2,529.5,126,25550,25570
2024-09-03 23:39:00.000000000,1725377940000000000,529.5,529.7,529.4,529.5,144,25570,25559
2024-09-03 23:40:00.000000000,1725378000000000000,529.5,529.5,529.1,529.3,191,25559,25565
2024-09-03 23:41:00.000000000,1725378060000000000,529.3,529.5,529.2,529.4,89,25565,25575
2024-09-03 23:42:00.000000000,1725378120000000000,529.4,529.6,529.3,529.6,174,25575,25621
2024-09-03 23:43:00.000000000,1725378180000000000,529.6,529.6,529.3,529.3,47,25621,25617
2024-09-03 23:44:00.000000000,1725378240000000000,529.3,529.8,529.3,529.5,225,25617,25601
2024-09-03 23:45:00.000000000,1725378300000000000,529.5,529.5,529.2,529.2,183,25601,25598
2024-09-03 23:46:00.000000000,1725378360000000000,529.2,529.4,529.0,529.3,199,25598,25600
2024-09-03 23:47:00.000000000,1725378420000000000,529.3,529.4,529.2,529.3,41,25600,25609
2024-09-03 23:48:00.000000000,1725378480000000000,529.3,529.3,529.1,529.3,78,25609,25609
2024-09-03 23:49:00.000000000,1725378540000000000,529.3,529.3,528.8,529.0,153,25609,25615
2024-09-03 23:50:00.000000000,1725378600000000000,529.0,529.2,528.7,528.7,134,25615,25610
2024-09-03 23:51:00.000000000,1725378660000000000,528.7,528.9,528.7,528.8,150,25610,25617
2024-09-03 23:52:00.000000000,1725378720000000000,528.8,528.8,528.7,528.8,59,25617,25622
2024-09-03 23:53:00.000000000,1725378780000000000,528.8,529.4,528.8,529.1,240,25622,25631
2024-09-03 23:54:00.000000000,1725378840000000000,529.1,529.5,529.0,529.3,145,25631,25655
2024-09-03 23:55:00.000000000,1725378900000000000,529.3,529.3,529.2,529.2,75,25655,25640
2024-09-03 23:56:00.000000000,1725378960000000000,529.2,529.4,529.0,529.2,91,25640,25634
2024-09-03 23:57:00.000000000,1725379020000000000,529.2,529.6,529.1,529.6,206,25634,25639
2024-09-03 23:58:00.000000000,1725379080000000000,529.6,529.6,529.3,529.4,77,25639,25637
2024-09-03 23:59:00.000000000,1725379140000000000,529.4,529.4,529.0,529.0,150,25637,25670
2024-09-04 00:00:00.000000000,1725379200000000000,529.0,529.3,528.7,529.2,283,25670,25622
2024-09-04 00:01:00.000000000,1725379260000000000,529.2,529.7,529.1,529.2,383,25622,25623
2024-09-04 00:02:00.000000000,1725379320000000000,529.2,529.8,529.2,529.7,220,25623,25591
2024-09-04 00:03:00.000000000,1725379380000000000,529.7,530.0,529.5,529.5,321,25591,25561
2024-09-04 00:04:00.000000000,1725379440000000000,529.5,529.5,529.2,529.3,160,25561,25545
2024-09-04 00:05:00.000000000,1725379500000000000,529.3,529.3,528.9,529.0,156,25545,25573
2024-09-04 00:06:00.000000000,1725379560000000000,529.0,529.2,528.7,529.2,183,25573,25556
2024-09-04 00:07:00.000000000,1725379620000000000,529.2,529.3,529.0,529.1,59,25556,25562
2024-09-04 00:08:00.000000000,1725379680000000000,529.1,529.2,528.8,528.9,114,25562,25574
2024-09-04 00:09:00.000000000,1725379740000000000,528.9,529.3,528.9,529.2,81,25574,25563
2024-09-04 00:10:00.000000000,1725379800000000000,529.2,529.4,529.1,529.2,123,25563,25571
2024-09-04 00:11:00.000000000,1725379860000000000,529.2,529.4,529.1,529.3,135,25571,25565
2024-09-04 00:12:00.000000000,1725379920000000000,529.3,529.4,529.2,529.2,86,25565,25562
2024-09-04 00:13:00.000000000,1725379980000000000,529.2,529.3,528.9,529.0,157,25562,25564
2024-09-04 00:14:00.000000000,1725380040000000000,529.0,529.3,529.0,529.2,60,25564,25569
2024-09-04 00:15:00.000000000,1725380100000000000,529.2,529.2,528.8,528.9,107,25569,25593
2024-09-04 00:16:00.000000000,1725380160000000000,528.9,529.1,528.8,529.0,65,25593,25587
2024-09-04 00:17:00.000000000,1725380220000000000,529.0,529.4,529.0,529.2,125,25587,25581
2024-09-04 00:18:00.000000000,1725380280000000000,529.2,529.2,529.0,529.2,64,25581,25577
2024-09-04 00:19:00.000000000,1725380340000000000,529.2,529.5,529.2,529.3,134,25577,25568
2024-09-04 00:20:00.000000000,1725380400000000000,529.3,529.5,529.2,529.4,103,25568,25548
2024-09-04 00:21:00.000000000,1725380460000000000,529.4,529.5,529.3,529.4,179,25548,25491
2024-09-04 00:22:00.000000000,1725380520000000000,529.4,529.5,529.3,529.3,91,25491,25460
2024-09-04 00:23:00.000000000,1725380580000000000,529.3,529.3,528.9,529.0,155,25460,25433
2024-09-04 00:24:00.000000000,1725380640000000000,529.0,529.0,528.4,528.4,458,25433,25413
2024-09-04 00:25:00.000000000,1725380700000000000,528.4,528.7,528.4,528.6,139,25413,25402
2024-09-04 00:26:00.000000000,1725380760000000000,528.6,528.6,528.1,528.2,206,25402,25418
2024-09-04 00:27:00.000000000,1725380820000000000,528.2,528.4,528.2,528.4,164,25418,25451
2024-09-04 00:28:00.000000000,1725380880000000000,528.4,528.6,528.3,528.5,106,25451,25467
2024-09-04 00:29:00.000000000,1725380940000000000,528.5,528.6,528.5,528.5,64,25467,25481
2024-09-04 00:30:00.000000000,1725381000000000000,528.5,528.5,528.2,528.4,133,25481,25510
2024-09-04 00:31:00.000000000,1725381060000000000,528.4,528.4,528.0,528.2,233,25510,25586
2024-09-04 00:32:00.000000000,1725381120000000000,528.2,528.2,528.0,528.1,93,25586,25607
2024-09-04 00:33:00.000000000,1725381180000000000,528.1,528.4,528.0,528.1,102,25607,25608
2024-09-04 00:34:00.000000000,1725381240000000000,528.1,528.2,527.8,527.9,107,25608,25608
2024-09-04 00:35:00.000000000,1725381300000000000,527.9,528.3,527.9,528.2,110,25608,25611
2024-09-04 00:36:00.000000000,1725381360000000000,528.2,528.5,528.0,528.5,109,25611,25636
2024-09-04 00:37:00.000000000,1725381420000000000,528.5,528.6,528.3,528.5,107,25636,25606
2024-09-04 00:38:00.000000000,1725381480000000000,528.5,529.0,528.5,528.9,354,25606,25489
2024-09-04 00:39:00.000000000,1725381540000000000,528.9,529.0,528.5,528.7,92,25489,25477
2024-09-04 00:40:00.000000000,1725381600000000000,528.7,528.8,528.4,528.5,81,25477,25490
2024-09-04 00:41:00.000000000,1725381660000000000,528.5,528.5,528.4,528.4,53,25490,25499
2024-09-04 00:42:00.000000000,1725381720000000000,528.4,528.6,528.3,528.5,92,25499,25475
2024-09-04 00:43:00.000000000,1725381780000000000,528.5,528.6,528.2,528.3,84,25475,25482
2024-09-04 00:44:00.000000000,1725381840000000000,528.3,528.5,528.2,528.5,75,25482,25487
2024-09-04 00:45:00.000000000,1725381900000000000,528.5,528.6,528.3,528.3,75,25487,25492
2024-09-04 00:46:00.000000000,1725381960000000000,528.3,528.4,528.1,528.2,75,25492,25517
2024-09-04 00:47:00.000000000,1725382020000000000,528.2,528.4,528.2,528.3,45,25517,25501
2024-09-04 00:48:00.000000000,1725382080000000000,528.3,528.4,526.6,526.9,1036,25501,25562
2024-09-04 00:49:00.000000000,1725382140000000000,526.9,527.1,525.7,526.8,741,25562,25619
2024-09-04 00:50:00.000000000,1725382200000000000,526.8,526.9,526.0,526.2,375,25619,25675
2024-09-04 00:51:00.000000000,1725382260000000000,526.2,526.8,526.2,526.7,259,25675,25665
2024-09-04 00:52:00.000000000,1725382320000000000,526.7,526.9,526.6,526.9,171,25665,25677
2024-09-04 00:53:00.000000000,1725382380000000000,526.9,527.1,526.7,526.7,168,25677,25652
2024-09-04 00:54:00.000000000,1725382440000000000,526.7,526.9,526.6,526.6,108,25652,25672
2024-09-04 00:55:00.000000000,1725382500000000000,526.6,526.7,526.0,526.0,302,25672,25727
2024-09-04 00:56:00.000000000,1725382560000000000,526.0,526.4,526.0,526.4,202,25727,25736
2024-09-04 00:57:00.000000000,1725382620000000000,526.4,526.8,526.3,526.7,182,25736,25702
2024-09-04 00:58:00.000000000,1725382680000000000,526.7,526.8,526.3,526.3,84,25702,25711
2024-09-04 00:59:00.000000000,1725382740000000000,526.3,526.6,526.3,526.6,98,25711,25750
2024-09-04 01:00:00.000000000,1725382800000000000,526.6,526.6,526.1,526.4,117,25750,25785
2024-09-04 01:01:00.000000000,1725382860000000000,526.4,526.5,526.1,526.4,145,25785,25828
2024-09-04 01:02:00.000000000,1725382920000000000,526.4,526.6,526.1,526.4,146,25828,25851
2024-09-04 01:03:00.000000000,1725382980000000000,526.4,526.4,526.1,526.2,142,25851,25879
2024-09-04 01:04:00.000000000,1725383040000000000,526.2,526.4,526.1,526.2,178,25879,25892
2024-09-04 01:05:00.000000000,1725383100000000000,526.2,526.4,526.0,526.2,142,25892,25929
2024-09-04 01:06:00.000000000,1725383160000000000,526.2,526.4,526.1,526.3,125,25929,25950
2024-09-04 01:07:00.000000000,1725383220000000000,526.3,526.7,526.3,526.7,223,25950,25873
2024-09-04 01:08:00.000000000,1725383280000000000,526.7,527.0,526.7,526.8,167,25873,25825
2024-09-04 01:09:00.000000000,1725383340000000000,526.8,527.2,526.8,527.1,266,25825,25755
2024-09-04 01:10:00.000000000,1725383400000000000,527.1,527.4,526.7,526.8,301,25755,25720
2024-09-04 01:11:00.000000000,1725383460000000000,526.8,526.8,526.6,526.6,85,25720,25736
2024-09-04 01:12:00.000000000,1725383520000000000,526.6,526.6,526.2,526.4,147,25736,25742
2024-09-04 01:13:00.000000000,1725383580000000000,526.4,526.5,525.9,526.0,255,25742,25780
2024-09-04 01:14:00.000000000,1725383640000000000,526.0,526.2,525.9,526.0,109,25780,25783
2024-09-04 01:15:00.000000000,1725383700000000000,526.0,526.1,525.6,525.8,374,25783,25784
2024-09-04 01:16:00.000000000,1725383760000000000,525.8,526.1,525.8,526.1,101,25784,25783
2024-09-04 01:17:00.000000000,1725383820000000000,526.1,526.2,525.8,525.9,104,25783,25800
2024-09-04 01:18:00.000000000,1725383880000000000,525.9,526.2,525.8,526.0,79,25800,25826
2024-09-04 01:19:00.000000000,1725383940000000000,526.0,526.1,525.9,526.0,40,25826,25820
2024-09-04 01:20:00.000000000,1725384000000000000,526.0,526.0,525.6,525.9,124,25820,25812
2024-09-04 01:21:00.000000000,1725384060000000000,525.9,525.9,525.8,525.9,35,25812,25818
2024-09-04 01:22:00.000000000,1725384120000000000,525.9,526.2,525.9,526.1,116,25818,25825
2024-09-04 01:23:00.000000000,1725384180000000000,526.1,526.2,526.1,526.2,59,25825,25802
2024-09-04 01:24:00.000000000,1725384240000000000,526.2,526.2,525.9,526.1,58,25802,25798
2024-09-04 01:25:00.000000000,1725384300000000000,526.1,526.1,525.9,525.9,51,25798,25802
2024-09-04 01:26:00.000000000,1725384360000000000,525.9,526.0,525.7,526.0,178,25802,25802
2024-09-04 01:27:00.000000000,1725384420000000000,526.0,526.1,525.9,526.0,61,25802,25797
2024-09-04 01:28:00.000000000,1725384480000000000,526.0,526.0,525.7,525.8,79,25797,25817
2024-09-04 01:29:00.000000000,1725384540000000000,525.8,525.9,525.8,525.8,64,25817,25826
2024-09-04 01:30:00.000000000,1725384600000000000,525.8,526.2,525.8,526.0,108,25826,25798
2024-09-04 01:31:00.000000000,1725384660000000000,526.0,526.1,525.9,526.0,53,25798,25807
2024-09-04 01:32:00.000000000,1725384720000000000,526.0,526.1,525.7,525.8,83,25807,25813
2024-09-04 01:33:00.000000000,1725384780000000000,525.8,526.0,525.6,525.7,86,25813,25817
2024-09-04 01:34:00.000000000,1725384840000000000,525.7,525.9,525.6,525.7,87,25817,25827
2024-09-04 01:35:00.000000000,1725384900000000000,525.7,525.9,525.7,525.9,26,25827,25820
2024-09-04 01:36:00.000000000,1725384960000000000,525.9,525.9,525.5,525.7,78,25820,25814
2024-09-04 01:37:00.000000000,1725385020000000000,525.7,525.8,525.7,525.8,30,25814,25812
2024-09-04 01:38:00.000000000,1725385080000000000,525.8,525.8,525.4,525.5,100,25812,25798
2024-09-04 01:39:00.000000000,1725385140000000000,525.5,525.8,525.5,525.8,65,25798,25807
2024-09-04 01:40:00.000000000,1725385200000000000,525.8,525.8,525.5,525.6,99,25807,25817
2024-09-04 01:41:00.000000000,1725385260000000000,525.6,525.8,525.6,525.7,38,25817,25801
2024-09-04 01:42:00.000000000,1725385320000000000,525.7,525.8,525.6,525.8,25,25801,25801
2024-09-04 01:43:00.000000000,1725385380000000000,525.8,526.0,525.7,525.9,94,25801,25807
2024-09-04 01:44:00.000000000,1725385440000000000,525.9,526.1,525.9,526.0,181,25807,25810
2024-09-04 01:45:00.000000000,1725385500000000000,526.0,526.0,525.6,525.7,105,25810,25807
2024-09-04 01:46:00.000000000,1725385560000000000,525.7,525.7,525.4,525.5,107,25807,25815
2024-09-04 01:47:00.000000000,1725385620000000000,525.5,525.5,525.1,525.1,232,25815,25791
2024-09-04 01:48:00.000000000,1725385680000000000,525.1,525.5,525.1,525.5,106,25791,25800
2024-09-04 01:49:00.000000000,1725385740000000000,525.5,525.7,525.4,525.7,96,25800,25782
2024-09-04 01:50:00.000000000,1725385800000000000,525.7,525.7,525.5,525.6,40,25782,25777
2024-09-04 01:51:00.000000000,1725385860000000000,525.6,525.7,525.4,525.7,34,25777,25778
2024-09-04 01:52:00.000000000,1725385920000000000,525.7,525.9,525.6,525.9,67,25778,25776
2024-09-04 01:53:00.000000000,1725385980000000000,525.9,526.0,525.5,525.5,59,25776,25753
2024-09-04 01:54:00.000000000,1725386040000000000,525.5,525.6,525.4,525.4,76,25753,25729
2024-09-04 01:55:00.000000000,1725386100000000000,525.4,525.6,525.4,525.6,48,25729,25728
2024-09-04 01:56:00.000000000,1725386160000000000,525.6,525.7,525.5,525.7,37,25728,25723
2024-09-04 01:57:00.000000000,1725386220000000000,525.7,525.8,525.5,525.8,80,25723,25731
2024-09-04 01:58:00.000000000,1725386280000000000,525.8,525.8,525.4,525.4,64,25731,25724
2024-09-04 01:59:00.000000000,1725386340000000000,525.4,525.5,525.4,525.5,29,25724,25727
2024-09-04 02:00:00.000000000,1725386400000000000,525.5,525.6,525.4,525.4,60,25727,25727
2024-09-04 02:01:00.000000000,1725386460000000000,525.4,526.1,525.4,525.8,139,25727,25711
2024-09-04 02:02:00.000000000,1725386520000000000,525.8,526.2,525.8,526.0,130,25711,25675
2024-09-04 02:03:00.000000000,1725386580000000000,526.0,526.2,525.9,526.1,82,25675,25667
2024-09-04 02:04:00.000000000,1725386640000000000,526.1,526.1,525.9,525.9,93,25667,25625
2024-09-04 02:05:00.000000000,1725386700000000000,525.9,526.1,525.9,526.0,74,25625,25620
2024-09-04 02:06:00.000000000,1725386760000000000,526.0,526.3,526.0,526.2,96,25620,25605
2024-09-04 02:07:00.000000000,1725386820000000000,526.2,526.2,526.0,526.1,108,25605,25604
2024-09-04 02:08:00.000000000,1725386880000000000,526.1,526.2,525.9,525.9,43,25604,25597
2024-09-04 02:09:00.000000000,1725386940000000000,525.9,525.9,525.7,525.8,77,25597,25587
2024-09-04 02:10:00.000000000,1725387000000000000,525.8,525.8,525.5,525.7,78,25587,25569
2024-09-04 02:11:00.000000000,1725387060000000000,525.7,525.8,525.5,525.5,66,25569,25589
2024-09-04 02:12:00.000000000,1725387120000000000,525.5,525.6,525.5,525.6,40,25589,25590
2024-09-04 02:13:00.000000000,1725387180000000000,525.6,525.7,525.6,525.7,22,25590,25581
2024-09-04 02:14:00.000000000,1725387240000000000,525.7,525.7,525.5,525.7,15,25581,25584
2024-09-04 02:15:00.000000000,1725387300000000000,525.7,526.0,525.6,525.8,126,25584,25541
2024-09-04 02:16:00.000000000,1725387360000000000,525.8,526.1,525.8,526.1,74,25541,25514
2024-09-04 02:17:00.000000000,1725387420000000000,526.1,526.5,526.0,526.2,128,25514,25449
2024-09-04 02:18:00.000000000,1725387480000000000,526.2,526.5,526.2,526.5,69,25449,25441
2024-09-04 02:19:00.000000000,1725387540000000000,526.5,526.5,526.2,526.3,57,25441,25435
2024-09-04 02:20:00.000000000,1725387600000000000,526.3,526.3,526.2,526.2,57,25435,25425
2024-09-04 02:21:00.000000000,1725387660000000000,526.2,526.2,525.8,525.9,72,25425,25417
2024-09-04 02:22:00.000000000,1725387720000000000,525.9,526.1,525.9,526.0,34,25417,25404
2024-09-04 02:23:00.000000000,1725387780000000000,526.0,526.1,525.9,525.9,28,25404,25405
2024-09-04 02:24:00.000000000,1725387840000000000,525.9,526.0,525.8,525.8,32,25405,25393
2024-09-04 02:25:00.000000000,1725387900000000000,525.8,525.8,525.4,525.6,207,25393,25326
2024-09-04 02:26:00.000000000,1725387960000000000,525.6,526.0,525.6,525.9,144,25326,25253
2024-09-04 02:27:00.000000000,1725388020000000000,525.9,526.3,525.8,526.3,169,25253,25205
2024-09-04 02:28:00.000000000,1725388080000000000,526.3,526.8,526.1,526.4,270,25205,25101
2024-09-04 02:29:00.000000000,1725388140000000000,526.4,526.5,526.0,526.5,280,25101,24943
2024-09-04 09:00:00.000000000,1725411600000000000,524.0,524.4,523.3,524.4,1921,24943,24908
2024-09-04 09:01:00.000000000,1725411660000000000,524.4,524.4,523.3,523.4,615,24908,24992
2024-09-04 09:02:00.000000000,1725411720000000000,523.4,524.0,523.3,524.0,385,24992,25064
2024-09-04 09:03:00.000000000,1725411780000000000,524.0,524.0,523.6,523.8,319,25064,25115
2024-09-04 09:04:00.000000000,1725411840000000000,523.8,523.8,523.5,523.6,247,25115,25162
2024-09-04 09:05:00.000000000,1725411900000000000,523.6,523.6,523.3,523.6,279,25162,25198
2024-09-04 09:06:00.000000000,1725411960000000000,523.6,523.6,523.1,523.1,315,25198,25151
2024-09-04 09:07:00.000000000,1725412020000000000,523.1,523.3,522.9,522.9,383,25151,25193
2024-09-04 09:08:00.000000000,1725412080000000000,522.9,522.9,522.4,522.8,460,25193,25152
2024-09-04 09:09:00.000000000,1725412140000000000,522.8,522.8,522.5,522.5,237,25152,25136
2024-09-04 09:10:00.000000000,1725412200000000000,522.5,522.6,522.3,522.4,331,25136,25113
2024-09-04 09:11:00.000000000,1725412260000000000,522.4,522.8,522.3,522.6,411,25113,25041
2024-09-04 09:12:00.000000000,1725412320000000000,522.6,523.0,522.5,523.0,197,25041,25011
2024-09-04 09:13:00.000000000,1725412380000000000,523.0,523.1,522.8,523.0,307,25011,25104
2024-09-04 09:14:00.000000000,1725412440000000000,523.0,523.1,522.8,522.9,130,25104,25098
2024-09-04 09:15:00.000000000,1725412500000000000,522.9,523.0,522.6,522.7,158,25098,25109
2024-09-04 09:16:00.000000000,1725412560000000000,522.7,522.7,522.4,522.5,151,25109,25144
2024-09-04 09:17:00.000000000,1725412620000000000,522.5,523.1,522.5,523.0,127,25144,25135
2024-09-04 09:18:00.000000000,1725412680000000000,523.0,523.1,522.9,523.0,111,25135,25125
2024-09-04 09:19:00.000000000,1725412740000000000,523.0,523.1,522.7,523.1,86,25125,25134
2024-09-04 09:20:00.000000000,1725412800000000000,523.1,523.1,522.6,522.7,86,25134,25144
2024-09-04 09:21:00.000000000,1725412860000000000,522.7,522.8,522.5,522.6,131,25144,25117
2024-09-04 09:22:00.000000000,1725412920000000000,522.6,522.7,522.5,522.6,71,25117,25119
2024-09-04 09:23:00.000000000,1725412980000000000,522.6,522.7,521.9,522.0,485,25119,25154
2024-09-04 09:24:00.000000000,1725413040000000000,522.0,522.0,521.7,521.8,267,25154,25202
2024-09-04 09:25:00.000000000,1725413100000000000,521.8,521.8,521.6,521.8,245,25202,25217
2024-09-04 09:26:00.000000000,1725413160000000000,521.8,522.0,521.7,521.9,180,25217,25194
2024-09-04 09:27:00.000000000,1725413220000000000,521.9,522.1,521.8,522.0,178,25194,25162
2024-09-04 09:28:00.000000000,1725413280000000000,522.0,522.4,522.0,522.4,137,25162,25121
2024-09-04 09:29:00.000000000,1725413340000000000,522.4,522.6,522.3,522.3,150,25121,25087
2024-09-04 09:30:00.000000000,1725413400000000000,522.3,523.1,522.3,523.1,293,25087,25047
2024-09-04 09:31:00.000000000,1725413460000000000,523.1,523.1,522.4,522.4,192,25047,25016
2024-09-04 09:32:00.000000000,1725413520000000000,522.4,522.6,522.4,522.6,82,25016,25011
2024-09-04 09:33:00.000000000,1725413580000000000,522.6,522.8,522.5,522.7,85,25011,25018
2024-09-04 09:34:00.000000000,1725413640000000000,522.7,523.0,522.7,522.9,81,25018,25008
2024-09-04 09:35:00.000000000,1725413700000000000,522.9,523.1,522.9,523.0,96,25008,25001
2024-09-04 09:36:00.000000000,1725413760000000000,523.0,523.0,522.7,522.8,89,25001,25010
2024-09-04 09:37:00.000000000,1725413820000000000,522.8,523.3,522.8,523.2,172,25010,24948
2024-09-04 09:38:00.000000000,1725413880000000000,523.2,523.5,523.2,523.4,128,24948,24906
2024-09-04 09:39:00.000000000,1725413940000000000,523.4,523.6,523.3,523.5,119,24906,24909
2024-09-04 09:40:00.000000000,1725414000000000000,523.5,523.7,523.3,523.4,320,24909,24834
2024-09-04 09:41:00.000000000,1725414060000000000,523.4,523.7,522.9,523.6,282,24834,24835
2024-09-04 09:42:00.000000000,1725414120000000000,523.6,523.6,523.5,523.5,87,24835,24816
2024-09-04 09:43:00.000000000,1725414180000000000,523.5,523.6,523.2,523.2,85,24816,24799
2024-09-04 09:44:00.000000000,1725414240000000000,523.2,523.2,523.0,523.1,80,24799,24776
2024-09-04 09:45:00.000000000,1725414300000000000,523.1,523.2,522.9,523.1,87,24776,24791
2024-09-04 09:46:00.000000000,1725414360000000000,523.1,523.4,523.0,523.4,53,24791,24789
2024-09-04 09:47:00.000000000,1725414420000000000,523.4,523.4,523.2,523.2,40,24789,24787
2024-09-04 09:48:00.000000000,1725414480000000000,523.2,523.2,523.0,523.1,73,24787,24813
2024-09-04 09:49:00.000000000,1725414540000000000,523.1,523.2,522.9,523.0,82,24813,24824
2024-09-04 09:50:00.000000000,1725414600000000000,523.0,523.1,522.9,523.1,65,24824,24839
2024-09-04 09:51:00.000000000,1725414660000000000,523.1,523.1,522.7,523.0,81,24839,24831
2024-09-04 09:52:00.000000000,1725414720000000000,523.0,523.0,522.7,522.8,68,24831,24835
2024-09-04 09:53:00.000000000,1725414780000000000,522.8,522.9,522.7,522.9,41,24835,24826
2024-09-04 09:54:00.000000000,1725414840000000000,522.9,523.0,522.7,522.8,35,24826,24819
2024-09-04 09:55:00.000000000,1725414900000000000,522.8,522.9,522.6,522.6,69,24819,24819
2024-09-04 09:56:00.000000000,1725414960000000000,522.6,523.0,522.6,523.0,51,24819,24819
2024-09-04 09:57:00.000000000,1725415020000000000,523.0,523.0,522.9,522.9,28,24819,24827
2024-09-04 09:58:00.000000000,1725415080000000000,522.9,523.1,522.8,522.9,56,24827,24831
2024-09-04 09:59:00.000000000,1725415140000000000,522.9,523.0,522.8,522.8,33,24831,24840
2024-09-04 10:00:00.000000000,1725415200000000000,522.8,522.9,522.4,522.4,105,24840,24868
2024-09-04 10:01:00.000000000,1725415260000000000,522.4,522.8,522.4,522.5,88,24868,24876
2024-09-04 10:02:00.000000000,1725415320000000000,522.5,522.7,522.4,522.5,77,24876,24876
2024-09-04 10:03:00.000000000,1725415380000000000,522.5,522.7,522.4,522.5,64,24876,24849
2024-09-04 10:04:00.000000000,1725415440000000000,522.5,522.6,522.3,522.4,95,24849,24852
2024-09-04 10:05:00.000000000,1725415500000000000,522.4,522.5,522.4,522.4,36,24852,24853
2024-09-04 10:06:00.000000000,1725415560000000000,522.4,522.4,522.2,522.2,96,24853,24877
2024-09-04 10:07:00.000000000,1725415620000000000,522.2,522.2,521.7,521.9,345,24877,24924
2024-09-04 10:08:00.000000000,1725415680000000000,521.9,522.3,521.9,522.2,130,24924,24938
2024-09-04 10:09:00.000000000,1725415740000000000,522.2,522.2,522.0,522.1,55,24938,24967
2024-09-04 10:10:00.000000000,1725415800000000000,522.1,522.1,522.0,522.0,28,24967,24965
2024-09-04 10:11:00.000000000,1725415860000000000,522.0,522.2,521.9,522.2,46,24965,24968
2024-09-04 10:12:00.000000000,1725415920000000000,522.2,522.2,522.0,522.0,50,24968,24983
2024-09-04 10:13:00.000000000,1725415980000000000,522.0,522.1,522.0,522.1,32,24983,24985
2024-09-04 10:14:00.000000000,1725416040000000000,522.1,522.1,521.9,521.9,108,24985,25025
2024-09-04 10:30:00.000000000,1725417000000000000,521.9,522.2,521.9,522.1,92,25025,25015
2024-09-04 10:31:00.000000000,1725417060000000000,522.1,522.2,521.4,521.6,222,25015,25018
2024-09-04 10:32:00.000000000,1725417120000000000,521.6,521.9,521.6,521.7,98,25018,25056
2024-09-04 10:33:00.000000000,1725417180000000000,521.7,521.8,521.6,521.7,78,25056,25087
2024-09-04 10:34:00.000000000,1725417240000000000,521.7,522.1,521.6,522.1,91,25087,25101
2024-09-04 10:35:00.000000000,1725417300000000000,522.1,522.1,521.9,521.9,64,25101,25118
2024-09-04 10:36:00.000000000,1725417360000000000,521.9,522.0,521.9,521.9,37,25118,25122
2024-09-04 10:37:00.000000000,1725417420000000000,521.9,522.2,521.9,522.0,56,25122,25126
2024-09-04 10:38:00.000000000,1725417480000000000,522.0,522.5,522.0,522.4,186,25126,25072
2024-09-04 10:39:00.000000000,1725417540000000000,522.4,522.4,522.2,522.2,101,25072,25061
2024-09-04 10:40:00.000000000,1725417600000000000,522.2,522.2,521.8,521.9,102,25061,25084
2024-09-04 10:41:00.000000000,1725417660000000000,521.9,522.0,521.8,521.9,70,25084,25098
2024-09-04 10:42:00.000000000,1725417720000000000,521.9,521.9,521.6,521.6,137,25098,25147
2024-09-04 10:43:00.000000000,1725417780000000000,521.6,521.6,521.3,521.3,156,25147,25141
2024-09-04 10:44:00.000000000,1725417840000000000,521.3,521.4,521.2,521.3,106,25141,25145
2024-09-04 10:45:00.000000000,1725417900000000000,521.3,521.3,520.7,520.9,388,25145,25212
2024-09-04 10:46:00.000000000,1725417960000000000,520.9,521.2,520.8,521.1,169,25212,25240
2024-09-04 10:47:00.000000000,1725418020000000000,521.1,521.2,520.9,521.2,108,25240,25247
2024-09-04 10:48:00.000000000,1725418080000000000,521.2,521.2,521.0,521.1,60,25247,25230
2024-09-04 10:49:00.000000000,1725418140000000000,521.1,521.4,521.1,521.4,68,25230,25246
2024-09-04 10:50:00.000000000,1725418200000000000,521.4,521.5,521.2,521.2,104,25246,25238
2024-09-04 10:51:00.000000000,1725418260000000000,521.2,521.6,521.2,521.5,89,25238,25239
2024-09-04 10:52:00.000000000,1725418320000000000,521.5,521.6,521.4,521.5,44,25239,25245
2024-09-04 10:53:00.000000000,1725418380000000000,521.5,521.8,521.5,521.7,85,25245,25257
2024-09-04 10:54:00.000000000,1725418440000000000,521.7,521.7,521.6,521.7,50,25257,25252
2024-09-04 10:55:00.000000000,1725418500000000000,521.7,521.9,521.6,521.8,93,25252,25238
2024-09-04 10:56:00.000000000,1725418560000000000,521.8,521.8,521.5,521.7,62,25238,25259
2024-09-04 10:57:00.000000000,1725418620000000000,521.7,521.8,521.6,521.7,36,25259,25265
2024-09-04 10:58:00.000000000,1725418680000000000,521.7,521.7,521.5,521.6,47,25265,25255
2024-09-04 10:59:00.000000000,1725418740000000000,521.6,522.0,521.6,522.0,80,25255,25234
2024-09-04 11:00:00.000000000,1725418800000000000,522.0,522.4,521.9,522.3,300,25234,25209
2024-09-04 11:01:00.000000000,1725418860000000000,522.3,522.7,522.3,522.6,242,25209,25204
2024-09-04 11:02:00.000000000,1725418920000000000,522.6,523.1,522.6,523.0,375,25204,25157
2024-09-04 11:03:00.000000000,1725418980000000000,523.0,523.0,522.8,522.9,154,25157,25110
2024-09-04 11:04:00.000000000,1725419040000000000,522.9,522.9,522.5,522.5,118,25110,25067
2024-09-04 11:05:00.000000000,1725419100000000000,522.5,522.5,522.2,522.3,103,25067,25061
2024-09-04 11:06:00.000000000,1725419160000000000,522.3,522.3,522.1,522.3,64,25061,25062
2024-09-04 11:07:00.000000000,1725419220000000000,522.3,522.5,522.1,522.4,89,25062,25087
2024-09-04 11:08:00.000000000,1725419280000000000,522.4,522.6,522.3,522.6,22,25087,25082
2024-09-04 11:09:00.000000000,1725419340000000000,522.6,522.6,522.2,522.2,59,25082,25089
2024-09-04 11:10:00.000000000,1725419400000000000,522.2,522.6,522.2,522.6,65,25089,25097
2024-09-04 11:11:00.000000000,1725419460000000000,522.6,522.9,522.5,522.9,57,25097,25095
2024-09-04 11:12:00.000000000,1725419520000000000,522.9,522.9,522.6,522.6,55,25095,25083
2024-09-04 11:13:00.000000000,1725419580000000000,522.6,523.0,522.6,523.0,144,25083,25022
2024-09-04 11:14:00.000000000,1725419640000000000,523.0,523.2,522.9,522.9,151,25022,24976
2024-09-04 11:15:00.000000000,1725419700000000000,522.9,523.1,522.9,523.0,52,24976,24963
2024-09-04 11:16:00.000000000,1725419760000000000,523.0,523.0,522.8,522.8,72,24963,24962
2024-09-04 11:17:00.000000000,1725419820000000000,522.8,523.0,522.7,522.9,76,24962,24943
2024-09-04 11:18:00.000000000,1725419880000000000,522.9,523.2,522.7,523.2,55,24943,24941
2024-09-04 11:19:00.000000000,1725419940000000000,523.2,523.6,523.1,523.5,173,24941,24926
2024-09-04 11:20:00.000000000,1725420000000000000,523.5,523.7,523.2,523.5,251,24926,24920
2024-09-04 11:21:00.000000000,1725420060000000000,523.5,523.5,523.2,523.3,42,24920,24923
2024-09-04 11:22:00.000000000,1725420120000000000,523.3,523.3,522.8,522.9,99,24923,24924
2024-09-04 11:23:00.000000000,1725420180000000000,522.9,523.0,522.7,522.9,51,24924,24922
2024-09-04 11:24:00.000000000,1725420240000000000,522.9,522.9,522.2,522.3,252,24922,24904
2024-09-04 11:25:00.000000000,1725420300000000000,522.3,522.4,522.2,522.2,122,24904,24887
2024-09-04 11:26:00.000000000,1725420360000000000,522.2,522.7,522.0,522.7,312,24887,24849
2024-09-04 11:27:00.000000000,1725420420000000000,522.7,522.7,522.5,522.6,62,24849,24868
2024-09-04 11:28:00.000000000,1725420480000000000,522.6,522.6,522.3,522.3,38,24868,24850
2024-09-04 11:29:00.000000000,1725420540000000000,522.3,522.5,522.2,522.2,115,24850,24850
2024-09-04 13:30:00.000000000,1725427800000000000,522.6,522.8,522.5,522.6,184,24850,24835
2024-09-04 13:31:00.000000000,1725427860000000000,522.6,523.1,522.6,522.9,266,24835,24837
2024-09-04 13:32:00.000000000,1725427920000000000,522.9,523.2,522.9,523.0,145,24837,24793
2024-09-04 13:33:00.000000000,1725427980000000000,523.0,523.1,522.9,522.9,42,24793,24804
2024-09-04 13:34:00.000000000,1725428040000000000,522.9,523.3,522.9,523.2,99,24804,24821
2024-09-04 13:35:00.000000000,1725428100000000000,523.2,523.2,522.9,523.0,71,24821,24826
2024-09-04 13:36:00.000000000,1725428160000000000,523.0,523.2,522.8,523.0,71,24826,24811
2024-09-04 13:37:00.000000000,1725428220000000000,523.0,523.0,522.8,522.9,80,24811,24837
2024-09-04 13:38:00.000000000,1725428280000000000,522.9,523.4,522.8,523.4,118,24837,24788
2024-09-04 13:39:00.000000000,1725428340000000000,523.4,523.5,523.1,523.4,277,24788,24760
2024-09-04 13:40:00.000000000,1725428400000000000,523.4,523.4,523.0,523.0,59,24760,24761
2024-09-04 13:41:00.000000000,1725428460000000000,523.0,523.0,522.8,522.9,106,24761,24780
2024-09-04 13:42:00.000000000,1725428520000000000,522.9,523.1,522.9,523.1,64,24780,24777
2024-09-04 13:43:00.000000000,1725428580000000000,523.1,523.2,523.0,523.1,59,24777,24785
2024-09-04 13:44:00.000000000,1725428640000000000,523.1,523.1,523.0,523.0,24,24785,24782
2024-09-04 13:45:00.000000000,1725428700000000000,523.0,523.1,522.8,522.8,49,24782,24771
2024-09-04 13:46:00.000000000,1725428760000000000,522.8,523.2,522.8,523.0,46,24771,24760
2024-09-04 13:47:00.000000000,1725428820000000000,523.0,523.0,522.9,522.9,27,24760,24754
2024-09-04 13:48:00.000000000,1725428880000000000,522.9,523.0,522.6,522.8,75,24754,24759
2024-09-04 13:49:00.000000000,1725428940000000000,522.8,522.8,522.7,522.7,35,24759,24745
2024-09-04 13:50:00.000000000,1725429000000000000,522.7,523.0,522.7,523.0,38,24745,24747
2024-09-04 13:51:00.000000000,1725429060000000000,523.0,523.0,522.9,523.0,43,24747,24733
2024-09-04 13:52:00.000000000,1725429120000000000,523.0,523.2,522.9,523.1,66,24733,24704
2024-09-04 13:53:00.000000000,1725429180000000000,523.1,523.3,523.0,523.1,69,24704,24695
2024-09-04 13:54:00.000000000,1725429240000000000,523.1,523.2,523.1,523.2,44,24695,24682
2024-09-04 13:55:00.000000000,1725429300000000000,523.2,523.3,523.1,523.3,58,24682,24696
2024-09-04 13:56:00.000000000,1725429360000000000,523.3,523.5,523.3,523.4,115,24696,24719
2024-09-04 13:57:00.000000000,1725429420000000000,523.4,523.6,523.4,523.4,142,24719,24726
2024-09-04 13:58:00.000000000,1725429480000000000,523.4,523.4,523.3,523.4,35,24726,24717
2024-09-04 13:59:00.000000000,1725429540000000000,523.4,523.4,523.2,523.3,29,24717,24715
2024-09-04 14:00:00.000000000,1725429600000000000,523.3,523.4,523.0,523.2,315,24715,24805
2024-09-04 14:01:00.000000000,1725429660000000000,523.2,523.5,523.2,523.3,92,24805,24802
2024-09-04 14:02:00.000000000,1725429720000000000,523.3,523.9,523.3,523.7,231,24802,24792
2024-09-04 14:03:00.000000000,1725429780000000000,523.7,524.2,523.7,524.2,211,24792,24762
2024-09-04 14:04:00.000000000,1725429840000000000,524.2,524.2,523.9,524.1,153,24762,24767
2024-09-04 14:05:00.000000000,1725429900000000000,524.1,524.1,523.5,523.8,199,24767,24759
2024-09-04 14:06:00.000000000,1725429960000000000,523.8,524.0,523.7,524.0,155,24759,24779
2024-09-04 14:07:00.000000000,1725430020000000000,524.0,524.2,523.9,523.9,96,24779,24771
2024-09-04 14:08:00.000000000,1725430080000000000,523.9,523.9,523.0,523.1,275,24771,24708
2024-09-04 14:09:00.000000000,1725430140000000000,523.1,523.1,522.8,523.0,139,24708,24705
2024-09-04 14:10:00.000000000,1725430200000000000,523.0,523.1,522.9,523.0,79,24705,24712
2024-09-04 14:11:00.000000000,1725430260000000000,523.0,523.1,523.0,523.0,47,24712,24697
2024-09-04 14:12:00.000000000,1725430320000000000,523.0,523.1,522.9,523.0,16,24697,24691
2024-09-04 14:13:00.000000000,1725430380000000000,523.0,523.1,522.9,523.0,60,24691,24696
2024-09-04 14:14:00.000000000,1725430440000000000,523.0,523.1,523.0,523.1,24,24696,24686
2024-09-04 14:15:00.000000000,1725430500000000000,523.1,523.1,522.6,522.7,170,24686,24671
2024-09-04 14:16:00.000000000,1725430560000000000,522.7,523.5,522.7,523.3,159,24671,24665
2024-09-04 14:17:00.000000000,1725430620000000000,523.3,523.4,523.0,523.0,69,24665,24691
2024-09-04 14:18:00.000000000,1725430680000000000,523.0,523.0,522.8,523.0,55,24691,24695
2024-09-04 14:19:00.000000000,1725430740000000000,523.0,523.0,522.8,522.9,37,24695,24697
2024-09-04 14:20:00.000000000,1725430800000000000,522.9,523.0,522.7,522.9,50,24697,24703
2024-09-04 14:21:00.000000000,1725430860000000000,522.9,523.1,522.9,523.1,25,24703,24697
2024-09-04 14:22:00.000000000,1725430920000000000,523.1,523.3,523.1,523.3,63,24697,24683
2024-09-04 14:23:00.000000000,1725430980000000000,523.3,523.8,523.3,523.7,186,24683,24674
2024-09-04 14:24:00.000000000,1725431040000000000,523.7,523.9,523.6,523.9,89,24674,24672
2024-09-04 14:25:00.000000000,1725431100000000000,523.9,524.0,523.7,523.8,104,24672,24674
2024-09-04 14:26:00.000000000,1725431160000000000,523.8,524.1,523.7,523.8,116,24674,24708
2024-09-04 14:27:00.000000000,1725431220000000000,523.8,524.0,523.8,524.0,69,24708,24694
2024-09-04 14:28:00.000000000,1725431280000000000,524.0,524.0,523.4,523.6,126,24694,24659
2024-09-04 14:29:00.000000000,1725431340000000000,523.6,523.8,523.5,523.7,66,24659,24649
2024-09-04 14:30:00.000000000,1725431400000000000,523.7,523.7,523.4,523.5,70,24649,24626
2024-09-04 14:31:00.000000000,1725431460000000000,523.5,523.5,523.1,523.2,115,24626,24603
2024-09-04 14:32:00.000000000,1725431520000000000,523.2,523.4,523.2,523.3,31,24603,24607
2024-09-04 14:33:00.000000000,1725431580000000000,523.3,523.3,523.0,523.1,115,24607,24612
2024-09-04 14:34:00.000000000,1725431640000000000,523.1,523.3,523.1,523.2,55,24612,24606
2024-09-04 14:35:00.000000000,1725431700000000000,523.2,523.2,522.9,522.9,129,24606,24618
2024-09-04 14:36:00.000000000,1725431760000000000,522.9,523.2,522.9,523.2,131,24618,24653
2024-09-04 14:37:00.000000000,1725431820000000000,523.2,523.3,523.0,523.3,84,24653,24632
2024-09-04 14:38:00.000000000,1725431880000000000,523.3,523.3,523.2,523.2,40,24632,24631
2024-09-04 14:39:00.000000000,1725431940000000000,523.2,523.3,523.1,523.2,54,24631,24613
2024-09-04 14:40:00.000000000,1725432000000000000,523.2,523.3,522.9,522.9,126,24613,24618
2024-09-04 14:41:00.000000000,1725432060000000000,522.9,523.0,522.7,522.9,86,24618,24626
2024-09-04 14:42:00.000000000,1725432120000000000,522.9,523.1,522.8,523.1,85,24626,24615
2024-09-04 14:43:00.000000000,1725432180000000000,523.1,523.1,522.9,523.0,45,24615,24601
2024-09-04 14:44:00.000000000,1725432240000000000,523.0,523.2,522.8,522.8,129,24601,24627
2024-09-04 14:45:00.000000000,1725432300000000000,522.8,522.8,522.6,522.7,154,24627,24622
2024-09-04 14:46:00.000000000,1725432360000000000,522.7,523.0,522.7,522.9,97,24622,24616
2024-09-04 14:47:00.000000000,1725432420000000000,522.9,522.9,522.6,522.6,76,24616,24620
2024-09-04 14:48:00.000000000,1725432480000000000,522.6,522.7,522.4,522.6,200,24620,24613
2024-09-04 14:49:00.000000000,1725432540000000000,522.6,522.7,522.5,522.5,54,24613,24625
2024-09-04 14:50:00.000000000,1725432600000000000,522.5,522.8,522.5,522.8,95,24625,24606
2024-09-04 14:51:00.000000000,1725432660000000000,522.8,523.0,522.6,522.7,118,24606,24596
2024-09-04 14:52:00.000000000,1725432720000000000,522.7,523.0,522.6,522.9,100,24596,24572
2024-09-04 14:53:00.000000000,1725432780000000000,522.9,522.9,522.7,522.8,66,24572,24554
2024-09-04 14:54:00.000000000,1725432840000000000,522.8,523.1,522.8,523.0,142,24554,24502
2024-09-04 14:55:00.000000000,1725432900000000000,523.0,523.5,523.0,523.0,394,24502,24455
2024-09-04 14:56:00.000000000,1725432960000000000,523.0,523.1,522.5,522.5,279,24455,24491
2024-09-04 14:57:00.000000000,1725433020000000000,522.5,522.6,522.0,522.1,341,24491,24509
2024-09-04 14:58:00.000000000,1725433080000000000,522.1,522.6,522.1,522.5,359,24509,24431
2024-09-04 14:59:00.000000000,1725433140000000000,522.5,522.8,522.4,522.8,404,24431,24425
2024-09-04 21:00:00.000000000,1725454800000000000,526.0,526.3,524.4,526.0,1951,24425,24471
2024-09-04 21:01:00.000000000,1725454860000000000,526.0,526.9,525.4,526.7,1464,24471,24486
2024-09-04 21:02:00.000000000,1725454920000000000,526.7,527.2,525.8,525.8,909,24486,24501
2024-09-04 21:03:00.000000000,1725454980000000000,525.8,526.0,525.2,525.5,649,24501,24572
2024-09-04 21:04:00.000000000,1725455040000000000,525.5,526.4,525.4,525.8,730,24572,24663
2024-09-04 21:05:00.000000000,1725455100000000000,525.8,526.7,525.6,526.5,624,24663,24675
2024-09-04 21:06:00.000000000,1725455160000000000,526.5,526.5,525.6,525.7,620,24675,24655
2024-09-04 21:07:00.000000000,1725455220000000000,525.7,525.9,525.6,525.7,347,24655,24671
2024-09-04 21:08:00.000000000,1725455280000000000,525.7,525.7,524.8,524.9,642,24671,24728
2024-09-04 21:09:00.000000000,1725455340000000000,524.9,525.1,524.8,525.1,296,24728,24814
2024-09-04 21:10:00.000000000,1725455400000000000,525.1,525.3,524.9,525.0,319,24814,24823
2024-09-04 21:11:00.000000000,1725455460000000000,525.0,525.1,524.8,524.9,154,24823,24857
2024-09-04 21:12:00.000000000,1725455520000000000,524.9,525.3,524.8,524.9,237,24857,24904
2024-09-04 21:13:00.000000000,1725455580000000000,524.9,525.2,524.3,524.3,412,24904,24959
2024-09-04 21:14:00.000000000,1725455640000000000,524.3,524.7,524.0,524.2,601,24959,24946
2024-09-04 21:15:00.000000000,1725455700000000000,524.2,524.4,523.5,523.6,643,24946,25026
2024-09-04 21:16:00.000000000,1725455760000000000,523.6,523.8,523.2,523.5,490,25026,25066
2024-09-04 21:17:00.000000000,1725455820000000000,523.5,524.1,523.5,524.1,327,25066,25099
2024-09-04 21:18:00.000000000,1725455880000000000,524.1,524.7,523.7,524.1,600,25099,25082
2024-09-04 21:19:00.000000000,1725455940000000000,524.1,524.3,523.4,523.4,297,25082,25106
2024-09-04 21:20:00.000000000,1725456000000000000,523.4,523.7,522.8,522.8,552,25106,25126
2024-09-04 21:21:00.000000000,1725456060000000000,522.8,523.3,522.6,522.9,466,25126,25187
2024-09-04 21:22:00.000000000,1725456120000000000,522.9,523.1,522.4,522.8,521,25187,25220
2024-09-04 21:23:00.000000000,1725456180000000000,522.8,523.3,522.7,523.2,422,25220,25262
2024-09-04 21:24:00.000000000,1725456240000000000,523.2,523.6,523.2,523.3,328,25262,25234
2024-09-04 21:25:00.000000000,1725456300000000000,523.3,523.6,523.0,523.6,382,25234,25283
2024-09-04 21:26:00.000000000,1725456360000000000,523.6,523.6,523.3,523.4,265,25283,25306
2024-09-04 21:27:00.000000000,1725456420000000000,523.4,523.5,523.3,523.5,109,25306,25287
2024-09-04 21:28:00.000000000,1725456480000000000,523.5,523.8,523.3,523.3,338,25287,25264
2024-09-04 21:29:00.000000000,1725456540000000000,523.3,523.4,523.1,523.2,136,25264,25269
2024-09-04 21:30:00.000000000,1725456600000000000,523.2,523.2,522.3,522.5,592,25269,25287
2024-09-04 21:31:00.000000000,1725456660000000000,522.5,523.2,522.5,523.2,274,25287,25300
2024-09-04 21:32:00.000000000,1725456720000000000,523.2,523.6,522.9,522.9,349,25300,25295
2024-09-04 21:33:00.000000000,1725456780000000000,522.9,523.5,522.7,522.7,311,25295,25291
2024-09-04 21:34:00.000000000,1725456840000000000,522.7,522.9,522.6,522.8,137,25291,25290
2024-09-04 21:35:00.000000000,1725456900000000000,522.8,523.6,522.8,523.5,320,25290,25296
2024-09-04 21:36:00.000000000,1725456960000000000,523.5,523.7,523.1,523.3,351,25296,25322
2024-09-04 21:37:00.000000000,1725457020000000000,523.3,523.8,523.2,523.4,367,25322,25295
2024-09-04 21:38:00.000000000,1725457080000000000,523.4,523.5,523.1,523.3,168,25295,25304
2024-09-04 21:39:00.000000000,1725457140000000000,523.3,523.4,523.1,523.3,137,25304,25312
2024-09-04 21:40:00.000000000,1725457200000000000,523.3,523.4,522.5,522.6,393,25312,25317
2024-09-04 21:41:00.000000000,1725457260000000000,522.6,523.0,522.6,522.9,203,25317,25314
2024-09-04 21:42:00.000000000,1725457320000000000,522.9,523.1,522.6,522.7,216,25314,25372
2024-09-04 21:43:00.000000000,1725457380000000000,522.7,522.7,522.1,522.1,349,25372,25364
2024-09-04 21:44:00.000000000,1725457440000000000,522.1,522.5,522.0,522.1,334,25364,25359
2024-09-04 21:45:00.000000000,1725457500000000000,522.1,522.1,520.5,521.1,1341,25359,25455
2024-09-04 21:46:00.000000000,1725457560000000000,521.1,521.8,521.0,521.7,454,25455,25485
2024-09-04 21:47:00.000000000,1725457620000000000,521.7,522.0,521.2,521.3,488,25485,25483
2024-09-04 21:48:00.000000000,1725457680000000000,521.3,521.4,520.7,520.7,365,25483,25530
2024-09-04 21:49:00.000000000,1725457740000000000,520.7,521.2,520.5,521.1,468,25530,25544
2024-09-04 21:50:00.000000000,1725457800000000000,521.1,521.4,520.9,521.0,247,25544,25576
2024-09-04 21:51:00.000000000,1725457860000000000,521.0,521.7,521.0,521.6,400,25576,25595
2024-09-04 21:52:00.000000000,1725457920000000000,521.6,522.2,521.5,522.1,551,25595,25612
2024-09-04 21:53:00.000000000,1725457980000000000,522.1,522.2,521.6,521.9,405,25612,25619
2024-09-04 21:54:00.000000000,1725458040000000000,521.9,521.9,521.5,521.8,159,25619,25607
2024-09-04 21:55:00.000000000,1725458100000000000,521.8,521.9,521.5,521.9,183,25607,25625
2024-09-04 21:56:00.000000000,1725458160000000000,521.9,522.9,521.9,522.6,574,25625,25525
2024-09-04 21:57:00.000000000,1725458220000000000,522.6,523.6,522.2,523.2,858,25525,25459
2024-09-04 21:58:00.000000000,1725458280000000000,523.2,523.5,522.8,522.8,376,25459,25422
2024-09-04 21:59:00.000000000,1725458340000000000,522.8,523.0,522.5,522.7,249,25422,25417
2024-09-04 22:00:00.000000000,1725458400000000000,522.7,522.7,522.2,522.3,631,25417,25436
2024-09-04 22:01:00.000000000,1725458460000000000,522.3,522.6,521.8,522.4,472,25436,25422
2024-09-04 22:02:00.000000000,1725458520000000000,522.4,523.0,522.1,523.0,393,25422,25454
2024-09-04 22:03:00.000000000,1725458580000000000,523.0,523.4,522.6,522.6,596,25454,25469
2024-09-04 22:04:00.000000000,1725458640000000000,522.6,523.1,522.1,522.9,480,25469,25447
2024-09-04 22:05:00.000000000,1725458700000000000,522.9,523.1,522.2,522.3,501,25447,25502
2024-09-04 22:06:00.000000000,1725458760000000000,522.3,522.6,522.1,522.3,327,25502,25509
2024-09-04 22:07:00.000000000,1725458820000000000,522.3,522.6,522.1,522.1,276,25509,25489
2024-09-04 22:08:00.000000000,1725458880000000000,522.1,522.2,521.6,521.7,404,25489,25497
2024-09-04 22:09:00.000000000,1725458940000000000,521.7,522.0,521.5,522.0,217,25497,25485
2024-09-04 22:10:00.000000000,1725459000000000000,522.0,522.5,522.0,522.4,339,25485,25469
2024-09-04 22:11:00.000000000,1725459060000000000,522.4,522.4,521.7,521.7,286,25469,25472
2024-09-04 22:12:00.000000000,1725459120000000000,521.7,521.8,521.6,521.7,232,25472,25504
2024-09-04 22:13:00.000000000,1725459180000000000,521.7,521.9,521.5,521.7,201,25504,25517
2024-09-04 22:14:00.000000000,1725459240000000000,521.7,521.8,521.1,521.6,351,25517,25480
2024-09-04 22:15:00.000000000,1725459300000000000,521.6,521.6,520.8,521.0,464,25480,25500
2024-09-04 22:16:00.000000000,1725459360000000000,521.0,521.8,521.0,521.7,381,25500,25489
2024-09-04 22:17:00.000000000,1725459420000000000,521.7,521.7,521.3,521.4,251,25489,25520
2024-09-04 22:18:00.000000000,1725459480000000000,521.4,521.9,521.4,521.7,129,25520,25530
2024-09-04 22:19:00.000000000,1725459540000000000,521.7,521.8,521.4,521.5,119,25530,25513
2024-09-04 22:20:00.000000000,1725459600000000000,521.5,521.9,521.3,521.6,280,25513,25528
2024-09-04 22:21:00.000000000,1725459660000000000,521.6,521.9,521.2,521.3,352,25528,25573
2024-09-04 22:22:00.000000000,1725459720000000000,521.3,522.3,521.2,521.7,545,25573,25577
2024-09-04 22:23:00.000000000,1725459780000000000,521.7,522.0,521.5,521.6,190,25577,25573
2024-09-04 22:24:00.000000000,1725459840000000000,521.6,521.6,521.2,521.3,219,25573,25636
2024-09-04 22:25:00.000000000,1725459900000000000,521.3,521.4,521.0,521.0,330,25636,25698
2024-09-04 22:26:00.000000000,1725459960000000000,521.0,521.1,520.3,520.5,738,25698,25762
2024-09-04 22:27:00.000000000,1725460020000000000,520.5,520.7,520.2,520.3,515,25762,25865
2024-09-04 22:28:00.000000000,1725460080000000000,520.3,520.9,520.3,520.5,297,25865,25890
2024-09-04 22:29:00.000000000,1725460140000000000,520.5,520.9,520.3,520.9,312,25890,25943
2024-09-04 22:30:00.000000000,1725460200000000000,520.9,520.9,520.4,520.5,265,25943,25952
2024-09-04 22:31:00.000000000,1725460260000000000,520.5,520.6,520.1,520.3,333,25952,25921
2024-09-04 22:32:00.000000000,1725460320000000000,520.3,521.0,520.3,520.6,326,25921,25940
2024-09-04 22:33:00.000000000,1725460380000000000,520.6,520.8,520.5,520.6,188,25940,26010
2024-09-04 22:34:00.000000000,1725460440000000000,520.6,521.2,520.6,521.1,348,26010,25990
2024-09-04 22:35:00.000000000,1725460500000000000,521.1,521.2,520.8,520.8,210,25990,26006
2024-09-04 22:36:00.000000000,1725460560000000000,520.8,521.5,520.8,521.3,320,26006,25994
2024-09-04 22:37:00.000000000,1725460620000000000,521.3,521.8,521.1,521.1,566,25994,25955
2024-09-04 22:38:00.000000000,1725460680000000000,521.1,521.3,520.9,521.0,177,25955,25966
2024-09-04 22:39:00.000000000,1725460740000000000,521.0,521.1,520.8,521.0,124,25966,25979
2024-09-04 22:40:00.000000000,1725460800000000000,521.0,521.1,520.8,521.0,231,25979,25970
2024-09-04 22:41:00.000000000,1725460860000000000,521.0,523.6,520.9,523.6,1756,25970,25782
2024-09-04 22:42:00.000000000,1725460920000000000,523.6,527.7,523.4,527.2,3553,25782,25265
2024-09-04 22:43:00.000000000,1725460980000000000,527.2,528.0,526.0,527.9,2554,25265,25150
2024-09-04 22:44:00.000000000,1725461040000000000,527.9,528.7,527.1,528.2,2369,25150,24988
2024-09-04 22:45:00.000000000,1725461100000000000,528.2,528.6,527.3,528.1,1873,24988,24901
2024-09-04 22:46:00.000000000,1725461160000000000,528.1,528.1,526.8,526.8,1131,24901,24804
2024-09-04 22:47:00.000000000,1725461220000000000,526.8,526.8,525.5,525.8,1384,24804,24818
2024-09-04 22:48:00.000000000,1725461280000000000,525.8,526.2,525.1,525.3,1164,24818,24897
2024-09-04 22:49:00.000000000,1725461340000000000,525.3,525.6,523.9,524.5,1289,24897,24959
2024-09-04 22:50:00.000000000,1725461400000000000,524.5,524.9,524.2,524.3,839,24959,25146
2024-09-04 22:51:00.000000000,1725461460000000000,524.3,524.4,523.5,524.1,764,25146,25148
2024-09-04 22:52:00.000000000,1725461520000000000,524.1,524.5,524.0,524.1,605,25148,25119
2024-09-04 22:53:00.000000000,1725461580000000000,524.1,524.2,523.3,523.3,667,25119,25173
2024-09-04 22:54:00.000000000,1725461640000000000,523.3,524.0,523.3,523.8,554,25173,25180
2024-09-04 22:55:00.000000000,1725461700000000000,523.8,524.5,523.7,524.1,632,25180,25228
2024-09-04 22:56:00.000000000,1725461760000000000,524.1,524.1,523.3,523.3,486,25228,25263
2024-09-04 22:57:00.000000000,1725461820000000000,523.3,523.7,523.3,523.4,314,25263,25296
2024-09-04 22:58:00.000000000,1725461880000000000,523.4,523.8,523.3,523.3,384,25296,25243
2024-09-04 22:59:00.000000000,1725461940000000000,523.3,524.1,523.3,524.0,328,25243,25249
2024-09-04 23:00:00.000000000,1725462000000000000,524.0,525.1,524.0,524.8,835,25249,25248
2024-09-04 23:01:00.000000000,1725462060000000000,524.8,525.3,524.8,525.0,616,25248,25259
2024-09-04 23:02:00.000000000,1725462120000000000,525.0,525.1,524.3,524.8,448,25259,25235
2024-09-04 23:03:00.000000000,1725462180000000000,524.8,525.0,524.6,524.7,338,25235,25242
2024-09-04 23:04:00.000000000,1725462240000000000,524.7,524.8,524.3,524.5,341,25242,25265
2024-09-04 23:05:00.000000000,1725462300000000000,524.5,524.8,523.9,524.0,425,25265,25221
2024-09-04 23:06:00.000000000,1725462360000000000,524.0,525.3,524.0,524.8,739,25221,25146
2024-09-04 23:07:00.000000000,1725462420000000000,524.8,525.5,524.7,525.3,495,25146,25108
2024-09-04 23:08:00.000000000,1725462480000000000,525.3,526.0,525.3,526.0,868,25108,25125
2024-09-04 23:09:00.000000000,1725462540000000000,526.0,526.6,525.9,526.4,648,25125,25150
2024-09-04 23:10:00.000000000,1725462600000000000,526.4,526.6,526.1,526.1,635,25150,25138
2024-09-04 23:11:00.000000000,1725462660000000000,526.1,526.3,525.7,525.8,439,25138,25074
2024-09-04 23:12:00.000000000,1725462720000000000,525.8,526.1,525.5,525.6,307,25074,25046
2024-09-04 23:13:00.000000000,1725462780000000000,525.6,526.3,525.5,526.3,274,25046,25066
2024-09-04 23:14:00.000000000,1725462840000000000,526.3,526.3,525.7,526.1,229,25066,25072
2024-09-04 23:15:00.000000000,1725462900000000000,526.1,526.2,524.8,525.1,746,25072,24930
2024-09-04 23:16:00.000000000,1725462960000000000,525.1,525.9,525.1,525.7,377,24930,24973
2024-09-04 23:17:00.000000000,1725463020000000000,525.7,525.8,525.5,525.5,225,24973,24992
2024-09-04 23:18:00.000000000,1725463080000000000,525.5,526.1,525.4,525.9,277,24992,24983
2024-09-04 23:19:00.000000000,1725463140000000000,525.9,526.3,525.9,526.2,236,24983,25036
2024-09-04 23:20:00.000000000,1725463200000000000,526.2,526.3,525.6,525.7,287,25036,25014
2024-09-04 23:21:00.000000000,1725463260000000000,525.7,525.9,525.5,525.8,261,25014,25013
2024-09-04 23:22:00.000000000,1725463320000000000,525.8,525.9,524.5,525.4,1355,25013,24940
2024-09-04 23:23:00.000000000,1725463380000000000,525.4,525.9,525.3,525.6,319,24940,24939
2024-09-04 23:24:00.000000000,1725463440000000000,525.6,525.9,525.5,525.6,315,24939,24934
2024-09-04 23:25:00.000000000,1725463500000000000,525.6,525.6,524.9,525.2,464,24934,24956
2024-09-04 23:26:00.000000000,1725463560000000000,525.2,525.6,525.1,525.3,268,24956,24988
2024-09-04 23:27:00.000000000,1725463620000000000,525.3,525.3,524.8,525.0,251,24988,24971
2024-09-04 23:28:00.000000000,1725463680000000000,525.0,525.3,524.6,525.0,407,24971,24937
2024-09-04 23:29:00.000000000,1725463740000000000,525.0,525.1,524.3,524.3,681,24937,24895
2024-09-04 23:30:00.000000000,1725463800000000000,524.3,524.8,524.2,524.3,418,24895,24952
2024-09-04 23:31:00.000000000,1725463860000000000,524.3,524.4,524.0,524.2,349,24952,24968
2024-09-04 23:32:00.000000000,1725463920000000000,524.2,524.2,523.9,524.0,239,24968,24958
2024-09-04 23:33:00.000000000,1725463980000000000,524.0,524.3,524.0,524.3,141,24958,24985
2024-09-04 23:34:00.000000000,1725464040000000000,524.3,524.9,524.1,524.2,517,24985,24946
2024-09-04 23:35:00.000000000,1725464100000000000,524.2,524.3,524.0,524.3,162,24946,25007
2024-09-04 23:36:00.000000000,1725464160000000000,524.3,524.5,524.1,524.3,211,25007,24993
2024-09-04 23:37:00.000000000,1725464220000000000,524.3,524.7,524.2,524.6,197,24993,24965
2024-09-04 23:38:00.000000000,1725464280000000000,524.6,525.0,524.4,524.9,350,24965,24923
2024-09-04 23:39:00.000000000,1725464340000000000,524.9,525.1,524.7,524.9,219,24923,24964
2024-09-04 23:40:00.000000000,1725464400000000000,524.9,525.0,524.7,524.7,144,24964,24975
2024-09-04 23:41:00.000000000,1725464460000000000,524.7,524.7,524.4,524.7,145,24975,24984
2024-09-04 23:42:00.000000000,1725464520000000000,524.7,524.7,524.2,524.2,250,24984,24978
2024-09-04 23:43:00.000000000,1725464580000000000,524.2,524.6,524.2,524.5,158,24978,25017
2024-09-04 23:44:00.000000000,1725464640000000000,524.5,524.9,524.5,524.5,175,25017,25023
2024-09-04 23:45:00.000000000,1725464700000000000,524.5,524.7,524.0,524.1,228,25023,25013
2024-09-04 23:46:00.000000000,1725464760000000000,524.1,524.4,524.0,524.2,191,25013,25013
2024-09-04 23:47:00.000000000,1725464820000000000,524.2,524.4,524.2,524.2,118,25013,25016
2024-09-04 23:48:00.000000000,1725464880000000000,524.2,524.2,524.0,524.1,134,25016,25048
2024-09-04 23:49:00.000000000,1725464940000000000,524.1,524.3,523.7,523.7,288,25048,25040
2024-09-04 23:50:00.000000000,1725465000000000000,523.7,523.7,522.5,522.8,969,25040,25066
2024-09-04 23:51:00.000000000,1725465060000000000,522.8,522.8,522.6,522.6,244,25066,25113
2024-09-04 23:52:00.000000000,1725465120000000000,522.6,523.1,522.6,523.1,312,25113,25073
2024-09-04 23:53:00.000000000,1725465180000000000,523.1,523.2,522.8,523.0,146,25073,25101
2024-09-04 23:54:00.000000000,1725465240000000000,523.0,523.5,522.8,523.2,243,25101,25121
2024-09-04 23:55:00.000000000,1725465300000000000,523.2,523.8,523.1,523.7,216,25121,25102
2024-09-04 23:56:00.000000000,1725465360000000000,523.7,523.9,523.3,523.4,236,25102,25060
2024-09-04 23:57:00.000000000,1725465420000000000,523.4,523.6,523.3,523.5,146,25060,25107
2024-09-04 23:58:00.000000000,1725465480000000000,523.5,524.1,523.4,523.9,264,25107,25069
2024-09-04 23:59:00.000000000,1725465540000000000,523.9,523.9,523.5,523.5,119,25069,25057
2024-09-05 00:00:00.000000000,1725465600000000000,523.5,523.6,523.2,523.4,195,25057,25070
2024-09-05 00:01:00.000000000,1725465660000000000,523.4,523.5,523.2,523.5,84,25070,25060
2024-09-05 00:02:00.000000000,1725465720000000000,523.5,523.5,523.2,523.2,138,25060,25064
2024-09-05 00:03:00.000000000,1725465780000000000,523.2,523.2,522.9,523.1,152,25064,25073
2024-09-05 00:04:00.000000000,1725465840000000000,523.1,523.2,523.0,523.0,110,25073,25080
2024-09-05 00:05:00.000000000,1725465900000000000,523.0,523.1,522.6,522.8,241,25080,25045
2024-09-05 00:06:00.000000000,1725465960000000000,522.8,523.2,522.7,523.1,189,25045,25010
2024-09-05 00:07:00.000000000,1725466020000000000,523.1,523.3,522.9,522.9,114,25010,25038
2024-09-05 00:08:00.000000000,1725466080000000000,522.9,523.1,522.8,523.1,43,25038,25041
2024-09-05 00:09:00.000000000,1725466140000000000,523.1,523.3,523.0,523.1,99,25041,25056
2024-09-05 00:10:00.000000000,1725466200000000000,523.1,523.4,523.1,523.1,130,25056,25062
2024-09-05 00:11:00.000000000,1725466260000000000,523.1,523.3,523.0,523.0,57,25062,25066
2024-09-05 00:12:00.000000000,1725466320000000000,523.0,523.1,522.7,523.0,191,25066,25106
2024-09-05 00:13:00.000000000,1725466380000000000,523.0,523.1,522.8,523.1,75,25106,25104
2024-09-05 00:14:00.000000000,1725466440000000000,523.1,523.1,522.6,522.8,159,25104,25102
2024-09-05 00:15:00.000000000,1725466500000000000,522.8,523.1,522.7,523.1,64,25102,25093
2024-09-05 00:16:00.000000000,1725466560000000000,523.1,523.2,522.8,523.1,91,25093,25078
2024-09-05 00:17:00.000000000,1725466620000000000,523.1,523.4,523.0,523.2,125,25078,25074
2024-09-05 00:18:00.000000000,1725466680000000000,523.2,523.2,522.8,523.0,82,25074,25057
2024-09-05 00:19:00.000000000,1725466740000000000,523.0,523.2,523.0,523.1,42,25057,25058
2024-09-05 00:20:00.000000000,1725466800000000000,523.1,523.1,522.6,522.7,115,25058,25064
2024-09-05 00:21:00.000000000,1725466860000000000,522.7,523.1,522.7,523.0,72,25064,25069
2024-09-05 00:22:00.000000000,1725466920000000000,523.0,523.1,522.9,523.1,51,25069,25073
2024-09-05 00:23:00.000000000,1725466980000000000,523.1,523.2,523.1,523.2,47,25073,25080
2024-09-05 00:24:00.000000000,1725467040000000000,523.2,523.2,523.0,523.1,90,25080,25104
2024-09-05 00:25:00.000000000,1725467100000000000,523.1,523.4,522.9,522.9,146,25104,25091
2024-09-05 00:26:00.000000000,1725467160000000000,522.9,523.2,522.9,523.0,67,25091,25098
2024-09-05 00:27:00.000000000,1725467220000000000,523.0,523.2,523.0,523.2,53,25098,25112
2024-09-05 00:28:00.000000000,1725467280000000000,523.2,523.2,522.9,522.9,70,25112,25118
2024-09-05 00:29:00.000000000,1725467340000000000,522.9,523.0,522.8,522.9,52,25118,25109
2024-09-05 00:30:00.000000000,1725467400000000000,522.9,522.9,522.7,522.9,143,25109,25119
2024-09-05 00:31:00.000000000,1725467460000000000,522.9,523.3,522.9,523.2,104,25119,25137
2024-09-05 00:32:00.000000000,1725467520000000000,523.2,523.3,523.1,523.2,83,25137,25116
2024-09-05 00:33:00.000000000,1725467580000000000,523.2,523.4,523.1,523.3,145,25116,25117
2024-09-05 00:34:00.000000000,1725467640000000000,523.3,523.7,523.3,523.6,214,25117,25099
2024-09-05 00:35:00.000000000,1725467700000000000,523.6,523.6,523.2,523.2,162,25099,25092
2024-09-05 00:36:00.000000000,1725467760000000000,523.2,523.3,523.1,523.2,55,25092,25097
2024-09-05 00:37:00.000000000,1725467820000000000,523.2,523.4,523.1,523.2,45,25097,25107
2024-09-05 00:38:00.000000000,1725467880000000000,523.2,523.5,523.2,523.5,78,25107,25097
2024-09-05 00:39:00.000000000,1725467940000000000,523.5,524.1,523.5,523.7,274,25097,25038
2024-09-05 00:40:00.000000000,1725468000000000000,523.7,523.8,523.4,523.4,97,25038,25049
2024-09-05 00:41:00.000000000,1725468060000000000,523.4,523.5,523.2,523.3,123,25049,25061
2024-09-05 00:42:00.000000000,1725468120000000000,523.3,523.4,523.2,523.4,57,25061,25067
2024-09-05 00:43:00.000000000,1725468180000000000,523.4,523.4,523.2,523.2,28,25067,25060
2024-09-05 00:44:00.000000000,1725468240000000000,523.2,523.2,523.0,523.1,113,25060,25051
2024-09-05 00:45:00.000000000,1725468300000000000,523.1,523.1,522.9,523.0,78,25051,25060
2024-09-05 00:46:00.000000000,1725468360000000000,523.0,523.0,522.7,522.7,111,25060,25060
2024-09-05 00:47:00.000000000,1725468420000000000,522.7,522.9,522.6,522.9,153,25060,25082
2024-09-05 00:48:00.000000000,1725468480000000000,522.9,523.0,522.8,522.9,82,25082,25079
2024-09-05 00:49:00.000000000,1725468540000000000,522.9,522.9,522.8,522.8,44,25079,25076
2024-09-05 00:50:00.000000000,1725468600000000000,522.8,522.9,522.7,522.7,79,25076,25082
2024-09-05 00:51:00.000000000,1725468660000000000,522.7,523.0,522.7,522.8,74,25082,25084
2024-09-05 00:52:00.000000000,1725468720000000000,522.8,522.8,522.7,522.8,38,25084,25085
2024-09-05 00:53:00.000000000,1725468780000000000,522.8,523.0,522.7,523.0,111,25085,25096
2024-09-05 00:54:00.000000000,1725468840000000000,523.0,523.2,522.9,523.0,100,25096,25078
2024-09-05 00:55:00.000000000,1725468900000000000,523.0,523.2,522.9,523.1,114,25078,25059
2024-09-05 00:56:00.000000000,1725468960000000000,523.1,523.2,523.1,523.1,38,25059,25064
2024-09-05 00:57:00.000000000,1725469020000000000,523.1,523.1,522.9,523.1,52,25064,25050
2024-09-05 00:58:00.000000000,1725469080000000000,523.1,523.2,523.0,523.1,76,25050,25042
2024-09-05 00:59:00.000000000,1725469140000000000,523.1,523.1,523.0,523.1,43,25042,25035
2024-09-05 01:00:00.000000000,1725469200000000000,523.1,523.1,522.8,522.8,100,25035,25078
2024-09-05 01:01:00.000000000,1725469260000000000,522.8,523.0,522.8,522.9,36,25078,25084
2024-09-05 01:02:00.000000000,1725469320000000000,522.9,522.9,522.6,522.6,71,25084,25101
2024-09-05 01:03:00.000000000,1725469380000000000,522.6,522.7,522.6,522.6,104,25101,25104
2024-09-05 01:04:00.000000000,1725469440000000000,522.6,522.8,522.6,522.8,50,25104,25099
2024-09-05 01:05:00.000000000,1725469500000000000,522.8,522.9,522.6,522.7,56,25099,25115
2024-09-05 01:06:00.000000000,1725469560000000000,522.7,522.8,522.6,522.7,56,25115,25125
2024-09-05 01:07:00.000000000,1725469620000000000,522.7,522.9,522.7,522.9,46,25125,25125
2024-09-05 01:08:00.000000000,1725469680000000000,522.9,522.9,522.7,522.7,14,25125,25120
2024-09-05 01:09:00.000000000,1725469740000000000,522.7,523.0,522.7,522.9,89,25120,25104
2024-09-05 01:10:00.000000000,1725469800000000000,522.9,522.9,522.2,522.6,302,25104,25102
2024-09-05 01:11:00.000000000,1725469860000000000,522.6,522.9,522.6,522.9,83,25102,25091
2024-09-05 01:12:00.000000000,1725469920000000000,522.9,522.9,522.6,522.7,35,25091,25099
2024-09-05 01:13:00.000000000,1725469980000000000,522.7,522.8,522.7,522.8,19,25099,25099
2024-09-05 01:14:00.000000000,1725470040000000000,522.8,522.8,522.4,522.4,70,25099,25112
2024-09-05 01:15:00.000000000,1725470100000000000,522.4,522.6,522.4,522.6,44,25112,25127
2024-09-05 01:16:00.000000000,1725470160000000000,522.6,522.7,522.4,522.4,53,25127,25145
2024-09-05 01:17:00.000000000,1725470220000000000,522.4,522.6,522.4,522.5,34,25145,25149
2024-09-05 01:18:00.000000000,1725470280000000000,522.5,522.6,522.4,522.4,36,25149,25148
2024-09-05 01:19:00.000000000,1725470340000000000,522.4,522.5,522.4,522.5,18,25148,25142
2024-09-05 01:20:00.000000000,1725470400000000000,522.5,522.5,522.1,522.1,105,25142,25106
2024-09-05 01:21:00.000000000,1725470460000000000,522.1,522.1,521.4,521.5,380,25106,25065
2024-09-05 01:22:00.000000000,1725470520000000000,521.5,521.7,521.5,521.5,99,25065,25076
2024-09-05 01:23:00.000000000,1725470580000000000,521.5,521.6,520.6,520.9,547,25076,25132
2024-09-05 01:24:00.000000000,1725470640000000000,520.9,520.9,518.8,519.9,773,25132,25176
2024-09-05 01:25:00.000000000,1725470700000000000,519.9,520.2,519.0,519.1,590,25176,25138
2024-09-05 01:26:00.000000000,1725470760000000000,519.1,519.9,519.1,519.8,325,25138,25120
2024-09-05 01:27:00.000000000,1725470820000000000,519.8,519.9,519.6,519.8,140,25120,25168
2024-09-05 01:28:00.000000000,1725470880000000000,519.8,520.0,519.2,519.3,260,25168,25229
2024-09-05 01:29:00.000000000,1725470940000000000,519.3,519.4,519.2,519.2,185,25229,25293
2024-09-05 01:30:00.000000000,1725471000000000000,519.2,519.6,519.2,519.5,144,25293,25311
2024-09-05 01:31:00.000000000,1725471060000000000,519.5,519.7,519.5,519.7,79,25311,25313
2024-09-05 01:32:00.000000000,1725471120000000000,519.7,520.4,519.5,520.2,223,25313,25290
2024-09-05 01:33:00.000000000,1725471180000000000,520.2,520.9,520.1,520.4,287,25290,25222
2024-09-05 01:34:00.000000000,1725471240000000000,520.4,520.7,520.3,520.6,107,25222,25226
2024-09-05 01:35:00.000000000,1725471300000000000,520.6,521.4,520.6,521.0,264,25226,25219
2024-09-05 01:36:00.000000000,1725471360000000000,521.0,521.1,520.7,520.7,71,25219,25196
2024-09-05 01:37:00.000000000,1725471420000000000,520.7,520.7,520.3,520.3,147,25196,25161
2024-09-05 01:38:00.000000000,1725471480000000000,520.3,520.8,520.3,520.8,95,25161,25156
2024-09-05 01:39:00.000000000,1725471540000000000,520.8,520.9,520.7,520.8,41,25156,25171
2024-09-05 01:40:00.000000000,1725471600000000000,520.8,520.9,520.3,520.4,102,25171,25166
2024-09-05 01:41:00.000000000,1725471660000000000,520.4,520.6,520.4,520.6,48,25166,25166
2024-09-05 01:42:00.000000000,1725471720000000000,520.6,520.9,520.6,520.7,58,25166,25156
2024-09-05 01:43:00.000000000,1725471780000000000,520.7,520.8,520.6,520.6,29,25156,25159
2024-09-05 01:44:00.000000000,1725471840000000000,520.6,520.9,520.5,520.7,55,25159,25168
2024-09-05 01:45:00.000000000,1725471900000000000,520.7,520.7,520.5,520.5,22,25168,25173
2024-09-05 01:46:00.000000000,1725471960000000000,520.5,520.8,520.5,520.7,58,25173,25185
2024-09-05 01:47:00.000000000,1725472020000000000,520.7,520.8,520.7,520.8,29,25185,25193
2024-09-05 01:48:00.000000000,1725472080000000000,520.8,521.0,520.8,520.8,70,25193,25186
2024-09-05 01:49:00.000000000,1725472140000000000,520.8,520.9,520.8,520.9,18,25186,25189
2024-09-05 01:50:00.000000000,1725472200000000000,520.9,521.0,520.6,520.7,89,25189,25194
2024-09-05 01:51:00.000000000,1725472260000000000,520.7,521.0,520.5,520.7,119,25194,25181
2024-09-05 01:52:00.000000000,1725472320000000000,520.7,520.8,520.6,520.7,48,25181,25191
2024-09-05 01:53:00.000000000,1725472380000000000,520.7,520.7,520.6,520.6,14,25191,25186
2024-09-05 01:54:00.000000000,1725472440000000000,520.6,520.8,520.6,520.7,45,25186,25171
2024-09-05 01:55:00.000000000,1725472500000000000,520.7,520.8,520.5,520.5,31,25171,25169
2024-09-05 01:56:00.000000000,1725472560000000000,520.5,520.5,519.9,520.2,211,25169,25145
2024-09-05 01:57:00.000000000,1725472620000000000,520.2,520.6,520.2,520.4,126,25145,25137
2024-09-05 01:58:00.000000000,1725472680000000000,520.4,520.6,520.4,520.6,74,25137,25172
2024-09-05 01:59:00.000000000,1725472740000000000,520.6,520.7,520.6,520.7,32,25172,25176
2024-09-05 02:00:00.000000000,1725472800000000000,520.7,521.0,520.6,520.8,122,25176,25176
2024-09-05 02:01:00.000000000,1725472860000000000,520.8,520.9,520.7,520.9,59,25176,25175
2024-09-05 02:02:00.000000000,1725472920000000000,520.9,521.0,520.9,520.9,27,25175,25182
2024-09-05 02:03:00.000000000,1725472980000000000,520.9,520.9,520.8,520.8,7,25182,25182
2024-09-05 02:04:00.000000000,1725473040000000000,520.8,521.1,520.8,521.0,62,25182,25167
2024-09-05 02:05:00.000000000,1725473100000000000,521.0,521.4,520.9,521.0,133,25167,25138
2024-09-05 02:06:00.000000000,1725473160000000000,521.0,521.5,520.9,521.4,113,25138,25099
2024-09-05 02:07:00.000000000,1725473220000000000,521.4,521.4,521.2,521.2,54,25099,25099
2024-09-05 02:08:00.000000000,1725473280000000000,521.2,521.3,521.2,521.3,25,25099,25102
2024-09-05 02:09:00.000000000,1725473340000000000,521.3,521.3,521.1,521.1,46,25102,25102
2024-09-05 02:10:00.000000000,1725473400000000000,521.1,521.4,521.1,521.1,87,25102,25114
2024-09-05 02:11:00.000000000,1725473460000000000,521.1,521.3,521.0,521.3,52,25114,25109
2024-09-05 02:12:00.000000000,1725473520000000000,521.3,521.3,521.1,521.1,32,25109,25103
2024-09-05 02:13:00.000000000,1725473580000000000,521.1,521.4,521.1,521.4,37,25103,25093
2024-09-05 02:14:00.000000000,1725473640000000000,521.4,522.2,521.3,521.7,382,25093,24915
2024-09-05 02:15:00.000000000,1725473700000000000,521.7,522.2,521.7,522.0,218,24915,24870
2024-09-05 02:16:00.000000000,1725473760000000000,522.0,522.2,521.9,522.0,78,24870,24849
2024-09-05 02:17:00.000000000,1725473820000000000,522.0,522.2,522.0,522.1,51,24849,24839
2024-09-05 02:18:00.000000000,1725473880000000000,522.1,522.1,521.6,521.7,134,24839,24879
2024-09-05 02:19:00.000000000,1725473940000000000,521.7,521.7,521.2,521.4,138,24879,24853
2024-09-05 02:20:00.000000000,1725474000000000000,521.4,521.5,520.8,520.8,168,24853,24860
2024-09-05 02:21:00.000000000,1725474060000000000,520.8,520.8,519.9,520.1,270,24860,24883
2024-09-05 02:22:00.000000000,1725474120000000000,520.1,520.4,520.1,520.3,88,24883,24871
2024-09-05 02:23:00.000000000,1725474180000000000,520.3,520.8,520.3,520.6,134,24871,24859
2024-09-05 02:24:00.000000000,1725474240000000000,520.6,520.8,520.5,520.7,73,24859,24855
2024-09-05 02:25:00.000000000,1725474300000000000,520.7,520.8,520.6,520.7,94,24855,24823
2024-09-05 02:26:00.000000000,1725474360000000000,520.7,520.9,520.6,520.8,103,24823,24828
2024-09-05 02:27:00.000000000,1725474420000000000,520.8,520.9,520.5,520.7,144,24828,24797
2024-09-05 02:28:00.000000000,1725474480000000000,520.7,521.1,520.6,520.6,217,24797,24751
2024-09-05 02:29:00.000000000,1725474540000000000,520.6,520.7,520.2,520.3,293,24751,24661
2024-09-05 09:00:00.000000000,1725498000000000000,522.1,522.3,521.6,522.0,1001,24661,24518
2024-09-05 09:01:00.000000000,1725498060000000000,522.0,522.1,521.6,522.1,324,24518,24498
2024-09-05 09:02:00.000000000,1725498120000000000,522.1,522.2,521.4,521.7,575,24498,24584
2024-09-05 09:03:00.000000000,1725498180000000000,521.7,521.9,521.6,521.8,241,24584,24576
2024-09-05 09:04:00.000000000,1725498240000000000,521.8,522.1,521.6,521.9,190,24576,24535
2024-09-05 09:05:00.000000000,1725498300000000000,521.9,522.3,521.7,521.9,406,24535,24602
2024-09-05 09:06:00.000000000,1725498360000000000,521.9,522.0,521.5,522.0,344,24602,24591
2024-09-05 09:07:00.000000000,1725498420000000000,522.0,522.2,521.9,522.1,188,24591,24541
2024-09-05 09:08:00.000000000,1725498480000000000,522.1,522.5,522.1,522.4,268,24541,24486
2024-09-05 09:09:00.000000000,1725498540000000000,522.4,522.4,522.1,522.2,192,24486,24457
2024-09-05 09:10:00.000000000,1725498600000000000,522.2,522.5,522.1,522.1,217,24457,24455
2024-09-05 09:11:00.000000000,1725498660000000000,522.1,522.2,521.9,522.1,182,24455,24437
2024-09-05 09:12:00.000000000,1725498720000000000,522.1,522.2,521.9,522.2,76,24437,24409
2024-09-05 09:13:00.000000000,1725498780000000000,522.2,522.5,522.1,522.4,129,24409,24384
2024-09-05 09:14:00.000000000,1725498840000000000,522.4,522.4,522.0,522.4,197,24384,24393
2024-09-05 09:15:00.000000000,1725498900000000000,522.4,522.5,522.2,522.2,144,24393,24414
2024-09-05 09:16:00.000000000,1725498960000000000,522.2,522.9,522.2,522.9,248,24414,24378
2024-09-05 09:17:00.000000000,1725499020000000000,522.9,522.9,522.7,522.8,197,24378,24341
2024-09-05 09:18:00.000000000,1725499080000000000,522.8,522.8,522.6,522.7,87,24341,24335
2024-09-05 09:19:00.000000000,1725499140000000000,522.7,522.7,522.4,522.4,98,24335,24343
2024-09-05 09:20:00.000000000,1725499200000000000,522.4,522.6,522.4,522.5,79,24343,24338
2024-09-05 09:21:00.000000000,1725499260000000000,522.5,522.6,522.4,522.6,74,24338,24329
2024-09-05 09:22:00.000000000,1725499320000000000,522.6,522.6,522.4,522.6,64,24329,24320
2024-09-05 09:23:00.000000000,1725499380000000000,522.6,523.0,522.6,523.0,122,24320,24331
2024-09-05 09:24:00.000000000,1725499440000000000,523.0,523.4,522.8,522.8,416,24331,24317
2024-09-05 09:25:00.000000000,1725499500000000000,522.8,522.9,522.6,522.7,100,24317,24331
2024-09-05 09:26:00.000000000,1725499560000000000,522.7,522.7,522.2,522.3,210,24331,24370
2024-09-05 09:27:00.000000000,1725499620000000000,522.3,522.4,522.2,522.2,135,24370,24399
2024-09-05 09:28:00.000000000,1725499680000000000,522.2,522.3,522.1,522.2,125,24399,24392
2024-09-05 09:29:00.000000000,1725499740000000000,522.2,522.3,522.0,522.3,189,24392,24402
2024-09-05 09:30:00.000000000,1725499800000000000,522.3,522.4,522.2,522.3,109,24402,24383
2024-09-05 09:31:00.000000000,1725499860000000000,522.3,522.9,522.3,522.9,193,24383,24353
2024-09-05 09:32:00.000000000,1725499920000000000,522.9,523.2,522.9,523.0,120,24353,24360
2024-09-05 09:33:00.000000000,1725499980000000000,523.0,523.1,522.9,523.0,45,24360,24346
2024-09-05 09:34:00.000000000,1725500040000000000,523.0,523.0,522.6,522.7,60,24346,24336
2024-09-05 09:35:00.000000000,1725500100000000000,522.7,522.8,522.4,522.5,62,24336,24329
2024-09-05 09:36:00.000000000,1725500160000000000,522.5,522.8,522.4,522.8,63,24329,24315
2024-09-05 09:37:00.000000000,1725500220000000000,522.8,522.8,522.6,522.6,35,24315,24310
2024-09-05 09:38:00.000000000,1725500280000000000,522.6,522.8,522.6,522.7,39,24310,24308
2024-09-05 09:39:00.000000000,1725500340000000000,522.7,522.7,522.6,522.7,52,24308,24308
2024-09-05 09:40:00.000000000,1725500400000000000,522.7,522.7,522.4,522.4,63,24308,24304
2024-09-05 09:41:00.000000000,1725500460000000000,522.4,522.5,522.3,522.5,39,24304,24293
2024-09-05 09:42:00.000000000,1725500520000000000,522.5,522.5,522.3,522.3,29,24293,24290
2024-09-05 09:43:00.000000000,1725500580000000000,522.3,522.5,522.2,522.5,68,24290,24289
2024-09-05 09:44:00.000000000,1725500640000000000,522.5,522.5,522.3,522.3,38,24289,24296
2024-09-05 09:45:00.000000000,1725500700000000000,522.3,522.3,522.1,522.2,70,24296,24278
2024-09-05 09:46:00.000000000,1725500760000000000,522.2,522.2,521.8,521.9,202,24278,24324
2024-09-05 09:47:00.000000000,1725500820000000000,521.9,522.2,521.8,522.2,86,24324,24321
2024-09-05 09:48:00.000000000,1725500880000000000,522.2,522.3,522.1,522.2,38,24321,24324
2024-09-05 09:49:00.000000000,1725500940000000000,522.2,522.4,522.1,522.2,46,24324,24310
2024-09-05 09:50:00.000000000,1725501000000000000,522.2,522.4,522.2,522.2,24,24310,24307
2024-09-05 09:51:00.000000000,1725501060000000000,522.2,522.2,521.8,521.8,80,24307,24330
2024-09-05 09:52:00.000000000,1725501120000000000,521.8,521.8,521.4,521.4,164,24330,24349
2024-09-05 09:53:00.000000000,1725501180000000000,521.4,521.6,521.4,521.5,87,24349,24352
2024-09-05 09:54:00.000000000,1725501240000000000,521.5,521.7,521.3,521.6,80,24352,24350
2024-09-05 09:55:00.000000000,1725501300000000000,521.6,522.2,521.6,522.1,179,24350,24341
2024-09-05 09:56:00.000000000,1725501360000000000,522.1,522.2,522.0,522.2,38,24341,24337
2024-09-05 09:57:00.000000000,1725501420000000000,522.2,522.3,522.2,522.2,62,24337,24325
2024-09-05 09:58:00.000000000,1725501480000000000,522.2,522.2,522.1,522.1,37,24325,24324
2024-09-05 09:59:00.000000000,1725501540000000000,522.1,522.1,521.9,522.0,40,24324,24320
2024-09-05 10:00:00.000000000,1725501600000000000,522.0,522.4,522.0,522.4,125,24320,24301
2024-09-05 10:01:00.000000000,1725501660000000000,522.4,522.8,522.4,522.6,181,24301,24264
2024-09-05 10:02:00.000000000,1725501720000000000,522.6,522.7,522.3,522.3,76,24264,24274
2024-09-05 10:03:00.000000000,1725501780000000000,522.3,522.5,522.1,522.5,71,24274,24271
2024-09-05 10:04:00.000000000,1725501840000000000,522.5,522.5,522.3,522.3,13,24271,24271
2024-09-05 10:05:00.000000000,1725501900000000000,522.3,522.5,522.2,522.4,71,24271,24282
2024-09-05 10:06:00.000000000,1725501960000000000,522.4,522.5,522.2,522.4,42,24282,24273
2024-09-05 10:07:00.000000000,1725502020000000000,522.4,522.5,522.2,522.2,65,24273,24292
2024-09-05 10:08:00.000000000,1725502080000000000,522.2,522.2,521.8,521.9,85,24292,24276
2024-09-05 10:09:00.000000000,1725502140000000000,521.9,522.0,521.8,522.0,68,24276,24246
2024-09-05 10:10:00.000000000,1725502200000000000,522.0,522.0,521.7,521.9,77,24246,24230
2024-09-05 10:11:00.000000000,1725502260000000000,521.9,521.9,521.8,521.8,70,24230,24246
2024-09-05 10:12:00.000000000,1725502320000000000,521.8,521.9,521.8,521.9,21,24246,24259
2024-09-05 10:13:00.000000000,1725502380000000000,521.9,521.9,521.7,521.7,68,24259,24261
2024-09-05 10:14:00.000000000,1725502440000000000,521.7,521.8,521.6,521.7,66,24261,24267
2024-09-05 10:30:00.000000000,1725503400000000000,521.9,522.1,521.8,521.9,86,24267,24257
2024-09-05 10:31:00.000000000,1725503460000000000,521.9,522.2,521.9,522.2,83,24257,24277
2024-09-05 10:32:00.000000000,1725503520000000000,522.2,522.3,522.1,522.3,127,24277,24256
2024-09-05 10:33:00.000000000,1725503580000000000,522.3,522.3,522.2,522.3,31,24256,24244
2024-09-05 10:34:00.000000000,1725503640000000000,522.3,522.6,522.3,522.5,50,24244,24261
2024-09-05 10:35:00.000000000,1725503700000000000,522.5,522.7,522.3,522.3,93,24261,24281
2024-09-05 10:36:00.000000000,1725503760000000000,522.3,522.3,521.8,521.8,146,24281,24295
2024-09-05 10:37:00.000000000,1725503820000000000,521.8,522.4,521.8,522.2,68,24295,24293
2024-09-05 10:38:00.000000000,1725503880000000000,522.2,522.2,522.0,522.1,22,24293,24290
2024-09-05 10:39:00.000000000,1725503940000000000,522.1,522.2,521.6,522.1,231,24290,24336
2024-09-05 10:40:00.000000000,1725504000000000000,522.1,522.2,521.8,521.8,78,24336,24344
2024-09-05 10:41:00.000000000,1725504060000000000,521.8,522.0,521.8,522.0,43,24344,24329
2024-09-05 10:42:00.000000000,1725504120000000000,522.0,522.0,521.9,522.0,16,24329,24322
2024-09-05 10:43:00.000000000,1725504180000000000,522.0,522.0,521.8,522.0,24,24322,24321
2024-09-05 10:44:00.000000000,1725504240000000000,522.0,522.0,521.8,522.0,29,24321,24327
2024-09-05 10:45:00.000000000,1725504300000000000,522.0,522.2,521.8,522.2,53,24327,24306
2024-09-05 10:46:00.000000000,1725504360000000000,522.2,522.2,521.8,521.9,35,24306,24306
2024-09-05 10:47:00.000000000,1725504420000000000,521.9,522.0,521.7,521.9,98,24306,24266
2024-09-05 10:48:00.000000000,1725504480000000000,521.9,522.2,521.9,522.0,38,24266,24260
2024-09-05 10:49:00.000000000,1725504540000000000,522.0,522.1,521.9,521.9,20,24260,24260
2024-09-05 10:50:00.000000000,1725504600000000000,521.9,522.3,521.9,522.2,121,24260,24250
2024-09-05 10:51:00.000000000,1725504660000000000,522.2,522.4,522.2,522.3,62,24250,24242
2024-09-05 10:52:00.000000000,1725504720000000000,522.3,522.3,522.1,522.3,46,24242,24238
2024-09-05 10:53:00.000000000,1725504780000000000,522.3,522.5,522.2,522.3,91,24238,24210
2024-09-05 10:54:00.000000000,1725504840000000000,522.3,522.3,522.1,522.1,27,24210,24214
2024-09-05 10:55:00.000000000,1725504900000000000,522.1,522.3,522.1,522.1,42,24214,24212
2024-09-05 10:56:00.000000000,1725504960000000000,522.1,522.2,522.0,522.2,16,24212,24210
2024-09-05 10:57:00.000000000,1725505020000000000,522.2,522.2,522.0,522.1,35,24210,24211
2024-09-05 10:58:00.000000000,1725505080000000000,522.1,522.1,522.0,522.0,36,24211,24213
2024-09-05 10:59:00.000000000,1725505140000000000,522.0,522.0,521.9,522.0,10,24213,24209
2024-09-05 11:00:00.000000000,1725505200000000000,522.0,522.1,521.8,522.1,69,24209,24199
2024-09-05 11:01:00.000000000,1725505260000000000,522.1,522.1,522.0,522.0,14,24199,24200
2024-09-05 11:02:00.000000000,1725505320000000000,522.0,522.0,521.8,521.9,77,24200,24220
2024-09-05 11:03:00.000000000,1725505380000000000,521.9,521.9,521.5,521.6,151,24220,24288
2024-09-05 11:04:00.000000000,1725505440000000000,521.6,521.7,521.3,521.4,149,24288,24293
2024-09-05 11:05:00.000000000,1725505500000000000,521.4,521.7,521.4,521.7,38,24293,24278
2024-09-05 11:06:00.000000000,1725505560000000000,521.7,521.7,521.4,521.4,83,24278,24273
2024-09-05 11:07:00.000000000,1725505620000000000,521.4,521.5,521.4,521.4,40,24273,24268
2024-09-05 11:08:00.000000000,1725505680000000000,521.4,521.5,521.1,521.1,105,24268,24257
2024-09-05 11:09:00.000000000,1725505740000000000,521.1,521.1,520.9,521.0,163,24257,24259
2024-09-05 11:10:00.000000000,1725505800000000000,521.0,521.0,520.5,520.5,381,24259,24329
2024-09-05 11:11:00.000000000,1725505860000000000,520.5,520.7,520.4,520.6,147,24329,24333
2024-09-05 11:12:00.000000000,1725505920000000000,520.6,520.8,520.5,520.6,67,24333,24328
2024-09-05 11:13:00.000000000,1725505980000000000,520.6,520.6,520.4,520.5,108,24328,24323
2024-09-05 11:14:00.000000000,1725506040000000000,520.5,520.6,520.5,520.5,69,24323,24327
2024-09-05 11:15:00.000000000,1725506100000000000,520.5,520.6,520.1,520.3,315,24327,24403
2024-09-05 11:16:00.000000000,1725506160000000000,520.3,520.3,520.0,520.1,128,24403,24410
2024-09-05 11:17:00.000000000,1725506220000000000,520.1,520.3,520.1,520.3,56,24410,24407
2024-09-05 11:18:00.000000000,1725506280000000000,520.3,520.3,520.0,520.0,101,24407,24430
2024-09-05 11:19:00.000000000,1725506340000000000,520.0,520.0,519.8,520.0,103,24430,24431
2024-09-05 11:20:00.000000000,1725506400000000000,520.0,520.1,519.8,519.9,80,24431,24444
2024-09-05 11:21:00.000000000,1725506460000000000,519.9,520.0,519.7,519.9,137,24444,24435
2024-09-05 11:22:00.000000000,1725506520000000000,519.9,520.0,519.7,519.8,71,24435,24444
2024-09-05 11:23:00.000000000,1725506580000000000,519.8,519.9,519.7,519.8,78,24444,24472
2024-09-05 11:24:00.000000000,1725506640000000000,519.8,519.9,519.6,519.9,125,24472,24474
2024-09-05 11:25:00.000000000,1725506700000000000,519.9,520.0,519.7,519.7,62,24474,24472
2024-09-05 11:26:00.000000000,1725506760000000000,519.7,519.8,519.5,519.8,89,24472,24479
2024-09-05 11:27:00.000000000,1725506820000000000,519.8,519.9,519.6,519.6,56,24479,24481
2024-09-05 11:28:00.000000000,1725506880000000000,519.6,519.8,519.6,519.8,49,24481,24487
2024-09-05 11:29:00.000000000,1725506940000000000,519.8,519.9,519.5,519.6,180,24487,24460
2024-09-05 13:30:00.000000000,1725514200000000000,520.3,520.9,520.3,520.7,462,24460,24385
2024-09-05 13:31:00.000000000,1725514260000000000,520.7,520.8,520.6,520.7,95,24385,24382
2024-09-05 13:32:00.000000000,1725514320000000000,520.7,520.8,520.4,520.5,121,24382,24422
2024-09-05 13:33:00.000000000,1725514380000000000,520.5,520.6,520.4,520.4,109,24422,24444
2024-09-05 13:34:00.000000000,1725514440000000000,520.4,520.7,520.4,520.6,68,24444,24440
2024-09-05 13:35:00.000000000,1725514500000000000,520.6,520.7,520.3,520.3,93,24440,24419
2024-09-05 13:36:00.000000000,1725514560000000000,520.3,520.4,520.2,520.3,159,24419,24445
2024-09-05 13:37:00.000000000,1725514620000000000,520.3,520.4,520.2,520.3,72,24445,24457
2024-09-05 13:38:00.000000000,1725514680000000000,520.3,520.3,520.0,520.1,57,24457,24467
2024-09-05 13:39:00.000000000,1725514740000000000,520.1,520.2,519.9,519.9,147,24467,24509
2024-09-05 13:40:00.000000000,1725514800000000000,519.9,520.1,519.8,520.0,108,24509,24542
2024-09-05 13:41:00.000000000,1725514860000000000,520.0,520.1,519.9,520.1,56,24542,24554
2024-09-05 13:42:00.000000000,1725514920000000000,520.1,520.3,519.9,519.9,86,24554,24552
2024-09-05 13:43:00.000000000,1725514980000000000,519.9,520.2,519.8,520.2,69,24552,24546
2024-09-05 13:44:00.000000000,1725515040000000000,520.2,520.4,520.1,520.4,107,24546,24570
2024-09-05 13:45:00.000000000,1725515100000000000,520.4,520.6,520.3,520.3,206,24570,24585
2024-09-05 13:46:00.000000000,1725515160000000000,520.3,520.4,520.1,520.2,55,24585,24597
2024-09-05 13:47:00.000000000,1725515220000000000,520.2,520.2,519.6,519.7,187,24597,24607
2024-09-05 13:48:00.000000000,1725515280000000000,519.7,519.8,519.6,519.6,189,24607,24565
2024-09-05 13:49:00.000000000,1725515340000000000,519.6,519.8,519.4,519.5,283,24565,24664
2024-09-05 13:50:00.000000000,1725515400000000000,519.5,519.6,519.3,519.3,82,24664,24673
2024-09-05 13:51:00.000000000,1725515460000000000,519.3,519.8,519.3,519.8,119,24673,24677
2024-09-05 13:52:00.000000000,1725515520000000000,519.8,520.2,519.8,520.1,171,24677,24646
2024-09-05 13:53:00.000000000,1725515580000000000,520.1,520.6,519.9,520.6,230,24646,24549
2024-09-05 13:54:00.000000000,1725515640000000000,520.6,520.7,520.5,520.7,141,24549,24533
2024-09-05 13:55:00.000000000,1725515700000000000,520.7,520.7,520.5,520.6,100,24533,24543
2024-09-05 13:56:00.000000000,1725515760000000000,520.6,520.8,520.5,520.6,171,24543,24590
2024-09-05 13:57:00.000000000,1725515820000000000,520.6,520.7,520.4,520.4,81,24590,24592
2024-09-05 13:58:00.000000000,1725515880000000000,520.4,520.4,520.3,520.4,60,24592,24595
2024-09-05 13:59:00.000000000,1725515940000000000,520.4,520.6,520.3,520.6,41,24595,24602
2024-09-05 14:00:00.000000000,1725516000000000000,520.6,520.7,520.0,520.1,164,24602,24634
2024-09-05 14:01:00.000000000,1725516060000000000,520.1,520.2,520.1,520.2,43,24634,24647
2024-09-05 14:02:00.000000000,1725516120000000000,520.2,520.2,520.0,520.1,49,24647,24647
2024-09-05 14:03:00.000000000,1725516180000000000,520.1,520.3,520.1,520.2,32,24647,24643
2024-09-05 14:04:00.000000000,1725516240000000000,520.2,520.8,520.2,520.8,102,24643,24620
2024-09-05 14:05:00.000000000,1725516300000000000,520.8,520.8,520.4,520.7,73,24620,24637
2024-09-05 14:06:00.000000000,1725516360000000000,520.7,521.2,520.6,521.1,200,24637,24659
2024-09-05 14:07:00.000000000,1725516420000000000,521.1,521.1,520.9,520.9,67,24659,24656
2024-09-05 14:08:00.000000000,1725516480000000000,520.9,521.3,520.9,521.2,107,24656,24652
2024-09-05 14:09:00.000000000,1725516540000000000,521.2,521.3,521.0,521.1,121,24652,24628
2024-09-05 14:10:00.000000000,1725516600000000000,521.1,521.1,520.8,520.8,92,24628,24635
2024-09-05 14:11:00.000000000,1725516660000000000,520.8,520.8,520.5,520.5,120,24635,24652
2024-09-05 14:12:00.000000000,1725516720000000000,520.5,520.8,520.5,520.7,61,24652,24637
2024-09-05 14:13:00.000000000,1725516780000000000,520.7,520.9,520.7,520.9,33,24637,24636
2024-09-05 14:14:00.000000000,1725516840000000000,520.9,521.1,520.8,521.1,110,24636,24618
2024-09-05 14:15:00.000000000,1725516900000000000,521.1,521.1,520.7,520.8,93,24618,24603
2024-09-05 14:16:00.000000000,1725516960000000000,520.8,520.8,520.6,520.7,53,24603,24609
2024-09-05 14:17:00.000000000,1725517020000000000,520.7,520.9,520.7,520.8,45,24609,24601
2024-09-05 14:18:00.000000000,1725517080000000000,520.8,520.8,520.4,520.4,86,24601,24586
2024-09-05 14:19:00.000000000,1725517140000000000,520.4,520.9,520.4,520.8,63,24586,24589
2024-09-05 14:20:00.000000000,1725517200000000000,520.8,520.8,520.5,520.5,87,24589,24601
2024-09-05 14:21:00.000000000,1725517260000000000,520.5,520.5,520.2,520.2,54,24601,24584
2024-09-05 14:22:00.000000000,1725517320000000000,520.2,520.3,520.1,520.3,51,24584,24579
2024-09-05 14:23:00.000000000,1725517380000000000,520.3,520.3,520.0,520.2,75,24579,24592
2024-09-05 14:24:00.000000000,1725517440000000000,520.2,520.3,520.1,520.2,31,24592,24590
2024-09-05 14:25:00.000000000,1725517500000000000,520.2,520.2,520.0,520.2,206,24590,24568
2024-09-05 14:26:00.000000000,1725517560000000000,520.2,520.3,519.9,519.9,100,24568,24571
2024-09-05 14:27:00.000000000,1725517620000000000,519.9,519.9,519.6,519.7,147,24571,24576
2024-09-05 14:28:00.000000000,1725517680000000000,519.7,519.7,519.4,519.5,169,24576,24585
2024-09-05 14:29:00.000000000,1725517740000000000,519.5,519.6,519.4,519.5,58,24585,24586
2024-09-05 14:30:00.000000000,1725517800000000000,519.5,519.7,519.4,519.6,137,24586,24596
2024-09-05 14:31:00.000000000,1725517860000000000,519.6,519.9,519.6,519.9,100,24596,24606
2024-09-05 14:32:00.000000000,1725517920000000000,519.9,520.1,519.8,520.0,101,24606,24613
2024-09-05 14:33:00.000000000,1725517980000000000,520.0,520.1,519.9,520.1,55,24613,24607
2024-09-05 14:34:00.000000000,1725518040000000000,520.1,520.5,520.0,520.4,169,24607,24578
2024-09-05 14:35:00.000000000,1725518100000000000,520.4,520.4,520.2,520.3,69,24578,24593
2024-09-05 14:36:00.000000000,1725518160000000000,520.3,520.6,520.3,520.4,163,24593,24633
2024-09-05 14:37:00.000000000,1725518220000000000,520.4,520.6,520.4,520.6,81,24633,24633
2024-09-05 14:38:00.000000000,1725518280000000000,520.6,520.7,520.6,520.6,121,24633,24642
2024-09-05 14:39:00.000000000,1725518340000000000,520.6,520.6,520.4,520.5,134,24642,24615
2024-09-05 14:40:00.000000000,1725518400000000000,520.5,520.6,520.4,520.4,64,24615,24611
2024-09-05 14:41:00.000000000,1725518460000000000,520.4,520.7,520.4,520.6,83,24611,24620
2024-09-05 14:42:00.000000000,1725518520000000000,520.6,520.7,520.5,520.6,90,24620,24595
2024-09-05 14:43:00.000000000,1725518580000000000,520.6,520.7,520.5,520.7,75,24595,24619
2024-09-05 14:44:00.000000000,1725518640000000000,520.7,520.7,520.6,520.7,74,24619,24629
2024-09-05 14:45:00.000000000,1725518700000000000,520.7,520.7,520.5,520.7,98,24629,24619
2024-09-05 14:46:00.000000000,1725518760000000000,520.7,520.7,520.5,520.5,52,24619,24603
2024-09-05 14:47:00.000000000,1725518820000000000,520.5,520.9,520.5,520.9,132,24603,24600
2024-09-05 14:48:00.000000000,1725518880000000000,520.9,520.9,520.8,520.9,78,24600,24609
2024-09-05 14:49:00.000000000,1725518940000000000,520.9,520.9,520.7,520.9,54,24609,24589
2024-09-05 14:50:00.000000000,1725519000000000000,520.9,520.9,520.6,520.8,101,24589,24568
2024-09-05 14:51:00.000000000,1725519060000000000,520.8,521.0,520.7,520.9,170,24568,24568
2024-09-05 14:52:00.000000000,1725519120000000000,520.9,521.0,520.8,520.9,114,24568,24582
2024-09-05 14:53:00.000000000,1725519180000000000,520.9,520.9,520.7,520.9,91,24582,24577
2024-09-05 14:54:00.000000000,1725519240000000000,520.9,521.0,520.6,520.8,331,24577,24491
2024-09-05 14:55:00.000000000,1725519300000000000,520.8,520.9,520.7,520.9,185,24491,24449
2024-09-05 14:56:00.000000000,1725519360000000000,520.9,521.1,520.9,521.0,203,24449,24469
2024-09-05 14:57:00.000000000,1725519420000000000,521.0,521.1,520.9,521.1,263,24469,24405
2024-09-05 14:58:00.000000000,1725519480000000000,521.1,521.1,520.9,521.0,306,24405,24403
2024-09-05 14:59:00.000000000,1725519540000000000,521.0,521.6,521.0,521.4,496,24403,24347
2024-09-05 21:00:00.000000000,1725541200000000000,523.4,523.7,522.8,523.1,1330,24347,24339
2024-09-05 21:01:00.000000000,1725541260000000000,523.1,523.1,522.7,522.7,564,24339,24378
2024-09-05 21:02:00.000000000,1725541320000000000,522.7,523.0,522.5,522.7,382,24378,24391
2024-09-05 21:03:00.000000000,1725541380000000000,522.7,522.8,522.4,522.6,352,24391,24434
2024-09-05 21:04:00.000000000,1725541440000000000,522.6,522.6,522.1,522.2,405,24434,24471
2024-09-05 21:05:00.000000000,1725541500000000000,522.2,522.7,522.2,522.6,326,24471,24484
2024-09-05 21:06:00.000000000,1725541560000000000,522.6,523.2,522.6,523.2,462,24484,24521
2024-09-05 21:07:00.000000000,1725541620000000000,523.2,524.3,523.1,524.2,983,24521,24465
2024-09-05 21:08:00.000000000,1725541680000000000,524.2,524.2,523.6,523.7,532,24465,24445
2024-09-05 21:09:00.000000000,1725541740000000000,523.7,524.0,523.6,523.7,370,24445,24490
2024-09-05 21:10:00.000000000,1725541800000000000,523.7,523.7,523.2,523.3,449,24490,24545
2024-09-05 21:11:00.000000000,1725541860000000000,523.3,523.3,522.9,523.1,473,24545,24597
2024-09-05 21:12:00.000000000,1725541920000000000,523.1,523.3,523.0,523.2,219,24597,24613
2024-09-05 21:13:00.000000000,1725541980000000000,523.2,523.4,522.9,523.0,344,24613,24667
2024-09-05 21:14:00.000000000,1725542040000000000,523.0,523.0,522.6,522.8,377,24667,24630
2024-09-05 21:15:00.000000000,1725542100000000000,522.8,523.5,522.7,523.5,345,24630,24590
2024-09-05 21:16:00.000000000,1725542160000000000,523.5,523.5,523.2,523.4,266,24590,24560
2024-09-05 21:17:00.000000000,1725542220000000000,523.4,523.5,523.0,523.5,224,24560,24612
2024-09-05 21:18:00.000000000,1725542280000000000,523.5,523.7,522.7,522.8,333,24612,24631
2024-09-05 21:19:00.000000000,1725542340000000000,522.8,523.0,522.7,523.0,213,24631,24608
2024-09-05 21:20:00.000000000,1725542400000000000,523.0,523.2,522.9,523.2,163,24608,24618
2024-09-05 21:21:00.000000000,1725542460000000000,523.2,523.5,523.1,523.3,159,24618,24587
2024-09-05 21:22:00.000000000,1725542520000000000,523.3,523.5,523.1,523.2,156,24587,24578
2024-09-05 21:23:00.000000000,1725542580000000000,523.2,523.2,522.9,523.0,102,24578,24605
2024-09-05 21:24:00.000000000,1725542640000000000,523.0,523.3,522.9,523.1,206,24605,24616
2024-09-05 21:25:00.000000000,1725542700000000000,523.1,523.6,522.9,523.5,327,24616,24647
2024-09-05 21:26:00.000000000,1725542760000000000,523.5,524.6,523.5,524.3,782,24647,24660
2024-09-05 21:27:00.000000000,1725542820000000000,524.3,524.5,524.2,524.3,447,24660,24679
2024-09-05 21:28:00.000000000,1725542880000000000,524.3,524.3,523.8,523.9,264,24679,24648
2024-09-05 21:29:00.000000000,1725542940000000000,523.9,523.9,523.5,523.7,253,24648,24648
2024-09-05 21:30:00.000000000,1725543000000000000,523.7,523.9,523.5,523.9,176,24648,24644
2024-09-05 21:31:00.000000000,1725543060000000000,523.9,524.0,523.3,523.4,392,24644,24678
2024-09-05 21:32:00.000000000,1725543120000000000,523.4,523.9,523.3,523.6,260,24678,24715
2024-09-05 21:33:00.000000000,1725543180000000000,523.6,523.9,523.4,523.7,208,24715,24728
2024-09-05 21:34:00.000000000,1725543240000000000,523.7,523.7,523.3,523.4,246,24728,24760
2024-09-05 21:35:00.000000000,1725543300000000000,523.4,523.6,523.3,523.5,188,24760,24717
2024-09-05 21:36:00.000000000,1725543360000000000,523.5,523.6,522.9,523.1,372,24717,24728
2024-09-05 21:37:00.000000000,1725543420000000000,523.1,523.1,522.6,522.7,460,24728,24782
2024-09-05 21:38:00.000000000,1725543480000000000,522.7,522.7,522.1,522.4,637,24782,24893
2024-09-05 21:39:00.000000000,1725543540000000000,522.4,522.5,522.1,522.1,233,24893,24902
2024-09-05 21:40:00.000000000,1725543600000000000,522.1,522.2,521.5,521.8,728,24902,24944
2024-09-05 21:41:00.000000000,1725543660000000000,521.8,521.9,521.6,521.9,229,24944,25020
2024-09-05 21:42:00.000000000,1725543720000000000,521.9,522.2,521.9,522.1,251,25020,25045
2024-09-05 21:43:00.000000000,1725543780000000000,522.1,522.2,521.7,521.7,138,25045,25083
2024-09-05 21:44:00.000000000,1725543840000000000,521.7,521.8,521.6,521.8,131,25083,25107
2024-09-05 21:45:00.000000000,1725543900000000000,521.8,521.8,521.3,521.5,295,25107,25128
2024-09-05 21:46:00.000000000,1725543960000000000,521.5,521.5,520.8,521.0,475,25128,25219
2024-09-05 21:47:00.000000000,1725544020000000000,521.0,521.3,520.7,520.9,322,25219,25278
2024-09-05 21:48:00.000000000,1725544080000000000,520.9,521.1,520.7,520.8,268,25278,25304
2024-09-05 21:49:00.000000000,1725544140000000000,520.8,521.1,520.8,520.9,293,25304,25363
2024-09-05 21:50:00.000000000,1725544200000000000,520.9,521.0,519.6,520.7,1295,25363,25407
2024-09-05 21:51:00.000000000,1725544260000000000,520.7,520.9,520.4,520.7,351,25407,25405
2024-09-05 21:52:00.000000000,1725544320000000000,520.7,521.2,520.7,520.8,339,25405,25430
2024-09-05 21:53:00.000000000,1725544380000000000,520.8,520.8,520.3,520.3,408,25430,25458
2024-09-05 21:54:00.000000000,1725544440000000000,520.3,520.6,520.2,520.6,288,25458,25460
2024-09-05 21:55:00.000000000,1725544500000000000,520.6,521.4,520.6,521.3,520,25460,25446
2024-09-05 21:56:00.000000000,1725544560000000000,521.3,521.4,521.0,521.0,233,25446,25404
2024-09-05 21:57:00.000000000,1725544620000000000,521.0,522.2,520.9,521.3,1586,25404,25337
2024-09-05 21:58:00.000000000,1725544680000000000,521.3,521.7,519.4,521.7,1724,25337,25352
2024-09-05 21:59:00.000000000,1725544740000000000,521.7,522.4,521.6,522.2,1276,25352,25317
2024-09-05 22:00:00.000000000,1725544800000000000,522.2,526.6,522.1,524.8,3451,25317,25063
2024-09-05 22:01:00.000000000,1725544860000000000,524.8,525.3,524.0,524.1,1544,25063,24928
2024-09-05 22:02:00.000000000,1725544920000000000,524.1,524.2,523.8,524.0,634,24928,24927
2024-09-05 22:03:00.000000000,1725544980000000000,524.0,524.9,523.7,524.6,695,24927,24884
2024-09-05 22:04:00.000000000,1725545040000000000,524.6,524.6,523.0,523.8,933,24884,24841
2024-09-05 22:05:00.000000000,1725545100000000000,523.8,524.6,523.6,524.4,552,24841,24839
2024-09-05 22:06:00.000000000,1725545160000000000,524.4,525.5,524.3,525.3,677,24839,24818
2024-09-05 22:07:00.000000000,1725545220000000000,525.3,525.3,524.6,525.0,455,24818,24818
2024-09-05 22:08:00.000000000,1725545280000000000,525.0,525.7,524.9,525.4,679,24818,24738
2024-09-05 22:09:00.000000000,1725545340000000000,525.4,525.8,524.9,525.8,603,24738,24722
2024-09-05 22:10:00.000000000,1725545400000000000,525.8,526.2,525.5,525.6,780,24722,24682
2024-09-05 22:11:00.000000000,1725545460000000000,525.6,525.8,525.3,525.4,681,24682,24650
2024-09-05 22:12:00.000000000,1725545520000000000,525.4,525.7,525.0,525.4,575,24650,24649
2024-09-05 22:13:00.000000000,1725545580000000000,525.4,525.5,524.8,524.9,390,24649,24636
2024-09-05 22:14:00.000000000,1725545640000000000,524.9,525.1,524.6,525.1,348,24636,24594
2024-09-05 22:15:00.000000000,1725545700000000000,525.1,525.2,524.5,524.7,521,24594,24535
2024-09-05 22:16:00.000000000,1725545760000000000,524.7,524.9,524.5,524.5,336,24535,24578
2024-09-05 22:17:00.000000000,1725545820000000000,524.5,524.7,523.9,524.0,502,24578,24642
2024-09-05 22:18:00.000000000,1725545880000000000,524.0,524.3,524.0,524.2,216,24642,24661
2024-09-05 22:19:00.000000000,1725545940000000000,524.2,524.4,524.1,524.3,193,24661,24650
2024-09-05 22:20:00.000000000,1725546000000000000,524.3,524.8,524.2,524.4,417,24650,24685
2024-09-05 22:21:00.000000000,1725546060000000000,524.4,524.5,524.1,524.3,259,24685,24699
2024-09-05 22:22:00.000000000,1725546120000000000,524.3,525.1,524.2,525.0,457,24699,24693
2024-09-05 22:23:00.000000000,1725546180000000000,525.0,525.2,524.8,525.1,260,24693,24686
2024-09-05 22:24:00.000000000,1725546240000000000,525.1,525.6,525.0,525.1,460,24686,24673
2024-09-05 22:25:00.000000000,1725546300000000000,525.1,525.5,524.9,525.3,224,24673,24655
2024-09-05 22:26:00.000000000,1725546360000000000,525.3,525.4,524.9,525.0,192,24655,24628
2024-09-05 22:27:00.000000000,1725546420000000000,525.0,525.1,524.8,525.0,246,24628,24644
2024-09-05 22:28:00.000000000,1725546480000000000,525.0,525.3,524.8,525.2,236,24644,24696
2024-09-05 22:29:00.000000000,1725546540000000000,525.2,525.5,525.1,525.3,188,24696,24681
2024-09-05 22:30:00.000000000,1725546600000000000,525.3,525.8,525.2,525.4,315,24681,24682
2024-09-05 22:31:00.000000000,1725546660000000000,525.4,525.5,525.1,525.3,208,24682,24672
2024-09-05 22:32:00.000000000,1725546720000000000,525.3,525.9,525.3,525.8,282,24672,24688
2024-09-05 22:33:00.000000000,1725546780000000000,525.8,526.0,525.4,525.8,323,24688,24695
2024-09-05 22:34:00.000000000,1725546840000000000,525.8,526.3,525.4,526.2,429,24695,24708
2024-09-05 22:35:00.000000000,1725546900000000000,526.2,526.9,526.1,526.4,682,24708,24695
2024-09-05 22:36:00.000000000,1725546960000000000,526.4,527.6,526.4,527.0,808,24695,24723
2024-09-05 22:37:00.000000000,1725547020000000000,527.0,527.6,527.0,527.5,843,24723,24712
2024-09-05 22:38:00.000000000,1725547080000000000,527.5,527.6,527.2,527.4,310,24712,24758
2024-09-05 22:39:00.000000000,1725547140000000000,527.4,527.5,527.2,527.3,315,24758,24735
2024-09-05 22:40:00.000000000,1725547200000000000,527.3,527.7,527.2,527.6,402,24735,24795
2024-09-05 22:41:00.000000000,1725547260000000000,527.6,527.6,527.2,527.3,253,24795,24800
2024-09-05 22:42:00.000000000,1725547320000000000,527.3,527.6,527.1,527.4,383,24800,24837
2024-09-05 22:43:00.000000000,1725547380000000000,527.4,527.6,527.2,527.3,240,24837,24824
2024-09-05 22:44:00.000000000,1725547440000000000,527.3,527.3,526.9,527.0,432,24824,24830
2024-09-05 22:45:00.000000000,1725547500000000000,527.0,527.5,527.0,527.3,436,24830,24828
2024-09-05 22:46:00.000000000,1725547560000000000,527.3,528.4,527.3,528.1,1017,24828,24839
2024-09-05 22:47:00.000000000,1725547620000000000,528.1,528.1,527.7,527.8,438,24839,24848
2024-09-05 22:48:00.000000000,1725547680000000000,527.8,527.9,527.5,527.6,293,24848,24864
2024-09-05 22:49:00.000000000,1725547740000000000,527.6,527.7,527.3,527.5,322,24864,24888
2024-09-05 22:50:00.000000000,1725547800000000000,527.5,527.6,527.0,527.1,695,24888,24883
2024-09-05 22:51:00.000000000,1725547860000000000,527.1,527.3,526.7,526.8,375,24883,24821
2024-09-05 22:52:00.000000000,1725547920000000000,526.8,527.2,526.6,527.1,407,24821,24842
2024-09-05 22:53:00.000000000,1725547980000000000,527.1,527.2,526.9,527.1,161,24842,24862
2024-09-05 22:54:00.000000000,1725548040000000000,527.1,527.6,527.0,527.5,395,24862,24813
2024-09-05 22:55:00.000000000,1725548100000000000,527.5,527.6,527.2,527.2,173,24813,24814
2024-09-05 22:56:00.000000000,1725548160000000000,527.2,527.3,527.0,527.3,142,24814,24841
2024-09-05 22:57:00.000000000,1725548220000000000,527.3,527.4,527.0,527.4,130,24841,24843
2024-09-05 22:58:00.000000000,1725548280000000000,527.4,527.4,526.3,526.5,466,24843,24867
2024-09-05 22:59:00.000000000,1725548340000000000,526.5,527.5,526.5,527.2,524,24867,24820
2024-09-05 23:00:00.000000000,1725548400000000000,527.2,527.9,526.8,527.1,1176,24820,24935
2024-09-05 23:01:00.000000000,1725548460000000000,527.1,527.1,525.9,526.0,1087,24935,24924
2024-09-05 23:02:00.000000000,1725548520000000000,526.0,526.1,525.6,525.8,959,24924,24911
2024-09-05 23:03:00.000000000,1725548580000000000,525.8,526.8,525.8,526.1,850,24911,24955
2024-09-05 23:04:00.000000000,1725548640000000000,526.1,526.8,525.9,526.6,387,24955,24977
2024-09-05 23:05:00.000000000,1725548700000000000,526.6,526.6,526.1,526.1,413,24977,25066
2024-09-05 23:06:00.000000000,1725548760000000000,526.1,526.2,525.8,526.2,316,25066,25072
2024-09-05 23:07:00.000000000,1725548820000000000,526.2,526.3,525.8,525.9,269,25072,25113
2024-09-05 23:08:00.000000000,1725548880000000000,525.9,526.0,525.4,526.0,669,25113,25078
2024-09-05 23:09:00.000000000,1725548940000000000,526.0,526.0,525.3,525.4,442,25078,25170
2024-09-05 23:10:00.000000000,1725549000000000000,525.4,525.8,525.3,525.7,338,25170,25101
2024-09-05 23:11:00.000000000,1725549060000000000,525.7,525.7,525.5,525.7,317,25101,25167
2024-09-05 23:12:00.000000000,1725549120000000000,525.7,526.2,525.6,525.8,375,25167,25184
2024-09-05 23:13:00.000000000,1725549180000000000,525.8,526.3,525.8,526.2,298,25184,25162
2024-09-05 23:14:00.000000000,1725549240000000000,526.2,526.3,525.5,525.6,345,25162,25177
2024-09-05 23:15:00.000000000,1725549300000000000,525.6,525.6,524.7,524.9,830,25177,25061
2024-09-05 23:16:00.000000000,1725549360000000000,524.9,525.1,524.6,524.8,431,25061,25069
2024-09-05 23:17:00.000000000,1725549420000000000,524.8,524.9,524.6,524.8,413,25069,25074
2024-09-05 23:18:00.000000000,1725549480000000000,524.8,524.8,524.6,524.7,187,25074,25081
2024-09-05 23:19:00.000000000,1725549540000000000,524.7,525.1,524.6,525.0,327,25081,25051
2024-09-05 23:20:00.000000000,1725549600000000000,525.0,525.5,524.8,525.1,463,25051,24993
2024-09-05 23:21:00.000000000,1725549660000000000,525.1,525.4,525.1,525.1,226,24993,25006
2024-09-05 23:22:00.000000000,1725549720000000000,525.1,525.3,525.0,525.1,189,25006,24979
2024-09-05 23:23:00.000000000,1725549780000000000,525.1,525.1,523.5,523.9,1301,24979,25060
2024-09-05 23:24:00.000000000,1725549840000000000,523.9,524.1,523.7,523.7,505,25060,25114
2024-09-05 23:25:00.000000000,1725549900000000000,523.7,524.2,523.7,523.9,588,25114,25094
2024-09-05 23:26:00.000000000,1725549960000000000,523.9,523.9,523.6,523.7,427,25094,25194
2024-09-05 23:27:00.000000000,1725550020000000000,523.7,524.0,523.7,523.7,441,25194,25272
2024-09-05 23:28:00.000000000,1725550080000000000,523.7,524.0,523.3,524.0,568,25272,25264
2024-09-05 23:29:00.000000000,1725550140000000000,524.0,524.0,522.6,522.6,933,25264,25337
2024-09-05 23:30:00.000000000,1725550200000000000,522.6,523.2,522.6,523.2,854,25337,25319
2024-09-05 23:31:00.000000000,1725550260000000000,523.2,523.5,523.0,523.2,513,25319,25358
2024-09-05 23:32:00.000000000,1725550320000000000,523.2,523.2,522.6,522.6,369,25358,25396
2024-09-05 23:33:00.000000000,1725550380000000000,522.6,522.9,522.4,522.5,563,25396,25469
2024-09-05 23:34:00.000000000,1725550440000000000,522.5,522.6,522.1,522.3,572,25469,25497
2024-09-05 23:35:00.000000000,1725550500000000000,522.3,522.5,522.2,522.5,302,25497,25545
2024-09-05 23:36:00.000000000,1725550560000000000,522.5,522.8,522.3,522.4,446,25545,25562
2024-09-05 23:37:00.000000000,1725550620000000000,522.4,522.4,521.6,521.6,797,25562,25570
2024-09-05 23:38:00.000000000,1725550680000000000,521.6,522.1,521.6,521.8,429,25570,25628
2024-09-05 23:39:00.000000000,1725550740000000000,521.8,522.0,521.7,521.9,270,25628,25691
2024-09-05 23:40:00.000000000,1725550800000000000,521.9,521.9,520.7,520.7,833,25691,25791
2024-09-05 23:41:00.000000000,1725550860000000000,520.7,521.3,520.6,521.1,746,25791,25908
2024-09-05 23:42:00.000000000,1725550920000000000,521.1,521.7,521.0,521.5,486,25908,25912
2024-09-05 23:43:00.000000000,1725550980000000000,521.5,521.9,521.3,521.6,623,25912,25814
2024-09-05 23:44:00.000000000,1725551040000000000,521.6,521.7,521.2,521.3,337,25814,25828
2024-09-05 23:45:00.000000000,1725551100000000000,521.3,521.4,520.7,521.3,554,25828,25862
2024-09-05 23:46:00.000000000,1725551160000000000,521.3,521.7,521.2,521.6,316,25862,25922
2024-09-05 23:47:00.000000000,1725551220000000000,521.6,522.0,521.5,521.9,461,25922,25860
2024-09-05 23:48:00.000000000,1725551280000000000,521.9,521.9,521.5,521.6,289,25860,25892
2024-09-05 23:49:00.000000000,1725551340000000000,521.6,521.8,521.5,521.8,147,25892,25913
2024-09-05 23:50:00.000000000,1725551400000000000,521.8,522.0,521.6,521.8,261,25913,25942
2024-09-05 23:51:00.000000000,1725551460000000000,521.8,522.0,521.7,521.7,183,25942,25928
2024-09-05 23:52:00.000000000,1725551520000000000,521.7,521.9,521.3,521.3,270,25928,25928
2024-09-05 23:53:00.000000000,1725551580000000000,521.3,521.5,521.1,521.1,312,25928,25945
2024-09-05 23:54:00.000000000,1725551640000000000,521.1,521.5,521.1,521.5,183,25945,25970
2024-09-05 23:55:00.000000000,1725551700000000000,521.5,521.6,521.4,521.6,199,25970,25978
2024-09-05 23:56:00.000000000,1725551760000000000,521.6,522.2,521.3,522.2,393,25978,25989
2024-09-05 23:57:00.000000000,1725551820000000000,522.2,522.4,521.7,521.8,527,25989,25959
2024-09-05 23:58:00.000000000,1725551880000000000,521.8,521.8,521.1,521.1,359,25959,26003
2024-09-05 23:59:00.000000000,1725551940000000000,521.1,521.2,520.8,521.0,331,26003,26054
2024-09-06 00:00:00.000000000,1725552000000000000,521.0,521.0,520.3,520.5,588,26054,26046
2024-09-06 00:01:00.000000000,1725552060000000000,520.5,520.6,520.4,520.5,257,26046,26110
2024-09-06 00:02:00.000000000,1725552120000000000,520.5,521.0,520.5,521.0,312,26110,26144
2024-09-06 00:03:00.000000000,1725552180000000000,521.0,521.2,520.9,521.1,226,26144,26176
2024-09-06 00:04:00.000000000,1725552240000000000,521.1,521.2,520.8,520.9,193,26176,26201
2024-09-06 00:05:00.000000000,1725552300000000000,520.9,521.3,520.9,521.0,199,26201,26248
2024-09-06 00:06:00.000000000,1725552360000000000,521.0,521.1,520.7,521.1,162,26248,26270
2024-09-06 00:07:00.000000000,1725552420000000000,521.1,521.1,520.7,520.8,118,26270,26263
2024-09-06 00:08:00.000000000,1725552480000000000,520.8,521.0,519.6,519.6,995,26263,26398
2024-09-06 00:09:00.000000000,1725552540000000000,519.6,519.7,518.5,518.9,1277,26398,26515
2024-09-06 00:10:00.000000000,1725552600000000000,518.9,519.2,518.7,518.8,549,26515,26604
2024-09-06 00:11:00.000000000,1725552660000000000,518.8,519.0,517.8,518.0,723,26604,26554
2024-09-06 00:12:00.000000000,1725552720000000000,518.0,518.3,517.6,518.0,805,26554,26576
2024-09-06 00:13:00.000000000,1725552780000000000,518.0,518.1,517.9,518.0,338,26576,26585
2024-09-06 00:14:00.000000000,1725552840000000000,518.0,518.0,517.1,517.4,964,26585,26674
2024-09-06 00:15:00.000000000,1725552900000000000,517.4,518.0,517.2,517.9,592,26674,26649
2024-09-06 00:16:00.000000000,1725552960000000000,517.9,518.4,517.9,518.1,542,26649,26644
2024-09-06 00:17:00.000000000,1725553020000000000,518.1,518.2,518.0,518.1,254,26644,26698
2024-09-06 00:18:00.000000000,1725553080000000000,518.1,518.7,518.0,518.5,434,26698,26665
2024-09-06 00:19:00.000000000,1725553140000000000,518.5,519.0,518.3,518.8,480,26665,26614
2024-09-06 00:20:00.000000000,1725553200000000000,518.8,519.0,518.5,518.9,256,26614,26628
2024-09-06 00:21:00.000000000,1725553260000000000,518.9,519.1,518.8,519.1,298,26628,26623
2024-09-06 00:22:00.000000000,1725553320000000000,519.1,519.2,518.9,519.0,336,26623,26620
2024-09-06 00:23:00.000000000,1725553380000000000,519.0,519.4,519.0,519.4,294,26620,26604
2024-09-06 00:24:00.000000000,1725553440000000000,519.4,519.7,519.0,519.1,469,26604,26593
2024-09-06 00:25:00.000000000,1725553500000000000,519.1,520.2,519.1,520.0,633,26593,26474
2024-09-06 00:26:00.000000000,1725553560000000000,520.0,520.7,520.0,520.7,817,26474,26405
2024-09-06 00:27:00.000000000,1725553620000000000,520.7,520.8,520.3,520.4,344,26405,26385
2024-09-06 00:28:00.000000000,1725553680000000000,520.4,520.4,519.9,520.2,390,26385,26340
2024-09-06 00:29:00.000000000,1725553740000000000,520.2,520.2,519.8,520.0,256,26340,26304
2024-09-06 00:30:00.000000000,1725553800000000000,520.0,520.0,519.4,519.8,370,26304,26316
2024-09-06 00:31:00.000000000,1725553860000000000,519.8,520.1,519.7,520.0,196,26316,26322
2024-09-06 00:32:00.000000000,1725553920000000000,520.0,520.3,520.0,520.3,161,26322,26344
2024-09-06 00:33:00.000000000,1725553980000000000,520.3,520.4,520.0,520.2,176,26344,26323
2024-09-06 00:34:00.000000000,1725554040000000000,520.2,520.2,519.9,520.0,85,26323,26333
2024-09-06 00:35:00.000000000,1725554100000000000,520.0,520.1,519.6,520.1,238,26333,26347
2024-09-06 00:36:00.000000000,1725554160000000000,520.1,520.2,520.0,520.1,87,26347,26336
2024-09-06 00:37:00.000000000,1725554220000000000,520.1,520.1,519.8,520.0,111,26336,26320
2024-09-06 00:38:00.000000000,1725554280000000000,520.0,520.1,519.6,520.1,144,26320,26295
2024-09-06 00:39:00.000000000,1725554340000000000,520.1,520.1,519.7,519.7,108,26295,26296
2024-09-06 00:40:00.000000000,1725554400000000000,519.7,520.0,519.7,519.9,125,26296,26294
2024-09-06 00:41:00.000000000,1725554460000000000,519.9,519.9,519.3,519.4,323,26294,26261
2024-09-06 00:42:00.000000000,1725554520000000000,519.4,519.7,519.2,519.5,264,26261,26243
2024-09-06 00:43:00.000000000,1725554580000000000,519.5,519.6,519.0,519.0,377,26243,26212
2024-09-06 00:44:00.000000000,1725554640000000000,519.0,519.2,518.9,519.1,150,26212,26221
2024-09-06 00:45:00.000000000,1725554700000000000,519.1,519.3,519.0,519.1,135,26221,26206
2024-09-06 00:46:00.000000000,1725554760000000000,519.1,519.1,518.4,518.5,379,26206,26198
2024-09-06 00:47:00.000000000,1725554820000000000,518.5,518.7,518.2,518.6,382,26198,26212
2024-09-06 00:48:00.000000000,1725554880000000000,518.6,518.6,518.2,518.2,190,26212,26212
2024-09-06 00:49:00.000000000,1725554940000000000,518.2,518.7,518.1,518.7,204,26212,26221
2024-09-06 00:50:00.000000000,1725555000000000000,518.7,519.4,518.6,519.1,519,26221,26176
2024-09-06 00:51:00.000000000,1725555060000000000,519.1,519.1,518.7,518.8,222,26176,26217
2024-09-06 00:52:00.000000000,1725555120000000000,518.8,519.0,518.7,518.8,105,26217,26232
2024-09-06 00:53:00.000000000,1725555180000000000,518.8,518.8,518.6,518.8,90,26232,26229
2024-09-06 00:54:00.000000000,1725555240000000000,518.8,518.9,518.7,518.8,74,26229,26217
2024-09-06 00:55:00.000000000,1725555300000000000,518.8,519.3,518.8,519.3,127,26217,26213
2024-09-06 00:56:00.000000000,1725555360000000000,519.3,519.3,519.0,519.1,132,26213,26205
2024-09-06 00:57:00.000000000,1725555420000000000,519.1,519.2,519.0,519.1,75,26205,26203
2024-09-06 00:58:00.000000000,1725555480000000000,519.1,519.4,519.1,519.4,204,26203,26198
2024-09-06 00:59:00.000000000,1725555540000000000,519.4,519.4,518.8,518.8,186,26198,26213
2024-09-06 01:00:00.000000000,1725555600000000000,518.8,518.8,518.4,518.5,378,26213,26247
2024-09-06 01:01:00.000000000,1725555660000000000,518.5,518.8,518.5,518.7,127,26247,26265
2024-09-06 01:02:00.000000000,1725555720000000000,518.7,518.8,518.6,518.7,71,26265,26270
2024-09-06 01:03:00.000000000,1725555780000000000,518.7,518.9,518.6,518.6,136,26270,26291
2024-09-06 01:04:00.000000000,1725555840000000000,518.6,518.7,518.4,518.6,115,26291,26313
2024-09-06 01:05:00.000000000,1725555900000000000,518.6,518.7,518.5,518.6,86,26313,26331
2024-09-06 01:06:00.000000000,1725555960000000000,518.6,518.7,518.5,518.6,24,26331,26329
2024-09-06 01:07:00.000000000,1725556020000000000,518.6,518.6,518.4,518.5,100,26329,26330
2024-09-06 01:08:00.000000000,1725556080000000000,518.5,518.5,518.2,518.5,136,26330,26298
2024-09-06 01:09:00.000000000,1725556140000000000,518.5,519.0,518.4,518.8,204,26298,26324
2024-09-06 01:10:00.000000000,1725556200000000000,518.8,519.1,518.7,518.9,145,26324,26308
2024-09-06 01:11:00.000000000,1725556260000000000,518.9,518.9,518.7,518.7,46,26308,26303
2024-09-06 01:12:00.000000000,1725556320000000000,518.7,519.1,518.7,519.0,141,26303,26261
2024-09-06 01:13:00.000000000,1725556380000000000,519.0,519.0,518.6,518.7,80,26261,26272
2024-09-06 01:14:00.000000000,1725556440000000000,518.7,518.7,518.3,518.3,138,26272,26315
2024-09-06 01:15:00.000000000,1725556500000000000,518.3,518.5,517.6,518.0,436,26315,26297
2024-09-06 01:16:00.000000000,1725556560000000000,518.0,518.0,517.5,517.7,275,26297,26308
2024-09-06 01:17:00.000000000,1725556620000000000,517.7,518.0,517.7,518.0,99,26308,26326
2024-09-06 01:18:00.000000000,1725556680000000000,518.0,518.3,517.9,518.2,121,26326,26322
2024-09-06 01:19:00.000000000,1725556740000000000,518.2,518.8,518.2,518.6,263,26322,26299
2024-09-06 01:20:00.000000000,1725556800000000000,518.6,518.7,518.3,518.5,74,26299,26319
2024-09-06 01:21:00.000000000,1725556860000000000,518.5,518.8,518.4,518.6,189,26319,26301
2024-09-06 01:22:00.000000000,1725556920000000000,518.6,518.7,518.5,518.5,35,26301,26299
2024-09-06 01:23:00.000000000,1725556980000000000,518.5,518.5,518.0,518.0,119,26299,26304
2024-09-06 01:24:00.000000000,1725557040000000000,518.0,518.2,518.0,518.0,78,26304,26317
2024-09-06 01:25:00.000000000,1725557100000000000,518.0,518.3,518.0,518.3,63,26317,26318
2024-09-06 01:26:00.000000000,1725557160000000000,518.3,518.3,517.9,517.9,67,26318,26319
2024-09-06 01:27:00.000000000,1725557220000000000,517.9,518.2,517.6,517.7,165,26319,26318
2024-09-06 01:28:00.000000000,1725557280000000000,517.7,518.1,517.7,517.9,205,26318,26320
2024-09-06 01:29:00.000000000,1725557340000000000,517.9,518.1,517.9,518.0,47,26320,26320
2024-09-06 01:30:00.000000000,1725557400000000000,518.0,518.1,517.9,518.0,81,26320,26315
2024-09-06 01:31:00.000000000,1725557460000000000,518.0,518.0,518.0,518.0,30,26315,26321
2024-09-06 01:32:00.000000000,1725557520000000000,518.0,518.0,517.3,517.4,286,26321,26312
2024-09-06 01:33:00.000000000,1725557580000000000,517.4,517.7,517.3,517.5,198,26312,26353
2024-09-06 01:34:00.000000000,1725557640000000000,517.5,517.8,517.5,517.8,110,26353,26358
2024-09-06 01:35:00.000000000,1725557700000000000,517.8,518.0,517.7,517.9,123,26358,26354
2024-09-06 01:36:00.000000000,1725557760000000000,517.9,518.0,517.8,518.0,75,26354,26367
2024-09-06 01:37:00.000000000,1725557820000000000,518.0,518.2,517.9,517.9,141,26367,26380
2024-09-06 01:38:00.000000000,1725557880000000000,517.9,517.9,517.7,517.8,55,26380,26397
2024-09-06 01:39:00.000000000,1725557940000000000,517.8,517.9,517.7,517.9,42,26397,26413
2024-09-06 01:40:00.000000000,1725558000000000000,517.9,517.9,517.8,517.8,12,26413,26414
2024-09-06 01:41:00.000000000,1725558060000000000,517.8,517.9,517.8,517.8,44,26414,26421
2024-09-06 01:42:00.000000000,1725558120000000000,517.8,518.1,517.8,517.9,98,26421,26443
2024-09-06 01:43:00.000000000,1725558180000000000,517.9,518.0,517.7,517.7,113,26443,26447
2024-09-06 01:44:00.000000000,1725558240000000000,517.7,517.9,517.7,517.8,43,26447,26456
2024-09-06 01:45:00.000000000,1725558300000000000,517.8,517.8,516.2,516.6,663,26456,26394
2024-09-06 01:46:00.000000000,1725558360000000000,516.6,517.5,516.6,517.5,312,26394,26393
2024-09-06 01:47:00.000000000,1725558420000000000,517.5,518.1,517.5,518.1,292,26393,26378
2024-09-06 01:48:00.000000000,1725558480000000000,518.1,518.2,518.0,518.1,177,26378,26350
2024-09-06 01:49:00.000000000,1725558540000000000,518.1,518.1,517.8,517.9,144,26350,26357
2024-09-06 01:50:00.000000000,1725558600000000000,517.9,517.9,517.4,517.5,159,26357,26375
2024-09-06 01:51:00.000000000,1725558660000000000,517.5,517.9,517.5,517.8,63,26375,26368
2024-09-06 01:52:00.000000000,1725558720000000000,517.8,517.8,517.5,517.6,84,26368,26361
2024-09-06 01:53:00.000000000,1725558780000000000,517.6,517.7,517.5,517.5,34,26361,26348
2024-09-06 01:54:00.000000000,1725558840000000000,517.5,517.6,517.1,517.1,123,26348,26373
2024-09-06 01:55:00.000000000,1725558900000000000,517.1,517.4,517.0,517.3,116,26373,26384
2024-09-06 01:56:00.000000000,1725558960000000000,517.3,517.3,516.9,517.0,93,26384,26416
2024-09-06 01:57:00.000000000,1725559020000000000,517.0,517.3,517.0,517.3,63,26416,26420
2024-09-06 01:58:00.000000000,1725559080000000000,517.3,517.4,517.0,517.1,65,26420,26453
2024-09-06 01:59:00.000000000,1725559140000000000,517.1,517.2,516.9,516.9,76,26453,26468
2024-09-06 02:00:00.000000000,1725559200000000000,516.9,517.0,516.7,517.0,212,26468,26464
2024-09-06 02:01:00.000000000,1725559260000000000,517.0,517.4,517.0,517.2,157,26464,26421
2024-09-06 02:02:00.000000000,1725559320000000000,517.2,517.4,517.0,517.3,82,26421,26408
2024-09-06 02:03:00.000000000,1725559380000000000,517.3,517.4,517.2,517.3,55,26408,26399
2024-09-06 02:04:00.000000000,1725559440000000000,517.3,517.6,517.3,517.5,112,26399,26396
2024-09-06 02:05:00.000000000,1725559500000000000,517.5,517.6,517.2,517.3,65,26396,26407
2024-09-06 02:06:00.000000000,1725559560000000000,517.3,517.4,517.3,517.3,28,26407,26405
2024-09-06 02:07:00.000000000,1725559620000000000,517.3,518.0,517.3,517.7,235,26405,26345
2024-09-06 02:08:00.000000000,1725559680000000000,517.7,517.8,517.5,517.7,74,26345,26362
2024-09-06 02:09:00.000000000,1725559740000000000,517.7,517.7,517.6,517.7,8,26362,26361
2024-09-06 02:10:00.000000000,1725559800000000000,517.7,517.7,517.7,517.7,46,26361,26358
2024-09-06 02:11:00.000000000,1725559860000000000,517.7,517.8,517.1,517.2,94,26358,26346
2024-09-06 02:12:00.000000000,1725559920000000000,517.2,517.4,517.1,517.3,88,26346,26307
2024-09-06 02:13:00.000000000,1725559980000000000,517.3,517.3,516.7,517.1,162,26307,26283
2024-09-06 02:14:00.000000000,1725560040000000000,517.1,517.1,516.9,517.0,58,26283,26291
2024-09-06 02:15:00.000000000,1725560100000000000,517.0,517.8,517.0,517.8,186,26291,26250
2024-09-06 02:16:00.000000000,1725560160000000000,517.8,518.1,517.7,517.8,142,26250,26234
2024-09-06 02:17:00.000000000,1725560220000000000,517.8,517.8,517.5,517.6,48,26234,26244
2024-09-06 02:18:00.000000000,1725560280000000000,517.6,517.8,517.6,517.7,38,26244,26243
2024-09-06 02:19:00.000000000,1725560340000000000,517.7,517.7,517.3,517.3,57,26243,26240
2024-09-06 02:20:00.000000000,1725560400000000000,517.3,517.8,517.3,517.7,80,26240,26238
2024-09-06 02:21:00.000000000,1725560460000000000,517.7,517.9,517.6,517.7,50,26238,26220
2024-09-06 02:22:00.000000000,1725560520000000000,517.7,518.4,517.7,518.1,226,26220,26149
2024-09-06 02:23:00.000000000,1725560580000000000,518.1,518.2,517.7,517.7,88,26149,26135
2024-09-06 02:24:00.000000000,1725560640000000000,517.7,518.6,517.7,518.5,224,26135,26083
2024-09-06 02:25:00.000000000,1725560700000000000,518.5,518.9,518.3,518.6,288,26083,25998
2024-09-06 02:26:00.000000000,1725560760000000000,518.6,518.8,518.4,518.7,158,25998,25943
2024-09-06 02:27:00.000000000,1725560820000000000,518.7,519.0,518.5,518.8,304,25943,25802
2024-09-06 02:28:00.000000000,1725560880000000000,518.8,518.9,517.9,518.0,260,25802,25713
2024-09-06 02:29:00.000000000,1725560940000000000,518.0,518.5,517.9,518.2,254,25713,25625
2024-09-06 09:00:00.000000000,1725584400000000000,518.6,519.0,518.4,518.8,699,25625,25449
2024-09-06 09:01:00.000000000,1725584460000000000,518.8,519.4,518.8,519.2,438,25449,25443
2024-09-06 09:02:00.000000000,1725584520000000000,519.2,519.4,518.9,519.0,385,25443,25450
2024-09-06 09:03:00.000000000,1725584580000000000,519.0,519.5,518.9,519.5,303,25450,25436
2024-09-06 09:04:00.000000000,1725584640000000000,519.5,519.7,519.5,519.5,219,25436,25422
2024-09-06 09:05:00.000000000,1725584700000000000,519.5,519.5,519.2,519.2,205,25422,25374
2024-09-06 09:06:00.000000000,1725584760000000000,519.2,519.3,518.9,518.9,91,25374,25369
2024-09-06 09:07:00.000000000,1725584820000000000,518.9,519.1,518.8,519.1,105,25369,25353
2024-09-06 09:08:00.000000000,1725584880000000000,519.1,519.2,518.9,518.9,75,25353,25353
2024-09-06 09:09:00.000000000,1725584940000000000,518.9,518.9,518.7,518.9,111,25353,25319
2024-09-06 09:10:00.000000000,1725585000000000000,518.9,519.5,518.9,519.4,175,25319,25299
2024-09-06 09:11:00.000000000,1725585060000000000,519.4,519.6,519.2,519.3,161,25299,25308
2024-09-06 09:12:00.000000000,1725585120000000000,519.3,519.4,519.1,519.1,50,25308,25305
2024-09-06 09:13:00.000000000,1725585180000000000,519.1,519.2,519.1,519.2,71,25305,25287
2024-09-06 09:14:00.000000000,1725585240000000000,519.2,519.5,519.2,519.2,104,25287,25279
2024-09-06 09:15:00.000000000,1725585300000000000,519.2,519.5,519.2,519.3,134,25279,25272
2024-09-06 09:16:00.000000000,1725585360000000000,519.3,519.7,519.3,519.4,141,25272,25255
2024-09-06 09:17:00.000000000,1725585420000000000,519.4,519.5,519.1,519.1,91,25255,25225
2024-09-06 09:18:00.000000000,1725585480000000000,519.1,519.2,519.1,519.2,49,25225,25216
2024-09-06 09:19:00.000000000,1725585540000000000,519.2,519.2,519.0,519.1,88,25216,25209
2024-09-06 09:20:00.000000000,1725585600000000000,519.1,519.1,518.9,518.9,79,25209,25193
2024-09-06 09:21:00.000000000,1725585660000000000,518.9,518.9,518.5,518.7,188,25193,25191
2024-09-06 09:22:00.000000000,1725585720000000000,518.7,518.8,518.6,518.8,50,25191,25181
2024-09-06 09:23:00.000000000,1725585780000000000,518.8,518.9,518.6,518.6,89,25181,25186
2024-09-06 09:24:00.000000000,1725585840000000000,518.6,519.0,518.5,518.9,75,25186,25185
2024-09-06 09:25:00.000000000,1725585900000000000,518.9,519.0,518.7,518.7,78,25185,25154
2024-09-06 09:26:00.000000000,1725585960000000000,518.7,518.7,518.5,518.7,45,25154,25151
2024-09-06 09:27:00.000000000,1725586020000000000,518.7,518.7,518.6,518.6,55,25151,25145
2024-09-06 09:28:00.000000000,1725586080000000000,518.6,518.8,518.5,518.8,56,25145,25142
2024-09-06 09:29:00.000000000,1725586140000000000,518.8,518.8,518.6,518.8,37,25142,25134
2024-09-06 09:30:00.000000000,1725586200000000000,518.8,518.8,518.5,518.6,93,25134,25108
2024-09-06 09:31:00.000000000,1725586260000000000,518.6,518.7,518.4,518.7,128,25108,25099
2024-09-06 09:32:00.000000000,1725586320000000000,518.7,518.8,518.6,518.7,46,25099,25085
2024-09-06 09:33:00.000000000,1725586380000000000,518.7,518.8,518.6,518.6,66,25085,25053
2024-09-06 09:34:00.000000000,1725586440000000000,518.6,518.6,518.0,518.1,189,25053,25047
2024-09-06 09:35:00.000000000,1725586500000000000,518.1,518.3,518.0,518.2,95,25047,25056
2024-09-06 09:36:00.000000000,1725586560000000000,518.2,518.5,518.2,518.5,111,25056,25035
2024-09-06 09:37:00.000000000,1725586620000000000,518.5,518.8,518.5,518.6,89,25035,25011
2024-09-06 09:38:00.000000000,1725586680000000000,518.6,518.7,518.5,518.6,34,25011,25006
2024-09-06 09:39:00.000000000,1725586740000000000,518.6,518.8,518.6,518.7,61,25006,25015
2024-09-06 09:40:00.000000000,1725586800000000000,518.7,518.7,518.1,518.2,75,25015,24986
2024-09-06 09:41:00.000000000,1725586860000000000,518.2,518.7,518.2,518.6,48,24986,24976
2024-09-06 09:42:00.000000000,1725586920000000000,518.6,519.2,518.6,519.2,120,24976,24948
2024-09-06 09:43:00.000000000,1725586980000000000,519.2,519.4,519.1,519.3,165,24948,24887
2024-09-06 09:44:00.000000000,1725587040000000000,519.3,520.0,519.3,519.8,303,24887,24897
2024-09-06 09:45:00.000000000,1725587100000000000,519.8,520.1,519.7,520.1,219,24897,24868
2024-09-06 09:46:00.000000000,1725587160000000000,520.1,520.2,519.8,520.0,99,24868,24837
2024-09-06 09:47:00.000000000,1725587220000000000,520.0,520.1,519.8,519.8,60,24837,24843
2024-09-06 09:48:00.000000000,1725587280000000000,519.8,520.0,519.6,519.7,131,24843,24806
2024-09-06 09:49:00.000000000,1725587340000000000,519.7,519.7,519.5,519.6,111,24806,24790
2024-09-06 09:50:00.000000000,1725587400000000000,519.6,519.9,519.5,519.9,58,24790,24772
2024-09-06 09:51:00.000000000,1725587460000000000,519.9,520.0,519.6,519.6,58,24772,24768
2024-09-06 09:52:00.000000000,1725587520000000000,519.6,519.9,519.6,519.7,44,24768,24757
2024-09-06 09:53:00.000000000,1725587580000000000,519.7,520.0,519.7,520.0,56,24757,24760
2024-09-06 09:54:00.000000000,1725587640000000000,520.0,520.0,519.7,519.8,44,24760,24762
2024-09-06 09:55:00.000000000,1725587700000000000,519.8,519.8,519.5,519.5,57,24762,24752
2024-09-06 09:56:00.000000000,1725587760000000000,519.5,519.5,519.2,519.2,95,24752,24731
2024-09-06 09:57:00.000000000,1725587820000000000,519.2,519.6,519.2,519.5,62,24731,24706
2024-09-06 09:58:00.000000000,1725587880000000000,519.5,519.9,519.5,519.9,96,24706,24690
2024-09-06 09:59:00.000000000,1725587940000000000,519.9,520.1,519.6,519.6,139,24690,24687
2024-09-06 10:00:00.000000000,1725588000000000000,519.6,519.7,519.5,519.6,55,24687,24682
2024-09-06 10:01:00.000000000,1725588060000000000,519.6,519.8,519.6,519.8,34,24682,24676
2024-09-06 10:02:00.000000000,1725588120000000000,519.8,520.0,519.7,520.0,47,24676,24652
2024-09-06 10:03:00.000000000,1725588180000000000,520.0,520.0,519.7,520.0,84,24652,24659
2024-09-06 10:04:00.000000000,1725588240000000000,520.0,520.2,519.9,520.0,115,24659,24648
2024-09-06 10:05:00.000000000,1725588300000000000,520.0,520.0,519.6,519.6,83,24648,24649
2024-09-06 10:06:00.000000000,1725588360000000000,519.6,519.7,519.5,519.6,44,24649,24631
2024-09-06 10:07:00.000000000,1725588420000000000,519.6,519.8,519.4,519.5,152,24631,24558
2024-09-06 10:08:00.000000000,1725588480000000000,519.5,519.5,519.3,519.4,103,24558,24534
2024-09-06 10:09:00.000000000,1725588540000000000,519.4,519.7,519.4,519.6,43,24534,24533
2024-09-06 10:10:00.000000000,1725588600000000000,519.6,519.6,519.4,519.5,91,24533,24499
2024-09-06 10:11:00.000000000,1725588660000000000,519.5,519.5,519.1,519.3,99,24499,24485
2024-09-06 10:12:00.000000000,1725588720000000000,519.3,519.3,519.0,519.1,67,24485,24459
2024-09-06 10:13:00.000000000,1725588780000000000,519.1,519.1,518.7,518.8,122,24459,24451
2024-09-06 10:14:00.000000000,1725588840000000000,518.8,519.1,518.7,519.1,86,24451,24424
2024-09-06 10:30:00.000000000,1725589800000000000,519.4,519.4,519.1,519.2,119,24424,24413
2024-09-06 10:31:00.000000000,1725589860000000000,519.2,519.4,519.1,519.2,73,24413,24412
2024-09-06 10:32:00.000000000,1725589920000000000,519.2,519.5,519.2,519.5,62,24412,24398
2024-09-06 10:33:00.000000000,1725589980000000000,519.5,519.6,519.4,519.5,45,24398,24396
2024-09-06 10:34:00.000000000,1725590040000000000,519.5,519.5,519.2,519.2,40,24396,24388
2024-09-06 10:35:00.000000000,1725590100000000000,519.2,519.4,519.1,519.4,70,24388,24380
2024-09-06 10:36:00.000000000,1725590160000000000,519.4,519.4,519.2,519.3,18,24380,24381
2024-09-06 10:37:00.000000000,1725590220000000000,519.3,519.3,519.0,519.0,37,24381,24400
2024-09-06 10:38:00.000000000,1725590280000000000,519.0,519.1,518.9,518.9,83,24400,24414
2024-09-06 10:39:00.000000000,1725590340000000000,518.9,518.9,518.8,518.8,106,24414,24424
2024-09-06 10:40:00.000000000,1725590400000000000,518.8,519.1,518.8,519.1,30,24424,24430
2024-09-06 10:41:00.000000000,1725590460000000000,519.1,519.1,519.0,519.0,27,24430,24434
2024-09-06 10:42:00.000000000,1725590520000000000,519.0,519.2,519.0,519.0,44,24434,24424
2024-09-06 10:43:00.000000000,1725590580000000000,519.0,519.0,518.9,519.0,22,24424,24414
2024-09-06 10:44:00.000000000,1725590640000000000,519.0,519.2,518.9,518.9,22,24414,24410
2024-09-06 10:45:00.000000000,1725590700000000000,518.9,519.2,518.9,518.9,44,24410,24398
2024-09-06 10:46:00.000000000,1725590760000000000,518.9,519.0,518.6,518.6,91,24398,24388
2024-09-06 10:47:00.000000000,1725590820000000000,518.6,519.0,518.6,518.7,71,24388,24368
2024-09-06 10:48:00.000000000,1725590880000000000,518.7,518.8,518.6,518.6,126,24368,24341
2024-09-06 10:49:00.000000000,1725590940000000000,518.6,518.6,518.4,518.4,108,24341,24335
2024-09-06 10:50:00.000000000,1725591000000000000,518.4,518.4,518.2,518.2,149,24335,24335
2024-09-06 10:51:00.000000000,1725591060000000000,518.2,518.3,518.0,518.2,86,24335,24342
2024-09-06 10:52:00.000000000,1725591120000000000,518.2,518.2,518.0,518.1,60,24342,24360
2024-09-06 10:53:00.000000000,1725591180000000000,518.1,518.6,518.1,518.5,84,24360,24372
2024-09-06 10:54:00.000000000,1725591240000000000,518.5,518.6,518.4,518.6,32,24372,24368
2024-09-06 10:55:00.000000000,1725591300000000000,518.6,519.0,518.6,519.0,88,24368,24372
2024-09-06 10:56:00.000000000,1725591360000000000,519.0,519.3,519.0,519.1,128,24372,24385
2024-09-06 10:57:00.000000000,1725591420000000000,519.1,519.1,518.9,519.0,109,24385,24373
2024-09-06 10:58:00.000000000,1725591480000000000,519.0,519.0,518.9,518.9,83,24373,24382
2024-09-06 10:59:00.000000000,1725591540000000000,518.9,519.0,518.9,519.0,28,24382,24377
2024-09-06 11:00:00.000000000,1725591600000000000,519.0,519.1,518.9,519.1,21,24377,24379
2024-09-06 11:01:00.000000000,1725591660000000000,519.1,519.1,518.6,518.6,87,24379,24382
2024-09-06 11:02:00.000000000,1725591720000000000,518.6,519.3,518.6,519.2,140,24382,24415
2024-09-06 11:03:00.000000000,1725591780000000000,519.2,519.3,519.0,519.1,102,24415,24419
2024-09-06 11:04:00.000000000,1725591840000000000,519.1,519.2,519.0,519.1,28,24419,24427
2024-09-06 11:05:00.000000000,1725591900000000000,519.1,519.1,519.0,519.0,18,24427,24427
2024-09-06 11:06:00.000000000,1725591960000000000,519.0,519.1,519.0,519.0,23,24427,24431
2024-09-06 11:07:00.000000000,1725592020000000000,519.0,519.1,518.6,518.7,33,24431,24421
2024-09-06 11:08:00.000000000,1725592080000000000,518.7,518.9,518.7,518.8,38,24421,24411
2024-09-06 11:09:00.000000000,1725592140000000000,518.8,519.0,518.8,518.8,38,24411,24403
2024-09-06 11:10:00.000000000,1725592200000000000,518.8,519.0,518.8,519.0,19,24403,24404
2024-09-06 11:11:00.000000000,1725592260000000000,519.0,519.0,518.8,518.8,15,24404,24398
2024-09-06 11:12:00.000000000,1725592320000000000,518.8,518.8,518.8,518.8,32,24398,24394
2024-09-06 11:13:00.000000000,1725592380000000000,518.8,518.8,518.5,518.5,63,24394,24388
2024-09-06 11:14:00.000000000,1725592440000000000,518.5,518.5,518.4,518.5,33,24388,24390
2024-09-06 11:15:00.000000000,1725592500000000000,518.5,518.6,518.3,518.6,94,24390,24397
2024-09-06 11:16:00.000000000,1725592560000000000,518.6,518.7,518.5,518.6,44,24397,24378
2024-09-06 11:17:00.000000000,1725592620000000000,518.6,518.7,518.2,518.2,80,24378,24375
2024-09-06 11:18:00.000000000,1725592680000000000,518.2,518.4,518.1,518.2,185,24375,24410
2024-09-06 11:19:00.000000000,1725592740000000000,518.2,518.4,518.1,518.3,40,24410,24411
2024-09-06 11:20:00.000000000,1725592800000000000,518.3,518.3,518.2,518.3,45,24411,24406
2024-09-06 11:21:00.000000000,1725592860000000000,518.3,518.3,518.2,518.3,25,24406,24399
2024-09-06 11:22:00.000000000,1725592920000000000,518.3,518.4,518.3,518.3,34,24399,24399
2024-09-06 11:23:00.000000000,1725592980000000000,518.3,518.3,517.9,518.0,130,24399,24393
2024-09-06 11:24:00.000000000,1725593040000000000,518.0,518.1,517.9,517.9,88,24393,24370
2024-09-06 11:25:00.000000000,1725593100000000000,517.9,518.1,517.7,517.9,157,24370,24416
2024-09-06 11:26:00.000000000,1725593160000000000,517.9,517.9,517.8,517.9,17,24416,24417
2024-09-06 11:27:00.000000000,1725593220000000000,517.9,518.1,517.8,518.1,46,24417,24405
2024-09-06 11:28:00.000000000,1725593280000000000,518.1,518.1,517.9,518.1,32,24405,24404
2024-09-06 11:29:00.000000000,1725593340000000000,518.1,518.1,517.6,517.7,143,24404,24411
2024-09-06 13:30:00.000000000,1725600600000000000,518.3,518.3,518.1,518.1,264,24411,24440
2024-09-06 13:31:00.000000000,1725600660000000000,518.1,518.4,518.1,518.1,148,24440,24431
2024-09-06 13:32:00.000000000,1725600720000000000,518.1,518.3,518.0,518.0,81,24431,24429
2024-09-06 13:33:00.000000000,1725600780000000000,518.0,518.1,517.8,517.8,84,24429,24436
2024-09-06 13:34:00.000000000,1725600840000000000,517.8,517.8,517.6,517.7,76,24436,24441
2024-09-06 13:35:00.000000000,1725600900000000000,517.7,517.7,517.0,517.3,336,24441,24425
2024-09-06 13:36:00.000000000,1725600960000000000,517.3,517.4,517.0,517.1,117,24425,24407
2024-09-06 13:37:00.000000000,1725601020000000000,517.1,517.2,516.9,517.0,157,24407,24438
2024-09-06 13:38:00.000000000,1725601080000000000,517.0,517.0,516.3,516.3,263,24438,24466
2024-09-06 13:39:00.000000000,1725601140000000000,516.3,516.5,515.9,516.2,550,24466,24568
2024-09-06 13:40:00.000000000,1725601200000000000,516.2,516.2,515.8,515.9,171,24568,24600
2024-09-06 13:41:00.000000000,1725601260000000000,515.9,516.4,515.9,516.3,205,24600,24640
2024-09-06 13:42:00.000000000,1725601320000000000,516.3,517.0,516.3,516.9,208,24640,24572
2024-09-06 13:43:00.000000000,1725601380000000000,516.9,517.1,516.7,516.8,199,24572,24583
2024-09-06 13:44:00.000000000,1725601440000000000,516.8,516.8,516.6,516.7,73,24583,24603
2024-09-06 13:45:00.000000000,1725601500000000000,516.7,516.8,516.6,516.7,49,24603,24610
2024-09-06 13:46:00.000000000,1725601560000000000,516.7,516.9,516.7,516.8,67,24610,24613
2024-09-06 13:47:00.000000000,1725601620000000000,516.8,517.2,516.8,517.0,169,24613,24629
2024-09-06 13:48:00.000000000,1725601680000000000,517.0,517.2,516.9,517.2,96,24629,24601
2024-09-06 13:49:00.000000000,1725601740000000000,517.2,517.5,517.1,517.4,250,24601,24522
2024-09-06 13:50:00.000000000,1725601800000000000,517.4,517.5,517.3,517.5,117,24522,24521
2024-09-06 13:51:00.000000000,1725601860000000000,517.5,517.8,517.5,517.7,285,24521,24413
2024-09-06 13:52:00.000000000,1725601920000000000,517.7,518.0,517.6,517.6,153,24413,24399
2024-09-06 13:53:00.000000000,1725601980000000000,517.6,517.7,517.2,517.2,82,24399,24371
2024-09-06 13:54:00.000000000,1725602040000000000,517.2,517.3,517.1,517.2,72,24371,24360
2024-09-06 13:55:00.000000000,1725602100000000000,517.2,517.4,517.1,517.2,92,24360,24370
2024-09-06 13:56:00.000000000,1725602160000000000,517.2,517.5,517.2,517.5,114,24370,24341
2024-09-06 13:57:00.000000000,1725602220000000000,517.5,517.8,517.5,517.8,84,24341,24318
2024-09-06 13:58:00.000000000,1725602280000000000,517.8,518.1,517.8,518.1,370,24318,24254
2024-09-06 13:59:00.000000000,1725602340000000000,518.1,518.4,518.0,518.3,161,24254,24225
2024-09-06 14:00:00.000000000,1725602400000000000,518.3,518.7,518.2,518.7,237,24225,24203
2024-09-06 14:01:00.000000000,1725602460000000000,518.7,519.1,518.5,519.0,324,24203,24087
2024-09-06 14:02:00.000000000,1725602520000000000,519.0,519.0,518.8,518.9,167,24087,24081
2024-09-06 14:03:00.000000000,1725602580000000000,518.9,518.9,518.6,518.7,159,24081,24038
2024-09-06 14:04:00.000000000,1725602640000000000,518.7,519.0,518.7,519.0,80,24038,24035
2024-09-06 14:05:00.000000000,1725602700000000000,519.0,519.2,518.9,518.9,126,24035,24040
2024-09-06 14:06:00.000000000,1725602760000000000,518.9,519.0,518.8,519.0,116,24040,24027
2024-09-06 14:07:00.000000000,1725602820000000000,519.0,519.0,518.3,518.3,174,24027,23952
2024-09-06 14:08:00.000000000,1725602880000000000,518.3,518.5,518.3,518.5,50,23952,23968
2024-09-06 14:09:00.000000000,1725602940000000000,518.5,518.7,518.5,518.7,75,23968,23974
2024-09-06 14:10:00.000000000,1725603000000000000,518.7,518.9,518.6,518.9,85,23974,23966
2024-09-06 14:11:00.000000000,1725603060000000000,518.9,519.0,518.8,518.8,73,23966,23962
2024-09-06 14:12:00.000000000,1725603120000000000,518.8,519.1,518.8,519.0,64,23962,23964
2024-09-06 14:13:00.000000000,1725603180000000000,519.0,519.0,518.9,518.9,57,23964,23954
2024-09-06 14:14:00.000000000,1725603240000000000,518.9,519.0,518.8,519.0,88,23954,23958
2024-09-06 14:15:00.000000000,1725603300000000000,519.0,519.0,518.8,519.0,56,23958,23939
2024-09-06 14:16:00.000000000,1725603360000000000,519.0,519.1,518.8,519.0,80,23939,23956
2024-09-06 14:17:00.000000000,1725603420000000000,519.0,519.3,519.0,519.3,121,23956,23940
2024-09-06 14:18:00.000000000,1725603480000000000,519.3,519.3,519.0,519.0,95,23940,23930
2024-09-06 14:19:00.000000000,1725603540000000000,519.0,519.5,519.0,519.5,122,23930,23922
2024-09-06 14:20:00.000000000,1725603600000000000,519.5,519.5,519.1,519.1,63,23922,23918
2024-09-06 14:21:00.000000000,1725603660000000000,519.1,519.7,519.1,519.7,209,23918,23937
2024-09-06 14:22:00.000000000,1725603720000000000,519.7,519.8,519.6,519.6,185,23937,23967
2024-09-06 14:23:00.000000000,1725603780000000000,519.6,520.1,519.5,519.9,433,23967,23985
2024-09-06 14:24:00.000000000,1725603840000000000,519.9,520.7,519.9,520.5,660,23985,23908
2024-09-06 14:25:00.000000000,1725603900000000000,520.5,520.6,520.1,520.2,271,23908,23946
2024-09-06 14:26:00.000000000,1725603960000000000,520.2,520.2,520.0,520.1,71,23946,23951
2024-09-06 14:27:00.000000000,1725604020000000000,520.1,520.2,519.9,520.1,157,23951,23910
2024-09-06 14:28:00.000000000,1725604080000000000,520.1,520.2,519.8,519.8,89,23910,23882
2024-09-06 14:29:00.000000000,1725604140000000000,519.8,520.0,519.8,519.9,124,23882,23876
2024-09-06 14:30:00.000000000,1725604200000000000,519.9,520.0,519.7,519.7,166,23876,23882
2024-09-06 14:31:00.000000000,1725604260000000000,519.7,519.8,519.3,519.3,189,23882,23824
2024-09-06 14:32:00.000000000,1725604320000000000,519.3,519.3,518.9,519.2,379,23824,23788
2024-09-06 14:33:00.000000000,1725604380000000000,519.2,519.4,519.1,519.4,75,23788,23785
2024-09-06 14:34:00.000000000,1725604440000000000,519.4,519.4,519.2,519.4,100,23785,23756
2024-09-06 14:35:00.000000000,1725604500000000000,519.4,519.6,519.3,519.5,50,23756,23766
2024-09-06 14:36:00.000000000,1725604560000000000,519.5,520.1,519.5,520.0,197,23766,23749
2024-09-06 14:37:00.000000000,1725604620000000000,520.0,520.2,519.9,520.0,115,23749,23737
2024-09-06 14:38:00.000000000,1725604680000000000,520.0,520.0,519.9,519.9,40,23737,23731
2024-09-06 14:39:00.000000000,1725604740000000000,519.9,520.1,519.8,520.1,50,23731,23722
2024-09-06 14:40:00.000000000,1725604800000000000,520.1,520.4,520.0,520.3,121,23722,23715
2024-09-06 14:41:00.000000000,1725604860000000000,520.3,520.5,520.2,520.3,143,23715,23698
2024-09-06 14:42:00.000000000,1725604920000000000,520.3,520.3,520.0,520.1,82,23698,23697
2024-09-06 14:43:00.000000000,1725604980000000000,520.1,520.2,520.0,520.1,54,23697,23691
2024-09-06 14:44:00.000000000,1725605040000000000,520.1,520.5,520.1,520.3,112,23691,23712
2024-09-06 14:45:00.000000000,1725605100000000000,520.3,520.8,520.3,520.8,271,23712,23707
2024-09-06 14:46:00.000000000,1725605160000000000,520.8,521.2,520.6,521.0,302,23707,23623
2024-09-06 14:47:00.000000000,1725605220000000000,521.0,521.1,520.9,521.0,124,23623,23623
2024-09-06 14:48:00.000000000,1725605280000000000,521.0,521.2,520.9,521.1,178,23623,23634
2024-09-06 14:49:00.000000000,1725605340000000000,521.1,521.4,521.1,521.3,175,23634,23615
2024-09-06 14:50:00.000000000,1725605400000000000,521.3,521.4,520.9,520.9,123,23615,23596
2024-09-06 14:51:00.000000000,1725605460000000000,520.9,520.9,520.6,520.9,198,23596,23534
2024-09-06 14:52:00.000000000,1725605520000000000,520.9,520.9,520.4,520.5,156,23534,23479
2024-09-06 14:53:00.000000000,1725605580000000000,520.5,520.5,520.4,520.5,119,23479,23451
2024-09-06 14:54:00.000000000,1725605640000000000,520.5,520.7,520.5,520.7,173,23451,23454
2024-09-06 14:55:00.000000000,1725605700000000000,520.7,520.7,520.3,520.5,128,23454,23406
2024-09-06 14:56:00.000000000,1725605760000000000,520.5,520.7,520.4,520.7,234,23406,23328
2024-09-06 14:57:00.000000000,1725605820000000000,520.7,521.0,520.6,520.9,279,23328,23283
2024-09-06 14:58:00.000000000,1725605880000000000,520.9,521.4,520.8,521.3,304,23283,23240
2024-09-06 14:59:00.000000000,1725605940000000000,521.3,522.2,521.3,522.1,542,23240,23138
2024-09-06 21:00:00.000000000,1725627600000000000,520.4,520.8,518.8,518.9,1313,23138,23244
2024-09-06 21:01:00.000000000,1725627660000000000,518.9,519.1,518.8,519.0,558,23244,23312
2024-09-06 21:02:00.000000000,1725627720000000000,519.0,519.3,518.6,519.2,610,23312,23394
2024-09-06 21:03:00.000000000,1725627780000000000,519.2,519.7,519.0,519.4,550,23394,23376
2024-09-06 21:04:00.000000000,1725627840000000000,519.4,520.4,519.4,520.4,566,23376,23401
2024-09-06 21:05:00.000000000,1725627900000000000,520.4,520.6,519.7,520.6,456,23401,23396
2024-09-06 21:06:00.000000000,1725627960000000000,520.6,520.8,520.2,520.4,464,23396,23439
2024-09-06 21:07:00.000000000,1725628020000000000,520.4,521.5,520.4,521.4,581,23439,23498
2024-09-06 21:08:00.000000000,1725628080000000000,521.4,521.4,520.4,520.4,353,23498,23454
2024-09-06 21:09:00.000000000,1725628140000000000,520.4,520.5,519.6,519.6,434,23454,23492
2024-09-06 21:10:00.000000000,1725628200000000000,519.6,520.2,519.5,519.9,321,23492,23521
2024-09-06 21:11:00.000000000,1725628260000000000,519.9,520.0,519.6,519.6,165,23521,23530
2024-09-06 21:12:00.000000000,1725628320000000000,519.6,519.9,519.3,519.6,256,23530,23549
2024-09-06 21:13:00.000000000,1725628380000000000,519.6,520.0,519.5,519.6,219,23549,23582
2024-09-06 21:14:00.000000000,1725628440000000000,519.6,520.7,519.6,520.5,396,23582,23588
2024-09-06 21:15:00.000000000,1725628500000000000,520.5,521.1,520.5,520.7,383,23588,23576
2024-09-06 21:16:00.000000000,1725628560000000000,520.7,520.8,520.3,520.4,272,23576,23602
2024-09-06 21:17:00.000000000,1725628620000000000,520.4,520.4,520.0,520.2,211,23602,23649
2024-09-06 21:18:00.000000000,1725628680000000000,520.2,520.4,519.8,519.9,285,23649,23676
2024-09-06 21:19:00.000000000,1725628740000000000,519.9,520.7,519.7,520.3,485,23676,23761
2024-09-06 21:20:00.000000000,1725628800000000000,520.3,520.5,520.1,520.1,196,23761,23774
2024-09-06 21:21:00.000000000,1725628860000000000,520.1,520.7,520.0,520.5,226,23774,23785
2024-09-06 21:22:00.000000000,1725628920000000000,520.5,520.9,520.4,520.9,209,23785,23769
2024-09-06 21:23:00.000000000,1725628980000000000,520.9,521.1,520.6,521.0,290,23769,23796
2024-09-06 21:24:00.000000000,1725629040000000000,521.0,521.3,520.8,520.8,254,23796,23813
2024-09-06 21:25:00.000000000,1725629100000000000,520.8,521.0,520.6,521.0,154,23813,23814
2024-09-06 21:26:00.000000000,1725629160000000000,521.0,521.2,520.9,521.0,176,23814,23843
2024-09-06 21:27:00.000000000,1725629220000000000,521.0,521.2,520.7,520.9,236,23843,23833
2024-09-06 21:28:00.000000000,1725629280000000000,520.9,521.1,520.8,521.1,109,23833,23855
2024-09-06 21:29:00.000000000,1725629340000000000,521.1,521.9,521.1,521.6,448,23855,23840
2024-09-06 21:30:00.000000000,1725629400000000000,521.6,521.7,521.0,521.6,388,23840,23846
2024-09-06 21:31:00.000000000,1725629460000000000,521.6,522.5,521.5,522.3,702,23846,23878
2024-09-06 21:32:00.000000000,1725629520000000000,522.3,522.7,522.3,522.4,410,23878,23905
2024-09-06 21:33:00.000000000,1725629580000000000,522.4,522.4,522.0,522.0,276,23905,23868
2024-09-06 21:34:00.000000000,1725629640000000000,522.0,522.2,521.9,522.2,174,23868,23888
2024-09-06 21:35:00.000000000,1725629700000000000,522.2,522.6,522.1,522.4,236,23888,23907
2024-09-06 21:36:00.000000000,1725629760000000000,522.4,522.5,521.9,522.0,223,23907,23918
2024-09-06 21:37:00.000000000,1725629820000000000,522.0,522.2,521.7,522.1,318,23918,23918
2024-09-06 21:38:00.000000000,1725629880000000000,522.1,522.4,521.7,522.2,273,23918,23912
2024-09-06 21:39:00.000000000,1725629940000000000,522.2,522.2,521.5,521.5,290,23912,23869
2024-09-06 21:40:00.000000000,1725630000000000000,521.5,521.8,521.4,521.4,213,23869,23876
2024-09-06 21:41:00.000000000,1725630060000000000,521.4,521.5,521.1,521.4,239,23876,23841
2024-09-06 21:42:00.000000000,1725630120000000000,521.4,521.8,521.3,521.8,183,23841,23867
2024-09-06 21:43:00.000000000,1725630180000000000,521.8,521.8,521.5,521.7,148,23867,23874
2024-09-06 21:44:00.000000000,1725630240000000000,521.7,522.3,521.7,522.3,337,23874,23905
2024-09-06 21:45:00.000000000,1725630300000000000,522.3,522.8,522.2,522.8,590,23905,23877
2024-09-06 21:46:00.000000000,1725630360000000000,522.8,522.8,522.5,522.6,235,23877,23864
2024-09-06 21:47:00.000000000,1725630420000000000,522.6,523.5,522.6,523.4,965,23864,23901
2024-09-06 21:48:00.000000000,1725630480000000000,523.4,523.7,523.3,523.3,570,23901,23897
2024-09-06 21:49:00.000000000,1725630540000000000,523.3,523.7,523.3,523.7,302,23897,23897
2024-09-06 21:50:00.000000000,1725630600000000000,523.7,524.1,523.3,523.8,553,23897,24000
2024-09-06 21:51:00.000000000,1725630660000000000,523.8,523.8,523.4,523.5,210,24000,23993
2024-09-06 21:52:00.000000000,1725630720000000000,523.5,523.5,523.1,523.3,252,23993,23982
2024-09-06 21:53:00.000000000,1725630780000000000,523.3,523.6,523.1,523.1,202,23982,24001
2024-09-06 21:54:00.000000000,1725630840000000000,523.1,523.3,522.9,522.9,229,24001,24031
2024-09-06 21:55:00.000000000,1725630900000000000,522.9,523.5,522.9,523.3,257,24031,24016
2024-09-06 21:56:00.000000000,1725630960000000000,523.3,523.6,523.2,523.4,230,24016,24015
2024-09-06 21:57:00.000000000,1725631020000000000,523.4,523.9,523.3,523.9,359,24015,24016
2024-09-06 21:58:00.000000000,1725631080000000000,523.9,523.9,523.6,523.6,141,24016,24021
2024-09-06 21:59:00.000000000,1725631140000000000,523.6,523.9,523.3,523.4,220,24021,24022
2024-09-06 22:00:00.000000000,1725631200000000000,523.4,523.4,522.8,523.3,568,24022,23971
2024-09-06 22:01:00.000000000,1725631260000000000,523.3,523.8,523.1,523.7,206,23971,23976
2024-09-06 22:02:00.000000000,1725631320000000000,523.7,523.9,523.5,523.6,220,23976,24002
2024-09-06 22:03:00.000000000,1725631380000000000,523.6,523.8,523.5,523.8,91,24002,23999
2024-09-06 22:04:00.000000000,1725631440000000000,523.8,523.8,522.6,522.9,512,23999,23941
2024-09-06 22:05:00.000000000,1725631500000000000,522.9,522.9,522.2,522.2,393,23941,23916
2024-09-06 22:06:00.000000000,1725631560000000000,522.2,522.3,521.5,521.6,659,23916,23905
2024-09-06 22:07:00.000000000,1725631620000000000,521.6,521.8,521.4,521.6,467,23905,23872
2024-09-06 22:08:00.000000000,1725631680000000000,521.6,521.9,521.6,521.9,265,23872,23878
2024-09-06 22:09:00.000000000,1725631740000000000,521.9,522.0,521.8,521.8,202,23878,23881
2024-09-06 22:10:00.000000000,1725631800000000000,521.8,522.7,521.8,522.2,516,23881,23851
2024-09-06 22:11:00.000000000,1725631860000000000,522.2,522.2,521.9,522.1,189,23851,23823
2024-09-06 22:12:00.000000000,1725631920000000000,522.1,522.3,521.6,521.6,220,23823,23827
2024-09-06 22:13:00.000000000,1725631980000000000,521.6,521.8,521.3,521.5,407,23827,23857
2024-09-06 22:14:00.000000000,1725632040000000000,521.5,521.6,520.9,521.1,517,23857,23847
2024-09-06 22:15:00.000000000,1725632100000000000,521.1,521.3,520.3,520.6,709,23847,23868
2024-09-06 22:16:00.000000000,1725632160000000000,520.6,521.0,520.6,520.8,262,23868,23844
2024-09-06 22:17:00.000000000,1725632220000000000,520.8,520.9,520.4,520.5,291,23844,23861
2024-09-06 22:18:00.000000000,1725632280000000000,520.5,520.8,520.2,520.3,371,23861,23822
2024-09-06 22:19:00.000000000,1725632340000000000,520.3,521.2,520.3,521.2,380,23822,23800
2024-09-06 22:20:00.000000000,1725632400000000000,521.2,521.3,521.0,521.1,306,23800,23796
2024-09-06 22:21:00.000000000,1725632460000000000,521.1,521.1,520.8,520.9,178,23796,23835
2024-09-06 22:22:00.000000000,1725632520000000000,520.9,521.0,520.6,520.8,169,23835,23843
2024-09-06 22:23:00.000000000,1725632580000000000,520.8,521.1,520.7,520.8,191,23843,23825
2024-09-06 22:24:00.000000000,1725632640000000000,520.8,520.8,519.9,519.9,842,23825,23907
2024-09-06 22:25:00.000000000,1725632700000000000,519.9,520.1,518.8,519.2,976,23907,23950
2024-09-06 22:26:00.000000000,1725632760000000000,519.2,519.2,518.2,518.5,959,23950,24004
2024-09-06 22:27:00.000000000,1725632820000000000,518.5,519.1,518.5,518.7,501,24004,24016
2024-09-06 22:28:00.000000000,1725632880000000000,518.7,518.8,517.9,518.0,652,24016,24024
2024-09-06 22:29:00.000000000,1725632940000000000,518.0,518.1,517.3,517.3,695,24024,24146
2024-09-06 22:30:00.000000000,1725633000000000000,517.3,517.6,516.5,516.6,1041,24146,24256
2024-09-06 22:31:00.000000000,1725633060000000000,516.6,517.1,516.2,516.5,734,24256,24376
2024-09-06 22:32:00.000000000,1725633120000000000,516.5,517.0,515.5,515.6,1252,24376,24550
2024-09-06 22:33:00.000000000,1725633180000000000,515.6,516.0,515.2,515.8,927,24550,24715
2024-09-06 22:34:00.000000000,1725633240000000000,515.8,516.3,514.2,514.4,1216,24715,24744
2024-09-06 22:35:00.000000000,1725633300000000000,514.4,514.6,513.7,514.3,1423,24744,24858
2024-09-06 22:36:00.000000000,1725633360000000000,514.3,515.6,514.3,515.3,1232,24858,24924
2024-09-06 22:37:00.000000000,1725633420000000000,515.3,515.4,514.5,514.5,765,24924,25016
2024-09-06 22:38:00.000000000,1725633480000000000,514.5,514.8,513.9,514.4,832,25016,25155
2024-09-06 22:39:00.000000000,1725633540000000000,514.4,515.0,513.9,514.8,589,25155,25151
2024-09-06 22:40:00.000000000,1725633600000000000,514.8,515.3,514.6,514.7,539,25151,25188
2024-09-06 22:41:00.000000000,1725633660000000000,514.7,515.6,514.6,515.0,622,25188,25259
2024-09-06 22:42:00.000000000,1725633720000000000,515.0,515.0,513.8,513.9,810,25259,25272
2024-09-06 22:43:00.000000000,1725633780000000000,513.9,513.9,512.7,513.1,1385,25272,25385
2024-09-06 22:44:00.000000000,1725633840000000000,513.1,513.1,511.8,512.3,1161,25385,25565
2024-09-06 22:45:00.000000000,1725633900000000000,512.3,512.4,511.9,512.0,707,25565,25649
2024-09-06 22:46:00.000000000,1725633960000000000,512.0,512.0,511.0,511.6,1075,25649,25770
2024-09-06 22:47:00.000000000,1725634020000000000,511.6,511.8,511.3,511.6,498,25770,25813
2024-09-06 22:48:00.000000000,1725634080000000000,511.6,511.7,511.3,511.7,408,25813,25834
2024-09-06 22:49:00.000000000,1725634140000000000,511.7,511.9,510.7,511.1,1085,25834,25884
2024-09-06 22:50:00.000000000,1725634200000000000,511.1,512.0,511.0,511.3,940,25884,25956
2024-09-06 22:51:00.000000000,1725634260000000000,511.3,511.4,511.0,511.1,398,25956,26011
2024-09-06 22:52:00.000000000,1725634320000000000,511.1,511.5,510.8,511.4,491,26011,26064
2024-09-06 22:53:00.000000000,1725634380000000000,511.4,511.7,511.1,511.2,458,26064,26100
2024-09-06 22:54:00.000000000,1725634440000000000,511.2,511.2,510.1,510.2,847,26100,26157
2024-09-06 22:55:00.000000000,1725634500000000000,510.2,511.2,510.2,510.5,762,26157,26093
2024-09-06 22:56:00.000000000,1725634560000000000,510.5,510.6,510.1,510.1,558,26093,26200
2024-09-06 22:57:00.000000000,1725634620000000000,510.1,510.5,509.6,509.7,1272,26200,26113
2024-09-06 22:58:00.000000000,1725634680000000000,509.7,509.9,508.7,509.3,1006,26113,26215
2024-09-06 22:59:00.000000000,1725634740000000000,509.3,510.4,509.1,510.3,884,26215,26263
2024-09-06 23:00:00.000000000,1725634800000000000,510.3,511.1,509.9,510.9,1286,26263,26351
2024-09-06 23:01:00.000000000,1725634860000000000,510.9,511.3,510.6,511.2,1029,26351,26408
2024-09-06 23:02:00.000000000,1725634920000000000,511.2,511.6,510.8,511.4,1338,26408,26439
2024-09-06 23:03:00.000000000,1725634980000000000,511.4,511.5,510.7,511.0,521,26439,26470
2024-09-06 23:04:00.000000000,1725635040000000000,511.0,511.1,510.7,510.9,470,26470,26468
2024-09-06 23:05:00.000000000,1725635100000000000,510.9,511.7,510.9,511.6,998,26468,26543
2024-09-06 23:06:00.000000000,1725635160000000000,511.6,511.9,511.3,511.7,912,26543,26584
2024-09-06 23:07:00.000000000,1725635220000000000,511.7,511.8,511.1,511.2,411,26584,26592
2024-09-06 23:08:00.000000000,1725635280000000000,511.2,511.3,510.7,510.8,598,26592,26507
2024-09-06 23:09:00.000000000,1725635340000000000,510.8,511.4,510.8,511.1,377,26507,26545
2024-09-06 23:10:00.000000000,1725635400000000000,511.1,511.3,510.8,510.9,447,26545,26622
2024-09-06 23:11:00.000000000,1725635460000000000,510.9,511.6,510.9,511.5,486,26622,26570
2024-09-06 23:12:00.000000000,1725635520000000000,511.5,512.5,511.5,512.2,1128,26570,26492
2024-09-06 23:13:00.000000000,1725635580000000000,512.2,512.3,511.6,511.6,528,26492,26431
2024-09-06 23:14:00.000000000,1725635640000000000,511.6,511.8,511.4,511.6,334,26431,26449
2024-09-06 23:15:00.000000000,1725635700000000000,511.6,511.6,511.0,511.1,426,26449,26433
2024-09-06 23:16:00.000000000,1725635760000000000,511.1,511.4,510.9,511.3,344,26433,26431
2024-09-06 23:17:00.000000000,1725635820000000000,511.3,511.6,511.0,511.4,352,26431,26491
2024-09-06 23:18:00.000000000,1725635880000000000,511.4,511.4,511.0,511.1,275,26491,26478
2024-09-06 23:19:00.000000000,1725635940000000000,511.1,511.2,510.9,511.0,293,26478,26471
2024-09-06 23:20:00.000000000,1725636000000000000,511.0,511.2,510.9,511.1,214,26471,26490
2024-09-06 23:21:00.000000000,1725636060000000000,511.1,511.3,510.9,511.1,241,26490,26508
2024-09-06 23:22:00.000000000,1725636120000000000,511.1,511.2,510.1,510.1,951,26508,26365
2024-09-06 23:23:00.000000000,1725636180000000000,510.1,510.2,509.4,509.9,1055,26365,26251
2024-09-06 23:24:00.000000000,1725636240000000000,509.9,510.2,509.5,510.1,788,26251,26275
2024-09-06 23:25:00.000000000,1725636300000000000,510.1,510.1,509.6,509.7,247,26275,26328
2024-09-06 23:26:00.000000000,1725636360000000000,509.7,509.7,509.2,509.4,408,26328,26344
2024-09-06 23:27:00.000000000,1725636420000000000,509.4,510.3,509.3,510.1,528,26344,26366
2024-09-06 23:28:00.000000000,1725636480000000000,510.1,510.1,509.6,510.1,326,26366,26395
2024-09-06 23:29:00.000000000,1725636540000000000,510.1,511.1,509.9,509.9,834,26395,26383
2024-09-06 23:30:00.000000000,1725636600000000000,509.9,510.0,509.7,510.0,274,26383,26412
2024-09-06 23:31:00.000000000,1725636660000000000,510.0,510.0,509.5,509.6,241,26412,26432
2024-09-06 23:32:00.000000000,1725636720000000000,509.6,509.7,509.2,509.7,398,26432,26485
2024-09-06 23:33:00.000000000,1725636780000000000,509.7,509.7,509.1,509.1,279,26485,26497
2024-09-06 23:34:00.000000000,1725636840000000000,509.1,509.1,508.3,508.5,1107,26497,26517
2024-09-06 23:35:00.000000000,1725636900000000000,508.5,508.7,508.4,508.7,396,26517,26572
2024-09-06 23:36:00.000000000,1725636960000000000,508.7,509.3,508.7,509.1,682,26572,26725
2024-09-06 23:37:00.000000000,1725637020000000000,509.1,509.3,509.0,509.2,374,26725,26741
2024-09-06 23:38:00.000000000,1725637080000000000,509.2,509.2,508.7,509.1,228,26741,26767
2024-09-06 23:39:00.000000000,1725637140000000000,509.1,509.3,508.8,509.2,371,26767,26776
2024-09-06 23:40:00.000000000,1725637200000000000,509.2,509.2,508.2,508.3,369,26776,26719
2024-09-06 23:41:00.000000000,1725637260000000000,508.3,508.5,507.6,507.9,1023,26719,26778
2024-09-06 23:42:00.000000000,1725637320000000000,507.9,508.2,507.8,508.1,337,26778,26854
2024-09-06 23:43:00.000000000,1725637380000000000,508.1,508.3,507.9,508.0,181,26854,26832
2024-09-06 23:44:00.000000000,1725637440000000000,508.0,508.0,507.6,507.6,323,26832,26872
2024-09-06 23:45:00.000000000,1725637500000000000,507.6,507.7,506.7,506.7,1134,26872,26899
2024-09-06 23:46:00.000000000,1725637560000000000,506.7,506.8,506.3,506.5,492,26899,26933
2024-09-06 23:47:00.000000000,1725637620000000000,506.5,507.1,506.5,506.8,405,26933,26964
2024-09-06 23:48:00.000000000,1725637680000000000,506.8,507.1,506.5,507.1,304,26964,27025
2024-09-06 23:49:00.000000000,1725637740000000000,507.1,507.1,506.8,507.0,313,27025,27027
2024-09-06 23:50:00.000000000,1725637800000000000,507.0,507.0,506.0,506.2,542,27027,27010
2024-09-06 23:51:00.000000000,1725637860000000000,506.2,506.4,505.5,505.8,772,27010,27067
2024-09-06 23:52:00.000000000,1725637920000000000,505.8,505.9,505.4,505.5,521,27067,27104
2024-09-06 23:53:00.000000000,1725637980000000000,505.5,505.8,505.4,505.8,271,27104,27077
2024-09-06 23:54:00.000000000,1725638040000000000,505.8,505.8,505.5,505.6,272,27077,27082
2024-09-06 23:55:00.000000000,1725638100000000000,505.6,506.5,505.6,506.4,548,27082,27026
2024-09-06 23:56:00.000000000,1725638160000000000,506.4,506.4,505.8,506.0,274,27026,26987
2024-09-06 23:57:00.000000000,1725638220000000000,506.0,506.1,505.8,505.8,173,26987,26990
2024-09-06 23:58:00.000000000,1725638280000000000,505.8,505.9,505.5,505.8,273,26990,26993
2024-09-06 23:59:00.000000000,1725638340000000000,505.8,506.1,505.6,505.6,375,26993,27052
2024-09-07 00:00:00.000000000,1725638400000000000,505.6,506.5,505.3,506.4,652,27052,27106
2024-09-07 00:01:00.000000000,1725638460000000000,506.4,506.7,506.2,506.4,496,27106,27139
2024-09-07 00:02:00.000000000,1725638520000000000,506.4,506.5,506.1,506.2,264,27139,27132
2024-09-07 00:03:00.000000000,1725638580000000000,506.2,506.2,505.7,506.0,224,27132,27105
2024-09-07 00:04:00.000000000,1725638640000000000,506.0,506.0,505.5,505.5,170,27105,27071
2024-09-07 00:05:00.000000000,1725638700000000000,505.5,505.9,505.5,505.9,187,27071,27083
2024-09-07 00:06:00.000000000,1725638760000000000,505.9,505.9,505.5,505.7,149,27083,27053
2024-09-07 00:07:00.000000000,1725638820000000000,505.7,506.4,505.7,506.2,401,27053,27055
2024-09-07 00:08:00.000000000,1725638880000000000,506.2,506.3,506.0,506.1,236,27055,27085
2024-09-07 00:09:00.000000000,1725638940000000000,506.1,506.6,506.1,506.4,342,27085,27126
2024-09-07 00:10:00.000000000,1725639000000000000,506.4,506.5,505.9,506.2,342,27126,27074
2024-09-07 00:11:00.000000000,1725639060000000000,506.2,506.5,506.1,506.2,174,27074,27045
2024-09-07 00:12:00.000000000,1725639120000000000,506.2,506.3,506.1,506.1,153,27045,27090
2024-09-07 00:13:00.000000000,1725639180000000000,506.1,506.2,505.9,506.1,115,27090,27091
2024-09-07 00:14:00.000000000,1725639240000000000,506.1,506.1,504.5,504.7,1218,27091,27063
2024-09-07 00:15:00.000000000,1725639300000000000,504.7,504.7,503.6,504.4,1233,27063,27099
2024-09-07 00:16:00.000000000,1725639360000000000,504.4,504.4,502.8,503.0,964,27099,27113
2024-09-07 00:17:00.000000000,1725639420000000000,503.0,503.5,502.6,503.2,828,27113,27165
2024-09-07 00:18:00.000000000,1725639480000000000,503.2,503.5,503.2,503.5,320,27165,27172
2024-09-07 00:19:00.000000000,1725639540000000000,503.5,504.1,503.4,504.1,507,27172,27169
2024-09-07 00:20:00.000000000,1725639600000000000,504.1,504.1,503.3,503.6,472,27169,27197
2024-09-07 00:21:00.000000000,1725639660000000000,503.6,503.7,503.3,503.5,261,27197,27252
2024-09-07 00:22:00.000000000,1725639720000000000,503.5,504.0,503.4,503.9,238,27252,27252
2024-09-07 00:23:00.000000000,1725639780000000000,503.9,504.3,503.8,504.2,339,27252,27218
2024-09-07 00:24:00.000000000,1725639840000000000,504.2,504.7,504.1,504.1,505,27218,27143
2024-09-07 00:25:00.000000000,1725639900000000000,504.1,504.8,504.1,504.8,331,27143,27134
2024-09-07 00:26:00.000000000,1725639960000000000,504.8,505.2,504.4,504.9,633,27134,27011
2024-09-07 00:27:00.000000000,1725640020000000000,504.9,504.9,504.5,504.6,304,27011,26944
2024-09-07 00:28:00.000000000,1725640080000000000,504.6,504.6,503.9,504.1,527,26944,26939
2024-09-07 00:29:00.000000000,1725640140000000000,504.1,504.2,503.9,504.0,321,26939,26914
2024-09-07 00:30:00.000000000,1725640200000000000,504.0,504.1,503.8,504.1,279,26914,27026
2024-09-07 00:31:00.000000000,1725640260000000000,504.1,504.1,503.8,503.9,108,27026,27022
2024-09-07 00:32:00.000000000,1725640320000000000,503.9,503.9,503.5,503.5,229,27022,26998
2024-09-07 00:33:00.000000000,1725640380000000000,503.5,504.0,503.5,503.9,182,26998,26998
2024-09-07 00:34:00.000000000,1725640440000000000,503.9,504.5,503.9,504.0,349,26998,26998
2024-09-07 00:35:00.000000000,1725640500000000000,504.0,504.6,504.0,504.3,303,26998,27041
2024-09-07 00:36:00.000000000,1725640560000000000,504.3,504.3,503.9,504.0,231,27041,27035
2024-09-07 00:37:00.000000000,1725640620000000000,504.0,504.3,503.9,504.2,134,27035,27083
2024-09-07 00:38:00.000000000,1725640680000000000,504.2,504.5,504.1,504.2,156,27083,27130
2024-09-07 00:39:00.000000000,1725640740000000000,504.2,504.2,504.0,504.1,92,27130,27124
2024-09-07 00:40:00.000000000,1725640800000000000,504.1,504.2,504.0,504.0,199,27124,27047
2024-09-07 00:41:00.000000000,1725640860000000000,504.0,504.0,503.6,503.6,228,27047,27021
2024-09-07 00:42:00.000000000,1725640920000000000,503.6,503.9,503.6,503.8,152,27021,27017
2024-09-07 00:43:00.000000000,1725640980000000000,503.8,504.1,503.8,503.9,170,27017,27017
2024-09-07 00:44:00.000000000,1725641040000000000,503.9,504.1,503.8,504.1,63,27017,27021
2024-09-07 00:45:00.000000000,1725641100000000000,504.1,504.3,504.0,504.1,242,27021,27056
2024-09-07 00:46:00.000000000,1725641160000000000,504.1,504.5,504.1,504.3,176,27056,27061
2024-09-07 00:47:00.000000000,1725641220000000000,504.3,504.8,504.3,504.5,212,27061,27042
2024-09-07 00:48:00.000000000,1725641280000000000,504.5,504.6,504.4,504.5,140,27042,27012
2024-09-07 00:49:00.000000000,1725641340000000000,504.5,504.8,504.4,504.8,202,27012,27047
2024-09-07 00:50:00.000000000,1725641400000000000,504.8,505.8,504.8,505.6,765,27047,26952
2024-09-07 00:51:00.000000000,1725641460000000000,505.6,505.6,505.2,505.4,289,26952,26985
2024-09-07 00:52:00.000000000,1725641520000000000,505.4,505.4,505.2,505.2,125,26985,26975
2024-09-07 00:53:00.000000000,1725641580000000000,505.2,505.4,504.9,505.2,300,26975,26940
2024-09-07 00:54:00.000000000,1725641640000000000,505.2,505.4,505.1,505.3,131,26940,26956
2024-09-07 00:55:00.000000000,1725641700000000000,505.3,505.4,504.9,505.0,238,26956,26915
2024-09-07 00:56:00.000000000,1725641760000000000,505.0,505.6,505.0,505.5,252,26915,26905
2024-09-07 00:57:00.000000000,1725641820000000000,505.5,505.6,505.1,505.4,188,26905,26916
2024-09-07 00:58:00.000000000,1725641880000000000,505.4,505.5,505.3,505.5,145,26916,26967
2024-09-07 00:59:00.000000000,1725641940000000000,505.5,505.6,505.3,505.5,113,26967,26967
2024-09-07 01:00:00.000000000,1725642000000000000,505.5,505.8,505.4,505.7,368,26967,26952
2024-09-07 01:01:00.000000000,1725642060000000000,505.7,506.3,505.7,506.0,462,26952,26875
2024-09-07 01:02:00.000000000,1725642120000000000,506.0,506.9,506.0,506.9,665,26875,26814
2024-09-07 01:03:00.000000000,1725642180000000000,506.9,507.0,506.5,506.5,420,26814,26716
2024-09-07 01:04:00.000000000,1725642240000000000,506.5,507.5,506.5,507.4,682,26716,26651
2024-09-07 01:05:00.000000000,1725642300000000000,507.4,507.6,507.2,507.5,527,26651,26671
2024-09-07 01:06:00.000000000,1725642360000000000,507.5,507.5,507.0,507.1,421,26671,26628
2024-09-07 01:07:00.000000000,1725642420000000000,507.1,507.2,506.6,506.6,547,26628,26535
2024-09-07 01:08:00.000000000,1725642480000000000,506.6,507.0,506.3,507.0,379,26535,26437
2024-09-07 01:09:00.000000000,1725642540000000000,507.0,507.3,507.0,507.0,200,26437,26490
2024-09-07 01:10:00.000000000,1725642600000000000,507.0,507.9,507.0,507.8,542,26490,26485
2024-09-07 01:11:00.000000000,1725642660000000000,507.8,508.0,507.3,507.4,383,26485,26454
2024-09-07 01:12:00.000000000,1725642720000000000,507.4,507.5,507.2,507.3,165,26454,26489
2024-09-07 01:13:00.000000000,1725642780000000000,507.3,507.3,507.0,507.1,205,26489,26479
2024-09-07 01:14:00.000000000,1725642840000000000,507.1,507.3,507.0,507.1,133,26479,26478
2024-09-07 01:15:00.000000000,1725642900000000000,507.1,507.2,506.9,507.0,89,26478,26489
2024-09-07 01:16:00.000000000,1725642960000000000,507.0,507.0,506.5,507.0,379,26489,26423
2024-09-07 01:17:00.000000000,1725643020000000000,507.0,507.3,506.9,507.2,225,26423,26420
2024-09-07 01:18:00.000000000,1725643080000000000,507.2,507.2,506.8,506.8,92,26420,26438
2024-09-07 01:19:00.000000000,1725643140000000000,506.8,507.0,506.5,506.9,175,26438,26408
2024-09-07 01:20:00.000000000,1725643200000000000,506.9,506.9,506.6,506.9,161,26408,26395
2024-09-07 01:21:00.000000000,1725643260000000000,506.9,507.0,506.5,507.0,155,26395,26415
2024-09-07 01:22:00.000000000,1725643320000000000,507.0,507.2,506.9,507.1,134,26415,26401
2024-09-07 01:23:00.000000000,1725643380000000000,507.1,507.7,507.0,507.6,227,26401,26414
2024-09-07 01:24:00.000000000,1725643440000000000,507.6,507.7,507.3,507.6,126,26414,26400
2024-09-07 01:25:00.000000000,1725643500000000000,507.6,507.6,507.4,507.5,105,26400,26401
2024-09-07 01:26:00.000000000,1725643560000000000,507.5,507.9,507.4,507.8,221,26401,26366
2024-09-07 01:27:00.000000000,1725643620000000000,507.8,507.9,507.5,507.7,176,26366,26327
2024-09-07 01:28:00.000000000,1725643680000000000,507.7,508.4,507.7,508.2,366,26327,26255
2024-09-07 01:29:00.000000000,1725643740000000000,508.2,508.5,508.2,508.4,307,26255,26271
2024-09-07 01:30:00.000000000,1725643800000000000,508.4,508.6,508.1,508.1,293,26271,26274
2024-09-07 01:31:00.000000000,1725643860000000000,508.1,508.4,508.1,508.2,150,26274,26248
2024-09-07 01:32:00.000000000,1725643920000000000,508.2,508.2,507.9,508.0,219,26248,26221
2024-09-07 01:33:00.000000000,1725643980000000000,508.0,508.1,507.7,507.9,212,26221,26217
2024-09-07 01:34:00.000000000,1725644040000000000,507.9,508.0,507.7,507.9,96,26217,26236
2024-09-07 01:35:00.000000000,1725644100000000000,507.9,508.1,507.3,507.3,393,26236,26126
2024-09-07 01:36:00.000000000,1725644160000000000,507.3,507.4,507.0,507.0,305,26126,26076
2024-09-07 01:37:00.000000000,1725644220000000000,507.0,507.2,506.5,506.8,475,26076,25999
2024-09-07 01:38:00.000000000,1725644280000000000,506.8,506.8,506.6,506.6,287,25999,26092
2024-09-07 01:39:00.000000000,1725644340000000000,506.6,506.6,505.7,505.8,528,26092,26097
2024-09-07 01:40:00.000000000,1725644400000000000,505.8,506.1,505.6,505.6,379,26097,26126
2024-09-07 01:41:00.000000000,1725644460000000000,505.6,505.7,505.2,505.6,432,26126,26109
2024-09-07 01:42:00.000000000,1725644520000000000,505.6,505.8,505.6,505.6,212,26109,26158
2024-09-07 01:43:00.000000000,1725644580000000000,505.6,506.2,505.4,506.1,303,26158,26123
2024-09-07 01:44:00.000000000,1725644640000000000,506.1,506.2,505.6,505.7,249,26123,26129
2024-09-07 01:45:00.000000000,1725644700000000000,505.7,505.9,505.7,505.7,86,26129,26128
2024-09-07 01:46:00.000000000,1725644760000000000,505.7,505.7,505.2,505.7,192,26128,26150
2024-09-07 01:47:00.000000000,1725644820000000000,505.7,506.1,505.7,505.9,196,26150,26138
2024-09-07 01:48:00.000000000,1725644880000000000,505.9,506.3,505.9,506.0,166,26138,26111
2024-09-07 01:49:00.000000000,1725644940000000000,506.0,506.5,506.0,506.3,179,26111,26091
2024-09-07 01:50:00.000000000,1725645000000000000,506.3,506.4,505.9,505.9,163,26091,26095
2024-09-07 01:51:00.000000000,1725645060000000000,505.9,506.1,505.8,506.1,102,26095,26092
2024-09-07 01:52:00.000000000,1725645120000000000,506.1,506.2,505.9,506.0,82,26092,26069
2024-09-07 01:53:00.000000000,1725645180000000000,506.0,506.0,505.8,505.8,59,26069,26082
2024-09-07 01:54:00.000000000,1725645240000000000,505.8,505.9,505.7,505.9,150,26082,26075
2024-09-07 01:55:00.000000000,1725645300000000000,505.9,506.4,505.8,506.1,156,26075,26082
2024-09-07 01:56:00.000000000,1725645360000000000,506.1,506.6,506.1,506.3,196,26082,26101
2024-09-07 01:57:00.000000000,1725645420000000000,506.3,506.5,506.1,506.1,158,26101,26129
2024-09-07 01:58:00.000000000,1725645480000000000,506.1,506.2,506.1,506.1,97,26129,26136
2024-09-07 01:59:00.000000000,1725645540000000000,506.1,506.1,505.6,505.8,196,26136,26120
2024-09-07 02:00:00.000000000,1725645600000000000,505.8,506.1,505.6,505.7,246,26120,26120
2024-09-07 02:01:00.000000000,1725645660000000000,505.7,506.0,505.6,505.7,103,26120,26125
2024-09-07 02:02:00.000000000,1725645720000000000,505.7,505.9,505.6,505.7,137,26125,26117
2024-09-07 02:03:00.000000000,1725645780000000000,505.7,505.9,505.7,505.7,101,26117,26124
2024-09-07 02:04:00.000000000,1725645840000000000,505.7,505.7,505.3,505.7,141,26124,26140
2024-09-07 02:05:00.000000000,1725645900000000000,505.7,505.7,505.4,505.4,91,26140,26162
2024-09-07 02:06:00.000000000,1725645960000000000,505.4,506.1,505.4,506.0,138,26162,26166
2024-09-07 02:07:00.000000000,1725646020000000000,506.0,506.3,506.0,506.2,151,26166,26129
2024-09-07 02:08:00.000000000,1725646080000000000,506.2,506.2,505.9,505.9,63,26129,26123
2024-09-07 02:09:00.000000000,1725646140000000000,505.9,506.3,505.9,506.1,116,26123,26114
2024-09-07 02:10:00.000000000,1725646200000000000,506.1,506.1,505.9,506.0,71,26114,26100
2024-09-07 02:11:00.000000000,1725646260000000000,506.0,506.5,506.0,506.4,164,26100,26051
2024-09-07 02:12:00.000000000,1725646320000000000,506.4,506.4,506.1,506.3,120,26051,26040
2024-09-07 02:13:00.000000000,1725646380000000000,506.3,506.6,506.3,506.4,148,26040,26068
2024-09-07 02:14:00.000000000,1725646440000000000,506.4,506.7,506.3,506.7,69,26068,26051
2024-09-07 02:15:00.000000000,1725646500000000000,506.7,506.7,506.1,506.2,227,26051,26041
2024-09-07 02:16:00.000000000,1725646560000000000,506.2,506.4,506.2,506.3,50,26041,26040
2024-09-07 02:17:00.000000000,1725646620000000000,506.3,506.9,506.3,506.8,214,26040,26024
2024-09-07 02:18:00.000000000,1725646680000000000,506.8,506.8,506.5,506.5,110,26024,26010
2024-09-07 02:19:00.000000000,1725646740000000000,506.5,506.7,506.5,506.6,72,26010,25986
2024-09-07 02:20:00.000000000,1725646800000000000,506.6,506.6,506.1,506.1,140,25986,25951
2024-09-07 02:21:00.000000000,1725646860000000000,506.1,506.3,506.1,506.2,71,25951,25937
2024-09-07 02:22:00.000000000,1725646920000000000,506.2,506.4,506.0,506.4,90,25937,25921
2024-09-07 02:23:00.000000000,1725646980000000000,506.4,506.8,506.4,506.6,187,25921,25895
2024-09-07 02:24:00.000000000,1725647040000000000,506.6,506.9,506.6,506.8,122,25895,25855
2024-09-07 02:25:00.000000000,1725647100000000000,506.8,506.9,506.7,506.8,120,25855,25818
2024-09-07 02:26:00.000000000,1725647160000000000,506.8,506.8,506.5,506.6,101,25818,25810
2024-09-07 02:27:00.000000000,1725647220000000000,506.6,506.8,506.6,506.8,132,25810,25768
2024-09-07 02:28:00.000000000,1725647280000000000,506.8,506.8,505.7,506.1,396,25768,25633
2024-09-07 02:29:00.000000000,1725647340000000000,506.1,506.3,505.9,505.9,343,25633,25472
2024-09-09 09:00:00.000000000,1725843600000000000,510.2,510.2,509.1,509.4,2438,25472,25184
2024-09-09 09:01:00.000000000,1725843660000000000,509.4,510.3,509.4,510.3,690,25184,25095
2024-09-09 09:02:00.000000000,1725843720000000000,510.3,511.6,510.2,511.6,1017,25095,24882
2024-09-09 09:03:00.000000000,1725843780000000000,511.6,511.6,511.0,511.3,476,24882,24774
2024-09-09 09:04:00.000000000,1725843840000000000,511.3,512.0,511.3,511.6,607,24774,24678
2024-09-09 09:05:00.000000000,1725843900000000000,511.6,512.5,511.5,512.5,809,24678,24626
2024-09-09 09:06:00.000000000,1725843960000000000,512.5,512.8,512.1,512.1,682,24626,24518
2024-09-09 09:07:00.000000000,1725844020000000000,512.1,512.9,512.1,512.9,387,24518,24487
2024-09-09 09:08:00.000000000,1725844080000000000,512.9,512.9,512.0,512.0,286,24487,24474
2024-09-09 09:09:00.000000000,1725844140000000000,512.0,512.4,511.7,512.4,491,24474,24501
2024-09-09 09:10:00.000000000,1725844200000000000,512.4,512.5,512.2,512.4,304,24501,24532
2024-09-09 09:11:00.000000000,1725844260000000000,512.4,512.9,512.3,512.5,310,24532,24511
2024-09-09 09:12:00.000000000,1725844320000000000,512.5,512.7,512.3,512.6,200,24511,24535
2024-09-09 09:13:00.000000000,1725844380000000000,512.6,513.1,512.5,512.8,452,24535,24492
2024-09-09 09:14:00.000000000,1725844440000000000,512.8,513.2,512.8,513.2,401,24492,24459
2024-09-09 09:15:00.000000000,1725844500000000000,513.2,513.3,512.8,512.9,325,24459,24462
2024-09-09 09:16:00.000000000,1725844560000000000,512.9,513.3,512.9,513.3,207,24462,24509
2024-09-09 09:17:00.000000000,1725844620000000000,513.3,513.3,513.0,513.3,184,24509,24513
2024-09-09 09:18:00.000000000,1725844680000000000,513.3,513.4,513.1,513.3,168,24513,24502
2024-09-09 09:19:00.000000000,1725844740000000000,513.3,513.6,513.3,513.5,234,24502,24492
2024-09-09 09:20:00.000000000,1725844800000000000,513.5,513.9,513.4,513.8,595,24492,24325
2024-09-09 09:21:00.000000000,1725844860000000000,513.8,513.8,513.4,513.5,194,24325,24311
2024-09-09 09:22:00.000000000,1725844920000000000,513.5,513.7,513.4,513.6,138,24311,24274
2024-09-09 09:23:00.000000000,1725844980000000000,513.6,513.6,513.1,513.1,234,24274,24239
2024-09-09 09:24:00.000000000,1725845040000000000,513.1,513.2,512.6,512.6,396,24239,24204
2024-09-09 09:25:00.000000000,1725845100000000000,512.6,512.8,512.2,512.8,436,24204,24202
2024-09-09 09:26:00.000000000,1725845160000000000,512.8,513.4,512.5,513.4,247,24202,24219
2024-09-09 09:27:00.000000000,1725845220000000000,513.4,513.5,512.8,513.0,213,24219,24196
2024-09-09 09:28:00.000000000,1725845280000000000,513.0,513.1,512.8,513.1,74,24196,24213
2024-09-09 09:29:00.000000000,1725845340000000000,513.1,513.2,512.9,513.1,93,24213,24198
2024-09-09 09:30:00.000000000,1725845400000000000,513.1,513.2,512.9,513.0,111,24198,24173
2024-09-09 09:31:00.000000000,1725845460000000000,513.0,513.5,512.9,513.2,153,24173,24140
2024-09-09 09:32:00.000000000,1725845520000000000,513.2,513.2,512.8,512.8,107,24140,24109
2024-09-09 09:33:00.000000000,1725845580000000000,512.8,512.8,512.5,512.7,161,24109,24131
2024-09-09 09:34:00.000000000,1725845640000000000,512.7,512.8,512.5,512.5,69,24131,24113
2024-09-09 09:35:00.000000000,1725845700000000000,512.5,512.7,512.4,512.6,104,24113,24074
2024-09-09 09:36:00.000000000,1725845760000000000,512.6,513.4,512.5,513.4,240,24074,24086
2024-09-09 09:37:00.000000000,1725845820000000000,513.4,513.4,513.0,513.2,97,24086,24070
2024-09-09 09:38:00.000000000,1725845880000000000,513.2,513.2,512.6,512.6,149,24070,24040
2024-09-09 09:39:00.000000000,1725845940000000000,512.6,513.0,512.5,513.0,101,24040,24039
2024-09-09 09:40:00.000000000,1725846000000000000,513.0,513.0,512.8,513.0,115,24039,24032
2024-09-09 09:41:00.000000000,1725846060000000000,513.0,513.1,512.8,513.1,64,24032,24026
2024-09-09 09:42:00.000000000,1725846120000000000,513.1,513.4,513.0,513.0,190,24026,24029
2024-09-09 09:43:00.000000000,1725846180000000000,513.0,513.4,512.7,513.4,199,24029,23980
2024-09-09 09:44:00.000000000,1725846240000000000,513.4,513.5,513.3,513.3,126,23980,23973
2024-09-09 09:45:00.000000000,1725846300000000000,513.3,513.3,513.0,513.2,142,23973,23952
2024-09-09 09:46:00.000000000,1725846360000000000,513.2,513.7,513.1,513.2,242,23952,23873
2024-09-09 09:47:00.000000000,1725846420000000000,513.2,513.8,513.2,513.6,101,23873,23865
2024-09-09 09:48:00.000000000,1725846480000000000,513.6,513.8,513.4,513.4,117,23865,23837
2024-09-09 09:49:00.000000000,1725846540000000000,513.4,513.6,512.9,513.1,147,23837,23834
2024-09-09 09:50:00.000000000,1725846600000000000,513.1,513.1,512.6,513.0,167,23834,23845
2024-09-09 09:51:00.000000000,1725846660000000000,513.0,513.1,512.6,512.7,122,23845,23840
2024-09-09 09:52:00.000000000,1725846720000000000,512.7,512.9,512.7,512.9,101,23840,23840
2024-09-09 09:53:00.000000000,1725846780000000000,512.9,512.9,512.6,512.8,102,23840,23838
2024-09-09 09:54:00.000000000,1725846840000000000,512.8,512.8,512.5,512.5,73,23838,23812
2024-09-09 09:55:00.000000000,1725846900000000000,512.5,512.5,512.2,512.2,151,23812,23784
2024-09-09 09:56:00.000000000,1725846960000000000,512.2,512.3,511.9,512.0,239,23784,23785
2024-09-09 09:57:00.000000000,1725847020000000000,512.0,512.7,512.0,512.3,249,23785,23750
2024-09-09 09:58:00.000000000,1725847080000000000,512.3,512.3,511.8,511.8,206,23750,23792
2024-09-09 09:59:00.000000000,1725847140000000000,511.8,511.9,511.7,511.8,255,23792,23778
2024-09-09 10:00:00.000000000,1725847200000000000,511.8,512.0,511.7,511.7,165,23778,23782
2024-09-09 10:01:00.000000000,1725847260000000000,511.7,512.4,511.7,512.3,233,23782,23782
2024-09-09 10:02:00.000000000,1725847320000000000,512.3,512.7,512.1,512.6,154,23782,23773
2024-09-09 10:03:00.000000000,1725847380000000000,512.6,513.2,512.6,513.1,270,23773,23732
2024-09-09 10:04:00.000000000,1725847440000000000,513.1,513.4,513.1,513.3,149,23732,23681
2024-09-09 10:05:00.000000000,1725847500000000000,513.3,514.0,513.3,513.8,393,23681,23639
2024-09-09 10:06:00.000000000,1725847560000000000,513.8,514.0,513.6,513.7,170,23639,23635
2024-09-09 10:07:00.000000000,1725847620000000000,513.7,513.7,513.4,513.4,121,23635,23629
2024-09-09 10:08:00.000000000,1725847680000000000,513.4,513.6,513.4,513.5,86,23629,23612
2024-09-09 10:09:00.000000000,1725847740000000000,513.5,513.7,513.4,513.6,65,23612,23606
2024-09-09 10:10:00.000000000,1725847800000000000,513.6,513.6,513.3,513.4,62,23606,23588
2024-09-09 10:11:00.000000000,1725847860000000000,513.4,513.6,513.3,513.4,40,23588,23586
2024-09-09 10:12:00.000000000,1725847920000000000,513.4,513.4,513.3,513.3,65,23586,23579
2024-09-09 10:13:00.000000000,1725847980000000000,513.3,513.7,513.3,513.7,58,23579,23586
2024-09-09 10:14:00.000000000,1725848040000000000,513.7,513.8,513.4,513.7,119,23586,23555
2024-09-09 10:30:00.000000000,1725849000000000000,513.2,513.3,512.8,512.8,306,23555,23496
2024-09-09 10:31:00.000000000,1725849060000000000,512.8,513.1,512.8,512.9,110,23496,23489
2024-09-09 10:32:00.000000000,1725849120000000000,512.9,513.0,512.7,512.7,92,23489,23506
2024-09-09 10:33:00.000000000,1725849180000000000,512.7,512.8,512.6,512.7,78,23506,23503
2024-09-09 10:34:00.000000000,1725849240000000000,512.7,512.7,512.5,512.7,72,23503,23480
2024-09-09 10:35:00.000000000,1725849300000000000,512.7,513.1,512.7,512.9,115,23480,23440
2024-09-09 10:36:00.000000000,1725849360000000000,512.9,512.9,512.7,512.8,67,23440,23443
2024-09-09 10:37:00.000000000,1725849420000000000,512.8,513.0,512.8,513.0,39,23443,23439
2024-09-09 10:38:00.000000000,1725849480000000000,513.0,513.1,512.9,513.1,43,23439,23432
2024-09-09 10:39:00.000000000,1725849540000000000,513.1,513.2,513.1,513.1,26,23432,23435
2024-09-09 10:40:00.000000000,1725849600000000000,513.1,513.3,512.9,512.9,61,23435,23437
2024-09-09 10:41:00.000000000,1725849660000000000,512.9,513.2,512.9,513.2,35,23437,23440
2024-09-09 10:42:00.000000000,1725849720000000000,513.2,513.4,513.1,513.3,72,23440,23442
2024-09-09 10:43:00.000000000,1725849780000000000,513.3,513.4,512.9,512.9,44,23442,23438
2024-09-09 10:44:00.000000000,1725849840000000000,512.9,512.9,512.7,512.9,46,23438,23450
2024-09-09 10:45:00.000000000,1725849900000000000,512.9,513.1,512.7,513.1,54,23450,23447
2024-09-09 10:46:00.000000000,1725849960000000000,513.1,513.1,512.8,512.9,38,23447,23441
2024-09-09 10:47:00.000000000,1725850020000000000,512.9,513.0,512.8,512.9,39,23441,23454
2024-09-09 10:48:00.000000000,1725850080000000000,512.9,512.9,512.4,512.6,199,23454,23467
2024-09-09 10:49:00.000000000,1725850140000000000,512.6,512.7,512.5,512.6,65,23467,23458
2024-09-09 10:50:00.000000000,1725850200000000000,512.6,512.7,512.4,512.5,78,23458,23459
2024-09-09 10:51:00.000000000,1725850260000000000,512.5,512.5,512.0,512.1,148,23459,23444
2024-09-09 10:52:00.000000000,1725850320000000000,512.1,512.2,511.9,512.1,164,23444,23428
2024-09-09 10:53:00.000000000,1725850380000000000,512.1,512.1,511.9,512.0,73,23428,23424
2024-09-09 10:54:00.000000000,1725850440000000000,512.0,512.2,511.9,512.1,89,23424,23438
2024-09-09 10:55:00.000000000,1725850500000000000,512.1,512.1,511.9,512.1,106,23438,23423
2024-09-09 10:56:00.000000000,1725850560000000000,512.1,512.3,512.1,512.2,40,23423,23420
2024-09-09 10:57:00.000000000,1725850620000000000,512.2,512.3,512.1,512.2,91,23420,23410
2024-09-09 10:58:00.000000000,1725850680000000000,512.2,512.5,512.2,512.3,87,23410,23420
2024-09-09 10:59:00.000000000,1725850740000000000,512.3,512.3,512.0,512.1,86,23420,23416
2024-09-09 11:00:00.000000000,1725850800000000000,512.1,512.5,512.0,512.3,87,23416,23409
2024-09-09 11:01:00.000000000,1725850860000000000,512.3,512.3,512.0,512.1,68,23409,23441
2024-09-09 11:02:00.000000000,1725850920000000000,512.1,512.3,512.0,512.3,27,23441,23438
2024-09-09 11:03:00.000000000,1725850980000000000,512.3,512.5,512.3,512.4,46,23438,23427
2024-09-09 11:04:00.000000000,1725851040000000000,512.4,512.4,512.3,512.3,35,23427,23426
2024-09-09 11:05:00.000000000,1725851100000000000,512.3,512.5,512.3,512.4,37,23426,23419
2024-09-09 11:06:00.000000000,1725851160000000000,512.4,512.5,512.3,512.3,25,23419,23410
2024-09-09 11:07:00.000000000,1725851220000000000,512.3,512.6,512.3,512.5,51,23410,23394
2024-09-09 11:08:00.000000000,1725851280000000000,512.5,512.8,512.4,512.8,51,23394,23385
2024-09-09 11:09:00.000000000,1725851340000000000,512.8,513.0,512.7,512.9,49,23385,23371
2024-09-09 11:10:00.000000000,1725851400000000000,512.9,513.2,512.9,513.1,83,23371,23362
2024-09-09 11:11:00.000000000,1725851460000000000,513.1,513.2,512.9,513.2,67,23362,23350
2024-09-09 11:12:00.000000000,1725851520000000000,513.2,513.3,513.1,513.3,58,23350,23349
2024-09-09 11:13:00.000000000,1725851580000000000,513.3,513.5,513.2,513.5,141,23349,23325
2024-09-09 11:14:00.000000000,1725851640000000000,513.5,514.6,513.5,514.4,846,23325,23119
2024-09-09 11:15:00.000000000,1725851700000000000,514.4,515.2,514.3,514.8,608,23119,23060
2024-09-09 11:16:00.000000000,1725851760000000000,514.8,514.9,514.2,514.4,373,23060,23104
2024-09-09 11:17:00.000000000,1725851820000000000,514.4,514.4,513.7,513.8,176,23104,23083
2024-09-09 11:18:00.000000000,1725851880000000000,513.8,513.9,513.4,513.9,177,23083,23057
2024-09-09 11:19:00.000000000,1725851940000000000,513.9,514.2,513.8,513.8,77,23057,23070
2024-09-09 11:20:00.000000000,1725852000000000000,513.8,514.3,513.8,514.0,152,23070,23088
2024-09-09 11:21:00.000000000,1725852060000000000,514.0,514.0,513.6,513.6,77,23088,23099
2024-09-09 11:22:00.000000000,1725852120000000000,513.6,513.7,513.2,513.3,91,23099,23071
2024-09-09 11:23:00.000000000,1725852180000000000,513.3,513.5,513.1,513.1,68,23071,23054
2024-09-09 11:24:00.000000000,1725852240000000000,513.1,513.1,512.7,512.9,129,23054,23050
2024-09-09 11:25:00.000000000,1725852300000000000,512.9,512.9,512.5,512.6,183,23050,23015
2024-09-09 11:26:00.000000000,1725852360000000000,512.6,512.8,512.5,512.6,110,23015,23005
2024-09-09 11:27:00.000000000,1725852420000000000,512.6,512.7,512.4,512.6,112,23005,22977
2024-09-09 11:28:00.000000000,1725852480000000000,512.6,512.6,512.2,512.3,76,22977,22964
2024-09-09 11:29:00.000000000,1725852540000000000,512.3,512.4,511.3,511.4,407,22964,22950
2024-09-09 13:30:00.000000000,1725859800000000000,511.6,512.4,511.6,512.1,516,22950,22967
2024-09-09 13:31:00.000000000,1725859860000000000,512.1,512.4,512.0,512.4,145,22967,22953
2024-09-09 13:32:00.000000000,1725859920000000000,512.4,512.6,512.3,512.3,174,22953,22915
2024-09-09 13:33:00.000000000,1725859980000000000,512.3,512.4,512.0,512.1,120,22915,22910
2024-09-09 13:34:00.000000000,1725860040000000000,512.1,512.2,511.7,511.8,183,22910,22936
2024-09-09 13:35:00.000000000,1725860100000000000,511.8,511.8,510.9,511.0,912,22936,23318
2024-09-09 13:36:00.000000000,1725860160000000000,511.0,511.1,510.9,511.0,244,23318,23354
2024-09-09 13:37:00.000000000,1725860220000000000,511.0,511.3,510.9,511.3,179,23354,23368
2024-09-09 13:38:00.000000000,1725860280000000000,511.3,511.3,511.1,511.1,139,23368,23378
2024-09-09 13:39:00.000000000,1725860340000000000,511.1,511.4,511.1,511.2,106,23378,23387
2024-09-09 13:40:00.000000000,1725860400000000000,511.2,511.3,511.1,511.1,86,23387,23397
2024-09-09 13:41:00.000000000,1725860460000000000,511.1,511.2,510.7,510.7,245,23397,23382
2024-09-09 13:42:00.000000000,1725860520000000000,510.7,511.1,510.7,511.0,188,23382,23416
2024-09-09 13:43:00.000000000,1725860580000000000,511.0,511.0,510.7,510.7,57,23416,23421
2024-09-09 13:44:00.000000000,1725860640000000000,510.7,510.9,510.4,510.6,157,23421,23414
2024-09-09 13:45:00.000000000,1725860700000000000,510.6,510.7,510.3,510.4,233,23414,23444
2024-09-09 13:46:00.000000000,1725860760000000000,510.4,510.5,509.7,509.7,268,23444,23446
2024-09-09 13:47:00.000000000,1725860820000000000,509.7,509.9,509.5,509.6,305,23446,23470
2024-09-09 13:48:00.000000000,1725860880000000000,509.6,509.7,509.3,509.6,471,23470,23624
2024-09-09 13:49:00.000000000,1725860940000000000,509.6,510.2,509.6,510.1,344,23624,23559
2024-09-09 13:50:00.000000000,1725861000000000000,510.1,510.4,510.0,510.1,128,23559,23564
2024-09-09 13:51:00.000000000,1725861060000000000,510.1,510.1,509.7,509.9,112,23564,23592
2024-09-09 13:52:00.000000000,1725861120000000000,509.9,509.9,509.8,509.8,89,23592,23589
2024-09-09 13:53:00.000000000,1725861180000000000,509.8,510.2,509.8,510.2,75,23589,23589
2024-09-09 13:54:00.000000000,1725861240000000000,510.2,510.2,509.8,510.0,82,23589,23597
2024-09-09 13:55:00.000000000,1725861300000000000,510.0,510.1,509.8,509.8,62,23597,23598
2024-09-09 13:56:00.000000000,1725861360000000000,509.8,509.9,509.6,509.6,83,23598,23602
2024-09-09 13:57:00.000000000,1725861420000000000,509.6,510.1,509.6,509.9,140,23602,23610
2024-09-09 13:58:00.000000000,1725861480000000000,509.9,510.1,509.8,509.9,88,23610,23608
2024-09-09 13:59:00.000000000,1725861540000000000,509.9,510.1,509.8,510.1,132,23608,23654
2024-09-09 14:00:00.000000000,1725861600000000000,510.1,510.1,509.7,510.0,118,23654,23657
2024-09-09 14:01:00.000000000,1725861660000000000,510.0,510.3,509.8,510.2,114,23657,23663
2024-09-09 14:02:00.000000000,1725861720000000000,510.2,510.7,510.2,510.7,425,23663,23538
2024-09-09 14:03:00.000000000,1725861780000000000,510.7,511.1,510.6,511.1,300,23538,23465
2024-09-09 14:04:00.000000000,1725861840000000000,511.1,511.9,511.0,511.8,451,23465,23346
2024-09-09 14:05:00.000000000,1725861900000000000,511.8,511.8,511.0,511.0,282,23346,23278
2024-09-09 14:06:00.000000000,1725861960000000000,511.0,511.6,510.7,510.7,201,23278,23264
2024-09-09 14:07:00.000000000,1725862020000000000,510.7,511.0,510.3,511.0,241,23264,23261
2024-09-09 14:08:00.000000000,1725862080000000000,511.0,511.2,510.9,511.1,70,23261,23257
2024-09-09 14:09:00.000000000,1725862140000000000,511.1,511.6,510.9,511.1,241,23257,23204
2024-09-09 14:10:00.000000000,1725862200000000000,511.1,511.4,511.1,511.1,105,23204,23217
2024-09-09 14:11:00.000000000,1725862260000000000,511.1,511.3,511.1,511.1,48,23217,23220
2024-09-09 14:12:00.000000000,1725862320000000000,511.1,511.1,511.0,511.1,101,23220,23218
2024-09-09 14:13:00.000000000,1725862380000000000,511.1,511.5,511.1,511.4,115,23218,23230
2024-09-09 14:14:00.000000000,1725862440000000000,511.4,511.5,511.2,511.4,79,23230,23237
2024-09-09 14:15:00.000000000,1725862500000000000,511.4,511.4,510.8,510.9,174,23237,23300
2024-09-09 14:16:00.000000000,1725862560000000000,510.9,511.4,510.9,511.3,72,23300,23295
2024-09-09 14:17:00.000000000,1725862620000000000,511.3,511.5,511.2,511.5,131,23295,23289
2024-09-09 14:18:00.000000000,1725862680000000000,511.5,511.5,511.1,511.2,56,23289,23286
2024-09-09 14:19:00.000000000,1725862740000000000,511.2,511.5,511.2,511.3,46,23286,23291
2024-09-09 14:20:00.000000000,1725862800000000000,511.3,511.8,511.3,511.4,80,23291,23275
2024-09-09 14:21:00.000000000,1725862860000000000,511.4,511.6,511.2,511.5,84,23275,23267
2024-09-09 14:22:00.000000000,1725862920000000000,511.5,511.7,511.4,511.5,60,23267,23269
2024-09-09 14:23:00.000000000,1725862980000000000,511.5,511.5,511.3,511.4,36,23269,23260
2024-09-09 14:24:00.000000000,1725863040000000000,511.4,511.5,511.1,511.1,93,23260,23242
2024-09-09 14:25:00.000000000,1725863100000000000,511.1,511.5,511.1,511.4,55,23242,23227
2024-09-09 14:26:00.000000000,1725863160000000000,511.4,511.6,511.4,511.4,73,23227,23221
2024-09-09 14:27:00.000000000,1725863220000000000,511.4,511.4,511.0,511.2,91,23221,23212
2024-09-09 14:28:00.000000000,1725863280000000000,511.2,511.7,511.2,511.6,113,23212,23184
2024-09-09 14:29:00.000000000,1725863340000000000,511.6,511.8,511.5,511.6,84,23184,23185
2024-09-09 14:30:00.000000000,1725863400000000000,511.6,511.9,511.6,511.9,106,23185,23172
2024-09-09 14:31:00.000000000,1725863460000000000,511.9,512.2,511.9,512.1,192,23172,23145
2024-09-09 14:32:00.000000000,1725863520000000000,512.1,512.1,511.6,511.6,96,23145,23131
2024-09-09 14:33:00.000000000,1725863580000000000,511.6,511.8,511.4,511.7,103,23131,23134
2024-09-09 14:34:00.000000000,1725863640000000000,511.7,511.8,511.4,511.7,70,23134,23118
2024-09-09 14:35:00.000000000,1725863700000000000,511.7,511.7,511.5,511.6,43,23118,23105
2024-09-09 14:36:00.000000000,1725863760000000000,511.6,511.9,511.5,511.7,166,23105,23064
2024-09-09 14:37:00.000000000,1725863820000000000,511.7,511.8,511.6,511.6,48,23064,23055
2024-09-09 14:38:00.000000000,1725863880000000000,511.6,511.7,511.3,511.4,79,23055,23060
2024-09-09 14:39:00.000000000,1725863940000000000,511.4,511.6,511.4,511.6,43,23060,23048
2024-09-09 14:40:00.000000000,1725864000000000000,511.6,511.9,511.6,511.8,91,23048,23037
2024-09-09 14:41:00.000000000,1725864060000000000,511.8,511.9,511.5,511.8,47,23037,23021
2024-09-09 14:42:00.000000000,1725864120000000000,511.8,512.0,511.8,511.9,123,23021,22986
2024-09-09 14:43:00.000000000,1725864180000000000,511.9,511.9,511.3,511.3,76,22986,22993
2024-09-09 14:44:00.000000000,1725864240000000000,511.3,511.3,511.2,511.3,85,22993,22999
2024-09-09 14:45:00.000000000,1725864300000000000,511.3,511.4,510.9,511.2,185,22999,22992
2024-09-09 14:46:00.000000000,1725864360000000000,511.2,511.3,510.9,511.3,119,22992,23003
2024-09-09 14:47:00.000000000,1725864420000000000,511.3,511.8,511.2,511.7,206,23003,22940
2024-09-09 14:48:00.000000000,1725864480000000000,511.7,512.2,511.7,512.1,223,22940,22890
2024-09-09 14:49:00.000000000,1725864540000000000,512.1,512.2,511.8,512.0,117,22890,22856
2024-09-09 14:50:00.000000000,1725864600000000000,512.0,512.5,511.9,512.4,339,22856,22738
2024-09-09 14:51:00.000000000,1725864660000000000,512.4,512.7,512.3,512.7,103,22738,22748
2024-09-09 14:52:00.000000000,1725864720000000000,512.7,512.9,512.5,512.8,178,22748,22722
2024-09-09 14:53:00.000000000,1725864780000000000,512.8,513.2,512.7,513.1,356,22722,22647
2024-09-09 14:54:00.000000000,1725864840000000000,513.1,513.2,512.7,512.8,119,22647,22616
2024-09-09 14:55:00.000000000,1725864900000000000,512.8,513.0,512.6,512.9,166,22616,22547
2024-09-09 14:56:00.000000000,1725864960000000000,512.9,513.0,512.8,513.0,119,22547,22520
2024-09-09 14:57:00.000000000,1725865020000000000,513.0,513.0,512.7,512.9,127,22520,22467
2024-09-09 14:58:00.000000000,1725865080000000000,512.9,513.0,512.7,512.8,276,22467,22384
2024-09-09 14:59:00.000000000,1725865140000000000,512.8,512.9,512.6,512.6,501,22384,22420
2024-09-09 21:00:00.000000000,1725886800000000000,510.1,510.6,508.6,509.7,1602,22420,22511
2024-09-09 21:01:00.000000000,1725886860000000000,509.7,510.9,509.6,510.5,714,22511,22503
2024-09-09 21:02:00.000000000,1725886920000000000,510.5,510.9,510.3,510.6,452,22503,22489
2024-09-09 21:03:00.000000000,1725886980000000000,510.6,510.7,509.8,509.9,483,22489,22502
2024-09-09 21:04:00.000000000,1725887040000000000,509.9,510.3,508.9,509.0,625,22502,22558
2024-09-09 21:05:00.000000000,1725887100000000000,509.0,509.9,508.7,509.8,857,22558,22667
2024-09-09 21:06:00.000000000,1725887160000000000,509.8,509.9,509.3,509.6,311,22667,22674
2024-09-09 21:07:00.000000000,1725887220000000000,509.6,509.9,509.6,509.7,197,22674,22674
2024-09-09 21:08:00.000000000,1725887280000000000,509.7,509.9,509.0,509.3,437,22674,22698
2024-09-09 21:09:00.000000000,1725887340000000000,509.3,509.3,508.1,508.2,685,22698,22809
2024-09-09 21:10:00.000000000,1725887400000000000,508.2,508.6,508.1,508.5,574,22809,22803
2024-09-09 21:11:00.000000000,1725887460000000000,508.5,508.8,508.2,508.2,386,22803,22825
2024-09-09 21:12:00.000000000,1725887520000000000,508.2,508.6,507.5,507.5,782,22825,22907
2024-09-09 21:13:00.000000000,1725887580000000000,507.5,507.6,506.8,507.6,836,22907,22922
2024-09-09 21:14:00.000000000,1725887640000000000,507.6,508.1,507.5,508.0,939,22922,22864
2024-09-09 21:15:00.000000000,1725887700000000000,508.0,508.1,507.8,507.8,423,22864,22838
2024-09-09 21:16:00.000000000,1725887760000000000,507.8,508.5,507.7,508.4,451,22838,22824
2024-09-09 21:17:00.000000000,1725887820000000000,508.4,508.4,507.2,507.7,455,22824,22853
2024-09-09 21:18:00.000000000,1725887880000000000,507.7,508.1,507.5,507.9,353,22853,22864
2024-09-09 21:19:00.000000000,1725887940000000000,507.9,508.8,507.7,508.2,511,22864,22864
2024-09-09 21:20:00.000000000,1725888000000000000,508.2,508.5,508.1,508.5,240,22864,22849
2024-09-09 21:21:00.000000000,1725888060000000000,508.5,508.6,508.1,508.5,277,22849,22817
2024-09-09 21:22:00.000000000,1725888120000000000,508.5,508.6,507.7,507.8,343,22817,22841
2024-09-09 21:23:00.000000000,1725888180000000000,507.8,508.0,507.8,507.9,258,22841,22870
2024-09-09 21:24:00.000000000,1725888240000000000,507.9,508.0,507.4,507.7,285,22870,22871
2024-09-09 21:25:00.000000000,1725888300000000000,507.7,507.9,507.2,507.4,362,22871,22920
2024-09-09 21:26:00.000000000,1725888360000000000,507.4,507.5,506.7,507.2,510,22920,22981
2024-09-09 21:27:00.000000000,1725888420000000000,507.2,507.3,506.6,506.7,341,22981,23015
2024-09-09 21:28:00.000000000,1725888480000000000,506.7,507.0,506.6,506.9,328,23015,23052
2024-09-09 21:29:00.000000000,1725888540000000000,506.9,507.1,506.8,506.9,185,23052,23025
2024-09-09 21:30:00.000000000,1725888600000000000,506.9,506.9,506.1,506.5,673,23025,23021
2024-09-09 21:31:00.000000000,1725888660000000000,506.5,507.5,506.5,507.0,562,23021,22985
2024-09-09 21:32:00.000000000,1725888720000000000,507.0,507.6,507.0,507.4,351,22985,22976
2024-09-09 21:33:00.000000000,1725888780000000000,507.4,507.4,507.0,507.2,196,22976,22978
2024-09-09 21:34:00.000000000,1725888840000000000,507.2,507.4,507.0,507.2,195,22978,22988
2024-09-09 21:35:00.000000000,1725888900000000000,507.2,508.5,507.2,508.3,768,22988,22934
2024-09-09 21:36:00.000000000,1725888960000000000,508.3,509.2,508.3,509.2,719,22934,22874
2024-09-09 21:37:00.000000000,1725889020000000000,509.2,509.2,508.5,508.6,421,22874,22821
2024-09-09 21:38:00.000000000,1725889080000000000,508.6,508.6,507.9,507.9,462,22821,22789
2024-09-09 21:39:00.000000000,1725889140000000000,507.9,508.1,507.4,507.4,437,22789,22795
2024-09-09 21:40:00.000000000,1725889200000000000,507.4,507.5,506.5,506.5,613,22795,22823
2024-09-09 21:41:00.000000000,1725889260000000000,506.5,506.9,505.9,506.8,793,22823,22838
2024-09-09 21:42:00.000000000,1725889320000000000,506.8,507.2,506.3,506.5,396,22838,22901
2024-09-09 21:43:00.000000000,1725889380000000000,506.5,506.8,505.8,506.4,530,22901,22888
2024-09-09 21:44:00.000000000,1725889440000000000,506.4,506.4,505.5,505.7,516,22888,22927
2024-09-09 21:45:00.000000000,1725889500000000000,505.7,505.8,505.3,505.6,538,22927,23001
2024-09-09 21:46:00.000000000,1725889560000000000,505.6,505.6,504.9,505.4,617,23001,23066
2024-09-09 21:47:00.000000000,1725889620000000000,505.4,505.7,505.3,505.7,356,23066,23102
2024-09-09 21:48:00.000000000,1725889680000000000,505.7,506.1,505.1,505.2,502,23102,23139
2024-09-09 21:49:00.000000000,1725889740000000000,505.2,505.9,505.2,505.7,336,23139,23089
2024-09-09 21:50:00.000000000,1725889800000000000,505.7,506.1,505.3,506.0,364,23089,23098
2024-09-09 21:51:00.000000000,1725889860000000000,506.0,506.3,505.1,505.1,547,23098,23063
2024-09-09 21:52:00.000000000,1725889920000000000,505.1,505.6,505.1,505.6,405,23063,23136
2024-09-09 21:53:00.000000000,1725889980000000000,505.6,506.2,505.5,505.8,330,23136,23155
2024-09-09 21:54:00.000000000,1725890040000000000,505.8,505.8,504.5,504.6,602,23155,23185
2024-09-09 21:55:00.000000000,1725890100000000000,504.6,505.0,504.3,504.9,628,23185,23195
2024-09-09 21:56:00.000000000,1725890160000000000,504.9,505.9,504.9,505.7,526,23195,23195
2024-09-09 21:57:00.000000000,1725890220000000000,505.7,505.8,505.4,505.8,306,23195,23189
2024-09-09 21:58:00.000000000,1725890280000000000,505.8,506.6,505.8,505.8,607,23189,23114
2024-09-09 21:59:00.000000000,1725890340000000000,505.8,506.3,505.8,506.2,223,23114,23105
2024-09-09 22:00:00.000000000,1725890400000000000,506.2,507.0,506.2,506.8,745,23105,22992
2024-09-09 22:01:00.000000000,1725890460000000000,506.8,507.7,506.6,507.4,635,22992,22937
2024-09-09 22:02:00.000000000,1725890520000000000,507.4,507.5,506.8,507.0,413,22937,22978
2024-09-09 22:03:00.000000000,1725890580000000000,507.0,508.1,507.0,507.8,791,22978,23000
2024-09-09 22:04:00.000000000,1725890640000000000,507.8,508.5,507.8,508.0,572,23000,23027
2024-09-09 22:05:00.000000000,1725890700000000000,508.0,508.3,507.8,508.3,532,23027,23043
2024-09-09 22:06:00.000000000,1725890760000000000,508.3,508.6,508.2,508.2,572,23043,23075
2024-09-09 22:07:00.000000000,1725890820000000000,508.2,508.2,507.9,507.9,424,23075,23072
2024-09-09 22:08:00.000000000,1725890880000000000,507.9,508.1,507.4,507.9,385,23072,23043
2024-09-09 22:09:00.000000000,1725890940000000000,507.9,507.9,507.5,507.8,406,23043,23069
2024-09-09 22:10:00.000000000,1725891000000000000,507.8,508.3,507.2,507.6,419,23069,23076
2024-09-09 22:11:00.000000000,1725891060000000000,507.6,508.4,507.5,507.6,459,23076,23068
2024-09-09 22:12:00.000000000,1725891120000000000,507.6,507.9,507.5,507.9,209,23068,23038
2024-09-09 22:13:00.000000000,1725891180000000000,507.9,508.2,507.6,508.1,215,23038,23041
2024-09-09 22:14:00.000000000,1725891240000000000,508.1,508.5,508.0,508.5,330,23041,23081
2024-09-09 22:15:00.000000000,1725891300000000000,508.5,508.9,508.1,508.8,426,23081,23089
2024-09-09 22:16:00.000000000,1725891360000000000,508.8,509.4,508.6,508.7,681,23089,23041
2024-09-09 22:17:00.000000000,1725891420000000000,508.7,508.9,508.5,508.8,255,23041,23021
2024-09-09 22:18:00.000000000,1725891480000000000,508.8,508.9,508.2,508.3,308,23021,22975
2024-09-09 22:19:00.000000000,1725891540000000000,508.3,508.3,507.9,508.0,278,22975,22923
2024-09-09 22:20:00.000000000,1725891600000000000,508.0,508.5,507.5,508.4,458,22923,22926
2024-09-09 22:21:00.000000000,1725891660000000000,508.4,508.4,507.7,507.7,237,22926,22958
2024-09-09 22:22:00.000000000,1725891720000000000,507.7,507.7,507.2,507.6,307,22958,22937
2024-09-09 22:23:00.000000000,1725891780000000000,507.6,508.4,507.2,508.4,584,22937,23011
2024-09-09 22:24:00.000000000,1725891840000000000,508.4,508.5,508.1,508.1,360,23011,23030
2024-09-09 22:25:00.000000000,1725891900000000000,508.1,509.3,508.1,509.3,611,23030,23039
2024-09-09 22:26:00.000000000,1725891960000000000,509.3,509.3,508.9,509.1,334,23039,23035
2024-09-09 22:27:00.000000000,1725892020000000000,509.1,509.7,508.9,509.6,472,23035,23039
2024-09-09 22:28:00.000000000,1725892080000000000,509.6,510.3,509.6,510.1,669,23039,23024
2024-09-09 22:29:00.000000000,1725892140000000000,510.1,510.1,509.3,509.7,532,23024,22961
2024-09-09 22:30:00.000000000,1725892200000000000,509.7,510.2,509.6,510.1,407,22961,22967
2024-09-09 22:31:00.000000000,1725892260000000000,510.1,510.2,509.7,510.2,248,22967,23015
2024-09-09 22:32:00.000000000,1725892320000000000,510.2,511.2,510.0,510.7,600,23015,23026
2024-09-09 22:33:00.000000000,1725892380000000000,510.7,510.8,510.4,510.4,270,23026,23017
2024-09-09 22:34:00.000000000,1725892440000000000,510.4,510.6,509.8,510.4,474,23017,23060
2024-09-09 22:35:00.000000000,1725892500000000000,510.4,510.6,510.0,510.1,405,23060,23117
2024-09-09 22:36:00.000000000,1725892560000000000,510.1,510.7,509.8,510.5,376,23117,23143
2024-09-09 22:37:00.000000000,1725892620000000000,510.5,510.6,510.0,510.2,214,23143,23152
2024-09-09 22:38:00.000000000,1725892680000000000,510.2,510.4,509.7,510.3,269,23152,23150
2024-09-09 22:39:00.000000000,1725892740000000000,510.3,511.3,510.2,510.5,584,23150,23152
2024-09-09 22:40:00.000000000,1725892800000000000,510.5,510.6,509.9,510.1,379,23152,23162
2024-09-09 22:41:00.000000000,1725892860000000000,510.1,510.2,509.5,509.7,501,23162,23148
2024-09-09 22:42:00.000000000,1725892920000000000,509.7,510.0,509.2,510.0,564,23148,23074
2024-09-09 22:43:00.000000000,1725892980000000000,510.0,510.5,509.6,509.7,453,23074,23043
2024-09-09 22:44:00.000000000,1725893040000000000,509.7,509.9,509.3,509.3,280,23043,23031
2024-09-09 22:45:00.000000000,1725893100000000000,509.3,509.5,509.0,509.5,386,23031,23069
2024-09-09 22:46:00.000000000,1725893160000000000,509.5,509.9,509.4,509.8,213,23069,23063
2024-09-09 22:47:00.000000000,1725893220000000000,509.8,509.8,509.3,509.7,193,23063,23057
2024-09-09 22:48:00.000000000,1725893280000000000,509.7,510.6,509.7,510.4,399,23057,23058
2024-09-09 22:49:00.000000000,1725893340000000000,510.4,510.6,510.3,510.5,286,23058,23122
2024-09-09 22:50:00.000000000,1725893400000000000,510.5,511.5,510.3,510.8,503,23122,23135
2024-09-09 22:51:00.000000000,1725893460000000000,510.8,511.1,510.7,510.9,227,23135,23153
2024-09-09 22:52:00.000000000,1725893520000000000,510.9,511.2,510.7,511.0,210,23153,23155
2024-09-09 22:53:00.000000000,1725893580000000000,511.0,511.3,510.8,511.0,204,23155,23161
2024-09-09 22:54:00.000000000,1725893640000000000,511.0,511.6,511.0,511.2,515,23161,23217
2024-09-09 22:55:00.000000000,1725893700000000000,511.2,512.0,511.2,512.0,627,23217,23273
2024-09-09 22:56:00.000000000,1725893760000000000,512.0,512.0,511.4,511.5,459,23273,23276
2024-09-09 22:57:00.000000000,1725893820000000000,511.5,511.5,510.8,510.8,384,23276,23295
2024-09-09 22:58:00.000000000,1725893880000000000,510.8,511.3,510.6,511.3,353,23295,23244
2024-09-09 22:59:00.000000000,1725893940000000000,511.3,511.3,510.9,510.9,133,23244,23272
2024-09-09 23:00:00.000000000,1725894000000000000,510.9,511.5,510.9,511.5,356,23272,23383
2024-09-09 23:01:00.000000000,1725894060000000000,511.5,511.6,511.0,511.1,332,23383,23412
2024-09-09 23:02:00.000000000,1725894120000000000,511.1,511.5,510.9,511.3,233,23412,23473
2024-09-09 23:03:00.000000000,1725894180000000000,511.3,511.4,510.8,510.8,231,23473,23467
2024-09-09 23:04:00.000000000,1725894240000000000,510.8,510.8,510.5,510.5,332,23467,23447
2024-09-09 23:05:00.000000000,1725894300000000000,510.5,511.5,510.5,511.3,280,23447,23447
2024-09-09 23:06:00.000000000,1725894360000000000,511.3,511.3,511.0,511.0,144,23447,23476
2024-09-09 23:07:00.000000000,1725894420000000000,511.0,511.8,510.9,511.7,373,23476,23469
2024-09-09 23:08:00.000000000,1725894480000000000,511.7,511.7,511.2,511.2,196,23469,23476
2024-09-09 23:09:00.000000000,1725894540000000000,511.2,511.4,511.0,511.1,132,23476,23457
2024-09-09 23:10:00.000000000,1725894600000000000,511.1,511.1,510.3,510.4,425,23457,23466
2024-09-09 23:11:00.000000000,1725894660000000000,510.4,510.8,509.9,509.9,460,23466,23422
2024-09-09 23:12:00.000000000,1725894720000000000,509.9,510.2,509.7,510.0,444,23422,23417
2024-09-09 23:13:00.000000000,1725894780000000000,510.0,510.0,509.6,509.7,265,23417,23397
2024-09-09 23:14:00.000000000,1725894840000000000,509.7,509.8,509.5,509.6,271,23397,23402
2024-09-09 23:15:00.000000000,1725894900000000000,509.6,509.6,508.7,508.8,897,23402,23247
2024-09-09 23:16:00.000000000,1725894960000000000,508.8,509.3,508.8,509.3,394,23247,23242
2024-09-09 23:17:00.000000000,1725895020000000000,509.3,509.3,508.7,508.8,282,23242,23282
2024-09-09 23:18:00.000000000,1725895080000000000,508.8,508.8,508.0,508.0,534,23282,23277
2024-09-09 23:19:00.000000000,1725895140000000000,508.0,508.3,507.8,508.1,530,23277,23262
2024-09-09 23:20:00.000000000,1725895200000000000,508.1,508.2,507.5,507.6,480,23262,23219
2024-09-09 23:21:00.000000000,1725895260000000000,507.6,508.4,507.5,508.2,591,23219,23199
2024-09-09 23:22:00.000000000,1725895320000000000,508.2,508.4,507.8,507.9,287,23199,23222
2024-09-09 23:23:00.000000000,1725895380000000000,507.9,508.2,507.9,508.1,317,23222,23216
2024-09-09 23:24:00.000000000,1725895440000000000,508.1,508.7,507.8,508.7,589,23216,23342
2024-09-09 23:25:00.000000000,1725895500000000000,508.7,508.9,508.2,508.2,415,23342,23321
2024-09-09 23:26:00.000000000,1725895560000000000,508.2,508.5,508.0,508.0,286,23321,23353
2024-09-09 23:27:00.000000000,1725895620000000000,508.0,508.1,507.6,507.7,474,23353,23343
2024-09-09 23:28:00.000000000,1725895680000000000,507.7,508.0,507.6,508.0,178,23343,23354
2024-09-09 23:29:00.000000000,1725895740000000000,508.0,508.1,507.7,507.9,193,23354,23287
2024-09-09 23:30:00.000000000,1725895800000000000,507.9,508.7,507.8,508.7,409,23287,23337
2024-09-09 23:31:00.000000000,1725895860000000000,508.7,508.9,508.4,508.6,313,23337,23250
2024-09-09 23:32:00.000000000,1725895920000000000,508.6,508.6,508.0,508.1,128,23250,23225
2024-09-09 23:33:00.000000000,1725895980000000000,508.1,508.2,507.6,508.0,279,23225,23235
2024-09-09 23:34:00.000000000,1725896040000000000,508.0,508.1,507.5,507.6,284,23235,23288
2024-09-09 23:35:00.000000000,1725896100000000000,507.6,507.7,507.1,507.1,610,23288,23323
2024-09-09 23:36:00.000000000,1725896160000000000,507.1,507.7,507.1,507.6,213,23323,23324
2024-09-09 23:37:00.000000000,1725896220000000000,507.6,508.0,507.6,507.8,207,23324,23349
2024-09-09 23:38:00.000000000,1725896280000000000,507.8,508.4,507.8,508.0,272,23349,23310
2024-09-09 23:39:00.000000000,1725896340000000000,508.0,508.2,507.9,508.2,68,23310,23315
2024-09-09 23:40:00.000000000,1725896400000000000,508.2,508.2,507.8,508.2,170,23315,23333
2024-09-09 23:41:00.000000000,1725896460000000000,508.2,508.6,508.2,508.5,326,23333,23334
2024-09-09 23:42:00.000000000,1725896520000000000,508.5,509.2,508.5,509.0,499,23334,23290
2024-09-09 23:43:00.000000000,1725896580000000000,509.0,509.8,508.9,509.8,732,23290,23266
2024-09-09 23:44:00.000000000,1725896640000000000,509.8,510.2,509.7,510.1,501,23266,23290
2024-09-09 23:45:00.000000000,1725896700000000000,510.1,510.4,509.7,509.8,454,23290,23287
2024-09-09 23:46:00.000000000,1725896760000000000,509.8,509.8,509.4,509.6,311,23287,23239
2024-09-09 23:47:00.000000000,1725896820000000000,509.6,510.2,509.4,510.2,290,23239,23261
2024-09-09 23:48:00.000000000,1725896880000000000,510.2,510.3,509.8,510.3,246,23261,23279
2024-09-09 23:49:00.000000000,1725896940000000000,510.3,510.3,510.0,510.2,135,23279,23312
2024-09-09 23:50:00.000000000,1725897000000000000,510.2,510.5,510.1,510.3,239,23312,23305
2024-09-09 23:51:00.000000000,1725897060000000000,510.3,510.5,510.2,510.2,162,23305,23312
2024-09-09 23:52:00.000000000,1725897120000000000,510.2,510.5,510.0,510.3,257,23312,23344
2024-09-09 23:53:00.000000000,1725897180000000000,510.3,510.5,509.9,510.0,203,23344,23328
2024-09-09 23:54:00.000000000,1725897240000000000,510.0,510.5,510.0,510.4,155,23328,23383
2024-09-09 23:55:00.000000000,1725897300000000000,510.4,510.5,510.1,510.2,95,23383,23407
2024-09-09 23:56:00.000000000,1725897360000000000,510.2,510.7,510.2,510.7,259,23407,23424
2024-09-09 23:57:00.000000000,1725897420000000000,510.7,510.7,510.0,510.1,232,23424,23418
2024-09-09 23:58:00.000000000,1725897480000000000,510.1,510.3,510.0,510.0,101,23418,23412
2024-09-09 23:59:00.000000000,1725897540000000000,510.0,510.1,509.7,509.8,228,23412,23416
2024-09-10 00:00:00.000000000,1725897600000000000,509.8,509.9,509.0,509.8,645,23416,23410
2024-09-10 00:01:00.000000000,1725897660000000000,509.8,510.1,509.6,509.6,203,23410,23430
2024-09-10 00:02:00.000000000,1725897720000000000,509.6,510.1,509.5,510.1,121,23430,23425
2024-09-10 00:03:00.000000000,1725897780000000000,510.1,510.1,509.6,509.9,107,23425,23448
2024-09-10 00:04:00.000000000,1725897840000000000,509.9,510.0,509.7,510.0,81,23448,23445
2024-09-10 00:05:00.000000000,1725897900000000000,510.0,510.2,509.9,510.0,127,23445,23422
2024-09-10 00:06:00.000000000,1725897960000000000,510.0,510.1,509.8,509.8,97,23422,23411
2024-09-10 00:07:00.000000000,1725898020000000000,509.8,510.9,509.6,510.4,539,23411,23390
2024-09-10 00:08:00.000000000,1725898080000000000,510.4,510.7,510.4,510.5,146,23390,23402
2024-09-10 00:09:00.000000000,1725898140000000000,510.5,510.8,510.5,510.6,146,23402,23448
2024-09-10 00:10:00.000000000,1725898200000000000,510.6,510.8,510.3,510.3,188,23448,23457
2024-09-10 00:11:00.000000000,1725898260000000000,510.3,510.7,510.0,510.5,208,23457,23439
2024-09-10 00:12:00.000000000,1725898320000000000,510.5,510.8,510.4,510.8,84,23439,23439
2024-09-10 00:13:00.000000000,1725898380000000000,510.8,511.3,510.7,511.0,309,23439,23422
2024-09-10 00:14:00.000000000,1725898440000000000,511.0,511.0,510.6,510.7,156,23422,23431
2024-09-10 00:15:00.000000000,1725898500000000000,510.7,510.7,510.3,510.5,157,23431,23460
2024-09-10 00:16:00.000000000,1725898560000000000,510.5,511.0,510.5,510.8,181,23460,23469
2024-09-10 00:17:00.000000000,1725898620000000000,510.8,510.9,510.5,510.7,134,23469,23455
2024-09-10 00:18:00.000000000,1725898680000000000,510.7,510.7,510.5,510.7,85,23455,23466
2024-09-10 00:19:00.000000000,1725898740000000000,510.7,511.0,510.6,510.6,160,23466,23464
2024-09-10 00:20:00.000000000,1725898800000000000,510.6,510.7,510.0,510.2,300,23464,23454
2024-09-10 00:21:00.000000000,1725898860000000000,510.2,510.3,510.0,510.2,198,23454,23457
2024-09-10 00:22:00.000000000,1725898920000000000,510.2,510.4,510.2,510.3,57,23457,23456
2024-09-10 00:23:00.000000000,1725898980000000000,510.3,510.3,510.1,510.1,74,23456,23458
2024-09-10 00:24:00.000000000,1725899040000000000,510.1,510.3,510.0,510.2,125,23458,23492
2024-09-10 00:25:00.000000000,1725899100000000000,510.2,510.3,510.0,510.1,81,23492,23490
2024-09-10 00:26:00.000000000,1725899160000000000,510.1,510.7,510.1,510.6,234,23490,23461
2024-09-10 00:27:00.000000000,1725899220000000000,510.6,511.6,510.6,511.4,453,23461,23481
2024-09-10 00:28:00.000000000,1725899280000000000,511.4,511.4,511.1,511.3,177,23481,23485
2024-09-10 00:29:00.000000000,1725899340000000000,511.3,511.4,511.2,511.4,146,23485,23497
2024-09-10 00:30:00.000000000,1725899400000000000,511.4,511.6,511.4,511.5,201,23497,23496
2024-09-10 00:31:00.000000000,1725899460000000000,511.5,512.6,511.4,512.4,688,23496,23513
2024-09-10 00:32:00.000000000,1725899520000000000,512.4,512.4,512.0,512.0,264,23513,23551
2024-09-10 00:33:00.000000000,1725899580000000000,512.0,512.2,511.9,512.0,145,23551,23543
2024-09-10 00:34:00.000000000,1725899640000000000,512.0,512.7,512.0,512.5,249,23543,23541
2024-09-10 00:35:00.000000000,1725899700000000000,512.5,512.6,512.1,512.2,229,23541,23520
2024-09-10 00:36:00.000000000,1725899760000000000,512.2,512.3,512.0,512.3,120,23520,23531
2024-09-10 00:37:00.000000000,1725899820000000000,512.3,512.3,512.0,512.0,87,23531,23527
2024-09-10 00:38:00.000000000,1725899880000000000,512.0,512.1,511.9,511.9,110,23527,23530
2024-09-10 00:39:00.000000000,1725899940000000000,511.9,512.2,511.8,512.1,147,23530,23529
2024-09-10 00:40:00.000000000,1725900000000000000,512.1,512.1,511.8,512.0,138,23529,23546
2024-09-10 00:41:00.000000000,1725900060000000000,512.0,512.2,511.9,512.1,101,23546,23549
2024-09-10 00:42:00.000000000,1725900120000000000,512.1,512.3,512.1,512.3,62,23549,23545
2024-09-10 00:43:00.000000000,1725900180000000000,512.3,512.5,512.1,512.2,144,23545,23548
2024-09-10 00:44:00.000000000,1725900240000000000,512.2,512.4,512.1,512.2,76,23548,23567
2024-09-10 00:45:00.000000000,1725900300000000000,512.2,512.4,512.1,512.2,84,23567,23554
2024-09-10 00:46:00.000000000,1725900360000000000,512.2,512.8,512.2,512.6,337,23554,23544
2024-09-10 00:47:00.000000000,1725900420000000000,512.6,512.9,512.5,512.7,284,23544,23534
2024-09-10 00:48:00.000000000,1725900480000000000,512.7,512.9,512.6,512.9,159,23534,23518
2024-09-10 00:49:00.000000000,1725900540000000000,512.9,512.9,512.7,512.7,98,23518,23483
2024-09-10 00:50:00.000000000,1725900600000000000,512.7,512.9,512.5,512.9,171,23483,23475
2024-09-10 00:51:00.000000000,1725900660000000000,512.9,513.2,512.9,513.0,332,23475,23481
2024-09-10 00:52:00.000000000,1725900720000000000,513.0,513.4,512.7,512.9,467,23481,23482
2024-09-10 00:53:00.000000000,1725900780000000000,512.9,513.1,512.7,512.8,122,23482,23483
2024-09-10 00:54:00.000000000,1725900840000000000,512.8,512.9,512.7,512.8,96,23483,23463
2024-09-10 00:55:00.000000000,1725900900000000000,512.8,513.1,512.8,513.1,144,23463,23434
2024-09-10 00:56:00.000000000,1725900960000000000,513.1,513.3,512.9,513.0,172,23434,23428
2024-09-10 00:57:00.000000000,1725901020000000000,513.0,513.0,512.5,512.7,311,23428,23423
2024-09-10 00:58:00.000000000,1725901080000000000,512.7,512.9,512.7,512.8,90,23423,23428
2024-09-10 00:59:00.000000000,1725901140000000000,512.8,512.8,512.4,512.6,330,23428,23331
2024-09-10 01:00:00.000000000,1725901200000000000,512.6,512.8,512.4,512.5,212,23331,23304
2024-09-10 01:01:00.000000000,1725901260000000000,512.5,512.5,512.0,512.4,228,23304,23280
2024-09-10 01:02:00.000000000,1725901320000000000,512.4,512.7,512.4,512.6,99,23280,23270
2024-09-10 01:03:00.000000000,1725901380000000000,512.6,512.8,512.6,512.8,90,23270,23279
2024-09-10 01:04:00.000000000,1725901440000000000,512.8,512.8,512.5,512.6,60,23279,23274
2024-09-10 01:05:00.000000000,1725901500000000000,512.6,512.6,512.4,512.5,69,23274,23271
2024-09-10 01:06:00.000000000,1725901560000000000,512.5,512.5,511.8,511.8,186,23271,23281
2024-09-10 01:07:00.000000000,1725901620000000000,511.8,512.4,511.8,512.1,213,23281,23228
2024-09-10 01:08:00.000000000,1725901680000000000,512.1,512.3,512.1,512.2,57,23228,23228
2024-09-10 01:09:00.000000000,1725901740000000000,512.2,512.3,511.8,511.8,175,23228,23219
2024-09-10 01:10:00.000000000,1725901800000000000,511.8,511.8,511.3,511.6,415,23219,23185
2024-09-10 01:11:00.000000000,1725901860000000000,511.6,511.7,511.3,511.3,124,23185,23171
2024-09-10 01:12:00.000000000,1725901920000000000,511.3,511.5,511.3,511.3,132,23171,23171
2024-09-10 01:13:00.000000000,1725901980000000000,511.3,511.6,511.2,511.5,152,23171,23186
2024-09-10 01:14:00.000000000,1725902040000000000,511.5,511.6,511.3,511.5,64,23186,23171
2024-09-10 01:15:00.000000000,1725902100000000000,511.5,511.5,510.8,510.9,238,23171,23117
2024-09-10 01:16:00.000000000,1725902160000000000,510.9,511.0,510.6,510.8,199,23117,23062
2024-09-10 01:17:00.000000000,1725902220000000000,510.8,510.9,510.4,510.6,220,23062,23020
2024-09-10 01:18:00.000000000,1725902280000000000,510.6,510.7,510.4,510.7,98,23020,23018
2024-09-10 01:19:00.000000000,1725902340000000000,510.7,510.8,510.3,510.4,188,23018,22983
2024-09-10 01:20:00.000000000,1725902400000000000,510.4,510.4,509.7,510.1,409,22983,22976
2024-09-10 01:21:00.000000000,1725902460000000000,510.1,510.4,509.8,510.3,309,22976,22958
2024-09-10 01:22:00.000000000,1725902520000000000,510.3,510.6,510.3,510.6,114,22958,22939
2024-09-10 01:23:00.000000000,1725902580000000000,510.6,510.8,510.4,510.6,153,22939,22912
2024-09-10 01:24:00.000000000,1725902640000000000,510.6,510.7,510.4,510.4,94,22912,22899
2024-09-10 01:25:00.000000000,1725902700000000000,510.4,510.5,510.3,510.5,73,22899,22907
2024-09-10 01:26:00.000000000,1725902760000000000,510.5,510.8,510.4,510.8,99,22907,22895
2024-09-10 01:27:00.000000000,1725902820000000000,510.8,511.1,510.8,511.1,264,22895,22857
2024-09-10 01:28:00.000000000,1725902880000000000,511.1,511.6,511.0,511.5,218,22857,22857
2024-09-10 01:29:00.000000000,1725902940000000000,511.5,511.7,511.4,511.7,138,22857,22833
2024-09-10 01:30:00.000000000,1725903000000000000,511.7,511.7,511.4,511.5,123,22833,22824
2024-09-10 01:31:00.000000000,1725903060000000000,511.5,511.8,511.4,511.7,164,22824,22815
2024-09-10 01:32:00.000000000,1725903120000000000,511.7,511.7,511.3,511.3,80,22815,22827
2024-09-10 01:33:00.000000000,1725903180000000000,511.3,511.4,511.1,511.1,95,22827,22822
2024-09-10 01:34:00.000000000,1725903240000000000,511.1,511.4,511.0,511.4,112,22822,22826
2024-09-10 01:35:00.000000000,1725903300000000000,511.4,511.5,511.1,511.5,62,22826,22818
2024-09-10 01:36:00.000000000,1725903360000000000,511.5,511.7,511.3,511.6,69,22818,22823
2024-09-10 01:37:00.000000000,1725903420000000000,511.6,511.6,511.2,511.2,78,22823,22822
2024-09-10 01:38:00.000000000,1725903480000000000,511.2,511.4,511.2,511.3,38,22822,22824
2024-09-10 01:39:00.000000000,1725903540000000000,511.3,511.3,511.0,511.1,99,22824,22827
2024-09-10 01:40:00.000000000,1725903600000000000,511.1,511.3,511.0,511.2,55,22827,22824
2024-09-10 01:41:00.000000000,1725903660000000000,511.2,511.2,511.0,511.2,47,22824,22834
2024-09-10 01:42:00.000000000,1725903720000000000,511.2,511.2,510.9,510.9,62,22834,22846
2024-09-10 01:43:00.000000000,1725903780000000000,510.9,511.1,510.5,510.5,152,22846,22836
2024-09-10 01:44:00.000000000,1725903840000000000,510.5,510.6,510.4,510.6,124,22836,22822
2024-09-10 01:45:00.000000000,1725903900000000000,510.6,511.1,510.6,511.0,99,22822,22825
2024-09-10 01:46:00.000000000,1725903960000000000,511.0,511.2,510.9,511.1,53,22825,22822
2024-09-10 01:47:00.000000000,1725904020000000000,511.1,511.2,511.0,511.2,67,22822,22820
2024-09-10 01:48:00.000000000,1725904080000000000,511.2,511.3,511.1,511.1,51,22820,22825
2024-09-10 01:49:00.000000000,1725904140000000000,511.1,511.2,511.0,511.1,42,22825,22837
2024-09-10 01:50:00.000000000,1725904200000000000,511.1,511.2,511.0,511.2,55,22837,22836
2024-09-10 01:51:00.000000000,1725904260000000000,511.2,511.5,511.2,511.4,94,22836,22824
2024-09-10 01:52:00.000000000,1725904320000000000,511.4,511.7,511.4,511.6,107,22824,22825
2024-09-10 01:53:00.000000000,1725904380000000000,511.6,511.6,511.5,511.5,49,22825,22819
2024-09-10 01:54:00.000000000,1725904440000000000,511.5,511.7,511.5,511.5,42,22819,22822
2024-09-10 01:55:00.000000000,1725904500000000000,511.5,511.7,511.5,511.6,67,22822,22834
2024-09-10 01:56:00.000000000,1725904560000000000,511.6,511.6,511.5,511.6,55,22834,22832
2024-09-10 01:57:00.000000000,1725904620000000000,511.6,511.6,511.1,511.1,121,22832,22850
2024-09-10 01:58:00.000000000,1725904680000000000,511.1,511.3,511.0,511.3,182,22850,22836
2024-09-10 01:59:00.000000000,1725904740000000000,511.3,511.6,511.3,511.6,73,22836,22828
2024-09-10 02:00:00.000000000,1725904800000000000,511.6,511.6,511.4,511.5,66,22828,22829
2024-09-10 02:01:00.000000000,1725904860000000000,511.5,512.0,511.5,511.8,149,22829,22802
2024-09-10 02:02:00.000000000,1725904920000000000,511.8,512.5,511.8,512.2,288,22802,22781
2024-09-10 02:03:00.000000000,1725904980000000000,512.2,512.2,511.8,512.0,124,22781,22761
2024-09-10 02:04:00.000000000,1725905040000000000,512.0,512.0,511.6,511.7,87,22761,22753
2024-09-10 02:05:00.000000000,1725905100000000000,511.7,512.0,511.7,511.9,45,22753,22739
2024-09-10 02:06:00.000000000,1725905160000000000,511.9,512.4,511.9,512.2,185,22739,22706
2024-09-10 02:07:00.000000000,1725905220000000000,512.2,512.2,511.6,511.6,124,22706,22695
2024-09-10 02:08:00.000000000,1725905280000000000,511.6,511.8,511.4,511.5,142,22695,22693
2024-09-10 02:09:00.000000000,1725905340000000000,511.5,511.8,511.5,511.7,60,22693,22681
2024-09-10 02:10:00.000000000,1725905400000000000,511.7,511.7,511.5,511.7,82,22681,22672
2024-09-10 02:11:00.000000000,1725905460000000000,511.7,512.1,511.7,512.0,114,22672,22649
2024-09-10 02:12:00.000000000,1725905520000000000,512.0,512.2,512.0,512.1,75,22649,22641
2024-09-10 02:13:00.000000000,1725905580000000000,512.1,512.1,511.8,511.9,38,22641,22636
2024-09-10 02:14:00.000000000,1725905640000000000,511.9,512.0,511.9,512.0,28,22636,22640
2024-09-10 02:15:00.000000000,1725905700000000000,512.0,512.4,511.9,512.1,166,22640,22590
2024-09-10 02:16:00.000000000,1725905760000000000,512.1,512.3,512.1,512.2,33,22590,22595
2024-09-10 02:17:00.000000000,1725905820000000000,512.2,512.9,512.2,512.9,197,22595,22587
2024-09-10 02:18:00.000000000,1725905880000000000,512.9,512.9,512.5,512.6,124,22587,22573
2024-09-10 02:19:00.000000000,1725905940000000000,512.6,512.7,512.6,512.6,30,22573,22569
2024-09-10 02:20:00.000000000,1725906000000000000,512.6,512.8,512.6,512.6,74,22569,22558
2024-09-10 02:21:00.000000000,1725906060000000000,512.6,512.6,512.1,512.2,133,22558,22530
2024-09-10 02:22:00.000000000,1725906120000000000,512.2,512.5,512.0,512.5,107,22530,22498
2024-09-10 02:23:00.000000000,1725906180000000000,512.5,512.5,512.0,512.3,153,22498,22461
2024-09-10 02:24:00.000000000,1725906240000000000,512.3,512.5,512.3,512.4,83,22461,22443
2024-09-10 02:25:00.000000000,1725906300000000000,512.4,512.5,512.2,512.2,137,22443,22371
2024-09-10 02:26:00.000000000,1725906360000000000,512.2,512.3,512.1,512.2,48,22371,22351
2024-09-10 02:27:00.000000000,1725906420000000000,512.2,512.4,512.0,512.1,120,22351,22308
2024-09-10 02:28:00.000000000,1725906480000000000,512.1,512.4,512.0,512.2,179,22308,22235
2024-09-10 02:29:00.000000000,1725906540000000000,512.2,512.5,512.2,512.4,254,22235,22102
2024-09-10 09:00:00.000000000,1725930000000000000,513.4,514.1,513.4,513.8,890,22102,22065
2024-09-10 09:01:00.000000000,1725930060000000000,513.8,513.9,512.9,513.2,535,22065,22054
2024-09-10 09:02:00.000000000,1725930120000000000,513.2,513.6,512.9,513.5,239,22054,22043
2024-09-10 09:03:00.000000000,1725930180000000000,513.5,513.7,513.3,513.7,195,22043,22042
2024-09-10 09:04:00.000000000,1725930240000000000,513.7,513.8,513.5,513.7,203,22042,22013
2024-09-10 09:05:00.000000000,1725930300000000000,513.7,514.1,513.6,514.1,270,22013,21984
2024-09-10 09:06:00.000000000,1725930360000000000,514.1,514.5,513.9,514.4,270,21984,22006
2024-09-10 09:07:00.000000000,1725930420000000000,514.4,515.1,514.3,514.6,579,22006,21934
2024-09-10 09:08:00.000000000,1725930480000000000,514.6,514.8,514.4,514.5,230,21934,21945
2024-09-10 09:09:00.000000000,1725930540000000000,514.5,514.8,514.5,514.6,320,21945,21921
2024-09-10 09:10:00.000000000,1725930600000000000,514.6,515.0,514.4,514.9,316,21921,21893
2024-09-10 09:11:00.000000000,1725930660000000000,514.9,514.9,514.5,514.5,195,21893,21879
2024-09-10 09:12:00.000000000,1725930720000000000,514.5,514.5,514.2,514.3,170,21879,21879
2024-09-10 09:13:00.000000000,1725930780000000000,514.3,514.3,513.8,514.2,210,21879,21822
2024-09-10 09:14:00.000000000,1725930840000000000,514.2,514.4,514.1,514.4,115,21822,21830
2024-09-10 09:15:00.000000000,1725930900000000000,514.4,514.6,514.2,514.5,174,21830,21847
2024-09-10 09:16:00.000000000,1725930960000000000,514.5,514.7,514.1,514.2,177,21847,21828
2024-09-10 09:17:00.000000000,1725931020000000000,514.2,514.2,514.0,514.1,101,21828,21810
2024-09-10 09:18:00.000000000,1725931080000000000,514.1,514.4,514.1,514.3,96,21810,21798
2024-09-10 09:19:00.000000000,1725931140000000000,514.3,514.3,513.9,514.0,109,21798,21807
2024-09-10 09:20:00.000000000,1725931200000000000,514.0,514.2,514.0,514.0,60,21807,21796
2024-09-10 09:21:00.000000000,1725931260000000000,514.0,514.2,514.0,514.2,79,21796,21815
2024-09-10 09:22:00.000000000,1725931320000000000,514.2,514.7,514.1,514.6,148,21815,21808
2024-09-10 09:23:00.000000000,1725931380000000000,514.6,514.8,514.6,514.8,97,21808,21795
2024-09-10 09:24:00.000000000,1725931440000000000,514.8,515.3,514.7,515.2,319,21795,21820
2024-09-10 09:25:00.000000000,1725931500000000000,515.2,516.5,515.2,515.7,992,21820,21760
2024-09-10 09:26:00.000000000,1725931560000000000,515.7,515.8,515.4,515.5,313,21760,21747
2024-09-10 09:27:00.000000000,1725931620000000000,515.5,515.6,515.2,515.5,183,21747,21754
2024-09-10 09:28:00.000000000,1725931680000000000,515.5,516.6,515.4,516.0,571,21754,21597
2024-09-10 09:29:00.000000000,1725931740000000000,516.0,516.0,515.7,515.7,250,21597,21625
2024-09-10 09:30:00.000000000,1725931800000000000,515.7,515.9,515.3,515.4,223,21625,21645
2024-09-10 09:31:00.000000000,1725931860000000000,515.4,515.4,515.0,515.1,211,21645,21655
2024-09-10 09:32:00.000000000,1725931920000000000,515.1,515.2,514.8,514.9,114,21655,21633
2024-09-10 09:33:00.000000000,1725931980000000000,514.9,515.2,514.9,515.2,155,21633,21614
2024-09-10 09:34:00.000000000,1725932040000000000,515.2,515.2,514.9,515.1,121,21614,21608
2024-09-10 09:35:00.000000000,1725932100000000000,515.1,515.1,514.5,514.6,176,21608,21606
2024-09-10 09:36:00.000000000,1725932160000000000,514.6,514.6,514.5,514.6,118,21606,21559
2024-09-10 09:37:00.000000000,1725932220000000000,514.6,515.3,514.6,515.3,134,21559,21529
2024-09-10 09:38:00.000000000,1725932280000000000,515.3,515.5,515.1,515.3,142,21529,21527
2024-09-10 09:39:00.000000000,1725932340000000000,515.3,515.5,515.2,515.5,83,21527,21519
2024-09-10 09:40:00.000000000,1725932400000000000,515.5,515.6,515.2,515.3,76,21519,21514
2024-09-10 09:41:00.000000000,1725932460000000000,515.3,515.6,515.3,515.3,70,21514,21493
2024-09-10 09:42:00.000000000,1725932520000000000,515.3,515.4,514.9,514.9,101,21493,21473
2024-09-10 09:43:00.000000000,1725932580000000000,514.9,514.9,514.6,514.6,95,21473,21482
2024-09-10 09:44:00.000000000,1725932640000000000,514.6,514.9,514.6,514.7,45,21482,21487
2024-09-10 09:45:00.000000000,1725932700000000000,514.7,514.7,514.2,514.3,159,21487,21486
2024-09-10 09:46:00.000000000,1725932760000000000,514.3,514.4,513.7,513.7,323,21486,21433
2024-09-10 09:47:00.000000000,1725932820000000000,513.7,513.8,513.3,513.6,246,21433,21406
2024-09-10 09:48:00.000000000,1725932880000000000,513.6,513.6,513.2,513.4,122,21406,21378
2024-09-10 09:49:00.000000000,1725932940000000000,513.4,513.6,513.3,513.5,128,21378,21382
2024-09-10 09:50:00.000000000,1725933000000000000,513.5,513.5,513.1,513.3,132,21382,21362
2024-09-10 09:51:00.000000000,1725933060000000000,513.3,513.5,513.3,513.4,126,21362,21380
2024-09-10 09:52:00.000000000,1725933120000000000,513.4,513.5,513.3,513.3,102,21380,21386
2024-09-10 09:53:00.000000000,1725933180000000000,513.3,513.6,513.3,513.6,116,21386,21389
2024-09-10 09:54:00.000000000,1725933240000000000,513.6,513.7,513.5,513.6,87,21389,21398
2024-09-10 09:55:00.000000000,1725933300000000000,513.6,513.6,512.9,513.0,202,21398,21400
2024-09-10 09:56:00.000000000,1725933360000000000,513.0,513.4,512.9,513.2,111,21400,21393
2024-09-10 09:57:00.000000000,1725933420000000000,513.2,513.3,513.1,513.2,38,21393,21397
2024-09-10 09:58:00.000000000,1725933480000000000,513.2,513.6,513.2,513.6,76,21397,21396
2024-09-10 09:59:00.000000000,1725933540000000000,513.6,513.7,513.5,513.5,111,21396,21386
2024-09-10 10:00:00.000000000,1725933600000000000,513.5,513.8,513.2,513.2,153,21386,21376
2024-09-10 10:01:00.000000000,1725933660000000000,513.2,513.3,512.6,512.7,208,21376,21366
2024-09-10 10:02:00.000000000,1725933720000000000,512.7,512.9,512.6,512.7,122,21366,21353
2024-09-10 10:03:00.000000000,1725933780000000000,512.7,512.8,512.4,512.5,139,21353,21337
2024-09-10 10:04:00.000000000,1725933840000000000,512.5,512.7,512.5,512.5,99,21337,21342
2024-09-10 10:05:00.000000000,1725933900000000000,512.5,512.9,512.5,512.8,101,21342,21333
2024-09-10 10:06:00.000000000,1725933960000000000,512.8,513.0,512.8,512.8,83,21333,21329
2024-09-10 10:07:00.000000000,1725934020000000000,512.8,513.2,512.8,513.1,101,21329,21317
2024-09-10 10:08:00.000000000,1725934080000000000,513.1,513.2,513.0,513.0,78,21317,21343
2024-09-10 10:09:00.000000000,1725934140000000000,513.0,513.2,513.0,513.0,53,21343,21323
2024-09-10 10:10:00.000000000,1725934200000000000,513.0,513.0,512.9,512.9,47,21323,21312
2024-09-10 10:11:00.000000000,1725934260000000000,512.9,513.1,512.9,513.0,46,21312,21322
2024-09-10 10:12:00.000000000,1725934320000000000,513.0,513.2,512.9,513.0,104,21322,21337
2024-09-10 10:13:00.000000000,1725934380000000000,513.0,513.0,512.8,512.9,46,21337,21329
2024-09-10 10:14:00.000000000,1725934440000000000,512.9,513.1,512.8,513.0,71,21329,21319
2024-09-10 10:30:00.000000000,1725935400000000000,512.9,512.9,512.7,512.7,104,21319,21283
2024-09-10 10:31:00.000000000,1725935460000000000,512.7,512.7,512.4,512.4,125,21283,21266
2024-09-10 10:32:00.000000000,1725935520000000000,512.4,512.8,512.4,512.6,63,21266,21261
2024-09-10 10:33:00.000000000,1725935580000000000,512.6,512.7,512.4,512.4,79,21261,21286
2024-09-10 10:34:00.000000000,1725935640000000000,512.4,512.7,512.4,512.6,58,21286,21289
2024-09-10 10:35:00.000000000,1725935700000000000,512.6,512.8,512.6,512.7,59,21289,21286
2024-09-10 10:36:00.000000000,1725935760000000000,512.7,512.8,512.5,512.5,62,21286,21302
2024-09-10 10:37:00.000000000,1725935820000000000,512.5,512.7,512.5,512.7,26,21302,21304
2024-09-10 10:38:00.000000000,1725935880000000000,512.7,512.9,512.6,512.9,56,21304,21306
2024-09-10 10:39:00.000000000,1725935940000000000,512.9,513.2,512.8,513.1,93,21306,21308
2024-09-10 10:40:00.000000000,1725936000000000000,513.1,513.2,512.6,512.6,99,21308,21311
2024-09-10 10:41:00.000000000,1725936060000000000,512.6,512.6,512.4,512.5,77,21311,21324
2024-09-10 10:42:00.000000000,1725936120000000000,512.5,512.9,512.4,512.9,49,21324,21328
2024-09-10 10:43:00.000000000,1725936180000000000,512.9,512.9,512.6,512.6,39,21328,21337
2024-09-10 10:44:00.000000000,1725936240000000000,512.6,513.0,512.5,513.0,59,21337,21336
2024-09-10 10:45:00.000000000,1725936300000000000,513.0,513.0,512.8,512.9,63,21336,21336
2024-09-10 10:46:00.000000000,1725936360000000000,512.9,512.9,512.6,512.7,58,21336,21344
2024-09-10 10:47:00.000000000,1725936420000000000,512.7,513.2,512.7,512.9,90,21344,21338
2024-09-10 10:48:00.000000000,1725936480000000000,512.9,513.2,512.9,513.2,56,21338,21327
2024-09-10 10:49:00.000000000,1725936540000000000,513.2,513.3,513.1,513.1,81,21327,21345
2024-09-10 10:50:00.000000000,1725936600000000000,513.1,513.3,512.8,512.8,83,21345,21368
2024-09-10 10:51:00.000000000,1725936660000000000,512.8,512.8,512.5,512.5,144,21368,21366
2024-09-10 10:52:00.000000000,1725936720000000000,512.5,512.5,512.3,512.4,108,21366,21350
2024-09-10 10:53:00.000000000,1725936780000000000,512.4,512.6,512.3,512.4,70,21350,21343
2024-09-10 10:54:00.000000000,1725936840000000000,512.4,512.4,512.2,512.3,108,21343,21338
2024-09-10 10:55:00.000000000,1725936900000000000,512.3,512.7,512.3,512.7,74,21338,21342
2024-09-10 10:56:00.000000000,1725936960000000000,512.7,512.7,512.5,512.5,33,21342,21335
2024-09-10 10:57:00.000000000,1725937020000000000,512.5,512.7,512.5,512.6,70,21335,21318
2024-09-10 10:58:00.000000000,1725937080000000000,512.6,512.6,512.4,512.5,19,21318,21314
2024-09-10 10:59:00.000000000,1725937140000000000,512.5,512.6,512.4,512.4,19,21314,21312
2024-09-10 11:00:00.000000000,1725937200000000000,512.4,512.6,512.4,512.5,24,21312,21310
2024-09-10 11:01:00.000000000,1725937260000000000,512.5,513.0,512.5,512.8,61,21310,21299
2024-09-10 11:02:00.000000000,1725937320000000000,512.8,512.9,512.8,512.8,31,21299,21295
2024-09-10 11:03:00.000000000,1725937380000000000,512.8,513.0,512.8,513.0,30,21295,21288
2024-09-10 11:04:00.000000000,1725937440000000000,513.0,513.0,512.9,513.0,29,21288,21286
2024-09-10 11:05:00.000000000,1725937500000000000,513.0,513.0,512.9,512.9,39,21286,21288
2024-09-10 11:06:00.000000000,1725937560000000000,512.9,512.9,512.6,512.8,81,21288,21284
2024-09-10 11:07:00.000000000,1725937620000000000,512.8,512.9,512.8,512.8,30,21284,21293
2024-09-10 11:08:00.000000000,1725937680000000000,512.8,512.8,512.2,512.2,108,21293,21303
2024-09-10 11:09:00.000000000,1725937740000000000,512.2,512.2,511.8,511.8,295,21303,21309
2024-09-10 11:10:00.000000000,1725937800000000000,511.8,512.3,511.8,512.3,119,21309,21299
2024-09-10 11:11:00.000000000,1725937860000000000,512.3,512.5,512.0,512.0,94,21299,21299
2024-09-10 11:12:00.000000000,1725937920000000000,512.0,512.2,512.0,512.1,24,21299,21288
2024-09-10 11:13:00.000000000,1725937980000000000,512.1,512.1,511.9,512.1,57,21288,21279
2024-09-10 11:14:00.000000000,1725938040000000000,512.1,512.1,511.9,512.0,68,21279,21277
2024-09-10 11:15:00.000000000,1725938100000000000,512.0,512.2,511.8,511.9,74,21277,21275
2024-09-10 11:16:00.000000000,1725938160000000000,511.9,512.0,511.9,511.9,40,21275,21270
2024-09-10 11:17:00.000000000,1725938220000000000,511.9,512.0,511.9,512.0,101,21270,21324
2024-09-10 11:18:00.000000000,1725938280000000000,512.0,512.2,511.9,511.9,94,21324,21289
2024-09-10 11:19:00.000000000,1725938340000000000,511.9,511.9,511.8,511.9,81,21289,21300
2024-09-10 11:20:00.000000000,1725938400000000000,511.9,512.0,511.5,511.5,112,21300,21296
2024-09-10 11:21:00.000000000,1725938460000000000,511.5,511.7,511.3,511.7,259,21296,21367
2024-09-10 11:22:00.000000000,1725938520000000000,511.7,511.9,511.5,511.6,67,21367,21352
2024-09-10 11:23:00.000000000,1725938580000000000,511.6,511.7,511.5,511.6,44,21352,21343
2024-09-10 11:24:00.000000000,1725938640000000000,511.6,511.7,511.4,511.5,75,21343,21339
2024-09-10 11:25:00.000000000,1725938700000000000,511.5,511.6,511.4,511.6,73,21339,21334
2024-09-10 11:26:00.000000000,1725938760000000000,511.6,511.6,511.4,511.5,122,21334,21404
2024-09-10 11:27:00.000000000,1725938820000000000,511.5,511.7,511.5,511.6,24,21404,21403
2024-09-10 11:28:00.000000000,1725938880000000000,511.6,511.7,511.5,511.5,40,21403,21406
2024-09-10 11:29:00.000000000,1725938940000000000,511.5,511.8,511.5,511.8,135,21406,21371
2024-09-10 13:30:00.000000000,1725946200000000000,511.3,511.3,510.7,511.1,372,21371,21357
2024-09-10 13:31:00.000000000,1725946260000000000,511.1,511.2,510.8,510.9,180,21357,21373
2024-09-10 13:32:00.000000000,1725946320000000000,510.9,510.9,510.5,510.8,148,21373,21400
2024-09-10 13:33:00.000000000,1725946380000000000,510.8,510.8,510.5,510.6,131,21400,21398
2024-09-10 13:34:00.000000000,1725946440000000000,510.6,510.7,510.4,510.5,171,21398,21411
2024-09-10 13:35:00.000000000,1725946500000000000,510.5,510.6,510.4,510.6,97,21411,21427
2024-09-10 13:36:00.000000000,1725946560000000000,510.6,510.7,510.4,510.5,56,21427,21442
2024-09-10 13:37:00.000000000,1725946620000000000,510.5,510.5,510.3,510.4,99,21442,21448
2024-09-10 13:38:00.000000000,1725946680000000000,510.4,510.5,510.3,510.4,81,21448,21457
2024-09-10 13:39:00.000000000,1725946740000000000,510.4,510.6,510.3,510.6,71,21457,21440
2024-09-10 13:40:00.000000000,1725946800000000000,510.6,510.7,510.5,510.5,63,21440,21452
2024-09-10 13:41:00.000000000,1725946860000000000,510.5,510.7,510.4,510.6,120,21452,21414
2024-09-10 13:42:00.000000000,1725946920000000000,510.6,511.1,510.6,511.0,160,21414,21387
2024-09-10 13:43:00.000000000,1725946980000000000,511.0,511.0,510.5,511.0,258,21387,21455
2024-09-10 13:44:00.000000000,1725947040000000000,511.0,511.1,510.8,510.8,71,21455,21458
2024-09-10 13:45:00.000000000,1725947100000000000,510.8,511.0,510.8,511.0,75,21458,21441
2024-09-10 13:46:00.000000000,1725947160000000000,511.0,511.0,510.8,510.9,32,21441,21447
2024-09-10 13:47:00.000000000,1725947220000000000,510.9,510.9,510.4,510.4,93,21447,21453
2024-09-10 13:48:00.000000000,1725947280000000000,510.4,510.5,510.4,510.5,71,21453,21451
2024-09-10 13:49:00.000000000,1725947340000000000,510.5,510.6,510.3,510.6,115,21451,21467
2024-09-10 13:50:00.000000000,1725947400000000000,510.6,510.8,510.5,510.8,44,21467,21460
2024-09-10 13:51:00.000000000,1725947460000000000,510.8,510.9,510.8,510.9,54,21460,21449
2024-09-10 13:52:00.000000000,1725947520000000000,510.9,510.9,510.7,510.7,37,21449,21461
2024-09-10 13:53:00.000000000,1725947580000000000,510.7,510.8,510.6,510.7,37,21461,21467
2024-09-10 13:54:00.000000000,1725947640000000000,510.7,511.1,510.7,511.0,97,21467,21458
2024-09-10 13:55:00.000000000,1725947700000000000,511.0,511.1,510.9,511.0,68,21458,21466
2024-09-10 13:56:00.000000000,1725947760000000000,511.0,511.3,511.0,511.2,119,21466,21439
2024-09-10 13:57:00.000000000,1725947820000000000,511.2,511.3,511.1,511.1,70,21439,21445
2024-09-10 13:58:00.000000000,1725947880000000000,511.1,511.2,511.0,511.1,19,21445,21440
2024-09-10 13:59:00.000000000,1725947940000000000,511.1,511.4,511.1,511.2,100,21440,21433
2024-09-10 14:00:00.000000000,1725948000000000000,511.2,511.3,511.1,511.2,68,21433,21430
2024-09-10 14:01:00.000000000,1725948060000000000,511.2,511.3,511.1,511.2,64,21430,21418
2024-09-10 14:02:00.000000000,1725948120000000000,511.2,511.2,510.7,510.7,131,21418,21412
2024-09-10 14:03:00.000000000,1725948180000000000,510.7,510.8,510.6,510.8,99,21412,21406
2024-09-10 14:04:00.000000000,1725948240000000000,510.8,511.0,510.7,511.0,165,21406,21362
2024-09-10 14:05:00.000000000,1725948300000000000,511.0,511.4,511.0,511.4,141,21362,21329
2024-09-10 14:06:00.000000000,1725948360000000000,511.4,511.4,511.1,511.2,115,21329,21305
2024-09-10 14:07:00.000000000,1725948420000000000,511.2,511.2,511.1,511.2,79,21305,21298
2024-09-10 14:08:00.000000000,1725948480000000000,511.2,511.5,511.1,511.5,196,21298,21294
2024-09-10 14:09:00.000000000,1725948540000000000,511.5,511.6,511.2,511.2,239,21294,21271
2024-09-10 14:10:00.000000000,1725948600000000000,511.2,511.5,511.2,511.4,104,21271,21278
2024-09-10 14:11:00.000000000,1725948660000000000,511.4,511.5,511.2,511.2,66,21278,21294
2024-09-10 14:12:00.000000000,1725948720000000000,511.2,511.4,511.2,511.3,57,21294,21293
2024-09-10 14:13:00.000000000,1725948780000000000,511.3,511.4,511.1,511.4,79,21293,21288
2024-09-10 14:14:00.000000000,1725948840000000000,511.4,511.5,511.3,511.4,61,21288,21302
2024-09-10 14:15:00.000000000,1725948900000000000,511.4,511.4,511.3,511.4,46,21302,21306
2024-09-10 14:16:00.000000000,1725948960000000000,511.4,511.4,510.8,510.9,116,21306,21315
2024-09-10 14:17:00.000000000,1725949020000000000,510.9,511.1,510.7,510.7,191,21315,21298
2024-09-10 14:18:00.000000000,1725949080000000000,510.7,510.7,510.3,510.3,214,21298,21275
2024-09-10 14:19:00.000000000,1725949140000000000,510.3,510.4,509.8,509.9,400,21275,21256
2024-09-10 14:20:00.000000000,1725949200000000000,509.9,510.2,509.9,510.2,188,21256,21288
2024-09-10 14:21:00.000000000,1725949260000000000,510.2,510.2,509.9,510.2,146,21288,21321
2024-09-10 14:22:00.000000000,1725949320000000000,510.2,510.3,510.0,510.3,68,21321,21310
2024-09-10 14:23:00.000000000,1725949380000000000,510.3,510.6,509.8,510.3,643,21310,21322
2024-09-10 14:24:00.000000000,1725949440000000000,510.3,510.5,510.3,510.4,55,21322,21311
2024-09-10 14:25:00.000000000,1725949500000000000,510.4,510.5,510.2,510.2,52,21311,21295
2024-09-10 14:26:00.000000000,1725949560000000000,510.2,510.5,510.2,510.5,83,21295,21282
2024-09-10 14:27:00.000000000,1725949620000000000,510.5,510.5,510.3,510.3,78,21282,21293
2024-09-10 14:28:00.000000000,1725949680000000000,510.3,510.3,510.1,510.2,73,21293,21289
2024-09-10 14:29:00.000000000,1725949740000000000,510.2,510.7,510.2,510.6,127,21289,21277
2024-09-10 14:30:00.000000000,1725949800000000000,510.6,510.7,510.3,510.5,116,21277,21256
2024-09-10 14:31:00.000000000,1725949860000000000,510.5,510.6,510.1,510.3,74,21256,21261
2024-09-10 14:32:00.000000000,1725949920000000000,510.3,510.5,510.2,510.4,55,21261,21259
2024-09-10 14:33:00.000000000,1725949980000000000,510.4,510.4,510.2,510.3,49,21259,21251
2024-09-10 14:34:00.000000000,1725950040000000000,510.3,510.4,510.0,510.3,70,21251,21245
2024-09-10 14:35:00.000000000,1725950100000000000,510.3,510.7,510.2,510.4,196,21245,21244
2024-09-10 14:36:00.000000000,1725950160000000000,510.4,510.4,510.2,510.3,49,21244,21246
2024-09-10 14:37:00.000000000,1725950220000000000,510.3,510.3,509.9,510.3,150,21246,21252
2024-09-10 14:38:00.000000000,1725950280000000000,510.3,510.3,510.0,510.0,77,21252,21265
2024-09-10 14:39:00.000000000,1725950340000000000,510.0,510.0,509.5,509.7,378,21265,21246
2024-09-10 14:40:00.000000000,1725950400000000000,509.7,509.7,509.6,509.6,106,21246,21235
2024-09-10 14:41:00.000000000,1725950460000000000,509.6,510.2,509.6,510.0,184,21235,21216
2024-09-10 14:42:00.000000000,1725950520000000000,510.0,510.1,509.7,509.8,122,21216,21215
2024-09-10 14:43:00.000000000,1725950580000000000,509.8,509.9,509.6,509.7,82,21215,21232
2024-09-10 14:44:00.000000000,1725950640000000000,509.7,509.8,509.7,509.8,84,21232,21261
2024-09-10 14:45:00.000000000,1725950700000000000,509.8,509.9,509.7,509.8,89,21261,21281
2024-09-10 14:46:00.000000000,1725950760000000000,509.8,510.1,509.7,510.0,207,21281,21274
2024-09-10 14:47:00.000000000,1725950820000000000,510.0,510.4,510.0,510.1,389,21274,21374
2024-09-10 14:48:00.000000000,1725950880000000000,510.1,510.2,510.0,510.2,118,21374,21412
2024-09-10 14:49:00.000000000,1725950940000000000,510.2,510.5,510.2,510.5,109,21412,21395
2024-09-10 14:50:00.000000000,1725951000000000000,510.5,510.6,510.4,510.4,166,21395,21347
2024-09-10 14:51:00.000000000,1725951060000000000,510.4,510.4,510.2,510.2,60,21347,21332
2024-09-10 14:52:00.000000000,1725951120000000000,510.2,510.3,510.1,510.1,67,21332,21343
2024-09-10 14:53:00.000000000,1725951180000000000,510.1,510.2,510.0,510.1,110,21343,21332
2024-09-10 14:54:00.000000000,1725951240000000000,510.1,510.1,509.8,509.8,182,21332,21361
2024-09-10 14:55:00.000000000,1725951300000000000,509.8,510.2,509.8,510.1,127,21361,21360
2024-09-10 14:56:00.000000000,1725951360000000000,510.1,510.2,509.9,510.2,211,21360,21387
2024-09-10 14:57:00.000000000,1725951420000000000,510.2,510.3,510.1,510.2,157,21387,21381
2024-09-10 14:58:00.000000000,1725951480000000000,510.2,510.4,510.1,510.3,337,21381,21293
2024-09-10 14:59:00.000000000,1725951540000000000,510.3,510.4,510.2,510.2,4164,21293,21975
2024-09-10 21:00:00.000000000,1725973200000000000,506.5,510.9,505.9,509.6,2861,21975,21443
2024-09-10 21:01:00.000000000,1725973260000000000,509.6,510.7,509.4,510.6,954,21443,21526
2024-09-10 21:02:00.000000000,1725973320000000000,510.6,511.3,510.6,511.2,958,21526,21412
2024-09-10 21:03:00.000000000,1725973380000000000,511.2,511.7,511.0,511.1,729,21412,21363
2024-09-10 21:04:00.000000000,1725973440000000000,511.1,511.1,509.9,510.0,719,21363,21268
2024-09-10 21:05:00.000000000,1725973500000000000,510.0,510.3,509.5,509.7,743,21268,21256
2024-09-10 21:06:00.000000000,1725973560000000000,509.7,509.8,509.3,509.6,434,21256,21238
2024-09-10 21:07:00.000000000,1725973620000000000,509.6,510.0,509.6,509.9,294,21238,21182
2024-09-10 21:08:00.000000000,1725973680000000000,509.9,510.5,509.6,510.4,373,21182,21182
2024-09-10 21:09:00.000000000,1725973740000000000,510.4,511.0,510.0,510.0,531,21182,21189
2024-09-10 21:10:00.000000000,1725973800000000000,510.0,510.0,509.3,509.4,486,21189,21154
2024-09-10 21:11:00.000000000,1725973860000000000,509.4,509.7,509.0,509.6,590,21154,21114
2024-09-10 21:12:00.000000000,1725973920000000000,509.6,509.8,509.2,509.3,385,21114,21102
2024-09-10 21:13:00.000000000,1725973980000000000,509.3,509.7,509.2,509.5,246,21102,21096
2024-09-10 21:14:00.000000000,1725974040000000000,509.5,510.0,509.4,509.9,240,21096,21052
2024-09-10 21:15:00.000000000,1725974100000000000,509.9,510.1,509.4,509.6,353,21052,21037
2024-09-10 21:16:00.000000000,1725974160000000000,509.6,510.2,509.6,509.9,279,21037,21025
2024-09-10 21:17:00.000000000,1725974220000000000,509.9,510.3,509.8,509.9,267,21025,21018
2024-09-10 21:18:00.000000000,1725974280000000000,509.9,509.9,509.6,509.7,179,21018,21016
2024-09-10 21:19:00.000000000,1725974340000000000,509.7,510.1,509.6,510.0,233,21016,21014
2024-09-10 21:20:00.000000000,1725974400000000000,510.0,510.5,509.8,510.5,441,21014,21066
2024-09-10 21:21:00.000000000,1725974460000000000,510.5,510.6,510.0,510.6,239,21066,21060
2024-09-10 21:22:00.000000000,1725974520000000000,510.6,510.6,510.2,510.3,139,21060,21042
2024-09-10 21:23:00.000000000,1725974580000000000,510.3,510.6,510.2,510.5,143,21042,21067
2024-09-10 21:24:00.000000000,1725974640000000000,510.5,511.4,510.4,511.2,437,21067,21058
2024-09-10 21:25:00.000000000,1725974700000000000,511.2,511.2,510.6,510.9,477,21058,21048
2024-09-10 21:26:00.000000000,1725974760000000000,510.9,511.2,510.8,511.1,215,21048,21041
2024-09-10 21:27:00.000000000,1725974820000000000,511.1,512.3,510.9,511.9,881,21041,20948
2024-09-10 21:28:00.000000000,1725974880000000000,511.9,513.6,511.8,512.7,1599,20948,20836
2024-09-10 21:29:00.000000000,1725974940000000000,512.7,513.4,512.7,513.0,685,20836,20774
2024-09-10 21:30:00.000000000,1725975000000000000,513.0,513.3,512.6,512.8,617,20774,20737
2024-09-10 21:31:00.000000000,1725975060000000000,512.8,512.8,512.3,512.4,474,20737,20725
2024-09-10 21:32:00.000000000,1725975120000000000,512.4,512.5,511.6,511.7,448,20725,20712
2024-09-10 21:33:00.000000000,1725975180000000000,511.7,512.1,511.6,511.8,350,20712,20724
2024-09-10 21:34:00.000000000,1725975240000000000,511.8,512.1,511.6,511.9,202,20724,20732
2024-09-10 21:35:00.000000000,1725975300000000000,511.9,511.9,511.6,511.8,173,20732,20718
2024-09-10 21:36:00.000000000,1725975360000000000,511.8,511.9,511.1,511.3,477,20718,20727
2024-09-10 21:37:00.000000000,1725975420000000000,511.3,511.4,510.3,510.3,799,20727,20614
2024-09-10 21:38:00.000000000,1725975480000000000,510.3,510.8,510.0,510.0,492,20614,20571
2024-09-10 21:39:00.000000000,1725975540000000000,510.0,510.0,509.0,509.1,854,20571,20555
2024-09-10 21:40:00.000000000,1725975600000000000,509.1,509.1,508.4,508.6,868,20555,20514
2024-09-10 21:41:00.000000000,1725975660000000000,508.6,509.2,508.6,509.1,458,20514,20448
2024-09-10 21:42:00.000000000,1725975720000000000,509.1,509.5,508.7,509.3,364,20448,20437
2024-09-10 21:43:00.000000000,1725975780000000000,509.3,509.9,509.3,509.8,365,20437,20415
2024-09-10 21:44:00.000000000,1725975840000000000,509.8,509.9,509.6,509.8,254,20415,20418
2024-09-10 21:45:00.000000000,1725975900000000000,509.8,510.0,509.4,509.5,340,20418,20418
2024-09-10 21:46:00.000000000,1725975960000000000,509.5,509.5,508.8,509.2,377,20418,20420
2024-09-10 21:47:00.000000000,1725976020000000000,509.2,509.5,508.8,508.9,300,20420,20446
2024-09-10 21:48:00.000000000,1725976080000000000,508.9,509.0,508.5,508.7,294,20446,20428
2024-09-10 21:49:00.000000000,1725976140000000000,508.7,508.8,508.4,508.5,300,20428,20478
2024-09-10 21:50:00.000000000,1725976200000000000,508.5,508.6,508.1,508.3,483,20478,20416
2024-09-10 21:51:00.000000000,1725976260000000000,508.3,508.3,507.0,507.1,945,20416,20445
2024-09-10 21:52:00.000000000,1725976320000000000,507.1,507.7,507.0,507.5,425,20445,20449
2024-09-10 21:53:00.000000000,1725976380000000000,507.5,507.6,507.0,507.6,442,20449,20493
2024-09-10 21:54:00.000000000,1725976440000000000,507.6,507.6,507.0,507.3,249,20493,20512
2024-09-10 21:55:00.000000000,1725976500000000000,507.3,507.5,507.1,507.4,165,20512,20520
2024-09-10 21:56:00.000000000,1725976560000000000,507.4,507.8,507.4,507.6,326,20520,20498
2024-09-10 21:57:00.000000000,1725976620000000000,507.6,507.6,506.3,506.6,707,20498,20481
2024-09-10 21:58:00.000000000,1725976680000000000,506.6,506.7,506.4,506.5,357,20481,20521
2024-09-10 21:59:00.000000000,1725976740000000000,506.5,506.8,506.3,506.4,363,20521,20580
2024-09-10 22:00:00.000000000,1725976800000000000,506.4,506.4,505.7,506.1,751,20580,20603
2024-09-10 22:01:00.000000000,1725976860000000000,506.1,506.1,505.4,506.0,690,20603,20709
2024-09-10 22:02:00.000000000,1725976920000000000,506.0,506.9,506.0,506.4,650,20709,20651
2024-09-10 22:03:00.000000000,1725976980000000000,506.4,506.4,505.7,505.8,478,20651,20713
2024-09-10 22:04:00.000000000,1725977040000000000,505.8,505.9,505.6,505.7,298,20713,20685
2024-09-10 22:05:00.000000000,1725977100000000000,505.7,505.8,504.7,505.1,1042,20685,20656
2024-09-10 22:06:00.000000000,1725977160000000000,505.1,505.1,504.4,504.8,634,20656,20678
2024-09-10 22:07:00.000000000,1725977220000000000,504.8,504.8,502.7,503.0,1541,20678,20781
2024-09-10 22:08:00.000000000,1725977280000000000,503.0,503.9,502.5,503.7,1433,20781,20888
2024-09-10 22:09:00.000000000,1725977340000000000,503.7,503.8,502.0,502.1,1322,20888,20976
2024-09-10 22:10:00.000000000,1725977400000000000,502.1,503.2,502.1,502.4,978,20976,21068
2024-09-10 22:11:00.000000000,1725977460000000000,502.4,502.4,500.5,501.4,1633,21068,21065
2024-09-10 22:12:00.000000000,1725977520000000000,501.4,501.4,499.6,500.8,1493,21065,21189
2024-09-10 22:13:00.000000000,1725977580000000000,500.8,500.8,499.9,500.7,729,21189,21252
2024-09-10 22:14:00.000000000,1725977640000000000,500.7,500.8,499.2,499.5,946,21252,21296
2024-09-10 22:15:00.000000000,1725977700000000000,499.5,500.2,498.5,499.0,1598,21296,21377
2024-09-10 22:16:00.000000000,1725977760000000000,499.0,499.8,498.7,499.2,1084,21377,21443
2024-09-10 22:17:00.000000000,1725977820000000000,499.2,499.8,498.6,499.5,1012,21443,21479
2024-09-10 22:18:00.000000000,1725977880000000000,499.5,499.5,498.7,499.1,809,21479,21580
2024-09-10 22:19:00.000000000,1725977940000000000,499.1,499.1,497.2,497.8,1091,21580,21526
2024-09-10 22:20:00.000000000,1725978000000000000,497.8,498.8,497.6,498.1,1039,21526,21551
2024-09-10 22:21:00.000000000,1725978060000000000,498.1,498.4,496.6,496.8,1019,21551,21536
2024-09-10 22:22:00.000000000,1725978120000000000,496.8,497.5,496.3,496.5,805,21536,21572
2024-09-10 22:23:00.000000000,1725978180000000000,496.5,497.8,496.5,497.2,1031,21572,21589
2024-09-10 22:24:00.000000000,1725978240000000000,497.2,497.7,496.9,497.3,616,21589,21649
2024-09-10 22:25:00.000000000,1725978300000000000,497.3,497.8,496.5,496.6,906,21649,21663
2024-09-10 22:26:00.000000000,1725978360000000000,496.6,497.3,496.4,497.2,632,21663,21703
2024-09-10 22:27:00.000000000,1725978420000000000,497.2,497.3,496.4,497.0,486,21703,21728
2024-09-10 22:28:00.000000000,1725978480000000000,497.0,497.0,494.8,495.0,1252,21728,21776
2024-09-10 22:29:00.000000000,1725978540000000000,495.0,496.2,495.0,495.8,935,21776,21734
2024-09-10 22:30:00.000000000,1725978600000000000,495.8,497.5,495.8,497.2,1091,21734,21747
2024-09-10 22:31:00.000000000,1725978660000000000,497.2,498.2,497.1,498.2,1286,21747,21577
2024-09-10 22:32:00.000000000,1725978720000000000,498.2,498.5,497.9,498.4,1047,21577,21568
2024-09-10 22:33:00.000000000,1725978780000000000,498.4,498.6,497.8,498.1,888,21568,21573
2024-09-10 22:34:00.000000000,1725978840000000000,498.1,498.5,498.0,498.2,700,21573,21742
2024-09-10 22:35:00.000000000,1725978900000000000,498.2,498.2,497.1,497.6,746,21742,21722
2024-09-10 22:36:00.000000000,1725978960000000000,497.6,498.3,497.1,497.6,633,21722,21715
2024-09-10 22:37:00.000000000,1725979020000000000,497.6,498.3,497.5,498.2,480,21715,21773
2024-09-10 22:38:00.000000000,1725979080000000000,498.2,498.8,498.0,498.5,569,21773,21762
2024-09-10 22:39:00.000000000,1725979140000000000,498.5,498.6,497.6,497.9,528,21762,21775
2024-09-10 22:40:00.000000000,1725979200000000000,497.9,498.0,496.9,497.3,950,21775,21722
2024-09-10 22:41:00.000000000,1725979260000000000,497.3,497.6,496.6,497.5,738,21722,21878
2024-09-10 22:42:00.000000000,1725979320000000000,497.5,498.0,496.9,497.9,543,21878,21854
2024-09-10 22:43:00.000000000,1725979380000000000,497.9,498.3,497.1,497.2,466,21854,21855
2024-09-10 22:44:00.000000000,1725979440000000000,497.2,498.3,497.2,497.8,479,21855,21851
2024-09-10 22:45:00.000000000,1725979500000000000,497.8,498.3,497.2,497.8,583,21851,21849
2024-09-10 22:46:00.000000000,1725979560000000000,497.8,498.6,497.8,498.4,629,21849,21785
2024-09-10 22:47:00.000000000,1725979620000000000,498.4,498.8,498.2,498.4,580,21785,21745
2024-09-10 22:48:00.000000000,1725979680000000000,498.4,499.2,498.1,499.0,810,21745,21714
2024-09-10 22:49:00.000000000,1725979740000000000,499.0,499.7,499.0,499.6,1122,21714,21837
2024-09-10 22:50:00.000000000,1725979800000000000,499.6,499.6,498.9,498.9,630,21837,21833
2024-09-10 22:51:00.000000000,1725979860000000000,498.9,499.0,497.9,498.1,789,21833,21849
2024-09-10 22:52:00.000000000,1725979920000000000,498.1,498.5,497.8,498.0,450,21849,21882
2024-09-10 22:53:00.000000000,1725979980000000000,498.0,499.0,497.8,498.8,499,21882,21823
2024-09-10 22:54:00.000000000,1725980040000000000,498.8,499.4,498.8,499.0,666,21823,21821
2024-09-10 22:55:00.000000000,1725980100000000000,499.0,499.6,498.7,499.0,597,21821,21784
2024-09-10 22:56:00.000000000,1725980160000000000,499.0,499.0,498.6,498.7,341,21784,21786
2024-09-10 22:57:00.000000000,1725980220000000000,498.7,498.9,498.5,498.5,335,21786,21789
2024-09-10 22:58:00.000000000,1725980280000000000,498.5,498.7,498.3,498.6,287,21789,21800
2024-09-10 22:59:00.000000000,1725980340000000000,498.6,498.6,497.8,498.0,493,21800,21829
2024-09-10 23:00:00.000000000,1725980400000000000,498.0,498.0,497.3,497.7,839,21829,21908
2024-09-10 23:01:00.000000000,1725980460000000000,497.7,497.7,497.2,497.5,531,21908,21957
2024-09-10 23:02:00.000000000,1725980520000000000,497.5,497.7,496.9,497.0,868,21957,21945
2024-09-10 23:03:00.000000000,1725980580000000000,497.0,497.3,496.5,496.6,641,21945,22015
2024-09-10 23:04:00.000000000,1725980640000000000,496.6,496.9,496.3,496.9,476,22015,22070
2024-09-10 23:05:00.000000000,1725980700000000000,496.9,497.1,496.3,496.4,529,22070,22122
2024-09-10 23:06:00.000000000,1725980760000000000,496.4,497.0,496.4,496.9,449,22122,22162
2024-09-10 23:07:00.000000000,1725980820000000000,496.9,497.4,496.9,497.0,480,22162,22134
2024-09-10 23:08:00.000000000,1725980880000000000,497.0,497.4,496.7,496.8,381,22134,22178
2024-09-10 23:09:00.000000000,1725980940000000000,496.8,497.7,496.7,497.6,384,22178,22189
2024-09-10 23:10:00.000000000,1725981000000000000,497.6,499.1,497.5,498.9,1035,22189,22117
2024-09-10 23:11:00.000000000,1725981060000000000,498.9,499.2,498.8,499.0,608,22117,22100
2024-09-10 23:12:00.000000000,1725981120000000000,499.0,499.1,498.3,498.6,462,22100,22132
2024-09-10 23:13:00.000000000,1725981180000000000,498.6,498.7,498.4,498.5,221,22132,22146
2024-09-10 23:14:00.000000000,1725981240000000000,498.5,498.7,498.3,498.4,215,22146,22155
2024-09-10 23:15:00.000000000,1725981300000000000,498.4,498.4,497.9,498.2,382,22155,22180
2024-09-10 23:16:00.000000000,1725981360000000000,498.2,498.3,497.6,498.1,426,22180,22149
2024-09-10 23:17:00.000000000,1725981420000000000,498.1,498.2,497.5,497.5,274,22149,22139
2024-09-10 23:18:00.000000000,1725981480000000000,497.5,497.8,497.4,497.5,406,22139,22148
2024-09-10 23:19:00.000000000,1725981540000000000,497.5,498.4,497.5,497.9,468,22148,22111
2024-09-10 23:20:00.000000000,1725981600000000000,497.9,498.1,497.4,497.5,290,22111,22123
2024-09-10 23:21:00.000000000,1725981660000000000,497.5,497.6,496.9,497.1,536,22123,22136
2024-09-10 23:22:00.000000000,1725981720000000000,497.1,497.5,497.0,497.4,266,22136,22138
2024-09-10 23:23:00.000000000,1725981780000000000,497.4,497.5,497.1,497.2,206,22138,22135
2024-09-10 23:24:00.000000000,1725981840000000000,497.2,497.3,496.9,496.9,212,22135,22162
2024-09-10 23:25:00.000000000,1725981900000000000,496.9,497.3,496.6,496.7,379,22162,22168
2024-09-10 23:26:00.000000000,1725981960000000000,496.7,497.3,496.7,497.1,348,22168,22155
2024-09-10 23:27:00.000000000,1725982020000000000,497.1,497.4,496.9,497.2,181,22155,22174
2024-09-10 23:28:00.000000000,1725982080000000000,497.2,497.6,497.2,497.4,236,22174,22146
2024-09-10 23:29:00.000000000,1725982140000000000,497.4,497.9,497.4,497.4,292,22146,22132
2024-09-10 23:30:00.000000000,1725982200000000000,497.4,497.6,497.0,497.0,252,22132,22186
2024-09-10 23:31:00.000000000,1725982260000000000,497.0,497.9,496.8,497.7,410,22186,22132
2024-09-10 23:32:00.000000000,1725982320000000000,497.7,497.7,496.8,497.1,334,22132,22163
2024-09-10 23:33:00.000000000,1725982380000000000,497.1,497.1,496.4,496.4,442,22163,22254
2024-09-10 23:34:00.000000000,1725982440000000000,496.4,496.5,495.9,496.1,453,22254,22280
2024-09-10 23:35:00.000000000,1725982500000000000,496.1,496.6,496.1,496.6,334,22280,22297
2024-09-10 23:36:00.000000000,1725982560000000000,496.6,496.9,496.4,496.6,264,22297,22277
2024-09-10 23:37:00.000000000,1725982620000000000,496.6,496.8,496.5,496.7,126,22277,22290
2024-09-10 23:38:00.000000000,1725982680000000000,496.7,496.8,496.0,496.0,194,22290,22303
2024-09-10 23:39:00.000000000,1725982740000000000,496.0,496.2,495.9,496.0,213,22303,22346
2024-09-10 23:40:00.000000000,1725982800000000000,496.0,496.1,495.0,495.7,683,22346,22347
2024-09-10 23:41:00.000000000,1725982860000000000,495.7,495.9,494.2,494.9,1028,22347,22550
2024-09-10 23:42:00.000000000,1725982920000000000,494.9,495.0,493.9,494.4,988,22550,22522
2024-09-10 23:43:00.000000000,1725982980000000000,494.4,494.4,493.0,493.4,1072,22522,22543
2024-09-10 23:44:00.000000000,1725983040000000000,493.4,493.5,492.6,492.8,870,22543,22668
2024-09-10 23:45:00.000000000,1725983100000000000,492.8,493.2,492.2,492.4,1067,22668,22706
2024-09-10 23:46:00.000000000,1725983160000000000,492.4,493.4,492.4,493.3,688,22706,22691
2024-09-10 23:47:00.000000000,1725983220000000000,493.3,493.7,493.2,493.5,518,22691,22661
2024-09-10 23:48:00.000000000,1725983280000000000,493.5,494.2,493.5,494.2,406,22661,22625
2024-09-10 23:49:00.000000000,1725983340000000000,494.2,494.3,493.7,494.2,461,22625,22591
2024-09-10 23:50:00.000000000,1725983400000000000,494.2,494.2,493.7,493.9,281,22591,22615
2024-09-10 23:51:00.000000000,1725983460000000000,493.9,493.9,493.5,493.6,297,22615,22628
2024-09-10 23:52:00.000000000,1725983520000000000,493.6,494.1,493.5,493.9,254,22628,22589
2024-09-10 23:53:00.000000000,1725983580000000000,493.9,494.2,493.8,494.0,238,22589,22606
2024-09-10 23:54:00.000000000,1725983640000000000,494.0,494.7,493.6,494.4,485,22606,22567
2024-09-10 23:55:00.000000000,1725983700000000000,494.4,494.8,494.2,494.3,418,22567,22581
2024-09-10 23:56:00.000000000,1725983760000000000,494.3,494.4,494.1,494.4,227,22581,22573
2024-09-10 23:57:00.000000000,1725983820000000000,494.4,494.4,493.5,493.6,444,22573,22540
2024-09-10 23:58:00.000000000,1725983880000000000,493.6,494.0,493.5,493.9,274,22540,22557
2024-09-10 23:59:00.000000000,1725983940000000000,493.9,494.0,493.5,493.6,174,22557,22547
2024-09-11 00:00:00.000000000,1725984000000000000,493.6,493.9,493.3,493.6,355,22547,22563
2024-09-11 00:01:00.000000000,1725984060000000000,493.6,494.4,493.5,494.2,286,22563,22582
2024-09-11 00:02:00.000000000,1725984120000000000,494.2,494.3,493.9,494.2,176,22582,22564
2024-09-11 00:03:00.000000000,1725984180000000000,494.2,494.2,493.7,493.7,201,22564,22571
2024-09-11 00:04:00.000000000,1725984240000000000,493.7,493.8,493.5,493.7,148,22571,22560
2024-09-11 00:05:00.000000000,1725984300000000000,493.7,493.8,493.4,493.8,135,22560,22568
2024-09-11 00:06:00.000000000,1725984360000000000,493.8,494.6,493.8,494.3,358,22568,22555
2024-09-11 00:07:00.000000000,1725984420000000000,494.3,494.6,494.2,494.5,214,22555,22522
2024-09-11 00:08:00.000000000,1725984480000000000,494.5,494.5,494.3,494.4,114,22522,22526
2024-09-11 00:09:00.000000000,1725984540000000000,494.4,494.9,494.4,494.8,335,22526,22497
2024-09-11 00:10:00.000000000,1725984600000000000,494.8,494.8,494.4,494.7,261,22497,22454
2024-09-11 00:11:00.000000000,1725984660000000000,494.7,494.9,494.5,494.9,184,22454,22451
2024-09-11 00:12:00.000000000,1725984720000000000,494.9,494.9,494.3,494.3,290,22451,22411
2024-09-11 00:13:00.000000000,1725984780000000000,494.3,494.7,494.3,494.5,142,22411,22407
2024-09-11 00:14:00.000000000,1725984840000000000,494.5,494.7,494.4,494.4,115,22407,22421
2024-09-11 00:15:00.000000000,1725984900000000000,494.4,495.2,494.4,495.2,372,22421,22345
2024-09-11 00:16:00.000000000,1725984960000000000,495.2,495.4,495.0,495.1,327,22345,22306
2024-09-11 00:17:00.000000000,1725985020000000000,495.1,495.5,495.1,495.1,367,22306,22279
2024-09-11 00:18:00.000000000,1725985080000000000,495.1,495.2,494.8,495.0,153,22279,22281
2024-09-11 00:19:00.000000000,1725985140000000000,495.0,495.0,494.8,494.9,115,22281,22264
2024-09-11 00:20:00.000000000,1725985200000000000,494.9,494.9,494.7,494.8,129,22264,22233
2024-09-11 00:21:00.000000000,1725985260000000000,494.8,494.8,494.4,494.6,192,22233,22237
2024-09-11 00:22:00.000000000,1725985320000000000,494.6,494.6,493.9,494.1,293,22237,22204
2024-09-11 00:23:00.000000000,1725985380000000000,494.1,494.2,493.7,494.2,266,22204,22208
2024-09-11 00:24:00.000000000,1725985440000000000,494.2,494.2,493.8,494.0,166,22208,22242
2024-09-11 00:25:00.000000000,1725985500000000000,494.0,494.2,493.8,494.2,121,22242,22227
2024-09-11 00:26:00.000000000,1725985560000000000,494.2,494.2,493.8,493.9,195,22227,22244
2024-09-11 00:27:00.000000000,1725985620000000000,493.9,494.0,493.8,494.0,85,22244,22256
2024-09-11 00:28:00.000000000,1725985680000000000,494.0,494.2,493.9,494.1,150,22256,22275
2024-09-11 00:29:00.000000000,1725985740000000000,494.1,494.4,493.9,494.3,167,22275,22276
2024-09-11 00:30:00.000000000,1725985800000000000,494.3,494.4,494.0,494.1,135,22276,22279
2024-09-11 00:31:00.000000000,1725985860000000000,494.1,494.2,493.8,494.0,126,22279,22275
2024-09-11 00:32:00.000000000,1725985920000000000,494.0,494.1,493.8,493.8,79,22275,22274
2024-09-11 00:33:00.000000000,1725985980000000000,493.8,494.2,493.7,494.2,121,22274,22271
2024-09-11 00:34:00.000000000,1725986040000000000,494.2,494.2,493.9,494.1,56,22271,22299
2024-09-11 00:35:00.000000000,1725986100000000000,494.1,494.8,494.1,494.5,311,22299,22271
2024-09-11 00:36:00.000000000,1725986160000000000,494.5,494.5,494.2,494.3,104,22271,22276
2024-09-11 00:37:00.000000000,1725986220000000000,494.3,494.5,494.0,494.2,190,22276,22280
2024-09-11 00:38:00.000000000,1725986280000000000,494.2,494.4,494.2,494.4,105,22280,22287
2024-09-11 00:39:00.000000000,1725986340000000000,494.4,494.6,494.4,494.6,106,22287,22296
2024-09-11 00:40:00.000000000,1725986400000000000,494.6,494.8,494.3,494.5,165,22296,22323
2024-09-11 00:41:00.000000000,1725986460000000000,494.5,494.8,494.4,494.8,91,22323,22292
2024-09-11 00:42:00.000000000,1725986520000000000,494.8,495.0,494.4,494.6,126,22292,22276
2024-09-11 00:43:00.000000000,1725986580000000000,494.6,494.7,494.4,494.6,62,22276,22274
2024-09-11 00:44:00.000000000,1725986640000000000,494.6,494.8,494.5,494.8,89,22274,22268
2024-09-11 00:45:00.000000000,1725986700000000000,494.8,494.8,494.6,494.6,52,22268,22265
2024-09-11 00:46:00.000000000,1725986760000000000,494.6,494.8,494.4,494.8,182,22265,22279
2024-09-11 00:47:00.000000000,1725986820000000000,494.8,494.9,494.7,494.8,83,22279,22274
2024-09-11 00:48:00.000000000,1725986880000000000,494.8,494.8,494.5,494.6,65,22274,22262
2024-09-11 00:49:00.000000000,1725986940000000000,494.6,494.6,494.2,494.3,193,22262,22243
2024-09-11 00:50:00.000000000,1725987000000000000,494.3,494.5,494.2,494.3,86,22243,22249
2024-09-11 00:51:00.000000000,1725987060000000000,494.3,494.3,494.1,494.3,117,22249,22254
2024-09-11 00:52:00.000000000,1725987120000000000,494.3,494.6,494.2,494.4,103,22254,22243
2024-09-11 00:53:00.000000000,1725987180000000000,494.4,495.1,494.4,494.9,278,22243,22196
2024-09-11 00:54:00.000000000,1725987240000000000,494.9,495.0,494.8,494.9,72,22196,22183
2024-09-11 00:55:00.000000000,1725987300000000000,494.9,495.1,494.8,494.8,195,22183,22161
2024-09-11 00:56:00.000000000,1725987360000000000,494.8,495.0,494.8,494.8,96,22161,22157
2024-09-11 00:57:00.000000000,1725987420000000000,494.8,494.9,494.5,494.5,94,22157,22167
2024-09-11 00:58:00.000000000,1725987480000000000,494.5,494.6,494.5,494.6,72,22167,22187
2024-09-11 00:59:00.000000000,1725987540000000000,494.6,495.0,494.6,494.6,116,22187,22168
2024-09-11 01:00:00.000000000,1725987600000000000,494.6,494.9,494.5,494.9,82,22168,22156
2024-09-11 01:01:00.000000000,1725987660000000000,494.9,494.9,494.6,494.7,77,22156,22161
2024-09-11 01:02:00.000000000,1725987720000000000,494.7,494.9,494.5,494.6,94,22161,22157
2024-09-11 01:03:00.000000000,1725987780000000000,494.6,494.8,494.6,494.8,42,22157,22167
2024-09-11 01:04:00.000000000,1725987840000000000,494.8,494.8,494.7,494.8,64,22167,22170
2024-09-11 01:05:00.000000000,1725987900000000000,494.8,495.1,494.8,495.1,112,22170,22162
2024-09-11 01:06:00.000000000,1725987960000000000,495.1,495.4,495.0,495.1,239,22162,22142
2024-09-11 01:07:00.000000000,1725988020000000000,495.1,495.3,495.1,495.3,83,22142,22138
2024-09-11 01:08:00.000000000,1725988080000000000,495.3,495.4,495.2,495.2,148,22138,22161
2024-09-11 01:09:00.000000000,1725988140000000000,495.2,495.5,495.1,495.5,88,22161,22159
2024-09-11 01:10:00.000000000,1725988200000000000,495.5,495.8,495.2,495.3,301,22159,22126
2024-09-11 01:11:00.000000000,1725988260000000000,495.3,495.5,495.1,495.1,102,22126,22128
2024-09-11 01:12:00.000000000,1725988320000000000,495.1,495.6,495.1,495.6,85,22128,22141
2024-09-11 01:13:00.000000000,1725988380000000000,495.6,496.5,495.4,496.4,783,22141,22039
2024-09-11 01:14:00.000000000,1725988440000000000,496.4,496.5,496.2,496.2,191,22039,22060
2024-09-11 01:15:00.000000000,1725988500000000000,496.2,496.8,496.2,496.5,328,22060,22015
2024-09-11 01:16:00.000000000,1725988560000000000,496.5,496.9,496.4,496.6,240,22015,21969
2024-09-11 01:17:00.000000000,1725988620000000000,496.6,496.8,496.5,496.8,87,21969,21956
2024-09-11 01:18:00.000000000,1725988680000000000,496.8,497.1,496.8,497.0,298,21956,21901
2024-09-11 01:19:00.000000000,1725988740000000000,497.0,497.1,496.6,496.7,167,21901,21867
2024-09-11 01:20:00.000000000,1725988800000000000,496.7,496.8,496.2,496.3,251,21867,21828
2024-09-11 01:21:00.000000000,1725988860000000000,496.3,496.6,496.3,496.5,102,21828,21818
2024-09-11 01:22:00.000000000,1725988920000000000,496.5,496.5,496.3,496.3,54,21818,21812
2024-09-11 01:23:00.000000000,1725988980000000000,496.3,496.4,496.2,496.4,69,21812,21810
2024-09-11 01:24:00.000000000,1725989040000000000,496.4,496.4,496.2,496.4,110,21810,21778
2024-09-11 01:25:00.000000000,1725989100000000000,496.4,496.4,495.8,495.9,239,21778,21788
2024-09-11 01:26:00.000000000,1725989160000000000,495.9,496.3,495.8,496.2,147,21788,21808
2024-09-11 01:27:00.000000000,1725989220000000000,496.2,496.2,495.9,496.0,71,21808,21797
2024-09-11 01:28:00.000000000,1725989280000000000,496.0,496.2,496.0,496.2,78,21797,21818
2024-09-11 01:29:00.000000000,1725989340000000000,496.2,496.2,495.9,496.0,64,21818,21828
2024-09-11 01:30:00.000000000,1725989400000000000,496.0,496.2,495.7,496.1,142,21828,21818
2024-09-11 01:31:00.000000000,1725989460000000000,496.1,496.1,495.9,496.0,71,21818,21816
2024-09-11 01:32:00.000000000,1725989520000000000,496.0,496.1,495.8,495.9,97,21816,21813
2024-09-11 01:33:00.000000000,1725989580000000000,495.9,496.0,495.8,495.9,46,21813,21807
2024-09-11 01:34:00.000000000,1725989640000000000,495.9,496.0,495.9,496.0,32,21807,21798
2024-09-11 01:35:00.000000000,1725989700000000000,496.0,496.1,495.6,496.0,147,21798,21806
2024-09-11 01:36:00.000000000,1725989760000000000,496.0,496.2,496.0,496.2,62,21806,21803
2024-09-11 01:37:00.000000000,1725989820000000000,496.2,496.2,495.7,495.7,157,21803,21793
2024-09-11 01:38:00.000000000,1725989880000000000,495.7,495.9,495.3,495.5,372,21793,21756
2024-09-11 01:39:00.000000000,1725989940000000000,495.5,495.6,495.3,495.5,101,21756,21753
2024-09-11 01:40:00.000000000,1725990000000000000,495.5,495.6,495.3,495.4,122,21753,21747
2024-09-11 01:41:00.000000000,1725990060000000000,495.4,495.7,495.4,495.5,99,21747,21751
2024-09-11 01:42:00.000000000,1725990120000000000,495.5,495.6,495.4,495.5,20,21751,21759
2024-09-11 01:43:00.000000000,1725990180000000000,495.5,495.8,495.5,495.7,68,21759,21735
2024-09-11 01:44:00.000000000,1725990240000000000,495.7,495.7,495.5,495.7,42,21735,21746
2024-09-11 01:45:00.000000000,1725990300000000000,495.7,496.1,495.7,495.7,115,21746,21738
2024-09-11 01:46:00.000000000,1725990360000000000,495.7,495.8,495.7,495.8,41,21738,21732
2024-09-11 01:47:00.000000000,1725990420000000000,495.8,496.0,495.7,495.8,36,21732,21726
2024-09-11 01:48:00.000000000,1725990480000000000,495.8,495.8,495.5,495.6,59,21726,21725
2024-09-11 01:49:00.000000000,1725990540000000000,495.6,495.7,495.6,495.6,16,21725,21726
2024-09-11 01:50:00.000000000,1725990600000000000,495.6,496.0,495.6,496.0,98,21726,21715
2024-09-11 01:51:00.000000000,1725990660000000000,496.0,496.1,495.7,495.7,76,21715,21731
2024-09-11 01:52:00.000000000,1725990720000000000,495.7,495.8,495.7,495.7,6,21731,21730
2024-09-11 01:53:00.000000000,1725990780000000000,495.7,495.9,495.7,495.9,16,21730,21734
2024-09-11 01:54:00.000000000,1725990840000000000,495.9,495.9,495.6,495.7,70,21734,21729
2024-09-11 01:55:00.000000000,1725990900000000000,495.7,496.0,495.5,495.8,39,21729,21729
2024-09-11 01:56:00.000000000,1725990960000000000,495.8,495.9,495.8,495.8,48,21729,21706
2024-09-11 01:57:00.000000000,1725991020000000000,495.8,496.0,495.8,495.9,35,21706,21700
2024-09-11 01:58:00.000000000,1725991080000000000,495.9,495.9,495.6,495.6,48,21700,21698
2024-09-11 01:59:00.000000000,1725991140000000000,495.6,495.7,495.4,495.7,64,21698,21681
2024-09-11 02:00:00.000000000,1725991200000000000,495.7,495.7,495.4,495.5,137,21681,21642
2024-09-11 02:01:00.000000000,1725991260000000000,495.5,496.3,495.3,496.2,205,21642,21603
2024-09-11 02:02:00.000000000,1725991320000000000,496.2,496.2,495.9,495.9,69,21603,21600
2024-09-11 02:03:00.000000000,1725991380000000000,495.9,496.4,495.8,496.4,163,21600,21566
2024-09-11 02:04:00.000000000,1725991440000000000,496.4,496.4,496.2,496.4,43,21566,21569
2024-09-11 02:05:00.000000000,1725991500000000000,496.4,496.6,496.3,496.6,106,21569,21554
2024-09-11 02:06:00.000000000,1725991560000000000,496.6,496.6,496.2,496.3,41,21554,21559
2024-09-11 02:07:00.000000000,1725991620000000000,496.3,496.4,496.2,496.4,82,21559,21558
2024-09-11 02:08:00.000000000,1725991680000000000,496.4,496.6,496.2,496.2,51,21558,21567
2024-09-11 02:09:00.000000000,1725991740000000000,496.2,496.3,496.1,496.1,65,21567,21580
2024-09-11 02:10:00.000000000,1725991800000000000,496.1,496.3,496.1,496.3,30,21580,21585
2024-09-11 02:11:00.000000000,1725991860000000000,496.3,496.3,496.1,496.2,34,21585,21581
2024-09-11 02:12:00.000000000,1725991920000000000,496.2,496.3,496.1,496.1,25,21581,21582
2024-09-11 02:13:00.000000000,1725991980000000000,496.1,496.2,495.8,496.2,74,21582,21563
2024-09-11 02:14:00.000000000,1725992040000000000,496.2,496.2,495.6,495.8,112,21563,21565
2024-09-11 02:15:00.000000000,1725992100000000000,495.8,495.9,495.7,495.8,123,21565,21520
2024-09-11 02:16:00.000000000,1725992160000000000,495.8,496.1,495.7,495.8,75,21520,21533
2024-09-11 02:17:00.000000000,1725992220000000000,495.8,495.8,495.5,495.6,99,21533,21542
2024-09-11 02:18:00.000000000,1725992280000000000,495.6,495.6,494.8,494.9,377,21542,21527
2024-09-11 02:19:00.000000000,1725992340000000000,494.9,495.7,494.9,495.6,156,21527,21516
2024-09-11 02:20:00.000000000,1725992400000000000,495.6,495.6,495.1,495.2,72,21516,21505
2024-09-11 02:21:00.000000000,1725992460000000000,495.2,495.4,495.0,495.3,77,21505,21517
2024-09-11 02:22:00.000000000,1725992520000000000,495.3,495.4,495.0,495.1,45,21517,21523
2024-09-11 02:23:00.000000000,1725992580000000000,495.1,495.6,495.1,495.4,71,21523,21518
2024-09-11 02:24:00.000000000,1725992640000000000,495.4,495.8,495.4,495.8,87,21518,21489
2024-09-11 02:25:00.000000000,1725992700000000000,495.8,496.0,495.6,496.0,116,21489,21420
2024-09-11 02:26:00.000000000,1725992760000000000,496.0,496.2,495.7,496.2,92,21420,21397
2024-09-11 02:27:00.000000000,1725992820000000000,496.2,496.9,495.8,496.6,340,21397,21269
2024-09-11 02:28:00.000000000,1725992880000000000,496.6,496.7,496.0,496.4,311,21269,21189
2024-09-11 02:29:00.000000000,1725992940000000000,496.4,496.7,496.2,496.2,379,21189,20967
2024-09-11 09:00:00.000000000,1726016400000000000,497.8,498.1,496.4,496.5,1537,20967,20825
2024-09-11 09:01:00.000000000,1726016460000000000,496.5,496.8,496.4,496.6,354,20825,20781
2024-09-11 09:02:00.000000000,1726016520000000000,496.6,496.8,496.0,496.2,477,20781,20775
2024-09-11 09:03:00.000000000,1726016580000000000,496.2,496.3,495.9,496.1,238,20775,20728
2024-09-11 09:04:00.000000000,1726016640000000000,496.1,496.6,496.0,496.6,217,20728,20675
2024-09-11 09:05:00.000000000,1726016700000000000,496.6,496.6,496.2,496.2,231,20675,20729
2024-09-11 09:06:00.000000000,1726016760000000000,496.2,496.6,496.2,496.5,149,20729,20725
2024-09-11 09:07:00.000000000,1726016820000000000,496.5,496.6,496.3,496.3,93,20725,20692
2024-09-11 09:08:00.000000000,1726016880000000000,496.3,496.4,496.0,496.1,92,20692,20684
2024-09-11 09:09:00.000000000,1726016940000000000,496.1,496.3,495.8,496.0,122,20684,20661
2024-09-11 09:10:00.000000000,1726017000000000000,496.0,496.2,495.9,496.1,94,20661,20639
2024-09-11 09:11:00.000000000,1726017060000000000,496.1,496.2,496.0,496.2,73,20639,20648
2024-09-11 09:12:00.000000000,1726017120000000000,496.2,496.2,496.1,496.1,91,20648,20654
2024-09-11 09:13:00.000000000,1726017180000000000,496.1,496.2,495.9,496.1,68,20654,20655
2024-09-11 09:14:00.000000000,1726017240000000000,496.1,496.4,496.1,496.4,72,20655,20634
2024-09-11 09:15:00.000000000,1726017300000000000,496.4,496.6,496.3,496.4,88,20634,20618
2024-09-11 09:16:00.000000000,1726017360000000000,496.4,496.5,496.1,496.1,73,20618,20626
2024-09-11 09:17:00.000000000,1726017420000000000,496.1,496.3,496.1,496.2,27,20626,20634
2024-09-11 09:18:00.000000000,1726017480000000000,496.2,496.7,496.2,496.6,69,20634,20632
2024-09-11 09:19:00.000000000,1726017540000000000,496.6,497.1,496.5,496.9,260,20632,20607
2024-09-11 09:20:00.000000000,1726017600000000000,496.9,496.9,496.6,496.7,79,20607,20607
2024-09-11 09:21:00.000000000,1726017660000000000,496.7,496.7,496.1,496.1,126,20607,20622
2024-09-11 09:22:00.000000000,1726017720000000000,496.1,496.4,496.1,496.4,103,20622,20631
2024-09-11 09:23:00.000000000,1726017780000000000,496.4,496.9,496.3,496.9,105,20631,20641
2024-09-11 09:24:00.000000000,1726017840000000000,496.9,496.9,496.7,496.8,70,20641,20643
2024-09-11 09:25:00.000000000,1726017900000000000,496.8,496.8,496.4,496.5,68,20643,20624
2024-09-11 09:26:00.000000000,1726017960000000000,496.5,496.6,496.3,496.4,124,20624,20661
2024-09-11 09:27:00.000000000,1726018020000000000,496.4,496.6,496.2,496.6,123,20661,20680
2024-09-11 09:28:00.000000000,1726018080000000000,496.6,496.6,496.4,496.5,95,20680,20698
2024-09-11 09:29:00.000000000,1726018140000000000,496.5,497.2,496.5,497.2,260,20698,20698
2024-09-11 09:30:00.000000000,1726018200000000000,497.2,497.7,497.0,497.5,496,20698,20786
2024-09-11 09:31:00.000000000,1726018260000000000,497.5,497.8,497.5,497.5,214,20786,20785
2024-09-11 09:32:00.000000000,1726018320000000000,497.5,497.5,497.2,497.2,82,20785,20762
2024-09-11 09:33:00.000000000,1726018380000000000,497.2,497.2,496.6,496.7,132,20762,20761
2024-09-11 09:34:00.000000000,1726018440000000000,496.7,496.7,495.9,496.0,227,20761,20781
2024-09-11 09:35:00.000000000,1726018500000000000,496.0,496.1,495.9,496.1,91,20781,20782
2024-09-11 09:36:00.000000000,1726018560000000000,496.1,496.2,495.9,496.0,123,20782,20785
2024-09-11 09:37:00.000000000,1726018620000000000,496.0,496.1,495.9,495.9,85,20785,20799
2024-09-11 09:38:00.000000000,1726018680000000000,495.9,495.9,495.3,495.3,183,20799,20782
2024-09-11 09:39:00.000000000,1726018740000000000,495.3,495.6,495.1,495.5,177,20782,20777
2024-09-11 09:40:00.000000000,1726018800000000000,495.5,495.6,495.0,495.2,147,20777,20756
2024-09-11 09:41:00.000000000,1726018860000000000,495.2,495.7,495.1,495.6,125,20756,20767
2024-09-11 09:42:00.000000000,1726018920000000000,495.6,496.1,495.6,496.0,128,20767,20738
2024-09-11 09:43:00.000000000,1726018980000000000,496.0,496.7,496.0,496.7,176,20738,20709
2024-09-11 09:44:00.000000000,1726019040000000000,496.7,497.3,496.7,497.1,199,20709,20648
2024-09-11 09:45:00.000000000,1726019100000000000,497.1,497.1,496.9,497.1,124,20648,20612
2024-09-11 09:46:00.000000000,1726019160000000000,497.1,497.7,497.1,497.5,293,20612,20560
2024-09-11 09:47:00.000000000,1726019220000000000,497.5,497.5,497.1,497.2,131,20560,20530
2024-09-11 09:48:00.000000000,1726019280000000000,497.2,497.4,497.2,497.4,87,20530,20521
2024-09-11 09:49:00.000000000,1726019340000000000,497.4,497.5,497.2,497.2,79,20521,20514
2024-09-11 09:50:00.000000000,1726019400000000000,497.2,497.4,497.1,497.3,147,20514,20524
2024-09-11 09:51:00.000000000,1726019460000000000,497.3,497.5,497.1,497.3,126,20524,20499
2024-09-11 09:52:00.000000000,1726019520000000000,497.3,497.4,497.1,497.4,86,20499,20498
2024-09-11 09:53:00.000000000,1726019580000000000,497.4,498.2,497.4,497.9,395,20498,20512
2024-09-11 09:54:00.000000000,1726019640000000000,497.9,497.9,497.5,497.8,183,20512,20450
2024-09-11 09:55:00.000000000,1726019700000000000,497.8,497.8,497.4,497.7,133,20450,20427
2024-09-11 09:56:00.000000000,1726019760000000000,497.7,497.8,497.6,497.8,51,20427,20425
2024-09-11 09:57:00.000000000,1726019820000000000,497.8,497.9,497.5,497.5,78,20425,20413
2024-09-11 09:58:00.000000000,1726019880000000000,497.5,497.7,497.5,497.5,52,20413,20405
2024-09-11 09:59:00.000000000,1726019940000000000,497.5,497.6,497.4,497.6,47,20405,20400
2024-09-11 10:00:00.000000000,1726020000000000000,497.6,498.1,497.5,498.1,153,20400,20405
2024-09-11 10:01:00.000000000,1726020060000000000,498.1,498.2,497.6,498.1,162,20405,20386
2024-09-11 10:02:00.000000000,1726020120000000000,498.1,498.2,497.8,497.9,112,20386,20369
2024-09-11 10:03:00.000000000,1726020180000000000,497.9,497.9,497.5,497.7,83,20369,20344
2024-09-11 10:04:00.000000000,1726020240000000000,497.7,497.8,497.5,497.5,46,20344,20327
2024-09-11 10:05:00.000000000,1726020300000000000,497.5,497.9,497.5,497.8,63,20327,20318
2024-09-11 10:06:00.000000000,1726020360000000000,497.8,497.8,497.4,497.4,63,20318,20305
2024-09-11 10:07:00.000000000,1726020420000000000,497.4,498.1,497.4,498.0,162,20305,20261
2024-09-11 10:08:00.000000000,1726020480000000000,498.0,498.1,497.9,498.0,80,20261,20250
2024-09-11 10:09:00.000000000,1726020540000000000,498.0,498.2,498.0,498.1,65,20250,20240
2024-09-11 10:10:00.000000000,1726020600000000000,498.1,498.1,497.8,497.8,49,20240,20230
2024-09-11 10:11:00.000000000,1726020660000000000,497.8,497.8,497.6,497.8,58,20230,20206
2024-09-11 10:12:00.000000000,1726020720000000000,497.8,497.8,497.6,497.7,66,20206,20194
2024-09-11 10:13:00.000000000,1726020780000000000,497.7,498.0,497.7,497.8,26,20194,20187
2024-09-11 10:14:00.000000000,1726020840000000000,497.8,498.0,497.8,498.0,67,20187,20163
2024-09-11 10:30:00.000000000,1726021800000000000,498.0,498.9,498.0,498.6,594,20163,20029
2024-09-11 10:31:00.000000000,1726021860000000000,498.6,498.8,498.5,498.7,165,20029,20029
2024-09-11 10:32:00.000000000,1726021920000000000,498.7,499.1,498.7,499.0,295,20029,20000
2024-09-11 10:33:00.000000000,1726021980000000000,499.0,499.0,498.7,499.0,148,20000,19978
2024-09-11 10:34:00.000000000,1726022040000000000,499.0,499.0,498.8,499.0,77,19978,19996
2024-09-11 10:35:00.000000000,1726022100000000000,499.0,499.1,498.8,498.8,110,19996,20012
2024-09-11 10:36:00.000000000,1726022160000000000,498.8,499.3,498.7,499.1,179,20012,19942
2024-09-11 10:37:00.000000000,1726022220000000000,499.1,499.3,499.0,499.3,75,19942,19929
2024-09-11 10:38:00.000000000,1726022280000000000,499.3,499.9,499.3,499.7,283,19929,19886
2024-09-11 10:39:00.000000000,1726022340000000000,499.7,500.5,499.7,500.4,610,19886,19745
2024-09-11 10:40:00.000000000,1726022400000000000,500.4,500.4,500.0,500.3,250,19745,19734
2024-09-11 10:41:00.000000000,1726022460000000000,500.3,500.6,500.3,500.3,171,19734,19690
2024-09-11 10:42:00.000000000,1726022520000000000,500.3,500.5,500.2,500.3,126,19690,19669
2024-09-11 10:43:00.000000000,1726022580000000000,500.3,500.3,500.0,500.2,185,19669,19691
2024-09-11 10:44:00.000000000,1726022640000000000,500.2,500.5,500.0,500.3,102,19691,19677
2024-09-11 10:45:00.000000000,1726022700000000000,500.3,500.6,500.3,500.3,97,19677,19659
2024-09-11 10:46:00.000000000,1726022760000000000,500.3,500.4,500.0,500.0,77,19659,19647
2024-09-11 10:47:00.000000000,1726022820000000000,500.0,500.1,499.8,500.0,123,19647,19655
2024-09-11 10:48:00.000000000,1726022880000000000,500.0,500.5,500.0,500.5,66,19655,19656
2024-09-11 10:49:00.000000000,1726022940000000000,500.5,500.5,500.2,500.4,181,19656,19656
2024-09-11 10:50:00.000000000,1726023000000000000,500.4,500.6,500.4,500.5,111,19656,19656
2024-09-11 10:51:00.000000000,1726023060000000000,500.5,500.5,500.1,500.2,50,19656,19645
2024-09-11 10:52:00.000000000,1726023120000000000,500.2,500.2,500.0,500.1,41,19645,19634
2024-09-11 10:53:00.000000000,1726023180000000000,500.1,500.1,499.7,499.8,101,19634,19602
2024-09-11 10:54:00.000000000,1726023240000000000,499.8,499.9,499.5,499.5,160,19602,19555
2024-09-11 10:55:00.000000000,1726023300000000000,499.5,499.6,499.2,499.4,213,19555,19491
2024-09-11 10:56:00.000000000,1726023360000000000,499.4,499.7,499.3,499.7,137,19491,19438
2024-09-11 10:57:00.000000000,1726023420000000000,499.7,499.7,499.0,499.1,126,19438,19417
2024-09-11 10:58:00.000000000,1726023480000000000,499.1,499.4,499.1,499.3,44,19417,19400
2024-09-11 10:59:00.000000000,1726023540000000000,499.3,499.4,499.2,499.4,52,19400,19391
2024-09-11 11:00:00.000000000,1726023600000000000,499.4,499.4,499.1,499.1,67,19391,19384
2024-09-11 11:01:00.000000000,1726023660000000000,499.1,499.4,499.1,499.3,47,19384,19371
2024-09-11 11:02:00.000000000,1726023720000000000,499.3,499.5,498.9,498.9,77,19371,19385
2024-09-11 11:03:00.000000000,1726023780000000000,498.9,499.1,498.9,499.0,103,19385,19381
2024-09-11 11:04:00.000000000,1726023840000000000,499.0,499.0,499.0,499.0,30,19381,19376
2024-09-11 11:05:00.000000000,1726023900000000000,499.0,499.1,498.7,499.0,129,19376,19356
2024-09-11 11:06:00.000000000,1726023960000000000,499.0,499.2,499.0,499.1,75,19356,19339
2024-09-11 11:07:00.000000000,1726024020000000000,499.1,499.1,498.7,498.8,102,19339,19322
2024-09-11 11:08:00.000000000,1726024080000000000,498.8,498.9,498.8,498.8,50,19322,19306
2024-09-11 11:09:00.000000000,1726024140000000000,498.8,499.0,498.8,498.8,85,19306,19278
2024-09-11 11:10:00.000000000,1726024200000000000,498.8,498.8,498.5,498.6,147,19278,19215
2024-09-11 11:11:00.000000000,1726024260000000000,498.6,498.6,498.5,498.6,80,19215,19195
2024-09-11 11:12:00.000000000,1726024320000000000,498.6,499.3,498.6,499.2,161,19195,19130
2024-09-11 11:13:00.000000000,1726024380000000000,499.2,499.2,498.9,499.0,61,19130,19125
2024-09-11 11:14:00.000000000,1726024440000000000,499.0,499.0,498.7,498.7,48,19125,19131
2024-09-11 11:15:00.000000000,1726024500000000000,498.7,499.1,498.7,498.7,101,19131,19131
2024-09-11 11:16:00.000000000,1726024560000000000,498.7,498.7,498.5,498.6,88,19131,19152
2024-09-11 11:17:00.000000000,1726024620000000000,498.6,498.6,498.5,498.5,34,19152,19143
2024-09-11 11:18:00.000000000,1726024680000000000,498.5,498.9,498.4,498.8,73,19143,19134
2024-09-11 11:19:00.000000000,1726024740000000000,498.8,498.8,498.7,498.8,27,19134,19123
2024-09-11 11:20:00.000000000,1726024800000000000,498.8,498.8,498.4,498.5,99,19123,19095
2024-09-11 11:21:00.000000000,1726024860000000000,498.5,498.5,498.2,498.2,81,19095,19075
2024-09-11 11:22:00.000000000,1726024920000000000,498.2,498.3,498.1,498.2,81,19075,19054
2024-09-11 11:23:00.000000000,1726024980000000000,498.2,498.7,498.2,498.7,42,19054,19054
2024-09-11 11:24:00.000000000,1726025040000000000,498.7,498.7,498.5,498.6,34,19054,19061
2024-09-11 11:25:00.000000000,1726025100000000000,498.6,498.7,498.6,498.7,30,19061,19051
2024-09-11 11:26:00.000000000,1726025160000000000,498.7,498.8,498.7,498.7,54,19051,19041
2024-09-11 11:27:00.000000000,1726025220000000000,498.7,498.7,498.6,498.7,71,19041,19044
2024-09-11 11:28:00.000000000,1726025280000000000,498.7,499.0,498.7,499.0,82,19044,19016
2024-09-11 11:29:00.000000000,1726025340000000000,499.0,499.1,498.9,499.1,195,19016,18986
2024-09-11 13:30:00.000000000,1726032600000000000,498.8,499.2,498.4,499.1,334,18986,18987
2024-09-11 13:31:00.000000000,1726032660000000000,499.1,499.2,498.8,498.8,172,18987,18990
2024-09-11 13:32:00.000000000,1726032720000000000,498.8,499.0,498.8,499.0,35,18990,18981
2024-09-11 13:33:00.000000000,1726032780000000000,499.0,499.0,498.8,499.0,174,18981,18981
2024-09-11 13:34:00.000000000,1726032840000000000,499.0,499.2,498.9,499.2,87,18981,18974
2024-09-11 13:35:00.000000000,1726032900000000000,499.2,499.4,499.1,499.4,121,18974,18962
2024-09-11 13:36:00.000000000,1726032960000000000,499.4,499.7,499.3,499.6,166,18962,18928
2024-09-11 13:37:00.000000000,1726033020000000000,499.6,500.3,499.5,499.9,323,18928,18925
2024-09-11 13:38:00.000000000,1726033080000000000,499.9,500.5,499.8,500.4,292,18925,18909
2024-09-11 13:39:00.000000000,1726033140000000000,500.4,500.5,500.1,500.2,198,18909,18918
2024-09-11 13:40:00.000000000,1726033200000000000,500.2,500.2,500.1,500.2,77,18918,18920
2024-09-11 13:41:00.000000000,1726033260000000000,500.2,500.2,499.8,500.0,172,18920,18889
2024-09-11 13:42:00.000000000,1726033320000000000,500.0,500.4,500.0,500.4,107,18889,18847
2024-09-11 13:43:00.000000000,1726033380000000000,500.4,500.7,500.4,500.5,187,18847,18820
2024-09-11 13:44:00.000000000,1726033440000000000,500.5,500.7,500.4,500.7,157,18820,18768
2024-09-11 13:45:00.000000000,1726033500000000000,500.7,500.7,500.4,500.7,109,18768,18770
2024-09-11 13:46:00.000000000,1726033560000000000,500.7,500.8,500.5,500.6,93,18770,18749
2024-09-11 13:47:00.000000000,1726033620000000000,500.6,501.3,500.6,501.1,358,18749,18646
2024-09-11 13:48:00.000000000,1726033680000000000,501.1,501.8,501.1,501.8,322,18646,18572
2024-09-11 13:49:00.000000000,1726033740000000000,501.8,503.4,501.8,503.4,718,18572,18615
2024-09-11 13:50:00.000000000,1726033800000000000,503.4,503.5,503.0,503.3,533,18615,18612
2024-09-11 13:51:00.000000000,1726033860000000000,503.3,503.3,502.9,503.1,221,18612,18595
2024-09-11 13:52:00.000000000,1726033920000000000,503.1,503.5,502.8,503.5,269,18595,18573
2024-09-11 13:53:00.000000000,1726033980000000000,503.5,503.7,503.0,503.0,294,18573,18528
2024-09-11 13:54:00.000000000,1726034040000000000,503.0,503.1,502.8,502.9,160,18528,18503
2024-09-11 13:55:00.000000000,1726034100000000000,502.9,503.2,502.9,503.0,104,18503,18509
2024-09-11 13:56:00.000000000,1726034160000000000,503.0,503.1,502.5,502.6,137,18509,18475
2024-09-11 13:57:00.000000000,1726034220000000000,502.6,502.8,502.4,502.4,267,18475,18560
2024-09-11 13:58:00.000000000,1726034280000000000,502.4,502.5,502.0,502.1,181,18560,18506
2024-09-11 13:59:00.000000000,1726034340000000000,502.1,502.2,501.8,501.8,262,18506,18440
2024-09-11 14:00:00.000000000,1726034400000000000,501.8,501.9,501.3,501.5,369,18440,18280
2024-09-11 14:01:00.000000000,1726034460000000000,501.5,501.8,501.4,501.6,328,18280,18230
2024-09-11 14:02:00.000000000,1726034520000000000,501.6,501.7,501.5,501.6,52,18230,18236
2024-09-11 14:03:00.000000000,1726034580000000000,501.6,501.8,501.6,501.8,78,18236,18235
2024-09-11 14:04:00.000000000,1726034640000000000,501.8,501.8,501.4,501.5,117,18235,18226
2024-09-11 14:05:00.000000000,1726034700000000000,501.5,501.5,501.2,501.3,118,18226,18209
2024-09-11 14:06:00.000000000,1726034760000000000,501.3,501.6,501.3,501.4,76,18209,18209
2024-09-11 14:07:00.000000000,1726034820000000000,501.4,501.5,501.2,501.4,74,18209,18218
2024-09-11 14:08:00.000000000,1726034880000000000,501.4,501.7,501.4,501.5,62,18218,18224
2024-09-11 14:09:00.000000000,1726034940000000000,501.5,501.7,501.4,501.4,93,18224,18239
2024-09-11 14:10:00.000000000,1726035000000000000,501.4,501.5,501.2,501.3,118,18239,18251
2024-09-11 14:11:00.000000000,1726035060000000000,501.3,501.6,501.3,501.6,127,18251,18218
2024-09-11 14:12:00.000000000,1726035120000000000,501.6,501.9,501.6,501.6,179,18218,18220
2024-09-11 14:13:00.000000000,1726035180000000000,501.6,501.6,501.1,501.4,123,18220,18238
2024-09-11 14:14:00.000000000,1726035240000000000,501.4,501.5,501.3,501.4,38,18238,18251
2024-09-11 14:15:00.000000000,1726035300000000000,501.4,501.4,500.8,500.9,181,18251,18262
2024-09-11 14:16:00.000000000,1726035360000000000,500.9,501.2,500.8,500.8,269,18262,18331
2024-09-11 14:17:00.000000000,1726035420000000000,500.8,500.9,500.6,500.7,128,18331,18318
2024-09-11 14:18:00.000000000,1726035480000000000,500.7,500.7,500.5,500.6,158,18318,18294
2024-09-11 14:19:00.000000000,1726035540000000000,500.6,501.2,500.6,501.2,113,18294,18273
2024-09-11 14:20:00.000000000,1726035600000000000,501.2,501.7,501.1,501.4,305,18273,18218
2024-09-11 14:21:00.000000000,1726035660000000000,501.4,501.4,501.3,501.3,37,18218,18224
2024-09-11 14:22:00.000000000,1726035720000000000,501.3,501.4,501.0,501.1,59,18224,18232
2024-09-11 14:23:00.000000000,1726035780000000000,501.1,501.8,501.0,501.8,109,18232,18238
2024-09-11 14:24:00.000000000,1726035840000000000,501.8,502.7,501.7,502.3,422,18238,18169
2024-09-11 14:25:00.000000000,1726035900000000000,502.3,502.4,502.2,502.3,83,18169,18146
2024-09-11 14:26:00.000000000,1726035960000000000,502.3,502.3,502.1,502.1,45,18146,18150
2024-09-11 14:27:00.000000000,1726036020000000000,502.1,502.2,502.0,502.0,63,18150,18130
2024-09-11 14:28:00.000000000,1726036080000000000,502.0,502.3,502.0,502.1,46,18130,18135
2024-09-11 14:29:00.000000000,1726036140000000000,502.1,502.4,502.1,502.4,55,18135,18129
2024-09-11 14:30:00.000000000,1726036200000000000,502.4,502.4,502.1,502.1,39,18129,18124
2024-09-11 14:31:00.000000000,1726036260000000000,502.1,503.4,502.1,503.4,322,18124,18075
2024-09-11 14:32:00.000000000,1726036320000000000,503.4,503.7,503.3,503.6,298,18075,18035
2024-09-11 14:33:00.000000000,1726036380000000000,503.6,504.1,503.6,504.0,255,18035,18044
2024-09-11 14:34:00.000000000,1726036440000000000,504.0,504.5,503.7,504.3,338,18044,17996
2024-09-11 14:35:00.000000000,1726036500000000000,504.3,504.3,504.0,504.1,166,17996,17954
2024-09-11 14:36:00.000000000,1726036560000000000,504.1,504.8,504.0,504.8,220,17954,17911
2024-09-11 14:37:00.000000000,1726036620000000000,504.8,505.3,504.6,505.2,410,17911,17899
2024-09-11 14:38:00.000000000,1726036680000000000,505.2,505.7,505.1,505.3,305,17899,17913
2024-09-11 14:39:00.000000000,1726036740000000000,505.3,505.6,505.2,505.3,232,17913,17881
2024-09-11 14:40:00.000000000,1726036800000000000,505.3,505.5,504.6,504.6,473,17881,17800
2024-09-11 14:41:00.000000000,1726036860000000000,504.6,505.0,504.5,504.8,248,17800,17734
2024-09-11 14:42:00.000000000,1726036920000000000,504.8,504.8,503.6,503.8,488,17734,17645
2024-09-11 14:43:00.000000000,1726036980000000000,503.8,503.8,503.3,503.4,408,17645,17507
2024-09-11 14:44:00.000000000,1726037040000000000,503.4,503.5,503.1,503.1,197,17507,17471
2024-09-11 14:45:00.000000000,1726037100000000000,503.1,503.9,503.1,503.6,274,17471,17399
2024-09-11 14:46:00.000000000,1726037160000000000,503.6,504.2,503.4,503.9,327,17399,17501
2024-09-11 14:47:00.000000000,1726037220000000000,503.9,504.0,503.6,503.6,317,17501,17520
2024-09-11 14:48:00.000000000,1726037280000000000,503.6,503.9,503.6,503.7,120,17520,17534
2024-09-11 14:49:00.000000000,1726037340000000000,503.7,503.8,503.3,503.8,170,17534,17538
2024-09-11 14:50:00.000000000,1726037400000000000,503.8,504.1,503.7,504.0,144,17538,17508
2024-09-11 14:51:00.000000000,1726037460000000000,504.0,504.0,503.2,503.2,188,17508,17520
2024-09-11 14:52:00.000000000,1726037520000000000,503.2,503.4,503.0,503.3,185,17520,17519
2024-09-11 14:53:00.000000000,1726037580000000000,503.3,504.0,503.1,503.9,162,17519,17473
2024-09-11 14:54:00.000000000,1726037640000000000,503.9,503.9,503.4,503.5,111,17473,17434
2024-09-11 14:55:00.000000000,1726037700000000000,503.5,503.5,503.2,503.4,89,17434,17407
2024-09-11 14:56:00.000000000,1726037760000000000,503.4,503.4,503.1,503.3,99,17407,17376
2024-09-11 14:57:00.000000000,1726037820000000000,503.3,503.3,503.0,503.0,187,17376,17378
2024-09-11 14:58:00.000000000,1726037880000000000,503.0,503.8,503.0,503.7,291,17378,17265
2024-09-11 14:59:00.000000000,1726037940000000000,503.7,503.8,503.0,503.1,403,17265,17258
2024-09-11 21:00:00.000000000,1726059600000000000,504.8,504.9,503.5,504.2,1368,17258,17185
2024-09-11 21:01:00.000000000,1726059660000000000,504.2,505.6,503.5,504.1,1237,17185,17198
2024-09-11 21:02:00.000000000,1726059720000000000,504.1,504.9,503.9,504.6,754,17198,17255
2024-09-11 21:03:00.000000000,1726059780000000000,504.6,504.9,503.7,504.0,879,17255,17307
2024-09-11 21:04:00.000000000,1726059840000000000,504.0,504.4,503.3,503.3,428,17307,17311
2024-09-11 21:05:00.000000000,1726059900000000000,503.3,503.9,503.1,503.6,443,17311,17319
2024-09-11 21:06:00.000000000,1726059960000000000,503.6,504.0,503.5,503.7,267,17319,17298
2024-09-11 21:07:00.000000000,1726060020000000000,503.7,503.9,503.3,503.6,398,17298,17359
2024-09-11 21:08:00.000000000,1726060080000000000,503.6,503.8,503.2,503.4,338,17359,17359
2024-09-11 21:09:00.000000000,1726060140000000000,503.4,504.0,503.3,503.8,301,17359,17361
2024-09-11 21:10:00.000000000,1726060200000000000,503.8,503.9,502.4,502.5,661,17361,17417
2024-09-11 21:11:00.000000000,1726060260000000000,502.5,503.3,502.4,502.6,711,17417,17532
2024-09-11 21:12:00.000000000,1726060320000000000,502.6,502.7,501.6,501.8,761,17532,17540
2024-09-11 21:13:00.000000000,1726060380000000000,501.8,502.2,501.7,501.8,458,17540,17659
2024-09-11 21:14:00.000000000,1726060440000000000,501.8,502.1,501.6,501.9,559,17659,17812
2024-09-11 21:15:00.000000000,1726060500000000000,501.9,502.1,501.4,502.0,586,17812,17807
2024-09-11 21:16:00.000000000,1726060560000000000,502.0,502.7,501.9,502.6,522,17807,17763
2024-09-11 21:17:00.000000000,1726060620000000000,502.6,503.1,502.6,503.0,473,17763,17763
2024-09-11 21:18:00.000000000,1726060680000000000,503.0,503.1,502.5,502.6,227,17763,17765
2024-09-11 21:19:00.000000000,1726060740000000000,502.6,503.5,502.6,503.4,436,17765,17734
2024-09-11 21:20:00.000000000,1726060800000000000,503.4,505.0,503.4,505.0,976,17734,17660
2024-09-11 21:21:00.000000000,1726060860000000000,505.0,505.4,504.8,505.0,698,17660,17611
2024-09-11 21:22:00.000000000,1726060920000000000,505.0,505.9,505.0,505.7,577,17611,17633
2024-09-11 21:23:00.000000000,1726060980000000000,505.7,505.8,505.2,505.6,598,17633,17645
2024-09-11 21:24:00.000000000,1726061040000000000,505.6,505.6,504.9,505.1,459,17645,17671
2024-09-11 21:25:00.000000000,1726061100000000000,505.1,505.3,504.7,505.2,311,17671,17672
2024-09-11 21:26:00.000000000,1726061160000000000,505.2,505.2,504.5,504.9,306,17672,17682
2024-09-11 21:27:00.000000000,1726061220000000000,504.9,505.2,504.4,504.7,324,17682,17713
2024-09-11 21:28:00.000000000,1726061280000000000,504.7,505.1,504.6,505.0,156,17713,17712
2024-09-11 21:29:00.000000000,1726061340000000000,505.0,505.7,504.7,505.0,524,17712,17781
2024-09-11 21:30:00.000000000,1726061400000000000,505.0,505.3,504.6,505.0,452,17781,17799
2024-09-11 21:31:00.000000000,1726061460000000000,505.0,505.1,504.2,504.2,323,17799,17786
2024-09-11 21:32:00.000000000,1726061520000000000,504.2,504.8,504.1,504.6,516,17786,17811
2024-09-11 21:33:00.000000000,1726061580000000000,504.6,504.8,504.3,504.6,354,17811,17839
2024-09-11 21:34:00.000000000,1726061640000000000,504.6,504.6,503.8,503.9,500,17839,17842
2024-09-11 21:35:00.000000000,1726061700000000000,503.9,504.2,503.5,503.8,448,17842,17836
2024-09-11 21:36:00.000000000,1726061760000000000,503.8,504.2,503.4,503.8,313,17836,17803
2024-09-11 21:37:00.000000000,1726061820000000000,503.8,504.2,503.7,503.9,164,17803,17793
2024-09-11 21:38:00.000000000,1726061880000000000,503.9,504.1,503.4,503.5,243,17793,17813
2024-09-11 21:39:00.000000000,1726061940000000000,503.5,503.6,502.7,502.9,574,17813,17792
2024-09-11 21:40:00.000000000,1726062000000000000,502.9,502.9,502.6,502.7,325,17792,17740
2024-09-11 21:41:00.000000000,1726062060000000000,502.7,502.9,502.5,502.7,327,17740,17711
2024-09-11 21:42:00.000000000,1726062120000000000,502.7,502.7,502.0,502.1,373,17711,17677
2024-09-11 21:43:00.000000000,1726062180000000000,502.1,502.5,502.0,502.3,327,17677,17706
2024-09-11 21:44:00.000000000,1726062240000000000,502.3,502.4,501.8,502.3,359,17706,17727
2024-09-11 21:45:00.000000000,1726062300000000000,502.3,502.4,501.8,502.1,309,17727,17765
2024-09-11 21:46:00.000000000,1726062360000000000,502.1,502.6,502.1,502.3,312,17765,17775
2024-09-11 21:47:00.000000000,1726062420000000000,502.3,502.3,501.7,502.3,394,17775,17750
2024-09-11 21:48:00.000000000,1726062480000000000,502.3,502.6,502.1,502.6,234,17750,17772
2024-09-11 21:49:00.000000000,1726062540000000000,502.6,503.1,502.5,502.8,375,17772,17714
2024-09-11 21:50:00.000000000,1726062600000000000,502.8,502.8,501.1,501.4,827,17714,17748
2024-09-11 21:51:00.000000000,1726062660000000000,501.4,501.6,500.8,500.9,687,17748,17877
2024-09-11 21:52:00.000000000,1726062720000000000,500.9,501.3,500.4,500.6,736,17877,17929
2024-09-11 21:53:00.000000000,1726062780000000000,500.6,501.3,500.6,501.1,469,17929,17958
2024-09-11 21:54:00.000000000,1726062840000000000,501.1,501.4,500.7,500.7,391,17958,18038
2024-09-11 21:55:00.000000000,1726062900000000000,500.7,500.9,499.7,499.9,909,18038,18198
2024-09-11 21:56:00.000000000,1726062960000000000,499.9,500.2,499.9,500.0,475,18198,18290
2024-09-11 21:57:00.000000000,1726063020000000000,500.0,500.3,499.9,500.2,252,18290,18321
2024-09-11 21:58:00.000000000,1726063080000000000,500.2,500.7,500.1,500.4,334,18321,18286
2024-09-11 21:59:00.000000000,1726063140000000000,500.4,501.1,500.3,500.9,352,18286,18212
2024-09-11 22:00:00.000000000,1726063200000000000,500.9,501.4,500.7,500.7,400,18212,18230
2024-09-11 22:01:00.000000000,1726063260000000000,500.7,500.9,500.3,500.9,369,18230,18283
2024-09-11 22:02:00.000000000,1726063320000000000,500.9,500.9,500.4,500.5,155,18283,18295
2024-09-11 22:03:00.000000000,1726063380000000000,500.5,500.5,499.8,500.2,341,18295,18315
2024-09-11 22:04:00.000000000,1726063440000000000,500.2,500.6,500.0,500.2,223,18315,18346
2024-09-11 22:05:00.000000000,1726063500000000000,500.2,500.3,499.8,500.3,486,18346,18433
2024-09-11 22:06:00.000000000,1726063560000000000,500.3,500.7,500.3,500.7,272,18433,18438
2024-09-11 22:07:00.000000000,1726063620000000000,500.7,501.5,500.7,501.0,628,18438,18430
2024-09-11 22:08:00.000000000,1726063680000000000,501.0,501.2,500.8,500.8,265,18430,18427
2024-09-11 22:09:00.000000000,1726063740000000000,500.8,501.2,500.8,501.1,139,18427,18448
2024-09-11 22:10:00.000000000,1726063800000000000,501.1,501.2,500.2,500.4,457,18448,18457
2024-09-11 22:11:00.000000000,1726063860000000000,500.4,500.6,500.1,500.2,273,18457,18452
2024-09-11 22:12:00.000000000,1726063920000000000,500.2,500.3,499.4,499.4,329,18452,18441
2024-09-11 22:13:00.000000000,1726063980000000000,499.4,500.0,499.4,500.0,497,18441,18494
2024-09-11 22:14:00.000000000,1726064040000000000,500.0,500.1,499.2,499.3,337,18494,18508
2024-09-11 22:15:00.000000000,1726064100000000000,499.3,499.6,498.9,499.0,594,18508,18503
2024-09-11 22:16:00.000000000,1726064160000000000,499.0,499.6,498.9,499.1,474,18503,18460
2024-09-11 22:17:00.000000000,1726064220000000000,499.1,499.1,498.6,498.7,528,18460,18503
2024-09-11 22:18:00.000000000,1726064280000000000,498.7,499.0,498.6,498.8,253,18503,18523
2024-09-11 22:19:00.000000000,1726064340000000000,498.8,499.7,498.8,499.5,469,18523,18477
2024-09-11 22:20:00.000000000,1726064400000000000,499.5,499.9,499.5,499.7,367,18477,18430
2024-09-11 22:21:00.000000000,1726064460000000000,499.7,500.3,499.7,500.0,511,18430,18347
2024-09-11 22:22:00.000000000,1726064520000000000,500.0,500.5,499.8,500.4,366,18347,18328
2024-09-11 22:23:00.000000000,1726064580000000000,500.4,501.0,500.3,500.4,416,18328,18272
2024-09-11 22:24:00.000000000,1726064640000000000,500.4,500.6,500.2,500.3,166,18272,18246
2024-09-11 22:25:00.000000000,1726064700000000000,500.3,500.5,500.1,500.3,178,18246,18253
2024-09-11 22:26:00.000000000,1726064760000000000,500.3,500.7,500.3,500.5,161,18253,18257
2024-09-11 22:27:00.000000000,1726064820000000000,500.5,500.7,500.2,500.5,206,18257,18240
2024-09-11 22:28:00.000000000,1726064880000000000,500.5,501.8,500.5,501.7,592,18240,18127
2024-09-11 22:29:00.000000000,1726064940000000000,501.7,501.7,501.1,501.3,423,18127,18216
2024-09-11 22:30:00.000000000,1726065000000000000,501.3,501.3,497.3,497.5,2390,18216,18295
2024-09-11 22:31:00.000000000,1726065060000000000,497.5,497.6,496.3,496.6,1340,18295,18429
2024-09-11 22:32:00.000000000,1726065120000000000,496.6,496.7,495.9,496.3,998,18429,18411
2024-09-11 22:33:00.000000000,1726065180000000000,496.3,497.5,496.3,497.1,918,18411,18338
2024-09-11 22:34:00.000000000,1726065240000000000,497.1,497.6,496.4,497.2,659,18338,18347
2024-09-11 22:35:00.000000000,1726065300000000000,497.2,497.7,496.2,496.7,719,18347,18324
2024-09-11 22:36:00.000000000,1726065360000000000,496.7,497.5,496.1,496.2,551,18324,18381
2024-09-11 22:37:00.000000000,1726065420000000000,496.2,496.5,495.8,496.3,484,18381,18399
2024-09-11 22:38:00.000000000,1726065480000000000,496.3,496.3,495.0,495.5,794,18399,18387
2024-09-11 22:39:00.000000000,1726065540000000000,495.5,495.7,495.2,495.7,442,18387,18340
2024-09-11 22:40:00.000000000,1726065600000000000,495.7,496.3,495.3,496.2,665,18340,18318
2024-09-11 22:41:00.000000000,1726065660000000000,496.2,496.4,495.7,496.3,448,18318,18367
2024-09-11 22:42:00.000000000,1726065720000000000,496.3,497.0,495.6,496.9,645,18367,18391
2024-09-11 22:43:00.000000000,1726065780000000000,496.9,497.1,496.5,496.7,688,18391,18422
2024-09-11 22:44:00.000000000,1726065840000000000,496.7,496.9,496.2,496.3,347,18422,18486
2024-09-11 22:45:00.000000000,1726065900000000000,496.3,496.7,496.1,496.3,363,18486,18513
2024-09-11 22:46:00.000000000,1726065960000000000,496.3,496.7,496.1,496.1,329,18513,18534
2024-09-11 22:47:00.000000000,1726066020000000000,496.1,496.4,495.6,496.2,409,18534,18535
2024-09-11 22:48:00.000000000,1726066080000000000,496.2,496.2,495.6,495.8,226,18535,18543
2024-09-11 22:49:00.000000000,1726066140000000000,495.8,495.8,494.6,494.7,914,18543,18571
2024-09-11 22:50:00.000000000,1726066200000000000,494.7,495.1,494.0,495.1,897,18571,18733
2024-09-11 22:51:00.000000000,1726066260000000000,495.1,495.6,494.9,495.5,543,18733,18726
2024-09-11 22:52:00.000000000,1726066320000000000,495.5,496.4,495.5,496.2,767,18726,18682
2024-09-11 22:53:00.000000000,1726066380000000000,496.2,496.8,496.1,496.5,473,18682,18643
2024-09-11 22:54:00.000000000,1726066440000000000,496.5,497.1,496.1,496.8,544,18643,18675
2024-09-11 22:55:00.000000000,1726066500000000000,496.8,497.1,496.1,496.3,454,18675,18734
2024-09-11 22:56:00.000000000,1726066560000000000,496.3,496.9,496.3,496.7,297,18734,18721
2024-09-11 22:57:00.000000000,1726066620000000000,496.7,497.4,496.4,497.3,464,18721,18678
2024-09-11 22:58:00.000000000,1726066680000000000,497.3,497.6,497.1,497.2,623,18678,18729
2024-09-11 22:59:00.000000000,1726066740000000000,497.2,497.8,497.1,497.6,590,18729,18862
2024-09-11 23:00:00.000000000,1726066800000000000,497.6,498.4,497.5,498.4,795,18862,18913
2024-09-11 23:01:00.000000000,1726066860000000000,498.4,498.5,497.7,497.7,1008,18913,19114
2024-09-11 23:02:00.000000000,1726066920000000000,497.7,498.5,497.7,498.3,633,19114,19134
2024-09-11 23:03:00.000000000,1726066980000000000,498.3,498.4,498.0,498.1,420,19134,19198
2024-09-11 23:04:00.000000000,1726067040000000000,498.1,498.1,497.5,497.6,374,19198,19187
2024-09-11 23:05:00.000000000,1726067100000000000,497.6,498.9,497.5,498.9,614,19187,19250
2024-09-11 23:06:00.000000000,1726067160000000000,498.9,499.4,498.7,499.2,877,19250,19266
2024-09-11 23:07:00.000000000,1726067220000000000,499.2,499.2,498.5,498.6,437,19266,19225
2024-09-11 23:08:00.000000000,1726067280000000000,498.6,498.9,498.2,498.7,458,19225,19187
2024-09-11 23:09:00.000000000,1726067340000000000,498.7,498.7,498.1,498.4,292,19187,19211
2024-09-11 23:10:00.000000000,1726067400000000000,498.4,498.5,497.6,497.6,412,19211,19203
2024-09-11 23:11:00.000000000,1726067460000000000,497.6,498.1,497.5,497.8,320,19203,19191
2024-09-11 23:12:00.000000000,1726067520000000000,497.8,498.4,497.7,498.2,210,19191,19195
2024-09-11 23:13:00.000000000,1726067580000000000,498.2,498.6,498.1,498.2,243,19195,19194
2024-09-11 23:14:00.000000000,1726067640000000000,498.2,499.0,498.2,498.7,312,19194,19169
2024-09-11 23:15:00.000000000,1726067700000000000,498.7,498.9,498.3,498.5,293,19169,19180
2024-09-11 23:16:00.000000000,1726067760000000000,498.5,498.9,498.5,498.7,206,19180,19209
2024-09-11 23:17:00.000000000,1726067820000000000,498.7,499.0,498.5,498.6,284,19209,19207
2024-09-11 23:18:00.000000000,1726067880000000000,498.6,499.3,498.6,499.3,329,19207,19214
2024-09-11 23:19:00.000000000,1726067940000000000,499.3,499.3,498.9,498.9,205,19214,19188
2024-09-11 23:20:00.000000000,1726068000000000000,498.9,499.3,498.9,499.0,229,19188,19199
2024-09-11 23:21:00.000000000,1726068060000000000,499.0,499.5,498.5,498.5,555,19199,19146
2024-09-11 23:22:00.000000000,1726068120000000000,498.5,498.5,497.9,498.0,691,19146,19120
2024-09-11 23:23:00.000000000,1726068180000000000,498.0,498.2,497.9,498.0,235,19120,19155
2024-09-11 23:24:00.000000000,1726068240000000000,498.0,498.1,497.5,497.5,333,19155,19112
2024-09-11 23:25:00.000000000,1726068300000000000,497.5,498.0,497.0,497.0,628,19112,19084
2024-09-11 23:26:00.000000000,1726068360000000000,497.0,497.2,496.6,496.7,488,19084,19039
2024-09-11 23:27:00.000000000,1726068420000000000,496.7,496.7,496.1,496.2,533,19039,19066
2024-09-11 23:28:00.000000000,1726068480000000000,496.2,496.7,496.0,496.6,594,19066,19031
2024-09-11 23:29:00.000000000,1726068540000000000,496.6,497.3,496.5,497.2,475,19031,18966
2024-09-11 23:30:00.000000000,1726068600000000000,497.2,498.3,497.1,498.1,616,18966,18944
2024-09-11 23:31:00.000000000,1726068660000000000,498.1,499.1,498.1,498.7,594,18944,18930
2024-09-11 23:32:00.000000000,1726068720000000000,498.7,499.6,498.7,499.4,572,18930,18980
2024-09-11 23:33:00.000000000,1726068780000000000,499.4,500.6,499.4,500.3,953,18980,18955
2024-09-11 23:34:00.000000000,1726068840000000000,500.3,500.6,500.2,500.6,422,18955,19014
2024-09-11 23:35:00.000000000,1726068900000000000,500.6,500.6,499.9,500.3,718,19014,18918
2024-09-11 23:36:00.000000000,1726068960000000000,500.3,501.0,500.3,500.6,551,18918,18856
2024-09-11 23:37:00.000000000,1726069020000000000,500.6,501.3,500.3,501.1,404,18856,18869
2024-09-11 23:38:00.000000000,1726069080000000000,501.1,502.0,501.1,501.6,859,18869,18842
2024-09-11 23:39:00.000000000,1726069140000000000,501.6,502.6,501.6,502.4,785,18842,18907
2024-09-11 23:40:00.000000000,1726069200000000000,502.4,503.0,502.2,502.3,843,18907,18898
2024-09-11 23:41:00.000000000,1726069260000000000,502.3,502.8,502.1,502.5,446,18898,18942
2024-09-11 23:42:00.000000000,1726069320000000000,502.5,502.7,502.2,502.3,351,18942,18927
2024-09-11 23:43:00.000000000,1726069380000000000,502.3,502.3,501.4,501.7,793,18927,18897
2024-09-11 23:44:00.000000000,1726069440000000000,501.7,501.8,501.4,501.8,395,18897,18952
2024-09-11 23:45:00.000000000,1726069500000000000,501.8,502.2,501.8,502.1,405,18952,18993
2024-09-11 23:46:00.000000000,1726069560000000000,502.1,502.4,501.8,502.3,269,18993,18983
2024-09-11 23:47:00.000000000,1726069620000000000,502.3,502.8,502.3,502.3,547,18983,18975
2024-09-11 23:48:00.000000000,1726069680000000000,502.3,502.9,502.3,502.5,382,18975,18964
2024-09-11 23:49:00.000000000,1726069740000000000,502.5,502.7,502.4,502.5,179,18964,18985
2024-09-11 23:50:00.000000000,1726069800000000000,502.5,502.7,501.9,502.1,336,18985,19006
2024-09-11 23:51:00.000000000,1726069860000000000,502.1,502.9,502.1,502.9,345,19006,18998
2024-09-11 23:52:00.000000000,1726069920000000000,502.9,503.5,502.8,503.0,719,18998,18914
2024-09-11 23:53:00.000000000,1726069980000000000,503.0,503.4,503.0,503.3,339,18914,18944
2024-09-11 23:54:00.000000000,1726070040000000000,503.3,503.3,502.8,502.9,309,18944,18908
2024-09-11 23:55:00.000000000,1726070100000000000,502.9,503.1,502.7,502.8,216,18908,18897
2024-09-11 23:56:00.000000000,1726070160000000000,502.8,502.9,502.4,502.6,406,18897,18901
2024-09-11 23:57:00.000000000,1726070220000000000,502.6,502.7,502.3,502.4,192,18901,18883
2024-09-11 23:58:00.000000000,1726070280000000000,502.4,502.7,502.1,502.6,315,18883,18883
2024-09-11 23:59:00.000000000,1726070340000000000,502.6,503.0,502.6,502.8,152,18883,18896
2024-09-12 00:00:00.000000000,1726070400000000000,502.8,503.2,502.7,503.0,258,18896,18898
2024-09-12 00:01:00.000000000,1726070460000000000,503.0,503.2,502.9,503.0,197,18898,18868
2024-09-12 00:02:00.000000000,1726070520000000000,503.0,503.3,502.9,503.1,191,18868,18876
2024-09-12 00:03:00.000000000,1726070580000000000,503.1,503.2,502.4,502.7,324,18876,18898
2024-09-12 00:04:00.000000000,1726070640000000000,502.7,503.1,502.5,503.1,371,18898,18859
2024-09-12 00:05:00.000000000,1726070700000000000,503.1,503.3,502.5,502.6,475,18859,18726
2024-09-12 00:06:00.000000000,1726070760000000000,502.6,502.8,502.2,502.8,481,18726,18759
2024-09-12 00:07:00.000000000,1726070820000000000,502.8,503.6,502.6,503.6,404,18759,18744
2024-09-12 00:08:00.000000000,1726070880000000000,503.6,503.8,503.1,503.2,448,18744,18717
2024-09-12 00:09:00.000000000,1726070940000000000,503.2,503.4,503.0,503.0,191,18717,18779
2024-09-12 00:10:00.000000000,1726071000000000000,503.0,503.3,503.0,503.2,161,18779,18803
2024-09-12 00:11:00.000000000,1726071060000000000,503.2,503.3,503.1,503.2,101,18803,18802
2024-09-12 00:12:00.000000000,1726071120000000000,503.2,503.2,502.7,502.7,218,18802,18830
2024-09-12 00:13:00.000000000,1726071180000000000,502.7,502.9,502.7,502.9,109,18830,18808
2024-09-12 00:14:00.000000000,1726071240000000000,502.9,503.2,502.8,503.1,125,18808,18809
2024-09-12 00:15:00.000000000,1726071300000000000,503.1,503.2,502.7,503.1,174,18809,18862
2024-09-12 00:16:00.000000000,1726071360000000000,503.1,503.1,502.6,502.6,197,18862,18875
2024-09-12 00:17:00.000000000,1726071420000000000,502.6,502.7,502.1,502.1,321,18875,18847
2024-09-12 00:18:00.000000000,1726071480000000000,502.1,502.2,501.8,502.0,424,18847,18809
2024-09-12 00:19:00.000000000,1726071540000000000,502.0,502.2,501.7,502.1,389,18809,18764
2024-09-12 00:20:00.000000000,1726071600000000000,502.1,502.6,502.1,502.5,215,18764,18753
2024-09-12 00:21:00.000000000,1726071660000000000,502.5,502.6,502.3,502.5,136,18753,18756
2024-09-12 00:22:00.000000000,1726071720000000000,502.5,502.5,502.3,502.4,76,18756,18762
2024-09-12 00:23:00.000000000,1726071780000000000,502.4,503.1,502.4,502.5,237,18762,18745
2024-09-12 00:24:00.000000000,1726071840000000000,502.5,502.6,502.4,502.4,77,18745,18749
2024-09-12 00:25:00.000000000,1726071900000000000,502.4,502.4,502.1,502.2,111,18749,18753
2024-09-12 00:26:00.000000000,1726071960000000000,502.2,502.6,502.1,502.4,89,18753,18758
2024-09-12 00:27:00.000000000,1726072020000000000,502.4,502.5,502.1,502.4,101,18758,18745
2024-09-12 00:28:00.000000000,1726072080000000000,502.4,502.9,502.2,502.8,253,18745,18817
2024-09-12 00:29:00.000000000,1726072140000000000,502.8,503.0,502.8,503.0,214,18817,18806
2024-09-12 00:30:00.000000000,1726072200000000000,503.0,503.7,503.0,503.4,367,18806,18736
2024-09-12 00:31:00.000000000,1726072260000000000,503.4,504.6,503.4,504.3,889,18736,18712
2024-09-12 00:32:00.000000000,1726072320000000000,504.3,504.9,504.2,504.9,296,18712,18720
2024-09-12 00:33:00.000000000,1726072380000000000,504.9,505.8,504.9,505.7,670,18720,18711
2024-09-12 00:34:00.000000000,1726072440000000000,505.7,506.2,505.3,506.0,636,18711,18725
2024-09-12 00:35:00.000000000,1726072500000000000,506.0,506.6,505.6,505.8,604,18725,18704
2024-09-12 00:36:00.000000000,1726072560000000000,505.8,505.9,505.5,505.9,241,18704,18745
2024-09-12 00:37:00.000000000,1726072620000000000,505.9,506.7,505.9,506.6,508,18745,18725
2024-09-12 00:38:00.000000000,1726072680000000000,506.6,506.8,506.3,506.7,398,18725,18702
2024-09-12 00:39:00.000000000,1726072740000000000,506.7,508.0,506.7,506.9,1001,18702,18530
2024-09-12 00:40:00.000000000,1726072800000000000,506.9,507.5,506.9,507.0,334,18530,18596
2024-09-12 00:41:00.000000000,1726072860000000000,507.0,507.1,506.4,506.8,450,18596,18509
2024-09-12 00:42:00.000000000,1726072920000000000,506.8,507.0,506.6,507.0,165,18509,18554
2024-09-12 00:43:00.000000000,1726072980000000000,507.0,507.3,506.7,506.7,222,18554,18576
2024-09-12 00:44:00.000000000,1726073040000000000,506.7,506.8,506.3,506.6,223,18576,18554
2024-09-12 00:45:00.000000000,1726073100000000000,506.6,507.2,506.6,507.1,293,18554,18562
2024-09-12 00:46:00.000000000,1726073160000000000,507.1,507.1,506.7,507.0,121,18562,18567
2024-09-12 00:47:00.000000000,1726073220000000000,507.0,507.1,506.6,506.8,112,18567,18571
2024-09-12 00:48:00.000000000,1726073280000000000,506.8,506.9,506.6,506.7,110,18571,18557
2024-09-12 00:49:00.000000000,1726073340000000000,506.7,506.9,506.5,506.8,156,18557,18553
2024-09-12 00:50:00.000000000,1726073400000000000,506.8,506.9,506.6,506.7,114,18553,18546
2024-09-12 00:51:00.000000000,1726073460000000000,506.7,506.7,506.4,506.7,141,18546,18517
2024-09-12 00:52:00.000000000,1726073520000000000,506.7,507.0,506.5,507.0,155,18517,18499
2024-09-12 00:53:00.000000000,1726073580000000000,507.0,507.0,506.7,506.8,197,18499,18497
2024-09-12 00:54:00.000000000,1726073640000000000,506.8,507.0,506.7,506.8,67,18497,18489
2024-09-12 00:55:00.000000000,1726073700000000000,506.8,506.9,506.7,506.8,86,18489,18491
2024-09-12 00:56:00.000000000,1726073760000000000,506.8,507.0,506.7,506.8,76,18491,18485
2024-09-12 00:57:00.000000000,1726073820000000000,506.8,506.8,506.4,506.6,211,18485,18445
2024-09-12 00:58:00.000000000,1726073880000000000,506.6,506.7,506.5,506.6,148,18445,18454
2024-09-12 00:59:00.000000000,1726073940000000000,506.6,506.7,506.2,506.4,190,18454,18391
2024-09-12 01:00:00.000000000,1726074000000000000,506.4,506.9,506.4,506.9,116,18391,18392
2024-09-12 01:01:00.000000000,1726074060000000000,506.9,506.9,506.5,506.6,57,18392,18415
2024-09-12 01:02:00.000000000,1726074120000000000,506.6,506.9,506.4,506.5,94,18415,18415
2024-09-12 01:03:00.000000000,1726074180000000000,506.5,506.9,506.5,506.7,91,18415,18425
2024-09-12 01:04:00.000000000,1726074240000000000,506.7,506.9,506.7,506.8,65,18425,18418
2024-09-12 01:05:00.000000000,1726074300000000000,506.8,507.2,506.8,507.1,245,18418,18400
2024-09-12 01:06:00.000000000,1726074360000000000,507.1,508.2,507.1,508.0,510,18400,18328
2024-09-12 01:07:00.000000000,1726074420000000000,508.0,508.2,507.7,507.8,342,18328,18317
2024-09-12 01:08:00.000000000,1726074480000000000,507.8,507.9,507.2,507.2,348,18317,18349
2024-09-12 01:09:00.000000000,1726074540000000000,507.2,507.2,506.8,507.2,408,18349,18351
2024-09-12 01:10:00.000000000,1726074600000000000,507.2,507.3,507.0,507.3,77,18351,18342
2024-09-12 01:11:00.000000000,1726074660000000000,507.3,507.3,506.7,506.9,254,18342,18360
2024-09-12 01:12:00.000000000,1726074720000000000,506.9,507.3,506.8,507.1,126,18360,18388
2024-09-12 01:13:00.000000000,1726074780000000000,507.1,507.2,507.0,507.1,47,18388,18392
2024-09-12 01:14:00.000000000,1726074840000000000,507.1,507.1,506.6,506.7,107,18392,18390
2024-09-12 01:15:00.000000000,1726074900000000000,506.7,507.0,506.7,506.8,160,18390,18376
2024-09-12 01:16:00.000000000,1726074960000000000,506.8,506.8,505.9,505.9,501,18376,18297
2024-09-12 01:17:00.000000000,1726075020000000000,505.9,506.0,505.8,505.8,261,18297,18265
2024-09-12 01:18:00.000000000,1726075080000000000,505.8,506.0,505.8,505.9,138,18265,18223
2024-09-12 01:19:00.000000000,1726075140000000000,505.9,506.4,505.9,506.3,215,18223,18214
2024-09-12 01:20:00.000000000,1726075200000000000,506.3,506.4,505.1,505.2,351,18214,18115
2024-09-12 01:21:00.000000000,1726075260000000000,505.2,505.3,504.9,505.0,388,18115,18081
2024-09-12 01:22:00.000000000,1726075320000000000,505.0,505.3,504.7,505.1,240,18081,18073
2024-09-12 01:23:00.000000000,1726075380000000000,505.1,505.4,505.1,505.2,119,18073,18086
2024-09-12 01:24:00.000000000,1726075440000000000,505.2,505.8,505.2,505.5,279,18086,18069
2024-09-12 01:25:00.000000000,1726075500000000000,505.5,505.8,505.3,505.7,107,18069,18077
2024-09-12 01:26:00.000000000,1726075560000000000,505.7,506.0,505.5,506.0,141,18077,18068
2024-09-12 01:27:00.000000000,1726075620000000000,506.0,506.0,505.7,505.9,117,18068,18096
2024-09-12 01:28:00.000000000,1726075680000000000,505.9,505.9,505.6,505.7,79,18096,18094
2024-09-12 01:29:00.000000000,1726075740000000000,505.7,505.9,505.5,505.7,57,18094,18092
2024-09-12 01:30:00.000000000,1726075800000000000,505.7,505.8,505.5,505.6,79,18092,18091
2024-09-12 01:31:00.000000000,1726075860000000000,505.6,506.5,505.6,506.4,289,18091,18105
2024-09-12 01:32:00.000000000,1726075920000000000,506.4,506.4,506.1,506.3,102,18105,18084
2024-09-12 01:33:00.000000000,1726075980000000000,506.3,506.3,506.2,506.2,45,18084,18078
2024-09-12 01:34:00.000000000,1726076040000000000,506.2,506.7,506.2,506.7,158,18078,18072
2024-09-12 01:35:00.000000000,1726076100000000000,506.7,506.8,506.2,506.5,137,18072,18068
2024-09-12 01:36:00.000000000,1726076160000000000,506.5,506.5,505.7,505.7,220,18068,18060
2024-09-12 01:37:00.000000000,1726076220000000000,505.7,505.7,505.3,505.6,217,18060,18044
2024-09-12 01:38:00.000000000,1726076280000000000,505.6,505.9,505.6,505.8,82,18044,18058
2024-09-12 01:39:00.000000000,1726076340000000000,505.8,506.0,505.7,505.9,54,18058,18057
2024-09-12 01:40:00.000000000,1726076400000000000,505.9,506.0,505.8,505.8,31,18057,18058
2024-09-12 01:41:00.000000000,1726076460000000000,505.8,506.2,505.8,506.2,63,18058,18040
2024-09-12 01:42:00.000000000,1726076520000000000,506.2,506.5,506.2,506.3,124,18040,18047
2024-09-12 01:43:00.000000000,1726076580000000000,506.3,506.4,506.3,506.3,19,18047,18053
2024-09-12 01:44:00.000000000,1726076640000000000,506.3,506.4,506.2,506.2,56,18053,18058
2024-09-12 01:45:00.000000000,1726076700000000000,506.2,506.2,505.9,506.1,98,18058,18082
2024-09-12 01:46:00.000000000,1726076760000000000,506.1,506.4,505.8,505.9,135,18082,18098
2024-09-12 01:47:00.000000000,1726076820000000000,505.9,506.3,505.8,506.3,76,18098,18080
2024-09-12 01:48:00.000000000,1726076880000000000,506.3,506.3,506.1,506.1,30,18080,18086
2024-09-12 01:49:00.000000000,1726076940000000000,506.1,506.2,506.0,506.1,22,18086,18081
2024-09-12 01:50:00.000000000,1726077000000000000,506.1,506.2,506.1,506.1,42,18081,18077
2024-09-12 01:51:00.000000000,1726077060000000000,506.1,506.9,506.1,506.6,136,18077,18031
2024-09-12 01:52:00.000000000,1726077120000000000,506.6,506.7,506.3,506.4,71,18031,18057
2024-09-12 01:53:00.000000000,1726077180000000000,506.4,506.6,506.4,506.5,65,18057,18049
2024-09-12 01:54:00.000000000,1726077240000000000,506.5,506.8,506.2,506.2,98,18049,18052
2024-09-12 01:55:00.000000000,1726077300000000000,506.2,506.3,506.1,506.2,71,18052,18035
2024-09-12 01:56:00.000000000,1726077360000000000,506.2,506.5,506.1,506.5,60,18035,18061
2024-09-12 01:57:00.000000000,1726077420000000000,506.5,506.5,506.1,506.2,35,18061,18067
2024-09-12 01:58:00.000000000,1726077480000000000,506.2,506.3,505.9,506.0,56,18067,18060
2024-09-12 01:59:00.000000000,1726077540000000000,506.0,506.1,505.7,506.1,110,18060,18016
2024-09-12 02:00:00.000000000,1726077600000000000,506.1,506.1,505.6,505.9,68,18016,18009
2024-09-12 02:01:00.000000000,1726077660000000000,505.9,505.9,505.3,505.5,144,18009,17993
2024-09-12 02:02:00.000000000,1726077720000000000,505.5,505.5,505.0,505.3,210,17993,17971
2024-09-12 02:03:00.000000000,1726077780000000000,505.3,505.3,505.0,505.2,80,17971,17971
2024-09-12 02:04:00.000000000,1726077840000000000,505.2,505.2,504.7,505.0,140,17971,17963
2024-09-12 02:05:00.000000000,1726077900000000000,505.0,505.2,504.8,505.0,90,17963,17957
2024-09-12 02:06:00.000000000,1726077960000000000,505.0,505.4,505.0,505.3,98,17957,17945
2024-09-12 02:07:00.000000000,1726078020000000000,505.3,505.4,505.2,505.4,32,17945,17930
2024-09-12 02:08:00.000000000,1726078080000000000,505.4,505.9,505.4,505.5,153,17930,17894
2024-09-12 02:09:00.000000000,1726078140000000000,505.5,505.7,505.4,505.7,30,17894,17892
2024-09-12 02:10:00.000000000,1726078200000000000,505.7,505.7,505.3,505.5,69,17892,17871
2024-09-12 02:11:00.000000000,1726078260000000000,505.5,505.6,505.4,505.4,21,17871,17868
2024-09-12 02:12:00.000000000,1726078320000000000,505.4,505.7,505.4,505.6,31,17868,17864
2024-09-12 02:13:00.000000000,1726078380000000000,505.6,505.9,505.6,505.8,52,17864,17861
2024-09-12 02:14:00.000000000,1726078440000000000,505.8,505.8,505.3,505.5,68,17861,17835
2024-09-12 02:15:00.000000000,1726078500000000000,505.5,505.6,505.4,505.6,83,17835,17810
2024-09-12 02:16:00.000000000,1726078560000000000,505.6,506.3,505.6,505.9,133,17810,17771
2024-09-12 02:17:00.000000000,1726078620000000000,505.9,505.9,505.3,505.3,95,17771,17749
2024-09-12 02:18:00.000000000,1726078680000000000,505.3,505.5,505.1,505.5,65,17749,17762
2024-09-12 02:19:00.000000000,1726078740000000000,505.5,505.6,505.5,505.6,24,17762,17746
2024-09-12 02:20:00.000000000,1726078800000000000,505.6,505.6,505.4,505.5,17,17746,17741
2024-09-12 02:21:00.000000000,1726078860000000000,505.5,505.5,504.8,505.0,151,17741,17743
2024-09-12 02:22:00.000000000,1726078920000000000,505.0,505.2,504.7,504.9,147,17743,17737
2024-09-12 02:23:00.000000000,1726078980000000000,504.9,505.0,504.6,504.8,60,17737,17740
2024-09-12 02:24:00.000000000,1726079040000000000,504.8,505.4,504.8,505.4,56,17740,17722
2024-09-12 02:25:00.000000000,1726079100000000000,505.4,505.4,505.0,505.1,63,17722,17701
2024-09-12 02:26:00.000000000,1726079160000000000,505.1,505.3,505.1,505.2,35,17701,17686
2024-09-12 02:27:00.000000000,1726079220000000000,505.2,505.3,505.1,505.2,52,17686,17673
2024-09-12 02:28:00.000000000,1726079280000000000,505.2,505.3,504.8,504.9,226,17673,17583
2024-09-12 02:29:00.000000000,1726079340000000000,504.9,505.3,504.7,504.8,213,17583,17475
2024-09-12 09:00:00.000000000,1726102800000000000,506.2,506.6,505.8,506.0,983,17475,17391
2024-09-12 09:01:00.000000000,1726102860000000000,506.0,507.5,505.9,507.5,681,17391,17258
2024-09-12 09:02:00.000000000,1726102920000000000,507.5,507.5,506.4,506.6,478,17258,17158
2024-09-12 09:03:00.000000000,1726102980000000000,506.6,507.0,506.4,506.7,270,17158,17062
2024-09-12 09:04:00.000000000,1726103040000000000,506.7,507.2,506.5,507.1,322,17062,17048
2024-09-12 09:05:00.000000000,1726103100000000000,507.1,507.4,507.1,507.3,152,17048,17015
2024-09-12 09:06:00.000000000,1726103160000000000,507.3,507.7,506.9,507.5,375,17015,16961
2024-09-12 09:07:00.000000000,1726103220000000000,507.5,507.5,507.0,507.5,190,16961,16880
2024-09-12 09:08:00.000000000,1726103280000000000,507.5,507.5,507.0,507.3,107,16880,16858
2024-09-12 09:09:00.000000000,1726103340000000000,507.3,507.6,507.2,507.5,76,16858,16860
2024-09-12 09:10:00.000000000,1726103400000000000,507.5,507.6,507.2,507.2,77,16860,16848
2024-09-12 09:11:00.000000000,1726103460000000000,507.2,507.3,506.9,506.9,75,16848,16827
2024-09-12 09:12:00.000000000,1726103520000000000,506.9,507.0,506.4,506.4,239,16827,16812
2024-09-12 09:13:00.000000000,1726103580000000000,506.4,506.8,506.2,506.8,157,16812,16820
2024-09-12 09:14:00.000000000,1726103640000000000,506.8,506.9,506.5,506.7,167,16820,16808
2024-09-12 09:15:00.000000000,1726103700000000000,506.7,506.7,506.3,506.5,93,16808,16785
2024-09-12 09:16:00.000000000,1726103760000000000,506.5,507.0,506.5,506.8,106,16785,16770
2024-09-12 09:17:00.000000000,1726103820000000000,506.8,507.2,506.6,507.0,83,16770,16760
2024-09-12 09:18:00.000000000,1726103880000000000,507.0,507.6,507.0,507.6,178,16760,16772
2024-09-12 09:19:00.000000000,1726103940000000000,507.6,507.7,507.4,507.5,110,16772,16767
2024-09-12 09:20:00.000000000,1726104000000000000,507.5,507.9,507.5,507.8,180,16767,16757
2024-09-12 09:21:00.000000000,1726104060000000000,507.8,507.9,507.6,507.8,92,16757,16741
2024-09-12 09:22:00.000000000,1726104120000000000,507.8,507.8,507.4,507.7,112,16741,16698
2024-09-12 09:23:00.000000000,1726104180000000000,507.7,507.8,507.5,507.7,146,16698,16658
2024-09-12 09:24:00.000000000,1726104240000000000,507.7,507.8,507.5,507.6,83,16658,16647
2024-09-12 09:25:00.000000000,1726104300000000000,507.6,507.6,507.3,507.4,135,16647,16622
2024-09-12 09:26:00.000000000,1726104360000000000,507.4,507.4,507.1,507.1,115,16622,16608
2024-09-12 09:27:00.000000000,1726104420000000000,507.1,507.1,506.5,506.6,164,16608,16549
2024-09-12 09:28:00.000000000,1726104480000000000,506.6,506.7,506.4,506.6,105,16549,16528
2024-09-12 09:29:00.000000000,1726104540000000000,506.6,507.6,506.6,507.4,176,16528,16505
2024-09-12 09:30:00.000000000,1726104600000000000,507.4,507.5,506.4,506.7,127,16505,16510
2024-09-12 09:31:00.000000000,1726104660000000000,506.7,507.0,506.5,506.9,69,16510,16495
2024-09-12 09:32:00.000000000,1726104720000000000,506.9,507.2,506.6,507.2,84,16495,16481
2024-09-12 09:33:00.000000000,1726104780000000000,507.2,507.3,506.7,506.9,208,16481,16503
2024-09-12 09:34:00.000000000,1726104840000000000,506.9,507.0,506.6,507.0,78,16503,16508
2024-09-12 09:35:00.000000000,1726104900000000000,507.0,507.1,506.9,506.9,51,16508,16504
2024-09-12 09:36:00.000000000,1726104960000000000,506.9,506.9,506.7,506.9,42,16504,16507
2024-09-12 09:37:00.000000000,1726105020000000000,506.9,507.1,506.8,506.8,43,16507,16500
2024-09-12 09:38:00.000000000,1726105080000000000,506.8,506.9,506.6,506.9,31,16500,16503
2024-09-12 09:39:00.000000000,1726105140000000000,506.9,508.0,506.9,508.0,225,16503,16459
2024-09-12 09:40:00.000000000,1726105200000000000,508.0,508.0,507.5,507.5,149,16459,16510
2024-09-12 09:41:00.000000000,1726105260000000000,507.5,507.6,507.4,507.5,39,16510,16496
2024-09-12 09:42:00.000000000,1726105320000000000,507.5,507.6,507.4,507.6,64,16496,16488
2024-09-12 09:43:00.000000000,1726105380000000000,507.6,508.1,507.6,508.1,153,16488,16546
2024-09-12 09:44:00.000000000,1726105440000000000,508.1,508.6,508.0,508.5,330,16546,16581
2024-09-12 09:45:00.000000000,1726105500000000000,508.5,508.6,508.2,508.5,175,16581,16590
2024-09-12 09:46:00.000000000,1726105560000000000,508.5,508.7,508.4,508.4,167,16590,16603
2024-09-12 09:47:00.000000000,1726105620000000000,508.4,508.5,508.1,508.1,149,16603,16583
2024-09-12 09:48:00.000000000,1726105680000000000,508.1,508.5,508.1,508.4,95,16583,16598
2024-09-12 09:49:00.000000000,1726105740000000000,508.4,508.5,507.5,507.6,161,16598,16580
2024-09-12 09:50:00.000000000,1726105800000000000,507.6,508.2,507.6,508.1,121,16580,16575
2024-09-12 09:51:00.000000000,1726105860000000000,508.1,508.2,507.5,507.6,136,16575,16566
2024-09-12 09:52:00.000000000,1726105920000000000,507.6,507.6,506.9,507.0,137,16566,16548
2024-09-12 09:53:00.000000000,1726105980000000000,507.0,507.3,506.9,506.9,168,16548,16509
2024-09-12 09:54:00.000000000,1726106040000000000,506.9,507.1,506.8,507.0,125,16509,16513
2024-09-12 09:55:00.000000000,1726106100000000000,507.0,507.0,505.5,505.7,628,16513,16511
2024-09-12 09:56:00.000000000,1726106160000000000,505.7,505.8,505.4,505.4,172,16511,16526
2024-09-12 09:57:00.000000000,1726106220000000000,505.4,505.8,505.1,505.4,156,16526,16483
2024-09-12 09:58:00.000000000,1726106280000000000,505.4,505.6,505.3,505.5,262,16483,16395
2024-09-12 09:59:00.000000000,1726106340000000000,505.5,505.7,505.3,505.6,147,16395,16405
2024-09-12 10:00:00.000000000,1726106400000000000,505.6,505.6,505.3,505.4,137,16405,16437
2024-09-12 10:01:00.000000000,1726106460000000000,505.4,505.6,505.3,505.3,52,16437,16446
2024-09-12 10:02:00.000000000,1726106520000000000,505.3,505.8,505.3,505.5,99,16446,16448
2024-09-12 10:03:00.000000000,1726106580000000000,505.5,506.1,505.5,506.0,174,16448,16436
2024-09-12 10:04:00.000000000,1726106640000000000,506.0,506.4,506.0,506.3,134,16436,16403
2024-09-12 10:05:00.000000000,1726106700000000000,506.3,506.5,506.2,506.3,70,16403,16392
2024-09-12 10:06:00.000000000,1726106760000000000,506.3,506.5,506.2,506.5,75,16392,16367
2024-09-12 10:07:00.000000000,1726106820000000000,506.5,507.3,506.5,507.2,196,16367,16328
2024-09-12 10:08:00.000000000,1726106880000000000,507.2,507.6,507.1,507.4,218,16328,16291
2024-09-12 10:09:00.000000000,1726106940000000000,507.4,507.4,507.2,507.3,127,16291,16273
2024-09-12 10:10:00.000000000,1726107000000000000,507.3,507.6,507.1,507.1,134,16273,16260
2024-09-12 10:11:00.000000000,1726107060000000000,507.1,507.1,506.8,506.8,114,16260,16239
2024-09-12 10:12:00.000000000,1726107120000000000,506.8,507.2,506.8,507.0,66,16239,16238
2024-09-12 10:13:00.000000000,1726107180000000000,507.0,507.0,506.6,506.7,46,16238,16207
2024-09-12 10:14:00.000000000,1726107240000000000,506.7,506.8,506.6,506.6,90,16207,16185
2024-09-12 10:30:00.000000000,1726108200000000000,506.7,506.9,506.6,506.8,55,16185,16177
2024-09-12 10:31:00.000000000,1726108260000000000,506.8,506.8,506.5,506.8,68,16177,16170
2024-09-12 10:32:00.000000000,1726108320000000000,506.8,506.8,506.4,506.5,59,16170,16171
2024-09-12 10:33:00.000000000,1726108380000000000,506.5,506.7,506.5,506.5,32,16171,16153
2024-09-12 10:34:00.000000000,1726108440000000000,506.5,506.7,506.4,506.4,43,16153,16131
2024-09-12 10:35:00.000000000,1726108500000000000,506.4,506.6,506.4,506.4,52,16131,16127
2024-09-12 10:36:00.000000000,1726108560000000000,506.4,506.6,506.4,506.6,47,16127,16115
2024-09-12 10:37:00.000000000,1726108620000000000,506.6,506.8,506.0,506.3,119,16115,16098
2024-09-12 10:38:00.000000000,1726108680000000000,506.3,506.6,506.2,506.5,55,16098,16120
2024-09-12 10:39:00.000000000,1726108740000000000,506.5,506.6,506.4,506.5,69,16120,16126
2024-09-12 10:40:00.000000000,1726108800000000000,506.5,506.5,506.3,506.5,75,16126,16107
2024-09-12 10:41:00.000000000,1726108860000000000,506.5,506.6,506.3,506.3,31,16107,16106
2024-09-12 10:42:00.000000000,1726108920000000000,506.3,506.7,506.3,506.7,71,16106,16063
2024-09-12 10:43:00.000000000,1726108980000000000,506.7,507.1,506.7,507.0,93,16063,16034
2024-09-12 10:44:00.000000000,1726109040000000000,507.0,507.2,506.9,506.9,64,16034,16026
2024-09-12 10:45:00.000000000,1726109100000000000,506.9,507.5,506.9,507.3,141,16026,16020
2024-09-12 10:46:00.000000000,1726109160000000000,507.3,507.4,506.9,507.1,119,16020,16034
2024-09-12 10:47:00.000000000,1726109220000000000,507.1,507.3,506.9,506.9,91,16034,16039
2024-09-12 10:48:00.000000000,1726109280000000000,506.9,506.9,506.6,506.7,103,16039,16068
2024-09-12 10:49:00.000000000,1726109340000000000,506.7,507.2,506.7,507.2,51,16068,16065
2024-09-12 10:50:00.000000000,1726109400000000000,507.2,507.3,507.1,507.2,47,16065,16057
2024-09-12 10:51:00.000000000,1726109460000000000,507.2,507.4,507.2,507.4,33,16057,16050
2024-09-12 10:52:00.000000000,1726109520000000000,507.4,507.4,507.2,507.3,22,16050,16056
2024-09-12 10:53:00.000000000,1726109580000000000,507.3,507.8,507.3,507.8,98,16056,16027
2024-09-12 10:54:00.000000000,1726109640000000000,507.8,507.8,507.0,507.1,157,16027,16036
2024-09-12 10:55:00.000000000,1726109700000000000,507.1,507.4,507.1,507.4,38,16036,16031
2024-09-12 10:56:00.000000000,1726109760000000000,507.4,507.5,507.3,507.5,43,16031,16031
2024-09-12 10:57:00.000000000,1726109820000000000,507.5,507.6,507.1,507.3,97,16031,16042
2024-09-12 10:58:00.000000000,1726109880000000000,507.3,508.0,507.2,508.0,76,16042,16034
2024-09-12 10:59:00.000000000,1726109940000000000,508.0,508.0,507.6,507.7,59,16034,16045
2024-09-12 11:00:00.000000000,1726110000000000000,507.7,508.2,507.7,508.1,309,16045,16006
2024-09-12 11:01:00.000000000,1726110060000000000,508.1,508.2,507.7,507.7,206,16006,15973
2024-09-12 11:02:00.000000000,1726110120000000000,507.7,507.7,507.1,507.1,131,15973,15940
2024-09-12 11:03:00.000000000,1726110180000000000,507.1,507.3,507.0,507.3,89,15940,15933
2024-09-12 11:04:00.000000000,1726110240000000000,507.3,507.4,507.1,507.3,44,15933,15920
2024-09-12 11:05:00.000000000,1726110300000000000,507.3,507.4,507.1,507.2,54,15920,15914
2024-09-12 11:06:00.000000000,1726110360000000000,507.2,507.5,507.2,507.2,63,15914,15930
2024-09-12 11:07:00.000000000,1726110420000000000,507.2,507.2,506.9,507.0,84,15930,15921
2024-09-12 11:08:00.000000000,1726110480000000000,507.0,507.3,507.0,507.3,51,15921,15890
2024-09-12 11:09:00.000000000,1726110540000000000,507.3,507.6,507.3,507.6,23,15890,15879
2024-09-12 11:10:00.000000000,1726110600000000000,507.6,508.1,507.5,508.0,109,15879,15876
2024-09-12 11:11:00.000000000,1726110660000000000,508.0,508.1,507.7,507.7,79,15876,15878
2024-09-12 11:12:00.000000000,1726110720000000000,507.7,507.9,507.6,507.6,52,15878,15878
2024-09-12 11:13:00.000000000,1726110780000000000,507.6,507.7,507.6,507.6,32,15878,15864
2024-09-12 11:14:00.000000000,1726110840000000000,507.6,507.7,507.5,507.7,33,15864,15851
2024-09-12 11:15:00.000000000,1726110900000000000,507.7,507.8,507.5,507.5,44,15851,15846
2024-09-12 11:16:00.000000000,1726110960000000000,507.5,507.5,507.2,507.5,66,15846,15837
2024-09-12 11:17:00.000000000,1726111020000000000,507.5,508.0,507.5,508.0,88,15837,15841
2024-09-12 11:18:00.000000000,1726111080000000000,508.0,508.1,507.6,507.6,182,15841,15857
2024-09-12 11:19:00.000000000,1726111140000000000,507.6,507.8,507.4,507.7,95,15857,15856
2024-09-12 11:20:00.000000000,1726111200000000000,507.7,507.7,507.4,507.7,45,15856,15853
2024-09-12 11:21:00.000000000,1726111260000000000,507.7,507.8,507.7,507.7,34,15853,15842
2024-09-12 11:22:00.000000000,1726111320000000000,507.7,507.8,507.6,507.8,15,15842,15834
2024-09-12 11:23:00.000000000,1726111380000000000,507.8,507.8,507.3,507.4,82,15834,15820
2024-09-12 11:24:00.000000000,1726111440000000000,507.4,507.8,507.4,507.7,35,15820,15816
2024-09-12 11:25:00.000000000,1726111500000000000,507.7,508.0,507.6,507.9,56,15816,15796
2024-09-12 11:26:00.000000000,1726111560000000000,507.9,508.1,507.9,508.0,45,15796,15800
2024-09-12 11:27:00.000000000,1726111620000000000,508.0,508.1,507.9,508.0,33,15800,15790
2024-09-12 11:28:00.000000000,1726111680000000000,508.0,508.1,507.8,507.9,40,15790,15783
2024-09-12 11:29:00.000000000,1726111740000000000,507.9,508.0,507.7,507.7,149,15783,15766
2024-09-12 13:30:00.000000000,1726119000000000000,508.2,509.4,508.2,509.4,529,15766,15680
2024-09-12 13:31:00.000000000,1726119060000000000,509.4,509.6,509.3,509.4,349,15680,15727
2024-09-12 13:32:00.000000000,1726119120000000000,509.4,509.8,509.4,509.7,281,15727,15772
2024-09-12 13:33:00.000000000,1726119180000000000,509.7,509.7,509.1,509.1,136,15772,15749
2024-09-12 13:34:00.000000000,1726119240000000000,509.1,509.3,508.9,509.2,112,15749,15770
2024-09-12 13:35:00.000000000,1726119300000000000,509.2,509.4,509.1,509.3,108,15770,15800
2024-09-12 13:36:00.000000000,1726119360000000000,509.3,509.5,509.0,509.4,90,15800,15799
2024-09-12 13:37:00.000000000,1726119420000000000,509.4,509.7,509.3,509.6,115,15799,15812
2024-09-12 13:38:00.000000000,1726119480000000000,509.6,509.7,509.3,509.4,173,15812,15834
2024-09-12 13:39:00.000000000,1726119540000000000,509.4,509.4,509.2,509.3,63,15834,15839
2024-09-12 13:40:00.000000000,1726119600000000000,509.3,509.6,509.0,509.4,235,15839,15793
2024-09-12 13:41:00.000000000,1726119660000000000,509.4,510.0,509.3,510.0,200,15793,15814
2024-09-12 13:42:00.000000000,1726119720000000000,510.0,510.4,510.0,510.2,310,15814,15842
2024-09-12 13:43:00.000000000,1726119780000000000,510.2,510.5,510.1,510.5,237,15842,15831
2024-09-12 13:44:00.000000000,1726119840000000000,510.5,510.8,510.4,510.6,203,15831,15854
2024-09-12 13:45:00.000000000,1726119900000000000,510.6,510.8,510.0,510.2,238,15854,15804
2024-09-12 13:46:00.000000000,1726119960000000000,510.2,510.2,510.0,510.1,137,15804,15793
2024-09-12 13:47:00.000000000,1726120020000000000,510.1,510.2,510.1,510.2,80,15793,15785
2024-09-12 13:48:00.000000000,1726120080000000000,510.2,510.2,510.0,510.0,190,15785,15749
2024-09-12 13:49:00.000000000,1726120140000000000,510.0,510.1,509.9,510.0,59,15749,15740
2024-09-12 13:50:00.000000000,1726120200000000000,510.0,510.1,509.9,510.0,95,15740,15726
2024-09-12 13:51:00.000000000,1726120260000000000,510.0,510.2,509.9,510.0,60,15726,15734
2024-09-12 13:52:00.000000000,1726120320000000000,510.0,510.2,509.8,510.2,103,15734,15720
2024-09-12 13:53:00.000000000,1726120380000000000,510.2,510.3,509.7,509.7,147,15720,15711
2024-09-12 13:54:00.000000000,1726120440000000000,509.7,509.8,509.6,509.7,98,15711,15679
2024-09-12 13:55:00.000000000,1726120500000000000,509.7,509.8,509.6,509.7,36,15679,15677
2024-09-12 13:56:00.000000000,1726120560000000000,509.7,510.0,509.6,509.9,76,15677,15647
2024-09-12 13:57:00.000000000,1726120620000000000,509.9,510.0,509.6,509.8,96,15647,15620
2024-09-12 13:58:00.000000000,1726120680000000000,509.8,510.5,509.7,510.5,146,15620,15614
2024-09-12 13:59:00.000000000,1726120740000000000,510.5,510.6,510.3,510.5,148,15614,15609
2024-09-12 14:00:00.000000000,1726120800000000000,510.5,510.5,510.0,510.3,94,15609,15610
2024-09-12 14:01:00.000000000,1726120860000000000,510.3,510.5,510.1,510.5,80,15610,15628
2024-09-12 14:02:00.000000000,1726120920000000000,510.5,510.5,510.3,510.3,61,15628,15640
2024-09-12 14:03:00.000000000,1726120980000000000,510.3,510.3,510.1,510.3,55,15640,15622
2024-09-12 14:04:00.000000000,1726121040000000000,510.3,510.4,510.2,510.3,38,15622,15624
2024-09-12 14:05:00.000000000,1726121100000000000,510.3,510.4,510.2,510.4,60,15624,15611
2024-09-12 14:06:00.000000000,1726121160000000000,510.4,510.7,510.4,510.7,117,15611,15585
2024-09-12 14:07:00.000000000,1726121220000000000,510.7,511.6,510.5,511.3,475,15585,15556
2024-09-12 14:08:00.000000000,1726121280000000000,511.3,511.4,510.7,511.0,187,15556,15546
2024-09-12 14:09:00.000000000,1726121340000000000,511.0,511.0,510.6,510.8,100,15546,15580
2024-09-12 14:10:00.000000000,1726121400000000000,510.8,510.8,510.5,510.7,107,15580,15545
2024-09-12 14:11:00.000000000,1726121460000000000,510.7,511.0,510.5,511.0,78,15545,15527
2024-09-12 14:12:00.000000000,1726121520000000000,511.0,511.0,510.7,510.7,71,15527,15517
2024-09-12 14:13:00.000000000,1726121580000000000,510.7,510.7,510.3,510.4,130,15517,15484
2024-09-12 14:14:00.000000000,1726121640000000000,510.4,510.9,510.4,510.7,136,15484,15443
2024-09-12 14:15:00.000000000,1726121700000000000,510.7,511.1,510.7,511.0,117,15443,15420
2024-09-12 14:16:00.000000000,1726121760000000000,511.0,511.0,510.7,510.9,46,15420,15418
2024-09-12 14:17:00.000000000,1726121820000000000,510.9,511.1,510.8,511.1,79,15418,15406
2024-09-12 14:18:00.000000000,1726121880000000000,511.1,511.1,510.7,510.9,38,15406,15405
2024-09-12 14:19:00.000000000,1726121940000000000,510.9,511.2,510.7,511.1,118,15405,15345
2024-09-12 14:20:00.000000000,1726122000000000000,511.1,511.2,510.9,511.0,93,15345,15337
2024-09-12 14:21:00.000000000,1726122060000000000,511.0,511.7,511.0,511.5,260,15337,15365
2024-09-12 14:22:00.000000000,1726122120000000000,511.5,511.5,511.2,511.3,64,15365,15353
2024-09-12 14:23:00.000000000,1726122180000000000,511.3,511.8,511.3,511.6,141,15353,15361
2024-09-12 14:24:00.000000000,1726122240000000000,511.6,511.9,511.6,511.8,66,15361,15369
2024-09-12 14:25:00.000000000,1726122300000000000,511.8,512.1,511.7,511.9,212,15369,15381
2024-09-12 14:26:00.000000000,1726122360000000000,511.9,512.4,511.9,512.2,264,15381,15424
2024-09-12 14:27:00.000000000,1726122420000000000,512.2,512.9,512.1,512.7,267,15424,15385
2024-09-12 14:28:00.000000000,1726122480000000000,512.7,512.8,512.4,512.5,175,15385,15319
2024-09-12 14:29:00.000000000,1726122540000000000,512.5,512.7,512.3,512.5,103,15319,15301
2024-09-12 14:30:00.000000000,1726122600000000000,512.5,512.5,512.0,512.1,128,15301,15307
2024-09-12 14:31:00.000000000,1726122660000000000,512.1,512.3,511.9,512.3,151,15307,15321
2024-09-12 14:32:00.000000000,1726122720000000000,512.3,512.5,512.1,512.1,82,15321,15319
2024-09-12 14:33:00.000000000,1726122780000000000,512.1,512.6,512.1,512.5,110,15319,15341
2024-09-12 14:34:00.000000000,1726122840000000000,512.5,512.7,512.4,512.4,145,15341,15338
2024-09-12 14:35:00.000000000,1726122900000000000,512.4,512.5,511.8,511.8,146,15338,15281
2024-09-12 14:36:00.000000000,1726122960000000000,511.8,512.0,511.5,511.6,201,15281,15295
2024-09-12 14:37:00.000000000,1726123020000000000,511.6,511.7,511.4,511.7,127,15295,15252
2024-09-12 14:38:00.000000000,1726123080000000000,511.7,511.9,511.4,511.7,116,15252,15242
2024-09-12 14:39:00.000000000,1726123140000000000,511.7,512.3,511.7,512.2,88,15242,15226
2024-09-12 14:40:00.000000000,1726123200000000000,512.2,512.6,512.2,512.3,172,15226,15247
2024-09-12 14:41:00.000000000,1726123260000000000,512.3,512.3,512.0,512.0,83,15247,15253
2024-09-12 14:42:00.000000000,1726123320000000000,512.0,512.1,511.9,512.1,36,15253,15252
2024-09-12 14:43:00.000000000,1726123380000000000,512.1,512.8,512.1,512.5,177,15252,15270
2024-09-12 14:44:00.000000000,1726123440000000000,512.5,512.6,512.2,512.6,91,15270,15269
2024-09-12 14:45:00.000000000,1726123500000000000,512.6,512.9,512.5,512.9,123,15269,15239
2024-09-12 14:46:00.000000000,1726123560000000000,512.9,513.1,512.6,512.6,136,15239,15209
2024-09-12 14:47:00.000000000,1726123620000000000,512.6,512.9,512.4,512.4,89,15209,15198
2024-09-12 14:48:00.000000000,1726123680000000000,512.4,512.5,512.2,512.4,54,15198,15197
2024-09-12 14:49:00.000000000,1726123740000000000,512.4,512.8,512.3,512.7,141,15197,15202
2024-09-12 14:50:00.000000000,1726123800000000000,512.7,512.8,512.4,512.7,135,15202,15183
2024-09-12 14:51:00.000000000,1726123860000000000,512.7,512.8,512.6,512.6,61,15183,15162
2024-09-12 14:52:00.000000000,1726123920000000000,512.6,512.8,512.6,512.6,119,15162,15114
2024-09-12 14:53:00.000000000,1726123980000000000,512.6,513.0,512.5,513.0,172,15114,15135
2024-09-12 14:54:00.000000000,1726124040000000000,513.0,513.0,512.7,512.9,169,15135,15106
2024-09-12 14:55:00.000000000,1726124100000000000,512.9,512.9,512.7,512.7,149,15106,15046
2024-09-12 14:56:00.000000000,1726124160000000000,512.7,512.9,512.6,512.8,156,15046,15007
2024-09-12 14:57:00.000000000,1726124220000000000,512.8,512.9,512.5,512.6,181,15007,14935
2024-09-12 14:58:00.000000000,1726124280000000000,512.6,512.7,512.5,512.6,184,14935,14876
2024-09-12 14:59:00.000000000,1726124340000000000,512.6,512.6,512.2,512.5,309,14876,14827
2024-09-12 21:00:00.000000000,1726146000000000000,510.8,511.2,509.2,509.9,1557,14827,14313
2024-09-12 21:01:00.000000000,1726146060000000000,509.9,510.4,509.9,510.3,538,14313,14334
2024-09-12 21:02:00.000000000,1726146120000000000,510.3,510.7,510.0,510.4,331,14334,14302
2024-09-12 21:03:00.000000000,1726146180000000000,510.4,510.4,509.6,509.6,251,14302,14286
2024-09-12 21:04:00.000000000,1726146240000000000,509.6,510.0,509.3,509.4,359,14286,14305
2024-09-12 21:05:00.000000000,1726146300000000000,509.4,509.8,508.5,508.9,512,14305,14242
2024-09-12 21:06:00.000000000,1726146360000000000,508.9,509.3,508.5,509.1,400,14242,14290
2024-09-12 21:07:00.000000000,1726146420000000000,509.1,509.8,509.1,509.5,312,14290,14277
2024-09-12 21:08:00.000000000,1726146480000000000,509.5,510.5,509.4,510.3,434,14277,14278
2024-09-12 21:09:00.000000000,1726146540000000000,510.3,510.3,509.9,510.2,235,14278,14224
2024-09-12 21:10:00.000000000,1726146600000000000,510.2,510.9,510.1,510.9,419,14224,14246
2024-09-12 21:11:00.000000000,1726146660000000000,510.9,511.9,510.9,511.4,630,14246,14274
2024-09-12 21:12:00.000000000,1726146720000000000,511.4,511.6,511.2,511.5,231,14274,14264
2024-09-12 21:13:00.000000000,1726146780000000000,511.5,511.8,511.4,511.6,189,14264,14259
2024-09-12 21:14:00.000000000,1726146840000000000,511.6,511.7,511.2,511.4,202,14259,14272
2024-09-12 21:15:00.000000000,1726146900000000000,511.4,511.7,511.4,511.4,158,14272,14290
2024-09-12 21:16:00.000000000,1726146960000000000,511.4,511.4,511.0,511.1,250,14290,14305
2024-09-12 21:17:00.000000000,1726147020000000000,511.1,511.7,511.1,511.4,200,14305,14299
2024-09-12 21:18:00.000000000,1726147080000000000,511.4,511.6,510.9,511.6,265,14299,14305
2024-09-12 21:19:00.000000000,1726147140000000000,511.6,512.2,511.3,511.8,411,14305,14282
2024-09-12 21:20:00.000000000,1726147200000000000,511.8,511.8,510.8,511.0,449,14282,14300
2024-09-12 21:21:00.000000000,1726147260000000000,511.0,511.0,510.2,510.7,354,14300,14292
2024-09-12 21:22:00.000000000,1726147320000000000,510.7,510.8,510.4,510.7,178,14292,14308
2024-09-12 21:23:00.000000000,1726147380000000000,510.7,511.1,510.6,510.7,196,14308,14294
2024-09-12 21:24:00.000000000,1726147440000000000,510.7,510.9,510.4,510.9,151,14294,14313
2024-09-12 21:25:00.000000000,1726147500000000000,510.9,511.5,510.9,511.2,206,14313,14300
2024-09-12 21:26:00.000000000,1726147560000000000,511.2,512.1,511.2,511.9,380,14300,14301
2024-09-12 21:27:00.000000000,1726147620000000000,511.9,512.1,511.5,511.6,218,14301,14305
2024-09-12 21:28:00.000000000,1726147680000000000,511.6,511.6,510.5,510.9,280,14305,14291
2024-09-12 21:29:00.000000000,1726147740000000000,510.9,511.0,510.4,510.9,253,14291,14293
2024-09-12 21:30:00.000000000,1726147800000000000,510.9,510.9,509.9,510.0,342,14293,14285
2024-09-12 21:31:00.000000000,1726147860000000000,510.0,510.2,509.6,510.1,233,14285,14302
2024-09-12 21:32:00.000000000,1726147920000000000,510.1,510.5,509.9,510.0,224,14302,14343
2024-09-12 21:33:00.000000000,1726147980000000000,510.0,510.1,509.4,509.9,296,14343,14343
2024-09-12 21:34:00.000000000,1726148040000000000,509.9,510.7,509.8,510.5,413,14343,14391
2024-09-12 21:35:00.000000000,1726148100000000000,510.5,510.6,510.1,510.4,189,14391,14378
2024-09-12 21:36:00.000000000,1726148160000000000,510.4,510.4,509.9,509.9,203,14378,14368
2024-09-12 21:37:00.000000000,1726148220000000000,509.9,510.2,509.7,509.9,215,14368,14355
2024-09-12 21:38:00.000000000,1726148280000000000,509.9,510.4,509.6,510.3,247,14355,14388
2024-09-12 21:39:00.000000000,1726148340000000000,510.3,510.3,509.7,509.7,170,14388,14375
2024-09-12 21:40:00.000000000,1726148400000000000,509.7,510.5,509.7,510.3,197,14375,14322
2024-09-12 21:41:00.000000000,1726148460000000000,510.3,510.7,510.2,510.7,158,14322,14289
2024-09-12 21:42:00.000000000,1726148520000000000,510.7,511.3,510.7,511.1,451,14289,14293
2024-09-12 21:43:00.000000000,1726148580000000000,511.1,511.9,510.9,511.1,459,14293,14324
2024-09-12 21:44:00.000000000,1726148640000000000,511.1,511.9,511.1,511.9,241,14324,14341
2024-09-12 21:45:00.000000000,1726148700000000000,511.9,513.0,511.5,512.2,581,14341,14347
2024-09-12 21:46:00.000000000,1726148760000000000,512.2,512.3,511.4,511.4,315,14347,14360
2024-09-12 21:47:00.000000000,1726148820000000000,511.4,511.4,510.2,510.6,534,14360,14301
2024-09-12 21:48:00.000000000,1726148880000000000,510.6,510.6,509.8,510.3,475,14301,14275
2024-09-12 21:49:00.000000000,1726148940000000000,510.3,510.3,509.2,509.4,503,14275,14238
2024-09-12 21:50:00.000000000,1726149000000000000,509.4,509.6,508.1,508.1,849,14238,14246
2024-09-12 21:51:00.000000000,1726149060000000000,508.1,508.5,507.1,507.3,1038,14246,14270
2024-09-12 21:52:00.000000000,1726149120000000000,507.3,508.1,507.3,507.7,651,14270,14310
2024-09-12 21:53:00.000000000,1726149180000000000,507.7,507.9,507.2,507.6,465,14310,14304
2024-09-12 21:54:00.000000000,1726149240000000000,507.6,507.8,507.3,507.6,341,14304,14293
2024-09-12 21:55:00.000000000,1726149300000000000,507.6,508.0,507.5,507.9,343,14293,14276
2024-09-12 21:56:00.000000000,1726149360000000000,507.9,508.2,507.7,508.2,237,14276,14290
2024-09-12 21:57:00.000000000,1726149420000000000,508.2,508.3,507.7,507.9,266,14290,14270
2024-09-12 21:58:00.000000000,1726149480000000000,507.9,508.0,507.7,507.7,126,14270,14261
2024-09-12 21:59:00.000000000,1726149540000000000,507.7,507.9,507.3,507.7,369,14261,14274
2024-09-12 22:00:00.000000000,1726149600000000000,507.7,508.5,507.3,508.3,517,14274,14269
2024-09-12 22:01:00.000000000,1726149660000000000,508.3,508.5,507.7,508.4,275,14269,14253
2024-09-12 22:02:00.000000000,1726149720000000000,508.4,509.5,508.4,509.2,699,14253,14278
2024-09-12 22:03:00.000000000,1726149780000000000,509.2,509.8,508.9,509.5,399,14278,14282
2024-09-12 22:04:00.000000000,1726149840000000000,509.5,509.7,509.2,509.2,213,14282,14277
2024-09-12 22:05:00.000000000,1726149900000000000,509.2,510.5,509.2,510.5,736,14277,14338
2024-09-12 22:06:00.000000000,1726149960000000000,510.5,511.1,510.3,510.8,505,14338,14336
2024-09-12 22:07:00.000000000,1726150020000000000,510.8,511.1,510.6,510.9,401,14336,14420
2024-09-12 22:08:00.000000000,1726150080000000000,510.9,511.3,510.5,511.1,482,14420,14360
2024-09-12 22:09:00.000000000,1726150140000000000,511.1,511.6,511.1,511.5,372,14360,14349
2024-09-12 22:10:00.000000000,1726150200000000000,511.5,511.9,510.8,510.9,501,14349,14357
2024-09-12 22:11:00.000000000,1726150260000000000,510.9,511.1,510.6,510.8,237,14357,14379
2024-09-12 22:12:00.000000000,1726150320000000000,510.8,512.1,510.8,511.6,448,14379,14438
2024-09-12 22:13:00.000000000,1726150380000000000,511.6,511.9,511.4,511.9,249,14438,14423
2024-09-12 22:14:00.000000000,1726150440000000000,511.9,512.2,511.8,512.0,305,14423,14476
2024-09-12 22:15:00.000000000,1726150500000000000,512.0,512.9,511.7,512.5,440,14476,14491
2024-09-12 22:16:00.000000000,1726150560000000000,512.5,513.2,512.5,513.0,478,14491,14529
2024-09-12 22:17:00.000000000,1726150620000000000,513.0,513.4,512.5,512.7,548,14529,14499
2024-09-12 22:18:00.000000000,1726150680000000000,512.7,512.8,512.4,512.6,246,14499,14496
2024-09-12 22:19:00.000000000,1726150740000000000,512.6,512.6,512.2,512.2,229,14496,14490
2024-09-12 22:20:00.000000000,1726150800000000000,512.2,512.4,511.8,512.2,301,14490,14492
2024-09-12 22:21:00.000000000,1726150860000000000,512.2,512.5,512.0,512.4,199,14492,14531
2024-09-12 22:22:00.000000000,1726150920000000000,512.4,512.5,512.0,512.2,199,14531,14556
2024-09-12 22:23:00.000000000,1726150980000000000,512.2,512.5,511.5,511.5,385,14556,14539
2024-09-12 22:24:00.000000000,1726151040000000000,511.5,511.9,511.2,511.9,308,14539,14517
2024-09-12 22:25:00.000000000,1726151100000000000,511.9,512.1,511.5,511.7,180,14517,14531
2024-09-12 22:26:00.000000000,1726151160000000000,511.7,511.9,511.6,511.7,76,14531,14533
2024-09-12 22:27:00.000000000,1726151220000000000,511.7,512.3,511.6,512.1,225,14533,14570
2024-09-12 22:28:00.000000000,1726151280000000000,512.1,512.1,511.5,511.5,137,14570,14529
2024-09-12 22:29:00.000000000,1726151340000000000,511.5,511.5,510.6,510.8,403,14529,14460
2024-09-12 22:30:00.000000000,1726151400000000000,510.8,511.3,510.7,511.3,335,14460,14591
2024-09-12 22:31:00.000000000,1726151460000000000,511.3,511.5,510.9,511.1,136,14591,14600
2024-09-12 22:32:00.000000000,1726151520000000000,511.1,511.4,511.0,511.0,170,14600,14601
2024-09-12 22:33:00.000000000,1726151580000000000,511.0,511.4,510.8,510.8,347,14601,14546
2024-09-12 22:34:00.000000000,1726151640000000000,510.8,511.1,510.1,510.4,420,14546,14535
2024-09-12 22:35:00.000000000,1726151700000000000,510.4,510.8,510.3,510.3,266,14535,14523
2024-09-12 22:36:00.000000000,1726151760000000000,510.3,510.4,509.7,509.9,424,14523,14485
2024-09-12 22:37:00.000000000,1726151820000000000,509.9,510.6,509.9,510.5,345,14485,14562
2024-09-12 22:38:00.000000000,1726151880000000000,510.5,511.0,510.5,510.8,327,14562,14550
2024-09-12 22:39:00.000000000,1726151940000000000,510.8,511.0,510.7,510.8,166,14550,14567
2024-09-12 22:40:00.000000000,1726152000000000000,510.8,511.3,510.7,510.9,228,14567,14525
2024-09-12 22:41:00.000000000,1726152060000000000,510.9,511.2,510.6,511.1,180,14525,14517
2024-09-12 22:42:00.000000000,1726152120000000000,511.1,511.3,510.8,510.8,231,14517,14513
2024-09-12 22:43:00.000000000,1726152180000000000,510.8,511.3,510.6,511.3,178,14513,14532
2024-09-12 22:44:00.000000000,1726152240000000000,511.3,511.8,511.3,511.4,300,14532,14519
2024-09-12 22:45:00.000000000,1726152300000000000,511.4,512.1,511.4,511.9,365,14519,14472
2024-09-12 22:46:00.000000000,1726152360000000000,511.9,512.7,511.9,512.5,390,14472,14459
2024-09-12 22:47:00.000000000,1726152420000000000,512.5,512.6,512.3,512.3,182,14459,14469
2024-09-12 22:48:00.000000000,1726152480000000000,512.3,512.6,512.2,512.3,154,14469,14467
2024-09-12 22:49:00.000000000,1726152540000000000,512.3,512.4,511.9,512.1,293,14467,14418
2024-09-12 22:50:00.000000000,1726152600000000000,512.1,513.0,512.1,512.8,383,14418,14388
2024-09-12 22:51:00.000000000,1726152660000000000,512.8,513.3,512.8,513.2,318,14388,14430
2024-09-12 22:52:00.000000000,1726152720000000000,513.2,513.3,512.8,512.9,186,14430,14443
2024-09-12 22:53:00.000000000,1726152780000000000,512.9,513.8,512.9,513.6,704,14443,14437
2024-09-12 22:54:00.000000000,1726152840000000000,513.6,514.4,513.4,514.3,418,14437,14477
2024-09-12 22:55:00.000000000,1726152900000000000,514.3,514.6,514.1,514.4,478,14477,14446
2024-09-12 22:56:00.000000000,1726152960000000000,514.4,514.9,514.4,514.7,342,14446,14516
2024-09-12 22:57:00.000000000,1726153020000000000,514.7,515.4,514.6,514.9,584,14516,14582
2024-09-12 22:58:00.000000000,1726153080000000000,514.9,515.3,514.8,515.2,482,14582,14594
2024-09-12 22:59:00.000000000,1726153140000000000,515.2,515.6,515.0,515.0,359,14594,14627
2024-09-12 23:00:00.000000000,1726153200000000000,515.0,515.8,515.0,515.7,522,14627,14791
2024-09-12 23:01:00.000000000,1726153260000000000,515.7,515.8,515.1,515.5,418,14791,14888
2024-09-12 23:02:00.000000000,1726153320000000000,515.5,515.7,515.1,515.4,337,14888,14951
2024-09-12 23:03:00.000000000,1726153380000000000,515.4,515.6,515.3,515.5,190,14951,15006
2024-09-12 23:04:00.000000000,1726153440000000000,515.5,515.5,514.7,515.0,744,15006,15113
2024-09-12 23:05:00.000000000,1726153500000000000,515.0,515.2,514.9,515.1,209,15113,15224
2024-09-12 23:06:00.000000000,1726153560000000000,515.1,515.3,514.8,514.9,332,15224,15297
2024-09-12 23:07:00.000000000,1726153620000000000,514.9,515.5,514.8,515.4,325,15297,15362
2024-09-12 23:08:00.000000000,1726153680000000000,515.4,516.1,515.4,515.7,549,15362,15380
2024-09-12 23:09:00.000000000,1726153740000000000,515.7,515.9,515.6,515.8,283,15380,15412
2024-09-12 23:10:00.000000000,1726153800000000000,515.8,515.9,515.5,515.8,293,15412,15442
2024-09-12 23:11:00.000000000,1726153860000000000,515.8,515.8,515.3,515.6,237,15442,15477
2024-09-12 23:12:00.000000000,1726153920000000000,515.6,515.9,515.5,515.7,184,15477,15478
2024-09-12 23:13:00.000000000,1726153980000000000,515.7,516.5,515.7,516.5,326,15478,15490
2024-09-12 23:14:00.000000000,1726154040000000000,516.5,517.1,516.1,516.7,730,15490,15562
2024-09-12 23:15:00.000000000,1726154100000000000,516.7,516.9,516.3,516.5,440,15562,15592
2024-09-12 23:16:00.000000000,1726154160000000000,516.5,517.0,516.5,516.8,370,15592,15646
2024-09-12 23:17:00.000000000,1726154220000000000,516.8,516.8,516.4,516.5,172,15646,15621
2024-09-12 23:18:00.000000000,1726154280000000000,516.5,516.5,516.2,516.3,246,15621,15630
2024-09-12 23:19:00.000000000,1726154340000000000,516.3,516.6,516.2,516.4,233,15630,15640
2024-09-12 23:20:00.000000000,1726154400000000000,516.4,516.8,516.4,516.6,184,15640,15632
2024-09-12 23:21:00.000000000,1726154460000000000,516.6,517.2,516.6,517.1,371,15632,15614
2024-09-12 23:22:00.000000000,1726154520000000000,517.1,517.3,517.0,517.2,243,15614,15643
2024-09-12 23:23:00.000000000,1726154580000000000,517.2,517.8,517.1,517.7,439,15643,15678
2024-09-12 23:24:00.000000000,1726154640000000000,517.7,517.8,517.1,517.7,322,15678,15623
2024-09-12 23:25:00.000000000,1726154700000000000,517.7,517.7,517.0,517.4,325,15623,15627
2024-09-12 23:26:00.000000000,1726154760000000000,517.4,517.5,517.1,517.2,185,15627,15647
2024-09-12 23:27:00.000000000,1726154820000000000,517.2,518.2,517.2,518.0,393,15647,15630
2024-09-12 23:28:00.000000000,1726154880000000000,518.0,518.8,518.0,518.5,545,15630,15597
2024-09-12 23:29:00.000000000,1726154940000000000,518.5,518.6,518.3,518.4,332,15597,15611
2024-09-12 23:30:00.000000000,1726155000000000000,518.4,518.5,517.8,518.0,335,15611,15650
2024-09-12 23:31:00.000000000,1726155060000000000,518.0,518.1,517.6,517.8,493,15650,15667
2024-09-12 23:32:00.000000000,1726155120000000000,517.8,517.8,516.9,517.1,745,15667,15683
2024-09-12 23:33:00.000000000,1726155180000000000,517.1,517.2,516.9,516.9,340,15683,15669
2024-09-12 23:34:00.000000000,1726155240000000000,516.9,517.1,516.2,516.9,682,15669,15552
2024-09-12 23:35:00.000000000,1726155300000000000,516.9,517.0,516.3,516.5,441,15552,15532
2024-09-12 23:36:00.000000000,1726155360000000000,516.5,516.5,515.7,515.7,605,15532,15391
2024-09-12 23:37:00.000000000,1726155420000000000,515.7,516.0,515.5,515.6,597,15391,15335
2024-09-12 23:38:00.000000000,1726155480000000000,515.6,516.6,515.6,516.2,572,15335,15282
2024-09-12 23:39:00.000000000,1726155540000000000,516.2,516.4,516.0,516.0,285,15282,15277
2024-09-12 23:40:00.000000000,1726155600000000000,516.0,516.2,515.7,516.2,251,15277,15331
2024-09-12 23:41:00.000000000,1726155660000000000,516.2,516.8,516.0,516.8,435,15331,15357
2024-09-12 23:42:00.000000000,1726155720000000000,516.8,516.8,516.4,516.6,175,15357,15370
2024-09-12 23:43:00.000000000,1726155780000000000,516.6,517.0,516.6,516.9,212,15370,15405
2024-09-12 23:44:00.000000000,1726155840000000000,516.9,517.0,516.1,516.1,249,15405,15411
2024-09-12 23:45:00.000000000,1726155900000000000,516.1,516.8,516.1,516.6,318,15411,15469
2024-09-12 23:46:00.000000000,1726155960000000000,516.6,516.6,516.2,516.2,246,15469,15468
2024-09-12 23:47:00.000000000,1726156020000000000,516.2,516.4,516.2,516.4,95,15468,15464
2024-09-12 23:48:00.000000000,1726156080000000000,516.4,516.6,516.3,516.5,200,15464,15471
2024-09-12 23:49:00.000000000,1726156140000000000,516.5,517.0,516.4,517.0,225,15471,15470
2024-09-12 23:50:00.000000000,1726156200000000000,517.0,517.1,516.5,516.6,418,15470,15371
2024-09-12 23:51:00.000000000,1726156260000000000,516.6,516.9,516.4,516.8,158,15371,15344
2024-09-12 23:52:00.000000000,1726156320000000000,516.8,516.8,516.5,516.5,170,15344,15334
2024-09-12 23:53:00.000000000,1726156380000000000,516.5,516.8,516.4,516.6,108,15334,15303
2024-09-12 23:54:00.000000000,1726156440000000000,516.6,516.8,516.4,516.7,272,15303,15251
2024-09-12 23:55:00.000000000,1726156500000000000,516.7,517.1,516.7,517.0,180,15251,15236
2024-09-12 23:56:00.000000000,1726156560000000000,517.0,517.4,516.7,517.1,302,15236,15209
2024-09-12 23:57:00.000000000,1726156620000000000,517.1,517.1,516.8,516.8,86,15209,15205
2024-09-12 23:58:00.000000000,1726156680000000000,516.8,516.9,516.2,516.2,300,15205,15194
2024-09-12 23:59:00.000000000,1726156740000000000,516.2,516.2,515.7,516.1,370,15194,15202
2024-09-13 00:00:00.000000000,1726156800000000000,516.1,516.3,515.9,516.3,134,15202,15233
2024-09-13 00:01:00.000000000,1726156860000000000,516.3,516.7,516.3,516.6,175,15233,15230
2024-09-13 00:02:00.000000000,1726156920000000000,516.6,516.9,516.5,516.5,128,15230,15249
2024-09-13 00:03:00.000000000,1726156980000000000,516.5,516.9,516.5,516.9,92,15249,15220
2024-09-13 00:04:00.000000000,1726157040000000000,516.9,516.9,516.7,516.9,70,15220,15224
2024-09-13 00:05:00.000000000,1726157100000000000,516.9,516.9,516.5,516.5,202,15224,15233
2024-09-13 00:06:00.000000000,1726157160000000000,516.5,516.6,516.4,516.5,88,15233,15219
2024-09-13 00:07:00.000000000,1726157220000000000,516.5,516.9,516.5,516.8,72,15219,15222
2024-09-13 00:08:00.000000000,1726157280000000000,516.8,517.2,516.8,517.2,226,15222,15213
2024-09-13 00:09:00.000000000,1726157340000000000,517.2,517.2,517.0,517.1,145,15213,15207
2024-09-13 00:10:00.000000000,1726157400000000000,517.1,517.1,516.8,517.0,95,15207,15205
2024-09-13 00:11:00.000000000,1726157460000000000,517.0,517.0,516.8,516.9,49,15205,15205
2024-09-13 00:12:00.000000000,1726157520000000000,516.9,517.0,516.8,516.9,107,15205,15190
2024-09-13 00:13:00.000000000,1726157580000000000,516.9,517.0,516.6,517.0,238,15190,15201
2024-09-13 00:14:00.000000000,1726157640000000000,517.0,517.1,516.8,517.0,91,15201,15209
2024-09-13 00:15:00.000000000,1726157700000000000,517.0,517.1,516.8,516.9,125,15209,15207
2024-09-13 00:16:00.000000000,1726157760000000000,516.9,517.0,516.8,516.9,22,15207,15199
2024-09-13 00:17:00.000000000,1726157820000000000,516.9,517.2,516.8,516.9,87,15199,15186
2024-09-13 00:18:00.000000000,1726157880000000000,516.9,517.1,516.7,516.7,103,15186,15200
2024-09-13 00:19:00.000000000,1726157940000000000,516.7,517.0,516.7,516.8,134,15200,15167
2024-09-13 00:20:00.000000000,1726158000000000000,516.8,517.0,516.7,517.0,89,15167,15142
2024-09-13 00:21:00.000000000,1726158060000000000,517.0,517.0,516.9,517.0,56,15142,15138
2024-09-13 00:22:00.000000000,1726158120000000000,517.0,517.2,517.0,517.0,148,15138,15121
2024-09-13 00:23:00.000000000,1726158180000000000,517.0,517.3,517.0,517.1,134,15121,15110
2024-09-13 00:24:00.000000000,1726158240000000000,517.1,517.1,516.6,516.7,211,15110,15091
2024-09-13 00:25:00.000000000,1726158300000000000,516.7,516.8,516.5,516.6,80,15091,15073
2024-09-13 00:26:00.000000000,1726158360000000000,516.6,516.7,516.4,516.5,104,15073,15077
2024-09-13 00:27:00.000000000,1726158420000000000,516.5,516.5,515.9,516.3,323,15077,15012
2024-09-13 00:28:00.000000000,1726158480000000000,516.3,516.6,516.2,516.6,124,15012,15009
2024-09-13 00:29:00.000000000,1726158540000000000,516.6,516.6,516.3,516.3,53,15009,15005
2024-09-13 00:30:00.000000000,1726158600000000000,516.3,516.3,515.9,516.0,156,15005,14995
2024-09-13 00:31:00.000000000,1726158660000000000,516.0,516.0,515.4,515.7,267,14995,14942
2024-09-13 00:32:00.000000000,1726158720000000000,515.7,515.8,515.1,515.2,277,14942,14891
2024-09-13 00:33:00.000000000,1726158780000000000,515.2,515.5,515.1,515.1,260,14891,14887
2024-09-13 00:34:00.000000000,1726158840000000000,515.1,515.4,515.1,515.3,105,14887,14881
2024-09-13 00:35:00.000000000,1726158900000000000,515.3,515.6,515.2,515.4,160,14881,14872
2024-09-13 00:36:00.000000000,1726158960000000000,515.4,515.4,514.8,515.0,228,14872,14837
2024-09-13 00:37:00.000000000,1726159020000000000,515.0,515.4,515.0,515.3,98,14837,14831
2024-09-13 00:38:00.000000000,1726159080000000000,515.3,515.6,515.3,515.5,96,14831,14819
2024-09-13 00:39:00.000000000,1726159140000000000,515.5,515.8,515.2,515.4,218,14819,14791
2024-09-13 00:40:00.000000000,1726159200000000000,515.4,515.6,515.3,515.6,94,14791,14784
2024-09-13 00:41:00.000000000,1726159260000000000,515.6,515.6,515.5,515.5,62,14784,14784
2024-09-13 00:42:00.000000000,1726159320000000000,515.5,515.6,515.4,515.5,54,14784,14786
2024-09-13 00:43:00.000000000,1726159380000000000,515.5,515.5,515.3,515.4,88,14786,14767
2024-09-13 00:44:00.000000000,1726159440000000000,515.4,515.4,515.0,515.1,123,14767,14742
2024-09-13 00:45:00.000000000,1726159500000000000,515.1,515.4,514.8,514.9,283,14742,14719
2024-09-13 00:46:00.000000000,1726159560000000000,514.9,515.3,514.6,515.3,334,14719,14674
2024-09-13 00:47:00.000000000,1726159620000000000,515.3,515.7,515.3,515.6,182,14674,14690
2024-09-13 00:48:00.000000000,1726159680000000000,515.6,516.4,515.6,516.1,254,14690,14663
2024-09-13 00:49:00.000000000,1726159740000000000,516.1,516.4,515.9,515.9,274,14663,14613
2024-09-13 00:50:00.000000000,1726159800000000000,515.9,516.1,515.9,516.1,69,14613,14617
2024-09-13 00:51:00.000000000,1726159860000000000,516.1,516.2,516.0,516.2,93,14617,14595
2024-09-13 00:52:00.000000000,1726159920000000000,516.2,516.2,516.0,516.0,83,14595,14617
2024-09-13 00:53:00.000000000,1726159980000000000,516.0,516.3,516.0,516.3,109,14617,14590
2024-09-13 00:54:00.000000000,1726160040000000000,516.3,516.4,516.1,516.2,91,14590,14561
2024-09-13 00:55:00.000000000,1726160100000000000,516.2,516.3,516.1,516.3,83,14561,14557
2024-09-13 00:56:00.000000000,1726160160000000000,516.3,516.4,516.2,516.3,149,14557,14572
2024-09-13 00:57:00.000000000,1726160220000000000,516.3,516.4,516.2,516.3,73,14572,14544
2024-09-13 00:58:00.000000000,1726160280000000000,516.3,516.7,516.3,516.6,103,14544,14530
2024-09-13 00:59:00.000000000,1726160340000000000,516.6,516.7,516.5,516.5,48,14530,14526
2024-09-13 01:00:00.000000000,1726160400000000000,516.5,516.6,516.2,516.3,76,14526,14513
2024-09-13 01:01:00.000000000,1726160460000000000,516.3,516.3,516.0,516.1,92,14513,14506
2024-09-13 01:02:00.000000000,1726160520000000000,516.1,516.3,516.0,516.1,126,14506,14504
2024-09-13 01:03:00.000000000,1726160580000000000,516.1,516.3,516.0,516.2,72,14504,14500
2024-09-13 01:04:00.000000000,1726160640000000000,516.2,516.7,516.2,516.4,125,14500,14502
2024-09-13 01:05:00.000000000,1726160700000000000,516.4,516.4,516.1,516.3,139,14502,14489
2024-09-13 01:06:00.000000000,1726160760000000000,516.3,516.6,515.6,515.6,255,14489,14447
2024-09-13 01:07:00.000000000,1726160820000000000,515.6,515.9,515.5,515.7,157,14447,14450
2024-09-13 01:08:00.000000000,1726160880000000000,515.7,515.9,515.5,515.8,121,14450,14427
2024-09-13 01:09:00.000000000,1726160940000000000,515.8,516.2,515.8,516.1,109,14427,14417
2024-09-13 01:10:00.000000000,1726161000000000000,516.1,516.1,515.8,516.0,65,14417,14428
2024-09-13 01:11:00.000000000,1726161060000000000,516.0,516.0,515.9,516.0,48,14428,14417
2024-09-13 01:12:00.000000000,1726161120000000000,516.0,516.0,515.5,515.6,157,14417,14387
2024-09-13 01:13:00.000000000,1726161180000000000,515.6,515.7,515.4,515.4,128,14387,14393
2024-09-13 01:14:00.000000000,1726161240000000000,515.4,515.6,515.3,515.4,76,14393,14393
2024-09-13 01:15:00.000000000,1726161300000000000,515.4,515.7,515.3,515.6,79,14393,14398
2024-09-13 01:16:00.000000000,1726161360000000000,515.6,516.0,515.6,515.8,121,14398,14394
2024-09-13 01:17:00.000000000,1726161420000000000,515.8,515.8,515.3,515.4,147,14394,14433
2024-09-13 01:18:00.000000000,1726161480000000000,515.4,515.4,515.1,515.3,97,14433,14434
2024-09-13 01:19:00.000000000,1726161540000000000,515.3,515.4,515.2,515.4,55,14434,14459
2024-09-13 01:20:00.000000000,1726161600000000000,515.4,515.5,515.1,515.2,142,14459,14436
2024-09-13 01:21:00.000000000,1726161660000000000,515.2,515.5,515.2,515.5,106,14436,14461
2024-09-13 01:22:00.000000000,1726161720000000000,515.5,515.5,515.4,515.5,32,14461,14456
2024-09-13 01:23:00.000000000,1726161780000000000,515.5,515.8,515.5,515.7,97,14456,14445
2024-09-13 01:24:00.000000000,1726161840000000000,515.7,515.9,515.6,515.8,78,14445,14443
2024-09-13 01:25:00.000000000,1726161900000000000,515.8,515.9,515.7,515.8,32,14443,14426
2024-09-13 01:26:00.000000000,1726161960000000000,515.8,515.8,515.7,515.8,23,14426,14418
2024-09-13 01:27:00.000000000,1726162020000000000,515.8,515.8,515.5,515.5,39,14418,14427
2024-09-13 01:28:00.000000000,1726162080000000000,515.5,515.6,515.4,515.5,91,14427,14397
2024-09-13 01:29:00.000000000,1726162140000000000,515.5,515.6,515.5,515.6,23,14397,14391
2024-09-13 01:30:00.000000000,1726162200000000000,515.6,515.7,515.6,515.7,27,14391,14385
2024-09-13 01:31:00.000000000,1726162260000000000,515.7,515.7,515.6,515.6,31,14385,14375
2024-09-13 01:32:00.000000000,1726162320000000000,515.6,515.8,515.5,515.6,43,14375,14365
2024-09-13 01:33:00.000000000,1726162380000000000,515.6,515.8,515.6,515.8,19,14365,14368
2024-09-13 01:34:00.000000000,1726162440000000000,515.8,515.8,515.7,515.7,51,14368,14344
2024-09-13 01:35:00.000000000,1726162500000000000,515.7,516.1,515.7,515.9,105,14344,14318
2024-09-13 01:36:00.000000000,1726162560000000000,515.9,516.2,515.9,516.0,81,14318,14324
2024-09-13 01:37:00.000000000,1726162620000000000,516.0,516.4,515.9,515.9,201,14324,14382
2024-09-13 01:38:00.000000000,1726162680000000000,515.9,515.9,515.7,515.8,67,14382,14372
2024-09-13 01:39:00.000000000,1726162740000000000,515.8,515.8,515.6,515.8,33,14372,14376
2024-09-13 01:40:00.000000000,1726162800000000000,515.8,515.8,515.6,515.8,47,14376,14385
2024-09-13 01:41:00.000000000,1726162860000000000,515.8,515.9,515.8,515.9,21,14385,14373
2024-09-13 01:42:00.000000000,1726162920000000000,515.9,516.1,515.8,516.1,71,14373,14355
2024-09-13 01:43:00.000000000,1726162980000000000,516.1,516.3,515.9,516.0,59,14355,14337
2024-09-13 01:44:00.000000000,1726163040000000000,516.0,516.2,515.8,515.8,98,14337,14344
2024-09-13 01:45:00.000000000,1726163100000000000,515.8,516.3,515.8,516.1,123,14344,14305
2024-09-13 01:46:00.000000000,1726163160000000000,516.1,516.1,516.1,516.1,49,14305,14323
2024-09-13 01:47:00.000000000,1726163220000000000,516.1,516.1,515.7,515.9,88,14323,14304
2024-09-13 01:48:00.000000000,1726163280000000000,515.9,516.0,515.6,515.7,48,14304,14314
2024-09-13 01:49:00.000000000,1726163340000000000,515.7,515.7,515.2,515.3,139,14314,14296
2024-09-13 01:50:00.000000000,1726163400000000000,515.3,515.3,514.7,515.1,187,14296,14261
2024-09-13 01:51:00.000000000,1726163460000000000,515.1,515.4,515.1,515.4,80,14261,14289
2024-09-13 01:52:00.000000000,1726163520000000000,515.4,515.6,515.4,515.4,87,14289,14293
2024-09-13 01:53:00.000000000,1726163580000000000,515.4,515.5,515.3,515.5,47,14293,14284
2024-09-13 01:54:00.000000000,1726163640000000000,515.5,515.5,515.3,515.5,27,14284,14280
2024-09-13 01:55:00.000000000,1726163700000000000,515.5,515.6,515.3,515.6,22,14280,14274
2024-09-13 01:56:00.000000000,1726163760000000000,515.6,515.6,515.4,515.5,23,14274,14268
2024-09-13 01:57:00.000000000,1726163820000000000,515.5,515.5,515.3,515.5,40,14268,14260
2024-09-13 01:58:00.000000000,1726163880000000000,515.5,515.6,515.4,515.5,24,14260,14259
2024-09-13 01:59:00.000000000,1726163940000000000,515.5,515.5,515.5,515.5,30,14259,14272
2024-09-13 02:00:00.000000000,1726164000000000000,515.5,515.6,515.4,515.6,29,14272,14270
2024-09-13 02:01:00.000000000,1726164060000000000,515.6,515.6,515.5,515.5,13,14270,14264
2024-09-13 02:02:00.000000000,1726164120000000000,515.5,515.6,515.2,515.3,90,14264,14241
2024-09-13 02:03:00.000000000,1726164180000000000,515.3,515.3,515.1,515.1,110,14241,14211
2024-09-13 02:04:00.000000000,1726164240000000000,515.1,515.3,515.1,515.3,51,14211,14197
2024-09-13 02:05:00.000000000,1726164300000000000,515.3,515.3,515.1,515.2,97,14197,14189
2024-09-13 02:06:00.000000000,1726164360000000000,515.2,515.3,515.1,515.1,44,14189,14179
2024-09-13 02:07:00.000000000,1726164420000000000,515.1,515.1,515.0,515.0,74,14179,14167
2024-09-13 02:08:00.000000000,1726164480000000000,515.0,515.0,514.8,514.9,99,14167,14146
2024-09-13 02:09:00.000000000,1726164540000000000,514.9,514.9,514.5,514.6,186,14146,14069
2024-09-13 02:10:00.000000000,1726164600000000000,514.6,514.8,514.4,514.4,115,14069,14053
2024-09-13 02:11:00.000000000,1726164660000000000,514.4,515.0,514.3,514.8,201,14053,14054
2024-09-13 02:12:00.000000000,1726164720000000000,514.8,514.9,514.4,514.4,107,14054,14093
2024-09-13 02:13:00.000000000,1726164780000000000,514.4,514.8,514.4,514.8,67,14093,14102
2024-09-13 02:14:00.000000000,1726164840000000000,514.8,515.6,514.8,515.2,275,14102,14077
2024-09-13 02:15:00.000000000,1726164900000000000,515.2,515.5,515.2,515.3,87,14077,14050
2024-09-13 02:16:00.000000000,1726164960000000000,515.3,515.8,515.3,515.7,215,14050,14006
2024-09-13 02:17:00.000000000,1726165020000000000,515.7,515.9,515.4,515.6,102,14006,13993
2024-09-13 02:18:00.000000000,1726165080000000000,515.6,515.6,515.0,515.1,96,13993,13978
2024-09-13 02:19:00.000000000,1726165140000000000,515.1,515.3,515.1,515.3,55,13978,13977
2024-09-13 02:20:00.000000000,1726165200000000000,515.3,515.5,515.3,515.3,65,13977,13960
2024-09-13 02:21:00.000000000,1726165260000000000,515.3,515.5,515.3,515.3,41,13960,13944
2024-09-13 02:22:00.000000000,1726165320000000000,515.3,515.4,515.0,515.4,120,13944,13927
2024-09-13 02:23:00.000000000,1726165380000000000,515.4,515.7,515.4,515.6,153,13927,13881
2024-09-13 02:24:00.000000000,1726165440000000000,515.6,516.0,515.6,515.6,130,13881,13832
2024-09-13 02:25:00.000000000,1726165500000000000,515.6,515.7,515.4,515.5,107,13832,13816
2024-09-13 02:26:00.000000000,1726165560000000000,515.5,515.6,515.3,515.3,105,13816,13811
2024-09-13 02:27:00.000000000,1726165620000000000,515.3,515.4,515.0,515.2,192,13811,13816
2024-09-13 02:28:00.000000000,1726165680000000000,515.2,515.3,514.8,515.0,250,13816,13736
2024-09-13 02:29:00.000000000,1726165740000000000,515.0,515.1,514.5,514.5,283,13736,13604
2024-09-13 09:00:00.000000000,1726189200000000000,516.7,516.9,515.9,516.7,633,13604,13486
2024-09-13 09:01:00.000000000,1726189260000000000,516.7,516.7,516.0,516.2,287,13486,13460
2024-09-13 09:02:00.000000000,1726189320000000000,516.2,516.3,515.7,516.1,185,13460,13432
2024-09-13 09:03:00.000000000,1726189380000000000,516.1,516.2,515.8,515.9,153,13432,13416
2024-09-13 09:04:00.000000000,1726189440000000000,515.9,515.9,515.4,515.4,168,13416,13410
2024-09-13 09:05:00.000000000,1726189500000000000,515.4,515.7,515.4,515.5,85,13410,13434
2024-09-13 09:06:00.000000000,1726189560000000000,515.5,516.0,515.5,515.9,106,13434,13403
2024-09-13 09:07:00.000000000,1726189620000000000,515.9,515.9,515.5,515.6,83,13403,13407
2024-09-13 09:08:00.000000000,1726189680000000000,515.6,515.8,515.5,515.7,61,13407,13382
2024-09-13 09:09:00.000000000,1726189740000000000,515.7,515.9,515.6,515.6,52,13382,13373
2024-09-13 09:10:00.000000000,1726189800000000000,515.6,515.6,515.3,515.6,103,13373,13348
2024-09-13 09:11:00.000000000,1726189860000000000,515.6,515.8,515.4,515.8,45,13348,13334
2024-09-13 09:12:00.000000000,1726189920000000000,515.8,515.8,515.3,515.5,76,13334,13325
2024-09-13 09:13:00.000000000,1726189980000000000,515.5,515.6,515.3,515.5,43,13325,13332
2024-09-13 09:14:00.000000000,1726190040000000000,515.5,515.6,515.2,515.3,90,13332,13316
2024-09-13 09:15:00.000000000,1726190100000000000,515.3,515.5,515.2,515.5,78,13316,13322
2024-09-13 09:16:00.000000000,1726190160000000000,515.5,516.0,515.5,515.8,145,13322,13298
2024-09-13 09:17:00.000000000,1726190220000000000,515.8,515.9,515.8,515.9,18,13298,13292
2024-09-13 09:18:00.000000000,1726190280000000000,515.9,515.9,515.7,515.9,40,13292,13282
2024-09-13 09:19:00.000000000,1726190340000000000,515.9,516.1,515.9,516.1,79,13282,13270
2024-09-13 09:20:00.000000000,1726190400000000000,516.1,516.2,515.9,516.1,70,13270,13271
2024-09-13 09:21:00.000000000,1726190460000000000,516.1,516.3,516.1,516.1,45,13271,13259
2024-09-13 09:22:00.000000000,1726190520000000000,516.1,516.2,515.7,515.9,113,13259,13250
2024-09-13 09:23:00.000000000,1726190580000000000,515.9,516.0,515.7,515.7,51,13250,13263
2024-09-13 09:24:00.000000000,1726190640000000000,515.7,515.9,515.4,515.9,112,13263,13238
2024-09-13 09:25:00.000000000,1726190700000000000,515.9,516.2,515.9,516.1,45,13238,13235
2024-09-13 09:26:00.000000000,1726190760000000000,516.1,516.1,515.7,515.7,30,13235,13232
2024-09-13 09:27:00.000000000,1726190820000000000,515.7,515.8,515.2,515.4,125,13232,13235
2024-09-13 09:28:00.000000000,1726190880000000000,515.4,515.4,515.0,515.2,134,13235,13221
2024-09-13 09:29:00.000000000,1726190940000000000,515.2,515.4,515.1,515.2,57,13221,13216
2024-09-13 09:30:00.000000000,1726191000000000000,515.2,515.7,515.2,515.7,72,13216,13185
2024-09-13 09:31:00.000000000,1726191060000000000,515.7,515.7,515.5,515.6,63,13185,13151
2024-09-13 09:32:00.000000000,1726191120000000000,515.6,515.8,515.5,515.6,44,13151,13146
2024-09-13 09:33:00.000000000,1726191180000000000,515.6,515.7,515.2,515.2,76,13146,13124
2024-09-13 09:34:00.000000000,1726191240000000000,515.2,515.2,515.0,515.0,53,13124,13135
2024-09-13 09:35:00.000000000,1726191300000000000,515.0,515.3,515.0,515.3,51,13135,13141
2024-09-13 09:36:00.000000000,1726191360000000000,515.3,515.6,515.3,515.4,61,13141,13126
2024-09-13 09:37:00.000000000,1726191420000000000,515.4,515.4,515.2,515.2,52,13126,13121
2024-09-13 09:38:00.000000000,1726191480000000000,515.2,515.4,515.2,515.4,33,13121,13112
2024-09-13 09:39:00.000000000,1726191540000000000,515.4,515.5,515.3,515.4,33,13112,13100
2024-09-13 09:40:00.000000000,1726191600000000000,515.4,515.5,515.3,515.5,35,13100,13087
2024-09-13 09:41:00.000000000,1726191660000000000,515.5,515.6,515.5,515.6,51,13087,13064
2024-09-13 09:42:00.000000000,1726191720000000000,515.6,515.6,515.2,515.2,38,13064,13066
2024-09-13 09:43:00.000000000,1726191780000000000,515.2,515.4,515.0,515.0,86,13066,13063
2024-09-13 09:44:00.000000000,1726191840000000000,515.0,515.0,514.6,514.7,131,13063,13073
2024-09-13 09:45:00.000000000,1726191900000000000,514.7,514.8,514.5,514.6,74,13073,13078
2024-09-13 09:46:00.000000000,1726191960000000000,514.6,514.7,514.4,514.4,74,13078,13077
2024-09-13 09:47:00.000000000,1726192020000000000,514.4,514.4,514.1,514.2,129,13077,13044
2024-09-13 09:48:00.000000000,1726192080000000000,514.2,514.2,513.8,513.8,124,13044,13015
2024-09-13 09:49:00.000000000,1726192140000000000,513.8,514.1,513.8,513.8,125,13015,12976
2024-09-13 09:50:00.000000000,1726192200000000000,513.8,514.0,513.8,513.8,49,12976,12984
2024-09-13 09:51:00.000000000,1726192260000000000,513.8,514.2,513.8,513.9,70,12984,12969
2024-09-13 09:52:00.000000000,1726192320000000000,513.9,513.9,513.6,513.9,97,12969,12954
2024-09-13 09:53:00.000000000,1726192380000000000,513.9,514.2,513.9,514.2,80,12954,12941
2024-09-13 09:54:00.000000000,1726192440000000000,514.2,514.8,514.2,514.8,121,12941,12954
2024-09-13 09:55:00.000000000,1726192500000000000,514.8,515.0,514.7,514.8,94,12954,12916
2024-09-13 09:56:00.000000000,1726192560000000000,514.8,514.9,514.6,514.9,69,12916,12919
2024-09-13 09:57:00.000000000,1726192620000000000,514.9,514.9,514.8,514.8,23,12919,12908
2024-09-13 09:58:00.000000000,1726192680000000000,514.8,514.8,514.4,514.6,63,12908,12893
2024-09-13 09:59:00.000000000,1726192740000000000,514.6,514.6,514.3,514.4,53,12893,12890
2024-09-13 10:00:00.000000000,1726192800000000000,514.4,514.7,514.4,514.5,44,12890,12877
2024-09-13 10:01:00.000000000,1726192860000000000,514.5,514.5,514.0,514.2,72,12877,12867
2024-09-13 10:02:00.000000000,1726192920000000000,514.2,514.6,514.2,514.5,47,12867,12845
2024-09-13 10:03:00.000000000,1726192980000000000,514.5,514.6,514.4,514.6,37,12845,12834
2024-09-13 10:04:00.000000000,1726193040000000000,514.6,514.7,514.5,514.6,54,12834,12818
2024-09-13 10:05:00.000000000,1726193100000000000,514.6,514.6,514.2,514.2,27,12818,12811
2024-09-13 10:06:00.000000000,1726193160000000000,514.2,514.3,514.2,514.3,31,12811,12815
2024-09-13 10:07:00.000000000,1726193220000000000,514.3,514.4,514.3,514.3,21,12815,12808
2024-09-13 10:08:00.000000000,1726193280000000000,514.3,514.4,514.3,514.4,12,12808,12813
2024-09-13 10:09:00.000000000,1726193340000000000,514.4,514.4,514.3,514.3,23,12813,12801
2024-09-13 10:10:00.000000000,1726193400000000000,514.3,514.7,514.3,514.6,62,12801,12787
2024-09-13 10:11:00.000000000,1726193460000000000,514.6,514.8,514.4,514.7,109,12787,12724
2024-09-13 10:12:00.000000000,1726193520000000000,514.7,514.7,514.4,514.5,32,12724,12721
2024-09-13 10:13:00.000000000,1726193580000000000,514.5,514.5,514.4,514.4,18,12721,12710
2024-09-13 10:14:00.000000000,1726193640000000000,514.4,514.5,514.1,514.1,89,12710,12677
2024-09-13 10:30:00.000000000,1726194600000000000,514.3,514.4,514.1,514.2,63,12677,12690
2024-09-13 10:31:00.000000000,1726194660000000000,514.2,514.2,513.9,513.9,83,12690,12719
2024-09-13 10:32:00.000000000,1726194720000000000,513.9,514.0,513.8,513.9,54,12719,12725
2024-09-13 10:33:00.000000000,1726194780000000000,513.9,513.9,513.4,513.8,107,12725,12723
2024-09-13 10:34:00.000000000,1726194840000000000,513.8,513.8,513.7,513.7,19,12723,12723
2024-09-13 10:35:00.000000000,1726194900000000000,513.7,513.9,513.7,513.8,43,12723,12729
2024-09-13 10:36:00.000000000,1726194960000000000,513.8,513.9,513.6,513.8,76,12729,12742
2024-09-13 10:37:00.000000000,1726195020000000000,513.8,513.8,513.7,513.8,26,12742,12738
2024-09-13 10:38:00.000000000,1726195080000000000,513.8,514.1,513.8,513.9,32,12738,12729
2024-09-13 10:39:00.000000000,1726195140000000000,513.9,513.9,513.3,513.4,86,12729,12737
2024-09-13 10:40:00.000000000,1726195200000000000,513.4,513.4,512.9,513.4,177,12737,12750
2024-09-13 10:41:00.000000000,1726195260000000000,513.4,513.4,513.3,513.4,51,12750,12737
2024-09-13 10:42:00.000000000,1726195320000000000,513.4,513.4,513.0,513.2,60,12737,12730
2024-09-13 10:43:00.000000000,1726195380000000000,513.2,513.3,513.1,513.1,46,12730,12740
2024-09-13 10:44:00.000000000,1726195440000000000,513.1,513.2,512.9,513.2,130,12740,12754
2024-09-13 10:45:00.000000000,1726195500000000000,513.2,513.2,513.0,513.1,50,12754,12758
2024-09-13 10:46:00.000000000,1726195560000000000,513.1,513.5,513.1,513.5,63,12758,12753
2024-09-13 10:47:00.000000000,1726195620000000000,513.5,513.7,513.3,513.3,105,12753,12751
2024-09-13 10:48:00.000000000,1726195680000000000,513.3,513.3,513.2,513.2,48,12751,12758
2024-09-13 10:49:00.000000000,1726195740000000000,513.2,513.3,512.9,513.0,37,12758,12761
2024-09-13 10:50:00.000000000,1726195800000000000,513.0,513.0,512.9,513.0,39,12761,12749
2024-09-13 10:51:00.000000000,1726195860000000000,513.0,513.0,512.8,513.0,35,12749,12741
2024-09-13 10:52:00.000000000,1726195920000000000,513.0,513.1,512.9,513.1,21,12741,12739
2024-09-13 10:53:00.000000000,1726195980000000000,513.1,513.2,513.1,513.1,26,12739,12734
2024-09-13 10:54:00.000000000,1726196040000000000,513.1,513.2,513.0,513.1,18,12734,12726
2024-09-13 10:55:00.000000000,1726196100000000000,513.1,513.2,513.1,513.2,15,12726,12722
2024-09-13 10:56:00.000000000,1726196160000000000,513.2,513.4,513.2,513.2,33,12722,12730
2024-09-13 10:57:00.000000000,1726196220000000000,513.2,513.3,512.9,513.0,57,12730,12750
2024-09-13 10:58:00.000000000,1726196280000000000,513.0,513.0,512.9,512.9,21,12750,12752
2024-09-13 10:59:00.000000000,1726196340000000000,512.9,513.1,512.9,513.1,17,12752,12745
2024-09-13 11:00:00.000000000,1726196400000000000,513.1,513.6,513.1,513.6,116,12745,12717
2024-09-13 11:01:00.000000000,1726196460000000000,513.6,513.6,513.0,513.0,66,12717,12713
2024-09-13 11:02:00.000000000,1726196520000000000,513.0,513.1,512.6,512.6,120,12713,12724
2024-09-13 11:03:00.000000000,1726196580000000000,512.6,513.0,512.6,513.0,34,12724,12727
2024-09-13 11:04:00.000000000,1726196640000000000,513.0,513.2,513.0,513.1,26,12727,12723
2024-09-13 11:05:00.000000000,1726196700000000000,513.1,513.3,513.1,513.1,20,12723,12726
2024-09-13 11:06:00.000000000,1726196760000000000,513.1,513.3,513.1,513.3,26,12726,12716
2024-09-13 11:07:00.000000000,1726196820000000000,513.3,513.3,513.1,513.1,53,12716,12718
2024-09-13 11:08:00.000000000,1726196880000000000,513.1,513.1,512.9,512.9,17,12718,12715
2024-09-13 11:09:00.000000000,1726196940000000000,512.9,513.0,512.9,512.9,12,12715,12714
2024-09-13 11:10:00.000000000,1726197000000000000,512.9,513.3,512.9,513.3,28,12714,12723
2024-09-13 11:11:00.000000000,1726197060000000000,513.3,513.4,513.2,513.3,21,12723,12718
2024-09-13 11:12:00.000000000,1726197120000000000,513.3,513.3,513.0,513.1,13,12718,12714
2024-09-13 11:13:00.000000000,1726197180000000000,513.1,513.1,513.0,513.0,12,12714,12719
2024-09-13 11:14:00.000000000,1726197240000000000,513.0,513.0,512.8,512.9,36,12719,12710
2024-09-13 11:15:00.000000000,1726197300000000000,512.9,513.2,512.7,512.8,53,12710,12696
2024-09-13 11:16:00.000000000,1726197360000000000,512.8,512.9,512.7,512.8,23,12696,12691
2024-09-13 11:17:00.000000000,1726197420000000000,512.8,512.9,512.4,512.7,109,12691,12668
2024-09-13 11:18:00.000000000,1726197480000000000,512.7,513.3,512.7,513.2,82,12668,12635
2024-09-13 11:19:00.000000000,1726197540000000000,513.2,513.3,513.0,513.1,27,12635,12633
2024-09-13 11:20:00.000000000,1726197600000000000,513.1,513.3,513.1,513.1,27,12633,12634
2024-09-13 11:21:00.000000000,1726197660000000000,513.1,513.6,513.1,513.5,53,12634,12616
2024-09-13 11:22:00.000000000,1726197720000000000,513.5,513.8,513.5,513.7,99,12616,12585
2024-09-13 11:23:00.000000000,1726197780000000000,513.7,513.7,513.5,513.6,23,12585,12585
2024-09-13 11:24:00.000000000,1726197840000000000,513.6,513.8,513.2,513.4,89,12585,12552
2024-09-13 11:25:00.000000000,1726197900000000000,513.4,513.6,513.2,513.6,82,12552,12541
2024-09-13 11:26:00.000000000,1726197960000000000,513.6,513.8,513.6,513.7,125,12541,12540
2024-09-13 11:27:00.000000000,1726198020000000000,513.7,513.7,513.6,513.7,46,12540,12539
2024-09-13 11:28:00.000000000,1726198080000000000,513.7,514.0,513.5,514.0,85,12539,12515
2024-09-13 11:29:00.000000000,1726198140000000000,514.0,514.1,513.1,513.1,333,12515,12523
2024-09-13 13:30:00.000000000,1726205400000000000,514.1,514.9,514.1,514.5,299,12523,12506
2024-09-13 13:31:00.000000000,1726205460000000000,514.5,514.8,514.5,514.5,116,12506,12488
2024-09-13 13:32:00.000000000,1726205520000000000,514.5,515.0,514.5,514.7,154,12488,12480
2024-09-13 13:33:00.000000000,1726205580000000000,514.7,514.8,514.6,514.7,71,12480,12493
2024-09-13 13:34:00.000000000,1726205640000000000,514.7,514.8,514.6,514.6,64,12493,12509
2024-09-13 13:35:00.000000000,1726205700000000000,514.6,514.8,514.5,514.8,75,12509,12514
2024-09-13 13:36:00.000000000,1726205760000000000,514.8,514.8,514.4,514.6,52,12514,12519
2024-09-13 13:37:00.000000000,1726205820000000000,514.6,514.7,514.5,514.6,22,12519,12521
2024-09-13 13:38:00.000000000,1726205880000000000,514.6,514.8,514.5,514.7,90,12521,12492
2024-09-13 13:39:00.000000000,1726205940000000000,514.7,514.8,514.6,514.6,49,12492,12476
2024-09-13 13:40:00.000000000,1726206000000000000,514.6,514.9,514.5,514.8,98,12476,12483
2024-09-13 13:41:00.000000000,1726206060000000000,514.8,514.9,514.5,514.5,73,12483,12478
2024-09-13 13:42:00.000000000,1726206120000000000,514.5,514.9,514.5,514.6,83,12478,12449
2024-09-13 13:43:00.000000000,1726206180000000000,514.6,514.7,514.5,514.5,26,12449,12450
2024-09-13 13:44:00.000000000,1726206240000000000,514.5,514.7,514.4,514.5,82,12450,12448
2024-09-13 13:45:00.000000000,1726206300000000000,514.5,514.5,514.1,514.2,77,12448,12432
2024-09-13 13:46:00.000000000,1726206360000000000,514.2,514.2,514.0,514.1,113,12432,12395
2024-09-13 13:47:00.000000000,1726206420000000000,514.1,514.2,514.1,514.2,61,12395,12374
2024-09-13 13:48:00.000000000,1726206480000000000,514.2,514.2,514.0,514.1,20,12374,12368
2024-09-13 13:49:00.000000000,1726206540000000000,514.1,514.3,514.0,514.2,50,12368,12358
2024-09-13 13:50:00.000000000,1726206600000000000,514.2,514.2,513.9,514.0,28,12358,12360
2024-09-13 13:51:00.000000000,1726206660000000000,514.0,514.0,513.8,514.0,46,12360,12358
2024-09-13 13:52:00.000000000,1726206720000000000,514.0,514.0,513.7,513.9,46,12358,12346
2024-09-13 13:53:00.000000000,1726206780000000000,513.9,514.0,513.7,513.7,49,12346,12333
2024-09-13 13:54:00.000000000,1726206840000000000,513.7,513.8,513.4,513.6,99,12333,12326
2024-09-13 13:55:00.000000000,1726206900000000000,513.6,513.7,513.5,513.5,117,12326,12314
2024-09-13 13:56:00.000000000,1726206960000000000,513.5,513.6,513.4,513.6,11,12314,12310
2024-09-13 13:57:00.000000000,1726207020000000000,513.6,513.6,513.4,513.5,29,12310,12308
2024-09-13 13:58:00.000000000,1726207080000000000,513.5,513.5,513.0,513.0,77,12308,12289
2024-09-13 13:59:00.000000000,1726207140000000000,513.0,513.3,513.0,513.3,27,12289,12287
2024-09-13 14:00:00.000000000,1726207200000000000,513.3,513.3,512.9,513.0,161,12287,12290
2024-09-13 14:01:00.000000000,1726207260000000000,513.0,513.1,512.8,512.9,116,12290,12284
2024-09-13 14:02:00.000000000,1726207320000000000,512.9,513.0,512.8,512.9,55,12284,12259
2024-09-13 14:03:00.000000000,1726207380000000000,512.9,513.0,512.9,513.0,11,12259,12258
2024-09-13 14:04:00.000000000,1726207440000000000,513.0,513.0,512.5,512.5,113,12258,12248
2024-09-13 14:05:00.000000000,1726207500000000000,512.5,512.6,511.7,511.7,292,12248,12225
2024-09-13 14:06:00.000000000,1726207560000000000,511.7,512.5,511.7,512.4,229,12225,12193
2024-09-13 14:07:00.000000000,1726207620000000000,512.4,512.5,512.2,512.3,89,12193,12163
2024-09-13 14:08:00.000000000,1726207680000000000,512.3,512.3,511.9,512.0,92,12163,12133
2024-09-13 14:09:00.000000000,1726207740000000000,512.0,512.3,511.9,512.3,115,12133,12115
2024-09-13 14:10:00.000000000,1726207800000000000,512.3,512.3,511.9,512.0,78,12115,12123
2024-09-13 14:11:00.000000000,1726207860000000000,512.0,512.0,511.7,511.7,62,12123,12112
2024-09-13 14:12:00.000000000,1726207920000000000,511.7,511.8,511.6,511.7,150,12112,12092
2024-09-13 14:13:00.000000000,1726207980000000000,511.7,511.9,511.6,511.6,163,12092,12074
2024-09-13 14:14:00.000000000,1726208040000000000,511.6,511.6,511.5,511.6,77,12074,12037
2024-09-13 14:15:00.000000000,1726208100000000000,511.6,512.2,511.5,512.0,170,12037,11983
2024-09-13 14:16:00.000000000,1726208160000000000,512.0,512.1,511.9,511.9,26,11983,11983
2024-09-13 14:17:00.000000000,1726208220000000000,511.9,511.9,511.6,511.8,78,11983,11975
2024-09-13 14:18:00.000000000,1726208280000000000,511.8,512.0,511.8,511.8,41,11975,11965
2024-09-13 14:19:00.000000000,1726208340000000000,511.8,511.8,511.5,511.5,77,11965,11944
2024-09-13 14:20:00.000000000,1726208400000000000,511.5,512.1,511.5,512.0,65,11944,11927
2024-09-13 14:21:00.000000000,1726208460000000000,512.0,512.0,511.8,511.8,48,11927,11917
2024-09-13 14:22:00.000000000,1726208520000000000,511.8,512.1,511.8,512.0,61,11917,11907
2024-09-13 14:23:00.000000000,1726208580000000000,512.0,512.0,511.7,511.8,99,11907,11893
2024-09-13 14:24:00.000000000,1726208640000000000,511.8,512.2,511.6,511.8,193,11893,11790
2024-09-13 14:25:00.000000000,1726208700000000000,511.8,512.2,511.8,512.2,77,11790,11742
2024-09-13 14:26:00.000000000,1726208760000000000,512.2,512.5,512.1,512.4,99,11742,11694
2024-09-13 14:27:00.000000000,1726208820000000000,512.4,512.5,512.2,512.5,117,11694,11637
2024-09-13 14:28:00.000000000,1726208880000000000,512.5,512.5,511.8,512.0,275,11637,11587
2024-09-13 14:29:00.000000000,1726208940000000000,512.0,512.2,512.0,512.1,33,11587,11573
2024-09-13 14:30:00.000000000,1726209000000000000,512.1,512.1,511.8,511.9,35,11573,11573
2024-09-13 14:31:00.000000000,1726209060000000000,511.9,512.1,511.9,512.1,41,11573,11560
2024-09-13 14:32:00.000000000,1726209120000000000,512.1,512.5,512.0,512.4,133,11560,11494
2024-09-13 14:33:00.000000000,1726209180000000000,512.4,512.4,512.1,512.2,50,11494,11481
2024-09-13 14:34:00.000000000,1726209240000000000,512.2,512.6,512.2,512.5,73,11481,11450
2024-09-13 14:35:00.000000000,1726209300000000000,512.5,512.6,511.8,511.9,191,11450,11511
2024-09-13 14:36:00.000000000,1726209360000000000,511.9,512.0,511.7,511.8,47,11511,11490
2024-09-13 14:37:00.000000000,1726209420000000000,511.8,511.9,511.7,511.9,27,11490,11482
2024-09-13 14:38:00.000000000,1726209480000000000,511.9,512.1,511.8,512.0,34,11482,11482
2024-09-13 14:39:00.000000000,1726209540000000000,512.0,512.0,511.9,512.0,18,11482,11473
2024-09-13 14:40:00.000000000,1726209600000000000,512.0,512.5,511.9,512.4,88,11473,11455
2024-09-13 14:41:00.000000000,1726209660000000000,512.4,512.6,512.4,512.6,93,11455,11427
2024-09-13 14:42:00.000000000,1726209720000000000,512.6,513.3,512.5,513.3,199,11427,11343
2024-09-13 14:43:00.000000000,1726209780000000000,513.3,513.3,513.0,513.1,64,11343,11321
2024-09-13 14:44:00.000000000,1726209840000000000,513.1,513.1,512.9,513.1,51,11321,11322
2024-09-13 14:45:00.000000000,1726209900000000000,513.1,513.2,513.0,513.0,35,11322,11308
2024-09-13 14:46:00.000000000,1726209960000000000,513.0,513.1,513.0,513.0,18,11308,11303
2024-09-13 14:47:00.000000000,1726210020000000000,513.0,513.1,512.9,513.0,40,11303,11288
2024-09-13 14:48:00.000000000,1726210080000000000,513.0,513.0,512.7,512.8,72,11288,11291
2024-09-13 14:49:00.000000000,1726210140000000000,512.8,512.8,512.2,512.5,189,11291,11230
2024-09-13 14:50:00.000000000,1726210200000000000,512.5,512.6,512.3,512.4,50,11230,11207
2024-09-13 14:51:00.000000000,1726210260000000000,512.4,512.4,512.1,512.2,73,11207,11183
2024-09-13 14:52:00.000000000,1726210320000000000,512.2,512.3,511.9,511.9,105,11183,11138
2024-09-13 14:53:00.000000000,1726210380000000000,511.9,512.5,511.9,512.3,112,11138,11087
2024-09-13 14:54:00.000000000,1726210440000000000,512.3,512.5,512.2,512.5,80,11087,11047
2024-09-13 14:55:00.000000000,1726210500000000000,512.5,512.8,512.3,512.6,190,11047,10942
2024-09-13 14:56:00.000000000,1726210560000000000,512.6,512.8,512.6,512.6,71,10942,10908
2024-09-13 14:57:00.000000000,1726210620000000000,512.6,512.7,512.4,512.5,102,10908,10846
2024-09-13 14:58:00.000000000,1726210680000000000,512.5,512.6,512.2,512.2,213,10846,10697
2024-09-13 14:59:00.000000000,1726210740000000000,512.2,513.4,512.0,513.1,316,10697,10492
2024-09-18 09:00:00.000000000,1726621200000000000,522.5,522.9,518.8,519.3,3062,10492,30326
2024-09-18 09:01:00.000000000,1726621260000000000,519.3,521.1,519.1,520.9,1202,30326,30561
2024-09-18 09:02:00.000000000,1726621320000000000,520.9,521.1,519.7,519.9,566,30561,30689
2024-09-18 09:03:00.000000000,1726621380000000000,519.9,520.0,518.3,518.5,853,30689,30776
2024-09-18 09:04:00.000000000,1726621440000000000,518.5,518.7,517.4,518.2,949,30776,30809
2024-09-18 09:05:00.000000000,1726621500000000000,518.2,518.8,517.0,517.9,910,30809,30767
2024-09-18 09:06:00.000000000,1726621560000000000,517.9,518.8,517.5,518.7,652,30767,30845
2024-09-18 09:07:00.000000000,1726621620000000000,518.7,518.7,518.2,518.4,421,30845,30930
2024-09-18 09:08:00.000000000,1726621680000000000,518.4,518.9,518.4,518.7,350,30930,30926
2024-09-18 09:09:00.000000000,1726621740000000000,518.7,519.4,518.7,519.2,313,30926,30927
2024-09-18 09:10:00.000000000,1726621800000000000,519.2,519.3,519.0,519.2,196,30927,30950
2024-09-18 09:11:00.000000000,1726621860000000000,519.2,519.4,518.5,518.6,340,30950,30978
2024-09-18 09:12:00.000000000,1726621920000000000,518.6,519.4,518.6,518.8,343,30978,31008
2024-09-18 09:13:00.000000000,1726621980000000000,518.8,518.9,518.4,518.5,314,31008,31071
2024-09-18 09:14:00.000000000,1726622040000000000,518.5,518.8,518.3,518.8,280,31071,31121
2024-09-18 09:15:00.000000000,1726622100000000000,518.8,519.0,518.4,518.8,286,31121,31183
2024-09-18 09:16:00.000000000,1726622160000000000,518.8,518.9,517.9,518.0,747,31183,31328
2024-09-18 09:17:00.000000000,1726622220000000000,518.0,518.3,517.8,518.2,313,31328,31414
2024-09-18 09:18:00.000000000,1726622280000000000,518.2,518.7,518.2,518.5,206,31414,31416
2024-09-18 09:19:00.000000000,1726622340000000000,518.5,518.5,517.6,517.7,328,31416,31475
2024-09-18 09:20:00.000000000,1726622400000000000,517.7,517.8,517.1,517.5,460,31475,31513
2024-09-18 09:21:00.000000000,1726622460000000000,517.5,517.5,516.8,516.9,519,31513,31559
2024-09-18 09:22:00.000000000,1726622520000000000,516.9,517.2,516.7,516.8,358,31559,31618
2024-09-18 09:23:00.000000000,1726622580000000000,516.8,517.2,516.7,516.9,195,31618,31613
2024-09-18 09:24:00.000000000,1726622640000000000,516.9,517.0,516.5,516.8,372,31613,31624
2024-09-18 09:25:00.000000000,1726622700000000000,516.8,517.5,516.2,517.4,800,31624,31334
2024-09-18 09:26:00.000000000,1726622760000000000,517.4,518.0,517.3,517.9,303,31334,31305
2024-09-18 09:27:00.000000000,1726622820000000000,517.9,518.5,517.8,518.0,589,31305,31238
2024-09-18 09:28:00.000000000,1726622880000000000,518.0,518.5,517.9,518.5,292,31238,31163
2024-09-18 09:29:00.000000000,1726622940000000000,518.5,518.9,518.4,518.9,361,31163,31109
2024-09-18 09:30:00.000000000,1726623000000000000,518.9,519.6,518.9,519.5,590,31109,31006
2024-09-18 09:31:00.000000000,1726623060000000000,519.5,519.8,519.0,519.1,407,31006,30993
2024-09-18 09:32:00.000000000,1726623120000000000,519.1,519.2,518.9,519.0,196,30993,30989
2024-09-18 09:33:00.000000000,1726623180000000000,519.0,519.2,518.8,518.8,148,30989,30949
2024-09-18 09:34:00.000000000,1726623240000000000,518.8,518.9,518.6,518.6,207,30949,30966
2024-09-18 09:35:00.000000000,1726623300000000000,518.6,519.3,518.5,519.1,268,30966,31039
2024-09-18 09:36:00.000000000,1726623360000000000,519.1,519.3,519.0,519.3,99,31039,31061
2024-09-18 09:37:00.000000000,1726623420000000000,519.3,519.7,519.3,519.6,373,31061,31080
2024-09-18 09:38:00.000000000,1726623480000000000,519.6,520.1,519.5,519.7,314,31080,31129
2024-09-18 09:39:00.000000000,1726623540000000000,519.7,520.6,519.7,520.2,600,31129,31010
2024-09-18 09:40:00.000000000,1726623600000000000,520.2,520.4,519.7,519.9,232,31010,30975
2024-09-18 09:41:00.000000000,1726623660000000000,519.9,520.0,519.5,519.5,128,30975,30953
2024-09-18 09:42:00.000000000,1726623720000000000,519.5,519.5,519.0,519.2,207,30953,30933
2024-09-18 09:43:00.000000000,1726623780000000000,519.2,519.3,519.0,519.3,83,30933,30932
2024-09-18 09:44:00.000000000,1726623840000000000,519.3,520.2,519.3,519.8,470,30932,30909
2024-09-18 09:45:00.000000000,1726623900000000000,519.8,520.2,519.5,520.2,174,30909,30906
2024-09-18 09:46:00.000000000,1726623960000000000,520.2,520.2,519.7,519.9,108,30906,30913
2024-09-18 09:47:00.000000000,1726624020000000000,519.9,520.0,519.9,520.0,45,30913,30916
2024-09-18 09:48:00.000000000,1726624080000000000,520.0,520.0,519.6,519.6,82,30916,30915
2024-09-18 09:49:00.000000000,1726624140000000000,519.6,519.8,519.6,519.7,47,30915,30916
2024-09-18 09:50:00.000000000,1726624200000000000,519.7,519.9,519.4,519.6,85,30916,30917
2024-09-18 09:51:00.000000000,1726624260000000000,519.6,519.8,519.4,519.4,63,30917,30925
2024-09-18 09:52:00.000000000,1726624320000000000,519.4,519.5,519.3,519.4,43,30925,30919
2024-09-18 09:53:00.000000000,1726624380000000000,519.4,519.4,519.1,519.2,65,30919,30924
2024-09-18 09:54:00.000000000,1726624440000000000,519.2,519.2,519.0,519.1,87,30924,30938
2024-09-18 09:55:00.000000000,1726624500000000000,519.1,519.4,519.0,519.4,66,30938,30919
2024-09-18 09:56:00.000000000,1726624560000000000,519.4,519.4,519.1,519.1,62,30919,30918
2024-09-18 09:57:00.000000000,1726624620000000000,519.1,519.3,519.0,519.3,61,30918,30927
2024-09-18 09:58:00.000000000,1726624680000000000,519.3,519.3,518.7,519.0,137,30927,30945
2024-09-18 09:59:00.000000000,1726624740000000000,519.0,519.0,518.6,518.6,83,30945,30945
2024-09-18 10:00:00.000000000,1726624800000000000,518.6,518.9,518.5,518.7,155,30945,30923
2024-09-18 10:01:00.000000000,1726624860000000000,518.7,518.9,518.5,518.5,117,30923,30897
2024-09-18 10:02:00.000000000,1726624920000000000,518.5,518.6,518.1,518.3,167,30897,30925
2024-09-18 10:03:00.000000000,1726624980000000000,518.3,518.4,518.0,518.4,145,30925,30932
2024-09-18 10:04:00.000000000,1726625040000000000,518.4,519.5,518.4,519.0,266,30932,30951
2024-09-18 10:05:00.000000000,1726625100000000000,519.0,519.5,519.0,519.3,64,30951,30951
2024-09-18 10:06:00.000000000,1726625160000000000,519.3,519.3,518.9,518.9,65,30951,30968
2024-09-18 10:07:00.000000000,1726625220000000000,518.9,519.3,518.9,519.3,43,30968,30993
2024-09-18 10:08:00.000000000,1726625280000000000,519.3,519.5,519.2,519.4,115,30993,30986
2024-09-18 10:09:00.000000000,1726625340000000000,519.4,519.7,519.4,519.4,97,30986,30996
2024-09-18 10:10:00.000000000,1726625400000000000,519.4,519.6,519.3,519.4,70,30996,31001
2024-09-18 10:11:00.000000000,1726625460000000000,519.4,519.5,519.2,519.2,69,31001,30999
2024-09-18 10:12:00.000000000,1726625520000000000,519.2,519.4,519.2,519.3,57,30999,31015
2024-09-18 10:13:00.000000000,1726625580000000000,519.3,519.4,519.2,519.4,65,31015,31024
2024-09-18 10:14:00.000000000,1726625640000000000,519.4,519.4,519.1,519.3,85,31024,31040
2024-09-18 10:30:00.000000000,1726626600000000000,518.7,518.8,518.5,518.5,279,31040,31065
2024-09-18 10:31:00.000000000,1726626660000000000,518.5,518.9,518.5,518.6,119,31065,31058
2024-09-18 10:32:00.000000000,1726626720000000000,518.6,518.8,518.5,518.8,96,31058,31048
2024-09-18 10:33:00.000000000,1726626780000000000,518.8,518.9,518.7,518.8,34,31048,31059
2024-09-18 10:34:00.000000000,1726626840000000000,518.8,518.9,518.6,518.7,49,31059,31058
2024-09-18 10:35:00.000000000,1726626900000000000,518.7,518.7,518.4,518.5,119,31058,31078
2024-09-18 10:36:00.000000000,1726626960000000000,518.5,518.5,517.9,518.0,266,31078,31143
2024-09-18 10:37:00.000000000,1726627020000000000,518.0,518.2,518.0,518.2,94,31143,31120
2024-09-18 10:38:00.000000000,1726627080000000000,518.2,518.4,518.2,518.2,67,31120,31147
2024-09-18 10:39:00.000000000,1726627140000000000,518.2,518.2,517.9,518.0,75,31147,31147
2024-09-18 10:40:00.000000000,1726627200000000000,518.0,518.0,517.8,517.9,74,31147,31170
2024-09-18 10:41:00.000000000,1726627260000000000,517.9,518.1,517.7,518.1,305,31170,31270
2024-09-18 10:42:00.000000000,1726627320000000000,518.1,518.2,518.0,518.1,115,31270,31286
2024-09-18 10:43:00.000000000,1726627380000000000,518.1,518.2,518.0,518.0,52,31286,31307
2024-09-18 10:44:00.000000000,1726627440000000000,518.0,518.0,517.7,517.8,100,31307,31359
2024-09-18 10:45:00.000000000,1726627500000000000,517.8,517.9,517.5,517.8,189,31359,31384
2024-09-18 10:46:00.000000000,1726627560000000000,517.8,517.9,517.7,517.9,53,31384,31402
2024-09-18 10:47:00.000000000,1726627620000000000,517.9,518.1,517.9,518.0,103,31402,31402
2024-09-18 10:48:00.000000000,1726627680000000000,518.0,518.2,517.9,518.2,74,31402,31392
2024-09-18 10:49:00.000000000,1726627740000000000,518.2,518.3,518.1,518.3,61,31392,31379
2024-09-18 10:50:00.000000000,1726627800000000000,518.3,518.4,518.1,518.1,61,31379,31384
2024-09-18 10:51:00.000000000,1726627860000000000,518.1,518.1,517.8,517.8,54,31384,31382
2024-09-18 10:52:00.000000000,1726627920000000000,517.8,518.1,517.7,518.1,81,31382,31371
2024-09-18 10:53:00.000000000,1726627980000000000,518.1,518.3,518.1,518.2,39,31371,31371
2024-09-18 10:54:00.000000000,1726628040000000000,518.2,518.5,518.2,518.5,43,31371,31378
2024-09-18 10:55:00.000000000,1726628100000000000,518.5,518.5,518.2,518.2,46,31378,31370
2024-09-18 10:56:00.000000000,1726628160000000000,518.2,518.3,518.1,518.3,19,31370,31368
2024-09-18 10:57:00.000000000,1726628220000000000,518.3,518.4,518.2,518.2,45,31368,31366
2024-09-18 10:58:00.000000000,1726628280000000000,518.2,518.3,518.1,518.2,38,31366,31371
2024-09-18 10:59:00.000000000,1726628340000000000,518.2,518.5,518.1,518.3,26,31371,31366
2024-09-18 11:00:00.000000000,1726628400000000000,518.3,518.5,518.3,518.4,21,31366,31359
2024-09-18 11:01:00.000000000,1726628460000000000,518.4,518.4,518.2,518.3,34,31359,31353
2024-09-18 11:02:00.000000000,1726628520000000000,518.3,518.5,518.2,518.3,54,31353,31351
2024-09-18 11:03:00.000000000,1726628580000000000,518.3,518.3,518.0,518.0,89,31351,31385
2024-09-18 11:04:00.000000000,1726628640000000000,518.0,518.1,518.0,518.1,17,31385,31386
2024-09-18 11:05:00.000000000,1726628700000000000,518.1,518.2,518.0,518.0,84,31386,31397
2024-09-18 11:06:00.000000000,1726628760000000000,518.0,518.0,517.6,517.7,170,31397,31472
2024-09-18 11:07:00.000000000,1726628820000000000,517.7,517.8,517.5,517.8,134,31472,31513
2024-09-18 11:08:00.000000000,1726628880000000000,517.8,517.8,517.6,517.6,48,31513,31524
2024-09-18 11:09:00.000000000,1726628940000000000,517.6,517.6,517.4,517.6,100,31524,31531
2024-09-18 11:10:00.000000000,1726629000000000000,517.6,517.7,517.4,517.6,79,31531,31559
2024-09-18 11:11:00.000000000,1726629060000000000,517.6,517.7,517.5,517.6,39,31559,31574
2024-09-18 11:12:00.000000000,1726629120000000000,517.6,517.9,517.6,517.9,57,31574,31581
2024-09-18 11:13:00.000000000,1726629180000000000,517.9,517.9,517.7,517.8,27,31581,31589
2024-09-18 11:14:00.000000000,1726629240000000000,517.8,518.1,517.8,518.1,67,31589,31593
2024-09-18 11:15:00.000000000,1726629300000000000,518.1,518.2,518.0,518.1,39,31593,31590
2024-09-18 11:16:00.000000000,1726629360000000000,518.1,518.1,517.9,518.1,47,31590,31601
2024-09-18 11:17:00.000000000,1726629420000000000,518.1,518.2,518.0,518.0,22,31601,31595
2024-09-18 11:18:00.000000000,1726629480000000000,518.0,518.1,517.9,518.0,58,31595,31609
2024-09-18 11:19:00.000000000,1726629540000000000,518.0,518.0,517.7,517.7,245,31609,31625
2024-09-18 11:20:00.000000000,1726629600000000000,517.7,517.8,517.5,517.7,82,31625,31660
2024-09-18 11:21:00.000000000,1726629660000000000,517.7,517.8,517.6,517.8,56,31660,31668
2024-09-18 11:22:00.000000000,1726629720000000000,517.8,517.9,517.7,517.7,43,31668,31677
2024-09-18 11:23:00.000000000,1726629780000000000,517.7,517.7,517.4,517.6,91,31677,31669
2024-09-18 11:24:00.000000000,1726629840000000000,517.6,517.7,517.3,517.3,175,31669,31702
2024-09-18 11:25:00.000000000,1726629900000000000,517.3,517.9,517.3,517.9,141,31702,31767
2024-09-18 11:26:00.000000000,1726629960000000000,517.9,517.9,517.8,517.8,33,31767,31764
2024-09-18 11:27:00.000000000,1726630020000000000,517.8,517.8,517.6,517.6,31,31764,31768
2024-09-18 11:28:00.000000000,1726630080000000000,517.6,517.6,517.5,517.6,44,31768,31757
2024-09-18 11:29:00.000000000,1726630140000000000,517.6,517.7,517.5,517.6,71,31757,31757
2024-09-18 13:30:00.000000000,1726637400000000000,517.0,517.0,515.8,516.1,1069,31757,31989
2024-09-18 13:31:00.000000000,1726637460000000000,516.1,516.1,515.6,515.7,988,31989,32149
2024-09-18 13:32:00.000000000,1726637520000000000,515.7,516.3,515.6,516.1,256,32149,32174
2024-09-18 13:33:00.000000000,1726637580000000000,516.1,516.3,515.7,516.1,262,32174,32251
2024-09-18 13:34:00.000000000,1726637640000000000,516.1,516.3,516.0,516.1,174,32251,32273
2024-09-18 13:35:00.000000000,1726637700000000000,516.1,516.6,516.1,516.5,359,32273,32390
2024-09-18 13:36:00.000000000,1726637760000000000,516.5,516.5,516.2,516.2,226,32390,32426
2024-09-18 13:37:00.000000000,1726637820000000000,516.2,516.2,516.0,516.1,174,32426,32438
2024-09-18 13:38:00.000000000,1726637880000000000,516.1,516.2,515.9,515.9,206,32438,32499
2024-09-18 13:39:00.000000000,1726637940000000000,515.9,516.0,515.6,515.6,169,32499,32536
2024-09-18 13:40:00.000000000,1726638000000000000,515.6,516.0,515.3,515.9,203,32536,32558
2024-09-18 13:41:00.000000000,1726638060000000000,515.9,516.2,515.9,515.9,106,32558,32550
2024-09-18 13:42:00.000000000,1726638120000000000,515.9,515.9,515.4,515.5,283,32550,32661
2024-09-18 13:43:00.000000000,1726638180000000000,515.5,516.0,515.4,515.9,220,32661,32758
2024-09-18 13:44:00.000000000,1726638240000000000,515.9,516.3,515.8,516.2,171,32758,32794
2024-09-18 13:45:00.000000000,1726638300000000000,516.2,516.4,515.9,515.9,167,32794,32784
2024-09-18 13:46:00.000000000,1726638360000000000,515.9,516.3,515.9,516.3,63,32784,32785
2024-09-18 13:47:00.000000000,1726638420000000000,516.3,516.5,516.2,516.4,77,32785,32775
2024-09-18 13:48:00.000000000,1726638480000000000,516.4,516.6,516.3,516.5,96,32775,32774
2024-09-18 13:49:00.000000000,1726638540000000000,516.5,516.6,516.3,516.3,61,32774,32786
2024-09-18 13:50:00.000000000,1726638600000000000,516.3,516.6,516.3,516.6,126,32786,32773
2024-09-18 13:51:00.000000000,1726638660000000000,516.6,516.8,516.5,516.7,162,32773,32753
2024-09-18 13:52:00.000000000,1726638720000000000,516.7,516.7,516.3,516.4,162,32753,32741
2024-09-18 13:53:00.000000000,1726638780000000000,516.4,516.7,516.3,516.6,102,32741,32758
2024-09-18 13:54:00.000000000,1726638840000000000,516.6,516.8,516.5,516.6,89,32758,32766
2024-09-18 13:55:00.000000000,1726638900000000000,516.6,516.8,516.5,516.6,146,32766,32765
2024-09-18 13:56:00.000000000,1726638960000000000,516.6,516.8,516.6,516.8,103,32765,32812
2024-09-18 13:57:00.000000000,1726639020000000000,516.8,517.2,516.8,517.1,262,32812,32761
2024-09-18 13:58:00.000000000,1726639080000000000,517.1,517.1,516.8,516.8,90,32761,32794
2024-09-18 13:59:00.000000000,1726639140000000000,516.8,516.9,516.8,516.9,74,32794,32812
2024-09-18 14:00:00.000000000,1726639200000000000,516.9,517.4,516.9,517.2,319,32812,32693
2024-09-18 14:01:00.000000000,1726639260000000000,517.2,517.3,517.0,517.1,132,32693,32660
2024-09-18 14:02:00.000000000,1726639320000000000,517.1,517.2,517.0,517.0,55,32660,32661
2024-09-18 14:03:00.000000000,1726639380000000000,517.0,517.1,516.9,516.9,43,32661,32677
2024-09-18 14:04:00.000000000,1726639440000000000,516.9,516.9,516.7,516.8,61,32677,32669
2024-09-18 14:05:00.000000000,1726639500000000000,516.8,517.3,516.8,517.2,77,32669,32680
2024-09-18 14:06:00.000000000,1726639560000000000,517.2,517.3,517.1,517.3,50,32680,32695
2024-09-18 14:07:00.000000000,1726639620000000000,517.3,517.4,517.2,517.4,21,32695,32693
2024-09-18 14:08:00.000000000,1726639680000000000,517.4,517.4,517.1,517.2,56,32693,32673
2024-09-18 14:09:00.000000000,1726639740000000000,517.2,517.4,517.1,517.2,45,32673,32671
2024-09-18 14:10:00.000000000,1726639800000000000,517.2,517.5,517.1,517.2,178,32671,32638
2024-09-18 14:11:00.000000000,1726639860000000000,517.2,517.9,517.2,517.7,244,32638,32657
2024-09-18 14:12:00.000000000,1726639920000000000,517.7,517.9,517.6,517.6,139,32657,32697
2024-09-18 14:13:00.000000000,1726639980000000000,517.6,517.9,517.6,517.8,103,32697,32673
2024-09-18 14:14:00.000000000,1726640040000000000,517.8,517.9,517.7,517.7,64,32673,32673
2024-09-18 14:15:00.000000000,1726640100000000000,517.7,517.9,517.7,517.9,43,32673,32687
2024-09-18 14:16:00.000000000,1726640160000000000,517.9,517.9,517.3,517.3,148,32687,32681
2024-09-18 14:17:00.000000000,1726640220000000000,517.3,517.5,517.3,517.5,108,32681,32703
2024-09-18 14:18:00.000000000,1726640280000000000,517.5,517.7,517.3,517.4,109,32703,32739
2024-09-18 14:19:00.000000000,1726640340000000000,517.4,517.4,517.2,517.2,55,32739,32764
2024-09-18 14:20:00.000000000,1726640400000000000,517.2,517.4,517.2,517.3,66,32764,32752
2024-09-18 14:21:00.000000000,1726640460000000000,517.3,517.3,516.9,516.9,116,32752,32761
2024-09-18 14:22:00.000000000,1726640520000000000,516.9,517.1,516.9,516.9,56,32761,32765
2024-09-18 14:23:00.000000000,1726640580000000000,516.9,517.0,516.8,516.9,85,32765,32786
2024-09-18 14:24:00.000000000,1726640640000000000,516.9,517.0,516.5,516.6,153,32786,32811
2024-09-18 14:25:00.000000000,1726640700000000000,516.6,516.6,516.2,516.3,307,32811,32894
2024-09-18 14:26:00.000000000,1726640760000000000,516.3,516.4,516.0,516.0,118,32894,32893
2024-09-18 14:27:00.000000000,1726640820000000000,516.0,516.3,516.0,516.2,119,32893,32942
2024-09-18 14:28:00.000000000,1726640880000000000,516.2,516.2,516.0,516.1,161,32942,32990
2024-09-18 14:29:00.000000000,1726640940000000000,516.1,516.1,515.8,516.0,115,32990,33011
2024-09-18 14:30:00.000000000,1726641000000000000,516.0,516.3,516.0,516.2,69,33011,33010
2024-09-18 14:31:00.000000000,1726641060000000000,516.2,516.3,515.8,516.0,124,33010,33036
2024-09-18 14:32:00.000000000,1726641120000000000,516.0,516.2,515.9,516.1,66,33036,33044
2024-09-18 14:33:00.000000000,1726641180000000000,516.1,516.2,515.8,516.2,128,33044,33096
2024-09-18 14:34:00.000000000,1726641240000000000,516.2,516.6,516.2,516.4,234,33096,33065
2024-09-18 14:35:00.000000000,1726641300000000000,516.4,516.6,516.3,516.5,142,33065,33073
2024-09-18 14:36:00.000000000,1726641360000000000,516.5,516.6,516.0,516.0,177,33073,33064
2024-09-18 14:37:00.000000000,1726641420000000000,516.0,516.2,516.0,516.1,113,33064,33066
2024-09-18 14:38:00.000000000,1726641480000000000,516.1,516.2,515.9,516.0,78,33066,33056
2024-09-18 14:39:00.000000000,1726641540000000000,516.0,516.5,516.0,516.2,179,33056,33011
2024-09-18 14:40:00.000000000,1726641600000000000,516.2,516.5,516.2,516.5,65,33011,32991
2024-09-18 14:41:00.000000000,1726641660000000000,516.5,516.7,516.4,516.6,107,32991,32954
2024-09-18 14:42:00.000000000,1726641720000000000,516.6,516.7,516.4,516.4,102,32954,32949
2024-09-18 14:43:00.000000000,1726641780000000000,516.4,516.9,516.4,516.7,105,32949,32943
2024-09-18 14:44:00.000000000,1726641840000000000,516.7,516.8,516.3,516.3,59,32943,32939
2024-09-18 14:45:00.000000000,1726641900000000000,516.3,516.6,516.3,516.4,44,32939,32942
2024-09-18 14:46:00.000000000,1726641960000000000,516.4,516.7,516.3,516.6,145,32942,32948
2024-09-18 14:47:00.000000000,1726642020000000000,516.6,516.7,516.3,516.5,152,32948,33000
2024-09-18 14:48:00.000000000,1726642080000000000,516.5,516.6,516.3,516.4,187,33000,33051
2024-09-18 14:49:00.000000000,1726642140000000000,516.4,516.4,515.9,515.9,150,33051,33030
2024-09-18 14:50:00.000000000,1726642200000000000,515.9,516.2,515.8,516.2,130,33030,33030
2024-09-18 14:51:00.000000000,1726642260000000000,516.2,516.3,516.0,516.2,122,33030,33021
2024-09-18 14:52:00.000000000,1726642320000000000,516.2,516.2,515.9,516.0,171,33021,32978
2024-09-18 14:53:00.000000000,1726642380000000000,516.0,516.0,515.8,515.9,148,32978,32962
2024-09-18 14:54:00.000000000,1726642440000000000,515.9,516.1,515.9,515.9,84,32962,32952
2024-09-18 14:55:00.000000000,1726642500000000000,515.9,516.5,515.9,516.5,197,32952,32933
2024-09-18 14:56:00.000000000,1726642560000000000,516.5,516.5,516.2,516.2,132,32933,32915
2024-09-18 14:57:00.000000000,1726642620000000000,516.2,516.2,515.9,516.0,321,32915,32876
2024-09-18 14:58:00.000000000,1726642680000000000,516.0,516.1,515.9,516.1,210,32876,32880
2024-09-18 14:59:00.000000000,1726642740000000000,516.1,516.1,515.4,515.8,813,32880,33118
2024-09-18 21:00:00.000000000,1726664400000000000,516.4,516.6,515.9,516.2,1005,33118,33366
2024-09-18 21:01:00.000000000,1726664460000000000,516.2,516.3,515.1,515.1,735,33366,33466
2024-09-18 21:02:00.000000000,1726664520000000000,515.1,515.4,514.4,514.7,932,33466,33709
2024-09-18 21:03:00.000000000,1726664580000000000,514.7,515.1,514.2,514.7,737,33709,33794
2024-09-18 21:04:00.000000000,1726664640000000000,514.7,515.6,514.5,515.0,798,33794,33926
2024-09-18 21:05:00.000000000,1726664700000000000,515.0,515.3,514.7,514.8,534,33926,34015
2024-09-18 21:06:00.000000000,1726664760000000000,514.8,515.0,514.2,514.3,452,34015,34110
2024-09-18 21:07:00.000000000,1726664820000000000,514.3,514.9,513.9,514.8,829,34110,34176
2024-09-18 21:08:00.000000000,1726664880000000000,514.8,514.8,514.1,514.5,415,34176,34229
2024-09-18 21:09:00.000000000,1726664940000000000,514.5,514.6,514.3,514.5,287,34229,34243
2024-09-18 21:10:00.000000000,1726665000000000000,514.5,514.7,514.2,514.3,255,34243,34280
2024-09-18 21:11:00.000000000,1726665060000000000,514.3,514.9,514.3,514.6,329,34280,34287
2024-09-18 21:12:00.000000000,1726665120000000000,514.6,515.3,514.6,515.2,449,34287,34274
2024-09-18 21:13:00.000000000,1726665180000000000,515.2,515.7,515.1,515.6,376,34274,34302
2024-09-18 21:14:00.000000000,1726665240000000000,515.6,516.1,515.5,515.9,543,34302,34264
2024-09-18 21:15:00.000000000,1726665300000000000,515.9,516.2,515.2,515.4,793,34264,34382
2024-09-18 21:16:00.000000000,1726665360000000000,515.4,515.6,515.3,515.5,399,34382,34467
2024-09-18 21:17:00.000000000,1726665420000000000,515.5,516.4,515.4,515.9,629,34467,34561
2024-09-18 21:18:00.000000000,1726665480000000000,515.9,516.7,515.7,516.6,482,34561,34579
2024-09-18 21:19:00.000000000,1726665540000000000,516.6,516.6,515.9,515.9,338,34579,34570
2024-09-18 21:20:00.000000000,1726665600000000000,515.9,516.1,515.6,515.8,329,34570,34581
2024-09-18 21:21:00.000000000,1726665660000000000,515.8,516.0,515.8,515.8,141,34581,34620
2024-09-18 21:22:00.000000000,1726665720000000000,515.8,515.9,515.5,515.7,229,34620,34634
2024-09-18 21:23:00.000000000,1726665780000000000,515.7,515.7,515.2,515.5,358,34634,34668
2024-09-18 21:24:00.000000000,1726665840000000000,515.5,515.8,515.4,515.6,149,34668,34691
2024-09-18 21:25:00.000000000,1726665900000000000,515.6,515.7,515.4,515.5,159,34691,34697
2024-09-18 21:26:00.000000000,1726665960000000000,515.5,515.6,515.1,515.4,331,34697,34745
2024-09-18 21:27:00.000000000,1726666020000000000,515.4,515.4,514.9,515.0,316,34745,34763
2024-09-18 21:28:00.000000000,1726666080000000000,515.0,515.1,514.6,514.6,266,34763,34815
2024-09-18 21:29:00.000000000,1726666140000000000,514.6,514.8,514.1,514.8,558,34815,34836
2024-09-18 21:30:00.000000000,1726666200000000000,514.8,515.5,514.7,515.3,493,34836,34864
2024-09-18 21:31:00.000000000,1726666260000000000,515.3,515.4,514.9,515.2,258,34864,34867
2024-09-18 21:32:00.000000000,1726666320000000000,515.2,516.3,515.2,516.2,687,34867,34860
2024-09-18 21:33:00.000000000,1726666380000000000,516.2,516.3,515.7,516.2,427,34860,34838
2024-09-18 21:34:00.000000000,1726666440000000000,516.2,517.2,516.2,516.6,841,34838,34874
2024-09-18 21:35:00.000000000,1726666500000000000,516.6,516.7,516.0,516.1,394,34874,34897
2024-09-18 21:36:00.000000000,1726666560000000000,516.1,516.2,515.6,515.6,350,34897,34902
2024-09-18 21:37:00.000000000,1726666620000000000,515.6,516.1,515.6,516.0,239,34902,34931
2024-09-18 21:38:00.000000000,1726666680000000000,516.0,516.6,516.0,516.4,279,34931,34959
2024-09-18 21:39:00.000000000,1726666740000000000,516.4,516.4,516.1,516.4,156,34959,34992
2024-09-18 21:40:00.000000000,1726666800000000000,516.4,516.7,516.2,516.3,319,34992,34994
2024-09-18 21:41:00.000000000,1726666860000000000,516.3,516.3,515.9,516.0,159,34994,34997
2024-09-18 21:42:00.000000000,1726666920000000000,516.0,516.6,515.8,516.6,207,34997,35028
2024-09-18 21:43:00.000000000,1726666980000000000,516.6,516.7,516.1,516.4,204,35028,35047
2024-09-18 21:44:00.000000000,1726667040000000000,516.4,517.1,516.3,517.0,331,35047,35080
2024-09-18 21:45:00.000000000,1726667100000000000,517.0,517.3,516.9,517.0,410,35080,35068
2024-09-18 21:46:00.000000000,1726667160000000000,517.0,517.4,516.6,517.4,541,35068,35065
2024-09-18 21:47:00.000000000,1726667220000000000,517.4,517.6,517.2,517.4,561,35065,35100
2024-09-18 21:48:00.000000000,1726667280000000000,517.4,517.4,516.8,516.9,420,35100,35101
2024-09-18 21:49:00.000000000,1726667340000000000,516.9,517.0,516.7,517.0,258,35101,35080
2024-09-18 21:50:00.000000000,1726667400000000000,517.0,517.0,516.4,516.7,392,35080,35099
2024-09-18 21:51:00.000000000,1726667460000000000,516.7,517.0,516.4,516.6,175,35099,35119
2024-09-18 21:52:00.000000000,1726667520000000000,516.6,516.6,516.4,516.4,149,35119,35121
2024-09-18 21:53:00.000000000,1726667580000000000,516.4,517.1,516.4,516.8,278,35121,35132
2024-09-18 21:54:00.000000000,1726667640000000000,516.8,517.0,516.7,516.9,113,35132,35121
2024-09-18 21:55:00.000000000,1726667700000000000,516.9,517.1,516.6,516.7,158,35121,35146
2024-09-18 21:56:00.000000000,1726667760000000000,516.7,516.9,516.5,516.5,198,35146,35185
2024-09-18 21:57:00.000000000,1726667820000000000,516.5,516.9,516.5,516.7,97,35185,35187
2024-09-18 21:58:00.000000000,1726667880000000000,516.7,517.1,516.3,516.4,240,35187,35199
2024-09-18 21:59:00.000000000,1726667940000000000,516.4,516.4,515.9,516.2,419,35199,35164
2024-09-18 22:00:00.000000000,1726668000000000000,516.2,516.5,516.1,516.2,324,35164,35211
2024-09-18 22:01:00.000000000,1726668060000000000,516.2,516.8,516.0,516.5,314,35211,35226
2024-09-18 22:02:00.000000000,1726668120000000000,516.5,516.9,516.4,516.9,145,35226,35220
2024-09-18 22:03:00.000000000,1726668180000000000,516.9,517.2,516.7,517.2,256,35220,35229
2024-09-18 22:04:00.000000000,1726668240000000000,517.2,517.3,516.9,517.1,276,35229,35198
2024-09-18 22:05:00.000000000,1726668300000000000,517.1,517.2,516.7,517.1,244,35198,35207
2024-09-18 22:06:00.000000000,1726668360000000000,517.1,517.2,516.7,516.9,197,35207,35215
2024-09-18 22:07:00.000000000,1726668420000000000,516.9,516.9,516.5,516.7,241,35215,35222
2024-09-18 22:08:00.000000000,1726668480000000000,516.7,516.8,516.5,516.8,133,35222,35220
2024-09-18 22:09:00.000000000,1726668540000000000,516.8,517.1,516.8,517.0,189,35220,35220
2024-09-18 22:10:00.000000000,1726668600000000000,517.0,517.3,516.9,516.9,302,35220,35238
2024-09-18 22:11:00.000000000,1726668660000000000,516.9,517.8,516.8,517.4,451,35238,35250
2024-09-18 22:12:00.000000000,1726668720000000000,517.4,517.4,517.0,517.0,348,35250,35311
2024-09-18 22:13:00.000000000,1726668780000000000,517.0,517.3,516.9,517.2,169,35311,35328
2024-09-18 22:14:00.000000000,1726668840000000000,517.2,517.2,516.8,517.0,230,35328,35325
2024-09-18 22:15:00.000000000,1726668900000000000,517.0,517.2,516.5,517.1,313,35325,35353
2024-09-18 22:16:00.000000000,1726668960000000000,517.1,517.2,516.4,516.4,276,35353,35321
2024-09-18 22:17:00.000000000,1726669020000000000,516.4,516.7,516.2,516.7,312,35321,35306
2024-09-18 22:18:00.000000000,1726669080000000000,516.7,516.8,516.4,516.6,109,35306,35327
2024-09-18 22:19:00.000000000,1726669140000000000,516.6,516.8,516.1,516.2,339,35327,35257
2024-09-18 22:20:00.000000000,1726669200000000000,516.2,516.3,515.1,515.4,1004,35257,35243
2024-09-18 22:21:00.000000000,1726669260000000000,515.4,515.4,514.2,514.6,1300,35243,35496
2024-09-18 22:22:00.000000000,1726669320000000000,514.6,514.7,514.1,514.7,773,35496,35614
2024-09-18 22:23:00.000000000,1726669380000000000,514.7,515.0,514.5,514.5,377,35614,35615
2024-09-18 22:24:00.000000000,1726669440000000000,514.5,515.1,514.5,515.1,168,35615,35616
2024-09-18 22:25:00.000000000,1726669500000000000,515.1,515.7,514.9,515.4,493,35616,35584
2024-09-18 22:26:00.000000000,1726669560000000000,515.4,515.4,514.8,514.9,234,35584,35598
2024-09-18 22:27:00.000000000,1726669620000000000,514.9,515.1,514.8,515.1,128,35598,35623
2024-09-18 22:28:00.000000000,1726669680000000000,515.1,515.4,514.9,515.2,196,35623,35650
2024-09-18 22:29:00.000000000,1726669740000000000,515.2,515.2,514.8,515.1,184,35650,35665
2024-09-18 22:30:00.000000000,1726669800000000000,515.1,518.2,515.0,517.1,2167,35665,35485
2024-09-18 22:31:00.000000000,1726669860000000000,517.1,517.4,516.5,516.9,795,35485,35489
2024-09-18 22:32:00.000000000,1726669920000000000,516.9,517.7,516.9,517.5,630,35489,35470
2024-09-18 22:33:00.000000000,1726669980000000000,517.5,517.6,517.1,517.1,349,35470,35508
2024-09-18 22:34:00.000000000,1726670040000000000,517.1,517.7,517.1,517.6,445,35508,35543
2024-09-18 22:35:00.000000000,1726670100000000000,517.6,517.6,516.9,517.2,545,35543,35553
2024-09-18 22:36:00.000000000,1726670160000000000,517.2,517.2,516.5,516.5,439,35553,35567
2024-09-18 22:37:00.000000000,1726670220000000000,516.5,517.1,516.5,516.8,437,35567,35472
2024-09-18 22:38:00.000000000,1726670280000000000,516.8,516.8,516.2,516.5,313,35472,35474
2024-09-18 22:39:00.000000000,1726670340000000000,516.5,516.8,516.4,516.7,197,35474,35469
2024-09-18 22:40:00.000000000,1726670400000000000,516.7,517.0,516.5,516.9,248,35469,35433
2024-09-18 22:41:00.000000000,1726670460000000000,516.9,517.3,516.8,516.9,371,35433,35427
2024-09-18 22:42:00.000000000,1726670520000000000,516.9,517.0,516.7,516.8,72,35427,35413
2024-09-18 22:43:00.000000000,1726670580000000000,516.8,516.9,515.4,515.5,1002,35413,35420
2024-09-18 22:44:00.000000000,1726670640000000000,515.5,515.9,515.3,515.7,525,35420,35453
2024-09-18 22:45:00.000000000,1726670700000000000,515.7,516.6,515.7,516.4,335,35453,35475
2024-09-18 22:46:00.000000000,1726670760000000000,516.4,517.2,516.4,516.7,494,35475,35485
2024-09-18 22:47:00.000000000,1726670820000000000,516.7,517.1,516.6,517.1,319,35485,35494
2024-09-18 22:48:00.000000000,1726670880000000000,517.1,517.1,516.7,516.8,158,35494,35496
2024-09-18 22:49:00.000000000,1726670940000000000,516.8,517.2,516.5,517.2,298,35496,35520
2024-09-18 22:50:00.000000000,1726671000000000000,517.2,517.2,516.8,516.9,170,35520,35527
2024-09-18 22:51:00.000000000,1726671060000000000,516.9,516.9,516.0,516.1,386,35527,35554
2024-09-18 22:52:00.000000000,1726671120000000000,516.1,516.2,515.8,516.2,465,35554,35577
2024-09-18 22:53:00.000000000,1726671180000000000,516.2,516.3,515.8,516.2,220,35577,35578
2024-09-18 22:54:00.000000000,1726671240000000000,516.2,516.2,515.8,516.0,228,35578,35626
2024-09-18 22:55:00.000000000,1726671300000000000,516.0,516.1,515.6,516.0,284,35626,35687
2024-09-18 22:56:00.000000000,1726671360000000000,516.0,516.0,515.5,515.8,406,35687,35752
2024-09-18 22:57:00.000000000,1726671420000000000,515.8,516.3,515.8,516.1,243,35752,35757
2024-09-18 22:58:00.000000000,1726671480000000000,516.1,516.3,516.0,516.0,149,35757,35737
2024-09-18 22:59:00.000000000,1726671540000000000,516.0,516.3,516.0,516.3,187,35737,35789
2024-09-18 23:00:00.000000000,1726671600000000000,516.3,516.7,516.0,516.5,482,35789,35785
2024-09-18 23:01:00.000000000,1726671660000000000,516.5,517.2,516.5,517.1,405,35785,35832
2024-09-18 23:02:00.000000000,1726671720000000000,517.1,517.3,517.0,517.0,354,35832,35875
2024-09-18 23:03:00.000000000,1726671780000000000,517.0,517.0,516.7,516.8,448,35875,35948
2024-09-18 23:04:00.000000000,1726671840000000000,516.8,516.9,516.6,516.7,146,35948,35979
2024-09-18 23:05:00.000000000,1726671900000000000,516.7,516.9,516.5,516.7,180,35979,36001
2024-09-18 23:06:00.000000000,1726671960000000000,516.7,516.7,516.2,516.6,255,36001,35969
2024-09-18 23:07:00.000000000,1726672020000000000,516.6,516.6,516.2,516.6,229,35969,35980
2024-09-18 23:08:00.000000000,1726672080000000000,516.6,516.9,516.6,516.8,135,35980,36026
2024-09-18 23:09:00.000000000,1726672140000000000,516.8,516.9,516.7,516.9,100,36026,36032
2024-09-18 23:10:00.000000000,1726672200000000000,516.9,517.8,516.8,517.7,669,36032,36036
2024-09-18 23:11:00.000000000,1726672260000000000,517.7,518.9,517.7,518.9,1428,36036,36168
2024-09-18 23:12:00.000000000,1726672320000000000,518.9,519.1,518.6,518.7,767,36168,36120
2024-09-18 23:13:00.000000000,1726672380000000000,518.7,519.1,518.5,518.5,534,36120,36178
2024-09-18 23:14:00.000000000,1726672440000000000,518.5,518.7,518.4,518.6,429,36178,36169
2024-09-18 23:15:00.000000000,1726672500000000000,518.6,518.7,518.5,518.6,219,36169,36186
2024-09-18 23:16:00.000000000,1726672560000000000,518.6,518.7,518.4,518.4,176,36186,36167
2024-09-18 23:17:00.000000000,1726672620000000000,518.4,518.5,517.9,518.2,655,36167,36061
2024-09-18 23:18:00.000000000,1726672680000000000,518.2,518.6,518.1,518.6,265,36061,36072
2024-09-18 23:19:00.000000000,1726672740000000000,518.6,518.9,518.6,518.6,338,36072,36091
2024-09-18 23:20:00.000000000,1726672800000000000,518.6,518.9,518.4,518.8,304,36091,36161
2024-09-18 23:21:00.000000000,1726672860000000000,518.8,519.2,518.6,518.9,356,36161,36180
2024-09-18 23:22:00.000000000,1726672920000000000,518.9,519.0,518.8,518.9,171,36180,36161
2024-09-18 23:23:00.000000000,1726672980000000000,518.9,519.4,518.9,519.2,324,36161,36143
2024-09-18 23:24:00.000000000,1726673040000000000,519.2,519.4,519.0,519.0,281,36143,36179
2024-09-18 23:25:00.000000000,1726673100000000000,519.0,519.1,518.7,518.8,316,36179,36206
2024-09-18 23:26:00.000000000,1726673160000000000,518.8,518.9,518.3,518.4,476,36206,36125
2024-09-18 23:27:00.000000000,1726673220000000000,518.4,518.5,518.1,518.2,404,36125,36139
2024-09-18 23:28:00.000000000,1726673280000000000,518.2,518.4,518.0,518.1,211,36139,36158
2024-09-18 23:29:00.000000000,1726673340000000000,518.1,518.1,517.1,517.3,999,36158,35921
2024-09-18 23:30:00.000000000,1726673400000000000,517.3,517.7,516.9,516.9,559,35921,35920
2024-09-18 23:31:00.000000000,1726673460000000000,516.9,516.9,515.6,515.6,1064,35920,35984
2024-09-18 23:32:00.000000000,1726673520000000000,515.6,515.9,515.0,515.0,1143,35984,36123
2024-09-18 23:33:00.000000000,1726673580000000000,515.0,515.3,514.6,515.1,954,36123,36205
2024-09-18 23:34:00.000000000,1726673640000000000,515.1,515.4,515.0,515.1,569,36205,36256
2024-09-18 23:35:00.000000000,1726673700000000000,515.1,515.1,513.6,513.8,1641,36256,36525
2024-09-18 23:36:00.000000000,1726673760000000000,513.8,514.5,513.8,514.1,742,36525,36536
2024-09-18 23:37:00.000000000,1726673820000000000,514.1,514.1,513.1,513.7,899,36536,36630
2024-09-18 23:38:00.000000000,1726673880000000000,513.7,514.4,513.6,514.4,553,36630,36670
2024-09-18 23:39:00.000000000,1726673940000000000,514.4,514.6,513.9,513.9,319,36670,36712
2024-09-18 23:40:00.000000000,1726674000000000000,513.9,514.0,513.5,513.8,525,36712,36794
2024-09-18 23:41:00.000000000,1726674060000000000,513.8,513.9,513.3,513.8,584,36794,36757
2024-09-18 23:42:00.000000000,1726674120000000000,513.8,513.9,513.6,513.7,204,36757,36773
2024-09-18 23:43:00.000000000,1726674180000000000,513.7,514.1,513.5,513.9,304,36773,36770
2024-09-18 23:44:00.000000000,1726674240000000000,513.9,514.2,513.6,513.7,396,36770,36782
2024-09-18 23:45:00.000000000,1726674300000000000,513.7,513.8,512.4,512.6,1065,36782,36776
2024-09-18 23:46:00.000000000,1726674360000000000,512.6,512.9,511.6,512.0,1183,36776,36934
2024-09-18 23:47:00.000000000,1726674420000000000,512.0,512.7,511.6,512.7,818,36934,36907
2024-09-18 23:48:00.000000000,1726674480000000000,512.7,513.6,512.5,513.5,748,36907,36872
2024-09-18 23:49:00.000000000,1726674540000000000,513.5,513.6,513.3,513.6,386,36872,36910
2024-09-18 23:50:00.000000000,1726674600000000000,513.6,514.1,513.5,513.9,695,36910,36862
2024-09-18 23:51:00.000000000,1726674660000000000,513.9,514.1,513.7,513.8,298,36862,36889
2024-09-18 23:52:00.000000000,1726674720000000000,513.8,513.9,513.5,513.6,220,36889,36880
2024-09-18 23:53:00.000000000,1726674780000000000,513.6,513.7,513.2,513.2,366,36880,36858
2024-09-18 23:54:00.000000000,1726674840000000000,513.2,514.1,513.2,513.8,299,36858,36846
2024-09-18 23:55:00.000000000,1726674900000000000,513.8,514.5,513.8,514.3,657,36846,36903
2024-09-18 23:56:00.000000000,1726674960000000000,514.3,515.0,514.3,514.4,708,36903,36869
2024-09-18 23:57:00.000000000,1726675020000000000,514.4,514.7,514.3,514.4,274,36869,36831
2024-09-18 23:58:00.000000000,1726675080000000000,514.4,514.5,514.2,514.5,228,36831,36822
2024-09-18 23:59:00.000000000,1726675140000000000,514.5,514.5,514.2,514.3,267,36822,36840
2024-09-19 00:00:00.000000000,1726675200000000000,514.3,514.4,513.8,513.9,333,36840,36810
2024-09-19 00:01:00.000000000,1726675260000000000,513.9,514.4,513.9,514.1,266,36810,36779
2024-09-19 00:02:00.000000000,1726675320000000000,514.1,514.6,514.1,514.5,142,36779,36766
2024-09-19 00:03:00.000000000,1726675380000000000,514.5,514.5,514.3,514.3,146,36766,36783
2024-09-19 00:04:00.000000000,1726675440000000000,514.3,514.4,514.1,514.2,123,36783,36792
2024-09-19 00:05:00.000000000,1726675500000000000,514.2,514.6,514.2,514.3,101,36792,36779
2024-09-19 00:06:00.000000000,1726675560000000000,514.3,514.7,514.3,514.6,153,36779,36777
2024-09-19 00:07:00.000000000,1726675620000000000,514.6,514.9,514.4,514.9,152,36777,36791
2024-09-19 00:08:00.000000000,1726675680000000000,514.9,514.9,514.7,514.7,231,36791,36753
2024-09-19 00:09:00.000000000,1726675740000000000,514.7,514.7,514.5,514.5,98,36753,36756
2024-09-19 00:10:00.000000000,1726675800000000000,514.5,514.6,514.3,514.4,170,36756,36794
2024-09-19 00:11:00.000000000,1726675860000000000,514.4,514.5,513.9,514.1,293,36794,36779
2024-09-19 00:12:00.000000000,1726675920000000000,514.1,514.6,514.1,514.5,219,36779,36777
2024-09-19 00:13:00.000000000,1726675980000000000,514.5,515.0,514.5,514.7,364,36777,36716
2024-09-19 00:14:00.000000000,1726676040000000000,514.7,514.9,514.6,514.9,124,36716,36728
2024-09-19 00:15:00.000000000,1726676100000000000,514.9,514.9,514.6,514.6,78,36728,36714
2024-09-19 00:16:00.000000000,1726676160000000000,514.6,514.7,514.6,514.6,72,36714,36728
2024-09-19 00:17:00.000000000,1726676220000000000,514.6,514.9,514.5,514.9,148,36728,36734
2024-09-19 00:18:00.000000000,1726676280000000000,514.9,515.0,514.6,514.6,137,36734,36736
2024-09-19 00:19:00.000000000,1726676340000000000,514.6,514.7,514.6,514.7,90,36736,36722
2024-09-19 00:20:00.000000000,1726676400000000000,514.7,515.0,514.6,514.9,135,36722,36724
2024-09-19 00:21:00.000000000,1726676460000000000,514.9,515.4,514.9,515.3,380,36724,36690
2024-09-19 00:22:00.000000000,1726676520000000000,515.3,515.3,515.1,515.3,284,36690,36599
2024-09-19 00:23:00.000000000,1726676580000000000,515.3,515.5,515.2,515.2,141,36599,36557
2024-09-19 00:24:00.000000000,1726676640000000000,515.2,515.3,514.4,514.5,402,36557,36531
2024-09-19 00:25:00.000000000,1726676700000000000,514.5,514.8,514.2,514.2,292,36531,36515
2024-09-19 00:26:00.000000000,1726676760000000000,514.2,514.6,514.1,514.3,236,36515,36530
2024-09-19 00:27:00.000000000,1726676820000000000,514.3,514.3,513.9,514.3,409,36530,36519
2024-09-19 00:28:00.000000000,1726676880000000000,514.3,514.3,514.0,514.2,196,36519,36498
2024-09-19 00:29:00.000000000,1726676940000000000,514.2,514.3,514.0,514.0,137,36498,36479
2024-09-19 00:30:00.000000000,1726677000000000000,514.0,514.3,513.7,514.2,295,36479,36463
2024-09-19 00:31:00.000000000,1726677060000000000,514.2,514.5,514.2,514.4,151,36463,36471
2024-09-19 00:32:00.000000000,1726677120000000000,514.4,514.5,514.1,514.4,192,36471,36449
2024-09-19 00:33:00.000000000,1726677180000000000,514.4,514.4,514.1,514.2,96,36449,36459
2024-09-19 00:34:00.000000000,1726677240000000000,514.2,514.5,514.2,514.4,119,36459,36420
2024-09-19 00:35:00.000000000,1726677300000000000,514.4,514.6,514.3,514.4,151,36420,36398
2024-09-19 00:36:00.000000000,1726677360000000000,514.4,514.5,514.1,514.1,74,36398,36389
2024-09-19 00:37:00.000000000,1726677420000000000,514.1,514.3,514.1,514.2,102,36389,36387
2024-09-19 00:38:00.000000000,1726677480000000000,514.2,514.4,514.1,514.4,77,36387,36394
2024-09-19 00:39:00.000000000,1726677540000000000,514.4,514.4,514.2,514.4,47,36394,36389
2024-09-19 00:40:00.000000000,1726677600000000000,514.4,514.5,514.1,514.3,158,36389,36373
2024-09-19 00:41:00.000000000,1726677660000000000,514.3,514.4,514.3,514.3,53,36373,36355
2024-09-19 00:42:00.000000000,1726677720000000000,514.3,514.7,514.3,514.5,169,36355,36358
2024-09-19 00:43:00.000000000,1726677780000000000,514.5,514.5,514.3,514.4,78,36358,36351
2024-09-19 00:44:00.000000000,1726677840000000000,514.4,514.5,514.3,514.4,38,36351,36338
2024-09-19 00:45:00.000000000,1726677900000000000,514.4,514.5,514.3,514.3,45,36338,36333
2024-09-19 00:46:00.000000000,1726677960000000000,514.3,514.6,514.2,514.2,105,36333,36326
2024-09-19 00:47:00.000000000,1726678020000000000,514.2,514.6,514.2,514.3,81,36326,36320
2024-09-19 00:48:00.000000000,1726678080000000000,514.3,514.4,514.2,514.4,160,36320,36335
2024-09-19 00:49:00.000000000,1726678140000000000,514.4,514.5,514.2,514.5,73,36335,36318
2024-09-19 00:50:00.000000000,1726678200000000000,514.5,515.0,514.4,515.0,252,36318,36247
2024-09-19 00:51:00.000000000,1726678260000000000,515.0,515.4,514.9,515.3,432,36247,36238
2024-09-19 00:52:00.000000000,1726678320000000000,515.3,516.5,515.1,516.3,1135,36238,36259
2024-09-19 00:53:00.000000000,1726678380000000000,516.3,516.9,516.3,516.5,382,36259,36250
2024-09-19 00:54:00.000000000,1726678440000000000,516.5,516.6,516.1,516.2,300,36250,36239
2024-09-19 00:55:00.000000000,1726678500000000000,516.2,516.3,516.1,516.2,202,36239,36254
2024-09-19 00:56:00.000000000,1726678560000000000,516.2,516.6,516.2,516.4,224,36254,36239
2024-09-19 00:57:00.000000000,1726678620000000000,516.4,516.4,516.2,516.3,126,36239,36230
2024-09-19 00:58:00.000000000,1726678680000000000,516.3,516.4,516.2,516.3,78,36230,36223
2024-09-19 00:59:00.000000000,1726678740000000000,516.3,516.4,516.2,516.3,92,36223,36211
2024-09-19 01:00:00.000000000,1726678800000000000,516.3,516.3,515.8,516.0,312,36211,36189
2024-09-19 01:01:00.000000000,1726678860000000000,516.0,516.3,516.0,516.1,151,36189,36206
2024-09-19 01:02:00.000000000,1726678920000000000,516.1,516.2,515.9,515.9,105,36206,36172
2024-09-19 01:03:00.000000000,1726678980000000000,515.9,516.1,515.8,515.8,126,36172,36132
2024-09-19 01:04:00.000000000,1726679040000000000,515.8,516.0,515.7,516.0,115,36132,36109
2024-09-19 01:05:00.000000000,1726679100000000000,516.0,516.0,515.7,515.8,150,36109,36117
2024-09-19 01:06:00.000000000,1726679160000000000,515.8,516.0,515.8,516.0,135,36117,36097
2024-09-19 01:07:00.000000000,1726679220000000000,516.0,516.0,515.9,516.0,15,36097,36093
2024-09-19 01:08:00.000000000,1726679280000000000,516.0,516.2,515.9,516.2,107,36093,36090
2024-09-19 01:09:00.000000000,1726679340000000000,516.2,516.2,516.0,516.0,38,36090,36091
2024-09-19 01:10:00.000000000,1726679400000000000,516.0,516.1,515.8,515.8,102,36091,36110
2024-09-19 01:11:00.000000000,1726679460000000000,515.8,515.8,515.7,515.7,70,36110,36106
2024-09-19 01:12:00.000000000,1726679520000000000,515.7,515.8,515.5,515.7,157,36106,36069
2024-09-19 01:13:00.000000000,1726679580000000000,515.7,516.0,515.7,515.8,111,36069,36074
2024-09-19 01:14:00.000000000,1726679640000000000,515.8,515.8,515.7,515.7,68,36074,36071
2024-09-19 01:15:00.000000000,1726679700000000000,515.7,516.4,515.6,516.3,331,36071,36070
2024-09-19 01:16:00.000000000,1726679760000000000,516.3,516.3,516.1,516.1,80,36070,36046
2024-09-19 01:17:00.000000000,1726679820000000000,516.1,516.1,515.9,516.0,86,36046,36040
2024-09-19 01:18:00.000000000,1726679880000000000,516.0,516.0,515.8,515.9,72,36040,36036
2024-09-19 01:19:00.000000000,1726679940000000000,515.9,515.9,515.3,515.4,194,36036,36016
2024-09-19 01:20:00.000000000,1726680000000000000,515.4,515.6,515.4,515.4,130,36016,36010
2024-09-19 01:21:00.000000000,1726680060000000000,515.4,515.6,515.3,515.4,56,36010,36009
2024-09-19 01:22:00.000000000,1726680120000000000,515.4,515.7,515.4,515.5,58,36009,36019
2024-09-19 01:23:00.000000000,1726680180000000000,515.5,515.5,515.2,515.2,86,36019,36032
2024-09-19 01:24:00.000000000,1726680240000000000,515.2,515.2,514.7,514.9,594,36032,35908
2024-09-19 01:25:00.000000000,1726680300000000000,514.9,515.2,514.8,515.0,156,35908,35883
2024-09-19 01:26:00.000000000,1726680360000000000,515.0,515.0,514.9,515.0,90,35883,35860
2024-09-19 01:27:00.000000000,1726680420000000000,515.0,515.0,514.7,514.9,123,35860,35825
2024-09-19 01:28:00.000000000,1726680480000000000,514.9,515.1,514.9,514.9,92,35825,35852
2024-09-19 01:29:00.000000000,1726680540000000000,514.9,515.2,514.9,515.2,89,35852,35842
2024-09-19 01:30:00.000000000,1726680600000000000,515.2,515.2,515.1,515.2,52,35842,35844
2024-09-19 01:31:00.000000000,1726680660000000000,515.2,515.3,515.0,515.0,113,35844,35840
2024-09-19 01:32:00.000000000,1726680720000000000,515.0,515.1,514.9,515.1,47,35840,35850
2024-09-19 01:33:00.000000000,1726680780000000000,515.1,515.3,515.1,515.3,61,35850,35853
2024-09-19 01:34:00.000000000,1726680840000000000,515.3,515.4,515.3,515.3,87,35853,35832
2024-09-19 01:35:00.000000000,1726680900000000000,515.3,515.8,515.3,515.8,172,35832,35837
2024-09-19 01:36:00.000000000,1726680960000000000,515.8,516.3,515.8,516.0,242,35837,35760
2024-09-19 01:37:00.000000000,1726681020000000000,516.0,516.1,515.8,516.1,155,35760,35742
2024-09-19 01:38:00.000000000,1726681080000000000,516.1,516.1,516.0,516.0,33,35742,35747
2024-09-19 01:39:00.000000000,1726681140000000000,516.0,516.3,516.0,516.1,102,35747,35745
2024-09-19 01:40:00.000000000,1726681200000000000,516.1,516.2,515.9,516.1,80,35745,35737
2024-09-19 01:41:00.000000000,1726681260000000000,516.1,516.3,516.1,516.1,72,35737,35724
2024-09-19 01:42:00.000000000,1726681320000000000,516.1,516.2,516.1,516.1,40,35724,35715
2024-09-19 01:43:00.000000000,1726681380000000000,516.1,516.4,516.0,516.3,106,35715,35753
2024-09-19 01:44:00.000000000,1726681440000000000,516.3,516.4,516.1,516.3,115,35753,35759
2024-09-19 01:45:00.000000000,1726681500000000000,516.3,516.4,516.2,516.2,76,35759,35763
2024-09-19 01:46:00.000000000,1726681560000000000,516.2,516.5,516.2,516.4,62,35763,35778
2024-09-19 01:47:00.000000000,1726681620000000000,516.4,516.5,516.4,516.4,37,35778,35793
2024-09-19 01:48:00.000000000,1726681680000000000,516.4,516.9,516.4,516.9,192,35793,35799
2024-09-19 01:49:00.000000000,1726681740000000000,516.9,517.0,516.7,516.7,249,35799,35817
2024-09-19 01:50:00.000000000,1726681800000000000,516.7,516.9,516.4,516.6,187,35817,35816
2024-09-19 01:51:00.000000000,1726681860000000000,516.6,516.9,516.6,516.8,91,35816,35834
2024-09-19 01:52:00.000000000,1726681920000000000,516.8,517.0,516.7,516.9,145,35834,35818
2024-09-19 01:53:00.000000000,1726681980000000000,516.9,517.2,516.8,517.2,386,35818,35654
2024-09-19 01:54:00.000000000,1726682040000000000,517.2,517.5,517.1,517.4,208,35654,35643
2024-09-19 01:55:00.000000000,1726682100000000000,517.4,517.4,516.9,516.9,166,35643,35637
2024-09-19 01:56:00.000000000,1726682160000000000,516.9,517.2,516.9,517.1,66,35637,35660
2024-09-19 01:57:00.000000000,1726682220000000000,517.1,517.2,516.9,516.9,120,35660,35680
2024-09-19 01:58:00.000000000,1726682280000000000,516.9,517.2,516.9,517.0,85,35680,35688
2024-09-19 01:59:00.000000000,1726682340000000000,517.0,517.2,516.8,516.9,124,35688,35671
2024-09-19 02:00:00.000000000,1726682400000000000,516.9,521.1,516.9,521.0,2182,35671,35615
2024-09-19 02:01:00.000000000,1726682460000000000,521.0,521.4,518.9,519.0,1116,35615,35635
2024-09-19 02:02:00.000000000,1726682520000000000,519.0,519.9,518.7,518.8,713,35635,35655
2024-09-19 02:03:00.000000000,1726682580000000000,518.8,519.2,518.0,519.0,719,35655,35655
2024-09-19 02:04:00.000000000,1726682640000000000,519.0,519.1,518.3,518.4,313,35655,35769
2024-09-19 02:05:00.000000000,1726682700000000000,518.4,519.1,518.0,518.1,454,35769,35825
2024-09-19 02:06:00.000000000,1726682760000000000,518.1,518.3,517.8,518.0,343,35825,35843
2024-09-19 02:07:00.000000000,1726682820000000000,518.0,518.4,517.9,518.2,261,35843,35868
2024-09-19 02:08:00.000000000,1726682880000000000,518.2,518.7,518.2,518.4,216,35868,35856
2024-09-19 02:09:00.000000000,1726682940000000000,518.4,518.9,518.4,518.5,267,35856,35858
2024-09-19 02:10:00.000000000,1726683000000000000,518.5,518.8,518.4,518.4,114,35858,35847
2024-09-19 02:11:00.000000000,1726683060000000000,518.4,518.7,518.4,518.6,173,35847,35819
2024-09-19 02:12:00.000000000,1726683120000000000,518.6,518.7,517.6,517.8,419,35819,35765
2024-09-19 02:13:00.000000000,1726683180000000000,517.8,518.4,517.6,518.1,210,35765,35798
2024-09-19 02:14:00.000000000,1726683240000000000,518.1,518.6,518.0,518.6,257,35798,35819
2024-09-19 02:15:00.000000000,1726683300000000000,518.6,518.6,518.3,518.3,208,35819,35783
2024-09-19 02:16:00.000000000,1726683360000000000,518.3,518.3,518.0,518.1,91,35783,35774
2024-09-19 02:17:00.000000000,1726683420000000000,518.1,518.3,518.0,518.0,196,35774,35763
2024-09-19 02:18:00.000000000,1726683480000000000,518.0,518.3,517.8,517.8,209,35763,35782
2024-09-19 02:19:00.000000000,1726683540000000000,517.8,518.0,517.3,517.6,189,35782,35747
2024-09-19 02:20:00.000000000,1726683600000000000,517.6,518.1,517.6,517.9,193,35747,35797
2024-09-19 02:21:00.000000000,1726683660000000000,517.9,518.2,517.8,517.9,217,35797,35847
2024-09-19 02:22:00.000000000,1726683720000000000,517.9,517.9,517.7,517.7,118,35847,35856
2024-09-19 02:23:00.000000000,1726683780000000000,517.7,518.1,517.7,517.9,161,35856,35901
2024-09-19 02:24:00.000000000,1726683840000000000,517.9,517.9,517.7,517.8,69,35901,35900
2024-09-19 02:25:00.000000000,1726683900000000000,517.8,517.9,517.7,517.8,132,35900,35858
2024-09-19 02:26:00.000000000,1726683960000000000,517.8,517.8,516.5,516.7,470,35858,35757
2024-09-19 02:27:00.000000000,1726684020000000000,516.7,516.7,515.6,516.1,631,35757,35656
2024-09-19 02:28:00.000000000,1726684080000000000,516.1,517.4,516.1,517.0,475,35656,35571
2024-09-19 02:29:00.000000000,1726684140000000000,517.0,517.3,516.3,516.3,349,35571,35531
2024-09-19 09:00:00.000000000,1726707600000000000,515.7,516.8,515.4,516.2,1531,35531,35669
2024-09-19 09:01:00.000000000,1726707660000000000,516.2,517.1,516.1,516.9,494,35669,35602
2024-09-19 09:02:00.000000000,1726707720000000000,516.9,517.1,516.7,516.7,304,35602,35597
2024-09-19 09:03:00.000000000,1726707780000000000,516.7,516.9,516.5,516.6,168,35597,35593
2024-09-19 09:04:00.000000000,1726707840000000000,516.6,516.7,516.3,516.4,192,35593,35567
2024-09-19 09:05:00.000000000,1726707900000000000,516.4,516.6,515.9,516.3,389,35567,35571
2024-09-19 09:06:00.000000000,1726707960000000000,516.3,516.3,515.9,515.9,246,35571,35564
2024-09-19 09:07:00.000000000,1726708020000000000,515.9,516.0,515.5,515.5,283,35564,35531
2024-09-19 09:08:00.000000000,1726708080000000000,515.5,515.9,515.5,515.6,297,35531,35548
2024-09-19 09:09:00.000000000,1726708140000000000,515.6,515.9,515.3,515.7,327,35548,35608
2024-09-19 09:10:00.000000000,1726708200000000000,515.7,516.1,515.5,516.1,225,35608,35615
2024-09-19 09:11:00.000000000,1726708260000000000,516.1,516.3,515.4,515.6,257,35615,35622
2024-09-19 09:12:00.000000000,1726708320000000000,515.6,515.7,515.1,515.3,358,35622,35711
2024-09-19 09:13:00.000000000,1726708380000000000,515.3,515.3,514.8,514.8,371,35711,35771
2024-09-19 09:14:00.000000000,1726708440000000000,514.8,515.1,514.8,514.9,218,35771,35813
2024-09-19 09:15:00.000000000,1726708500000000000,514.9,515.0,514.7,514.8,241,35813,35863
2024-09-19 09:16:00.000000000,1726708560000000000,514.8,514.9,514.6,514.7,182,35863,35900
2024-09-19 09:17:00.000000000,1726708620000000000,514.7,515.1,514.7,515.1,228,35900,35915
2024-09-19 09:18:00.000000000,1726708680000000000,515.1,515.3,515.0,515.3,158,35915,35924
2024-09-19 09:19:00.000000000,1726708740000000000,515.3,515.3,514.9,515.0,101,35924,35948
2024-09-19 09:20:00.000000000,1726708800000000000,515.0,515.1,514.9,515.0,70,35948,35953
2024-09-19 09:21:00.000000000,1726708860000000000,515.0,515.1,514.8,514.8,222,35953,36066
2024-09-19 09:22:00.000000000,1726708920000000000,514.8,514.8,514.2,514.2,535,36066,36201
2024-09-19 09:23:00.000000000,1726708980000000000,514.2,514.3,514.0,514.1,449,36201,36284
2024-09-19 09:24:00.000000000,1726709040000000000,514.1,514.3,514.0,514.0,224,36284,36333
2024-09-19 09:25:00.000000000,1726709100000000000,514.0,514.6,514.0,514.5,221,36333,36384
2024-09-19 09:26:00.000000000,1726709160000000000,514.5,514.5,514.0,514.0,111,36384,36385
2024-09-19 09:27:00.000000000,1726709220000000000,514.0,514.9,513.9,514.9,364,36385,36436
2024-09-19 09:28:00.000000000,1726709280000000000,514.9,514.9,514.4,514.7,132,36436,36434
2024-09-19 09:29:00.000000000,1726709340000000000,514.7,514.9,514.7,514.8,80,36434,36442
2024-09-19 09:30:00.000000000,1726709400000000000,514.8,515.0,514.8,514.9,124,36442,36423
2024-09-19 09:31:00.000000000,1726709460000000000,514.9,515.3,514.9,515.1,189,36423,36415
2024-09-19 09:32:00.000000000,1726709520000000000,515.1,515.5,515.1,515.4,197,36415,36352
2024-09-19 09:33:00.000000000,1726709580000000000,515.4,515.4,514.7,514.9,280,36352,36317
2024-09-19 09:34:00.000000000,1726709640000000000,514.9,515.3,514.9,515.2,131,36317,36301
2024-09-19 09:35:00.000000000,1726709700000000000,515.2,515.2,514.8,514.8,65,36301,36307
2024-09-19 09:36:00.000000000,1726709760000000000,514.8,515.3,514.8,515.1,125,36307,36360
2024-09-19 09:37:00.000000000,1726709820000000000,515.1,515.2,514.9,515.0,81,36360,36382
2024-09-19 09:38:00.000000000,1726709880000000000,515.0,515.6,515.0,515.4,170,36382,36363
2024-09-19 09:39:00.000000000,1726709940000000000,515.4,515.5,515.0,515.1,133,36363,36344
2024-09-19 09:40:00.000000000,1726710000000000000,515.1,515.2,514.6,514.7,206,36344,36294
2024-09-19 09:41:00.000000000,1726710060000000000,514.7,514.9,514.5,514.5,190,36294,36291
2024-09-19 09:42:00.000000000,1726710120000000000,514.5,514.6,514.3,514.5,207,36291,36330
2024-09-19 09:43:00.000000000,1726710180000000000,514.5,514.6,514.2,514.5,232,36330,36321
2024-09-19 09:44:00.000000000,1726710240000000000,514.5,514.5,514.1,514.3,140,36321,36316
2024-09-19 09:45:00.000000000,1726710300000000000,514.3,514.5,514.0,514.5,288,36316,36342
2024-09-19 09:46:00.000000000,1726710360000000000,514.5,514.5,513.8,513.9,245,36342,36374
2024-09-19 09:47:00.000000000,1726710420000000000,513.9,514.1,513.9,514.0,148,36374,36359
2024-09-19 09:48:00.000000000,1726710480000000000,514.0,514.0,513.8,513.8,122,36359,36370
2024-09-19 09:49:00.000000000,1726710540000000000,513.8,514.0,513.7,513.9,115,36370,36370
2024-09-19 09:50:00.000000000,1726710600000000000,513.9,514.1,513.7,514.1,99,36370,36336
2024-09-19 09:51:00.000000000,1726710660000000000,514.1,514.4,514.1,514.3,139,36336,36306
2024-09-19 09:52:00.000000000,1726710720000000000,514.3,514.5,514.2,514.5,88,36306,36294
2024-09-19 09:53:00.000000000,1726710780000000000,514.5,514.9,514.4,514.9,123,36294,36284
2024-09-19 09:54:00.000000000,1726710840000000000,514.9,515.3,514.9,515.1,214,36284,36215
2024-09-19 09:55:00.000000000,1726710900000000000,515.1,515.3,515.0,515.2,107,36215,36189
2024-09-19 09:56:00.000000000,1726710960000000000,515.2,515.4,515.1,515.4,169,36189,36149
2024-09-19 09:57:00.000000000,1726711020000000000,515.4,515.7,515.4,515.7,207,36149,36090
2024-09-19 09:58:00.000000000,1726711080000000000,515.7,515.9,515.6,515.6,146,36090,36065
2024-09-19 09:59:00.000000000,1726711140000000000,515.6,515.8,515.3,515.8,161,36065,36053
2024-09-19 10:00:00.000000000,1726711200000000000,515.8,515.9,515.6,515.9,117,36053,36050
2024-09-19 10:01:00.000000000,1726711260000000000,515.9,516.6,515.9,516.5,468,36050,35979
2024-09-19 10:02:00.000000000,1726711320000000000,516.5,516.9,516.5,516.9,303,35979,35936
2024-09-19 10:03:00.000000000,1726711380000000000,516.9,517.3,516.7,517.2,337,35936,35952
2024-09-19 10:04:00.000000000,1726711440000000000,517.2,517.4,517.0,517.1,194,35952,35970
2024-09-19 10:05:00.000000000,1726711500000000000,517.1,517.3,516.6,516.7,299,35970,35916
2024-09-19 10:06:00.000000000,1726711560000000000,516.7,516.7,516.2,516.4,331,35916,35841
2024-09-19 10:07:00.000000000,1726711620000000000,516.4,517.2,516.4,517.2,203,35841,35833
2024-09-19 10:08:00.000000000,1726711680000000000,517.2,517.2,516.9,517.2,160,35833,35825
2024-09-19 10:09:00.000000000,1726711740000000000,517.2,517.5,517.2,517.4,278,35825,35808
2024-09-19 10:10:00.000000000,1726711800000000000,517.4,517.4,516.9,517.1,189,35808,35821
2024-09-19 10:11:00.000000000,1726711860000000000,517.1,517.8,517.1,517.8,438,35821,35661
2024-09-19 10:12:00.000000000,1726711920000000000,517.8,517.8,517.3,517.5,215,35661,35628
2024-09-19 10:13:00.000000000,1726711980000000000,517.5,517.6,517.3,517.5,161,35628,35566
2024-09-19 10:14:00.000000000,1726712040000000000,517.5,517.9,517.5,517.8,261,35566,35623
2024-09-19 10:30:00.000000000,1726713000000000000,517.9,518.8,517.9,518.8,1096,35623,35513
2024-09-19 10:31:00.000000000,1726713060000000000,518.8,519.2,518.6,518.7,608,35513,35496
2024-09-19 10:32:00.000000000,1726713120000000000,518.7,518.8,518.3,518.5,293,35496,35452
2024-09-19 10:33:00.000000000,1726713180000000000,518.5,518.6,518.1,518.2,227,35452,35400
2024-09-19 10:34:00.000000000,1726713240000000000,518.2,518.4,518.1,518.2,149,35400,35402
2024-09-19 10:35:00.000000000,1726713300000000000,518.2,518.8,518.2,518.7,140,35402,35425
2024-09-19 10:36:00.000000000,1726713360000000000,518.7,518.9,518.3,518.8,162,35425,35460
2024-09-19 10:37:00.000000000,1726713420000000000,518.8,518.9,518.6,518.7,174,35460,35415
2024-09-19 10:38:00.000000000,1726713480000000000,518.7,519.0,518.6,518.9,151,35415,35422
2024-09-19 10:39:00.000000000,1726713540000000000,518.9,518.9,518.6,518.7,175,35422,35422
2024-09-19 10:40:00.000000000,1726713600000000000,518.7,518.8,518.4,518.5,137,35422,35403
2024-09-19 10:41:00.000000000,1726713660000000000,518.5,518.6,518.4,518.6,116,35403,35413
2024-09-19 10:42:00.000000000,1726713720000000000,518.6,518.9,518.5,518.7,177,35413,35421
2024-09-19 10:43:00.000000000,1726713780000000000,518.7,519.1,518.7,518.8,136,35421,35425
2024-09-19 10:44:00.000000000,1726713840000000000,518.8,519.0,518.8,518.9,110,35425,35437
2024-09-19 10:45:00.000000000,1726713900000000000,518.9,519.1,518.8,518.8,74,35437,35444
2024-09-19 10:46:00.000000000,1726713960000000000,518.8,519.1,518.8,519.1,145,35444,35439
2024-09-19 10:47:00.000000000,1726714020000000000,519.1,519.4,519.1,519.4,333,35439,35540
2024-09-19 10:48:00.000000000,1726714080000000000,519.4,519.5,518.9,519.0,236,35540,35561
2024-09-19 10:49:00.000000000,1726714140000000000,519.0,519.0,518.8,518.8,132,35561,35567
2024-09-19 10:50:00.000000000,1726714200000000000,518.8,519.0,518.7,519.0,120,35567,35530
2024-09-19 10:51:00.000000000,1726714260000000000,519.0,519.2,518.9,519.2,98,35530,35555
2024-09-19 10:52:00.000000000,1726714320000000000,519.2,519.2,518.5,518.5,174,35555,35562
2024-09-19 10:53:00.000000000,1726714380000000000,518.5,518.7,518.4,518.4,162,35562,35548
2024-09-19 10:54:00.000000000,1726714440000000000,518.4,518.5,518.3,518.5,69,35548,35544
2024-09-19 10:55:00.000000000,1726714500000000000,518.5,518.8,518.4,518.7,95,35544,35547
2024-09-19 10:56:00.000000000,1726714560000000000,518.7,519.0,518.6,518.6,133,35547,35526
2024-09-19 10:57:00.000000000,1726714620000000000,518.6,518.8,518.5,518.6,74,35526,35523
2024-09-19 10:58:00.000000000,1726714680000000000,518.6,518.7,518.2,518.2,122,35523,35509
2024-09-19 10:59:00.000000000,1726714740000000000,518.2,518.5,518.2,518.4,47,35509,35518
2024-09-19 11:00:00.000000000,1726714800000000000,518.4,518.5,518.3,518.3,84,35518,35521
2024-09-19 11:01:00.000000000,1726714860000000000,518.3,518.5,518.3,518.3,43,35521,35512
2024-09-19 11:02:00.000000000,1726714920000000000,518.3,518.6,518.3,518.5,54,35512,35506
2024-09-19 11:03:00.000000000,1726714980000000000,518.5,518.5,518.1,518.3,93,35506,35479
2024-09-19 11:04:00.000000000,1726715040000000000,518.3,518.6,518.3,518.5,67,35479,35469
2024-09-19 11:05:00.000000000,1726715100000000000,518.5,518.5,518.1,518.2,66,35469,35467
2024-09-19 11:06:00.000000000,1726715160000000000,518.2,518.3,518.1,518.2,90,35467,35464
2024-09-19 11:07:00.000000000,1726715220000000000,518.2,518.2,517.9,518.2,167,35464,35463
2024-09-19 11:08:00.000000000,1726715280000000000,518.2,518.2,518.1,518.2,13,35463,35462
2024-09-19 11:09:00.000000000,1726715340000000000,518.2,518.2,517.8,518.0,147,35462,35437
2024-09-19 11:10:00.000000000,1726715400000000000,518.0,518.0,517.7,517.7,102,35437,35430
2024-09-19 11:11:00.000000000,1726715460000000000,517.7,518.1,517.7,518.0,82,35430,35423
2024-09-19 11:12:00.000000000,1726715520000000000,518.0,518.3,518.0,518.3,56,35423,35416
2024-09-19 11:13:00.000000000,1726715580000000000,518.3,518.8,518.2,518.4,160,35416,35419
2024-09-19 11:14:00.000000000,1726715640000000000,518.4,518.7,518.4,518.7,37,35419,35423
2024-09-19 11:15:00.000000000,1726715700000000000,518.7,518.8,518.5,518.6,81,35423,35411
2024-09-19 11:16:00.000000000,1726715760000000000,518.6,518.8,518.5,518.6,67,35411,35409
2024-09-19 11:17:00.000000000,1726715820000000000,518.6,518.8,518.4,518.4,109,35409,35430
2024-09-19 11:18:00.000000000,1726715880000000000,518.4,518.4,518.3,518.3,35,35430,35430
2024-09-19 11:19:00.000000000,1726715940000000000,518.3,518.4,518.1,518.4,53,35430,35430
2024-09-19 11:20:00.000000000,1726716000000000000,518.4,518.6,518.3,518.6,53,35430,35451
2024-09-19 11:21:00.000000000,1726716060000000000,518.6,518.6,518.4,518.6,32,35451,35444
2024-09-19 11:22:00.000000000,1726716120000000000,518.6,518.8,518.6,518.7,42,35444,35426
2024-09-19 11:23:00.000000000,1726716180000000000,518.7,518.7,518.5,518.5,41,35426,35419
2024-09-19 11:24:00.000000000,1726716240000000000,518.5,518.6,518.5,518.6,18,35419,35412
2024-09-19 11:25:00.000000000,1726716300000000000,518.6,518.7,518.4,518.6,73,35412,35403
2024-09-19 11:26:00.000000000,1726716360000000000,518.6,518.9,518.6,518.7,253,35403,35391
2024-09-19 11:27:00.000000000,1726716420000000000,518.7,518.9,518.5,518.6,133,35391,35386
2024-09-19 11:28:00.000000000,1726716480000000000,518.6,518.8,518.6,518.7,44,35386,35377
2024-09-19 11:29:00.000000000,1726716540000000000,518.7,519.2,518.7,519.1,277,35377,35378
2024-09-19 13:30:00.000000000,1726723800000000000,519.9,520.4,519.9,520.1,939,35378,35484
2024-09-19 13:31:00.000000000,1726723860000000000,520.1,520.1,519.7,520.0,339,35484,35503
2024-09-19 13:32:00.000000000,1726723920000000000,520.0,520.2,519.9,519.9,300,35503,35482
2024-09-19 13:33:00.000000000,1726723980000000000,519.9,519.9,519.6,519.7,226,35482,35446
2024-09-19 13:34:00.000000000,1726724040000000000,519.7,520.1,519.7,519.9,253,35446,35439
2024-09-19 13:35:00.000000000,1726724100000000000,519.9,520.0,519.7,519.8,231,35439,35385
2024-09-19 13:36:00.000000000,1726724160000000000,519.8,519.9,519.6,519.7,174,35385,35407
2024-09-19 13:37:00.000000000,1726724220000000000,519.7,519.8,519.6,519.6,104,35407,35397
2024-09-19 13:38:00.000000000,1726724280000000000,519.6,519.7,519.5,519.6,95,35397,35381
2024-09-19 13:39:00.000000000,1726724340000000000,519.6,519.7,519.5,519.7,105,35381,35387
2024-09-19 13:40:00.000000000,1726724400000000000,519.7,520.0,519.6,519.9,168,35387,35361
2024-09-19 13:41:00.000000000,1726724460000000000,519.9,520.0,519.8,519.8,193,35361,35350
2024-09-19 13:42:00.000000000,1726724520000000000,519.8,520.1,519.8,520.0,206,35350,35313
2024-09-19 13:43:00.000000000,1726724580000000000,520.0,520.0,519.9,519.9,110,35313,35305
2024-09-19 13:44:00.000000000,1726724640000000000,519.9,520.0,519.8,520.0,52,35305,35309
2024-09-19 13:45:00.000000000,1726724700000000000,520.0,520.1,519.8,520.0,92,35309,35301
2024-09-19 13:46:00.000000000,1726724760000000000,520.0,520.1,519.8,519.8,120,35301,35273
2024-09-19 13:47:00.000000000,1726724820000000000,519.8,520.2,519.8,520.1,105,35273,35265
2024-09-19 13:48:00.000000000,1726724880000000000,520.1,520.4,520.1,520.1,259,35265,35210
2024-09-19 13:49:00.000000000,1726724940000000000,520.1,520.1,519.9,519.9,118,35210,35221
2024-09-19 13:50:00.000000000,1726725000000000000,519.9,520.1,519.8,520.0,72,35221,35227
2024-09-19 13:51:00.000000000,1726725060000000000,520.0,520.0,519.5,519.9,236,35227,35182
2024-09-19 13:52:00.000000000,1726725120000000000,519.9,520.2,519.9,519.9,321,35182,35078
2024-09-19 13:53:00.000000000,1726725180000000000,519.9,520.0,519.9,519.9,33,35078,35074
2024-09-19 13:54:00.000000000,1726725240000000000,519.9,520.1,519.7,519.8,137,35074,35017
2024-09-19 13:55:00.000000000,1726725300000000000,519.8,519.8,519.7,519.7,131,35017,35028
2024-09-19 13:56:00.000000000,1726725360000000000,519.7,519.9,519.7,519.9,128,35028,34986
2024-09-19 13:57:00.000000000,1726725420000000000,519.9,519.9,519.8,519.9,37,34986,34980
2024-09-19 13:58:00.000000000,1726725480000000000,519.9,519.9,519.8,519.9,84,34980,34977
2024-09-19 13:59:00.000000000,1726725540000000000,519.9,519.9,519.7,519.7,74,34977,34972
2024-09-19 14:00:00.000000000,1726725600000000000,519.7,520.3,519.7,520.1,327,34972,34920
2024-09-19 14:01:00.000000000,1726725660000000000,520.1,520.3,520.1,520.3,172,34920,34880
2024-09-19 14:02:00.000000000,1726725720000000000,520.3,520.4,520.1,520.3,126,34880,34855
2024-09-19 14:03:00.000000000,1726725780000000000,520.3,520.7,520.3,520.6,420,34855,34822
2024-09-19 14:04:00.000000000,1726725840000000000,520.6,520.6,520.4,520.6,134,34822,34803
2024-09-19 14:05:00.000000000,1726725900000000000,520.6,520.8,520.4,520.8,308,34803,34784
2024-09-19 14:06:00.000000000,1726725960000000000,520.8,520.9,520.7,520.9,235,34784,34749
2024-09-19 14:07:00.000000000,1726726020000000000,520.9,521.5,520.9,521.3,493,34749,34723
2024-09-19 14:08:00.000000000,1726726080000000000,521.3,521.3,521.2,521.2,162,34723,34740
2024-09-19 14:09:00.000000000,1726726140000000000,521.2,521.4,521.1,521.1,487,34740,34704
2024-09-19 14:10:00.000000000,1726726200000000000,521.1,521.2,520.9,520.9,225,34704,34649
2024-09-19 14:11:00.000000000,1726726260000000000,520.9,520.9,520.6,520.6,239,34649,34681
2024-09-19 14:12:00.000000000,1726726320000000000,520.6,521.1,520.6,521.1,141,34681,34665
2024-09-19 14:13:00.000000000,1726726380000000000,521.1,521.3,521.0,521.0,243,34665,34577
2024-09-19 14:14:00.000000000,1726726440000000000,521.0,521.1,520.9,521.1,169,34577,34568
2024-09-19 14:15:00.000000000,1726726500000000000,521.1,521.2,520.9,521.1,93,34568,34541
2024-09-19 14:16:00.000000000,1726726560000000000,521.1,521.3,521.1,521.1,54,34541,34511
2024-09-19 14:17:00.000000000,1726726620000000000,521.1,521.2,521.0,521.1,53,34511,34495
2024-09-19 14:18:00.000000000,1726726680000000000,521.1,521.2,521.0,521.0,60,34495,34483
2024-09-19 14:19:00.000000000,1726726740000000000,521.0,521.1,521.0,521.0,89,34483,34447
2024-09-19 14:20:00.000000000,1726726800000000000,521.0,521.4,520.9,521.3,103,34447,34457
2024-09-19 14:21:00.000000000,1726726860000000000,521.3,521.5,520.8,521.1,414,34457,34525
2024-09-19 14:22:00.000000000,1726726920000000000,521.1,521.3,521.1,521.2,79,34525,34516
2024-09-19 14:23:00.000000000,1726726980000000000,521.2,521.3,521.1,521.2,80,34516,34511
2024-09-19 14:24:00.000000000,1726727040000000000,521.2,521.7,521.0,521.6,307,34511,34496
2024-09-19 14:25:00.000000000,1726727100000000000,521.6,521.9,521.5,521.9,315,34496,34426
2024-09-19 14:26:00.000000000,1726727160000000000,521.9,521.9,521.5,521.5,117,34426,34416
2024-09-19 14:27:00.000000000,1726727220000000000,521.5,521.6,521.3,521.6,171,34416,34366
2024-09-19 14:28:00.000000000,1726727280000000000,521.6,521.7,521.5,521.7,89,34366,34345
2024-09-19 14:29:00.000000000,1726727340000000000,521.7,521.7,521.4,521.4,63,34345,34334
2024-09-19 14:30:00.000000000,1726727400000000000,521.4,521.5,521.3,521.4,134,34334,34336
2024-09-19 14:31:00.000000000,1726727460000000000,521.4,521.4,521.2,521.3,206,34336,34376
2024-09-19 14:32:00.000000000,1726727520000000000,521.3,521.5,521.3,521.5,139,34376,34326
2024-09-19 14:33:00.000000000,1726727580000000000,521.5,521.5,521.3,521.4,63,34326,34313
2024-09-19 14:34:00.000000000,1726727640000000000,521.4,521.6,521.4,521.6,125,34313,34302
2024-09-19 14:35:00.000000000,1726727700000000000,521.6,521.6,521.3,521.4,81,34302,34289
2024-09-19 14:36:00.000000000,1726727760000000000,521.4,521.6,521.3,521.5,63,34289,34285
2024-09-19 14:37:00.000000000,1726727820000000000,521.5,521.6,521.3,521.5,102,34285,34249
2024-09-19 14:38:00.000000000,1726727880000000000,521.5,521.6,521.4,521.6,142,34249,34206
2024-09-19 14:39:00.000000000,1726727940000000000,521.6,521.7,521.5,521.6,128,34206,34185
2024-09-19 14:40:00.000000000,1726728000000000000,521.6,521.6,521.5,521.5,113,34185,34157
2024-09-19 14:41:00.000000000,1726728060000000000,521.5,521.6,521.4,521.4,58,34157,34148
2024-09-19 14:42:00.000000000,1726728120000000000,521.4,521.6,521.1,521.2,236,34148,34149
2024-09-19 14:43:00.000000000,1726728180000000000,521.2,521.3,521.0,521.2,181,34149,34107
2024-09-19 14:44:00.000000000,1726728240000000000,521.2,521.3,521.1,521.3,93,34107,34074
2024-09-19 14:45:00.000000000,1726728300000000000,521.3,521.3,521.1,521.2,94,34074,34077
2024-09-19 14:46:00.000000000,1726728360000000000,521.2,521.3,521.1,521.1,70,34077,34066
2024-09-19 14:47:00.000000000,1726728420000000000,521.1,521.3,521.1,521.3,53,34066,34060
2024-09-19 14:48:00.000000000,1726728480000000000,521.3,521.3,521.1,521.2,55,34060,34066
2024-09-19 14:49:00.000000000,1726728540000000000,521.2,521.4,521.2,521.3,45,34066,34059
2024-09-19 14:50:00.000000000,1726728600000000000,521.3,521.6,521.3,521.5,164,34059,34049
2024-09-19 14:51:00.000000000,1726728660000000000,521.5,521.9,521.5,521.8,211,34049,33989
2024-09-19 14:52:00.000000000,1726728720000000000,521.8,521.9,521.5,521.6,165,33989,33989
2024-09-19 14:53:00.000000000,1726728780000000000,521.6,521.9,521.5,521.9,155,33989,33938
2024-09-19 14:54:00.000000000,1726728840000000000,521.9,522.0,521.8,521.9,230,33938,33955
2024-09-19 14:55:00.000000000,1726728900000000000,521.9,522.0,521.6,521.8,202,33955,33899
2024-09-19 14:56:00.000000000,1726728960000000000,521.8,521.9,521.7,521.9,148,33899,33878
2024-09-19 14:57:00.000000000,1726729020000000000,521.9,522.4,521.8,522.3,319,33878,33824
2024-09-19 14:58:00.000000000,1726729080000000000,522.3,522.3,521.7,522.2,501,33824,33799
2024-09-19 14:59:00.000000000,1726729140000000000,522.2,522.7,522.2,522.7,487,33799,33738
2024-09-19 21:00:00.000000000,1726750800000000000,526.1,527.2,525.4,527.1,2811,33738,33683
2024-09-19 21:01:00.000000000,1726750860000000000,527.1,527.5,525.8,525.8,1317,33683,33734
2024-09-19 21:02:00.000000000,1726750920000000000,525.8,526.1,525.4,525.8,852,33734,33809
2024-09-19 21:03:00.000000000,1726750980000000000,525.8,526.2,525.2,525.6,823,33809,33990
2024-09-19 21:04:00.000000000,1726751040000000000,525.6,525.9,525.4,525.8,468,33990,34084
2024-09-19 21:05:00.000000000,1726751100000000000,525.8,526.0,525.4,525.5,446,34084,34153
2024-09-19 21:06:00.000000000,1726751160000000000,525.5,525.5,524.9,525.1,475,34153,34207
2024-09-19 21:07:00.000000000,1726751220000000000,525.1,525.3,524.9,525.3,505,34207,34187
2024-09-19 21:08:00.000000000,1726751280000000000,525.3,525.7,525.3,525.3,409,34187,34250
2024-09-19 21:09:00.000000000,1726751340000000000,525.3,525.5,525.1,525.4,283,34250,34289
2024-09-19 21:10:00.000000000,1726751400000000000,525.4,525.6,524.7,524.8,268,34289,34310
2024-09-19 21:11:00.000000000,1726751460000000000,524.8,524.9,524.1,524.5,952,34310,34241
2024-09-19 21:12:00.000000000,1726751520000000000,524.5,524.9,524.5,524.8,392,34241,34264
2024-09-19 21:13:00.000000000,1726751580000000000,524.8,524.9,524.2,524.5,520,34264,34335
2024-09-19 21:14:00.000000000,1726751640000000000,524.5,524.7,524.4,524.4,162,34335,34328
2024-09-19 21:15:00.000000000,1726751700000000000,524.4,524.4,523.4,524.1,904,34328,34402
2024-09-19 21:16:00.000000000,1726751760000000000,524.1,524.1,523.7,523.7,353,34402,34430
2024-09-19 21:17:00.000000000,1726751820000000000,523.7,523.9,523.6,523.8,246,34430,34430
2024-09-19 21:18:00.000000000,1726751880000000000,523.8,523.9,523.4,523.7,252,34430,34410
2024-09-19 21:19:00.000000000,1726751940000000000,523.7,523.9,523.5,523.9,251,34410,34391
2024-09-19 21:20:00.000000000,1726752000000000000,523.9,523.9,523.3,523.3,299,34391,34417
2024-09-19 21:21:00.000000000,1726752060000000000,523.3,523.7,522.9,523.5,732,34417,34484
2024-09-19 21:22:00.000000000,1726752120000000000,523.5,523.7,523.4,523.6,222,34484,34430
2024-09-19 21:23:00.000000000,1726752180000000000,523.6,523.6,523.3,523.6,202,34430,34406
2024-09-19 21:24:00.000000000,1726752240000000000,523.6,523.8,523.6,523.7,256,34406,34350
2024-09-19 21:25:00.000000000,1726752300000000000,523.7,523.7,523.3,523.4,196,34350,34351
2024-09-19 21:26:00.000000000,1726752360000000000,523.4,523.5,523.2,523.4,198,34351,34328
2024-09-19 21:27:00.000000000,1726752420000000000,523.4,523.7,523.4,523.5,206,34328,34324
2024-09-19 21:28:00.000000000,1726752480000000000,523.5,523.8,523.4,523.4,334,34324,34344
2024-09-19 21:29:00.000000000,1726752540000000000,523.4,523.7,523.4,523.6,145,34344,34353
2024-09-19 21:30:00.000000000,1726752600000000000,523.6,523.8,523.3,523.4,435,34353,34406
2024-09-19 21:31:00.000000000,1726752660000000000,523.4,524.2,523.3,523.8,773,34406,34382
2024-09-19 21:32:00.000000000,1726752720000000000,523.8,523.8,523.5,523.6,126,34382,34384
2024-09-19 21:33:00.000000000,1726752780000000000,523.6,523.6,522.5,522.8,968,34384,34438
2024-09-19 21:34:00.000000000,1726752840000000000,522.8,523.2,522.8,522.8,282,34438,34424
2024-09-19 21:35:00.000000000,1726752900000000000,522.8,523.2,522.6,523.1,377,34424,34423
2024-09-19 21:36:00.000000000,1726752960000000000,523.1,523.3,522.9,523.2,328,34423,34367
2024-09-19 21:37:00.000000000,1726753020000000000,523.2,524.7,523.1,524.7,953,34367,34243
2024-09-19 21:38:00.000000000,1726753080000000000,524.7,524.9,524.4,524.8,732,34243,34195
2024-09-19 21:39:00.000000000,1726753140000000000,524.8,524.8,524.4,524.7,348,34195,34193
2024-09-19 21:40:00.000000000,1726753200000000000,524.7,525.0,524.6,524.9,462,34193,34178
2024-09-19 21:41:00.000000000,1726753260000000000,524.9,525.0,524.7,524.8,367,34178,34155
2024-09-19 21:42:00.000000000,1726753320000000000,524.8,525.0,524.6,524.6,301,34155,34191
2024-09-19 21:43:00.000000000,1726753380000000000,524.6,524.6,524.2,524.2,484,34191,34139
2024-09-19 21:44:00.000000000,1726753440000000000,524.2,524.3,523.8,523.9,364,34139,34093
2024-09-19 21:45:00.000000000,1726753500000000000,523.9,524.3,523.8,523.9,326,34093,34122
2024-09-19 21:46:00.000000000,1726753560000000000,523.9,524.3,523.9,524.2,188,34122,34138
2024-09-19 21:47:00.000000000,1726753620000000000,524.2,524.4,523.9,524.2,166,34138,34160
2024-09-19 21:48:00.000000000,1726753680000000000,524.2,524.4,524.0,524.1,174,34160,34191
2024-09-19 21:49:00.000000000,1726753740000000000,524.1,524.1,522.9,523.1,857,34191,34281
2024-09-19 21:50:00.000000000,1726753800000000000,523.1,523.1,521.4,521.7,1128,34281,34470
2024-09-19 21:51:00.000000000,1726753860000000000,521.7,521.7,520.4,521.0,2166,34470,34149
2024-09-19 21:52:00.000000000,1726753920000000000,521.0,521.5,521.0,521.3,872,34149,34084
2024-09-19 21:53:00.000000000,1726753980000000000,521.3,522.4,521.3,522.0,908,34084,34205
2024-09-19 21:54:00.000000000,1726754040000000000,522.0,522.5,521.6,521.6,716,34205,34175
2024-09-19 21:55:00.000000000,1726754100000000000,521.6,522.5,521.6,522.4,500,34175,34197
2024-09-19 21:56:00.000000000,1726754160000000000,522.4,523.0,522.4,522.7,569,34197,34146
2024-09-19 21:57:00.000000000,1726754220000000000,522.7,522.8,522.0,522.2,380,34146,34139
2024-09-19 21:58:00.000000000,1726754280000000000,522.2,522.4,521.8,522.0,318,34139,34174
2024-09-19 21:59:00.000000000,1726754340000000000,522.0,522.4,521.8,522.3,209,34174,34174
2024-09-19 22:00:00.000000000,1726754400000000000,522.3,522.5,521.6,521.6,486,34174,34258
2024-09-19 22:01:00.000000000,1726754460000000000,521.6,522.1,521.5,521.5,290,34258,34278
2024-09-19 22:02:00.000000000,1726754520000000000,521.5,522.0,521.3,521.7,439,34278,34281
2024-09-19 22:03:00.000000000,1726754580000000000,521.7,522.2,521.6,522.1,258,34281,34292
2024-09-19 22:04:00.000000000,1726754640000000000,522.1,522.7,522.1,522.5,553,34292,34281
2024-09-19 22:05:00.000000000,1726754700000000000,522.5,522.6,522.1,522.2,507,34281,34376
2024-09-19 22:06:00.000000000,1726754760000000000,522.2,522.7,522.2,522.7,205,34376,34345
2024-09-19 22:07:00.000000000,1726754820000000000,522.7,522.9,522.5,522.9,410,34345,34385
2024-09-19 22:08:00.000000000,1726754880000000000,522.9,523.5,522.7,523.3,689,34385,34361
2024-09-19 22:09:00.000000000,1726754940000000000,523.3,523.6,523.2,523.3,400,34361,34365
2024-09-19 22:10:00.000000000,1726755000000000000,523.3,523.4,523.1,523.1,368,34365,34400
2024-09-19 22:11:00.000000000,1726755060000000000,523.1,523.3,522.8,523.0,466,34400,34534
2024-09-19 22:12:00.000000000,1726755120000000000,523.0,523.1,522.7,522.9,256,34534,34558
2024-09-19 22:13:00.000000000,1726755180000000000,522.9,523.3,522.9,523.0,209,34558,34583
2024-09-19 22:14:00.000000000,1726755240000000000,523.0,523.3,522.9,522.9,198,34583,34577
2024-09-19 22:15:00.000000000,1726755300000000000,522.9,523.6,522.9,523.5,325,34577,34637
2024-09-19 22:16:00.000000000,1726755360000000000,523.5,523.6,523.2,523.5,411,34637,34713
2024-09-19 22:17:00.000000000,1726755420000000000,523.5,524.0,523.3,523.7,473,34713,34684
2024-09-19 22:18:00.000000000,1726755480000000000,523.7,524.1,523.3,524.1,446,34684,34656
2024-09-19 22:19:00.000000000,1726755540000000000,524.1,524.8,524.0,524.5,705,34656,34707
2024-09-19 22:20:00.000000000,1726755600000000000,524.5,524.8,524.3,524.3,416,34707,34728
2024-09-19 22:21:00.000000000,1726755660000000000,524.3,524.6,524.3,524.3,259,34728,34764
2024-09-19 22:22:00.000000000,1726755720000000000,524.3,524.7,524.2,524.3,304,34764,34767
2024-09-19 22:23:00.000000000,1726755780000000000,524.3,524.4,524.0,524.3,315,34767,34730
2024-09-19 22:24:00.000000000,1726755840000000000,524.3,524.5,524.1,524.4,240,34730,34798
2024-09-19 22:25:00.000000000,1726755900000000000,524.4,524.8,524.4,524.7,301,34798,34845
2024-09-19 22:26:00.000000000,1726755960000000000,524.7,524.8,524.4,524.7,237,34845,34859
2024-09-19 22:27:00.000000000,1726756020000000000,524.7,524.8,524.4,524.5,253,34859,34843
2024-09-19 22:28:00.000000000,1726756080000000000,524.5,524.5,524.1,524.2,237,34843,34861
2024-09-19 22:29:00.000000000,1726756140000000000,524.2,524.4,524.1,524.3,188,34861,34916
2024-09-19 22:30:00.000000000,1726756200000000000,524.3,524.6,524.1,524.5,227,34916,34965
2024-09-19 22:31:00.000000000,1726756260000000000,524.5,524.6,524.4,524.5,144,34965,34988
2024-09-19 22:32:00.000000000,1726756320000000000,524.5,524.7,524.1,524.7,288,34988,35000
2024-09-19 22:33:00.000000000,1726756380000000000,524.7,524.7,524.3,524.4,159,35000,35014
2024-09-19 22:34:00.000000000,1726756440000000000,524.4,524.6,524.3,524.5,103,35014,35025
2024-09-19 22:35:00.000000000,1726756500000000000,524.5,524.9,524.5,524.7,405,35025,35075
2024-09-19 22:36:00.000000000,1726756560000000000,524.7,524.7,524.1,524.3,397,35075,35140
2024-09-19 22:37:00.000000000,1726756620000000000,524.3,524.5,523.7,524.0,597,35140,35158
2024-09-19 22:38:00.000000000,1726756680000000000,524.0,524.1,523.5,523.7,466,35158,35156
2024-09-19 22:39:00.000000000,1726756740000000000,523.7,524.0,523.6,523.7,269,35156,35178
2024-09-19 22:40:00.000000000,1726756800000000000,523.7,524.1,523.6,523.7,260,35178,35195
2024-09-19 22:41:00.000000000,1726756860000000000,523.7,524.1,523.7,524.1,118,35195,35178
2024-09-19 22:42:00.000000000,1726756920000000000,524.1,524.3,523.1,523.3,420,35178,35106
2024-09-19 22:43:00.000000000,1726756980000000000,523.3,523.6,522.9,523.4,581,35106,35119
2024-09-19 22:44:00.000000000,1726757040000000000,523.4,523.5,523.1,523.5,177,35119,35122
2024-09-19 22:45:00.000000000,1726757100000000000,523.5,523.6,522.6,522.7,510,35122,35156
2024-09-19 22:46:00.000000000,1726757160000000000,522.7,523.1,522.5,523.1,445,35156,35087
2024-09-19 22:47:00.000000000,1726757220000000000,523.1,523.3,522.8,523.2,175,35087,35100
2024-09-19 22:48:00.000000000,1726757280000000000,523.2,523.3,523.0,523.3,144,35100,35100
2024-09-19 22:49:00.000000000,1726757340000000000,523.3,523.4,523.0,523.2,179,35100,35123
2024-09-19 22:50:00.000000000,1726757400000000000,523.2,524.0,523.2,524.0,318,35123,35103
2024-09-19 22:51:00.000000000,1726757460000000000,524.0,524.3,523.9,524.3,382,35103,35135
2024-09-19 22:52:00.000000000,1726757520000000000,524.3,524.6,523.8,523.8,585,35135,35170
2024-09-19 22:53:00.000000000,1726757580000000000,523.8,524.1,523.7,524.0,191,35170,35184
2024-09-19 22:54:00.000000000,1726757640000000000,524.0,524.0,523.6,523.6,192,35184,35215
2024-09-19 22:55:00.000000000,1726757700000000000,523.6,523.9,523.2,523.3,252,35215,35207
2024-09-19 22:56:00.000000000,1726757760000000000,523.3,523.5,523.1,523.3,249,35207,35167
2024-09-19 22:57:00.000000000,1726757820000000000,523.3,523.4,522.8,523.2,321,35167,35127
2024-09-19 22:58:00.000000000,1726757880000000000,523.2,523.4,523.1,523.3,147,35127,35112
2024-09-19 22:59:00.000000000,1726757940000000000,523.3,523.6,523.2,523.6,219,35112,35126
2024-09-19 23:00:00.000000000,1726758000000000000,523.6,524.1,523.5,524.1,524,35126,35245
2024-09-19 23:01:00.000000000,1726758060000000000,524.1,524.1,523.8,524.1,319,35245,35285
2024-09-19 23:02:00.000000000,1726758120000000000,524.1,524.1,523.9,524.0,222,35285,35337
2024-09-19 23:03:00.000000000,1726758180000000000,524.0,524.3,523.9,524.3,376,35337,35346
2024-09-19 23:04:00.000000000,1726758240000000000,524.3,524.5,524.2,524.3,319,35346,35354
2024-09-19 23:05:00.000000000,1726758300000000000,524.3,524.5,524.1,524.4,223,35354,35318
2024-09-19 23:06:00.000000000,1726758360000000000,524.4,524.4,524.1,524.1,229,35318,35300
2024-09-19 23:07:00.000000000,1726758420000000000,524.1,524.3,524.0,524.1,393,35300,35186
2024-09-19 23:08:00.000000000,1726758480000000000,524.1,524.6,524.1,524.4,403,35186,35148
2024-09-19 23:09:00.000000000,1726758540000000000,524.4,525.0,524.4,524.9,722,35148,35165
2024-09-19 23:10:00.000000000,1726758600000000000,524.9,525.4,524.9,525.3,690,35165,35328
2024-09-19 23:11:00.000000000,1726758660000000000,525.3,525.5,525.2,525.5,424,35328,35367
2024-09-19 23:12:00.000000000,1726758720000000000,525.5,525.6,525.2,525.4,397,35367,35447
2024-09-19 23:13:00.000000000,1726758780000000000,525.4,525.4,525.0,525.0,416,35447,35322
2024-09-19 23:14:00.000000000,1726758840000000000,525.0,525.0,524.7,524.8,411,35322,35260
2024-09-19 23:15:00.000000000,1726758900000000000,524.8,525.8,524.7,525.7,804,35260,35397
2024-09-19 23:16:00.000000000,1726758960000000000,525.7,525.8,525.6,525.8,467,35397,35500
2024-09-19 23:17:00.000000000,1726759020000000000,525.8,526.0,525.6,525.9,401,35500,35577
2024-09-19 23:18:00.000000000,1726759080000000000,525.9,526.0,525.7,525.8,345,35577,35621
2024-09-19 23:19:00.000000000,1726759140000000000,525.8,526.8,525.7,526.7,1120,35621,35678
2024-09-19 23:20:00.000000000,1726759200000000000,526.7,527.1,526.5,526.6,942,35678,35717
2024-09-19 23:21:00.000000000,1726759260000000000,526.6,527.1,526.5,527.1,537,35717,35765
2024-09-19 23:22:00.000000000,1726759320000000000,527.1,527.1,526.6,526.7,420,35765,35783
2024-09-19 23:23:00.000000000,1726759380000000000,526.7,526.7,526.5,526.6,439,35783,35734
2024-09-19 23:24:00.000000000,1726759440000000000,526.6,526.6,526.2,526.4,362,35734,35734
2024-09-19 23:25:00.000000000,1726759500000000000,526.4,526.4,525.9,526.0,457,35734,35644
2024-09-19 23:26:00.000000000,1726759560000000000,526.0,526.3,525.9,526.0,310,35644,35597
2024-09-19 23:27:00.000000000,1726759620000000000,526.0,526.1,525.7,525.8,524,35597,35516
2024-09-19 23:28:00.000000000,1726759680000000000,525.8,526.1,525.8,526.1,594,35516,35446
2024-09-19 23:29:00.000000000,1726759740000000000,526.1,526.3,525.8,526.2,652,35446,35377
2024-09-19 23:30:00.000000000,1726759800000000000,526.2,526.4,526.2,526.2,439,35377,35352
2024-09-19 23:31:00.000000000,1726759860000000000,526.2,526.2,525.8,526.0,321,35352,35379
2024-09-19 23:32:00.000000000,1726759920000000000,526.0,526.1,525.8,526.0,200,35379,35438
2024-09-19 23:33:00.000000000,1726759980000000000,526.0,526.5,526.0,526.5,370,35438,35541
2024-09-19 23:34:00.000000000,1726760040000000000,526.5,527.1,526.5,527.0,649,35541,35588
2024-09-19 23:35:00.000000000,1726760100000000000,527.0,527.2,526.7,526.7,393,35588,35687
2024-09-19 23:36:00.000000000,1726760160000000000,526.7,526.9,526.6,526.9,225,35687,35790
2024-09-19 23:37:00.000000000,1726760220000000000,526.9,527.0,526.6,527.0,335,35790,35859
2024-09-19 23:38:00.000000000,1726760280000000000,527.0,527.1,526.9,527.1,204,35859,35905
2024-09-19 23:39:00.000000000,1726760340000000000,527.1,527.2,526.8,526.8,154,35905,35906
2024-09-19 23:40:00.000000000,1726760400000000000,526.8,527.2,526.8,526.8,279,35906,35915
2024-09-19 23:41:00.000000000,1726760460000000000,526.8,527.1,526.7,526.9,294,35915,35930
2024-09-19 23:42:00.000000000,1726760520000000000,526.9,527.0,526.9,526.9,85,35930,35927
2024-09-19 23:43:00.000000000,1726760580000000000,526.9,527.0,526.8,526.8,170,35927,35921
2024-09-19 23:44:00.000000000,1726760640000000000,526.8,527.0,526.3,526.4,401,35921,35891
2024-09-19 23:45:00.000000000,1726760700000000000,526.4,526.9,526.4,526.9,279,35891,35942
2024-09-19 23:46:00.000000000,1726760760000000000,526.9,527.0,526.7,526.8,300,35942,35919
2024-09-19 23:47:00.000000000,1726760820000000000,526.8,526.9,526.7,526.8,134,35919,35899
2024-09-19 23:48:00.000000000,1726760880000000000,526.8,527.0,526.7,527.0,255,35899,35979
2024-09-19 23:49:00.000000000,1726760940000000000,527.0,527.3,527.0,527.2,414,35979,35958
2024-09-19 23:50:00.000000000,1726761000000000000,527.2,527.3,527.0,527.2,204,35958,35986
2024-09-19 23:51:00.000000000,1726761060000000000,527.2,527.2,527.0,527.1,53,35986,36003
2024-09-19 23:52:00.000000000,1726761120000000000,527.1,527.3,526.9,526.9,165,36003,36025
2024-09-19 23:53:00.000000000,1726761180000000000,526.9,527.1,526.9,527.0,119,36025,36002
2024-09-19 23:54:00.000000000,1726761240000000000,527.0,527.1,526.7,526.7,127,36002,36029
2024-09-19 23:55:00.000000000,1726761300000000000,526.7,526.9,526.4,526.5,267,36029,36022
2024-09-19 23:56:00.000000000,1726761360000000000,526.5,526.6,526.2,526.3,281,36022,35992
2024-09-19 23:57:00.000000000,1726761420000000000,526.3,526.3,525.9,526.0,428,35992,35892
2024-09-19 23:58:00.000000000,1726761480000000000,526.0,526.2,525.9,526.1,269,35892,35957
2024-09-19 23:59:00.000000000,1726761540000000000,526.1,526.3,525.9,526.1,261,35957,35935
2024-09-20 00:00:00.000000000,1726761600000000000,526.1,526.4,525.9,526.1,332,35935,35876
2024-09-20 00:01:00.000000000,1726761660000000000,526.1,526.1,525.7,526.0,382,35876,35861
2024-09-20 00:02:00.000000000,1726761720000000000,526.0,526.3,526.0,526.2,105,35861,35840
2024-09-20 00:03:00.000000000,1726761780000000000,526.2,526.5,526.1,526.5,141,35840,35826
2024-09-20 00:04:00.000000000,1726761840000000000,526.5,526.7,526.4,526.6,244,35826,35854
2024-09-20 00:05:00.000000000,1726761900000000000,526.6,526.9,526.5,526.7,195,35854,35892
2024-09-20 00:06:00.000000000,1726761960000000000,526.7,527.0,526.7,527.0,174,35892,35865
2024-09-20 00:07:00.000000000,1726762020000000000,527.0,527.0,526.7,526.7,156,35865,35861
2024-09-20 00:08:00.000000000,1726762080000000000,526.7,527.1,526.7,527.1,276,35861,35873
2024-09-20 00:09:00.000000000,1726762140000000000,527.1,527.2,526.9,527.1,205,35873,35894
2024-09-20 00:10:00.000000000,1726762200000000000,527.1,527.1,526.8,526.9,103,35894,35887
2024-09-20 00:11:00.000000000,1726762260000000000,526.9,526.9,526.4,526.5,215,35887,35830
2024-09-20 00:12:00.000000000,1726762320000000000,526.5,526.8,526.4,526.7,138,35830,35843
2024-09-20 00:13:00.000000000,1726762380000000000,526.7,526.8,526.7,526.8,91,35843,35835
2024-09-20 00:14:00.000000000,1726762440000000000,526.8,527.0,526.7,526.9,158,35835,35805
2024-09-20 00:15:00.000000000,1726762500000000000,526.9,527.0,526.7,526.8,114,35805,35822
2024-09-20 00:16:00.000000000,1726762560000000000,526.8,526.8,526.6,526.7,137,35822,35784
2024-09-20 00:17:00.000000000,1726762620000000000,526.7,527.0,526.6,527.0,181,35784,35849
2024-09-20 00:18:00.000000000,1726762680000000000,527.0,527.0,526.7,526.8,78,35849,35865
2024-09-20 00:19:00.000000000,1726762740000000000,526.8,527.0,526.8,526.9,74,35865,35880
2024-09-20 00:20:00.000000000,1726762800000000000,526.9,527.0,526.8,526.9,93,35880,35860
2024-09-20 00:21:00.000000000,1726762860000000000,526.9,526.9,526.5,526.5,158,35860,35824
2024-09-20 00:22:00.000000000,1726762920000000000,526.5,526.9,526.5,526.9,105,35824,35878
2024-09-20 00:23:00.000000000,1726762980000000000,526.9,526.9,526.7,526.8,63,35878,35877
2024-09-20 00:24:00.000000000,1726763040000000000,526.8,526.9,526.7,526.8,68,35877,35880
2024-09-20 00:25:00.000000000,1726763100000000000,526.8,527.1,526.8,527.1,153,35880,35857
2024-09-20 00:26:00.000000000,1726763160000000000,527.1,527.4,527.0,527.3,388,35857,35825
2024-09-20 00:27:00.000000000,1726763220000000000,527.3,527.3,526.7,526.7,247,35825,35797
2024-09-20 00:28:00.000000000,1726763280000000000,526.7,526.8,526.5,526.6,266,35797,35779
2024-09-20 00:29:00.000000000,1726763340000000000,526.6,526.8,526.3,526.4,308,35779,35768
2024-09-20 00:30:00.000000000,1726763400000000000,526.4,526.6,526.3,526.3,204,35768,35756
2024-09-20 00:31:00.000000000,1726763460000000000,526.3,526.4,525.9,526.0,288,35756,35743
2024-09-20 00:32:00.000000000,1726763520000000000,526.0,526.3,525.9,526.2,283,35743,35727
2024-09-20 00:33:00.000000000,1726763580000000000,526.2,526.2,525.7,526.0,307,35727,35652
2024-09-20 00:34:00.000000000,1726763640000000000,526.0,526.2,525.9,526.2,187,35652,35662
2024-09-20 00:35:00.000000000,1726763700000000000,526.2,526.4,526.2,526.3,175,35662,35666
2024-09-20 00:36:00.000000000,1726763760000000000,526.3,526.4,526.2,526.4,161,35666,35653
2024-09-20 00:37:00.000000000,1726763820000000000,526.4,526.4,526.2,526.2,65,35653,35650
2024-09-20 00:38:00.000000000,1726763880000000000,526.2,526.4,526.2,526.3,48,35650,35639
2024-09-20 00:39:00.000000000,1726763940000000000,526.3,526.3,526.2,526.3,42,35639,35642
2024-09-20 00:40:00.000000000,1726764000000000000,526.3,526.7,526.2,526.5,298,35642,35728
2024-09-20 00:41:00.000000000,1726764060000000000,526.5,526.5,526.3,526.4,116,35728,35710
2024-09-20 00:42:00.000000000,1726764120000000000,526.4,526.6,526.3,526.3,205,35710,35688
2024-09-20 00:43:00.000000000,1726764180000000000,526.3,526.4,526.0,526.0,169,35688,35632
2024-09-20 00:44:00.000000000,1726764240000000000,526.0,526.4,526.0,526.2,217,35632,35582
2024-09-20 00:45:00.000000000,1726764300000000000,526.2,526.6,526.1,526.3,104,35582,35579
2024-09-20 00:46:00.000000000,1726764360000000000,526.3,526.4,526.3,526.3,51,35579,35568
2024-09-20 00:47:00.000000000,1726764420000000000,526.3,526.6,526.3,526.5,64,35568,35578
2024-09-20 00:48:00.000000000,1726764480000000000,526.5,526.6,526.0,526.1,209,35578,35564
2024-09-20 00:49:00.000000000,1726764540000000000,526.1,526.2,526.1,526.1,104,35564,35550
2024-09-20 00:50:00.000000000,1726764600000000000,526.1,526.1,525.9,525.9,147,35550,35513
2024-09-20 00:51:00.000000000,1726764660000000000,525.9,526.1,525.9,526.0,157,35513,35500
2024-09-20 00:52:00.000000000,1726764720000000000,526.0,526.1,525.8,526.0,218,35500,35454
2024-09-20 00:53:00.000000000,1726764780000000000,526.0,526.1,525.7,525.8,260,35454,35391
2024-09-20 00:54:00.000000000,1726764840000000000,525.8,525.9,525.6,525.8,165,35391,35336
2024-09-20 00:55:00.000000000,1726764900000000000,525.8,526.0,525.8,525.9,121,35336,35339
2024-09-20 00:56:00.000000000,1726764960000000000,525.9,526.1,525.9,526.1,182,35339,35370
2024-09-20 00:57:00.000000000,1726765020000000000,526.1,526.3,526.1,526.3,229,35370,35399
2024-09-20 00:58:00.000000000,1726765080000000000,526.3,526.3,525.9,526.1,152,35399,35364
2024-09-20 00:59:00.000000000,1726765140000000000,526.1,526.2,526.0,526.0,61,35364,35353
2024-09-20 01:00:00.000000000,1726765200000000000,526.0,526.2,525.9,526.0,110,35353,35336
2024-09-20 01:01:00.000000000,1726765260000000000,526.0,526.2,526.0,526.1,140,35336,35331
2024-09-20 01:02:00.000000000,1726765320000000000,526.1,526.2,526.0,526.1,35,35331,35333
2024-09-20 01:03:00.000000000,1726765380000000000,526.1,526.3,526.1,526.2,41,35333,35333
2024-09-20 01:04:00.000000000,1726765440000000000,526.2,526.4,526.2,526.3,88,35333,35319
2024-09-20 01:05:00.000000000,1726765500000000000,526.3,526.4,526.3,526.3,65,35319,35324
2024-09-20 01:06:00.000000000,1726765560000000000,526.3,526.3,526.0,526.1,139,35324,35283
2024-09-20 01:07:00.000000000,1726765620000000000,526.1,526.1,526.0,526.1,33,35283,35276
2024-09-20 01:08:00.000000000,1726765680000000000,526.1,526.1,525.9,525.9,132,35276,35227
2024-09-20 01:09:00.000000000,1726765740000000000,525.9,526.0,525.3,525.5,642,35227,35038
2024-09-20 01:10:00.000000000,1726765800000000000,525.5,526.0,525.4,525.5,386,35038,35044
2024-09-20 01:11:00.000000000,1726765860000000000,525.5,525.7,525.5,525.7,58,35044,35044
2024-09-20 01:12:00.000000000,1726765920000000000,525.7,525.9,525.7,525.9,50,35044,35046
2024-09-20 01:13:00.000000000,1726765980000000000,525.9,526.0,525.6,526.0,235,35046,35078
2024-09-20 01:14:00.000000000,1726766040000000000,526.0,526.0,525.6,525.9,226,35078,35121
2024-09-20 01:15:00.000000000,1726766100000000000,525.9,526.0,525.8,525.9,134,35121,35107
2024-09-20 01:16:00.000000000,1726766160000000000,525.9,526.0,525.7,525.7,95,35107,35136
2024-09-20 01:17:00.000000000,1726766220000000000,525.7,525.9,525.7,525.9,92,35136,35120
2024-09-20 01:18:00.000000000,1726766280000000000,525.9,525.9,525.0,525.1,512,35120,35068
2024-09-20 01:19:00.000000000,1726766340000000000,525.1,525.3,525.0,525.1,210,35068,35031
2024-09-20 01:20:00.000000000,1726766400000000000,525.1,525.3,524.9,525.1,271,35031,35024
2024-09-20 01:21:00.000000000,1726766460000000000,525.1,525.3,525.1,525.3,129,35024,35031
2024-09-20 01:22:00.000000000,1726766520000000000,525.3,525.3,525.1,525.3,55,35031,35012
2024-09-20 01:23:00.000000000,1726766580000000000,525.3,525.4,525.2,525.2,68,35012,35009
2024-09-20 01:24:00.000000000,1726766640000000000,525.2,525.3,525.1,525.3,64,35009,35022
2024-09-20 01:25:00.000000000,1726766700000000000,525.3,525.5,525.3,525.4,129,35022,35001
2024-09-20 01:26:00.000000000,1726766760000000000,525.4,525.6,525.3,525.5,131,35001,34978
2024-09-20 01:27:00.000000000,1726766820000000000,525.5,525.6,525.3,525.3,83,34978,34994
2024-09-20 01:28:00.000000000,1726766880000000000,525.3,525.4,525.2,525.2,89,34994,34970
2024-09-20 01:29:00.000000000,1726766940000000000,525.2,525.3,525.1,525.2,70,34970,34968
2024-09-20 01:30:00.000000000,1726767000000000000,525.2,525.4,525.2,525.3,48,34968,34960
2024-09-20 01:31:00.000000000,1726767060000000000,525.3,525.5,525.1,525.1,259,34960,34972
2024-09-20 01:32:00.000000000,1726767120000000000,525.1,525.2,525.0,525.1,103,34972,34995
2024-09-20 01:33:00.000000000,1726767180000000000,525.1,525.2,524.7,524.7,127,34995,34970
2024-09-20 01:34:00.000000000,1726767240000000000,524.7,524.9,524.5,524.7,407,34970,35020
2024-09-20 01:35:00.000000000,1726767300000000000,524.7,525.1,524.7,525.1,161,35020,35024
2024-09-20 01:36:00.000000000,1726767360000000000,525.1,525.4,525.0,525.3,154,35024,35004
2024-09-20 01:37:00.000000000,1726767420000000000,525.3,525.3,525.2,525.2,92,35004,35015
2024-09-20 01:38:00.000000000,1726767480000000000,525.2,525.2,525.0,525.2,82,35015,35012
2024-09-20 01:39:00.000000000,1726767540000000000,525.2,525.2,525.1,525.1,27,35012,35025
2024-09-20 01:40:00.000000000,1726767600000000000,525.1,525.3,525.1,525.2,37,35025,35010
2024-09-20 01:41:00.000000000,1726767660000000000,525.2,525.3,525.1,525.2,56,35010,35016
2024-09-20 01:42:00.000000000,1726767720000000000,525.2,525.2,525.1,525.2,39,35016,34999
2024-09-20 01:43:00.000000000,1726767780000000000,525.2,525.4,525.2,525.4,54,34999,34988
2024-09-20 01:44:00.000000000,1726767840000000000,525.4,525.6,525.3,525.4,138,34988,34970
2024-09-20 01:45:00.000000000,1726767900000000000,525.4,525.8,525.4,525.8,140,34970,34932
2024-09-20 01:46:00.000000000,1726767960000000000,525.8,525.8,525.7,525.7,80,34932,34920
2024-09-20 01:47:00.000000000,1726768020000000000,525.7,525.8,525.6,525.6,67,34920,34920
2024-09-20 01:48:00.000000000,1726768080000000000,525.6,525.7,525.5,525.7,48,34920,34914
2024-09-20 01:49:00.000000000,1726768140000000000,525.7,525.9,525.7,525.9,214,34914,34869
2024-09-20 01:50:00.000000000,1726768200000000000,525.9,526.0,525.6,525.8,158,34869,34808
2024-09-20 01:51:00.000000000,1726768260000000000,525.8,525.8,525.8,525.8,26,34808,34804
2024-09-20 01:52:00.000000000,1726768320000000000,525.8,525.9,525.7,525.7,97,34804,34822
2024-09-20 01:53:00.000000000,1726768380000000000,525.7,525.7,525.5,525.6,104,34822,34795
2024-09-20 01:54:00.000000000,1726768440000000000,525.6,525.6,525.3,525.4,172,34795,34804
2024-09-20 01:55:00.000000000,1726768500000000000,525.4,525.6,525.3,525.5,52,34804,34801
2024-09-20 01:56:00.000000000,1726768560000000000,525.5,525.7,525.4,525.5,70,34801,34773
2024-09-20 01:57:00.000000000,1726768620000000000,525.5,525.5,525.3,525.4,172,34773,34806
2024-09-20 01:58:00.000000000,1726768680000000000,525.4,525.4,525.3,525.3,83,34806,34842
2024-09-20 01:59:00.000000000,1726768740000000000,525.3,525.4,525.2,525.3,42,34842,34848
2024-09-20 02:00:00.000000000,1726768800000000000,525.3,525.3,524.8,524.8,244,34848,34848
2024-09-20 02:01:00.000000000,1726768860000000000,524.8,525.1,524.7,525.1,106,34848,34847
2024-09-20 02:02:00.000000000,1726768920000000000,525.1,525.1,525.1,525.1,19,34847,34839
2024-09-20 02:03:00.000000000,1726768980000000000,525.1,525.2,524.9,525.0,181,34839,34825
2024-09-20 02:04:00.000000000,1726769040000000000,525.0,525.1,524.8,525.0,75,34825,34794
2024-09-20 02:05:00.000000000,1726769100000000000,525.0,525.3,524.9,525.2,94,34794,34773
2024-09-20 02:06:00.000000000,1726769160000000000,525.2,525.5,525.2,525.5,63,34773,34754
2024-09-20 02:07:00.000000000,1726769220000000000,525.5,525.5,525.2,525.3,41,34754,34748
2024-09-20 02:08:00.000000000,1726769280000000000,525.3,525.6,525.2,525.5,58,34748,34743
2024-09-20 02:09:00.000000000,1726769340000000000,525.5,525.5,525.2,525.4,42,34743,34749
2024-09-20 02:10:00.000000000,1726769400000000000,525.4,525.4,525.2,525.3,48,34749,34752
2024-09-20 02:11:00.000000000,1726769460000000000,525.3,525.4,525.2,525.3,32,34752,34757
2024-09-20 02:12:00.000000000,1726769520000000000,525.3,525.4,524.8,524.9,128,34757,34748
2024-09-20 02:13:00.000000000,1726769580000000000,524.9,525.0,524.9,525.0,39,34748,34738
2024-09-20 02:14:00.000000000,1726769640000000000,525.0,525.0,524.8,525.0,125,34738,34701
2024-09-20 02:15:00.000000000,1726769700000000000,525.0,525.2,524.9,524.9,139,34701,34661
2024-09-20 02:16:00.000000000,1726769760000000000,524.9,525.1,524.7,525.1,188,34661,34619
2024-09-20 02:17:00.000000000,1726769820000000000,525.1,525.2,524.9,525.2,59,34619,34601
2024-09-20 02:18:00.000000000,1726769880000000000,525.2,525.3,525.2,525.2,44,34601,34603
2024-09-20 02:19:00.000000000,1726769940000000000,525.2,525.2,525.1,525.1,26,34603,34601
2024-09-20 02:20:00.000000000,1726770000000000000,525.1,525.3,525.1,525.2,25,34601,34607
2024-09-20 02:21:00.000000000,1726770060000000000,525.2,525.2,525.1,525.2,39,34607,34593
2024-09-20 02:22:00.000000000,1726770120000000000,525.2,525.3,525.1,525.3,18,34593,34587
2024-09-20 02:23:00.000000000,1726770180000000000,525.3,525.4,525.1,525.2,167,34587,34563
2024-09-20 02:24:00.000000000,1726770240000000000,525.2,525.3,525.1,525.1,34,34563,34574
2024-09-20 02:25:00.000000000,1726770300000000000,525.1,525.2,525.0,525.2,118,34574,34581
2024-09-20 02:26:00.000000000,1726770360000000000,525.2,525.4,525.2,525.2,87,34581,34535
2024-09-20 02:27:00.000000000,1726770420000000000,525.2,525.4,525.1,525.3,136,34535,34476
2024-09-20 02:28:00.000000000,1726770480000000000,525.3,525.5,525.2,525.3,294,34476,34404
2024-09-20 02:29:00.000000000,1726770540000000000,525.3,525.4,525.2,525.3,188,34404,34282
2024-09-20 09:00:00.000000000,1726794000000000000,524.4,524.4,523.4,523.6,1049,34282,34183
2024-09-20 09:01:00.000000000,1726794060000000000,523.6,523.7,523.3,523.7,613,34183,34069
2024-09-20 09:02:00.000000000,1726794120000000000,523.7,523.8,523.5,523.7,298,34069,33975
2024-09-20 09:03:00.000000000,1726794180000000000,523.7,523.8,523.4,523.4,303,33975,33975
2024-09-20 09:04:00.000000000,1726794240000000000,523.4,523.7,523.4,523.4,278,33975,33919
2024-09-20 09:05:00.000000000,1726794300000000000,523.4,523.7,523.4,523.6,243,33919,33901
2024-09-20 09:06:00.000000000,1726794360000000000,523.6,523.6,523.2,523.3,267,33901,33924
2024-09-20 09:07:00.000000000,1726794420000000000,523.3,523.8,523.3,523.7,235,33924,33912
2024-09-20 09:08:00.000000000,1726794480000000000,523.7,523.8,523.3,523.5,191,33912,33873
2024-09-20 09:09:00.000000000,1726794540000000000,523.5,523.6,523.3,523.6,220,33873,33883
2024-09-20 09:10:00.000000000,1726794600000000000,523.6,523.7,523.2,523.2,233,33883,33848
2024-09-20 09:11:00.000000000,1726794660000000000,523.2,523.3,523.0,523.1,298,33848,33860
2024-09-20 09:12:00.000000000,1726794720000000000,523.1,523.3,523.0,523.2,219,33860,33818
2024-09-20 09:13:00.000000000,1726794780000000000,523.2,523.3,523.1,523.2,128,33818,33828
2024-09-20 09:14:00.000000000,1726794840000000000,523.2,523.4,523.1,523.2,220,33828,33859
2024-09-20 09:15:00.000000000,1726794900000000000,523.2,523.3,523.0,523.1,200,33859,33896
2024-09-20 09:16:00.000000000,1726794960000000000,523.1,523.4,523.0,523.3,281,33896,33924
2024-09-20 09:17:00.000000000,1726795020000000000,523.3,523.6,523.3,523.4,118,33924,33901
2024-09-20 09:18:00.000000000,1726795080000000000,523.4,523.7,523.4,523.6,90,33901,33903
2024-09-20 09:19:00.000000000,1726795140000000000,523.6,523.6,523.3,523.3,194,33903,33843
2024-09-20 09:20:00.000000000,1726795200000000000,523.3,523.6,523.3,523.6,138,33843,33845
2024-09-20 09:21:00.000000000,1726795260000000000,523.6,523.7,523.5,523.7,98,33845,33843
2024-09-20 09:22:00.000000000,1726795320000000000,523.7,523.9,523.4,523.9,127,33843,33849
2024-09-20 09:23:00.000000000,1726795380000000000,523.9,523.9,523.7,523.7,104,33849,33846
2024-09-20 09:24:00.000000000,1726795440000000000,523.7,523.8,523.5,523.6,92,33846,33824
2024-09-20 09:25:00.000000000,1726795500000000000,523.6,523.8,523.5,523.8,69,33824,33834
2024-09-20 09:26:00.000000000,1726795560000000000,523.8,523.8,523.6,523.6,51,33834,33826
2024-09-20 09:27:00.000000000,1726795620000000000,523.6,523.7,523.4,523.6,66,33826,33810
2024-09-20 09:28:00.000000000,1726795680000000000,523.6,523.9,523.6,523.6,81,33810,33798
2024-09-20 09:29:00.000000000,1726795740000000000,523.6,523.8,523.5,523.7,72,33798,33774
2024-09-20 09:30:00.000000000,1726795800000000000,523.7,523.8,523.4,523.5,77,33774,33761
2024-09-20 09:31:00.000000000,1726795860000000000,523.5,523.5,523.0,523.1,275,33761,33733
2024-09-20 09:32:00.000000000,1726795920000000000,523.1,523.3,522.9,523.3,134,33733,33737
2024-09-20 09:33:00.000000000,1726795980000000000,523.3,523.7,523.2,523.6,141,33737,33741
2024-09-20 09:34:00.000000000,1726796040000000000,523.6,523.6,523.3,523.3,139,33741,33739
2024-09-20 09:35:00.000000000,1726796100000000000,523.3,523.4,523.2,523.2,42,33739,33745
2024-09-20 09:36:00.000000000,1726796160000000000,523.2,523.4,523.2,523.4,109,33745,33727
2024-09-20 09:37:00.000000000,1726796220000000000,523.4,523.4,522.8,522.8,300,33727,33798
2024-09-20 09:38:00.000000000,1726796280000000000,522.8,522.8,522.4,522.6,434,33798,33797
2024-09-20 09:39:00.000000000,1726796340000000000,522.6,522.7,522.4,522.7,172,33797,33781
2024-09-20 09:40:00.000000000,1726796400000000000,522.7,522.8,522.5,522.7,133,33781,33745
2024-09-20 09:41:00.000000000,1726796460000000000,522.7,522.9,522.7,522.8,91,33745,33725
2024-09-20 09:42:00.000000000,1726796520000000000,522.8,522.9,522.7,522.7,60,33725,33728
2024-09-20 09:43:00.000000000,1726796580000000000,522.7,522.8,522.6,522.7,55,33728,33721
2024-09-20 09:44:00.000000000,1726796640000000000,522.7,522.8,522.6,522.6,63,33721,33729
2024-09-20 09:45:00.000000000,1726796700000000000,522.6,523.2,522.5,523.1,265,33729,33704
2024-09-20 09:46:00.000000000,1726796760000000000,523.1,523.7,523.1,523.7,186,33704,33667
2024-09-20 09:47:00.000000000,1726796820000000000,523.7,523.7,523.4,523.5,177,33667,33605
2024-09-20 09:48:00.000000000,1726796880000000000,523.5,523.6,523.2,523.3,136,33605,33633
2024-09-20 09:49:00.000000000,1726796940000000000,523.3,523.4,523.0,523.0,120,33633,33637
2024-09-20 09:50:00.000000000,1726797000000000000,523.0,523.0,522.7,523.0,105,33637,33624
2024-09-20 09:51:00.000000000,1726797060000000000,523.0,523.0,522.8,523.0,65,33624,33629
2024-09-20 09:52:00.000000000,1726797120000000000,523.0,523.0,522.9,523.0,39,33629,33626
2024-09-20 09:53:00.000000000,1726797180000000000,523.0,523.4,523.0,523.3,81,33626,33624
2024-09-20 09:54:00.000000000,1726797240000000000,523.3,523.4,523.1,523.2,63,33624,33632
2024-09-20 09:55:00.000000000,1726797300000000000,523.2,523.3,523.1,523.2,72,33632,33641
2024-09-20 09:56:00.000000000,1726797360000000000,523.2,523.4,523.1,523.1,81,33641,33629
2024-09-20 09:57:00.000000000,1726797420000000000,523.1,523.4,523.0,523.2,246,33629,33582
2024-09-20 09:58:00.000000000,1726797480000000000,523.2,523.4,523.1,523.3,115,33582,33559
2024-09-20 09:59:00.000000000,1726797540000000000,523.3,523.3,522.8,523.0,272,33559,33556
2024-09-20 10:00:00.000000000,1726797600000000000,523.0,523.0,522.7,522.8,168,33556,33547
2024-09-20 10:01:00.000000000,1726797660000000000,522.8,523.0,522.8,522.8,72,33547,33549
2024-09-20 10:02:00.000000000,1726797720000000000,522.8,522.8,522.2,522.2,369,33549,33580
2024-09-20 10:03:00.000000000,1726797780000000000,522.2,522.5,522.2,522.2,264,33580,33527
2024-09-20 10:04:00.000000000,1726797840000000000,522.2,522.2,521.9,522.0,624,33527,33676
2024-09-20 10:05:00.000000000,1726797900000000000,522.0,522.4,522.0,522.4,149,33676,33684
2024-09-20 10:06:00.000000000,1726797960000000000,522.4,522.5,522.3,522.5,117,33684,33706
2024-09-20 10:07:00.000000000,1726798020000000000,522.5,522.6,522.4,522.6,103,33706,33686
2024-09-20 10:08:00.000000000,1726798080000000000,522.6,522.9,522.5,522.9,108,33686,33686
2024-09-20 10:09:00.000000000,1726798140000000000,522.9,523.2,522.8,522.8,204,33686,33662
2024-09-20 10:10:00.000000000,1726798200000000000,522.8,522.9,522.7,522.9,52,33662,33668
2024-09-20 10:11:00.000000000,1726798260000000000,522.9,523.0,522.8,522.9,58,33668,33671
2024-09-20 10:12:00.000000000,1726798320000000000,522.9,523.0,522.7,522.8,60,33671,33651
2024-09-20 10:13:00.000000000,1726798380000000000,522.8,523.0,522.6,523.0,77,33651,33664
2024-09-20 10:14:00.000000000,1726798440000000000,523.0,523.1,522.8,523.0,145,33664,33596
2024-09-20 10:30:00.000000000,1726799400000000000,523.0,523.6,523.0,523.5,238,33596,33597
2024-09-20 10:31:00.000000000,1726799460000000000,523.5,523.6,523.3,523.4,132,33597,33607
2024-09-20 10:32:00.000000000,1726799520000000000,523.4,523.5,523.3,523.5,77,33607,33607
2024-09-20 10:33:00.000000000,1726799580000000000,523.5,523.9,523.5,523.8,183,33607,33610
2024-09-20 10:34:00.000000000,1726799640000000000,523.8,524.3,523.7,524.2,272,33610,33562
2024-09-20 10:35:00.000000000,1726799700000000000,524.2,524.2,523.9,524.0,253,33562,33490
2024-09-20 10:36:00.000000000,1726799760000000000,524.0,524.2,523.9,523.9,244,33490,33447
2024-09-20 10:37:00.000000000,1726799820000000000,523.9,524.0,523.8,524.0,51,33447,33465
2024-09-20 10:38:00.000000000,1726799880000000000,524.0,524.0,523.8,523.9,56,33465,33475
2024-09-20 10:39:00.000000000,1726799940000000000,523.9,523.9,523.6,523.6,69,33475,33462
2024-09-20 10:40:00.000000000,1726800000000000000,523.6,523.7,523.6,523.6,62,33462,33460
2024-09-20 10:41:00.000000000,1726800060000000000,523.6,523.8,523.4,523.6,95,33460,33468
2024-09-20 10:42:00.000000000,1726800120000000000,523.6,523.6,523.5,523.5,70,33468,33489
2024-09-20 10:43:00.000000000,1726800180000000000,523.5,523.8,523.4,523.8,67,33489,33509
2024-09-20 10:44:00.000000000,1726800240000000000,523.8,524.1,523.8,523.9,115,33509,33483
2024-09-20 10:45:00.000000000,1726800300000000000,523.9,523.9,523.6,523.7,54,33483,33478
2024-09-20 10:46:00.000000000,1726800360000000000,523.7,523.9,523.5,523.9,91,33478,33445
2024-09-20 10:47:00.000000000,1726800420000000000,523.9,524.2,523.9,524.1,86,33445,33446
2024-09-20 10:48:00.000000000,1726800480000000000,524.1,524.2,523.9,524.0,102,33446,33426
2024-09-20 10:49:00.000000000,1726800540000000000,524.0,524.3,524.0,524.3,96,33426,33402
2024-09-20 10:50:00.000000000,1726800600000000000,524.3,524.3,524.1,524.1,34,33402,33401
2024-09-20 10:51:00.000000000,1726800660000000000,524.1,524.1,523.7,523.7,117,33401,33383
2024-09-20 10:52:00.000000000,1726800720000000000,523.7,523.9,523.6,523.9,84,33383,33359
2024-09-20 10:53:00.000000000,1726800780000000000,523.9,524.2,523.9,523.9,96,33359,33371
2024-09-20 10:54:00.000000000,1726800840000000000,523.9,524.2,523.8,523.9,170,33371,33356
2024-09-20 10:55:00.000000000,1726800900000000000,523.9,524.0,523.7,523.9,104,33356,33347
2024-09-20 10:56:00.000000000,1726800960000000000,523.9,524.0,523.8,523.8,59,33347,33322
2024-09-20 10:57:00.000000000,1726801020000000000,523.8,523.8,523.6,523.6,120,33322,33293
2024-09-20 10:58:00.000000000,1726801080000000000,523.6,523.9,523.6,523.9,59,33293,33307
2024-09-20 10:59:00.000000000,1726801140000000000,523.9,524.0,523.8,523.9,56,33307,33297
2024-09-20 11:00:00.000000000,1726801200000000000,523.9,524.1,523.8,524.1,88,33297,33293
2024-09-20 11:01:00.000000000,1726801260000000000,524.1,524.6,524.1,524.6,279,33293,33300
2024-09-20 11:02:00.000000000,1726801320000000000,524.6,524.7,524.4,524.7,312,33300,33293
2024-09-20 11:03:00.000000000,1726801380000000000,524.7,525.1,524.7,525.1,340,33293,33376
2024-09-20 11:04:00.000000000,1726801440000000000,525.1,525.1,524.7,525.0,268,33376,33397
2024-09-20 11:05:00.000000000,1726801500000000000,525.0,525.1,524.6,524.6,300,33397,33368
2024-09-20 11:06:00.000000000,1726801560000000000,524.6,524.6,524.1,524.1,195,33368,33341
2024-09-20 11:07:00.000000000,1726801620000000000,524.1,524.1,523.9,524.0,260,33341,33337
2024-09-20 11:08:00.000000000,1726801680000000000,524.0,524.4,524.0,524.3,270,33337,33282
2024-09-20 11:09:00.000000000,1726801740000000000,524.3,524.4,524.3,524.3,98,33282,33275
2024-09-20 11:10:00.000000000,1726801800000000000,524.3,524.6,524.3,524.6,58,33275,33277
2024-09-20 11:11:00.000000000,1726801860000000000,524.6,524.7,524.5,524.6,70,33277,33285
2024-09-20 11:12:00.000000000,1726801920000000000,524.6,524.7,524.4,524.4,94,33285,33298
2024-09-20 11:13:00.000000000,1726801980000000000,524.4,524.5,524.3,524.3,51,33298,33283
2024-09-20 11:14:00.000000000,1726802040000000000,524.3,524.5,524.3,524.4,35,33283,33281
2024-09-20 11:15:00.000000000,1726802100000000000,524.4,524.8,524.4,524.4,83,33281,33282
2024-09-20 11:16:00.000000000,1726802160000000000,524.4,524.9,524.4,524.7,128,33282,33277
2024-09-20 11:17:00.000000000,1726802220000000000,524.7,524.9,524.7,524.8,104,33277,33255
2024-09-20 11:18:00.000000000,1726802280000000000,524.8,524.9,524.6,524.8,71,33255,33251
2024-09-20 11:19:00.000000000,1726802340000000000,524.8,525.0,524.7,524.9,90,33251,33230
2024-09-20 11:20:00.000000000,1726802400000000000,524.9,525.0,524.9,525.0,61,33230,33208
2024-09-20 11:21:00.000000000,1726802460000000000,525.0,525.0,524.7,524.8,54,33208,33206
2024-09-20 11:22:00.000000000,1726802520000000000,524.8,524.9,524.6,524.6,114,33206,33213
2024-09-20 11:23:00.000000000,1726802580000000000,524.6,524.7,524.4,524.5,121,33213,33226
2024-09-20 11:24:00.000000000,1726802640000000000,524.5,524.5,524.3,524.4,43,33226,33204
2024-09-20 11:25:00.000000000,1726802700000000000,524.4,524.5,524.3,524.4,33,33204,33195
2024-09-20 11:26:00.000000000,1726802760000000000,524.4,524.6,524.4,524.5,36,33195,33182
2024-09-20 11:27:00.000000000,1726802820000000000,524.5,524.6,524.3,524.4,30,33182,33170
2024-09-20 11:28:00.000000000,1726802880000000000,524.4,524.4,524.0,524.0,86,33170,33129
2024-09-20 11:29:00.000000000,1726802940000000000,524.0,524.2,523.7,523.7,213,33129,33092
2024-09-20 13:30:00.000000000,1726810200000000000,523.2,523.2,522.3,522.5,782,33092,33037
2024-09-20 13:31:00.000000000,1726810260000000000,522.5,522.6,522.3,522.6,333,33037,33045
2024-09-20 13:32:00.000000000,1726810320000000000,522.6,522.6,522.2,522.2,159,33045,33064
2024-09-20 13:33:00.000000000,1726810380000000000,522.2,522.4,522.1,522.2,352,33064,33061
2024-09-20 13:34:00.000000000,1726810440000000000,522.2,522.3,522.1,522.1,117,33061,33060
2024-09-20 13:35:00.000000000,1726810500000000000,522.1,522.4,522.1,522.4,130,33060,33084
2024-09-20 13:36:00.000000000,1726810560000000000,522.4,522.4,522.1,522.2,120,33084,33097
2024-09-20 13:37:00.000000000,1726810620000000000,522.2,522.2,522.0,522.0,95,33097,33077
2024-09-20 13:38:00.000000000,1726810680000000000,522.0,522.4,522.0,522.3,111,33077,33099
2024-09-20 13:39:00.000000000,1726810740000000000,522.3,522.4,521.6,521.7,460,33099,33100
2024-09-20 13:40:00.000000000,1726810800000000000,521.7,521.7,521.5,521.7,320,33100,33057
2024-09-20 13:41:00.000000000,1726810860000000000,521.7,521.8,521.5,521.8,165,33057,33097
2024-09-20 13:42:00.000000000,1726810920000000000,521.8,522.0,521.7,521.9,165,33097,33096
2024-09-20 13:43:00.000000000,1726810980000000000,521.9,522.0,521.6,521.7,243,33096,33041
2024-09-20 13:44:00.000000000,1726811040000000000,521.7,521.9,521.6,521.9,82,33041,33039
2024-09-20 13:45:00.000000000,1726811100000000000,521.9,522.1,521.7,521.9,95,33039,33037
2024-09-20 13:46:00.000000000,1726811160000000000,521.9,522.1,521.9,521.9,95,33037,33036
2024-09-20 13:47:00.000000000,1726811220000000000,521.9,522.2,521.9,522.0,79,33036,33040
2024-09-20 13:48:00.000000000,1726811280000000000,522.0,522.1,521.9,522.0,52,33040,33043
2024-09-20 13:49:00.000000000,1726811340000000000,522.0,522.0,521.5,521.5,319,33043,33076
2024-09-20 13:50:00.000000000,1726811400000000000,521.5,521.8,521.5,521.6,274,33076,33056
2024-09-20 13:51:00.000000000,1726811460000000000,521.6,521.8,521.5,521.7,288,33056,33073
2024-09-20 13:52:00.000000000,1726811520000000000,521.7,522.0,521.7,521.8,119,33073,33078
2024-09-20 13:53:00.000000000,1726811580000000000,521.8,521.9,521.7,521.8,57,33078,33087
2024-09-20 13:54:00.000000000,1726811640000000000,521.8,522.1,521.8,521.9,122,33087,33106
2024-09-20 13:55:00.000000000,1726811700000000000,521.9,522.1,521.9,522.1,70,33106,33109
2024-09-20 13:56:00.000000000,1726811760000000000,522.1,522.4,522.0,522.2,148,33109,33073
2024-09-20 13:57:00.000000000,1726811820000000000,522.2,522.2,521.8,521.8,96,33073,33097
2024-09-20 13:58:00.000000000,1726811880000000000,521.8,522.1,521.8,521.9,66,33097,33103
2024-09-20 13:59:00.000000000,1726811940000000000,521.9,521.9,521.9,521.9,34,33103,33094
2024-09-20 14:00:00.000000000,1726812000000000000,521.9,522.2,521.8,522.2,83,33094,33093
2024-09-20 14:01:00.000000000,1726812060000000000,522.2,522.7,522.1,522.4,221,33093,33015
2024-09-20 14:02:00.000000000,1726812120000000000,522.4,522.6,522.4,522.4,112,33015,32995
2024-09-20 14:03:00.000000000,1726812180000000000,522.4,522.4,522.2,522.3,103,32995,33000
2024-09-20 14:04:00.000000000,1726812240000000000,522.3,522.6,522.2,522.6,107,33000,33023
2024-09-20 14:05:00.000000000,1726812300000000000,522.6,522.7,522.5,522.5,115,33023,33002
2024-09-20 14:06:00.000000000,1726812360000000000,522.5,522.9,522.5,522.6,130,33002,33014
2024-09-20 14:07:00.000000000,1726812420000000000,522.6,522.8,522.6,522.8,92,33014,33040
2024-09-20 14:08:00.000000000,1726812480000000000,522.8,522.9,522.7,522.9,80,33040,33055
2024-09-20 14:09:00.000000000,1726812540000000000,522.9,523.0,522.8,523.0,95,33055,33057
2024-09-20 14:10:00.000000000,1726812600000000000,523.0,523.0,522.6,522.7,107,33057,33057
2024-09-20 14:11:00.000000000,1726812660000000000,522.7,522.8,522.5,522.6,110,33057,33058
2024-09-20 14:12:00.000000000,1726812720000000000,522.6,523.2,522.6,522.6,259,33058,33029
2024-09-20 14:13:00.000000000,1726812780000000000,522.6,523.0,522.5,522.9,153,33029,33046
2024-09-20 14:14:00.000000000,1726812840000000000,522.9,523.1,522.9,522.9,105,33046,33056
2024-09-20 14:15:00.000000000,1726812900000000000,522.9,522.9,522.7,522.8,105,33056,33089
2024-09-20 14:16:00.000000000,1726812960000000000,522.8,522.8,522.4,522.4,111,33089,33091
2024-09-20 14:17:00.000000000,1726813020000000000,522.4,522.7,522.3,522.7,96,33091,33092
2024-09-20 14:18:00.000000000,1726813080000000000,522.7,523.2,522.6,523.1,170,33092,33111
2024-09-20 14:19:00.000000000,1726813140000000000,523.1,523.7,523.1,523.4,619,33111,33265
2024-09-20 14:20:00.000000000,1726813200000000000,523.4,523.6,523.4,523.5,115,33265,33252
2024-09-20 14:21:00.000000000,1726813260000000000,523.5,523.5,523.4,523.5,81,33252,33237
2024-09-20 14:22:00.000000000,1726813320000000000,523.5,523.7,523.4,523.7,88,33237,33236
2024-09-20 14:23:00.000000000,1726813380000000000,523.7,523.8,523.6,523.7,139,33236,33230
2024-09-20 14:24:00.000000000,1726813440000000000,523.7,523.9,523.7,523.8,97,33230,33216
2024-09-20 14:25:00.000000000,1726813500000000000,523.8,524.0,523.8,523.8,123,33216,33238
2024-09-20 14:26:00.000000000,1726813560000000000,523.8,523.8,523.6,523.6,93,33238,33236
2024-09-20 14:27:00.000000000,1726813620000000000,523.6,523.8,523.5,523.7,165,33236,33202
2024-09-20 14:28:00.000000000,1726813680000000000,523.7,523.8,523.6,523.6,149,33202,33159
2024-09-20 14:29:00.000000000,1726813740000000000,523.6,523.6,523.4,523.4,99,33159,33126
2024-09-20 14:30:00.000000000,1726813800000000000,523.4,523.4,523.0,523.0,239,33126,33105
2024-09-20 14:31:00.000000000,1726813860000000000,523.0,523.3,523.0,523.1,93,33105,33098
2024-09-20 14:32:00.000000000,1726813920000000000,523.1,523.2,522.9,522.9,71,33098,33094
2024-09-20 14:33:00.000000000,1726813980000000000,522.9,523.0,522.8,522.8,87,33094,33098
2024-09-20 14:34:00.000000000,1726814040000000000,522.8,523.0,522.8,522.9,74,33098,33086
2024-09-20 14:35:00.000000000,1726814100000000000,522.9,522.9,522.7,522.7,54,33086,33102
2024-09-20 14:36:00.000000000,1726814160000000000,522.7,523.0,522.7,522.8,57,33102,33100
2024-09-20 14:37:00.000000000,1726814220000000000,522.8,523.1,522.8,522.9,64,33100,33105
2024-09-20 14:38:00.000000000,1726814280000000000,522.9,523.2,522.8,523.1,99,33105,33091
2024-09-20 14:39:00.000000000,1726814340000000000,523.1,523.2,523.0,523.0,54,33091,33104
2024-09-20 14:40:00.000000000,1726814400000000000,523.0,523.2,523.0,523.2,65,33104,33107
2024-09-20 14:41:00.000000000,1726814460000000000,523.2,523.2,523.1,523.1,67,33107,33109
2024-09-20 14:42:00.000000000,1726814520000000000,523.1,523.1,523.0,523.1,69,33109,33106
2024-09-20 14:43:00.000000000,1726814580000000000,523.1,523.4,523.1,523.3,111,33106,33096
2024-09-20 14:44:00.000000000,1726814640000000000,523.3,523.6,523.3,523.5,84,33096,33074
2024-09-20 14:45:00.000000000,1726814700000000000,523.5,523.6,523.2,523.2,71,33074,33058
2024-09-20 14:46:00.000000000,1726814760000000000,523.2,523.2,522.8,522.8,152,33058,33021
2024-09-20 14:47:00.000000000,1726814820000000000,522.8,523.0,522.7,522.9,109,33021,33022
2024-09-20 14:48:00.000000000,1726814880000000000,522.9,523.0,522.7,523.0,153,33022,32999
2024-09-20 14:49:00.000000000,1726814940000000000,523.0,523.1,522.8,522.9,160,32999,32977
2024-09-20 14:50:00.000000000,1726815000000000000,522.9,522.9,522.5,522.8,263,32977,32944
2024-09-20 14:51:00.000000000,1726815060000000000,522.8,523.2,522.7,523.0,94,32944,32945
2024-09-20 14:52:00.000000000,1726815120000000000,523.0,523.2,523.0,523.0,79,32945,32921
2024-09-20 14:53:00.000000000,1726815180000000000,523.0,523.4,522.9,523.4,128,32921,32910
2024-09-20 14:54:00.000000000,1726815240000000000,523.4,523.4,523.1,523.2,110,32910,32877
2024-09-20 14:55:00.000000000,1726815300000000000,523.2,523.2,522.9,523.0,142,32877,32848
2024-09-20 14:56:00.000000000,1726815360000000000,523.0,523.1,522.7,522.7,136,32848,32834
2024-09-20 14:57:00.000000000,1726815420000000000,522.7,523.0,522.7,522.8,97,32834,32808
2024-09-20 14:58:00.000000000,1726815480000000000,522.8,522.9,522.7,522.8,303,32808,32785
2024-09-20 14:59:00.000000000,1726815540000000000,522.8,523.1,522.6,523.1,332,32785,32742
2024-09-20 21:00:00.000000000,1726837200000000000,520.9,521.8,520.7,521.1,1495,32742,32730
2024-09-20 21:01:00.000000000,1726837260000000000,521.1,521.1,520.0,520.4,1049,32730,32908
2024-09-20 21:02:00.000000000,1726837320000000000,520.4,520.4,519.8,520.2,803,32908,33033
2024-09-20 21:03:00.000000000,1726837380000000000,520.2,520.5,520.1,520.3,445,33033,33100
2024-09-20 21:04:00.000000000,1726837440000000000,520.3,520.5,519.9,520.4,630,33100,33332
2024-09-20 21:05:00.000000000,1726837500000000000,520.4,522.0,520.4,521.7,657,33332,33390
2024-09-20 21:06:00.000000000,1726837560000000000,521.7,521.7,521.1,521.3,419,33390,33428
2024-09-20 21:07:00.000000000,1726837620000000000,521.3,521.6,520.9,520.9,274,33428,33477
2024-09-20 21:08:00.000000000,1726837680000000000,520.9,521.2,520.8,521.1,393,33477,33545
2024-09-20 21:09:00.000000000,1726837740000000000,521.1,521.3,520.9,521.1,302,33545,33607
2024-09-20 21:10:00.000000000,1726837800000000000,521.1,521.4,521.0,521.0,262,33607,33614
2024-09-20 21:11:00.000000000,1726837860000000000,521.0,522.0,521.0,521.8,695,33614,33643
2024-09-20 21:12:00.000000000,1726837920000000000,521.8,522.0,521.4,521.9,347,33643,33645
2024-09-20 21:13:00.000000000,1726837980000000000,521.9,522.2,521.7,522.1,382,33645,33663
2024-09-20 21:14:00.000000000,1726838040000000000,522.1,522.1,521.5,521.6,252,33663,33680
2024-09-20 21:15:00.000000000,1726838100000000000,521.6,521.7,521.4,521.4,359,33680,33640
2024-09-20 21:16:00.000000000,1726838160000000000,521.4,521.9,521.2,521.3,290,33640,33623
2024-09-20 21:17:00.000000000,1726838220000000000,521.3,521.6,520.9,521.0,490,33623,33680
2024-09-20 21:18:00.000000000,1726838280000000000,521.0,521.0,520.6,520.8,379,33680,33699
2024-09-20 21:19:00.000000000,1726838340000000000,520.8,521.1,520.7,520.9,207,33699,33724
2024-09-20 21:20:00.000000000,1726838400000000000,520.9,521.5,520.9,521.3,246,33724,33727
2024-09-20 21:21:00.000000000,1726838460000000000,521.3,521.4,521.1,521.4,208,33727,33785
2024-09-20 21:22:00.000000000,1726838520000000000,521.4,521.5,521.0,521.0,244,33785,33816
2024-09-20 21:23:00.000000000,1726838580000000000,521.0,521.1,520.8,521.0,251,33816,33855
2024-09-20 21:24:00.000000000,1726838640000000000,521.0,521.0,520.7,520.8,175,33855,33874
2024-09-20 21:25:00.000000000,1726838700000000000,520.8,521.4,520.8,521.3,190,33874,33901
2024-09-20 21:26:00.000000000,1726838760000000000,521.3,521.4,520.9,520.9,149,33901,33950
2024-09-20 21:27:00.000000000,1726838820000000000,520.9,521.0,520.7,520.9,169,33950,33909
2024-09-20 21:28:00.000000000,1726838880000000000,520.9,521.1,520.9,521.0,109,33909,33922
2024-09-20 21:29:00.000000000,1726838940000000000,521.0,521.1,520.8,520.9,118,33922,33886
2024-09-20 21:30:00.000000000,1726839000000000000,520.9,520.9,520.3,520.5,611,33886,33961
2024-09-20 21:31:00.000000000,1726839060000000000,520.5,520.7,520.3,520.5,319,33961,34004
2024-09-20 21:32:00.000000000,1726839120000000000,520.5,521.0,520.5,520.9,276,34004,34071
2024-09-20 21:33:00.000000000,1726839180000000000,520.9,521.4,520.8,521.3,288,34071,34025
2024-09-20 21:34:00.000000000,1726839240000000000,521.3,521.3,520.0,520.0,714,34025,34104
2024-09-20 21:35:00.000000000,1726839300000000000,520.0,520.6,519.9,520.0,574,34104,34159
2024-09-20 21:36:00.000000000,1726839360000000000,520.0,520.6,519.9,520.2,451,34159,34184
2024-09-20 21:37:00.000000000,1726839420000000000,520.2,520.6,520.0,520.5,258,34184,34232
2024-09-20 21:38:00.000000000,1726839480000000000,520.5,520.6,520.2,520.5,178,34232,34262
2024-09-20 21:39:00.000000000,1726839540000000000,520.5,520.8,520.5,520.7,251,34262,34250
2024-09-20 21:40:00.000000000,1726839600000000000,520.7,520.8,520.5,520.7,191,34250,34281
2024-09-20 21:41:00.000000000,1726839660000000000,520.7,521.0,520.3,520.9,303,34281,34300
2024-09-20 21:42:00.000000000,1726839720000000000,520.9,521.5,520.8,521.5,591,34300,34280
2024-09-20 21:43:00.000000000,1726839780000000000,521.5,521.5,520.7,520.8,325,34280,34247
2024-09-20 21:44:00.000000000,1726839840000000000,520.8,520.8,520.1,520.4,442,34247,34228
2024-09-20 21:45:00.000000000,1726839900000000000,520.4,520.6,520.3,520.5,192,34228,34256
2024-09-20 21:46:00.000000000,1726839960000000000,520.5,520.7,520.4,520.6,95,34256,34271
2024-09-20 21:47:00.000000000,1726840020000000000,520.6,520.6,520.0,520.0,446,34271,34326
2024-09-20 21:48:00.000000000,1726840080000000000,520.0,520.2,519.6,520.2,543,34326,34357
2024-09-20 21:49:00.000000000,1726840140000000000,520.2,520.2,520.0,520.1,204,34357,34387
2024-09-20 21:50:00.000000000,1726840200000000000,520.1,520.4,519.9,520.3,313,34387,34395
2024-09-20 21:51:00.000000000,1726840260000000000,520.3,520.4,520.1,520.3,203,34395,34390
2024-09-20 21:52:00.000000000,1726840320000000000,520.3,520.4,520.1,520.3,103,34390,34407
2024-09-20 21:53:00.000000000,1726840380000000000,520.3,520.3,519.8,519.8,244,34407,34436
2024-09-20 21:54:00.000000000,1726840440000000000,519.8,519.9,519.7,519.8,233,34436,34458
2024-09-20 21:55:00.000000000,1726840500000000000,519.8,519.8,519.2,519.6,635,34458,34464
2024-09-20 21:56:00.000000000,1726840560000000000,519.6,520.0,519.4,519.5,264,34464,34522
2024-09-20 21:57:00.000000000,1726840620000000000,519.5,519.5,518.8,519.0,774,34522,34544
2024-09-20 21:58:00.000000000,1726840680000000000,519.0,519.2,518.4,518.9,634,34544,34637
2024-09-20 21:59:00.000000000,1726840740000000000,518.9,519.1,518.7,519.0,363,34637,34644
2024-09-20 22:00:00.000000000,1726840800000000000,519.0,519.0,518.8,518.8,290,34644,34690
2024-09-20 22:01:00.000000000,1726840860000000000,518.8,518.8,518.2,518.6,732,34690,34739
2024-09-20 22:02:00.000000000,1726840920000000000,518.6,519.3,518.4,519.2,552,34739,34751
2024-09-20 22:03:00.000000000,1726840980000000000,519.2,519.2,519.0,519.1,257,34751,34770
2024-09-20 22:04:00.000000000,1726841040000000000,519.1,519.5,519.1,519.3,274,34770,34761
2024-09-20 22:05:00.000000000,1726841100000000000,519.3,519.8,519.3,519.4,504,34761,34809
2024-09-20 22:06:00.000000000,1726841160000000000,519.4,519.8,519.3,519.7,227,34809,34777
2024-09-20 22:07:00.000000000,1726841220000000000,519.7,519.9,519.3,519.4,257,34777,34828
2024-09-20 22:08:00.000000000,1726841280000000000,519.4,519.8,519.4,519.6,154,34828,34829
2024-09-20 22:09:00.000000000,1726841340000000000,519.6,519.7,519.5,519.6,167,34829,34857
2024-09-20 22:10:00.000000000,1726841400000000000,519.6,520.2,519.6,520.0,530,34857,34910
2024-09-20 22:11:00.000000000,1726841460000000000,520.0,520.0,519.8,519.9,181,34910,34889
2024-09-20 22:12:00.000000000,1726841520000000000,519.9,519.9,519.6,519.6,168,34889,34867
2024-09-20 22:13:00.000000000,1726841580000000000,519.6,519.7,519.1,519.2,359,34867,34891
2024-09-20 22:14:00.000000000,1726841640000000000,519.2,519.4,519.1,519.1,147,34891,34896
2024-09-20 22:15:00.000000000,1726841700000000000,519.1,519.6,519.1,519.6,294,34896,34878
2024-09-20 22:16:00.000000000,1726841760000000000,519.6,519.9,519.5,519.8,252,34878,34951
2024-09-20 22:17:00.000000000,1726841820000000000,519.8,520.1,519.7,520.1,286,34951,34954
2024-09-20 22:18:00.000000000,1726841880000000000,520.1,520.1,519.8,519.9,221,34954,34978
2024-09-20 22:19:00.000000000,1726841940000000000,519.9,520.0,519.8,519.9,167,34978,34980
2024-09-20 22:20:00.000000000,1726842000000000000,519.9,520.0,519.6,519.9,197,34980,34988
2024-09-20 22:21:00.000000000,1726842060000000000,519.9,520.4,519.8,520.4,354,34988,34966
2024-09-20 22:22:00.000000000,1726842120000000000,520.4,521.1,520.3,521.0,1114,34966,35095
2024-09-20 22:23:00.000000000,1726842180000000000,521.0,521.1,520.6,520.7,288,35095,35094
2024-09-20 22:24:00.000000000,1726842240000000000,520.7,520.8,520.6,520.8,290,35094,35011
2024-09-20 22:25:00.000000000,1726842300000000000,520.8,520.8,520.4,520.7,243,35011,34933
2024-09-20 22:26:00.000000000,1726842360000000000,520.7,521.0,520.5,520.7,235,34933,34947
2024-09-20 22:27:00.000000000,1726842420000000000,520.7,520.9,520.5,520.8,160,34947,34961
2024-09-20 22:28:00.000000000,1726842480000000000,520.8,520.9,520.6,520.6,184,34961,34973
2024-09-20 22:29:00.000000000,1726842540000000000,520.6,520.8,520.4,520.8,213,34973,34983
2024-09-20 22:30:00.000000000,1726842600000000000,520.8,521.4,520.6,521.4,397,34983,35018
2024-09-20 22:31:00.000000000,1726842660000000000,521.4,521.5,521.2,521.3,348,35018,34999
2024-09-20 22:32:00.000000000,1726842720000000000,521.3,521.6,521.1,521.1,347,34999,34948
2024-09-20 22:33:00.000000000,1726842780000000000,521.1,521.2,520.9,521.1,236,34948,34954
2024-09-20 22:34:00.000000000,1726842840000000000,521.1,521.1,520.7,520.7,197,34954,34969
2024-09-20 22:35:00.000000000,1726842900000000000,520.7,521.0,520.6,520.8,197,34969,34973
2024-09-20 22:36:00.000000000,1726842960000000000,520.8,520.8,520.5,520.6,153,34973,34964
2024-09-20 22:37:00.000000000,1726843020000000000,520.6,520.6,520.2,520.2,325,34964,34991
2024-09-20 22:38:00.000000000,1726843080000000000,520.2,520.8,520.2,520.7,281,34991,35024
2024-09-20 22:39:00.000000000,1726843140000000000,520.7,521.1,520.7,520.9,205,35024,35045
2024-09-20 22:40:00.000000000,1726843200000000000,520.9,521.6,520.9,521.5,382,35045,35095
2024-09-20 22:41:00.000000000,1726843260000000000,521.5,521.8,521.3,521.6,451,35095,35125
2024-09-20 22:42:00.000000000,1726843320000000000,521.6,521.8,521.5,521.5,297,35125,35145
2024-09-20 22:43:00.000000000,1726843380000000000,521.5,521.5,521.3,521.3,181,35145,35114
2024-09-20 22:44:00.000000000,1726843440000000000,521.3,521.6,521.1,521.4,216,35114,35125
2024-09-20 22:45:00.000000000,1726843500000000000,521.4,521.7,521.4,521.7,207,35125,35120
2024-09-20 22:46:00.000000000,1726843560000000000,521.7,522.1,521.6,521.9,406,35120,35124
2024-09-20 22:47:00.000000000,1726843620000000000,521.9,521.9,521.4,521.5,282,35124,35105
2024-09-20 22:48:00.000000000,1726843680000000000,521.5,521.7,521.1,521.6,283,35105,35122
2024-09-20 22:49:00.000000000,1726843740000000000,521.6,521.8,521.5,521.5,136,35122,35144
2024-09-20 22:50:00.000000000,1726843800000000000,521.5,521.6,521.3,521.3,173,35144,35147
2024-09-20 22:51:00.000000000,1726843860000000000,521.3,521.3,521.0,521.1,287,35147,35172
2024-09-20 22:52:00.000000000,1726843920000000000,521.1,521.3,520.8,520.9,229,35172,35189
2024-09-20 22:53:00.000000000,1726843980000000000,520.9,521.2,520.9,521.0,302,35189,35297
2024-09-20 22:54:00.000000000,1726844040000000000,521.0,521.1,520.7,520.8,179,35297,35302
2024-09-20 22:55:00.000000000,1726844100000000000,520.8,521.3,520.7,521.1,239,35302,35355
2024-09-20 22:56:00.000000000,1726844160000000000,521.1,521.5,521.1,521.3,235,35355,35345
2024-09-20 22:57:00.000000000,1726844220000000000,521.3,521.8,521.2,521.6,227,35345,35353
2024-09-20 22:58:00.000000000,1726844280000000000,521.6,521.9,521.5,521.6,234,35353,35396
2024-09-20 22:59:00.000000000,1726844340000000000,521.6,521.7,521.2,521.2,253,35396,35488
2024-09-20 23:00:00.000000000,1726844400000000000,521.2,522.4,521.2,522.2,627,35488,35546
2024-09-20 23:01:00.000000000,1726844460000000000,522.2,522.6,522.2,522.3,913,35546,35539
2024-09-20 23:02:00.000000000,1726844520000000000,522.3,522.5,522.2,522.5,333,35539,35568
2024-09-20 23:03:00.000000000,1726844580000000000,522.5,522.5,522.0,522.3,385,35568,35599
2024-09-20 23:04:00.000000000,1726844640000000000,522.3,522.4,522.1,522.3,219,35599,35659
2024-09-20 23:05:00.000000000,1726844700000000000,522.3,523.4,522.3,523.2,960,35659,35716
2024-09-20 23:06:00.000000000,1726844760000000000,523.2,523.9,523.1,523.8,1159,35716,35929
2024-09-20 23:07:00.000000000,1726844820000000000,523.8,523.8,523.2,523.3,577,35929,35893
2024-09-20 23:08:00.000000000,1726844880000000000,523.3,523.5,523.1,523.3,321,35893,35955
2024-09-20 23:09:00.000000000,1726844940000000000,523.3,523.3,523.1,523.2,175,35955,35932
2024-09-20 23:10:00.000000000,1726845000000000000,523.2,523.5,523.2,523.5,314,35932,35975
2024-09-20 23:11:00.000000000,1726845060000000000,523.5,523.6,523.3,523.5,265,35975,36044
2024-09-20 23:12:00.000000000,1726845120000000000,523.5,523.8,523.4,523.7,479,36044,36130
2024-09-20 23:13:00.000000000,1726845180000000000,523.7,523.8,523.5,523.7,233,36130,36153
2024-09-20 23:14:00.000000000,1726845240000000000,523.7,523.8,523.6,523.8,271,36153,36186
2024-09-20 23:15:00.000000000,1726845300000000000,523.8,524.6,523.7,524.5,1146,36186,36360
2024-09-20 23:16:00.000000000,1726845360000000000,524.5,524.6,523.8,523.9,622,36360,36404
2024-09-20 23:17:00.000000000,1726845420000000000,523.9,524.0,523.5,523.6,515,36404,36384
2024-09-20 23:18:00.000000000,1726845480000000000,523.6,523.7,523.3,523.4,476,36384,36372
2024-09-20 23:19:00.000000000,1726845540000000000,523.4,523.6,523.1,523.3,507,36372,36319
2024-09-20 23:20:00.000000000,1726845600000000000,523.3,523.4,522.9,523.1,385,36319,36287
2024-09-20 23:21:00.000000000,1726845660000000000,523.1,523.3,523.1,523.2,171,36287,36305
2024-09-20 23:22:00.000000000,1726845720000000000,523.2,523.5,523.2,523.4,305,36305,36301
2024-09-20 23:23:00.000000000,1726845780000000000,523.4,523.6,523.3,523.6,281,36301,36326
2024-09-20 23:24:00.000000000,1726845840000000000,523.6,523.8,523.3,523.3,240,36326,36344
2024-09-20 23:25:00.000000000,1726845900000000000,523.3,523.4,522.5,522.6,854,36344,36181
2024-09-20 23:26:00.000000000,1726845960000000000,522.6,522.8,522.5,522.7,422,36181,36143
2024-09-20 23:27:00.000000000,1726846020000000000,522.7,522.7,522.1,522.3,806,36143,36074
2024-09-20 23:28:00.000000000,1726846080000000000,522.3,522.7,522.2,522.3,446,36074,36092
2024-09-20 23:29:00.000000000,1726846140000000000,522.3,522.7,522.2,522.6,372,36092,36134
2024-09-20 23:30:00.000000000,1726846200000000000,522.6,522.9,522.4,522.7,442,36134,36211
2024-09-20 23:31:00.000000000,1726846260000000000,522.7,522.9,522.0,522.1,495,36211,36182
2024-09-20 23:32:00.000000000,1726846320000000000,522.1,522.1,520.7,520.8,1401,36182,35909
2024-09-20 23:33:00.000000000,1726846380000000000,520.8,521.0,520.4,521.0,857,35909,35785
2024-09-20 23:34:00.000000000,1726846440000000000,521.0,521.3,520.9,521.2,506,35785,35751
2024-09-20 23:35:00.000000000,1726846500000000000,521.2,521.7,521.0,521.4,512,35751,35793
2024-09-20 23:36:00.000000000,1726846560000000000,521.4,521.5,521.1,521.3,248,35793,35803
2024-09-20 23:37:00.000000000,1726846620000000000,521.3,521.7,521.1,521.6,334,35803,35791
2024-09-20 23:38:00.000000000,1726846680000000000,521.6,521.8,521.2,521.4,366,35791,35813
2024-09-20 23:39:00.000000000,1726846740000000000,521.4,521.5,521.1,521.2,261,35813,35834
2024-09-20 23:40:00.000000000,1726846800000000000,521.2,521.4,520.8,521.3,342,35834,35827
2024-09-20 23:41:00.000000000,1726846860000000000,521.3,521.4,521.2,521.2,173,35827,35857
2024-09-20 23:42:00.000000000,1726846920000000000,521.2,521.6,521.2,521.5,231,35857,35845
2024-09-20 23:43:00.000000000,1726846980000000000,521.5,521.8,521.4,521.6,358,35845,35848
2024-09-20 23:44:00.000000000,1726847040000000000,521.6,522.2,521.6,521.8,579,35848,35787
2024-09-20 23:45:00.000000000,1726847100000000000,521.8,522.0,521.4,521.5,282,35787,35773
2024-09-20 23:46:00.000000000,1726847160000000000,521.5,521.9,521.5,521.9,210,35773,35752
2024-09-20 23:47:00.000000000,1726847220000000000,521.9,522.1,521.8,521.9,269,35752,35748
2024-09-20 23:48:00.000000000,1726847280000000000,521.9,521.9,521.4,521.6,234,35748,35752
2024-09-20 23:49:00.000000000,1726847340000000000,521.6,521.6,521.3,521.4,207,35752,35766
2024-09-20 23:50:00.000000000,1726847400000000000,521.4,521.4,521.2,521.4,164,35766,35791
2024-09-20 23:51:00.000000000,1726847460000000000,521.4,521.6,521.1,521.2,197,35791,35768
2024-09-20 23:52:00.000000000,1726847520000000000,521.2,521.4,521.0,521.0,217,35768,35768
2024-09-20 23:53:00.000000000,1726847580000000000,521.0,521.3,520.9,521.1,290,35768,35782
2024-09-20 23:54:00.000000000,1726847640000000000,521.1,521.5,521.1,521.5,152,35782,35776
2024-09-20 23:55:00.000000000,1726847700000000000,521.5,521.7,521.4,521.7,216,35776,35758
2024-09-20 23:56:00.000000000,1726847760000000000,521.7,521.7,521.2,521.6,183,35758,35771
2024-09-20 23:57:00.000000000,1726847820000000000,521.6,521.6,521.1,521.1,127,35771,35772
2024-09-20 23:58:00.000000000,1726847880000000000,521.1,521.5,521.1,521.3,111,35772,35782
2024-09-20 23:59:00.000000000,1726847940000000000,521.3,521.6,521.1,521.5,115,35782,35753
2024-09-21 00:00:00.000000000,1726848000000000000,521.5,522.4,521.5,522.2,561,35753,35734
2024-09-21 00:01:00.000000000,1726848060000000000,522.2,522.2,521.9,522.0,217,35734,35724
2024-09-21 00:02:00.000000000,1726848120000000000,522.0,522.0,521.6,521.6,168,35724,35744
2024-09-21 00:03:00.000000000,1726848180000000000,521.6,521.6,521.1,521.1,294,35744,35740
2024-09-21 00:04:00.000000000,1726848240000000000,521.1,521.3,521.1,521.1,173,35740,35757
2024-09-21 00:05:00.000000000,1726848300000000000,521.1,521.3,520.9,521.2,248,35757,35748
2024-09-21 00:06:00.000000000,1726848360000000000,521.2,521.4,520.8,521.1,264,35748,35771
2024-09-21 00:07:00.000000000,1726848420000000000,521.1,521.3,521.0,521.2,113,35771,35784
2024-09-21 00:08:00.000000000,1726848480000000000,521.2,521.6,521.1,521.5,164,35784,35734
2024-09-21 00:09:00.000000000,1726848540000000000,521.5,522.0,521.4,521.7,289,35734,35660
2024-09-21 00:10:00.000000000,1726848600000000000,521.7,521.9,521.6,521.8,145,35660,35641
2024-09-21 00:11:00.000000000,1726848660000000000,521.8,521.9,521.7,521.8,117,35641,35645
2024-09-21 00:12:00.000000000,1726848720000000000,521.8,521.9,521.6,521.7,107,35645,35645
2024-09-21 00:13:00.000000000,1726848780000000000,521.7,521.9,521.7,521.8,83,35645,35660
2024-09-21 00:14:00.000000000,1726848840000000000,521.8,522.2,521.7,522.0,275,35660,35674
2024-09-21 00:15:00.000000000,1726848900000000000,522.0,522.1,521.9,522.1,64,35674,35674
2024-09-21 00:16:00.000000000,1726848960000000000,522.1,522.3,522.0,522.3,201,35674,35668
2024-09-21 00:17:00.000000000,1726849020000000000,522.3,522.3,521.9,522.1,135,35668,35679
2024-09-21 00:18:00.000000000,1726849080000000000,522.1,522.2,522.0,522.1,149,35679,35655
2024-09-21 00:19:00.000000000,1726849140000000000,522.1,522.3,522.0,522.2,87,35655,35665
2024-09-21 00:20:00.000000000,1726849200000000000,522.2,522.3,522.1,522.2,77,35665,35668
2024-09-21 00:21:00.000000000,1726849260000000000,522.2,522.3,522.0,522.3,124,35668,35631
2024-09-21 00:22:00.000000000,1726849320000000000,522.3,522.5,522.2,522.4,241,35631,35604
2024-09-21 00:23:00.000000000,1726849380000000000,522.4,522.4,522.0,522.2,148,35604,35622
2024-09-21 00:24:00.000000000,1726849440000000000,522.2,522.2,521.8,521.8,196,35622,35582
2024-09-21 00:25:00.000000000,1726849500000000000,521.8,522.1,521.8,522.0,106,35582,35593
2024-09-21 00:26:00.000000000,1726849560000000000,522.0,522.2,521.9,522.0,79,35593,35591
2024-09-21 00:27:00.000000000,1726849620000000000,522.0,522.4,521.9,522.3,150,35591,35595
2024-09-21 00:28:00.000000000,1726849680000000000,522.3,522.7,522.3,522.6,231,35595,35641
2024-09-21 00:29:00.000000000,1726849740000000000,522.6,522.8,522.4,522.7,266,35641,35638
2024-09-21 00:30:00.000000000,1726849800000000000,522.7,523.2,522.7,522.9,606,35638,35711
2024-09-21 00:31:00.000000000,1726849860000000000,522.9,522.9,522.7,522.8,191,35711,35702
2024-09-21 00:32:00.000000000,1726849920000000000,522.8,522.8,522.5,522.6,185,35702,35670
2024-09-21 00:33:00.000000000,1726849980000000000,522.6,522.8,522.6,522.7,125,35670,35675
2024-09-21 00:34:00.000000000,1726850040000000000,522.7,522.7,522.5,522.7,123,35675,35656
2024-09-21 00:35:00.000000000,1726850100000000000,522.7,522.9,522.6,522.7,88,35656,35652
2024-09-21 00:36:00.000000000,1726850160000000000,522.7,523.0,522.7,522.9,146,35652,35644
2024-09-21 00:37:00.000000000,1726850220000000000,522.9,523.0,522.8,523.0,88,35644,35663
2024-09-21 00:38:00.000000000,1726850280000000000,523.0,523.1,522.8,523.1,115,35663,35677
2024-09-21 00:39:00.000000000,1726850340000000000,523.1,523.2,522.8,523.2,215,35677,35712
2024-09-21 00:40:00.000000000,1726850400000000000,523.2,523.4,523.1,523.3,189,35712,35720
2024-09-21 00:41:00.000000000,1726850460000000000,523.3,523.6,523.2,523.5,298,35720,35730
2024-09-21 00:42:00.000000000,1726850520000000000,523.5,523.5,523.3,523.5,142,35730,35755
2024-09-21 00:43:00.000000000,1726850580000000000,523.5,523.6,523.2,523.3,152,35755,35753
2024-09-21 00:44:00.000000000,1726850640000000000,523.3,523.6,523.3,523.4,197,35753,35798
2024-09-21 00:45:00.000000000,1726850700000000000,523.4,523.5,523.3,523.5,121,35798,35811
2024-09-21 00:46:00.000000000,1726850760000000000,523.5,523.7,523.4,523.4,147,35811,35801
2024-09-21 00:47:00.000000000,1726850820000000000,523.4,523.5,523.1,523.2,193,35801,35760
2024-09-21 00:48:00.000000000,1726850880000000000,523.2,523.3,522.9,522.9,210,35760,35718
2024-09-21 00:49:00.000000000,1726850940000000000,522.9,523.2,522.9,523.0,76,35718,35730
2024-09-21 00:50:00.000000000,1726851000000000000,523.0,523.1,523.0,523.1,57,35730,35734
2024-09-21 00:51:00.000000000,1726851060000000000,523.1,523.1,522.9,522.9,75,35734,35725
2024-09-21 00:52:00.000000000,1726851120000000000,522.9,523.0,522.8,522.9,114,35725,35705
2024-09-21 00:53:00.000000000,1726851180000000000,522.9,523.2,522.9,523.2,114,35705,35728
2024-09-21 00:54:00.000000000,1726851240000000000,523.2,523.2,523.0,523.2,95,35728,35721
2024-09-21 00:55:00.000000000,1726851300000000000,523.2,523.2,522.8,522.9,96,35721,35706
2024-09-21 00:56:00.000000000,1726851360000000000,522.9,523.0,522.8,522.9,77,35706,35729
2024-09-21 00:57:00.000000000,1726851420000000000,522.9,523.1,522.9,522.9,68,35729,35732
2024-09-21 00:58:00.000000000,1726851480000000000,522.9,523.0,522.9,523.0,30,35732,35738
2024-09-21 00:59:00.000000000,1726851540000000000,523.0,523.1,522.9,523.0,60,35738,35726
2024-09-21 01:00:00.000000000,1726851600000000000,523.0,523.0,522.7,522.8,80,35726,35721
2024-09-21 01:01:00.000000000,1726851660000000000,522.8,523.0,522.8,522.9,69,35721,35729
2024-09-21 01:02:00.000000000,1726851720000000000,522.9,523.0,522.9,522.9,57,35729,35724
2024-09-21 01:03:00.000000000,1726851780000000000,522.9,522.9,522.2,522.3,503,35724,35573
2024-09-21 01:04:00.000000000,1726851840000000000,522.3,522.6,522.3,522.4,166,35573,35570
2024-09-21 01:05:00.000000000,1726851900000000000,522.4,522.7,522.4,522.4,121,35570,35559
2024-09-21 01:06:00.000000000,1726851960000000000,522.4,522.8,522.4,522.7,82,35559,35582
2024-09-21 01:07:00.000000000,1726852020000000000,522.7,523.0,522.7,522.9,159,35582,35553
2024-09-21 01:08:00.000000000,1726852080000000000,522.9,522.9,522.1,522.1,306,35553,35544
2024-09-21 01:09:00.000000000,1726852140000000000,522.1,522.1,521.3,521.3,635,35544,35452
2024-09-21 01:10:00.000000000,1726852200000000000,521.3,521.6,521.3,521.5,282,35452,35421
2024-09-21 01:11:00.000000000,1726852260000000000,521.5,521.7,521.4,521.7,210,35421,35460
2024-09-21 01:12:00.000000000,1726852320000000000,521.7,521.8,521.6,521.7,109,35460,35442
2024-09-21 01:13:00.000000000,1726852380000000000,521.7,522.0,521.7,522.0,152,35442,35447
2024-09-21 01:14:00.000000000,1726852440000000000,522.0,522.0,521.7,521.8,50,35447,35448
2024-09-21 01:15:00.000000000,1726852500000000000,521.8,522.0,521.8,522.0,70,35448,35452
2024-09-21 01:16:00.000000000,1726852560000000000,522.0,522.0,521.7,521.7,94,35452,35425
2024-09-21 01:17:00.000000000,1726852620000000000,521.7,521.9,521.6,521.8,96,35425,35434
2024-09-21 01:18:00.000000000,1726852680000000000,521.8,522.0,521.8,522.0,84,35434,35429
2024-09-21 01:19:00.000000000,1726852740000000000,522.0,522.4,521.9,522.3,267,35429,35445
2024-09-21 01:20:00.000000000,1726852800000000000,522.3,522.4,522.2,522.4,88,35445,35455
2024-09-21 01:21:00.000000000,1726852860000000000,522.4,522.5,522.3,522.5,90,35455,35433
2024-09-21 01:22:00.000000000,1726852920000000000,522.5,522.6,522.3,522.5,80,35433,35421
2024-09-21 01:23:00.000000000,1726852980000000000,522.5,522.6,522.4,522.5,51,35421,35429
2024-09-21 01:24:00.000000000,1726853040000000000,522.5,522.8,522.5,522.7,166,35429,35451
2024-09-21 01:25:00.000000000,1726853100000000000,522.7,522.9,522.6,522.9,90,35451,35480
2024-09-21 01:26:00.000000000,1726853160000000000,522.9,523.0,522.9,522.9,131,35480,35467
2024-09-21 01:27:00.000000000,1726853220000000000,522.9,523.0,522.8,522.9,60,35467,35474
2024-09-21 01:28:00.000000000,1726853280000000000,522.9,523.2,522.9,523.1,142,35474,35504
2024-09-21 01:29:00.000000000,1726853340000000000,523.1,523.2,523.0,523.1,87,35504,35514
2024-09-21 01:30:00.000000000,1726853400000000000,523.1,523.4,523.1,523.1,162,35514,35526
2024-09-21 01:31:00.000000000,1726853460000000000,523.1,523.3,523.1,523.3,99,35526,35538
2024-09-21 01:32:00.000000000,1726853520000000000,523.3,523.3,523.1,523.2,96,35538,35539
2024-09-21 01:33:00.000000000,1726853580000000000,523.2,523.3,523.1,523.1,91,35539,35555
2024-09-21 01:34:00.000000000,1726853640000000000,523.1,523.4,523.1,523.4,95,35555,35581
2024-09-21 01:35:00.000000000,1726853700000000000,523.4,523.5,523.4,523.4,151,35581,35571
2024-09-21 01:36:00.000000000,1726853760000000000,523.4,523.8,523.4,523.6,428,35571,35676
2024-09-21 01:37:00.000000000,1726853820000000000,523.6,523.7,523.5,523.5,97,35676,35716
2024-09-21 01:38:00.000000000,1726853880000000000,523.5,523.5,523.2,523.3,174,35716,35712
2024-09-21 01:39:00.000000000,1726853940000000000,523.3,523.4,523.3,523.3,52,35712,35709
2024-09-21 01:40:00.000000000,1726854000000000000,523.3,523.4,523.2,523.2,64,35709,35718
2024-09-21 01:41:00.000000000,1726854060000000000,523.2,523.3,523.1,523.3,105,35718,35704
2024-09-21 01:42:00.000000000,1726854120000000000,523.3,523.3,523.0,523.0,156,35704,35698
2024-09-21 01:43:00.000000000,1726854180000000000,523.0,523.4,523.0,523.4,121,35698,35697
2024-09-21 01:44:00.000000000,1726854240000000000,523.4,523.4,523.1,523.2,56,35697,35698
2024-09-21 01:45:00.000000000,1726854300000000000,523.2,523.2,523.1,523.1,36,35698,35699
2024-09-21 01:46:00.000000000,1726854360000000000,523.1,523.2,523.0,523.0,50,35699,35684
2024-09-21 01:47:00.000000000,1726854420000000000,523.0,523.2,523.0,523.2,40,35684,35671
2024-09-21 01:48:00.000000000,1726854480000000000,523.2,523.3,523.1,523.2,26,35671,35675
2024-09-21 01:49:00.000000000,1726854540000000000,523.2,523.2,523.1,523.1,19,35675,35678
2024-09-21 01:50:00.000000000,1726854600000000000,523.1,523.5,523.1,523.5,101,35678,35679
2024-09-21 01:51:00.000000000,1726854660000000000,523.5,523.5,523.4,523.5,49,35679,35670
2024-09-21 01:52:00.000000000,1726854720000000000,523.5,523.5,523.3,523.3,32,35670,35672
2024-09-21 01:53:00.000000000,1726854780000000000,523.3,523.3,523.2,523.3,42,35672,35670
2024-09-21 01:54:00.000000000,1726854840000000000,523.3,523.3,523.2,523.2,34,35670,35663
2024-09-21 01:55:00.000000000,1726854900000000000,523.2,523.8,523.1,523.7,156,35663,35648
2024-09-21 01:56:00.000000000,1726854960000000000,523.7,523.8,523.6,523.7,105,35648,35659
2024-09-21 01:57:00.000000000,1726855020000000000,523.7,523.7,523.3,523.5,108,35659,35645
2024-09-21 01:58:00.000000000,1726855080000000000,523.5,523.5,523.3,523.4,44,35645,35647
2024-09-21 01:59:00.000000000,1726855140000000000,523.4,523.5,523.4,523.4,24,35647,35649
2024-09-21 02:00:00.000000000,1726855200000000000,523.4,523.5,522.9,523.0,239,35649,35604
2024-09-21 02:01:00.000000000,1726855260000000000,523.0,523.1,522.8,523.0,159,35604,35590
2024-09-21 02:02:00.000000000,1726855320000000000,523.0,523.1,522.9,523.1,61,35590,35596
2024-09-21 02:03:00.000000000,1726855380000000000,523.1,523.1,522.8,522.8,66,35596,35583
2024-09-21 02:04:00.000000000,1726855440000000000,522.8,522.9,522.7,522.8,93,35583,35578
2024-09-21 02:05:00.000000000,1726855500000000000,522.8,522.9,522.5,522.5,159,35578,35545
2024-09-21 02:06:00.000000000,1726855560000000000,522.5,522.5,522.1,522.2,400,35545,35473
2024-09-21 02:07:00.000000000,1726855620000000000,522.2,522.2,521.9,522.1,207,35473,35447
2024-09-21 02:08:00.000000000,1726855680000000000,522.1,522.4,522.1,522.3,190,35447,35406
2024-09-21 02:09:00.000000000,1726855740000000000,522.3,522.3,522.0,522.0,112,35406,35418
2024-09-21 02:10:00.000000000,1726855800000000000,522.0,522.0,521.4,521.5,383,35418,35257
2024-09-21 02:11:00.000000000,1726855860000000000,521.5,521.5,520.6,520.7,847,35257,35123
2024-09-21 02:12:00.000000000,1726855920000000000,520.7,521.1,520.3,520.3,658,35123,35111
2024-09-21 02:13:00.000000000,1726855980000000000,520.3,520.6,520.2,520.3,349,35111,35128
2024-09-21 02:14:00.000000000,1726856040000000000,520.3,520.5,519.8,520.0,466,35128,35183
2024-09-21 02:15:00.000000000,1726856100000000000,520.0,520.8,520.0,520.6,405,35183,35140
2024-09-21 02:16:00.000000000,1726856160000000000,520.6,520.8,520.3,520.6,163,35140,35129
2024-09-21 02:17:00.000000000,1726856220000000000,520.6,520.7,520.4,520.6,119,35129,35175
2024-09-21 02:18:00.000000000,1726856280000000000,520.6,520.7,520.4,520.4,104,35175,35216
2024-09-21 02:19:00.000000000,1726856340000000000,520.4,520.6,520.3,520.3,100,35216,35215
2024-09-21 02:20:00.000000000,1726856400000000000,520.3,520.8,520.3,520.7,153,35215,35186
2024-09-21 02:21:00.000000000,1726856460000000000,520.7,520.7,520.4,520.4,68,35186,35169
2024-09-21 02:22:00.000000000,1726856520000000000,520.4,520.5,520.3,520.4,92,35169,35174
2024-09-21 02:23:00.000000000,1726856580000000000,520.4,520.5,520.2,520.3,134,35174,35138
2024-09-21 02:24:00.000000000,1726856640000000000,520.3,520.4,519.9,520.0,223,35138,35122
2024-09-21 02:25:00.000000000,1726856700000000000,520.0,520.5,519.9,520.2,233,35122,35108
2024-09-21 02:26:00.000000000,1726856760000000000,520.2,520.4,520.1,520.3,123,35108,35097
2024-09-21 02:27:00.000000000,1726856820000000000,520.3,520.6,520.1,520.4,295,35097,35032
2024-09-21 02:28:00.000000000,1726856880000000000,520.4,520.7,520.2,520.6,251,35032,34963
2024-09-21 02:29:00.000000000,1726856940000000000,520.6,521.3,520.6,521.3,495,34963,34713
2024-09-23 09:00:00.000000000,1727053200000000000,522.5,523.2,522.5,522.9,867,34713,34547
2024-09-23 09:01:00.000000000,1727053260000000000,522.9,523.0,522.6,522.7,524,34547,34530
2024-09-23 09:02:00.000000000,1727053320000000000,522.7,522.9,522.6,522.8,344,34530,34555
2024-09-23 09:03:00.000000000,1727053380000000000,522.8,523.1,522.8,523.0,257,34555,34570
2024-09-23 09:04:00.000000000,1727053440000000000,523.0,523.0,522.7,522.9,172,34570,34556
2024-09-23 09:05:00.000000000,1727053500000000000,522.9,523.4,522.8,523.4,377,34556,34472
2024-09-23 09:06:00.000000000,1727053560000000000,523.4,523.6,523.3,523.6,300,34472,34472
2024-09-23 09:07:00.000000000,1727053620000000000,523.6,523.7,523.4,523.4,318,34472,34458
2024-09-23 09:08:00.000000000,1727053680000000000,523.4,523.8,523.2,523.8,309,34458,34372
2024-09-23 09:09:00.000000000,1727053740000000000,523.8,524.0,523.7,523.7,324,34372,34351
2024-09-23 09:10:00.000000000,1727053800000000000,523.7,523.8,523.6,523.7,151,34351,34373
2024-09-23 09:11:00.000000000,1727053860000000000,523.7,523.7,523.4,523.6,196,34373,34336
2024-09-23 09:12:00.000000000,1727053920000000000,523.6,523.8,523.6,523.7,91,34336,34326
2024-09-23 09:13:00.000000000,1727053980000000000,523.7,524.3,523.7,524.3,355,34326,34319
2024-09-23 09:14:00.000000000,1727054040000000000,524.3,525.0,524.3,525.0,820,34319,34306
2024-09-23 09:15:00.000000000,1727054100000000000,525.0,526.0,524.8,525.5,1215,34306,34273
2024-09-23 09:16:00.000000000,1727054160000000000,525.5,525.6,525.1,525.1,430,34273,34242
2024-09-23 09:17:00.000000000,1727054220000000000,525.1,525.2,524.9,524.9,243,34242,34239
2024-09-23 09:18:00.000000000,1727054280000000000,524.9,525.0,524.3,524.6,320,34239,34225
2024-09-23 09:19:00.000000000,1727054340000000000,524.6,524.6,524.3,524.3,161,34225,34207
2024-09-23 09:20:00.000000000,1727054400000000000,524.3,524.3,523.7,523.9,502,34207,34282
2024-09-23 09:21:00.000000000,1727054460000000000,523.9,523.9,523.5,523.8,351,34282,34347
2024-09-23 09:22:00.000000000,1727054520000000000,523.8,523.9,523.6,523.7,168,34347,34295
2024-09-23 09:23:00.000000000,1727054580000000000,523.7,524.2,523.7,524.2,190,34295,34292
2024-09-23 09:24:00.000000000,1727054640000000000,524.2,524.2,523.9,524.1,120,34292,34266
2024-09-23 09:25:00.000000000,1727054700000000000,524.1,524.3,523.7,524.2,222,34266,34322
2024-09-23 09:26:00.000000000,1727054760000000000,524.2,524.2,523.7,523.8,109,34322,34312
2024-09-23 09:27:00.000000000,1727054820000000000,523.8,524.0,523.6,523.9,107,34312,34307
2024-09-23 09:28:00.000000000,1727054880000000000,523.9,524.0,523.8,524.0,88,34307,34290
2024-09-23 09:29:00.000000000,1727054940000000000,524.0,524.2,523.9,524.1,65,34290,34280
2024-09-23 09:30:00.000000000,1727055000000000000,524.1,524.1,523.7,523.9,133,34280,34277
2024-09-23 09:31:00.000000000,1727055060000000000,523.9,524.1,523.9,524.1,85,34277,34271
2024-09-23 09:32:00.000000000,1727055120000000000,524.1,524.8,524.1,524.7,395,34271,34249
2024-09-23 09:33:00.000000000,1727055180000000000,524.7,524.8,524.6,524.7,142,34249,34267
2024-09-23 09:34:00.000000000,1727055240000000000,524.7,525.1,524.7,525.0,189,34267,34273
2024-09-23 09:35:00.000000000,1727055300000000000,525.0,525.7,524.9,525.7,396,34273,34203
2024-09-23 09:36:00.000000000,1727055360000000000,525.7,526.1,525.4,526.0,545,34203,34228
2024-09-23 09:37:00.000000000,1727055420000000000,526.0,526.1,525.6,525.9,320,34228,34216
2024-09-23 09:38:00.000000000,1727055480000000000,525.9,526.2,525.8,526.2,242,34216,34165
2024-09-23 09:39:00.000000000,1727055540000000000,526.2,526.9,526.2,526.7,536,34165,34165
2024-09-23 09:40:00.000000000,1727055600000000000,526.7,527.2,526.6,526.7,791,34165,34112
2024-09-23 09:41:00.000000000,1727055660000000000,526.7,527.0,526.7,526.9,240,34112,34076
2024-09-23 09:42:00.000000000,1727055720000000000,526.9,527.0,526.3,526.3,357,34076,34085
2024-09-23 09:43:00.000000000,1727055780000000000,526.3,526.3,526.1,526.1,224,34085,34054
2024-09-23 09:44:00.000000000,1727055840000000000,526.1,527.1,526.0,527.1,520,34054,34095
2024-09-23 09:45:00.000000000,1727055900000000000,527.1,527.3,526.5,526.6,468,34095,34167
2024-09-23 09:46:00.000000000,1727055960000000000,526.6,526.6,526.4,526.5,120,34167,34163
2024-09-23 09:47:00.000000000,1727056020000000000,526.5,526.6,526.3,526.5,173,34163,34147
2024-09-23 09:48:00.000000000,1727056080000000000,526.5,526.7,526.4,526.5,150,34147,34126
2024-09-23 09:49:00.000000000,1727056140000000000,526.5,526.8,526.5,526.7,125,34126,34140
2024-09-23 09:50:00.000000000,1727056200000000000,526.7,526.8,526.5,526.6,104,34140,34131
2024-09-23 09:51:00.000000000,1727056260000000000,526.6,527.0,526.3,527.0,200,34131,34093
2024-09-23 09:52:00.000000000,1727056320000000000,527.0,527.0,526.4,526.5,121,34093,34081
2024-09-23 09:53:00.000000000,1727056380000000000,526.5,526.5,526.2,526.4,70,34081,34077
2024-09-23 09:54:00.000000000,1727056440000000000,526.4,526.5,526.4,526.4,87,34077,34057
2024-09-23 09:55:00.000000000,1727056500000000000,526.4,526.6,526.3,526.6,72,34057,34061
2024-09-23 09:56:00.000000000,1727056560000000000,526.6,526.6,526.4,526.5,80,34061,34061
2024-09-23 09:57:00.000000000,1727056620000000000,526.5,527.1,526.5,526.9,222,34061,34078
2024-09-23 09:58:00.000000000,1727056680000000000,526.9,527.0,526.7,526.8,92,34078,34079
2024-09-23 09:59:00.000000000,1727056740000000000,526.8,526.8,526.6,526.8,66,34079,34078
2024-09-23 10:00:00.000000000,1727056800000000000,526.8,526.9,526.4,526.7,143,34078,34084
2024-09-23 10:01:00.000000000,1727056860000000000,526.7,526.7,525.9,526.0,241,34084,34066
2024-09-23 10:02:00.000000000,1727056920000000000,526.0,526.0,525.8,525.8,161,34066,34045
2024-09-23 10:03:00.000000000,1727056980000000000,525.8,525.9,525.6,525.6,164,34045,34027
2024-09-23 10:04:00.000000000,1727057040000000000,525.6,525.7,525.4,525.7,201,34027,33959
2024-09-23 10:05:00.000000000,1727057100000000000,525.7,525.7,525.3,525.3,332,33959,34014
2024-09-23 10:06:00.000000000,1727057160000000000,525.3,525.6,525.3,525.5,101,34014,34008
2024-09-23 10:07:00.000000000,1727057220000000000,525.5,525.9,525.5,525.7,154,34008,34017
2024-09-23 10:08:00.000000000,1727057280000000000,525.7,525.7,525.5,525.5,106,34017,34018
2024-09-23 10:09:00.000000000,1727057340000000000,525.5,525.7,525.5,525.6,45,34018,34007
2024-09-23 10:10:00.000000000,1727057400000000000,525.6,526.0,525.6,525.9,100,34007,33988
2024-09-23 10:11:00.000000000,1727057460000000000,525.9,526.0,525.7,525.8,56,33988,33983
2024-09-23 10:12:00.000000000,1727057520000000000,525.8,525.8,525.5,525.6,80,33983,33965
2024-09-23 10:13:00.000000000,1727057580000000000,525.6,525.7,525.5,525.6,55,33965,33969
2024-09-23 10:14:00.000000000,1727057640000000000,525.6,526.0,525.5,525.9,80,33969,33940
2024-09-23 10:30:00.000000000,1727058600000000000,525.8,525.9,525.7,525.8,73,33940,33943
2024-09-23 10:31:00.000000000,1727058660000000000,525.8,526.2,525.8,526.1,286,33943,33941
2024-09-23 10:32:00.000000000,1727058720000000000,526.1,526.3,526.0,526.3,152,33941,33936
2024-09-23 10:33:00.000000000,1727058780000000000,526.3,526.3,525.8,525.8,107,33936,33943
2024-09-23 10:34:00.000000000,1727058840000000000,525.8,525.9,525.7,525.9,78,33943,33930
2024-09-23 10:35:00.000000000,1727058900000000000,525.9,526.1,525.7,525.9,85,33930,33925
2024-09-23 10:36:00.000000000,1727058960000000000,525.9,526.1,525.8,525.8,61,33925,33920
2024-09-23 10:37:00.000000000,1727059020000000000,525.8,525.9,525.8,525.9,38,33920,33914
2024-09-23 10:38:00.000000000,1727059080000000000,525.9,525.9,525.6,525.7,82,33914,33914
2024-09-23 10:39:00.000000000,1727059140000000000,525.7,525.8,525.6,525.8,63,33914,33901
2024-09-23 10:40:00.000000000,1727059200000000000,525.8,526.0,525.8,526.0,73,33901,33915
2024-09-23 10:41:00.000000000,1727059260000000000,526.0,526.2,526.0,526.0,144,33915,33881
2024-09-23 10:42:00.000000000,1727059320000000000,526.0,526.0,525.7,525.9,47,33881,33888
2024-09-23 10:43:00.000000000,1727059380000000000,525.9,526.1,525.9,526.0,64,33888,33884
2024-09-23 10:44:00.000000000,1727059440000000000,526.0,526.1,525.9,526.0,38,33884,33870
2024-09-23 10:45:00.000000000,1727059500000000000,526.0,526.0,525.8,525.8,12,33870,33868
2024-09-23 10:46:00.000000000,1727059560000000000,525.8,526.0,525.6,526.0,80,33868,33862
2024-09-23 10:47:00.000000000,1727059620000000000,526.0,526.1,525.8,525.9,81,33862,33860
2024-09-23 10:48:00.000000000,1727059680000000000,525.9,526.0,525.7,525.8,46,33860,33851
2024-09-23 10:49:00.000000000,1727059740000000000,525.8,525.8,525.6,525.6,105,33851,33820
2024-09-23 10:50:00.000000000,1727059800000000000,525.6,525.8,525.5,525.7,51,33820,33812
2024-09-23 10:51:00.000000000,1727059860000000000,525.7,525.8,525.6,525.8,41,33812,33806
2024-09-23 10:52:00.000000000,1727059920000000000,525.8,525.9,525.7,525.8,100,33806,33832
2024-09-23 10:53:00.000000000,1727059980000000000,525.8,526.0,525.8,525.8,49,33832,33841
2024-09-23 10:54:00.000000000,1727060040000000000,525.8,525.9,525.8,525.8,33,33841,33843
2024-09-23 10:55:00.000000000,1727060100000000000,525.8,525.9,525.6,525.8,48,33843,33840
2024-09-23 10:56:00.000000000,1727060160000000000,525.8,525.9,525.6,525.6,53,33840,33829
2024-09-23 10:57:00.000000000,1727060220000000000,525.6,525.8,525.6,525.7,45,33829,33829
2024-09-23 10:58:00.000000000,1727060280000000000,525.7,525.8,525.3,525.4,187,33829,33780
2024-09-23 10:59:00.000000000,1727060340000000000,525.4,525.6,525.3,525.5,111,33780,33800
2024-09-23 11:00:00.000000000,1727060400000000000,525.5,525.7,525.4,525.7,80,33800,33820
2024-09-23 11:01:00.000000000,1727060460000000000,525.7,526.0,525.7,525.9,109,33820,33817
2024-09-23 11:02:00.000000000,1727060520000000000,525.9,526.0,525.7,525.7,152,33817,33814
2024-09-23 11:03:00.000000000,1727060580000000000,525.7,525.8,525.7,525.8,35,33814,33797
2024-09-23 11:04:00.000000000,1727060640000000000,525.8,526.2,525.8,526.1,175,33797,33803
2024-09-23 11:05:00.000000000,1727060700000000000,526.1,526.2,526.0,526.1,140,33803,33757
2024-09-23 11:06:00.000000000,1727060760000000000,526.1,526.1,525.7,525.8,143,33757,33781
2024-09-23 11:07:00.000000000,1727060820000000000,525.8,525.8,525.5,525.5,70,33781,33744
2024-09-23 11:08:00.000000000,1727060880000000000,525.5,525.7,525.5,525.7,35,33744,33738
2024-09-23 11:09:00.000000000,1727060940000000000,525.7,525.7,525.5,525.6,23,33738,33731
2024-09-23 11:10:00.000000000,1727061000000000000,525.6,525.8,525.5,525.6,85,33731,33755
2024-09-23 11:11:00.000000000,1727061060000000000,525.6,525.7,525.5,525.5,20,33755,33756
2024-09-23 11:12:00.000000000,1727061120000000000,525.5,525.8,525.5,525.8,72,33756,33749
2024-09-23 11:13:00.000000000,1727061180000000000,525.8,526.0,525.7,525.9,139,33749,33748
2024-09-23 11:14:00.000000000,1727061240000000000,525.9,526.0,525.8,525.9,71,33748,33745
2024-09-23 11:15:00.000000000,1727061300000000000,525.9,526.2,525.9,526.0,105,33745,33760
2024-09-23 11:16:00.000000000,1727061360000000000,526.0,526.1,525.7,525.9,47,33760,33766
2024-09-23 11:17:00.000000000,1727061420000000000,525.9,526.2,525.9,526.1,41,33766,33781
2024-09-23 11:18:00.000000000,1727061480000000000,526.1,526.7,526.1,526.5,241,33781,33746
2024-09-23 11:19:00.000000000,1727061540000000000,526.5,526.9,526.3,526.9,165,33746,33755
2024-09-23 11:20:00.000000000,1727061600000000000,526.9,527.1,526.7,526.9,227,33755,33757
2024-09-23 11:21:00.000000000,1727061660000000000,526.9,526.9,526.4,526.6,160,33757,33739
2024-09-23 11:22:00.000000000,1727061720000000000,526.6,526.6,526.4,526.5,62,33739,33752
2024-09-23 11:23:00.000000000,1727061780000000000,526.5,526.7,526.5,526.6,105,33752,33759
2024-09-23 11:24:00.000000000,1727061840000000000,526.6,526.9,526.6,526.8,59,33759,33758
2024-09-23 11:25:00.000000000,1727061900000000000,526.8,526.9,526.6,526.6,74,33758,33791
2024-09-23 11:26:00.000000000,1727061960000000000,526.6,526.9,526.6,526.8,97,33791,33814
2024-09-23 11:27:00.000000000,1727062020000000000,526.8,526.8,526.5,526.7,82,33814,33808
2024-09-23 11:28:00.000000000,1727062080000000000,526.7,526.7,526.5,526.7,105,33808,33852
2024-09-23 11:29:00.000000000,1727062140000000000,526.7,527.0,526.5,526.9,155,33852,33785
2024-09-23 13:30:00.000000000,1727069400000000000,526.8,526.9,526.6,526.8,168,33785,33772
2024-09-23 13:31:00.000000000,1727069460000000000,526.8,526.9,526.5,526.6,152,33772,33743
2024-09-23 13:32:00.000000000,1727069520000000000,526.6,526.6,526.5,526.5,76,33743,33756
2024-09-23 13:33:00.000000000,1727069580000000000,526.5,526.7,526.5,526.6,65,33756,33765
2024-09-23 13:34:00.000000000,1727069640000000000,526.6,526.6,526.5,526.5,86,33765,33773
2024-09-23 13:35:00.000000000,1727069700000000000,526.5,526.8,526.5,526.7,101,33773,33796
2024-09-23 13:36:00.000000000,1727069760000000000,526.7,526.9,526.7,526.9,70,33796,33786
2024-09-23 13:37:00.000000000,1727069820000000000,526.9,527.4,526.8,527.3,453,33786,33843
2024-09-23 13:38:00.000000000,1727069880000000000,527.3,527.4,527.0,527.1,128,33843,33869
2024-09-23 13:39:00.000000000,1727069940000000000,527.1,527.2,527.0,527.0,81,33869,33884
2024-09-23 13:40:00.000000000,1727070000000000000,527.0,527.0,526.6,526.7,126,33884,33887
2024-09-23 13:41:00.000000000,1727070060000000000,526.7,526.8,526.6,526.6,99,33887,33879
2024-09-23 13:42:00.000000000,1727070120000000000,526.6,526.7,526.4,526.7,161,33879,33860
2024-09-23 13:43:00.000000000,1727070180000000000,526.7,526.8,526.6,526.6,47,33860,33864
2024-09-23 13:44:00.000000000,1727070240000000000,526.6,526.7,526.5,526.6,62,33864,33885
2024-09-23 13:45:00.000000000,1727070300000000000,526.6,526.7,526.6,526.6,46,33885,33887
2024-09-23 13:46:00.000000000,1727070360000000000,526.6,526.9,526.6,526.9,65,33887,33881
2024-09-23 13:47:00.000000000,1727070420000000000,526.9,527.0,526.7,526.8,86,33881,33887
2024-09-23 13:48:00.000000000,1727070480000000000,526.8,526.9,526.6,526.7,87,33887,33889
2024-09-23 13:49:00.000000000,1727070540000000000,526.7,526.9,526.6,526.8,106,33889,33878
2024-09-23 13:50:00.000000000,1727070600000000000,526.8,526.9,526.7,526.8,24,33878,33876
2024-09-23 13:51:00.000000000,1727070660000000000,526.8,526.9,526.7,526.8,28,33876,33884
2024-09-23 13:52:00.000000000,1727070720000000000,526.8,526.8,526.6,526.8,31,33884,33884
2024-09-23 13:53:00.000000000,1727070780000000000,526.8,526.9,526.7,526.9,45,33884,33882
2024-09-23 13:54:00.000000000,1727070840000000000,526.9,527.0,526.8,526.8,66,33882,33885
2024-09-23 13:55:00.000000000,1727070900000000000,526.8,526.9,526.6,526.6,69,33885,33886
2024-09-23 13:56:00.000000000,1727070960000000000,526.6,526.6,526.1,526.4,240,33886,33877
2024-09-23 13:57:00.000000000,1727071020000000000,526.4,526.6,526.3,526.5,75,33877,33882
2024-09-23 13:58:00.000000000,1727071080000000000,526.5,526.7,526.5,526.6,47,33882,33886
2024-09-23 13:59:00.000000000,1727071140000000000,526.6,526.7,526.6,526.6,62,33886,33882
2024-09-23 14:00:00.000000000,1727071200000000000,526.6,526.6,526.4,526.4,104,33882,33834
2024-09-23 14:01:00.000000000,1727071260000000000,526.4,526.6,526.4,526.6,33,33834,33825
2024-09-23 14:02:00.000000000,1727071320000000000,526.6,526.7,526.5,526.6,35,33825,33831
2024-09-23 14:03:00.000000000,1727071380000000000,526.6,526.9,526.6,526.7,132,33831,33838
2024-09-23 14:04:00.000000000,1727071440000000000,526.7,526.7,526.2,526.2,236,33838,33811
2024-09-23 14:05:00.000000000,1727071500000000000,526.2,526.5,526.2,526.3,146,33811,33833
2024-09-23 14:06:00.000000000,1727071560000000000,526.3,526.4,526.2,526.3,120,33833,33857
2024-09-23 14:07:00.000000000,1727071620000000000,526.3,526.9,526.3,526.8,112,33857,33851
2024-09-23 14:08:00.000000000,1727071680000000000,526.8,526.9,526.6,526.7,73,33851,33847
2024-09-23 14:09:00.000000000,1727071740000000000,526.7,526.9,526.7,526.7,167,33847,33843
2024-09-23 14:10:00.000000000,1727071800000000000,526.7,526.8,526.6,526.7,59,33843,33832
2024-09-23 14:11:00.000000000,1727071860000000000,526.7,526.7,526.5,526.7,176,33832,33851
2024-09-23 14:12:00.000000000,1727071920000000000,526.7,526.8,526.6,526.8,50,33851,33850
2024-09-23 14:13:00.000000000,1727071980000000000,526.8,526.9,526.7,526.9,82,33850,33869
2024-09-23 14:14:00.000000000,1727072040000000000,526.9,527.2,526.9,527.0,197,33869,33887
2024-09-23 14:15:00.000000000,1727072100000000000,527.0,527.3,527.0,527.2,89,33887,33931
2024-09-23 14:16:00.000000000,1727072160000000000,527.2,527.3,526.9,527.0,141,33931,33908
2024-09-23 14:17:00.000000000,1727072220000000000,527.0,527.0,526.7,526.8,140,33908,33905
2024-09-23 14:18:00.000000000,1727072280000000000,526.8,526.9,526.3,526.3,237,33905,33913
2024-09-23 14:19:00.000000000,1727072340000000000,526.3,526.4,526.0,526.1,310,33913,33895
2024-09-23 14:20:00.000000000,1727072400000000000,526.1,526.3,525.9,526.3,172,33895,33867
2024-09-23 14:21:00.000000000,1727072460000000000,526.3,526.5,526.3,526.5,60,33867,33867
2024-09-23 14:22:00.000000000,1727072520000000000,526.5,526.9,526.5,526.8,189,33867,33921
2024-09-23 14:23:00.000000000,1727072580000000000,526.8,526.9,526.6,526.7,115,33921,33956
2024-09-23 14:24:00.000000000,1727072640000000000,526.7,526.8,526.6,526.6,46,33956,33952
2024-09-23 14:25:00.000000000,1727072700000000000,526.6,527.0,526.6,526.9,132,33952,33934
2024-09-23 14:26:00.000000000,1727072760000000000,526.9,527.2,526.9,527.1,252,33934,33895
2024-09-23 14:27:00.000000000,1727072820000000000,527.1,527.1,526.9,526.9,48,33895,33903
2024-09-23 14:28:00.000000000,1727072880000000000,526.9,527.1,526.9,526.9,74,33903,33934
2024-09-23 14:29:00.000000000,1727072940000000000,526.9,527.1,526.9,527.1,115,33934,33920
2024-09-23 14:30:00.000000000,1727073000000000000,527.1,527.2,527.0,527.2,142,33920,33887
2024-09-23 14:31:00.000000000,1727073060000000000,527.2,527.3,526.8,526.8,232,33887,33903
2024-09-23 14:32:00.000000000,1727073120000000000,526.8,526.8,526.5,526.7,176,33903,33858
2024-09-23 14:33:00.000000000,1727073180000000000,526.7,526.7,526.4,526.5,119,33858,33827
2024-09-23 14:34:00.000000000,1727073240000000000,526.5,526.6,526.3,526.5,77,33827,33825
2024-09-23 14:35:00.000000000,1727073300000000000,526.5,526.5,526.1,526.1,224,33825,33797
2024-09-23 14:36:00.000000000,1727073360000000000,526.1,526.4,526.0,526.4,268,33797,33822
2024-09-23 14:37:00.000000000,1727073420000000000,526.4,526.4,526.3,526.4,95,33822,33827
2024-09-23 14:38:00.000000000,1727073480000000000,526.4,526.4,526.0,526.2,132,33827,33812
2024-09-23 14:39:00.000000000,1727073540000000000,526.2,526.5,526.1,526.5,262,33812,33683
2024-09-23 14:40:00.000000000,1727073600000000000,526.5,526.9,526.5,526.8,240,33683,33611
2024-09-23 14:41:00.000000000,1727073660000000000,526.8,526.8,526.1,526.2,176,33611,33595
2024-09-23 14:42:00.000000000,1727073720000000000,526.2,526.2,525.8,525.9,345,33595,33531
2024-09-23 14:43:00.000000000,1727073780000000000,525.9,526.1,525.9,525.9,272,33531,33429
2024-09-23 14:44:00.000000000,1727073840000000000,525.9,526.3,525.9,526.3,106,33429,33427
2024-09-23 14:45:00.000000000,1727073900000000000,526.3,526.3,526.0,526.1,140,33427,33376
2024-09-23 14:46:00.000000000,1727073960000000000,526.1,526.1,525.6,525.6,235,33376,33279
2024-09-23 14:47:00.000000000,1727074020000000000,525.6,526.0,525.6,525.9,142,33279,33242
2024-09-23 14:48:00.000000000,1727074080000000000,525.9,525.9,525.5,525.7,209,33242,33184
2024-09-23 14:49:00.000000000,1727074140000000000,525.7,525.9,525.7,525.8,136,33184,33110
2024-09-23 14:50:00.000000000,1727074200000000000,525.8,525.8,525.5,525.8,238,33110,33043
2024-09-23 14:51:00.000000000,1727074260000000000,525.8,525.9,525.7,525.8,109,33043,33032
2024-09-23 14:52:00.000000000,1727074320000000000,525.8,525.9,525.7,525.7,58,33032,33030
2024-09-23 14:53:00.000000000,1727074380000000000,525.7,525.8,525.5,525.6,161,33030,32951
2024-09-23 14:54:00.000000000,1727074440000000000,525.6,525.7,525.5,525.7,162,32951,32873
2024-09-23 14:55:00.000000000,1727074500000000000,525.7,525.7,525.5,525.6,144,32873,32827
2024-09-23 14:56:00.000000000,1727074560000000000,525.6,525.8,525.6,525.6,168,32827,32776
2024-09-23 14:57:00.000000000,1727074620000000000,525.6,525.6,525.4,525.5,117,32776,32751
2024-09-23 14:58:00.000000000,1727074680000000000,525.5,525.6,525.3,525.3,331,32751,32636
2024-09-23 14:59:00.000000000,1727074740000000000,525.3,525.5,525.0,525.1,545,32636,32528
2024-09-23 21:00:00.000000000,1727096400000000000,523.6,524.5,523.5,524.1,1255,32528,32476
2024-09-23 21:01:00.000000000,1727096460000000000,524.1,524.9,523.6,524.7,800,32476,32531
2024-09-23 21:02:00.000000000,1727096520000000000,524.7,525.0,524.7,524.8,477,32531,32538
2024-09-23 21:03:00.000000000,1727096580000000000,524.8,524.9,524.5,524.6,346,32538,32467
2024-09-23 21:04:00.000000000,1727096640000000000,524.6,524.6,524.4,524.5,255,32467,32469
2024-09-23 21:05:00.000000000,1727096700000000000,524.5,524.6,524.0,524.5,580,32469,32513
2024-09-23 21:06:00.000000000,1727096760000000000,524.5,524.9,524.5,524.7,347,32513,32589
2024-09-23 21:07:00.000000000,1727096820000000000,524.7,525.1,524.5,524.9,498,32589,32610
2024-09-23 21:08:00.000000000,1727096880000000000,524.9,525.0,524.7,524.7,358,32610,32556
2024-09-23 21:09:00.000000000,1727096940000000000,524.7,524.8,524.4,524.7,310,32556,32523
2024-09-23 21:10:00.000000000,1727097000000000000,524.7,525.0,524.5,524.9,240,32523,32550
2024-09-23 21:11:00.000000000,1727097060000000000,524.9,525.0,524.5,524.5,279,32550,32499
2024-09-23 21:12:00.000000000,1727097120000000000,524.5,524.6,524.1,524.3,360,32499,32505
2024-09-23 21:13:00.000000000,1727097180000000000,524.3,524.4,524.0,524.2,260,32505,32514
2024-09-23 21:14:00.000000000,1727097240000000000,524.2,524.3,523.8,523.9,323,32514,32489
2024-09-23 21:15:00.000000000,1727097300000000000,523.9,524.5,523.9,524.3,341,32489,32490
2024-09-23 21:16:00.000000000,1727097360000000000,524.3,524.3,524.0,524.3,193,32490,32526
2024-09-23 21:17:00.000000000,1727097420000000000,524.3,524.4,523.7,523.7,273,32526,32538
2024-09-23 21:18:00.000000000,1727097480000000000,523.7,523.9,523.0,523.3,838,32538,32513
2024-09-23 21:19:00.000000000,1727097540000000000,523.3,523.7,523.3,523.5,366,32513,32545
2024-09-23 21:20:00.000000000,1727097600000000000,523.5,524.1,523.5,524.0,341,32545,32583
2024-09-23 21:21:00.000000000,1727097660000000000,524.0,524.5,523.9,524.3,445,32583,32574
2024-09-23 21:22:00.000000000,1727097720000000000,524.3,524.3,524.1,524.2,196,32574,32610
2024-09-23 21:23:00.000000000,1727097780000000000,524.2,524.8,524.2,524.5,359,32610,32671
2024-09-23 21:24:00.000000000,1727097840000000000,524.5,524.9,524.3,524.9,337,32671,32692
2024-09-23 21:25:00.000000000,1727097900000000000,524.9,524.9,524.2,524.6,421,32692,32758
2024-09-23 21:26:00.000000000,1727097960000000000,524.6,524.6,524.4,524.5,189,32758,32808
2024-09-23 21:27:00.000000000,1727098020000000000,524.5,524.5,524.0,524.3,233,32808,32801
2024-09-23 21:28:00.000000000,1727098080000000000,524.3,524.6,524.3,524.6,126,32801,32793
2024-09-23 21:29:00.000000000,1727098140000000000,524.6,524.8,524.5,524.7,201,32793,32765
2024-09-23 21:30:00.000000000,1727098200000000000,524.7,524.9,524.3,524.4,290,32765,32757
2024-09-23 21:31:00.000000000,1727098260000000000,524.4,524.4,523.8,524.3,615,32757,32746
2024-09-23 21:32:00.000000000,1727098320000000000,524.3,525.0,524.3,524.7,536,32746,32750
2024-09-23 21:33:00.000000000,1727098380000000000,524.7,525.0,524.2,524.9,477,32750,32751
2024-09-23 21:34:00.000000000,1727098440000000000,524.9,525.6,524.7,524.9,811,32751,32838
2024-09-23 21:35:00.000000000,1727098500000000000,524.9,525.1,524.7,524.8,385,32838,32846
2024-09-23 21:36:00.000000000,1727098560000000000,524.8,524.8,524.1,524.1,344,32846,32829
2024-09-23 21:37:00.000000000,1727098620000000000,524.1,524.8,524.1,524.7,229,32829,32804
2024-09-23 21:38:00.000000000,1727098680000000000,524.7,524.7,524.3,524.4,117,32804,32799
2024-09-23 21:39:00.000000000,1727098740000000000,524.4,525.0,524.4,524.9,192,32799,32795
2024-09-23 21:40:00.000000000,1727098800000000000,524.9,525.4,524.9,525.1,414,32795,32873
2024-09-23 21:41:00.000000000,1727098860000000000,525.1,525.7,525.1,525.5,457,32873,32924
2024-09-23 21:42:00.000000000,1727098920000000000,525.5,526.2,525.5,525.8,492,32924,33034
2024-09-23 21:43:00.000000000,1727098980000000000,525.8,525.9,525.4,525.5,460,33034,32971
2024-09-23 21:44:00.000000000,1727099040000000000,525.5,525.5,524.7,524.7,586,32971,32804
2024-09-23 21:45:00.000000000,1727099100000000000,524.7,524.8,524.4,524.5,712,32804,32762
2024-09-23 21:46:00.000000000,1727099160000000000,524.5,524.8,524.3,524.7,388,32762,32809
2024-09-23 21:47:00.000000000,1727099220000000000,524.7,525.3,524.6,525.2,451,32809,32856
2024-09-23 21:48:00.000000000,1727099280000000000,525.2,525.6,524.9,525.4,480,32856,32890
2024-09-23 21:49:00.000000000,1727099340000000000,525.4,525.6,525.2,525.6,262,32890,32911
2024-09-23 21:50:00.000000000,1727099400000000000,525.6,526.5,525.6,526.2,673,32911,32983
2024-09-23 21:51:00.000000000,1727099460000000000,526.2,527.9,526.2,527.0,1740,32983,33021
2024-09-23 21:52:00.000000000,1727099520000000000,527.0,527.2,526.9,527.2,349,33021,33053
2024-09-23 21:53:00.000000000,1727099580000000000,527.2,527.3,526.9,527.2,407,33053,33105
2024-09-23 21:54:00.000000000,1727099640000000000,527.2,527.6,527.1,527.4,577,33105,33201
2024-09-23 21:55:00.000000000,1727099700000000000,527.4,527.9,527.4,527.8,565,33201,33262
2024-09-23 21:56:00.000000000,1727099760000000000,527.8,528.4,527.7,528.2,889,33262,33358
2024-09-23 21:57:00.000000000,1727099820000000000,528.2,528.9,528.2,528.7,1006,33358,33401
2024-09-23 21:58:00.000000000,1727099880000000000,528.7,528.9,528.3,528.4,688,33401,33542
2024-09-23 21:59:00.000000000,1727099940000000000,528.4,528.5,527.9,528.3,847,33542,33594
2024-09-23 22:00:00.000000000,1727100000000000000,528.3,528.5,528.0,528.5,519,33594,33698
2024-09-23 22:01:00.000000000,1727100060000000000,528.5,528.5,528.1,528.3,285,33698,33759
2024-09-23 22:02:00.000000000,1727100120000000000,528.3,529.2,528.3,528.9,801,33759,33773
2024-09-23 22:03:00.000000000,1727100180000000000,528.9,528.9,528.3,528.5,484,33773,33888
2024-09-23 22:04:00.000000000,1727100240000000000,528.5,528.6,528.4,528.6,260,33888,33944
2024-09-23 22:05:00.000000000,1727100300000000000,528.6,528.8,528.3,528.5,272,33944,33974
2024-09-23 22:06:00.000000000,1727100360000000000,528.5,528.7,528.0,528.7,651,33974,33986
2024-09-23 22:07:00.000000000,1727100420000000000,528.7,528.9,528.2,528.3,435,33986,34035
2024-09-23 22:08:00.000000000,1727100480000000000,528.3,528.3,528.1,528.2,189,34035,34051
2024-09-23 22:09:00.000000000,1727100540000000000,528.2,528.4,528.1,528.3,212,34051,34057
2024-09-23 22:10:00.000000000,1727100600000000000,528.3,528.9,528.3,528.6,371,34057,34112
2024-09-23 22:11:00.000000000,1727100660000000000,528.6,529.1,528.6,528.8,394,34112,34107
2024-09-23 22:12:00.000000000,1727100720000000000,528.8,529.2,528.7,528.9,317,34107,34160
2024-09-23 22:13:00.000000000,1727100780000000000,528.9,529.1,528.8,528.9,225,34160,34152
2024-09-23 22:14:00.000000000,1727100840000000000,528.9,529.4,528.9,529.3,346,34152,34152
2024-09-23 22:15:00.000000000,1727100900000000000,529.3,529.4,528.4,528.7,440,34152,34137
2024-09-23 22:16:00.000000000,1727100960000000000,528.7,528.8,528.3,528.7,402,34137,34135
2024-09-23 22:17:00.000000000,1727101020000000000,528.7,528.9,528.7,528.8,167,34135,34129
2024-09-23 22:18:00.000000000,1727101080000000000,528.8,529.0,528.6,528.9,112,34129,34147
2024-09-23 22:19:00.000000000,1727101140000000000,528.9,529.0,528.4,528.6,230,34147,34151
2024-09-23 22:20:00.000000000,1727101200000000000,528.6,528.7,528.3,528.4,162,34151,34136
2024-09-23 22:21:00.000000000,1727101260000000000,528.4,528.5,527.8,528.4,658,34136,34056
2024-09-23 22:22:00.000000000,1727101320000000000,528.4,528.5,528.1,528.3,170,34056,34073
2024-09-23 22:23:00.000000000,1727101380000000000,528.3,528.5,528.1,528.2,173,34073,34067
2024-09-23 22:24:00.000000000,1727101440000000000,528.2,528.2,527.9,528.0,234,34067,34062
2024-09-23 22:25:00.000000000,1727101500000000000,528.0,528.4,527.7,528.2,388,34062,34021
2024-09-23 22:26:00.000000000,1727101560000000000,528.2,528.5,528.2,528.4,159,34021,34026
2024-09-23 22:27:00.000000000,1727101620000000000,528.4,528.8,528.4,528.7,238,34026,34063
2024-09-23 22:28:00.000000000,1727101680000000000,528.7,528.8,528.3,528.4,281,34063,34054
2024-09-23 22:29:00.000000000,1727101740000000000,528.4,528.6,528.1,528.2,193,34054,34032
2024-09-23 22:30:00.000000000,1727101800000000000,528.2,528.4,527.9,528.2,275,34032,34063
2024-09-23 22:31:00.000000000,1727101860000000000,528.2,528.4,528.1,528.2,133,34063,34038
2024-09-23 22:32:00.000000000,1727101920000000000,528.2,528.5,528.1,528.4,92,34038,34049
2024-09-23 22:33:00.000000000,1727101980000000000,528.4,528.6,528.3,528.5,117,34049,34041
2024-09-23 22:34:00.000000000,1727102040000000000,528.5,528.5,528.3,528.4,100,34041,34060
2024-09-23 22:35:00.000000000,1727102100000000000,528.4,528.5,528.2,528.2,134,34060,34047
2024-09-23 22:36:00.000000000,1727102160000000000,528.2,528.2,527.8,528.0,333,34047,34022
2024-09-23 22:37:00.000000000,1727102220000000000,528.0,528.0,527.5,527.6,376,34022,33975
2024-09-23 22:38:00.000000000,1727102280000000000,527.6,527.6,527.1,527.1,522,33975,33944
2024-09-23 22:39:00.000000000,1727102340000000000,527.1,527.3,526.4,526.5,1155,33944,33792
2024-09-23 22:40:00.000000000,1727102400000000000,526.5,526.5,525.7,526.1,1297,33792,33547
2024-09-23 22:41:00.000000000,1727102460000000000,526.1,526.1,524.5,524.6,1940,33547,33478
2024-09-23 22:42:00.000000000,1727102520000000000,524.6,525.0,524.3,524.8,1237,33478,33383
2024-09-23 22:43:00.000000000,1727102580000000000,524.8,525.2,524.8,525.0,702,33383,33326
2024-09-23 22:44:00.000000000,1727102640000000000,525.0,525.5,524.9,525.1,633,33326,33329
2024-09-23 22:45:00.000000000,1727102700000000000,525.1,525.2,524.5,524.5,770,33329,33244
2024-09-23 22:46:00.000000000,1727102760000000000,524.5,525.1,524.2,525.1,772,33244,33252
2024-09-23 22:47:00.000000000,1727102820000000000,525.1,525.6,525.0,525.4,598,33252,33123
2024-09-23 22:48:00.000000000,1727102880000000000,525.4,525.7,525.3,525.7,305,33123,33176
2024-09-23 22:49:00.000000000,1727102940000000000,525.7,525.8,525.2,525.2,555,33176,33191
2024-09-23 22:50:00.000000000,1727103000000000000,525.2,525.2,524.6,524.7,453,33191,33244
2024-09-23 22:51:00.000000000,1727103060000000000,524.7,524.9,524.4,524.6,486,33244,33304
2024-09-23 22:52:00.000000000,1727103120000000000,524.6,525.0,524.6,525.0,366,33304,33297
2024-09-23 22:53:00.000000000,1727103180000000000,525.0,525.1,524.6,524.8,450,33297,33395
2024-09-23 22:54:00.000000000,1727103240000000000,524.8,524.8,524.2,524.7,462,33395,33438
2024-09-23 22:55:00.000000000,1727103300000000000,524.7,524.8,524.4,524.7,285,33438,33425
2024-09-23 22:56:00.000000000,1727103360000000000,524.7,525.0,524.7,525.0,220,33425,33383
2024-09-23 22:57:00.000000000,1727103420000000000,525.0,525.1,524.9,525.0,294,33383,33384
2024-09-23 22:58:00.000000000,1727103480000000000,525.0,525.2,524.8,525.0,288,33384,33346
2024-09-23 22:59:00.000000000,1727103540000000000,525.0,525.0,524.5,524.6,338,33346,33447
2024-09-23 23:00:00.000000000,1727103600000000000,524.6,524.6,523.6,523.9,1546,33447,33564
2024-09-23 23:01:00.000000000,1727103660000000000,523.9,524.1,523.7,523.8,573,33564,33616
2024-09-23 23:02:00.000000000,1727103720000000000,523.8,523.9,523.6,523.7,392,33616,33683
2024-09-23 23:03:00.000000000,1727103780000000000,523.7,524.3,523.6,524.2,443,33683,33680
2024-09-23 23:04:00.000000000,1727103840000000000,524.2,524.4,523.9,523.9,341,33680,33685
2024-09-23 23:05:00.000000000,1727103900000000000,523.9,524.1,523.7,524.0,477,33685,33742
2024-09-23 23:06:00.000000000,1727103960000000000,524.0,524.1,523.8,524.0,281,33742,33784
2024-09-23 23:07:00.000000000,1727104020000000000,524.0,524.0,523.2,523.4,894,33784,33953
2024-09-23 23:08:00.000000000,1727104080000000000,523.4,523.6,523.4,523.5,314,33953,33991
2024-09-23 23:09:00.000000000,1727104140000000000,523.5,523.6,523.4,523.6,310,33991,34038
2024-09-23 23:10:00.000000000,1727104200000000000,523.6,523.7,522.5,523.1,1268,34038,34086
2024-09-23 23:11:00.000000000,1727104260000000000,523.1,523.2,522.9,523.1,398,34086,34099
2024-09-23 23:12:00.000000000,1727104320000000000,523.1,523.2,522.6,522.6,633,34099,34055
2024-09-23 23:13:00.000000000,1727104380000000000,522.6,523.1,522.5,522.6,522,34055,34132
2024-09-23 23:14:00.000000000,1727104440000000000,522.6,523.0,522.5,522.8,390,34132,34143
2024-09-23 23:15:00.000000000,1727104500000000000,522.8,522.8,521.5,522.0,1336,34143,34243
2024-09-23 23:16:00.000000000,1727104560000000000,522.0,522.0,521.4,521.4,771,34243,34415
2024-09-23 23:17:00.000000000,1727104620000000000,521.4,521.5,520.9,521.4,1013,34415,34507
2024-09-23 23:18:00.000000000,1727104680000000000,521.4,522.1,521.4,522.0,839,34507,34430
2024-09-23 23:19:00.000000000,1727104740000000000,522.0,522.2,521.9,522.1,508,34430,34422
2024-09-23 23:20:00.000000000,1727104800000000000,522.1,522.2,521.6,521.7,315,34422,34457
2024-09-23 23:21:00.000000000,1727104860000000000,521.7,522.4,521.7,522.3,580,34457,34422
2024-09-23 23:22:00.000000000,1727104920000000000,522.3,522.3,521.7,521.9,409,34422,34465
2024-09-23 23:23:00.000000000,1727104980000000000,521.9,522.0,521.6,521.6,348,34465,34533
2024-09-23 23:24:00.000000000,1727105040000000000,521.6,521.9,521.4,521.5,374,34533,34562
2024-09-23 23:25:00.000000000,1727105100000000000,521.5,521.9,521.4,521.4,373,34562,34556
2024-09-23 23:26:00.000000000,1727105160000000000,521.4,521.8,521.0,521.6,748,34556,34559
2024-09-23 23:27:00.000000000,1727105220000000000,521.6,521.8,521.3,521.5,435,34559,34570
2024-09-23 23:28:00.000000000,1727105280000000000,521.5,522.0,521.5,521.8,359,34570,34577
2024-09-23 23:29:00.000000000,1727105340000000000,521.8,521.9,521.2,521.6,535,34577,34629
2024-09-23 23:30:00.000000000,1727105400000000000,521.6,521.7,521.2,521.4,402,34629,34630
2024-09-23 23:31:00.000000000,1727105460000000000,521.4,521.4,520.8,521.1,621,34630,34647
2024-09-23 23:32:00.000000000,1727105520000000000,521.1,521.2,520.6,521.1,419,34647,34635
2024-09-23 23:33:00.000000000,1727105580000000000,521.1,521.5,521.0,521.2,254,34635,34618
2024-09-23 23:34:00.000000000,1727105640000000000,521.2,521.4,521.1,521.2,147,34618,34636
2024-09-23 23:35:00.000000000,1727105700000000000,521.2,521.2,520.9,521.2,144,34636,34656
2024-09-23 23:36:00.000000000,1727105760000000000,521.2,521.3,520.1,520.3,931,34656,34602
2024-09-23 23:37:00.000000000,1727105820000000000,520.3,520.4,520.1,520.3,693,34602,34746
2024-09-23 23:38:00.000000000,1727105880000000000,520.3,520.8,520.3,520.7,607,34746,34814
2024-09-23 23:39:00.000000000,1727105940000000000,520.7,520.7,520.2,520.3,314,34814,34863
2024-09-23 23:40:00.000000000,1727106000000000000,520.3,520.3,519.9,520.3,477,34863,34892
2024-09-23 23:41:00.000000000,1727106060000000000,520.3,520.5,520.2,520.3,386,34892,35006
2024-09-23 23:42:00.000000000,1727106120000000000,520.3,520.4,520.0,520.1,238,35006,34997
2024-09-23 23:43:00.000000000,1727106180000000000,520.1,520.4,520.0,520.2,217,34997,34976
2024-09-23 23:44:00.000000000,1727106240000000000,520.2,520.2,519.2,519.5,982,34976,35009
2024-09-23 23:45:00.000000000,1727106300000000000,519.5,519.5,518.2,518.4,1669,35009,35195
2024-09-23 23:46:00.000000000,1727106360000000000,518.4,519.0,518.0,519.0,994,35195,35222
2024-09-23 23:47:00.000000000,1727106420000000000,519.0,519.3,518.8,519.3,618,35222,35188
2024-09-23 23:48:00.000000000,1727106480000000000,519.3,519.3,518.9,519.0,354,35188,35192
2024-09-23 23:49:00.000000000,1727106540000000000,519.0,519.1,518.5,518.7,455,35192,35243
2024-09-23 23:50:00.000000000,1727106600000000000,518.7,518.9,518.5,518.8,317,35243,35270
2024-09-23 23:51:00.000000000,1727106660000000000,518.8,519.0,518.6,519.0,281,35270,35290
2024-09-23 23:52:00.000000000,1727106720000000000,519.0,519.3,518.9,519.1,282,35290,35264
2024-09-23 23:53:00.000000000,1727106780000000000,519.1,519.3,518.8,518.9,293,35264,35312
2024-09-23 23:54:00.000000000,1727106840000000000,518.9,519.1,518.6,518.7,258,35312,35334
2024-09-23 23:55:00.000000000,1727106900000000000,518.7,518.8,518.1,518.1,616,35334,35357
2024-09-23 23:56:00.000000000,1727106960000000000,518.1,518.2,517.2,517.8,1420,35357,35386
2024-09-23 23:57:00.000000000,1727107020000000000,517.8,517.9,517.2,517.5,734,35386,35434
2024-09-23 23:58:00.000000000,1727107080000000000,517.5,517.7,517.4,517.7,382,35434,35403
2024-09-23 23:59:00.000000000,1727107140000000000,517.7,518.1,517.5,518.1,649,35403,35346
2024-09-24 00:00:00.000000000,1727107200000000000,518.1,518.3,517.7,518.1,489,35346,35376
2024-09-24 00:01:00.000000000,1727107260000000000,518.1,518.3,518.0,518.3,257,35376,35394
2024-09-24 00:02:00.000000000,1727107320000000000,518.3,518.4,518.0,518.1,285,35394,35406
2024-09-24 00:03:00.000000000,1727107380000000000,518.1,518.3,518.0,518.3,189,35406,35443
2024-09-24 00:04:00.000000000,1727107440000000000,518.3,518.4,518.1,518.2,273,35443,35531
2024-09-24 00:05:00.000000000,1727107500000000000,518.2,518.4,518.0,518.4,255,35531,35518
2024-09-24 00:06:00.000000000,1727107560000000000,518.4,518.8,518.2,518.2,533,35518,35503
2024-09-24 00:07:00.000000000,1727107620000000000,518.2,518.6,518.1,518.1,307,35503,35544
2024-09-24 00:08:00.000000000,1727107680000000000,518.1,518.2,517.5,517.6,540,35544,35449
2024-09-24 00:09:00.000000000,1727107740000000000,517.6,517.6,516.9,517.5,803,35449,35518
2024-09-24 00:10:00.000000000,1727107800000000000,517.5,517.7,517.3,517.7,454,35518,35569
2024-09-24 00:11:00.000000000,1727107860000000000,517.7,517.7,517.2,517.3,232,35569,35589
2024-09-24 00:12:00.000000000,1727107920000000000,517.3,517.7,517.1,517.4,370,35589,35639
2024-09-24 00:13:00.000000000,1727107980000000000,517.4,517.4,516.4,517.0,962,35639,35664
2024-09-24 00:14:00.000000000,1727108040000000000,517.0,517.2,516.8,517.1,304,35664,35649
2024-09-24 00:15:00.000000000,1727108100000000000,517.1,517.4,517.0,517.1,368,35649,35636
2024-09-24 00:16:00.000000000,1727108160000000000,517.1,517.3,516.9,517.1,280,35636,35681
2024-09-24 00:17:00.000000000,1727108220000000000,517.1,517.5,516.9,517.4,388,35681,35603
2024-09-24 00:18:00.000000000,1727108280000000000,517.4,517.6,516.8,516.9,471,35603,35684
2024-09-24 00:19:00.000000000,1727108340000000000,516.9,516.9,516.1,516.4,873,35684,35648
2024-09-24 00:20:00.000000000,1727108400000000000,516.4,516.5,515.8,516.2,799,35648,35638
2024-09-24 00:21:00.000000000,1727108460000000000,516.2,516.5,516.2,516.4,293,35638,35623
2024-09-24 00:22:00.000000000,1727108520000000000,516.4,516.4,515.8,516.1,572,35623,35697
2024-09-24 00:23:00.000000000,1727108580000000000,516.1,516.3,515.7,515.8,419,35697,35741
2024-09-24 00:24:00.000000000,1727108640000000000,515.8,516.1,515.6,515.9,429,35741,35787
2024-09-24 00:25:00.000000000,1727108700000000000,515.9,516.0,515.6,515.9,383,35787,35850
2024-09-24 00:26:00.000000000,1727108760000000000,515.9,516.1,515.6,515.7,338,35850,35902
2024-09-24 00:27:00.000000000,1727108820000000000,515.7,515.8,515.4,515.6,517,35902,35906
2024-09-24 00:28:00.000000000,1727108880000000000,515.6,516.1,515.6,515.8,418,35906,35917
2024-09-24 00:29:00.000000000,1727108940000000000,515.8,515.9,515.5,515.9,299,35917,35925
2024-09-24 00:30:00.000000000,1727109000000000000,515.9,516.2,515.7,516.0,583,35925,35922
2024-09-24 00:31:00.000000000,1727109060000000000,516.0,516.5,516.0,516.4,629,35922,35864
2024-09-24 00:32:00.000000000,1727109120000000000,516.4,516.5,516.2,516.3,216,35864,35910
2024-09-24 00:33:00.000000000,1727109180000000000,516.3,516.4,516.2,516.3,127,35910,35911
2024-09-24 00:34:00.000000000,1727109240000000000,516.3,516.4,516.1,516.1,164,35911,35924
2024-09-24 00:35:00.000000000,1727109300000000000,516.1,516.9,516.1,516.7,590,35924,35943
2024-09-24 00:36:00.000000000,1727109360000000000,516.7,516.8,516.5,516.5,303,35943,36019
2024-09-24 00:37:00.000000000,1727109420000000000,516.5,516.6,516.4,516.6,139,36019,36017
2024-09-24 00:38:00.000000000,1727109480000000000,516.6,516.6,516.2,516.3,233,36017,36047
2024-09-24 00:39:00.000000000,1727109540000000000,516.3,516.6,516.2,516.4,135,36047,36044
2024-09-24 00:40:00.000000000,1727109600000000000,516.4,516.7,516.3,516.4,302,36044,36084
2024-09-24 00:41:00.000000000,1727109660000000000,516.4,516.7,516.4,516.5,92,36084,36102
2024-09-24 00:42:00.000000000,1727109720000000000,516.5,516.6,516.4,516.5,193,36102,36117
2024-09-24 00:43:00.000000000,1727109780000000000,516.5,516.5,516.2,516.4,110,36117,36129
2024-09-24 00:44:00.000000000,1727109840000000000,516.4,516.4,516.1,516.1,236,36129,36144
2024-09-24 00:45:00.000000000,1727109900000000000,516.1,516.6,516.1,516.5,149,36144,36131
2024-09-24 00:46:00.000000000,1727109960000000000,516.5,516.8,516.4,516.4,217,36131,36147
2024-09-24 00:47:00.000000000,1727110020000000000,516.4,516.7,516.4,516.7,99,36147,36154
2024-09-24 00:48:00.000000000,1727110080000000000,516.7,517.0,516.6,516.9,344,36154,36096
2024-09-24 00:49:00.000000000,1727110140000000000,516.9,517.2,516.8,517.1,316,36096,36051
2024-09-24 00:50:00.000000000,1727110200000000000,517.1,517.1,516.9,516.9,201,36051,36024
2024-09-24 00:51:00.000000000,1727110260000000000,516.9,517.1,516.7,517.0,429,36024,35958
2024-09-24 00:52:00.000000000,1727110320000000000,517.0,517.0,516.8,516.8,126,35958,35957
2024-09-24 00:53:00.000000000,1727110380000000000,516.8,517.2,516.7,517.1,260,35957,35946
2024-09-24 00:54:00.000000000,1727110440000000000,517.1,517.7,517.0,517.5,498,35946,35946
2024-09-24 00:55:00.000000000,1727110500000000000,517.5,517.9,517.3,517.8,426,35946,35856
2024-09-24 00:56:00.000000000,1727110560000000000,517.8,518.1,517.7,518.0,450,35856,35827
2024-09-24 00:57:00.000000000,1727110620000000000,518.0,518.5,517.9,518.3,574,35827,35795
2024-09-24 00:58:00.000000000,1727110680000000000,518.3,518.5,518.0,518.1,312,35795,35777
2024-09-24 00:59:00.000000000,1727110740000000000,518.1,518.2,517.9,517.9,235,35777,35754
2024-09-24 01:00:00.000000000,1727110800000000000,517.9,518.1,517.8,518.0,285,35754,35741
2024-09-24 01:01:00.000000000,1727110860000000000,518.0,518.1,517.9,518.0,104,35741,35732
2024-09-24 01:02:00.000000000,1727110920000000000,518.0,518.1,517.7,518.1,299,35732,35704
2024-09-24 01:03:00.000000000,1727110980000000000,518.1,518.3,517.8,518.2,201,35704,35685
2024-09-24 01:04:00.000000000,1727111040000000000,518.2,518.6,518.1,518.2,325,35685,35694
2024-09-24 01:05:00.000000000,1727111100000000000,518.2,518.4,517.9,518.0,225,35694,35718
2024-09-24 01:06:00.000000000,1727111160000000000,518.0,518.2,518.0,518.0,93,35718,35700
2024-09-24 01:07:00.000000000,1727111220000000000,518.0,518.4,517.8,518.1,336,35700,35716
2024-09-24 01:08:00.000000000,1727111280000000000,518.1,518.6,518.1,518.5,178,35716,35680
2024-09-24 01:09:00.000000000,1727111340000000000,518.5,519.0,518.5,518.8,696,35680,35592
2024-09-24 01:10:00.000000000,1727111400000000000,518.8,519.0,518.8,518.8,212,35592,35602
2024-09-24 01:11:00.000000000,1727111460000000000,518.8,518.9,518.4,518.5,181,35602,35587
2024-09-24 01:12:00.000000000,1727111520000000000,518.5,519.4,518.4,519.2,485,35587,35442
2024-09-24 01:13:00.000000000,1727111580000000000,519.2,519.2,519.0,519.1,156,35442,35461
2024-09-24 01:14:00.000000000,1727111640000000000,519.1,519.1,518.9,519.1,144,35461,35457
2024-09-24 01:15:00.000000000,1727111700000000000,519.1,519.4,518.9,519.4,274,35457,35443
2024-09-24 01:16:00.000000000,1727111760000000000,519.4,519.8,519.3,519.7,415,35443,35357
2024-09-24 01:17:00.000000000,1727111820000000000,519.7,519.8,519.5,519.8,304,35357,35336
2024-09-24 01:18:00.000000000,1727111880000000000,519.8,520.2,519.6,519.6,675,35336,35355
2024-09-24 01:19:00.000000000,1727111940000000000,519.6,519.8,519.5,519.7,250,35355,35347
2024-09-24 01:20:00.000000000,1727112000000000000,519.7,519.8,519.6,519.8,179,35347,35321
2024-09-24 01:21:00.000000000,1727112060000000000,519.8,519.8,519.7,519.7,96,35321,35287
2024-09-24 01:22:00.000000000,1727112120000000000,519.7,520.0,519.7,519.8,149,35287,35268
2024-09-24 01:23:00.000000000,1727112180000000000,519.8,519.8,519.5,519.6,262,35268,35214
2024-09-24 01:24:00.000000000,1727112240000000000,519.6,519.7,519.5,519.6,178,35214,35139
2024-09-24 01:25:00.000000000,1727112300000000000,519.6,519.8,519.6,519.6,196,35139,35079
2024-09-24 01:26:00.000000000,1727112360000000000,519.6,519.6,519.4,519.5,166,35079,35015
2024-09-24 01:27:00.000000000,1727112420000000000,519.5,519.7,519.4,519.7,142,35015,35012
2024-09-24 01:28:00.000000000,1727112480000000000,519.7,519.9,519.6,519.8,157,35012,35002
2024-09-24 01:29:00.000000000,1727112540000000000,519.8,520.2,519.6,519.6,255,35002,34998
2024-09-24 01:30:00.000000000,1727112600000000000,519.6,519.9,519.6,519.7,152,34998,35009
2024-09-24 01:31:00.000000000,1727112660000000000,519.7,520.0,519.7,519.8,96,35009,35009
2024-09-24 01:32:00.000000000,1727112720000000000,519.8,520.0,519.6,519.9,181,35009,35004
2024-09-24 01:33:00.000000000,1727112780000000000,519.9,520.0,519.8,520.0,98,35004,35009
2024-09-24 01:34:00.000000000,1727112840000000000,520.0,520.0,519.7,519.8,108,35009,35017
2024-09-24 01:35:00.000000000,1727112900000000000,519.8,520.2,519.7,520.2,243,35017,34970
2024-09-24 01:36:00.000000000,1727112960000000000,520.2,520.2,520.1,520.1,212,34970,34987
2024-09-24 01:37:00.000000000,1727113020000000000,520.1,520.4,520.1,520.2,193,34987,34959
2024-09-24 01:38:00.000000000,1727113080000000000,520.2,520.3,520.0,520.1,111,34959,34960
2024-09-24 01:39:00.000000000,1727113140000000000,520.1,520.1,519.8,519.9,166,34960,34934
2024-09-24 01:40:00.000000000,1727113200000000000,519.9,520.1,519.9,520.1,67,34934,34942
2024-09-24 01:41:00.000000000,1727113260000000000,520.1,520.1,519.6,519.8,280,34942,34884
2024-09-24 01:42:00.000000000,1727113320000000000,519.8,520.0,519.7,519.9,126,34884,34911
2024-09-24 01:43:00.000000000,1727113380000000000,519.9,520.2,519.9,520.0,177,34911,34897
2024-09-24 01:44:00.000000000,1727113440000000000,520.0,520.4,520.0,520.2,253,34897,34832
2024-09-24 01:45:00.000000000,1727113500000000000,520.2,520.3,520.0,520.2,142,34832,34849
2024-09-24 01:46:00.000000000,1727113560000000000,520.2,520.4,520.1,520.3,121,34849,34820
2024-09-24 01:47:00.000000000,1727113620000000000,520.3,520.8,520.3,520.7,345,34820,34834
2024-09-24 01:48:00.000000000,1727113680000000000,520.7,520.8,520.5,520.6,162,34834,34870
2024-09-24 01:49:00.000000000,1727113740000000000,520.6,520.7,520.4,520.4,118,34870,34855
2024-09-24 01:50:00.000000000,1727113800000000000,520.4,520.6,520.3,520.6,136,34855,34858
2024-09-24 01:51:00.000000000,1727113860000000000,520.6,520.6,520.3,520.4,112,34858,34860
2024-09-24 01:52:00.000000000,1727113920000000000,520.4,520.5,520.1,520.3,135,34860,34829
2024-09-24 01:53:00.000000000,1727113980000000000,520.3,520.4,520.0,520.0,172,34829,34848
2024-09-24 01:54:00.000000000,1727114040000000000,520.0,520.2,520.0,520.1,145,34848,34884
2024-09-24 01:55:00.000000000,1727114100000000000,520.1,520.2,520.0,520.2,97,34884,34854
2024-09-24 01:56:00.000000000,1727114160000000000,520.2,520.2,519.9,520.2,129,34854,34853
2024-09-24 01:57:00.000000000,1727114220000000000,520.2,520.3,520.1,520.2,42,34853,34852
2024-09-24 01:58:00.000000000,1727114280000000000,520.2,520.2,519.9,519.9,93,34852,34820
2024-09-24 01:59:00.000000000,1727114340000000000,519.9,520.1,519.8,520.0,114,34820,34804
2024-09-24 02:00:00.000000000,1727114400000000000,520.0,520.1,519.8,520.0,171,34804,34772
2024-09-24 02:01:00.000000000,1727114460000000000,520.0,520.1,519.9,520.0,81,34772,34761
2024-09-24 02:02:00.000000000,1727114520000000000,520.0,520.0,519.8,519.9,56,34761,34752
2024-09-24 02:03:00.000000000,1727114580000000000,519.9,520.1,519.9,519.9,82,34752,34750
2024-09-24 02:04:00.000000000,1727114640000000000,519.9,520.2,519.3,519.4,284,34750,34680
2024-09-24 02:05:00.000000000,1727114700000000000,519.4,519.8,519.4,519.7,165,34680,34639
2024-09-24 02:06:00.000000000,1727114760000000000,519.7,519.8,519.4,519.5,185,34639,34599
2024-09-24 02:07:00.000000000,1727114820000000000,519.5,519.6,519.4,519.5,139,34599,34566
2024-09-24 02:08:00.000000000,1727114880000000000,519.5,519.9,519.5,519.8,64,34566,34555
2024-09-24 02:09:00.000000000,1727114940000000000,519.8,519.9,519.6,519.8,66,34555,34534
2024-09-24 02:10:00.000000000,1727115000000000000,519.8,519.8,519.4,519.5,120,34534,34537
2024-09-24 02:11:00.000000000,1727115060000000000,519.5,519.6,519.4,519.5,161,34537,34522
2024-09-24 02:12:00.000000000,1727115120000000000,519.5,519.6,519.4,519.6,89,34522,34520
2024-09-24 02:13:00.000000000,1727115180000000000,519.6,519.8,519.6,519.7,79,34520,34506
2024-09-24 02:14:00.000000000,1727115240000000000,519.7,519.9,519.6,519.8,73,34506,34476
2024-09-24 02:15:00.000000000,1727115300000000000,519.8,519.9,519.5,519.7,160,34476,34449
2024-09-24 02:16:00.000000000,1727115360000000000,519.7,519.9,519.6,519.8,55,34449,34424
2024-09-24 02:17:00.000000000,1727115420000000000,519.8,519.9,519.6,519.7,53,34424,34410
2024-09-24 02:18:00.000000000,1727115480000000000,519.7,519.9,519.6,519.8,34,34410,34398
2024-09-24 02:19:00.000000000,1727115540000000000,519.8,520.1,519.7,520.0,220,34398,34363
2024-09-24 02:20:00.000000000,1727115600000000000,520.0,520.4,520.0,520.2,163,34363,34320
2024-09-24 02:21:00.000000000,1727115660000000000,520.2,520.2,519.9,520.1,190,34320,34326
2024-09-24 02:22:00.000000000,1727115720000000000,520.1,520.2,519.9,520.1,83,34326,34341
2024-09-24 02:23:00.000000000,1727115780000000000,520.1,520.4,520.1,520.4,156,34341,34316
2024-09-24 02:24:00.000000000,1727115840000000000,520.4,520.4,520.2,520.2,123,34316,34291
2024-09-24 02:25:00.000000000,1727115900000000000,520.2,520.6,520.2,520.3,133,34291,34221
2024-09-24 02:26:00.000000000,1727115960000000000,520.3,520.6,520.2,520.5,153,34221,34161
2024-09-24 02:27:00.000000000,1727116020000000000,520.5,520.6,520.1,520.2,179,34161,34098
2024-09-24 02:28:00.000000000,1727116080000000000,520.2,520.5,520.1,520.2,363,34098,33972
2024-09-24 02:29:00.000000000,1727116140000000000,520.2,520.9,520.1,520.8,447,33972,33771
2024-09-24 09:00:00.000000000,1727139600000000000,521.1,521.5,520.9,521.1,1138,33771,33642
2024-09-24 09:01:00.000000000,1727139660000000000,521.1,521.2,520.9,521.2,353,33642,33595
2024-09-24 09:02:00.000000000,1727139720000000000,521.2,521.2,521.0,521.0,199,33595,33589
2024-09-24 09:03:00.000000000,1727139780000000000,521.0,521.0,520.7,520.7,355,33589,33529
2024-09-24 09:04:00.000000000,1727139840000000000,520.7,521.2,520.6,521.2,307,33529,33500
2024-09-24 09:05:00.000000000,1727139900000000000,521.2,521.2,520.9,520.9,219,33500,33535
2024-09-24 09:06:00.000000000,1727139960000000000,520.9,521.9,520.8,521.6,624,33535,33519
2024-09-24 09:07:00.000000000,1727140020000000000,521.6,522.3,521.5,522.3,695,33519,33516
2024-09-24 09:08:00.000000000,1727140080000000000,522.3,522.4,522.1,522.3,374,33516,33502
2024-09-24 09:09:00.000000000,1727140140000000000,522.3,522.7,522.3,522.7,730,33502,33518
2024-09-24 09:10:00.000000000,1727140200000000000,522.7,523.2,522.5,523.1,722,33518,33384
2024-09-24 09:11:00.000000000,1727140260000000000,523.1,524.7,523.1,524.2,1666,33384,33101
2024-09-24 09:12:00.000000000,1727140320000000000,524.2,525.4,524.2,525.4,1509,33101,32934
2024-09-24 09:13:00.000000000,1727140380000000000,525.4,526.1,525.4,525.6,1237,32934,32773
2024-09-24 09:14:00.000000000,1727140440000000000,525.6,525.7,524.6,524.7,839,32773,32692
2024-09-24 09:15:00.000000000,1727140500000000000,524.7,525.1,524.6,524.7,543,32692,32674
2024-09-24 09:16:00.000000000,1727140560000000000,524.7,525.1,524.3,524.5,339,32674,32621
2024-09-24 09:17:00.000000000,1727140620000000000,524.5,524.5,524.1,524.3,600,32621,32607
2024-09-24 09:18:00.000000000,1727140680000000000,524.3,524.6,523.9,524.5,437,32607,32531
2024-09-24 09:19:00.000000000,1727140740000000000,524.5,524.9,524.3,524.8,422,32531,32465
2024-09-24 09:20:00.000000000,1727140800000000000,524.8,525.0,524.5,524.6,393,32465,32465
2024-09-24 09:21:00.000000000,1727140860000000000,524.6,524.7,524.3,524.7,476,32465,32321
2024-09-24 09:22:00.000000000,1727140920000000000,524.7,525.0,524.6,524.9,266,32321,32312
2024-09-24 09:23:00.000000000,1727140980000000000,524.9,525.1,524.7,524.8,221,32312,32331
2024-09-24 09:24:00.000000000,1727141040000000000,524.8,525.1,524.8,524.9,203,32331,32325
2024-09-24 09:25:00.000000000,1727141100000000000,524.9,524.9,524.6,524.7,149,32325,32321
2024-09-24 09:26:00.000000000,1727141160000000000,524.7,524.8,524.5,524.5,239,32321,32266
2024-09-24 09:27:00.000000000,1727141220000000000,524.5,524.6,524.3,524.6,209,32266,32219
2024-09-24 09:28:00.000000000,1727141280000000000,524.6,524.9,524.6,524.9,138,32219,32199
2024-09-24 09:29:00.000000000,1727141340000000000,524.9,525.0,524.9,524.9,170,32199,32167
2024-09-24 09:30:00.000000000,1727141400000000000,524.9,525.2,524.8,524.9,325,32167,32150
2024-09-24 09:31:00.000000000,1727141460000000000,524.9,524.9,524.7,524.9,302,32150,32087
2024-09-24 09:32:00.000000000,1727141520000000000,524.9,524.9,524.3,524.3,223,32087,32058
2024-09-24 09:33:00.000000000,1727141580000000000,524.3,524.4,523.9,524.1,292,32058,32028
2024-09-24 09:34:00.000000000,1727141640000000000,524.1,524.2,523.9,524.1,164,32028,32013
2024-09-24 09:35:00.000000000,1727141700000000000,524.1,524.2,523.7,524.0,343,32013,32008
2024-09-24 09:36:00.000000000,1727141760000000000,524.0,524.2,523.9,523.9,106,32008,31980
2024-09-24 09:37:00.000000000,1727141820000000000,523.9,524.3,523.9,524.2,132,31980,31946
2024-09-24 09:38:00.000000000,1727141880000000000,524.2,524.6,524.2,524.5,132,31946,31928
2024-09-24 09:39:00.000000000,1727141940000000000,524.5,524.5,524.2,524.2,62,31928,31946
2024-09-24 09:40:00.000000000,1727142000000000000,524.2,524.2,523.9,524.1,171,31946,31969
2024-09-24 09:41:00.000000000,1727142060000000000,524.1,524.1,523.9,524.0,59,31969,31967
2024-09-24 09:42:00.000000000,1727142120000000000,524.0,524.3,524.0,524.0,136,31967,32010
2024-09-24 09:43:00.000000000,1727142180000000000,524.0,524.3,524.0,524.2,86,32010,31987
2024-09-24 09:44:00.000000000,1727142240000000000,524.2,524.2,523.8,524.0,151,31987,31957
2024-09-24 09:45:00.000000000,1727142300000000000,524.0,524.0,523.7,523.7,83,31957,31976
2024-09-24 09:46:00.000000000,1727142360000000000,523.7,523.9,523.7,523.8,102,31976,31966
2024-09-24 09:47:00.000000000,1727142420000000000,523.8,523.8,523.4,523.4,219,31966,31920
2024-09-24 09:48:00.000000000,1727142480000000000,523.4,523.6,523.3,523.6,125,31920,31901
2024-09-24 09:49:00.000000000,1727142540000000000,523.6,523.7,523.5,523.7,110,31901,31887
2024-09-24 09:50:00.000000000,1727142600000000000,523.7,523.7,523.4,523.5,119,31887,31913
2024-09-24 09:51:00.000000000,1727142660000000000,523.5,523.8,523.4,523.5,93,31913,31915
2024-09-24 09:52:00.000000000,1727142720000000000,523.5,523.6,523.3,523.3,101,31915,31893
2024-09-24 09:53:00.000000000,1727142780000000000,523.3,523.5,523.3,523.4,116,31893,31886
2024-09-24 09:54:00.000000000,1727142840000000000,523.4,523.5,523.1,523.1,93,31886,31851
2024-09-24 09:55:00.000000000,1727142900000000000,523.1,523.5,523.1,523.5,77,31851,31843
2024-09-24 09:56:00.000000000,1727142960000000000,523.5,523.7,523.4,523.6,101,31843,31807
2024-09-24 09:57:00.000000000,1727143020000000000,523.6,523.6,523.4,523.4,25,31807,31806
2024-09-24 09:58:00.000000000,1727143080000000000,523.4,524.0,523.4,524.0,160,31806,31776
2024-09-24 09:59:00.000000000,1727143140000000000,524.0,524.0,523.8,524.0,103,31776,31772
2024-09-24 10:00:00.000000000,1727143200000000000,524.0,524.0,523.3,523.6,165,31772,31797
2024-09-24 10:01:00.000000000,1727143260000000000,523.6,523.8,523.5,523.8,75,31797,31782
2024-09-24 10:02:00.000000000,1727143320000000000,523.8,523.8,523.4,523.4,87,31782,31770
2024-09-24 10:03:00.000000000,1727143380000000000,523.4,523.5,523.1,523.1,96,31770,31746
2024-09-24 10:04:00.000000000,1727143440000000000,523.1,523.2,522.9,523.0,394,31746,31730
2024-09-24 10:05:00.000000000,1727143500000000000,523.0,523.3,523.0,523.2,80,31730,31716
2024-09-24 10:06:00.000000000,1727143560000000000,523.2,523.4,523.1,523.4,107,31716,31671
2024-09-24 10:07:00.000000000,1727143620000000000,523.4,523.5,523.2,523.4,89,31671,31647
2024-09-24 10:08:00.000000000,1727143680000000000,523.4,523.5,523.2,523.3,74,31647,31661
2024-09-24 10:09:00.000000000,1727143740000000000,523.3,523.3,523.0,523.0,117,31661,31696
2024-09-24 10:10:00.000000000,1727143800000000000,523.0,523.2,522.8,523.1,207,31696,31688
2024-09-24 10:11:00.000000000,1727143860000000000,523.1,523.5,523.1,523.5,118,31688,31643
2024-09-24 10:12:00.000000000,1727143920000000000,523.5,523.6,523.4,523.5,143,31643,31670
2024-09-24 10:13:00.000000000,1727143980000000000,523.5,523.8,523.5,523.6,78,31670,31651
2024-09-24 10:14:00.000000000,1727144040000000000,523.6,523.8,523.6,523.8,96,31651,31630
2024-09-24 10:30:00.000000000,1727145000000000000,523.9,524.2,523.7,524.2,202,31630,31602
2024-09-24 10:31:00.000000000,1727145060000000000,524.2,524.4,524.1,524.2,175,31602,31576
2024-09-24 10:32:00.000000000,1727145120000000000,524.2,524.3,523.9,523.9,100,31576,31586
2024-09-24 10:33:00.000000000,1727145180000000000,523.9,524.4,523.9,524.3,86,31586,31593
2024-09-24 10:34:00.000000000,1727145240000000000,524.3,524.3,524.0,524.0,144,31593,31579
2024-09-24 10:35:00.000000000,1727145300000000000,524.0,524.3,524.0,524.1,111,31579,31608
2024-09-24 10:36:00.000000000,1727145360000000000,524.1,524.2,524.0,524.0,67,31608,31604
2024-09-24 10:37:00.000000000,1727145420000000000,524.0,524.0,523.5,523.6,286,31604,31686
2024-09-24 10:38:00.000000000,1727145480000000000,523.6,523.7,523.5,523.6,66,31686,31702
2024-09-24 10:39:00.000000000,1727145540000000000,523.6,523.6,523.3,523.5,170,31702,31705
2024-09-24 10:40:00.000000000,1727145600000000000,523.5,523.6,523.3,523.5,112,31705,31718
2024-09-24 10:41:00.000000000,1727145660000000000,523.5,523.7,523.5,523.7,78,31718,31709
2024-09-24 10:42:00.000000000,1727145720000000000,523.7,523.9,523.7,523.9,66,31709,31703
2024-09-24 10:43:00.000000000,1727145780000000000,523.9,523.9,523.6,523.7,89,31703,31715
2024-09-24 10:44:00.000000000,1727145840000000000,523.7,523.9,523.6,523.8,65,31715,31699
2024-09-24 10:45:00.000000000,1727145900000000000,523.8,523.9,523.7,523.8,214,31699,31683
2024-09-24 10:46:00.000000000,1727145960000000000,523.8,524.2,523.8,524.0,91,31683,31664
2024-09-24 10:47:00.000000000,1727146020000000000,524.0,524.2,524.0,524.2,56,31664,31653
2024-09-24 10:48:00.000000000,1727146080000000000,524.2,524.5,524.1,524.5,297,31653,31615
2024-09-24 10:49:00.000000000,1727146140000000000,524.5,524.7,524.5,524.6,283,31615,31553
2024-09-24 10:50:00.000000000,1727146200000000000,524.6,524.9,524.6,524.7,180,31553,31539
2024-09-24 10:51:00.000000000,1727146260000000000,524.7,524.7,524.5,524.6,149,31539,31582
2024-09-24 10:52:00.000000000,1727146320000000000,524.6,524.6,524.5,524.5,27,31582,31579
2024-09-24 10:53:00.000000000,1727146380000000000,524.5,524.5,524.4,524.4,58,31579,31588
2024-09-24 10:54:00.000000000,1727146440000000000,524.4,524.5,524.3,524.4,124,31588,31637
2024-09-24 10:55:00.000000000,1727146500000000000,524.4,524.6,524.4,524.5,167,31637,31651
2024-09-24 10:56:00.000000000,1727146560000000000,524.5,524.7,524.4,524.7,77,31651,31651
2024-09-24 10:57:00.000000000,1727146620000000000,524.7,525.2,524.7,525.0,261,31651,31684
2024-09-24 10:58:00.000000000,1727146680000000000,525.0,525.1,524.9,525.0,119,31684,31729
2024-09-24 10:59:00.000000000,1727146740000000000,525.0,525.4,525.0,525.3,295,31729,31737
2024-09-24 11:00:00.000000000,1727146800000000000,525.3,525.4,525.1,525.3,160,31737,31729
2024-09-24 11:01:00.000000000,1727146860000000000,525.3,525.6,525.3,525.3,286,31729,31683
2024-09-24 11:02:00.000000000,1727146920000000000,525.3,525.4,525.0,525.1,169,31683,31695
2024-09-24 11:03:00.000000000,1727146980000000000,525.1,525.1,525.0,525.0,67,31695,31724
2024-09-24 11:04:00.000000000,1727147040000000000,525.0,525.1,524.9,524.9,165,31724,31731
2024-09-24 11:05:00.000000000,1727147100000000000,524.9,525.1,524.8,524.9,160,31731,31755
2024-09-24 11:06:00.000000000,1727147160000000000,524.9,525.1,524.9,525.1,89,31755,31749
2024-09-24 11:07:00.000000000,1727147220000000000,525.1,525.2,524.9,524.9,282,31749,31812
2024-09-24 11:08:00.000000000,1727147280000000000,524.9,525.2,524.9,525.2,124,31812,31848
2024-09-24 11:09:00.000000000,1727147340000000000,525.2,525.3,525.1,525.2,211,31848,31868
2024-09-24 11:10:00.000000000,1727147400000000000,525.2,525.4,525.1,525.3,280,31868,31956
2024-09-24 11:11:00.000000000,1727147460000000000,525.3,525.4,525.2,525.2,115,31956,31960
2024-09-24 11:12:00.000000000,1727147520000000000,525.2,525.3,525.2,525.3,195,31960,31943
2024-09-24 11:13:00.000000000,1727147580000000000,525.3,525.3,525.2,525.3,28,31943,31941
2024-09-24 11:14:00.000000000,1727147640000000000,525.3,525.4,525.2,525.4,42,31941,31932
2024-09-24 11:15:00.000000000,1727147700000000000,525.4,525.4,525.3,525.3,38,31932,31934
2024-09-24 11:16:00.000000000,1727147760000000000,525.3,525.5,525.3,525.4,70,31934,31927
2024-09-24 11:17:00.000000000,1727147820000000000,525.4,525.4,525.3,525.4,95,31927,31931
2024-09-24 11:18:00.000000000,1727147880000000000,525.4,525.5,525.3,525.4,137,31931,31910
2024-09-24 11:19:00.000000000,1727147940000000000,525.4,525.8,525.4,525.8,291,31910,31860
2024-09-24 11:20:00.000000000,1727148000000000000,525.8,525.8,525.4,525.4,174,31860,31877
2024-09-24 11:21:00.000000000,1727148060000000000,525.4,525.4,525.2,525.3,243,31877,31888
2024-09-24 11:22:00.000000000,1727148120000000000,525.3,525.4,525.2,525.2,105,31888,31864
2024-09-24 11:23:00.000000000,1727148180000000000,525.2,525.3,525.1,525.2,115,31864,31826
2024-09-24 11:24:00.000000000,1727148240000000000,525.2,525.4,525.2,525.3,65,31826,31790
2024-09-24 11:25:00.000000000,1727148300000000000,525.3,525.5,525.3,525.4,72,31790,31748
2024-09-24 11:26:00.000000000,1727148360000000000,525.4,525.6,525.4,525.5,156,31748,31694
2024-09-24 11:27:00.000000000,1727148420000000000,525.5,526.0,525.5,525.9,788,31694,31557
2024-09-24 11:28:00.000000000,1727148480000000000,525.9,526.3,525.8,526.1,395,31557,31475
2024-09-24 11:29:00.000000000,1727148540000000000,526.1,526.2,525.9,526.1,313,31475,31467
2024-09-24 13:30:00.000000000,1727155800000000000,526.6,527.4,526.6,526.9,1346,31467,31496
2024-09-24 13:31:00.000000000,1727155860000000000,526.9,527.3,526.8,527.3,458,31496,31544
2024-09-24 13:32:00.000000000,1727155920000000000,527.3,527.3,527.1,527.3,283,31544,31515
2024-09-24 13:33:00.000000000,1727155980000000000,527.3,527.4,527.0,527.0,261,31515,31551
2024-09-24 13:34:00.000000000,1727156040000000000,527.0,527.2,527.0,527.1,184,31551,31567
2024-09-24 13:35:00.000000000,1727156100000000000,527.1,527.4,527.1,527.2,236,31567,31561
2024-09-24 13:36:00.000000000,1727156160000000000,527.2,527.2,527.1,527.2,185,31561,31553
2024-09-24 13:37:00.000000000,1727156220000000000,527.2,527.3,527.1,527.3,129,31553,31561
2024-09-24 13:38:00.000000000,1727156280000000000,527.3,527.4,526.8,526.9,260,31561,31586
2024-09-24 13:39:00.000000000,1727156340000000000,526.9,527.2,526.8,526.8,178,31586,31594
2024-09-24 13:40:00.000000000,1727156400000000000,526.8,527.0,526.7,526.8,144,31594,31615
2024-09-24 13:41:00.000000000,1727156460000000000,526.8,526.9,526.5,526.8,155,31615,31610
2024-09-24 13:42:00.000000000,1727156520000000000,526.8,526.9,526.5,526.5,213,31610,31561
2024-09-24 13:43:00.000000000,1727156580000000000,526.5,526.6,526.4,526.4,197,31561,31518
2024-09-24 13:44:00.000000000,1727156640000000000,526.4,526.5,526.3,526.3,86,31518,31533
2024-09-24 13:45:00.000000000,1727156700000000000,526.3,526.4,526.1,526.3,333,31533,31496
2024-09-24 13:46:00.000000000,1727156760000000000,526.3,526.4,526.1,526.3,123,31496,31496
2024-09-24 13:47:00.000000000,1727156820000000000,526.3,526.4,526.1,526.2,127,31496,31485
2024-09-24 13:48:00.000000000,1727156880000000000,526.2,526.2,526.0,526.2,127,31485,31468
2024-09-24 13:49:00.000000000,1727156940000000000,526.2,526.5,526.2,526.4,148,31468,31440
2024-09-24 13:50:00.000000000,1727157000000000000,526.4,526.5,526.2,526.2,130,31440,31406
2024-09-24 13:51:00.000000000,1727157060000000000,526.2,526.5,526.2,526.4,68,31406,31400
2024-09-24 13:52:00.000000000,1727157120000000000,526.4,526.5,526.4,526.4,112,31400,31383
2024-09-24 13:53:00.000000000,1727157180000000000,526.4,526.4,526.1,526.2,61,31383,31369
2024-09-24 13:54:00.000000000,1727157240000000000,526.2,526.5,526.2,526.4,78,31369,31372
2024-09-24 13:55:00.000000000,1727157300000000000,526.4,526.4,526.1,526.3,44,31372,31358
2024-09-24 13:56:00.000000000,1727157360000000000,526.3,526.3,526.1,526.1,33,31358,31363
2024-09-24 13:57:00.000000000,1727157420000000000,526.1,526.2,525.6,525.6,247,31363,31360
2024-09-24 13:58:00.000000000,1727157480000000000,525.6,525.8,525.4,525.5,265,31360,31309
2024-09-24 13:59:00.000000000,1727157540000000000,525.5,525.6,525.3,525.5,170,31309,31317
2024-09-24 14:00:00.000000000,1727157600000000000,525.5,525.9,525.3,525.9,338,31317,31198
2024-09-24 14:01:00.000000000,1727157660000000000,525.9,526.0,525.8,525.8,140,31198,31187
2024-09-24 14:02:00.000000000,1727157720000000000,525.8,525.9,525.7,525.9,77,31187,31171
2024-09-24 14:03:00.000000000,1727157780000000000,525.9,525.9,525.7,525.8,47,31171,31160
2024-09-24 14:04:00.000000000,1727157840000000000,525.8,525.9,525.7,525.9,80,31160,31157
2024-09-24 14:05:00.000000000,1727157900000000000,525.9,526.0,525.8,525.9,70,31157,31143
2024-09-24 14:06:00.000000000,1727157960000000000,525.9,526.0,525.8,525.8,99,31143,31121
2024-09-24 14:07:00.000000000,1727158020000000000,525.8,525.9,525.6,525.6,192,31121,31050
2024-09-24 14:08:00.000000000,1727158080000000000,525.6,525.9,525.6,525.8,191,31050,31014
2024-09-24 14:09:00.000000000,1727158140000000000,525.8,525.9,525.7,525.8,53,31014,31004
2024-09-24 14:10:00.000000000,1727158200000000000,525.8,526.0,525.7,526.0,108,31004,30995
2024-09-24 14:11:00.000000000,1727158260000000000,526.0,526.0,525.6,525.6,147,30995,31006
2024-09-24 14:12:00.000000000,1727158320000000000,525.6,526.0,525.6,525.9,111,31006,31019
2024-09-24 14:13:00.000000000,1727158380000000000,525.9,525.9,525.7,525.7,195,31019,31035
2024-09-24 14:14:00.000000000,1727158440000000000,525.7,525.9,525.5,525.9,187,31035,30980
2024-09-24 14:15:00.000000000,1727158500000000000,525.9,526.0,525.7,525.7,122,30980,30976
2024-09-24 14:16:00.000000000,1727158560000000000,525.7,525.7,525.6,525.7,59,30976,30967
2024-09-24 14:17:00.000000000,1727158620000000000,525.7,525.8,525.6,525.7,52,30967,30952
2024-09-24 14:18:00.000000000,1727158680000000000,525.7,526.1,525.7,525.9,260,30952,30886
2024-09-24 14:19:00.000000000,1727158740000000000,525.9,526.1,525.9,526.1,79,30886,30870
2024-09-24 14:20:00.000000000,1727158800000000000,526.1,526.2,526.0,526.1,198,30870,30840
2024-09-24 14:21:00.000000000,1727158860000000000,526.1,526.3,525.9,526.0,217,30840,30747
2024-09-24 14:22:00.000000000,1727158920000000000,526.0,526.0,525.8,525.8,103,30747,30725
2024-09-24 14:23:00.000000000,1727158980000000000,525.8,525.8,525.4,525.5,149,30725,30721
2024-09-24 14:24:00.000000000,1727159040000000000,525.5,525.5,525.2,525.3,224,30721,30721
2024-09-24 14:25:00.000000000,1727159100000000000,525.3,525.6,525.2,525.6,134,30721,30724
2024-09-24 14:26:00.000000000,1727159160000000000,525.6,525.7,525.4,525.4,192,30724,30704
2024-09-24 14:27:00.000000000,1727159220000000000,525.4,525.5,525.3,525.5,83,30704,30705
2024-09-24 14:28:00.000000000,1727159280000000000,525.5,525.5,525.3,525.4,85,30705,30744
2024-09-24 14:29:00.000000000,1727159340000000000,525.4,525.6,525.4,525.6,52,30744,30744
2024-09-24 14:30:00.000000000,1727159400000000000,525.6,525.8,525.6,525.7,101,30744,30740
2024-09-24 14:31:00.000000000,1727159460000000000,525.7,525.7,525.5,525.6,53,30740,30735
2024-09-24 14:32:00.000000000,1727159520000000000,525.6,525.7,525.5,525.7,57,30735,30742
2024-09-24 14:33:00.000000000,1727159580000000000,525.7,526.0,525.7,525.8,93,30742,30706
2024-09-24 14:34:00.000000000,1727159640000000000,525.8,526.0,525.6,525.9,206,30706,30696
2024-09-24 14:35:00.000000000,1727159700000000000,525.9,526.0,525.8,525.8,146,30696,30693
2024-09-24 14:36:00.000000000,1727159760000000000,525.8,526.0,525.8,525.9,52,30693,30682
2024-09-24 14:37:00.000000000,1727159820000000000,525.9,525.9,525.8,525.9,111,30682,30619
2024-09-24 14:38:00.000000000,1727159880000000000,525.9,526.0,525.8,525.8,55,30619,30624
2024-09-24 14:39:00.000000000,1727159940000000000,525.8,526.0,525.7,526.0,145,30624,30641
2024-09-24 14:40:00.000000000,1727160000000000000,526.0,526.1,525.8,526.1,182,30641,30671
2024-09-24 14:41:00.000000000,1727160060000000000,526.1,526.3,526.1,526.2,120,30671,30687
2024-09-24 14:42:00.000000000,1727160120000000000,526.2,526.2,526.0,526.0,33,30687,30699
2024-09-24 14:43:00.000000000,1727160180000000000,526.0,526.1,525.9,526.0,31,30699,30708
2024-09-24 14:44:00.000000000,1727160240000000000,526.0,526.1,526.0,526.1,61,30708,30731
2024-09-24 14:45:00.000000000,1727160300000000000,526.1,526.4,526.1,526.4,185,30731,30782
2024-09-24 14:46:00.000000000,1727160360000000000,526.4,526.6,526.3,526.5,318,30782,30798
2024-09-24 14:47:00.000000000,1727160420000000000,526.5,526.8,526.4,526.8,166,30798,30815
2024-09-24 14:48:00.000000000,1727160480000000000,526.8,526.9,526.7,526.8,174,30815,30814
2024-09-24 14:49:00.000000000,1727160540000000000,526.8,526.8,526.5,526.6,136,30814,30805
2024-09-24 14:50:00.000000000,1727160600000000000,526.6,526.9,526.4,526.8,157,30805,30811
2024-09-24 14:51:00.000000000,1727160660000000000,526.8,526.9,526.6,526.9,161,30811,30736
2024-09-24 14:52:00.000000000,1727160720000000000,526.9,527.1,526.7,526.8,229,30736,30765
2024-09-24 14:53:00.000000000,1727160780000000000,526.8,526.9,526.6,526.6,142,30765,30739
2024-09-24 14:54:00.000000000,1727160840000000000,526.6,526.7,526.6,526.7,72,30739,30736
2024-09-24 14:55:00.000000000,1727160900000000000,526.7,527.0,526.6,526.9,178,30736,30729
2024-09-24 14:56:00.000000000,1727160960000000000,526.9,527.0,526.8,527.0,111,30729,30730
2024-09-24 14:57:00.000000000,1727161020000000000,527.0,527.1,526.8,527.1,246,30730,30723
2024-09-24 14:58:00.000000000,1727161080000000000,527.1,527.6,527.0,527.4,538,30723,30736
2024-09-24 14:59:00.000000000,1727161140000000000,527.4,527.6,527.2,527.4,491,30736,30731
2024-09-24 21:00:00.000000000,1727182800000000000,530.1,532.3,529.5,531.7,2650,30731,30806
2024-09-24 21:01:00.000000000,1727182860000000000,531.7,532.1,531.5,531.9,992,30806,31058
2024-09-24 21:02:00.000000000,1727182920000000000,531.9,532.2,531.7,531.9,969,31058,31207
2024-09-24 21:03:00.000000000,1727182980000000000,531.9,532.6,531.9,532.1,884,31207,31267
2024-09-24 21:04:00.000000000,1727183040000000000,532.1,532.5,532.1,532.2,468,31267,31301
2024-09-24 21:05:00.000000000,1727183100000000000,532.2,532.9,532.2,532.7,648,31301,31396
2024-09-24 21:06:00.000000000,1727183160000000000,532.7,533.5,532.7,533.3,1000,31396,31597
2024-09-24 21:07:00.000000000,1727183220000000000,533.3,533.4,532.9,533.0,605,31597,31701
2024-09-24 21:08:00.000000000,1727183280000000000,533.0,533.4,533.0,533.4,659,31701,31770
2024-09-24 21:09:00.000000000,1727183340000000000,533.4,533.9,533.1,533.8,582,31770,31783
2024-09-24 21:10:00.000000000,1727183400000000000,533.8,534.3,533.6,534.1,924,31783,31745
2024-09-24 21:11:00.000000000,1727183460000000000,534.1,534.2,533.7,533.8,723,31745,31789
2024-09-24 21:12:00.000000000,1727183520000000000,533.8,534.6,533.8,534.0,1646,31789,31489
2024-09-24 21:13:00.000000000,1727183580000000000,534.0,534.0,533.1,533.1,1408,31489,31285
2024-09-24 21:14:00.000000000,1727183640000000000,533.1,533.4,533.1,533.3,625,31285,31350
2024-09-24 21:15:00.000000000,1727183700000000000,533.3,533.5,533.2,533.3,416,31350,31318
2024-09-24 21:16:00.000000000,1727183760000000000,533.3,533.3,532.8,533.0,590,31318,31269
2024-09-24 21:17:00.000000000,1727183820000000000,533.0,533.0,532.6,532.8,556,31269,31259
2024-09-24 21:18:00.000000000,1727183880000000000,532.8,533.1,532.7,533.1,378,31259,31219
2024-09-24 21:19:00.000000000,1727183940000000000,533.1,533.3,532.9,533.2,247,31219,31205
2024-09-24 21:20:00.000000000,1727184000000000000,533.2,533.7,533.1,533.6,421,31205,31186
2024-09-24 21:21:00.000000000,1727184060000000000,533.6,533.6,533.3,533.3,275,31186,31162
2024-09-24 21:22:00.000000000,1727184120000000000,533.3,533.7,533.3,533.6,405,31162,31057
2024-09-24 21:23:00.000000000,1727184180000000000,533.6,533.7,533.3,533.4,260,31057,31031
2024-09-24 21:24:00.000000000,1727184240000000000,533.4,533.7,533.3,533.6,329,31031,30999
2024-09-24 21:25:00.000000000,1727184300000000000,533.6,533.6,533.3,533.3,174,30999,30989
2024-09-24 21:26:00.000000000,1727184360000000000,533.3,533.3,532.9,532.9,489,30989,31040
2024-09-24 21:27:00.000000000,1727184420000000000,532.9,533.0,532.4,532.6,521,31040,31038
2024-09-24 21:28:00.000000000,1727184480000000000,532.6,532.6,531.8,531.9,878,31038,30954
2024-09-24 21:29:00.000000000,1727184540000000000,531.9,532.4,531.8,532.3,449,30954,30937
2024-09-24 21:30:00.000000000,1727184600000000000,532.3,532.4,531.8,531.9,547,30937,31068
2024-09-24 21:31:00.000000000,1727184660000000000,531.9,532.0,531.3,531.4,632,31068,31104
2024-09-24 21:32:00.000000000,1727184720000000000,531.4,531.8,531.2,531.3,598,31104,31126
2024-09-24 21:33:00.000000000,1727184780000000000,531.3,531.7,531.3,531.7,411,31126,30997
2024-09-24 21:34:00.000000000,1727184840000000000,531.7,531.7,531.3,531.6,266,30997,31032
2024-09-24 21:35:00.000000000,1727184900000000000,531.6,531.6,531.0,531.3,598,31032,31048
2024-09-24 21:36:00.000000000,1727184960000000000,531.3,531.6,531.3,531.4,356,31048,31093
2024-09-24 21:37:00.000000000,1727185020000000000,531.4,531.4,531.0,531.1,348,31093,31132
2024-09-24 21:38:00.000000000,1727185080000000000,531.1,531.4,530.5,530.6,581,31132,31214
2024-09-24 21:39:00.000000000,1727185140000000000,530.6,530.8,529.8,530.1,1063,31214,31205
2024-09-24 21:40:00.000000000,1727185200000000000,530.1,531.1,530.0,531.0,779,31205,31191
2024-09-24 21:41:00.000000000,1727185260000000000,531.0,531.4,530.9,531.3,589,31191,31101
2024-09-24 21:42:00.000000000,1727185320000000000,531.3,531.4,531.0,531.2,399,31101,31045
2024-09-24 21:43:00.000000000,1727185380000000000,531.2,531.4,531.1,531.4,200,31045,30995
2024-09-24 21:44:00.000000000,1727185440000000000,531.4,531.6,530.9,530.9,318,30995,30993
2024-09-24 21:45:00.000000000,1727185500000000000,530.9,531.3,530.9,531.1,152,30993,30994
2024-09-24 21:46:00.000000000,1727185560000000000,531.1,531.4,531.0,531.4,137,30994,30987
2024-09-24 21:47:00.000000000,1727185620000000000,531.4,531.4,530.8,531.0,403,30987,31047
2024-09-24 21:48:00.000000000,1727185680000000000,531.0,531.3,530.9,531.0,137,31047,31017
2024-09-24 21:49:00.000000000,1727185740000000000,531.0,531.3,530.5,530.8,575,31017,30985
2024-09-24 21:50:00.000000000,1727185800000000000,530.8,530.9,530.4,530.6,495,30985,30944
2024-09-24 21:51:00.000000000,1727185860000000000,530.6,530.6,530.1,530.2,478,30944,30945
2024-09-24 21:52:00.000000000,1727185920000000000,530.2,530.7,530.1,530.7,333,30945,30927
2024-09-24 21:53:00.000000000,1727185980000000000,530.7,530.8,530.3,530.5,202,30927,30929
2024-09-24 21:54:00.000000000,1727186040000000000,530.5,530.9,530.5,530.7,245,30929,30889
2024-09-24 21:55:00.000000000,1727186100000000000,530.7,531.0,530.7,530.7,221,30889,30910
2024-09-24 21:56:00.000000000,1727186160000000000,530.7,530.9,530.6,530.8,114,30910,30920
2024-09-24 21:57:00.000000000,1727186220000000000,530.8,530.9,530.4,530.5,247,30920,30958
2024-09-24 21:58:00.000000000,1727186280000000000,530.5,530.9,530.4,530.9,137,30958,30938
2024-09-24 21:59:00.000000000,1727186340000000000,530.9,531.0,530.7,530.8,205,30938,30954
2024-09-24 22:00:00.000000000,1727186400000000000,530.8,530.8,530.1,530.1,433,30954,31056
2024-09-24 22:01:00.000000000,1727186460000000000,530.1,530.3,529.5,530.1,1031,31056,31253
2024-09-24 22:02:00.000000000,1727186520000000000,530.1,530.1,529.7,529.9,380,31253,31257
2024-09-24 22:03:00.000000000,1727186580000000000,529.9,530.0,529.6,529.7,308,31257,31326
2024-09-24 22:04:00.000000000,1727186640000000000,529.7,530.3,529.7,530.1,410,31326,31257
2024-09-24 22:05:00.000000000,1727186700000000000,530.1,530.1,529.3,529.5,578,31257,31259
2024-09-24 22:06:00.000000000,1727186760000000000,529.5,529.6,529.1,529.2,367,31259,31252
2024-09-24 22:07:00.000000000,1727186820000000000,529.2,529.4,528.7,529.0,831,31252,31393
2024-09-24 22:08:00.000000000,1727186880000000000,529.0,529.3,529.0,529.2,441,31393,31430
2024-09-24 22:09:00.000000000,1727186940000000000,529.2,529.9,529.2,529.7,899,31430,31525
2024-09-24 22:10:00.000000000,1727187000000000000,529.7,529.9,529.5,529.8,298,31525,31532
2024-09-24 22:11:00.000000000,1727187060000000000,529.8,530.2,529.2,529.2,591,31532,31560
2024-09-24 22:12:00.000000000,1727187120000000000,529.2,529.4,528.9,529.2,446,31560,31646
2024-09-24 22:13:00.000000000,1727187180000000000,529.2,529.3,529.1,529.2,164,31646,31670
2024-09-24 22:14:00.000000000,1727187240000000000,529.2,529.4,529.1,529.3,175,31670,31680
2024-09-24 22:15:00.000000000,1727187300000000000,529.3,529.3,529.0,529.1,220,31680,31720
2024-09-24 22:16:00.000000000,1727187360000000000,529.1,529.1,528.9,529.1,409,31720,31828
2024-09-24 22:17:00.000000000,1727187420000000000,529.1,529.4,529.0,529.4,366,31828,31698
2024-09-24 22:18:00.000000000,1727187480000000000,529.4,530.0,529.4,529.8,583,31698,31690
2024-09-24 22:19:00.000000000,1727187540000000000,529.8,530.0,529.7,529.9,284,31690,31695
2024-09-24 22:20:00.000000000,1727187600000000000,529.9,530.4,529.8,530.2,633,31695,31538
2024-09-24 22:21:00.000000000,1727187660000000000,530.2,530.4,530.0,530.0,433,31538,31524
2024-09-24 22:22:00.000000000,1727187720000000000,530.0,530.2,529.8,530.1,241,31524,31552
2024-09-24 22:23:00.000000000,1727187780000000000,530.1,530.1,529.7,529.8,203,31552,31595
2024-09-24 22:24:00.000000000,1727187840000000000,529.8,529.9,529.4,529.5,179,31595,31614
2024-09-24 22:25:00.000000000,1727187900000000000,529.5,529.9,529.4,529.5,197,31614,31626
2024-09-24 22:26:00.000000000,1727187960000000000,529.5,529.7,529.4,529.7,155,31626,31613
2024-09-24 22:27:00.000000000,1727188020000000000,529.7,530.1,529.7,530.0,244,31613,31637
2024-09-24 22:28:00.000000000,1727188080000000000,530.0,530.5,530.0,530.5,386,31637,31603
2024-09-24 22:29:00.000000000,1727188140000000000,530.5,531.0,530.5,530.9,620,31603,31589
2024-09-24 22:30:00.000000000,1727188200000000000,530.9,531.0,530.6,530.8,440,31589,31692
2024-09-24 22:31:00.000000000,1727188260000000000,530.8,530.8,530.3,530.5,393,31692,31751
2024-09-24 22:32:00.000000000,1727188320000000000,530.5,530.5,530.0,530.2,283,31751,31761
2024-09-24 22:33:00.000000000,1727188380000000000,530.2,530.2,529.9,530.0,158,31761,31787
2024-09-24 22:34:00.000000000,1727188440000000000,530.0,530.0,528.6,528.9,1244,31787,31735
2024-09-24 22:35:00.000000000,1727188500000000000,528.9,528.9,528.1,528.1,996,31735,31751
2024-09-24 22:36:00.000000000,1727188560000000000,528.1,528.5,527.6,527.7,1156,31751,31815
2024-09-24 22:37:00.000000000,1727188620000000000,527.7,528.2,527.1,528.2,1187,31815,31766
2024-09-24 22:38:00.000000000,1727188680000000000,528.2,528.9,528.2,528.7,753,31766,31666
2024-09-24 22:39:00.000000000,1727188740000000000,528.7,528.9,528.2,528.2,506,31666,31658
2024-09-24 22:40:00.000000000,1727188800000000000,528.2,528.6,528.0,528.5,453,31658,31578
2024-09-24 22:41:00.000000000,1727188860000000000,528.5,528.7,528.1,528.1,296,31578,31591
2024-09-24 22:42:00.000000000,1727188920000000000,528.1,528.2,527.8,528.1,305,31591,31583
2024-09-24 22:43:00.000000000,1727188980000000000,528.1,528.6,527.9,528.4,284,31583,31569
2024-09-24 22:44:00.000000000,1727189040000000000,528.4,528.9,528.4,528.6,375,31569,31519
2024-09-24 22:45:00.000000000,1727189100000000000,528.6,528.7,528.1,528.2,446,31519,31557
2024-09-24 22:46:00.000000000,1727189160000000000,528.2,529.5,528.2,529.4,910,31557,31524
2024-09-24 22:47:00.000000000,1727189220000000000,529.4,529.4,528.7,528.7,413,31524,31527
2024-09-24 22:48:00.000000000,1727189280000000000,528.7,528.9,528.6,528.7,252,31527,31578
2024-09-24 22:49:00.000000000,1727189340000000000,528.7,529.1,528.6,529.1,275,31578,31543
2024-09-24 22:50:00.000000000,1727189400000000000,529.1,529.7,529.1,529.5,734,31543,31530
2024-09-24 22:51:00.000000000,1727189460000000000,529.5,530.3,529.4,529.6,1013,31530,31625
2024-09-24 22:52:00.000000000,1727189520000000000,529.6,529.7,529.3,529.6,260,31625,31672
2024-09-24 22:53:00.000000000,1727189580000000000,529.6,530.1,529.5,530.0,325,31672,31631
2024-09-24 22:54:00.000000000,1727189640000000000,530.0,530.1,529.8,529.9,392,31631,31765
2024-09-24 22:55:00.000000000,1727189700000000000,529.9,530.1,529.7,529.8,199,31765,31767
2024-09-24 22:56:00.000000000,1727189760000000000,529.8,530.0,529.6,529.9,295,31767,31791
2024-09-24 22:57:00.000000000,1727189820000000000,529.9,530.5,529.9,530.3,504,31791,31773
2024-09-24 22:58:00.000000000,1727189880000000000,530.3,530.4,530.1,530.4,328,31773,31783
2024-09-24 22:59:00.000000000,1727189940000000000,530.4,530.6,530.3,530.3,525,31783,31781
2024-09-24 23:00:00.000000000,1727190000000000000,530.3,530.5,530.1,530.5,501,31781,31837
2024-09-24 23:01:00.000000000,1727190060000000000,530.5,530.8,530.4,530.8,589,31837,31839
2024-09-24 23:02:00.000000000,1727190120000000000,530.8,530.8,530.3,530.4,354,31839,31948
2024-09-24 23:03:00.000000000,1727190180000000000,530.4,530.8,530.2,530.5,390,31948,32095
2024-09-24 23:04:00.000000000,1727190240000000000,530.5,530.5,530.1,530.1,294,32095,32113
2024-09-24 23:05:00.000000000,1727190300000000000,530.1,530.2,529.6,529.7,743,32113,32054
2024-09-24 23:06:00.000000000,1727190360000000000,529.7,530.0,529.7,529.8,177,32054,32065
2024-09-24 23:07:00.000000000,1727190420000000000,529.8,530.0,529.2,529.3,623,32065,31946
2024-09-24 23:08:00.000000000,1727190480000000000,529.3,529.4,529.1,529.3,645,31946,31763
2024-09-24 23:09:00.000000000,1727190540000000000,529.3,529.5,529.1,529.4,236,31763,31747
2024-09-24 23:10:00.000000000,1727190600000000000,529.4,529.4,528.6,528.7,614,31747,31738
2024-09-24 23:11:00.000000000,1727190660000000000,528.7,529.0,528.7,528.9,241,31738,31735
2024-09-24 23:12:00.000000000,1727190720000000000,528.9,529.3,528.7,529.3,372,31735,31706
2024-09-24 23:13:00.000000000,1727190780000000000,529.3,529.4,528.7,528.8,338,31706,31722
2024-09-24 23:14:00.000000000,1727190840000000000,528.8,528.8,528.2,528.2,607,31722,31790
2024-09-24 23:15:00.000000000,1727190900000000000,528.2,528.2,527.7,527.8,904,31790,31927
2024-09-24 23:16:00.000000000,1727190960000000000,527.8,528.2,527.6,528.2,566,31927,31913
2024-09-24 23:17:00.000000000,1727191020000000000,528.2,528.6,528.1,528.6,493,31913,31881
2024-09-24 23:18:00.000000000,1727191080000000000,528.6,528.6,528.1,528.4,418,31881,31900
2024-09-24 23:19:00.000000000,1727191140000000000,528.4,528.6,527.9,527.9,337,31900,31959
2024-09-24 23:20:00.000000000,1727191200000000000,527.9,528.4,527.9,528.4,189,31959,31983
2024-09-24 23:21:00.000000000,1727191260000000000,528.4,528.4,527.8,528.1,293,31983,32080
2024-09-24 23:22:00.000000000,1727191320000000000,528.1,528.1,527.7,528.0,340,32080,32102
2024-09-24 23:23:00.000000000,1727191380000000000,528.0,528.1,527.7,528.0,240,32102,32082
2024-09-24 23:24:00.000000000,1727191440000000000,528.0,528.1,527.8,528.1,322,32082,32158
2024-09-24 23:25:00.000000000,1727191500000000000,528.1,528.2,527.9,528.0,296,32158,32177
2024-09-24 23:26:00.000000000,1727191560000000000,528.0,528.1,527.8,528.1,209,32177,32192
2024-09-24 23:27:00.000000000,1727191620000000000,528.1,528.3,527.9,528.0,400,32192,32140
2024-09-24 23:28:00.000000000,1727191680000000000,528.0,528.3,527.7,528.3,372,32140,32122
2024-09-24 23:29:00.000000000,1727191740000000000,528.3,529.0,528.3,529.0,890,32122,31991
2024-09-24 23:30:00.000000000,1727191800000000000,529.0,529.4,528.9,529.0,576,31991,31894
2024-09-24 23:31:00.000000000,1727191860000000000,529.0,529.1,528.7,528.7,310,31894,31922
2024-09-24 23:32:00.000000000,1727191920000000000,528.7,528.7,527.9,528.0,439,31922,31991
2024-09-24 23:33:00.000000000,1727191980000000000,528.0,528.0,526.8,527.4,981,31991,31950
2024-09-24 23:34:00.000000000,1727192040000000000,527.4,527.4,526.9,527.4,544,31950,32058
2024-09-24 23:35:00.000000000,1727192100000000000,527.4,527.7,527.2,527.7,344,32058,31979
2024-09-24 23:36:00.000000000,1727192160000000000,527.7,528.3,527.7,528.3,553,31979,31897
2024-09-24 23:37:00.000000000,1727192220000000000,528.3,528.4,527.8,528.0,576,31897,31941
2024-09-24 23:38:00.000000000,1727192280000000000,528.0,528.2,527.9,528.2,164,31941,31958
2024-09-24 23:39:00.000000000,1727192340000000000,528.2,528.5,528.1,528.2,288,31958,31969
2024-09-24 23:40:00.000000000,1727192400000000000,528.2,528.6,528.1,528.3,256,31969,32011
2024-09-24 23:41:00.000000000,1727192460000000000,528.3,528.4,528.0,528.4,265,32011,31996
2024-09-24 23:42:00.000000000,1727192520000000000,528.4,528.6,528.1,528.2,172,31996,31997
2024-09-24 23:43:00.000000000,1727192580000000000,528.2,528.5,528.1,528.4,163,31997,32027
2024-09-24 23:44:00.000000000,1727192640000000000,528.4,528.9,528.3,528.7,396,32027,31996
2024-09-24 23:45:00.000000000,1727192700000000000,528.7,528.8,528.5,528.5,277,31996,32064
2024-09-24 23:46:00.000000000,1727192760000000000,528.5,528.8,528.3,528.4,254,32064,32114
2024-09-24 23:47:00.000000000,1727192820000000000,528.4,528.6,528.3,528.4,132,32114,32133
2024-09-24 23:48:00.000000000,1727192880000000000,528.4,528.7,528.3,528.5,142,32133,32154
2024-09-24 23:49:00.000000000,1727192940000000000,528.5,528.9,528.4,528.9,224,32154,32139
2024-09-24 23:50:00.000000000,1727193000000000000,528.9,528.9,528.5,528.9,283,32139,32158
2024-09-24 23:51:00.000000000,1727193060000000000,528.9,529.6,528.8,529.5,828,32158,32020
2024-09-24 23:52:00.000000000,1727193120000000000,529.5,529.6,529.3,529.5,397,32020,32140
2024-09-24 23:53:00.000000000,1727193180000000000,529.5,529.9,529.5,529.8,356,32140,32092
2024-09-24 23:54:00.000000000,1727193240000000000,529.8,530.2,529.6,530.0,524,32092,32097
2024-09-24 23:55:00.000000000,1727193300000000000,530.0,530.1,529.7,529.8,354,32097,32138
2024-09-24 23:56:00.000000000,1727193360000000000,529.8,530.2,529.8,530.1,248,32138,32098
2024-09-24 23:57:00.000000000,1727193420000000000,530.1,530.4,530.0,530.1,421,32098,32155
2024-09-24 23:58:00.000000000,1727193480000000000,530.1,530.8,530.1,530.7,612,32155,32145
2024-09-24 23:59:00.000000000,1727193540000000000,530.7,530.7,530.3,530.3,263,32145,32196
2024-09-25 00:00:00.000000000,1727193600000000000,530.3,530.7,530.3,530.3,362,32196,32242
2024-09-25 00:01:00.000000000,1727193660000000000,530.3,531.3,530.3,531.0,865,32242,32112
2024-09-25 00:02:00.000000000,1727193720000000000,531.0,531.3,531.0,531.2,317,32112,32118
2024-09-25 00:03:00.000000000,1727193780000000000,531.2,531.4,530.9,531.1,416,32118,32215
2024-09-25 00:04:00.000000000,1727193840000000000,531.1,531.3,530.8,531.3,343,32215,32262
2024-09-25 00:05:00.000000000,1727193900000000000,531.3,531.3,531.1,531.1,261,32262,32258
2024-09-25 00:06:00.000000000,1727193960000000000,531.1,531.1,530.8,530.9,255,32258,32257
2024-09-25 00:07:00.000000000,1727194020000000000,530.9,530.9,530.5,530.5,421,32257,32205
2024-09-25 00:08:00.000000000,1727194080000000000,530.5,530.7,529.9,530.2,657,32205,32117
2024-09-25 00:09:00.000000000,1727194140000000000,530.2,530.3,529.5,529.7,487,32117,32053
2024-09-25 00:10:00.000000000,1727194200000000000,529.7,529.9,529.4,529.5,394,32053,32043
2024-09-25 00:11:00.000000000,1727194260000000000,529.5,529.8,529.4,529.6,232,32043,32036
2024-09-25 00:12:00.000000000,1727194320000000000,529.6,529.7,529.4,529.5,222,32036,32037
2024-09-25 00:13:00.000000000,1727194380000000000,529.5,529.8,529.4,529.8,204,32037,32015
2024-09-25 00:14:00.000000000,1727194440000000000,529.8,529.8,529.5,529.7,188,32015,32073
2024-09-25 00:15:00.000000000,1727194500000000000,529.7,529.9,529.4,529.5,261,32073,32126
2024-09-25 00:16:00.000000000,1727194560000000000,529.5,529.6,529.1,529.6,340,32126,32121
2024-09-25 00:17:00.000000000,1727194620000000000,529.6,529.7,529.3,529.3,259,32121,32154
2024-09-25 00:18:00.000000000,1727194680000000000,529.3,529.5,529.1,529.3,180,32154,32163
2024-09-25 00:19:00.000000000,1727194740000000000,529.3,529.6,529.0,529.6,272,32163,32090
2024-09-25 00:20:00.000000000,1727194800000000000,529.6,529.6,529.1,529.4,173,32090,32116
2024-09-25 00:21:00.000000000,1727194860000000000,529.4,529.5,529.2,529.2,107,32116,32113
2024-09-25 00:22:00.000000000,1727194920000000000,529.2,529.3,529.1,529.2,119,32113,32146
2024-09-25 00:23:00.000000000,1727194980000000000,529.2,529.4,529.1,529.2,100,32146,32143
2024-09-25 00:24:00.000000000,1727195040000000000,529.2,529.4,529.1,529.2,141,32143,32138
2024-09-25 00:25:00.000000000,1727195100000000000,529.2,529.3,528.8,529.0,254,32138,32148
2024-09-25 00:26:00.000000000,1727195160000000000,529.0,529.6,528.9,529.5,336,32148,32105
2024-09-25 00:27:00.000000000,1727195220000000000,529.5,529.6,529.3,529.5,228,32105,32110
2024-09-25 00:28:00.000000000,1727195280000000000,529.5,529.6,529.3,529.5,257,32110,32159
2024-09-25 00:29:00.000000000,1727195340000000000,529.5,529.7,529.3,529.3,156,32159,32181
2024-09-25 00:30:00.000000000,1727195400000000000,529.3,529.5,529.0,529.5,268,32181,32224
2024-09-25 00:31:00.000000000,1727195460000000000,529.5,529.8,529.3,529.6,241,32224,32252
2024-09-25 00:32:00.000000000,1727195520000000000,529.6,530.0,529.6,530.0,388,32252,32283
2024-09-25 00:33:00.000000000,1727195580000000000,530.0,530.4,529.8,530.4,348,32283,32253
2024-09-25 00:34:00.000000000,1727195640000000000,530.4,530.6,530.1,530.3,354,32253,32208
2024-09-25 00:35:00.000000000,1727195700000000000,530.3,530.4,530.2,530.3,140,32208,32219
2024-09-25 00:36:00.000000000,1727195760000000000,530.3,530.4,530.1,530.4,125,32219,32228
2024-09-25 00:37:00.000000000,1727195820000000000,530.4,530.4,530.0,530.2,167,32228,32251
2024-09-25 00:38:00.000000000,1727195880000000000,530.2,530.2,529.9,530.0,191,32251,32216
2024-09-25 00:39:00.000000000,1727195940000000000,530.0,530.1,529.8,529.8,112,32216,32236
2024-09-25 00:40:00.000000000,1727196000000000000,529.8,530.1,529.8,529.9,74,32236,32245
2024-09-25 00:41:00.000000000,1727196060000000000,529.9,530.1,529.9,530.1,137,32245,32294
2024-09-25 00:42:00.000000000,1727196120000000000,530.1,530.1,529.9,530.0,84,32294,32275
2024-09-25 00:43:00.000000000,1727196180000000000,530.0,530.2,529.8,530.2,105,32275,32244
2024-09-25 00:44:00.000000000,1727196240000000000,530.2,530.4,530.1,530.4,242,32244,32255
2024-09-25 00:45:00.000000000,1727196300000000000,530.4,530.4,530.0,530.1,142,32255,32255
2024-09-25 00:46:00.000000000,1727196360000000000,530.1,530.3,530.0,530.0,127,32255,32281
2024-09-25 00:47:00.000000000,1727196420000000000,530.0,530.2,529.9,530.0,220,32281,32246
2024-09-25 00:48:00.000000000,1727196480000000000,530.0,530.0,529.4,529.6,459,32246,32216
2024-09-25 00:49:00.000000000,1727196540000000000,529.6,529.9,529.5,529.8,114,32216,32200
2024-09-25 00:50:00.000000000,1727196600000000000,529.8,530.0,529.8,529.9,98,32200,32208
2024-09-25 00:51:00.000000000,1727196660000000000,529.9,530.0,529.7,529.8,160,32208,32210
2024-09-25 00:52:00.000000000,1727196720000000000,529.8,530.0,529.7,529.9,59,32210,32201
2024-09-25 00:53:00.000000000,1727196780000000000,529.9,530.1,529.8,530.1,81,32201,32190
2024-09-25 00:54:00.000000000,1727196840000000000,530.1,530.3,530.0,530.2,168,32190,32163
2024-09-25 00:55:00.000000000,1727196900000000000,530.2,530.2,529.6,529.7,154,32163,32152
2024-09-25 00:56:00.000000000,1727196960000000000,529.7,529.7,529.1,529.2,330,32152,32139
2024-09-25 00:57:00.000000000,1727197020000000000,529.2,529.5,529.1,529.5,198,32139,32144
2024-09-25 00:58:00.000000000,1727197080000000000,529.5,529.6,529.4,529.4,131,32144,32141
2024-09-25 00:59:00.000000000,1727197140000000000,529.4,529.7,529.3,529.6,107,32141,32129
2024-09-25 01:00:00.000000000,1727197200000000000,529.6,529.9,529.4,529.9,203,32129,32165
2024-09-25 01:01:00.000000000,1727197260000000000,529.9,530.0,529.4,529.5,158,32165,32181
2024-09-25 01:02:00.000000000,1727197320000000000,529.5,529.8,529.4,529.7,157,32181,32132
2024-09-25 01:03:00.000000000,1727197380000000000,529.7,529.7,529.4,529.6,69,32132,32143
2024-09-25 01:04:00.000000000,1727197440000000000,529.6,529.9,529.5,529.7,153,32143,32165
2024-09-25 01:05:00.000000000,1727197500000000000,529.7,529.9,529.7,529.9,89,32165,32195
2024-09-25 01:06:00.000000000,1727197560000000000,529.9,530.5,529.9,530.3,385,32195,32134
2024-09-25 01:07:00.000000000,1727197620000000000,530.3,530.6,530.3,530.5,196,32134,32131
2024-09-25 01:08:00.000000000,1727197680000000000,530.5,530.5,529.4,529.5,407,32131,32156
2024-09-25 01:09:00.000000000,1727197740000000000,529.5,529.9,529.5,529.8,148,32156,32190
2024-09-25 01:10:00.000000000,1727197800000000000,529.8,529.9,529.8,529.9,92,32190,32216
2024-09-25 01:11:00.000000000,1727197860000000000,529.9,530.1,529.8,530.0,91,32216,32236
2024-09-25 01:12:00.000000000,1727197920000000000,530.0,530.4,530.0,530.3,138,32236,32224
2024-09-25 01:13:00.000000000,1727197980000000000,530.3,530.3,530.2,530.3,34,32224,32224
2024-09-25 01:14:00.000000000,1727198040000000000,530.3,530.6,530.3,530.5,125,32224,32245
2024-09-25 01:15:00.000000000,1727198100000000000,530.5,531.0,530.4,531.0,410,32245,32188
2024-09-25 01:16:00.000000000,1727198160000000000,531.0,531.3,530.7,530.8,246,32188,32190
2024-09-25 01:17:00.000000000,1727198220000000000,530.8,530.9,530.6,530.9,128,32190,32195
2024-09-25 01:18:00.000000000,1727198280000000000,530.9,531.0,530.8,530.9,132,32195,32193
2024-09-25 01:19:00.000000000,1727198340000000000,530.9,531.0,530.6,530.8,225,32193,32250
2024-09-25 01:20:00.000000000,1727198400000000000,530.8,531.4,530.8,531.4,356,32250,32307
2024-09-25 01:21:00.000000000,1727198460000000000,531.4,531.4,530.9,530.9,261,32307,32302
2024-09-25 01:22:00.000000000,1727198520000000000,530.9,531.0,530.9,531.0,41,32302,32289
2024-09-25 01:23:00.000000000,1727198580000000000,531.0,531.1,530.7,530.9,119,32289,32286
2024-09-25 01:24:00.000000000,1727198640000000000,530.9,531.0,530.8,530.9,123,32286,32299
2024-09-25 01:25:00.000000000,1727198700000000000,530.9,531.1,530.7,531.0,118,32299,32306
2024-09-25 01:26:00.000000000,1727198760000000000,531.0,531.1,530.7,530.9,105,32306,32294
2024-09-25 01:27:00.000000000,1727198820000000000,530.9,531.2,530.8,531.2,178,32294,32348
2024-09-25 01:28:00.000000000,1727198880000000000,531.2,531.3,530.9,531.0,206,32348,32421
2024-09-25 01:29:00.000000000,1727198940000000000,531.0,531.3,531.0,531.1,106,32421,32410
2024-09-25 01:30:00.000000000,1727199000000000000,531.1,531.2,531.0,531.2,71,32410,32403
2024-09-25 01:31:00.000000000,1727199060000000000,531.2,531.3,531.0,531.0,97,32403,32419
2024-09-25 01:32:00.000000000,1727199120000000000,531.0,531.3,531.0,531.3,76,32419,32408
2024-09-25 01:33:00.000000000,1727199180000000000,531.3,531.8,531.3,531.6,342,32408,32346
2024-09-25 01:34:00.000000000,1727199240000000000,531.6,531.8,531.5,531.7,122,32346,32381
2024-09-25 01:35:00.000000000,1727199300000000000,531.7,531.9,531.4,531.6,244,32381,32350
2024-09-25 01:36:00.000000000,1727199360000000000,531.6,531.7,531.5,531.6,96,32350,32355
2024-09-25 01:37:00.000000000,1727199420000000000,531.6,531.6,531.3,531.3,126,32355,32304
2024-09-25 01:38:00.000000000,1727199480000000000,531.3,531.4,531.1,531.2,104,32304,32290
2024-09-25 01:39:00.000000000,1727199540000000000,531.2,531.3,530.9,531.1,200,32290,32227
2024-09-25 01:40:00.000000000,1727199600000000000,531.1,531.4,531.1,531.3,112,32227,32194
2024-09-25 01:41:00.000000000,1727199660000000000,531.3,531.3,531.0,531.1,67,32194,32213
2024-09-25 01:42:00.000000000,1727199720000000000,531.1,531.1,530.9,531.0,48,32213,32217
2024-09-25 01:43:00.000000000,1727199780000000000,531.0,531.2,530.9,531.0,106,32217,32200
2024-09-25 01:44:00.000000000,1727199840000000000,531.0,531.2,530.9,531.2,57,32200,32212
2024-09-25 01:45:00.000000000,1727199900000000000,531.2,531.2,530.9,531.0,37,32212,32206
2024-09-25 01:46:00.000000000,1727199960000000000,531.0,531.0,530.6,530.7,183,32206,32189
2024-09-25 01:47:00.000000000,1727200020000000000,530.7,530.8,530.7,530.8,68,32189,32175
2024-09-25 01:48:00.000000000,1727200080000000000,530.8,530.9,530.6,530.8,57,32175,32154
2024-09-25 01:49:00.000000000,1727200140000000000,530.8,530.8,530.7,530.7,11,32154,32153
2024-09-25 01:50:00.000000000,1727200200000000000,530.7,530.8,530.5,530.6,151,32153,32162
2024-09-25 01:51:00.000000000,1727200260000000000,530.6,530.9,530.5,530.9,63,32162,32137
2024-09-25 01:52:00.000000000,1727200320000000000,530.9,531.1,530.8,531.1,94,32137,32119
2024-09-25 01:53:00.000000000,1727200380000000000,531.1,531.1,530.9,530.9,75,32119,32113
2024-09-25 01:54:00.000000000,1727200440000000000,530.9,531.1,530.8,530.9,126,32113,32090
2024-09-25 01:55:00.000000000,1727200500000000000,530.9,531.0,530.8,530.9,51,32090,32061
2024-09-25 01:56:00.000000000,1727200560000000000,530.9,531.1,530.9,531.1,22,32061,32070
2024-09-25 01:57:00.000000000,1727200620000000000,531.1,531.5,531.1,531.5,238,32070,32043
2024-09-25 01:58:00.000000000,1727200680000000000,531.5,531.6,531.3,531.4,61,32043,32063
2024-09-25 01:59:00.000000000,1727200740000000000,531.4,531.6,531.3,531.6,119,32063,32040
2024-09-25 02:00:00.000000000,1727200800000000000,531.6,531.6,531.3,531.4,152,32040,32016
2024-09-25 02:01:00.000000000,1727200860000000000,531.4,531.6,531.2,531.4,152,32016,31982
2024-09-25 02:02:00.000000000,1727200920000000000,531.4,531.5,531.1,531.3,236,31982,32038
2024-09-25 02:03:00.000000000,1727200980000000000,531.3,531.3,530.9,531.0,76,32038,32017
2024-09-25 02:04:00.000000000,1727201040000000000,531.0,531.1,530.7,530.9,126,32017,31986
2024-09-25 02:05:00.000000000,1727201100000000000,530.9,531.0,530.7,530.9,191,31986,32023
2024-09-25 02:06:00.000000000,1727201160000000000,530.9,530.9,530.7,530.7,65,32023,32032
2024-09-25 02:07:00.000000000,1727201220000000000,530.7,530.9,530.7,530.8,111,32032,32046
2024-09-25 02:08:00.000000000,1727201280000000000,530.8,530.8,530.5,530.7,157,32046,32045
2024-09-25 02:09:00.000000000,1727201340000000000,530.7,531.0,530.7,530.8,76,32045,32055
2024-09-25 02:10:00.000000000,1727201400000000000,530.8,530.8,530.4,530.6,124,32055,32064
2024-09-25 02:11:00.000000000,1727201460000000000,530.6,530.7,530.5,530.6,46,32064,32072
2024-09-25 02:12:00.000000000,1727201520000000000,530.6,530.6,530.3,530.5,103,32072,32045
2024-09-25 02:13:00.000000000,1727201580000000000,530.5,530.7,530.4,530.6,69,32045,32027
2024-09-25 02:14:00.000000000,1727201640000000000,530.6,530.7,530.4,530.5,41,32027,32022
2024-09-25 02:15:00.000000000,1727201700000000000,530.5,530.7,530.3,530.4,153,32022,31974
2024-09-25 02:16:00.000000000,1727201760000000000,530.4,531.0,530.4,530.9,150,31974,31932
2024-09-25 02:17:00.000000000,1727201820000000000,530.9,531.5,530.9,531.3,207,31932,31854
2024-09-25 02:18:00.000000000,1727201880000000000,531.3,531.7,531.2,531.5,272,31854,31885
2024-09-25 02:19:00.000000000,1727201940000000000,531.5,531.6,531.4,531.5,72,31885,31876
2024-09-25 02:20:00.000000000,1727202000000000000,531.5,531.6,531.5,531.5,114,31876,31867
2024-09-25 02:21:00.000000000,1727202060000000000,531.5,532.1,531.5,531.7,307,31867,31822
2024-09-25 02:22:00.000000000,1727202120000000000,531.7,532.0,531.7,531.9,121,31822,31813
2024-09-25 02:23:00.000000000,1727202180000000000,531.9,532.2,531.9,532.0,154,31813,31823
2024-09-25 02:24:00.000000000,1727202240000000000,532.0,532.2,532.0,532.1,124,31823,31781
2024-09-25 02:25:00.000000000,1727202300000000000,532.1,532.3,532.0,532.1,105,31781,31748
2024-09-25 02:26:00.000000000,1727202360000000000,532.1,532.6,532.1,532.5,224,31748,31730
2024-09-25 02:27:00.000000000,1727202420000000000,532.5,532.5,532.3,532.3,170,31730,31760
2024-09-25 02:28:00.000000000,1727202480000000000,532.3,532.7,532.1,532.6,252,31760,31659
2024-09-25 02:29:00.000000000,1727202540000000000,532.6,533.3,532.4,533.1,465,31659,31512
2024-09-25 09:00:00.000000000,1727226000000000000,531.5,532.7,531.5,532.7,1368,31512,31416
2024-09-25 09:01:00.000000000,1727226060000000000,532.7,533.1,532.7,532.7,486,31416,31410
2024-09-25 09:02:00.000000000,1727226120000000000,532.7,533.3,532.6,533.2,456,31410,31337
2024-09-25 09:03:00.000000000,1727226180000000000,533.2,533.3,532.8,532.8,472,31337,31253
2024-09-25 09:04:00.000000000,1727226240000000000,532.8,532.9,532.1,532.2,378,31253,31248
2024-09-25 09:05:00.000000000,1727226300000000000,532.2,532.4,532.0,532.1,376,31248,31222
2024-09-25 09:06:00.000000000,1727226360000000000,532.1,532.8,532.0,532.7,297,31222,31231
2024-09-25 09:07:00.000000000,1727226420000000000,532.7,532.9,532.5,532.6,238,31231,31212
2024-09-25 09:08:00.000000000,1727226480000000000,532.6,532.9,532.5,532.9,188,31212,31201
2024-09-25 09:09:00.000000000,1727226540000000000,532.9,533.3,532.8,533.3,345,31201,31234
2024-09-25 09:10:00.000000000,1727226600000000000,533.3,533.9,533.2,533.9,629,31234,31155
2024-09-25 09:11:00.000000000,1727226660000000000,533.9,535.4,533.7,534.7,1218,31155,31167
2024-09-25 09:12:00.000000000,1727226720000000000,534.7,535.3,534.4,535.1,618,31167,31178
2024-09-25 09:13:00.000000000,1727226780000000000,535.1,535.1,534.8,534.9,242,31178,31186
2024-09-25 09:14:00.000000000,1727226840000000000,534.9,535.0,534.1,534.1,294,31186,31161
2024-09-25 09:15:00.000000000,1727226900000000000,534.1,534.4,533.7,533.9,385,31161,31151
2024-09-25 09:16:00.000000000,1727226960000000000,533.9,534.4,533.8,534.0,262,31151,31129
2024-09-25 09:17:00.000000000,1727227020000000000,534.0,534.0,533.3,533.3,418,31129,31081
2024-09-25 09:18:00.000000000,1727227080000000000,533.3,533.6,533.1,533.5,352,31081,31055
2024-09-25 09:19:00.000000000,1727227140000000000,533.5,533.6,533.0,533.1,209,31055,31045
2024-09-25 09:20:00.000000000,1727227200000000000,533.1,533.1,532.3,532.3,665,31045,30843
2024-09-25 09:21:00.000000000,1727227260000000000,532.3,532.5,531.7,531.7,435,30843,30780
2024-09-25 09:22:00.000000000,1727227320000000000,531.7,532.1,531.7,532.1,379,30780,30748
2024-09-25 09:23:00.000000000,1727227380000000000,532.1,532.4,532.1,532.4,193,30748,30750
2024-09-25 09:24:00.000000000,1727227440000000000,532.4,532.7,532.4,532.6,197,30750,30772
2024-09-25 09:25:00.000000000,1727227500000000000,532.6,532.9,532.3,532.8,326,30772,30786
2024-09-25 09:26:00.000000000,1727227560000000000,532.8,532.9,532.3,532.3,144,30786,30825
2024-09-25 09:27:00.000000000,1727227620000000000,532.3,532.6,532.2,532.6,159,30825,30835
2024-09-25 09:28:00.000000000,1727227680000000000,532.6,532.6,532.3,532.5,103,30835,30812
2024-09-25 09:29:00.000000000,1727227740000000000,532.5,532.6,532.4,532.5,100,30812,30821
2024-09-25 09:30:00.000000000,1727227800000000000,532.5,532.6,532.1,532.3,219,30821,30821
2024-09-25 09:31:00.000000000,1727227860000000000,532.3,532.6,532.2,532.6,153,30821,30796
2024-09-25 09:32:00.000000000,1727227920000000000,532.6,532.7,532.2,532.2,124,30796,30796
2024-09-25 09:33:00.000000000,1727227980000000000,532.2,532.5,532.1,532.3,163,30796,30805
2024-09-25 09:34:00.000000000,1727228040000000000,532.3,532.4,531.9,532.4,236,30805,30783
2024-09-25 09:35:00.000000000,1727228100000000000,532.4,532.7,532.3,532.7,160,30783,30749
2024-09-25 09:36:00.000000000,1727228160000000000,532.7,532.7,532.2,532.4,131,30749,30770
2024-09-25 09:37:00.000000000,1727228220000000000,532.4,532.5,532.0,532.1,134,30770,30775
2024-09-25 09:38:00.000000000,1727228280000000000,532.1,532.1,531.8,532.1,184,30775,30734
2024-09-25 09:39:00.000000000,1727228340000000000,532.1,532.4,532.1,532.2,69,30734,30731
2024-09-25 09:40:00.000000000,1727228400000000000,532.2,532.6,532.2,532.5,107,30731,30721
2024-09-25 09:41:00.000000000,1727228460000000000,532.5,532.5,532.2,532.3,97,30721,30723
2024-09-25 09:42:00.000000000,1727228520000000000,532.3,532.3,532.1,532.3,77,30723,30713
2024-09-25 09:43:00.000000000,1727228580000000000,532.3,532.3,532.0,532.0,146,30713,30704
2024-09-25 09:44:00.000000000,1727228640000000000,532.0,532.1,531.8,531.9,129,30704,30732
2024-09-25 09:45:00.000000000,1727228700000000000,531.9,532.1,531.4,531.6,298,30732,30727
2024-09-25 09:46:00.000000000,1727228760000000000,531.6,531.8,531.4,531.5,181,30727,30730
2024-09-25 09:47:00.000000000,1727228820000000000,531.5,531.7,531.0,531.0,246,30730,30726
2024-09-25 09:48:00.000000000,1727228880000000000,531.0,531.2,530.9,531.1,200,30726,30707
2024-09-25 09:49:00.000000000,1727228940000000000,531.1,531.4,531.1,531.3,156,30707,30713
2024-09-25 09:50:00.000000000,1727229000000000000,531.3,531.7,531.1,531.7,116,30713,30717
2024-09-25 09:51:00.000000000,1727229060000000000,531.7,531.7,531.4,531.7,100,30717,30706
2024-09-25 09:52:00.000000000,1727229120000000000,531.7,531.8,531.6,531.6,84,30706,30668
2024-09-25 09:53:00.000000000,1727229180000000000,531.6,532.0,531.6,531.9,109,30668,30651
2024-09-25 09:54:00.000000000,1727229240000000000,531.9,531.9,531.7,531.7,51,30651,30648
2024-09-25 09:55:00.000000000,1727229300000000000,531.7,532.1,531.7,531.8,105,30648,30662
2024-09-25 09:56:00.000000000,1727229360000000000,531.8,531.9,531.6,531.8,84,30662,30665
2024-09-25 09:57:00.000000000,1727229420000000000,531.8,532.2,531.7,532.2,133,30665,30643
2024-09-25 09:58:00.000000000,1727229480000000000,532.2,532.4,532.1,532.3,134,30643,30642
2024-09-25 09:59:00.000000000,1727229540000000000,532.3,532.4,532.2,532.2,89,30642,30643
2024-09-25 10:00:00.000000000,1727229600000000000,532.2,532.2,531.9,532.0,121,30643,30637
2024-09-25 10:01:00.000000000,1727229660000000000,532.0,532.2,531.9,532.1,58,30637,30642
2024-09-25 10:02:00.000000000,1727229720000000000,532.1,532.1,531.6,531.8,104,30642,30644
2024-09-25 10:03:00.000000000,1727229780000000000,531.8,531.9,531.6,531.9,73,30644,30631
2024-09-25 10:04:00.000000000,1727229840000000000,531.9,532.1,531.7,532.1,61,30631,30639
2024-09-25 10:05:00.000000000,1727229900000000000,532.1,532.4,532.1,532.4,100,30639,30634
2024-09-25 10:06:00.000000000,1727229960000000000,532.4,532.6,532.4,532.5,99,30634,30633
2024-09-25 10:07:00.000000000,1727230020000000000,532.5,532.9,532.5,532.5,204,30633,30624
2024-09-25 10:08:00.000000000,1727230080000000000,532.5,532.6,532.4,532.4,49,30624,30611
2024-09-25 10:09:00.000000000,1727230140000000000,532.4,532.6,532.3,532.4,69,30611,30632
2024-09-25 10:10:00.000000000,1727230200000000000,532.4,532.5,532.2,532.4,46,30632,30620
2024-09-25 10:11:00.000000000,1727230260000000000,532.4,532.4,532.1,532.1,62,30620,30625
2024-09-25 10:12:00.000000000,1727230320000000000,532.1,532.2,531.8,531.9,132,30625,30632
2024-09-25 10:13:00.000000000,1727230380000000000,531.9,531.9,531.7,531.8,92,30632,30595
2024-09-25 10:14:00.000000000,1727230440000000000,531.8,531.9,531.6,531.6,98,30595,30605
2024-09-25 10:30:00.000000000,1727231400000000000,531.5,531.6,531.1,531.1,262,30605,30592
2024-09-25 10:31:00.000000000,1727231460000000000,531.1,531.3,531.0,531.2,168,30592,30597
2024-09-25 10:32:00.000000000,1727231520000000000,531.2,531.2,530.9,530.9,175,30597,30577
2024-09-25 10:33:00.000000000,1727231580000000000,530.9,531.2,530.9,531.0,96,30577,30583
2024-09-25 10:34:00.000000000,1727231640000000000,531.0,531.1,530.9,531.0,103,30583,30600
2024-09-25 10:35:00.000000000,1727231700000000000,531.0,531.1,531.0,531.0,52,30600,30587
2024-09-25 10:36:00.000000000,1727231760000000000,531.0,531.1,531.0,531.1,50,30587,30580
2024-09-25 10:37:00.000000000,1727231820000000000,531.1,531.2,531.0,531.2,78,30580,30574
2024-09-25 10:38:00.000000000,1727231880000000000,531.2,531.2,530.7,530.8,256,30574,30566
2024-09-25 10:39:00.000000000,1727231940000000000,530.8,531.2,530.8,531.1,124,30566,30580
2024-09-25 10:40:00.000000000,1727232000000000000,531.1,531.2,530.9,531.0,115,30580,30568
2024-09-25 10:41:00.000000000,1727232060000000000,531.0,531.1,530.9,531.1,54,30568,30580
2024-09-25 10:42:00.000000000,1727232120000000000,531.1,531.2,531.1,531.2,42,30580,30590
2024-09-25 10:43:00.000000000,1727232180000000000,531.2,531.4,531.0,531.0,118,30590,30576
2024-09-25 10:44:00.000000000,1727232240000000000,531.0,531.3,531.0,531.3,70,30576,30608
2024-09-25 10:45:00.000000000,1727232300000000000,531.3,531.4,531.1,531.1,93,30608,30644
2024-09-25 10:46:00.000000000,1727232360000000000,531.1,531.4,531.1,531.1,87,30644,30661
2024-09-25 10:47:00.000000000,1727232420000000000,531.1,531.3,531.1,531.1,89,30661,30650
2024-09-25 10:48:00.000000000,1727232480000000000,531.1,531.2,530.8,531.0,101,30650,30674
2024-09-25 10:49:00.000000000,1727232540000000000,531.0,531.0,530.8,530.9,137,30674,30723
2024-09-25 10:50:00.000000000,1727232600000000000,530.9,531.2,530.9,531.2,89,30723,30718
2024-09-25 10:51:00.000000000,1727232660000000000,531.2,531.3,531.1,531.3,78,30718,30729
2024-09-25 10:52:00.000000000,1727232720000000000,531.3,531.5,531.2,531.4,91,30729,30692
2024-09-25 10:53:00.000000000,1727232780000000000,531.4,531.6,531.4,531.6,131,30692,30647
2024-09-25 10:54:00.000000000,1727232840000000000,531.6,531.8,531.5,531.7,107,30647,30617
2024-09-25 10:55:00.000000000,1727232900000000000,531.7,531.7,531.4,531.6,141,30617,30551
2024-09-25 10:56:00.000000000,1727232960000000000,531.6,531.8,531.5,531.8,92,30551,30515
2024-09-25 10:57:00.000000000,1727233020000000000,531.8,532.1,531.7,532.0,160,30515,30523
2024-09-25 10:58:00.000000000,1727233080000000000,532.0,532.0,531.8,531.9,86,30523,30528
2024-09-25 10:59:00.000000000,1727233140000000000,531.9,532.0,531.7,532.0,123,30528,30534
2024-09-25 11:00:00.000000000,1727233200000000000,532.0,532.0,531.2,531.2,230,30534,30498
2024-09-25 11:01:00.000000000,1727233260000000000,531.2,531.2,530.7,530.7,324,30498,30439
2024-09-25 11:02:00.000000000,1727233320000000000,530.7,530.8,530.5,530.7,262,30439,30427
2024-09-25 11:03:00.000000000,1727233380000000000,530.7,530.9,530.6,530.8,142,30427,30405
2024-09-25 11:04:00.000000000,1727233440000000000,530.8,530.9,530.5,530.5,129,30405,30449
2024-09-25 11:05:00.000000000,1727233500000000000,530.5,530.8,530.5,530.7,138,30449,30453
2024-09-25 11:06:00.000000000,1727233560000000000,530.7,530.9,530.7,530.8,77,30453,30467
2024-09-25 11:07:00.000000000,1727233620000000000,530.8,530.9,530.7,530.8,62,30467,30461
2024-09-25 11:08:00.000000000,1727233680000000000,530.8,531.1,530.8,531.0,106,30461,30442
2024-09-25 11:09:00.000000000,1727233740000000000,531.0,531.3,530.9,531.3,145,30442,30440
2024-09-25 11:10:00.000000000,1727233800000000000,531.3,531.6,531.2,531.4,225,30440,30435
2024-09-25 11:11:00.000000000,1727233860000000000,531.4,531.8,531.4,531.5,211,30435,30500
2024-09-25 11:12:00.000000000,1727233920000000000,531.5,531.6,531.3,531.6,190,30500,30522
2024-09-25 11:13:00.000000000,1727233980000000000,531.6,531.9,531.5,531.7,154,30522,30506
2024-09-25 11:14:00.000000000,1727234040000000000,531.7,532.0,531.7,531.9,202,30506,30526
2024-09-25 11:15:00.000000000,1727234100000000000,531.9,532.3,531.8,532.2,184,30526,30454
2024-09-25 11:16:00.000000000,1727234160000000000,532.2,532.3,531.8,531.9,141,30454,30484
2024-09-25 11:17:00.000000000,1727234220000000000,531.9,532.0,531.8,531.8,31,30484,30485
2024-09-25 11:18:00.000000000,1727234280000000000,531.8,531.9,531.8,531.9,40,30485,30497
2024-09-25 11:19:00.000000000,1727234340000000000,531.9,531.9,531.5,531.5,89,30497,30504
2024-09-25 11:20:00.000000000,1727234400000000000,531.5,531.7,531.4,531.7,93,30504,30493
2024-09-25 11:21:00.000000000,1727234460000000000,531.7,531.7,531.5,531.7,62,30493,30497
2024-09-25 11:22:00.000000000,1727234520000000000,531.7,531.7,531.4,531.5,52,30497,30478
2024-09-25 11:23:00.000000000,1727234580000000000,531.5,531.9,531.5,531.9,85,30478,30442
2024-09-25 11:24:00.000000000,1727234640000000000,531.9,532.0,531.8,532.0,46,30442,30434
2024-09-25 11:25:00.000000000,1727234700000000000,532.0,532.1,531.8,532.1,114,30434,30428
2024-09-25 11:26:00.000000000,1727234760000000000,532.1,532.1,531.9,532.0,60,30428,30428
2024-09-25 11:27:00.000000000,1727234820000000000,532.0,532.3,532.0,532.3,134,30428,30445
2024-09-25 11:28:00.000000000,1727234880000000000,532.3,532.4,532.0,532.3,177,30445,30424
2024-09-25 11:29:00.000000000,1727234940000000000,532.3,532.4,532.1,532.2,155,30424,30406
2024-09-25 13:30:00.000000000,1727242200000000000,532.2,532.7,532.1,532.4,379,30406,30421
2024-09-25 13:31:00.000000000,1727242260000000000,532.4,532.4,532.2,532.3,115,30421,30435
2024-09-25 13:32:00.000000000,1727242320000000000,532.3,532.4,532.2,532.2,126,30435,30449
2024-09-25 13:33:00.000000000,1727242380000000000,532.2,532.3,532.1,532.3,142,30449,30440
2024-09-25 13:34:00.000000000,1727242440000000000,532.3,532.4,532.1,532.2,98,30440,30437
2024-09-25 13:35:00.000000000,1727242500000000000,532.2,532.4,532.0,532.3,92,30437,30446
2024-09-25 13:36:00.000000000,1727242560000000000,532.3,532.4,532.1,532.2,115,30446,30455
2024-09-25 13:37:00.000000000,1727242620000000000,532.2,532.5,532.2,532.5,133,30455,30458
2024-09-25 13:38:00.000000000,1727242680000000000,532.5,532.7,532.5,532.7,181,30458,30484
2024-09-25 13:39:00.000000000,1727242740000000000,532.7,532.8,532.5,532.7,108,30484,30502
2024-09-25 13:40:00.000000000,1727242800000000000,532.7,532.7,532.1,532.1,145,30502,30519
2024-09-25 13:41:00.000000000,1727242860000000000,532.1,532.3,532.1,532.1,179,30519,30510
2024-09-25 13:42:00.000000000,1727242920000000000,532.1,532.3,532.0,532.1,157,30510,30536
2024-09-25 13:43:00.000000000,1727242980000000000,532.1,532.3,532.0,532.3,166,30536,30527
2024-09-25 13:44:00.000000000,1727243040000000000,532.3,532.3,531.5,531.7,330,30527,30500
2024-09-25 13:45:00.000000000,1727243100000000000,531.7,532.2,531.7,532.1,142,30500,30515
2024-09-25 13:46:00.000000000,1727243160000000000,532.1,532.3,532.0,532.1,115,30515,30535
2024-09-25 13:47:00.000000000,1727243220000000000,532.1,532.2,531.8,532.1,124,30535,30538
2024-09-25 13:48:00.000000000,1727243280000000000,532.1,532.2,531.8,531.9,136,30538,30563
2024-09-25 13:49:00.000000000,1727243340000000000,531.9,531.9,531.6,531.8,233,30563,30622
2024-09-25 13:50:00.000000000,1727243400000000000,531.8,531.9,531.5,531.6,166,30622,30652
2024-09-25 13:51:00.000000000,1727243460000000000,531.6,531.6,531.3,531.5,286,30652,30668
2024-09-25 13:52:00.000000000,1727243520000000000,531.5,531.9,531.5,531.9,224,30668,30701
2024-09-25 13:53:00.000000000,1727243580000000000,531.9,532.5,531.9,532.4,240,30701,30713
2024-09-25 13:54:00.000000000,1727243640000000000,532.4,532.8,532.4,532.5,424,30713,30729
2024-09-25 13:55:00.000000000,1727243700000000000,532.5,532.6,531.9,532.1,164,30729,30743
2024-09-25 13:56:00.000000000,1727243760000000000,532.1,532.6,532.0,532.5,197,30743,30749
2024-09-25 13:57:00.000000000,1727243820000000000,532.5,532.5,532.3,532.4,72,30749,30753
2024-09-25 13:58:00.000000000,1727243880000000000,532.4,532.4,532.2,532.4,52,30753,30751
2024-09-25 13:59:00.000000000,1727243940000000000,532.4,532.4,532.2,532.2,66,30751,30770
2024-09-25 14:00:00.000000000,1727244000000000000,532.2,532.4,532.1,532.3,103,30770,30812
2024-09-25 14:01:00.000000000,1727244060000000000,532.3,532.5,532.3,532.4,122,30812,30854
2024-09-25 14:02:00.000000000,1727244120000000000,532.4,532.6,532.3,532.5,96,30854,30880
2024-09-25 14:03:00.000000000,1727244180000000000,532.5,532.6,532.5,532.6,80,30880,30888
2024-09-25 14:04:00.000000000,1727244240000000000,532.6,532.6,532.4,532.6,59,30888,30883
2024-09-25 14:05:00.000000000,1727244300000000000,532.6,532.9,532.5,532.7,177,30883,30922
2024-09-25 14:06:00.000000000,1727244360000000000,532.7,532.7,532.5,532.5,49,30922,30932
2024-09-25 14:07:00.000000000,1727244420000000000,532.5,532.8,532.4,532.8,128,30932,30914
2024-09-25 14:08:00.000000000,1727244480000000000,532.8,532.8,532.5,532.7,119,30914,30916
2024-09-25 14:09:00.000000000,1727244540000000000,532.7,532.8,532.4,532.7,135,30916,30925
2024-09-25 14:10:00.000000000,1727244600000000000,532.7,532.8,532.5,532.6,117,30925,30959
2024-09-25 14:11:00.000000000,1727244660000000000,532.6,532.9,532.6,532.9,188,30959,30991
2024-09-25 14:12:00.000000000,1727244720000000000,532.9,533.0,532.7,532.9,353,30991,31039
2024-09-25 14:13:00.000000000,1727244780000000000,532.9,533.5,532.8,533.5,617,31039,31165
2024-09-25 14:14:00.000000000,1727244840000000000,533.5,533.6,533.0,533.0,476,31165,31325
2024-09-25 14:15:00.000000000,1727244900000000000,533.0,533.5,533.0,533.4,252,31325,31376
2024-09-25 14:16:00.000000000,1727244960000000000,533.4,533.7,533.1,533.4,345,31376,31469
2024-09-25 14:17:00.000000000,1727245020000000000,533.4,533.8,533.3,533.6,257,31469,31555
2024-09-25 14:18:00.000000000,1727245080000000000,533.6,533.8,533.5,533.8,140,31555,31605
2024-09-25 14:19:00.000000000,1727245140000000000,533.8,534.4,533.8,534.3,445,31605,31707
2024-09-25 14:20:00.000000000,1727245200000000000,534.3,534.3,533.9,534.2,283,31707,31743
2024-09-25 14:21:00.000000000,1727245260000000000,534.2,534.4,533.9,534.0,294,31743,31803
2024-09-25 14:22:00.000000000,1727245320000000000,534.0,534.1,534.0,534.0,195,31803,31888
2024-09-25 14:23:00.000000000,1727245380000000000,534.0,534.2,534.0,534.0,121,31888,31929
2024-09-25 14:24:00.000000000,1727245440000000000,534.0,534.1,533.7,533.8,142,31929,31909
2024-09-25 14:25:00.000000000,1727245500000000000,533.8,533.9,533.7,533.8,89,31909,31924
2024-09-25 14:26:00.000000000,1727245560000000000,533.8,534.0,533.8,533.9,110,31924,31969
2024-09-25 14:27:00.000000000,1727245620000000000,533.9,534.1,533.9,534.0,143,31969,32007
2024-09-25 14:28:00.000000000,1727245680000000000,534.0,534.3,534.0,534.3,151,32007,32009
2024-09-25 14:29:00.000000000,1727245740000000000,534.3,535.0,534.3,535.0,752,32009,32033
2024-09-25 14:30:00.000000000,1727245800000000000,535.0,536.0,534.9,536.0,1035,32033,32126
2024-09-25 14:31:00.000000000,1727245860000000000,536.0,536.1,535.6,535.7,426,32126,32180
2024-09-25 14:32:00.000000000,1727245920000000000,535.7,535.7,534.9,534.9,345,32180,32163
2024-09-25 14:33:00.000000000,1727245980000000000,534.9,535.4,534.8,535.3,356,32163,32217
2024-09-25 14:34:00.000000000,1727246040000000000,535.3,535.3,535.0,535.1,94,32217,32227
2024-09-25 14:35:00.000000000,1727246100000000000,535.1,535.1,534.7,534.9,221,32227,32255
2024-09-25 14:36:00.000000000,1727246160000000000,534.9,535.2,534.9,535.2,102,32255,32290
2024-09-25 14:37:00.000000000,1727246220000000000,535.2,535.6,535.2,535.5,250,32290,32364
2024-09-25 14:38:00.000000000,1727246280000000000,535.5,535.6,535.3,535.4,160,32364,32410
2024-09-25 14:39:00.000000000,1727246340000000000,535.4,535.5,535.2,535.5,119,32410,32426
2024-09-25 14:40:00.000000000,1727246400000000000,535.5,535.7,535.4,535.7,201,32426,32446
2024-09-25 14:41:00.000000000,1727246460000000000,535.7,535.8,535.5,535.7,151,32446,32444
2024-09-25 14:42:00.000000000,1727246520000000000,535.7,536.0,535.7,535.7,209,32444,32494
2024-09-25 14:43:00.000000000,1727246580000000000,535.7,535.8,535.4,535.4,169,32494,32504
2024-09-25 14:44:00.000000000,1727246640000000000,535.4,535.5,535.3,535.4,132,32504,32524
2024-09-25 14:45:00.000000000,1727246700000000000,535.4,535.5,535.2,535.3,155,32524,32539
2024-09-25 14:46:00.000000000,1727246760000000000,535.3,535.3,535.0,535.2,270,32539,32499
2024-09-25 14:47:00.000000000,1727246820000000000,535.2,535.6,535.1,535.5,152,32499,32530
2024-09-25 14:48:00.000000000,1727246880000000000,535.5,535.6,535.4,535.6,52,32530,32549
2024-09-25 14:49:00.000000000,1727246940000000000,535.6,535.7,535.4,535.5,179,32549,32589
2024-09-25 14:50:00.000000000,1727247000000000000,535.5,535.6,535.0,535.0,265,32589,32526
2024-09-25 14:51:00.000000000,1727247060000000000,535.0,535.0,534.8,534.8,259,32526,32523
2024-09-25 14:52:00.000000000,1727247120000000000,534.8,534.9,534.6,534.7,235,32523,32473
2024-09-25 14:53:00.000000000,1727247180000000000,534.7,534.8,534.6,534.7,125,32473,32429
2024-09-25 14:54:00.000000000,1727247240000000000,534.7,535.5,534.7,535.5,340,32429,32494
2024-09-25 14:55:00.000000000,1727247300000000000,535.5,535.9,535.4,535.9,288,32494,32517
2024-09-25 14:56:00.000000000,1727247360000000000,535.9,536.1,535.6,535.7,536,32517,32555
2024-09-25 14:57:00.000000000,1727247420000000000,535.7,536.3,535.6,535.9,441,32555,32612
2024-09-25 14:58:00.000000000,1727247480000000000,535.9,536.4,535.9,536.3,431,32612,32618
2024-09-25 14:59:00.000000000,1727247540000000000,536.3,536.4,535.6,535.7,593,32618,32547
2024-09-25 21:00:00.000000000,1727269200000000000,530.9,530.9,528.8,528.8,3718,32547,32590
2024-09-25 21:01:00.000000000,1727269260000000000,528.8,528.8,528.3,528.7,1450,32590,32479
2024-09-25 21:02:00.000000000,1727269320000000000,528.7,529.7,528.3,529.5,1223,32479,32330
2024-09-25 21:03:00.000000000,1727269380000000000,529.5,530.8,529.3,530.8,1240,32330,32225
2024-09-25 21:04:00.000000000,1727269440000000000,530.8,531.5,530.8,531.5,1000,32225,32269
2024-09-25 21:05:00.000000000,1727269500000000000,531.5,532.7,531.4,532.5,1333,32269,32247
2024-09-25 21:06:00.000000000,1727269560000000000,532.5,532.5,532.0,532.3,749,32247,32321
2024-09-25 21:07:00.000000000,1727269620000000000,532.3,532.8,532.2,532.3,702,32321,32451
2024-09-25 21:08:00.000000000,1727269680000000000,532.3,532.8,532.3,532.5,500,32451,32504
2024-09-25 21:09:00.000000000,1727269740000000000,532.5,532.5,532.1,532.2,525,32504,32506
2024-09-25 21:10:00.000000000,1727269800000000000,532.2,532.4,531.9,532.1,427,32506,32575
2024-09-25 21:11:00.000000000,1727269860000000000,532.1,532.2,531.8,532.0,395,32575,32542
2024-09-25 21:12:00.000000000,1727269920000000000,532.0,532.5,531.9,532.0,385,32542,32617
2024-09-25 21:13:00.000000000,1727269980000000000,532.0,532.1,531.6,532.0,424,32617,32622
2024-09-25 21:14:00.000000000,1727270040000000000,532.0,533.2,532.0,532.8,935,32622,32740
2024-09-25 21:15:00.000000000,1727270100000000000,532.8,532.8,532.4,532.4,406,32740,32768
2024-09-25 21:16:00.000000000,1727270160000000000,532.4,533.4,532.4,532.8,683,32768,32782
2024-09-25 21:17:00.000000000,1727270220000000000,532.8,533.3,532.8,533.0,362,32782,32798
2024-09-25 21:18:00.000000000,1727270280000000000,533.0,533.4,533.0,533.3,251,32798,32808
2024-09-25 21:19:00.000000000,1727270340000000000,533.3,534.2,533.3,533.7,1005,32808,32824
2024-09-25 21:20:00.000000000,1727270400000000000,533.7,534.7,533.7,534.0,705,32824,32884
2024-09-25 21:21:00.000000000,1727270460000000000,534.0,534.2,533.7,533.9,393,32884,32952
2024-09-25 21:22:00.000000000,1727270520000000000,533.9,534.5,533.7,534.3,539,32952,32975
2024-09-25 21:23:00.000000000,1727270580000000000,534.3,534.6,534.2,534.4,517,32975,33006
2024-09-25 21:24:00.000000000,1727270640000000000,534.4,535.0,534.3,534.7,682,33006,33056
2024-09-25 21:25:00.000000000,1727270700000000000,534.7,535.2,534.7,535.2,619,33056,33070
2024-09-25 21:26:00.000000000,1727270760000000000,535.2,535.5,535.0,535.0,745,33070,33154
2024-09-25 21:27:00.000000000,1727270820000000000,535.0,536.7,535.0,536.5,1557,33154,33247
2024-09-25 21:28:00.000000000,1727270880000000000,536.5,538.2,536.5,538.0,1750,33247,33607
2024-09-25 21:29:00.000000000,1727270940000000000,538.0,538.2,537.0,537.4,1168,33607,33662
2024-09-25 21:30:00.000000000,1727271000000000000,537.4,537.6,536.5,536.8,1057,33662,33728
2024-09-25 21:31:00.000000000,1727271060000000000,536.8,537.7,536.8,537.5,689,33728,33689
2024-09-25 21:32:00.000000000,1727271120000000000,537.5,537.8,537.0,537.8,687,33689,33669
2024-09-25 21:33:00.000000000,1727271180000000000,537.8,537.9,537.1,537.4,497,33669,33602
2024-09-25 21:34:00.000000000,1727271240000000000,537.4,537.6,537.2,537.5,301,33602,33619
2024-09-25 21:35:00.000000000,1727271300000000000,537.5,537.5,537.0,537.2,332,33619,33666
2024-09-25 21:36:00.000000000,1727271360000000000,537.2,537.3,536.8,537.0,407,33666,33682
2024-09-25 21:37:00.000000000,1727271420000000000,537.0,537.4,536.9,537.3,317,33682,33697
2024-09-25 21:38:00.000000000,1727271480000000000,537.3,537.6,537.0,537.5,400,33697,33662
2024-09-25 21:39:00.000000000,1727271540000000000,537.5,537.9,537.2,537.9,354,33662,33705
2024-09-25 21:40:00.000000000,1727271600000000000,537.9,540.0,537.9,539.3,1783,33705,33503
2024-09-25 21:41:00.000000000,1727271660000000000,539.3,539.5,539.1,539.4,539,33503,33592
2024-09-25 21:42:00.000000000,1727271720000000000,539.4,539.4,537.7,537.9,860,33592,33604
2024-09-25 21:43:00.000000000,1727271780000000000,537.9,538.3,537.4,538.0,736,33604,33613
2024-09-25 21:44:00.000000000,1727271840000000000,538.0,538.6,537.9,538.3,433,33613,33640
2024-09-25 21:45:00.000000000,1727271900000000000,538.3,538.8,538.1,538.1,396,33640,33658
2024-09-25 21:46:00.000000000,1727271960000000000,538.1,538.5,538.1,538.2,231,33658,33637
2024-09-25 21:47:00.000000000,1727272020000000000,538.2,538.2,537.5,538.0,561,33637,33643
2024-09-25 21:48:00.000000000,1727272080000000000,538.0,538.8,537.9,538.8,468,33643,33633
2024-09-25 21:49:00.000000000,1727272140000000000,538.8,539.2,538.7,538.9,673,33633,33707
2024-09-25 21:50:00.000000000,1727272200000000000,538.9,538.9,537.9,538.0,400,33707,33690
2024-09-25 21:51:00.000000000,1727272260000000000,538.0,538.1,537.7,537.8,391,33690,33654
2024-09-25 21:52:00.000000000,1727272320000000000,537.8,538.5,537.7,538.3,270,33654,33633
2024-09-25 21:53:00.000000000,1727272380000000000,538.3,538.5,537.8,537.8,296,33633,33626
2024-09-25 21:54:00.000000000,1727272440000000000,537.8,538.2,537.8,537.9,124,33626,33621
2024-09-25 21:55:00.000000000,1727272500000000000,537.9,538.0,537.5,537.6,399,33621,33518
2024-09-25 21:56:00.000000000,1727272560000000000,537.6,537.7,537.3,537.5,426,33518,33489
2024-09-25 21:57:00.000000000,1727272620000000000,537.5,537.7,537.3,537.4,284,33489,33464
2024-09-25 21:58:00.000000000,1727272680000000000,537.4,537.8,537.3,537.8,230,33464,33462
2024-09-25 21:59:00.000000000,1727272740000000000,537.8,538.5,537.7,538.3,361,33462,33419
2024-09-25 22:00:00.000000000,1727272800000000000,538.3,538.6,537.7,538.0,457,33419,33479
2024-09-25 22:01:00.000000000,1727272860000000000,538.0,538.2,537.5,537.9,321,33479,33430
2024-09-25 22:02:00.000000000,1727272920000000000,537.9,538.4,537.8,538.4,200,33430,33448
2024-09-25 22:03:00.000000000,1727272980000000000,538.4,538.4,537.8,538.0,211,33448,33431
2024-09-25 22:04:00.000000000,1727273040000000000,538.0,538.2,537.8,538.1,109,33431,33422
2024-09-25 22:05:00.000000000,1727273100000000000,538.1,538.5,538.0,538.1,286,33422,33421
2024-09-25 22:06:00.000000000,1727273160000000000,538.1,538.4,537.8,538.0,227,33421,33412
2024-09-25 22:07:00.000000000,1727273220000000000,538.0,538.0,537.1,537.5,629,33412,33397
2024-09-25 22:08:00.000000000,1727273280000000000,537.5,538.2,537.5,537.7,316,33397,33416
2024-09-25 22:09:00.000000000,1727273340000000000,537.7,537.7,537.4,537.6,260,33416,33351
2024-09-25 22:10:00.000000000,1727273400000000000,537.6,538.1,537.6,538.0,230,33351,33380
2024-09-25 22:11:00.000000000,1727273460000000000,538.0,538.0,537.3,537.3,234,33380,33376
2024-09-25 22:12:00.000000000,1727273520000000000,537.3,537.9,537.3,537.6,287,33376,33366
2024-09-25 22:13:00.000000000,1727273580000000000,537.6,537.8,537.3,537.6,172,33366,33330
2024-09-25 22:14:00.000000000,1727273640000000000,537.6,537.6,537.3,537.3,237,33330,33321
2024-09-25 22:15:00.000000000,1727273700000000000,537.3,537.8,537.3,537.4,462,33321,33286
2024-09-25 22:16:00.000000000,1727273760000000000,537.4,537.4,536.8,537.0,639,33286,33221
2024-09-25 22:17:00.000000000,1727273820000000000,537.0,537.3,537.0,537.3,187,33221,33190
2024-09-25 22:18:00.000000000,1727273880000000000,537.3,538.4,537.3,538.0,564,33190,33168
2024-09-25 22:19:00.000000000,1727273940000000000,538.0,538.4,537.5,537.8,325,33168,33174
2024-09-25 22:20:00.000000000,1727274000000000000,537.8,538.3,537.7,537.9,302,33174,33206
2024-09-25 22:21:00.000000000,1727274060000000000,537.9,538.1,537.6,538.0,226,33206,33196
2024-09-25 22:22:00.000000000,1727274120000000000,538.0,538.0,537.0,537.1,482,33196,33174
2024-09-25 22:23:00.000000000,1727274180000000000,537.1,537.7,537.1,537.6,278,33174,33177
2024-09-25 22:24:00.000000000,1727274240000000000,537.6,537.7,537.2,537.6,264,33177,33168
2024-09-25 22:25:00.000000000,1727274300000000000,537.6,537.8,537.4,537.5,195,33168,33194
2024-09-25 22:26:00.000000000,1727274360000000000,537.5,537.9,537.5,537.8,245,33194,33212
2024-09-25 22:27:00.000000000,1727274420000000000,537.8,538.0,537.6,537.6,215,33212,33198
2024-09-25 22:28:00.000000000,1727274480000000000,537.6,538.3,537.6,538.2,398,33198,33166
2024-09-25 22:29:00.000000000,1727274540000000000,538.2,538.9,538.2,538.8,565,33166,33140
2024-09-25 22:30:00.000000000,1727274600000000000,538.8,540.8,538.8,540.5,2273,33140,33303
2024-09-25 22:31:00.000000000,1727274660000000000,540.5,540.6,539.5,539.5,977,33303,33315
2024-09-25 22:32:00.000000000,1727274720000000000,539.5,540.2,539.2,539.9,536,33315,33291
2024-09-25 22:33:00.000000000,1727274780000000000,539.9,540.0,537.9,537.9,806,33291,33337
2024-09-25 22:34:00.000000000,1727274840000000000,537.9,538.0,537.3,538.0,2041,33337,33840
2024-09-25 22:35:00.000000000,1727274900000000000,538.0,538.9,538.0,538.3,715,33840,33999
2024-09-25 22:36:00.000000000,1727274960000000000,538.3,538.3,537.8,538.0,414,33999,33992
2024-09-25 22:37:00.000000000,1727275020000000000,538.0,538.2,537.3,537.7,544,33992,33931
2024-09-25 22:38:00.000000000,1727275080000000000,537.7,538.7,537.4,538.6,684,33931,33911
2024-09-25 22:39:00.000000000,1727275140000000000,538.6,538.7,538.3,538.5,368,33911,33933
2024-09-25 22:40:00.000000000,1727275200000000000,538.5,539.3,538.5,539.0,456,33933,33948
2024-09-25 22:41:00.000000000,1727275260000000000,539.0,540.0,539.0,539.9,733,33948,34003
2024-09-25 22:42:00.000000000,1727275320000000000,539.9,540.6,539.9,540.4,1115,34003,34064
2024-09-25 22:43:00.000000000,1727275380000000000,540.4,540.7,540.1,540.1,547,34064,34111
2024-09-25 22:44:00.000000000,1727275440000000000,540.1,540.3,539.8,539.8,463,34111,34100
2024-09-25 22:45:00.000000000,1727275500000000000,539.8,540.5,539.8,539.9,412,34100,34155
2024-09-25 22:46:00.000000000,1727275560000000000,539.9,540.7,539.9,540.7,449,34155,34154
2024-09-25 22:47:00.000000000,1727275620000000000,540.7,541.2,540.7,540.9,1017,34154,34137
2024-09-25 22:48:00.000000000,1727275680000000000,540.9,540.9,539.4,539.5,907,34137,34107
2024-09-25 22:49:00.000000000,1727275740000000000,539.5,539.6,539.0,539.6,802,34107,34054
2024-09-25 22:50:00.000000000,1727275800000000000,539.6,539.6,538.7,538.9,659,34054,34006
2024-09-25 22:51:00.000000000,1727275860000000000,538.9,538.9,537.7,537.8,1173,34006,33810
2024-09-25 22:52:00.000000000,1727275920000000000,537.8,537.9,537.1,537.5,1108,33810,33666
2024-09-25 22:53:00.000000000,1727275980000000000,537.5,537.6,536.9,537.1,959,33666,33546
2024-09-25 22:54:00.000000000,1727276040000000000,537.1,538.1,537.1,538.1,687,33546,33415
2024-09-25 22:55:00.000000000,1727276100000000000,538.1,538.1,537.4,537.9,325,33415,33458
2024-09-25 22:56:00.000000000,1727276160000000000,537.9,539.2,537.8,539.1,861,33458,33448
2024-09-25 22:57:00.000000000,1727276220000000000,539.1,539.4,538.6,538.6,622,33448,33472
2024-09-25 22:58:00.000000000,1727276280000000000,538.6,538.7,538.2,538.2,369,33472,33475
2024-09-25 22:59:00.000000000,1727276340000000000,538.2,538.8,538.2,538.7,357,33475,33495
2024-09-25 23:00:00.000000000,1727276400000000000,538.7,539.1,538.4,539.1,520,33495,33700
2024-09-25 23:01:00.000000000,1727276460000000000,539.1,539.4,538.8,539.3,676,33700,33807
2024-09-25 23:02:00.000000000,1727276520000000000,539.3,540.2,539.3,540.1,852,33807,33829
2024-09-25 23:03:00.000000000,1727276580000000000,540.1,540.8,539.7,540.5,884,33829,33981
2024-09-25 23:04:00.000000000,1727276640000000000,540.5,540.6,540.2,540.5,612,33981,34073
2024-09-25 23:05:00.000000000,1727276700000000000,540.5,540.8,540.5,540.5,584,34073,34242
2024-09-25 23:06:00.000000000,1727276760000000000,540.5,540.7,540.2,540.2,381,34242,34303
2024-09-25 23:07:00.000000000,1727276820000000000,540.2,540.2,539.5,539.6,824,34303,34427
2024-09-25 23:08:00.000000000,1727276880000000000,539.6,539.8,539.2,539.6,406,34427,34417
2024-09-25 23:09:00.000000000,1727276940000000000,539.6,539.7,539.3,539.3,464,34417,34485
2024-09-25 23:10:00.000000000,1727277000000000000,539.3,539.8,539.3,539.7,390,34485,34537
2024-09-25 23:11:00.000000000,1727277060000000000,539.7,540.0,539.4,539.6,293,34537,34579
2024-09-25 23:12:00.000000000,1727277120000000000,539.6,539.6,538.7,539.3,714,34579,34575
2024-09-25 23:13:00.000000000,1727277180000000000,539.3,539.3,538.7,538.9,397,34575,34552
2024-09-25 23:14:00.000000000,1727277240000000000,538.9,539.0,538.6,538.9,326,34552,34568
2024-09-25 23:15:00.000000000,1727277300000000000,538.9,539.0,538.6,538.7,369,34568,34497
2024-09-25 23:16:00.000000000,1727277360000000000,538.7,539.2,538.7,538.9,357,34497,34480
2024-09-25 23:17:00.000000000,1727277420000000000,538.9,539.5,538.8,539.4,384,34480,34442
2024-09-25 23:18:00.000000000,1727277480000000000,539.4,540.0,539.4,539.6,544,34442,34441
2024-09-25 23:19:00.000000000,1727277540000000000,539.6,539.7,539.3,539.5,184,34441,34456
2024-09-25 23:20:00.000000000,1727277600000000000,539.5,539.9,539.1,539.4,371,34456,34461
2024-09-25 23:21:00.000000000,1727277660000000000,539.4,539.6,539.3,539.5,185,34461,34465
2024-09-25 23:22:00.000000000,1727277720000000000,539.5,539.5,538.9,539.3,335,34465,34468
2024-09-25 23:23:00.000000000,1727277780000000000,539.3,539.4,538.9,538.9,261,34468,34452
2024-09-25 23:24:00.000000000,1727277840000000000,538.9,539.4,538.9,539.2,168,34452,34429
2024-09-25 23:25:00.000000000,1727277900000000000,539.2,539.8,539.1,539.6,385,34429,34406
2024-09-25 23:26:00.000000000,1727277960000000000,539.6,539.7,539.4,539.5,333,34406,34478
2024-09-25 23:27:00.000000000,1727278020000000000,539.5,539.6,538.8,539.0,341,34478,34455
2024-09-25 23:28:00.000000000,1727278080000000000,539.0,539.1,538.7,538.7,387,34455,34471
2024-09-25 23:29:00.000000000,1727278140000000000,538.7,539.6,538.7,539.5,437,34471,34543
2024-09-25 23:30:00.000000000,1727278200000000000,539.5,539.7,539.2,539.7,361,34543,34537
2024-09-25 23:31:00.000000000,1727278260000000000,539.7,539.7,538.8,538.9,224,34537,34519
2024-09-25 23:32:00.000000000,1727278320000000000,538.9,538.9,537.9,538.4,1019,34519,34329
2024-09-25 23:33:00.000000000,1727278380000000000,538.4,538.4,537.9,538.0,401,34329,34386
2024-09-25 23:34:00.000000000,1727278440000000000,538.0,538.1,537.7,537.8,698,34386,34401
2024-09-25 23:35:00.000000000,1727278500000000000,537.8,538.3,537.5,538.3,752,34401,34293
2024-09-25 23:36:00.000000000,1727278560000000000,538.3,538.4,538.0,538.1,291,34293,34264
2024-09-25 23:37:00.000000000,1727278620000000000,538.1,538.1,537.8,538.1,319,34264,34290
2024-09-25 23:38:00.000000000,1727278680000000000,538.1,538.2,537.8,538.1,173,34290,34303
2024-09-25 23:39:00.000000000,1727278740000000000,538.1,538.6,538.1,538.2,330,34303,34262
2024-09-25 23:40:00.000000000,1727278800000000000,538.2,538.5,538.1,538.1,297,34262,34316
2024-09-25 23:41:00.000000000,1727278860000000000,538.1,538.1,536.0,536.2,1928,34316,34089
2024-09-25 23:42:00.000000000,1727278920000000000,536.2,536.5,535.7,536.0,1146,34089,34049
2024-09-25 23:43:00.000000000,1727278980000000000,536.0,536.5,535.5,535.8,899,34049,33943
2024-09-25 23:44:00.000000000,1727279040000000000,535.8,536.1,535.3,535.5,1390,33943,33744
2024-09-25 23:45:00.000000000,1727279100000000000,535.5,536.2,535.5,536.0,646,33744,33653
2024-09-25 23:46:00.000000000,1727279160000000000,536.0,536.6,535.9,536.5,527,33653,33635
2024-09-25 23:47:00.000000000,1727279220000000000,536.5,536.5,535.9,536.2,358,33635,33632
2024-09-25 23:48:00.000000000,1727279280000000000,536.2,537.0,536.2,537.0,583,33632,33585
2024-09-25 23:49:00.000000000,1727279340000000000,537.0,537.0,536.2,536.4,380,33585,33604
2024-09-25 23:50:00.000000000,1727279400000000000,536.4,536.4,536.0,536.1,335,33604,33624
2024-09-25 23:51:00.000000000,1727279460000000000,536.1,536.6,536.1,536.4,296,33624,33650
2024-09-25 23:52:00.000000000,1727279520000000000,536.4,536.5,535.9,536.0,339,33650,33650
2024-09-25 23:53:00.000000000,1727279580000000000,536.0,536.0,535.6,535.8,395,33650,33679
2024-09-25 23:54:00.000000000,1727279640000000000,535.8,536.1,535.7,536.0,202,33679,33689
2024-09-25 23:55:00.000000000,1727279700000000000,536.0,536.1,535.5,535.5,317,33689,33709
2024-09-25 23:56:00.000000000,1727279760000000000,535.5,535.6,535.0,535.3,830,33709,33666
2024-09-25 23:57:00.000000000,1727279820000000000,535.3,535.6,535.2,535.5,325,33666,33663
2024-09-25 23:58:00.000000000,1727279880000000000,535.5,535.8,535.5,535.6,323,33663,33644
2024-09-25 23:59:00.000000000,1727279940000000000,535.6,536.0,535.4,535.6,419,33644,33630
2024-09-26 00:00:00.000000000,1727280000000000000,535.6,535.8,535.5,535.6,184,33630,33646
2024-09-26 00:01:00.000000000,1727280060000000000,535.6,536.0,535.6,535.9,277,33646,33631
2024-09-26 00:02:00.000000000,1727280120000000000,535.9,536.0,535.6,535.7,181,33631,33640
2024-09-26 00:03:00.000000000,1727280180000000000,535.7,535.9,535.4,535.9,177,33640,33636
2024-09-26 00:04:00.000000000,1727280240000000000,535.9,535.9,535.6,535.9,149,33636,33617
2024-09-26 00:05:00.000000000,1727280300000000000,535.9,536.0,534.8,534.8,646,33617,33436
2024-09-26 00:06:00.000000000,1727280360000000000,534.8,535.3,534.7,535.3,668,33436,33383
2024-09-26 00:07:00.000000000,1727280420000000000,535.3,535.4,535.1,535.3,197,33383,33384
2024-09-26 00:08:00.000000000,1727280480000000000,535.3,535.5,535.2,535.4,246,33384,33396
2024-09-26 00:09:00.000000000,1727280540000000000,535.4,535.8,535.3,535.4,292,33396,33392
2024-09-26 00:10:00.000000000,1727280600000000000,535.4,535.6,535.2,535.6,136,33392,33376
2024-09-26 00:11:00.000000000,1727280660000000000,535.6,535.7,535.4,535.4,136,33376,33345
2024-09-26 00:12:00.000000000,1727280720000000000,535.4,535.5,534.9,534.9,314,33345,33329
2024-09-26 00:13:00.000000000,1727280780000000000,534.9,535.2,534.8,535.1,329,33329,33364
2024-09-26 00:14:00.000000000,1727280840000000000,535.1,535.2,534.6,534.8,334,33364,33390
2024-09-26 00:15:00.000000000,1727280900000000000,534.8,535.0,534.6,534.9,375,33390,33415
2024-09-26 00:16:00.000000000,1727280960000000000,534.9,535.0,534.6,534.8,234,33415,33431
2024-09-26 00:17:00.000000000,1727281020000000000,534.8,535.1,534.8,534.9,179,33431,33421
2024-09-26 00:18:00.000000000,1727281080000000000,534.9,535.1,534.9,534.9,234,33421,33409
2024-09-26 00:19:00.000000000,1727281140000000000,534.9,534.9,531.9,532.6,3130,33409,33269
2024-09-26 00:20:00.000000000,1727281200000000000,532.6,532.6,531.3,531.9,2249,33269,33141
2024-09-26 00:21:00.000000000,1727281260000000000,531.9,531.9,530.9,531.0,1104,33141,33135
2024-09-26 00:22:00.000000000,1727281320000000000,531.0,531.5,530.5,531.3,1166,33135,33110
2024-09-26 00:23:00.000000000,1727281380000000000,531.3,531.9,531.0,531.9,662,33110,33039
2024-09-26 00:24:00.000000000,1727281440000000000,531.9,532.2,531.6,531.7,644,33039,33045
2024-09-26 00:25:00.000000000,1727281500000000000,531.7,532.1,531.4,531.6,414,33045,33028
2024-09-26 00:26:00.000000000,1727281560000000000,531.6,532.2,531.6,531.9,367,33028,32984
2024-09-26 00:27:00.000000000,1727281620000000000,531.9,532.6,531.6,532.4,696,32984,32933
2024-09-26 00:28:00.000000000,1727281680000000000,532.4,532.7,532.2,532.5,503,32933,32920
2024-09-26 00:29:00.000000000,1727281740000000000,532.5,532.6,531.9,531.9,578,32920,32921
2024-09-26 00:30:00.000000000,1727281800000000000,531.9,532.3,531.8,532.1,442,32921,32910
2024-09-26 00:31:00.000000000,1727281860000000000,532.1,532.3,532.0,532.2,222,32910,32892
2024-09-26 00:32:00.000000000,1727281920000000000,532.2,532.8,532.1,532.6,406,32892,32872
2024-09-26 00:33:00.000000000,1727281980000000000,532.6,532.9,532.5,532.6,384,32872,32875
2024-09-26 00:34:00.000000000,1727282040000000000,532.6,533.3,532.6,533.1,760,32875,32960
2024-09-26 00:35:00.000000000,1727282100000000000,533.1,533.7,532.9,533.6,742,32960,32863
2024-09-26 00:36:00.000000000,1727282160000000000,533.6,533.6,533.3,533.5,389,32863,32879
2024-09-26 00:37:00.000000000,1727282220000000000,533.5,534.0,533.3,533.9,568,32879,32811
2024-09-26 00:38:00.000000000,1727282280000000000,533.9,533.9,533.4,533.7,320,32811,32848
2024-09-26 00:39:00.000000000,1727282340000000000,533.7,534.0,533.6,533.8,307,32848,32882
2024-09-26 00:40:00.000000000,1727282400000000000,533.8,533.8,533.3,533.4,506,32882,32858
2024-09-26 00:41:00.000000000,1727282460000000000,533.4,533.6,533.3,533.4,175,32858,32885
2024-09-26 00:42:00.000000000,1727282520000000000,533.4,533.5,532.8,532.8,370,32885,32850
2024-09-26 00:43:00.000000000,1727282580000000000,532.8,533.1,532.8,532.9,283,32850,32819
2024-09-26 00:44:00.000000000,1727282640000000000,532.9,533.1,532.5,532.6,475,32819,32747
2024-09-26 00:45:00.000000000,1727282700000000000,532.6,532.7,532.3,532.7,314,32747,32684
2024-09-26 00:46:00.000000000,1727282760000000000,532.7,532.7,532.4,532.4,184,32684,32671
2024-09-26 00:47:00.000000000,1727282820000000000,532.4,532.8,532.4,532.8,186,32671,32639
2024-09-26 00:48:00.000000000,1727282880000000000,532.8,533.0,532.6,532.9,292,32639,32616
2024-09-26 00:49:00.000000000,1727282940000000000,532.9,533.0,532.7,532.9,181,32616,32585
2024-09-26 00:50:00.000000000,1727283000000000000,532.9,532.9,532.4,532.5,216,32585,32580
2024-09-26 00:51:00.000000000,1727283060000000000,532.5,532.7,532.5,532.7,86,32580,32607
2024-09-26 00:52:00.000000000,1727283120000000000,532.7,533.0,532.5,532.5,136,32607,32584
2024-09-26 00:53:00.000000000,1727283180000000000,532.5,533.3,532.5,533.2,315,32584,32572
2024-09-26 00:54:00.000000000,1727283240000000000,533.2,533.9,533.1,533.7,620,32572,32509
2024-09-26 00:55:00.000000000,1727283300000000000,533.7,533.8,533.5,533.7,283,32509,32508
2024-09-26 00:56:00.000000000,1727283360000000000,533.7,533.8,533.1,533.2,318,32508,32500
2024-09-26 00:57:00.000000000,1727283420000000000,533.2,533.5,533.2,533.5,186,32500,32518
2024-09-26 00:58:00.000000000,1727283480000000000,533.5,533.8,533.2,533.7,159,32518,32494
2024-09-26 00:59:00.000000000,1727283540000000000,533.7,533.7,533.5,533.5,171,32494,32542
2024-09-26 01:00:00.000000000,1727283600000000000,533.5,533.6,532.9,533.3,276,32542,32519
2024-09-26 01:01:00.000000000,1727283660000000000,533.3,533.3,533.1,533.2,81,32519,32530
2024-09-26 01:02:00.000000000,1727283720000000000,533.2,533.3,532.9,533.1,234,32530,32562
2024-09-26 01:03:00.000000000,1727283780000000000,533.1,533.1,532.7,533.0,221,32562,32560
2024-09-26 01:04:00.000000000,1727283840000000000,533.0,533.0,532.7,532.8,129,32560,32575
2024-09-26 01:05:00.000000000,1727283900000000000,532.8,533.3,532.7,533.2,174,32575,32570
2024-09-26 01:06:00.000000000,1727283960000000000,533.2,533.4,532.9,533.1,243,32570,32587
2024-09-26 01:07:00.000000000,1727284020000000000,533.1,533.2,532.7,532.7,100,32587,32591
2024-09-26 01:08:00.000000000,1727284080000000000,532.7,532.9,532.7,532.7,155,32591,32600
2024-09-26 01:09:00.000000000,1727284140000000000,532.7,532.9,532.7,532.8,75,32600,32606
2024-09-26 01:10:00.000000000,1727284200000000000,532.8,532.9,532.7,532.8,97,32606,32613
2024-09-26 01:11:00.000000000,1727284260000000000,532.8,533.2,532.6,533.1,167,32613,32616
2024-09-26 01:12:00.000000000,1727284320000000000,533.1,533.1,532.8,533.1,91,32616,32600
2024-09-26 01:13:00.000000000,1727284380000000000,533.1,533.2,532.9,532.9,108,32600,32576
2024-09-26 01:14:00.000000000,1727284440000000000,532.9,533.2,532.8,533.0,57,32576,32597
2024-09-26 01:15:00.000000000,1727284500000000000,533.0,533.2,532.9,532.9,101,32597,32635
2024-09-26 01:16:00.000000000,1727284560000000000,532.9,533.2,532.8,532.8,53,32635,32632
2024-09-26 01:17:00.000000000,1727284620000000000,532.8,533.0,532.6,533.0,137,32632,32635
2024-09-26 01:18:00.000000000,1727284680000000000,533.0,533.1,532.8,532.9,72,32635,32631
2024-09-26 01:19:00.000000000,1727284740000000000,532.9,532.9,532.5,532.8,203,32631,32612
2024-09-26 01:20:00.000000000,1727284800000000000,532.8,532.8,532.4,532.5,238,32612,32552
2024-09-26 01:21:00.000000000,1727284860000000000,532.5,532.5,532.0,532.1,378,32552,32566
2024-09-26 01:22:00.000000000,1727284920000000000,532.1,532.2,531.6,532.1,399,32566,32550
2024-09-26 01:23:00.000000000,1727284980000000000,532.1,532.3,532.0,532.3,210,32550,32526
2024-09-26 01:24:00.000000000,1727285040000000000,532.3,532.4,532.1,532.2,147,32526,32527
2024-09-26 01:25:00.000000000,1727285100000000000,532.2,532.3,531.9,532.0,134,32527,32541
2024-09-26 01:26:00.000000000,1727285160000000000,532.0,532.3,531.8,532.2,218,32541,32529
2024-09-26 01:27:00.000000000,1727285220000000000,532.2,532.2,531.6,531.8,231,32529,32518
2024-09-26 01:28:00.000000000,1727285280000000000,531.8,531.8,531.5,531.5,321,32518,32492
2024-09-26 01:29:00.000000000,1727285340000000000,531.5,531.9,531.5,531.8,135,32492,32486
2024-09-26 01:30:00.000000000,1727285400000000000,531.8,532.2,531.8,532.0,182,32486,32468
2024-09-26 01:31:00.000000000,1727285460000000000,532.0,532.4,531.7,532.4,221,32468,32461
2024-09-26 01:32:00.000000000,1727285520000000000,532.4,532.4,532.2,532.3,86,32461,32450
2024-09-26 01:33:00.000000000,1727285580000000000,532.3,532.5,532.2,532.3,196,32450,32459
2024-09-26 01:34:00.000000000,1727285640000000000,532.3,532.4,532.2,532.2,67,32459,32456
2024-09-26 01:35:00.000000000,1727285700000000000,532.2,532.3,531.9,532.2,123,32456,32466
2024-09-26 01:36:00.000000000,1727285760000000000,532.2,532.3,532.0,532.0,61,32466,32456
2024-09-26 01:37:00.000000000,1727285820000000000,532.0,532.2,531.9,531.9,105,32456,32474
2024-09-26 01:38:00.000000000,1727285880000000000,531.9,532.2,531.9,532.1,95,32474,32468
2024-09-26 01:39:00.000000000,1727285940000000000,532.1,532.2,531.8,531.9,147,32468,32440
2024-09-26 01:40:00.000000000,1727286000000000000,531.9,532.0,531.6,531.6,133,32440,32431
2024-09-26 01:41:00.000000000,1727286060000000000,531.6,532.1,531.6,532.0,81,32431,32413
2024-09-26 01:42:00.000000000,1727286120000000000,532.0,532.1,532.0,532.0,29,32413,32408
2024-09-26 01:43:00.000000000,1727286180000000000,532.0,532.2,532.0,532.1,79,32408,32407
2024-09-26 01:44:00.000000000,1727286240000000000,532.1,532.3,532.1,532.2,68,32407,32401
2024-09-26 01:45:00.000000000,1727286300000000000,532.2,532.4,532.1,532.3,163,32401,32412
2024-09-26 01:46:00.000000000,1727286360000000000,532.3,532.4,532.2,532.2,52,32412,32399
2024-09-26 01:47:00.000000000,1727286420000000000,532.2,532.2,532.1,532.2,33,32399,32390
2024-09-26 01:48:00.000000000,1727286480000000000,532.2,532.7,532.2,532.6,136,32390,32358
2024-09-26 01:49:00.000000000,1727286540000000000,532.6,532.7,532.3,532.7,122,32358,32341
2024-09-26 01:50:00.000000000,1727286600000000000,532.7,533.7,532.6,533.6,580,32341,32216
2024-09-26 01:51:00.000000000,1727286660000000000,533.6,534.5,533.6,534.5,717,32216,32127
2024-09-26 01:52:00.000000000,1727286720000000000,534.5,534.5,534.0,534.3,366,32127,32160
2024-09-26 01:53:00.000000000,1727286780000000000,534.3,534.4,533.9,533.9,159,32160,32169
2024-09-26 01:54:00.000000000,1727286840000000000,533.9,534.2,533.9,534.1,108,32169,32162
2024-09-26 01:55:00.000000000,1727286900000000000,534.1,534.1,533.3,533.4,273,32162,32129
2024-09-26 01:56:00.000000000,1727286960000000000,533.4,533.6,533.4,533.6,106,32129,32121
2024-09-26 01:57:00.000000000,1727287020000000000,533.6,533.8,533.5,533.7,90,32121,32117
2024-09-26 01:58:00.000000000,1727287080000000000,533.7,533.9,533.7,533.9,148,32117,32111
2024-09-26 01:59:00.000000000,1727287140000000000,533.9,533.9,533.5,533.6,76,32111,32109
2024-09-26 02:00:00.000000000,1727287200000000000,533.6,533.8,533.3,533.8,152,32109,32103
2024-09-26 02:01:00.000000000,1727287260000000000,533.8,534.2,533.7,534.2,142,32103,32076
2024-09-26 02:02:00.000000000,1727287320000000000,534.2,534.2,534.0,534.1,134,32076,32086
2024-09-26 02:03:00.000000000,1727287380000000000,534.1,534.2,534.0,534.0,103,32086,32070
2024-09-26 02:04:00.000000000,1727287440000000000,534.0,534.2,534.0,534.1,81,32070,32082
2024-09-26 02:05:00.000000000,1727287500000000000,534.1,534.2,533.9,534.2,135,32082,32087
2024-09-26 02:06:00.000000000,1727287560000000000,534.2,534.6,534.1,534.6,209,32087,32084
2024-09-26 02:07:00.000000000,1727287620000000000,534.6,534.6,534.3,534.4,76,32084,32068
2024-09-26 02:08:00.000000000,1727287680000000000,534.4,534.6,534.2,534.5,177,32068,32083
2024-09-26 02:09:00.000000000,1727287740000000000,534.5,534.5,534.3,534.4,38,32083,32084
2024-09-26 02:10:00.000000000,1727287800000000000,534.4,534.6,534.4,534.4,88,32084,32092
2024-09-26 02:11:00.000000000,1727287860000000000,534.4,534.7,534.4,534.7,152,32092,32067
2024-09-26 02:12:00.000000000,1727287920000000000,534.7,534.9,534.7,534.8,154,32067,32044
2024-09-26 02:13:00.000000000,1727287980000000000,534.8,534.9,534.6,534.6,76,32044,32046
2024-09-26 02:14:00.000000000,1727288040000000000,534.6,534.9,534.6,534.6,91,32046,32045
2024-09-26 02:15:00.000000000,1727288100000000000,534.6,534.8,534.5,534.7,127,32045,32020
2024-09-26 02:16:00.000000000,1727288160000000000,534.7,534.7,534.5,534.6,47,32020,31990
2024-09-26 02:17:00.000000000,1727288220000000000,534.6,535.3,534.6,535.0,232,31990,31906
2024-09-26 02:18:00.000000000,1727288280000000000,535.0,535.1,534.7,534.7,135,31906,31882
2024-09-26 02:19:00.000000000,1727288340000000000,534.7,534.9,534.6,534.8,94,31882,31882
2024-09-26 02:20:00.000000000,1727288400000000000,534.8,534.9,534.7,534.8,53,31882,31870
2024-09-26 02:21:00.000000000,1727288460000000000,534.8,534.9,534.7,534.8,59,31870,31857
2024-09-26 02:22:00.000000000,1727288520000000000,534.8,535.0,534.5,534.5,138,31857,31847
2024-09-26 02:23:00.000000000,1727288580000000000,534.5,534.6,534.4,534.6,109,31847,31830
2024-09-26 02:24:00.000000000,1727288640000000000,534.6,534.6,534.2,534.2,173,31830,31777
2024-09-26 02:25:00.000000000,1727288700000000000,534.2,534.5,534.1,534.5,125,31777,31772
2024-09-26 02:26:00.000000000,1727288760000000000,534.5,534.6,534.2,534.6,91,31772,31765
2024-09-26 02:27:00.000000000,1727288820000000000,534.6,534.9,534.3,534.6,196,31765,31734
2024-09-26 02:28:00.000000000,1727288880000000000,534.6,534.8,534.2,534.4,328,31734,31678
2024-09-26 02:29:00.000000000,1727288940000000000,534.4,535.0,534.3,535.0,376,31678,31504
2024-09-26 09:00:00.000000000,1727312400000000000,535.2,536.2,535.0,536.0,1180,31504,31455
2024-09-26 09:01:00.000000000,1727312460000000000,536.0,536.0,535.0,535.6,631,31455,31375
2024-09-26 09:02:00.000000000,1727312520000000000,535.6,535.7,535.4,535.4,177,31375,31356
2024-09-26 09:03:00.000000000,1727312580000000000,535.4,535.4,534.6,534.7,554,31356,31369
2024-09-26 09:04:00.000000000,1727312640000000000,534.7,535.3,534.6,535.1,318,31369,31367
2024-09-26 09:05:00.000000000,1727312700000000000,535.1,535.1,534.6,534.7,242,31367,31357
2024-09-26 09:06:00.000000000,1727312760000000000,534.7,534.8,534.6,534.6,89,31357,31356
2024-09-26 09:07:00.000000000,1727312820000000000,534.6,534.8,534.3,534.3,390,31356,31415
2024-09-26 09:08:00.000000000,1727312880000000000,534.3,534.4,534.2,534.4,122,31415,31401
2024-09-26 09:09:00.000000000,1727312940000000000,534.4,534.4,533.9,533.9,439,31401,31382
2024-09-26 09:10:00.000000000,1727313000000000000,533.9,534.2,533.9,534.0,151,31382,31380
2024-09-26 09:11:00.000000000,1727313060000000000,534.0,534.0,533.6,533.7,214,31380,31371
2024-09-26 09:12:00.000000000,1727313120000000000,533.7,534.0,533.6,533.7,183,31371,31364
2024-09-26 09:13:00.000000000,1727313180000000000,533.7,534.0,533.6,533.8,164,31364,31350
2024-09-26 09:14:00.000000000,1727313240000000000,533.8,534.1,533.8,533.9,177,31350,31338
2024-09-26 09:15:00.000000000,1727313300000000000,533.9,534.0,533.6,533.6,158,31338,31350
2024-09-26 09:16:00.000000000,1727313360000000000,533.6,533.8,533.6,533.8,182,31350,31316
2024-09-26 09:17:00.000000000,1727313420000000000,533.8,534.0,533.7,533.7,197,31316,31264
2024-09-26 09:18:00.000000000,1727313480000000000,533.7,533.9,533.6,533.9,115,31264,31241
2024-09-26 09:19:00.000000000,1727313540000000000,533.9,533.9,533.5,533.8,239,31241,31203
2024-09-26 09:20:00.000000000,1727313600000000000,533.8,534.0,533.5,533.8,160,31203,31155
2024-09-26 09:21:00.000000000,1727313660000000000,533.8,534.0,533.7,533.8,97,31155,31140
2024-09-26 09:22:00.000000000,1727313720000000000,533.8,534.3,533.8,534.3,321,31140,31019
2024-09-26 09:23:00.000000000,1727313780000000000,534.3,534.6,534.3,534.4,181,31019,30980
2024-09-26 09:24:00.000000000,1727313840000000000,534.4,534.4,534.2,534.3,110,30980,30973
2024-09-26 09:25:00.000000000,1727313900000000000,534.3,534.5,534.2,534.2,147,30973,30943
2024-09-26 09:26:00.000000000,1727313960000000000,534.2,534.2,533.5,533.7,216,30943,30926
2024-09-26 09:27:00.000000000,1727314020000000000,533.7,533.8,533.5,533.6,128,30926,30910
2024-09-26 09:28:00.000000000,1727314080000000000,533.6,533.7,533.5,533.6,175,30910,30897
2024-09-26 09:29:00.000000000,1727314140000000000,533.6,533.7,533.5,533.6,85,30897,30859
2024-09-26 09:30:00.000000000,1727314200000000000,533.6,533.9,533.4,533.6,160,30859,30814
2024-09-26 09:31:00.000000000,1727314260000000000,533.6,533.9,533.6,533.7,73,30814,30797
2024-09-26 09:32:00.000000000,1727314320000000000,533.7,534.1,533.7,534.1,163,30797,30775
2024-09-26 09:33:00.000000000,1727314380000000000,534.1,534.4,534.1,534.4,77,30775,30766
2024-09-26 09:34:00.000000000,1727314440000000000,534.4,534.6,534.3,534.5,162,30766,30748
2024-09-26 09:35:00.000000000,1727314500000000000,534.5,534.6,534.5,534.5,123,30748,30711
2024-09-26 09:36:00.000000000,1727314560000000000,534.5,534.7,534.4,534.4,163,30711,30693
2024-09-26 09:37:00.000000000,1727314620000000000,534.4,534.5,534.4,534.4,72,30693,30687
2024-09-26 09:38:00.000000000,1727314680000000000,534.4,534.4,534.2,534.4,67,30687,30691
2024-09-26 09:39:00.000000000,1727314740000000000,534.4,534.6,534.2,534.5,117,30691,30710
2024-09-26 09:40:00.000000000,1727314800000000000,534.5,535.0,534.4,534.9,174,30710,30713
2024-09-26 09:41:00.000000000,1727314860000000000,534.9,534.9,534.6,534.6,92,30713,30686
2024-09-26 09:42:00.000000000,1727314920000000000,534.6,535.0,534.6,534.9,141,30686,30665
2024-09-26 09:43:00.000000000,1727314980000000000,534.9,535.0,534.6,534.6,84,30665,30659
2024-09-26 09:44:00.000000000,1727315040000000000,534.6,534.9,534.5,534.8,102,30659,30688
2024-09-26 09:45:00.000000000,1727315100000000000,534.8,534.9,534.7,534.8,48,30688,30679
2024-09-26 09:46:00.000000000,1727315160000000000,534.8,535.1,534.8,534.9,107,30679,30680
2024-09-26 09:47:00.000000000,1727315220000000000,534.9,534.9,534.6,534.7,97,30680,30642
2024-09-26 09:48:00.000000000,1727315280000000000,534.7,535.2,534.7,535.1,89,30642,30631
2024-09-26 09:49:00.000000000,1727315340000000000,535.1,535.6,535.1,535.6,213,30631,30622
2024-09-26 09:50:00.000000000,1727315400000000000,535.6,535.9,535.6,535.8,196,30622,30607
2024-09-26 09:51:00.000000000,1727315460000000000,535.8,536.8,535.8,536.8,552,30607,30577
2024-09-26 09:52:00.000000000,1727315520000000000,536.8,536.8,536.3,536.3,266,30577,30557
2024-09-26 09:53:00.000000000,1727315580000000000,536.3,536.5,536.2,536.4,209,30557,30512
2024-09-26 09:54:00.000000000,1727315640000000000,536.4,536.5,536.2,536.5,156,30512,30486
2024-09-26 09:55:00.000000000,1727315700000000000,536.5,537.7,536.4,537.3,535,30486,30432
2024-09-26 09:56:00.000000000,1727315760000000000,537.3,537.4,537.1,537.4,340,30432,30419
2024-09-26 09:57:00.000000000,1727315820000000000,537.4,537.4,537.0,537.0,273,30419,30448
2024-09-26 09:58:00.000000000,1727315880000000000,537.0,537.1,536.9,536.9,139,30448,30420
2024-09-26 09:59:00.000000000,1727315940000000000,536.9,537.0,536.6,536.6,211,30420,30385
2024-09-26 10:00:00.000000000,1727316000000000000,536.6,536.7,536.2,536.2,265,30385,30367
2024-09-26 10:01:00.000000000,1727316060000000000,536.2,536.3,535.9,536.1,211,30367,30310
2024-09-26 10:02:00.000000000,1727316120000000000,536.1,536.2,535.8,536.0,114,30310,30292
2024-09-26 10:03:00.000000000,1727316180000000000,536.0,536.6,536.0,536.5,105,30292,30272
2024-09-26 10:04:00.000000000,1727316240000000000,536.5,536.6,536.1,536.1,103,30272,30290
2024-09-26 10:05:00.000000000,1727316300000000000,536.1,536.2,535.9,536.1,91,30290,30293
2024-09-26 10:06:00.000000000,1727316360000000000,536.1,536.1,535.8,535.9,118,30293,30294
2024-09-26 10:07:00.000000000,1727316420000000000,535.9,536.2,535.9,536.2,110,30294,30293
2024-09-26 10:08:00.000000000,1727316480000000000,536.2,536.4,536.1,536.3,81,30293,30271
2024-09-26 10:09:00.000000000,1727316540000000000,536.3,536.3,536.0,536.1,29,30271,30284
2024-09-26 10:10:00.000000000,1727316600000000000,536.1,536.2,536.0,536.0,63,30284,30291
2024-09-26 10:11:00.000000000,1727316660000000000,536.0,536.2,535.9,536.0,54,30291,30295
2024-09-26 10:12:00.000000000,1727316720000000000,536.0,536.3,536.0,536.1,38,30295,30295
2024-09-26 10:13:00.000000000,1727316780000000000,536.1,536.1,535.8,535.9,93,30295,30293
2024-09-26 10:14:00.000000000,1727316840000000000,535.9,536.1,535.8,535.9,76,30293,30291
2024-09-26 10:30:00.000000000,1727317800000000000,536.0,536.4,535.9,536.4,197,30291,30309
2024-09-26 10:31:00.000000000,1727317860000000000,536.4,536.4,536.0,536.2,101,30309,30321
2024-09-26 10:32:00.000000000,1727317920000000000,536.2,536.2,535.6,535.7,112,30321,30284
2024-09-26 10:33:00.000000000,1727317980000000000,535.7,535.8,535.3,535.5,184,30284,30254
2024-09-26 10:34:00.000000000,1727318040000000000,535.5,535.7,535.5,535.6,91,30254,30266
2024-09-26 10:35:00.000000000,1727318100000000000,535.6,535.6,535.4,535.5,91,30266,30278
2024-09-26 10:36:00.000000000,1727318160000000000,535.5,535.7,535.4,535.5,97,30278,30293
2024-09-26 10:37:00.000000000,1727318220000000000,535.5,535.8,535.5,535.8,86,30293,30299
2024-09-26 10:38:00.000000000,1727318280000000000,535.8,535.8,535.5,535.5,87,30299,30304
2024-09-26 10:39:00.000000000,1727318340000000000,535.5,535.8,535.4,535.4,93,30304,30316
2024-09-26 10:40:00.000000000,1727318400000000000,535.4,535.4,534.7,534.8,312,30316,30354
2024-09-26 10:41:00.000000000,1727318460000000000,534.8,535.1,534.6,535.1,127,30354,30328
2024-09-26 10:42:00.000000000,1727318520000000000,535.1,535.3,535.1,535.2,62,30328,30320
2024-09-26 10:43:00.000000000,1727318580000000000,535.2,535.4,535.2,535.2,80,30320,30324
2024-09-26 10:44:00.000000000,1727318640000000000,535.2,535.4,535.2,535.3,60,30324,30326
2024-09-26 10:45:00.000000000,1727318700000000000,535.3,535.4,535.1,535.1,52,30326,30328
2024-09-26 10:46:00.000000000,1727318760000000000,535.1,535.2,535.0,535.0,71,30328,30317
2024-09-26 10:47:00.000000000,1727318820000000000,535.0,535.0,534.5,534.8,146,30317,30318
2024-09-26 10:48:00.000000000,1727318880000000000,534.8,535.0,534.6,534.9,72,30318,30318
2024-09-26 10:49:00.000000000,1727318940000000000,534.9,534.9,534.6,534.6,63,30318,30323
2024-09-26 10:50:00.000000000,1727319000000000000,534.6,534.8,534.6,534.7,87,30323,30327
2024-09-26 10:51:00.000000000,1727319060000000000,534.7,535.1,534.7,535.1,76,30327,30322
2024-09-26 10:52:00.000000000,1727319120000000000,535.1,535.1,534.8,534.9,103,30322,30325
2024-09-26 10:53:00.000000000,1727319180000000000,534.9,535.0,534.8,534.9,47,30325,30315
2024-09-26 10:54:00.000000000,1727319240000000000,534.9,535.1,534.9,535.0,38,30315,30316
2024-09-26 10:55:00.000000000,1727319300000000000,535.0,535.2,535.0,535.2,122,30316,30307
2024-09-26 10:56:00.000000000,1727319360000000000,535.2,535.2,535.0,535.1,39,30307,30306
2024-09-26 10:57:00.000000000,1727319420000000000,535.1,535.3,534.9,534.9,81,30306,30304
2024-09-26 10:58:00.000000000,1727319480000000000,534.9,535.1,534.6,534.7,110,30304,30305
2024-09-26 10:59:00.000000000,1727319540000000000,534.7,534.9,534.7,534.8,62,30305,30303
2024-09-26 11:00:00.000000000,1727319600000000000,534.8,535.2,534.8,535.0,89,30303,30296
2024-09-26 11:01:00.000000000,1727319660000000000,535.0,535.4,535.0,535.4,81,30296,30299
2024-09-26 11:02:00.000000000,1727319720000000000,535.4,535.4,534.8,534.9,97,30299,30300
2024-09-26 11:03:00.000000000,1727319780000000000,534.9,535.2,534.9,535.2,61,30300,30297
2024-09-26 11:04:00.000000000,1727319840000000000,535.2,535.2,534.8,534.8,52,30297,30287
2024-09-26 11:05:00.000000000,1727319900000000000,534.8,534.9,534.5,534.9,193,30287,30257
2024-09-26 11:06:00.000000000,1727319960000000000,534.9,535.1,534.8,534.8,40,30257,30248
2024-09-26 11:07:00.000000000,1727320020000000000,534.8,534.8,534.5,534.6,88,30248,30215
2024-09-26 11:08:00.000000000,1727320080000000000,534.6,534.6,534.4,534.4,150,30215,30228
2024-09-26 11:09:00.000000000,1727320140000000000,534.4,534.6,534.4,534.5,88,30228,30224
2024-09-26 11:10:00.000000000,1727320200000000000,534.5,534.8,534.4,534.8,97,30224,30248
2024-09-26 11:11:00.000000000,1727320260000000000,534.8,534.9,534.6,534.8,54,30248,30226
2024-09-26 11:12:00.000000000,1727320320000000000,534.8,534.8,534.6,534.7,29,30226,30223
2024-09-26 11:13:00.000000000,1727320380000000000,534.7,534.9,534.6,534.6,68,30223,30224
2024-09-26 11:14:00.000000000,1727320440000000000,534.6,534.8,534.5,534.8,60,30224,30213
2024-09-26 11:15:00.000000000,1727320500000000000,534.8,535.1,534.8,535.0,52,30213,30204
2024-09-26 11:16:00.000000000,1727320560000000000,535.0,535.0,534.7,534.8,58,30204,30210
2024-09-26 11:17:00.000000000,1727320620000000000,534.8,534.9,534.1,534.3,166,30210,30176
2024-09-26 11:18:00.000000000,1727320680000000000,534.3,534.4,534.1,534.3,92,30176,30148
2024-09-26 11:19:00.000000000,1727320740000000000,534.3,534.5,534.1,534.3,93,30148,30162
2024-09-26 11:20:00.000000000,1727320800000000000,534.3,534.4,534.2,534.4,53,30162,30161
2024-09-26 11:21:00.000000000,1727320860000000000,534.4,534.5,534.3,534.5,24,30161,30152
2024-09-26 11:22:00.000000000,1727320920000000000,534.5,534.7,534.4,534.6,70,30152,30155
2024-09-26 11:23:00.000000000,1727320980000000000,534.6,534.6,534.4,534.5,43,30155,30143
2024-09-26 11:24:00.000000000,1727321040000000000,534.5,534.7,534.5,534.6,47,30143,30126
2024-09-26 11:25:00.000000000,1727321100000000000,534.6,534.9,534.6,534.9,65,30126,30116
2024-09-26 11:26:00.000000000,1727321160000000000,534.9,534.9,534.5,534.6,97,30116,30104
2024-09-26 11:27:00.000000000,1727321220000000000,534.6,534.6,534.3,534.6,63,30104,30086
2024-09-26 11:28:00.000000000,1727321280000000000,534.6,534.7,534.5,534.7,29,30086,30073
2024-09-26 11:29:00.000000000,1727321340000000000,534.7,534.7,534.4,534.5,95,30073,30063
2024-09-26 13:30:00.000000000,1727328600000000000,530.8,530.9,528.1,528.2,3674,30063,29889
2024-09-26 13:31:00.000000000,1727328660000000000,528.2,528.2,527.0,527.4,1806,29889,29786
2024-09-26 13:32:00.000000000,1727328720000000000,527.4,527.4,525.0,525.0,1623,29786,29736
2024-09-26 13:33:00.000000000,1727328780000000000,525.0,526.2,524.3,525.5,1507,29736,29715
2024-09-26 13:34:00.000000000,1727328840000000000,525.5,525.5,524.0,524.2,1235,29715,29755
2024-09-26 13:35:00.000000000,1727328900000000000,524.2,524.6,523.6,523.8,1217,29755,29845
2024-09-26 13:36:00.000000000,1727328960000000000,523.8,525.3,523.7,525.2,940,29845,29682
2024-09-26 13:37:00.000000000,1727329020000000000,525.2,525.2,524.1,525.2,802,29682,29651
2024-09-26 13:38:00.000000000,1727329080000000000,525.2,525.5,524.5,525.2,810,29651,29598
2024-09-26 13:39:00.000000000,1727329140000000000,525.2,525.4,524.9,525.3,673,29598,29557
2024-09-26 13:40:00.000000000,1727329200000000000,525.3,525.7,524.4,525.0,626,29557,29472
2024-09-26 13:41:00.000000000,1727329260000000000,525.0,525.0,524.0,524.4,845,29472,29546
2024-09-26 13:42:00.000000000,1727329320000000000,524.4,524.5,523.8,523.9,599,29546,29570
2024-09-26 13:43:00.000000000,1727329380000000000,523.9,524.3,523.9,524.2,388,29570,29558
2024-09-26 13:44:00.000000000,1727329440000000000,524.2,524.4,523.3,523.4,695,29558,29608
2024-09-26 13:45:00.000000000,1727329500000000000,523.4,523.4,521.7,522.4,1745,29608,29721
2024-09-26 13:46:00.000000000,1727329560000000000,522.4,522.5,521.3,521.4,714,29721,29867
2024-09-26 13:47:00.000000000,1727329620000000000,521.4,521.5,520.9,521.5,1053,29867,30055
2024-09-26 13:48:00.000000000,1727329680000000000,521.5,522.3,521.2,521.6,913,30055,30130
2024-09-26 13:49:00.000000000,1727329740000000000,521.6,521.7,520.5,520.6,680,30130,30211
2024-09-26 13:50:00.000000000,1727329800000000000,520.6,521.0,520.4,520.6,743,30211,30289
2024-09-26 13:51:00.000000000,1727329860000000000,520.6,521.1,520.1,520.4,687,30289,30346
2024-09-26 13:52:00.000000000,1727329920000000000,520.4,521.6,520.4,521.4,614,30346,30334
2024-09-26 13:53:00.000000000,1727329980000000000,521.4,521.6,521.1,521.1,623,30334,30338
2024-09-26 13:54:00.000000000,1727330040000000000,521.1,521.3,520.7,520.8,512,30338,30329
2024-09-26 13:55:00.000000000,1727330100000000000,520.8,521.0,520.2,520.5,714,30329,30443
2024-09-26 13:56:00.000000000,1727330160000000000,520.5,521.9,520.5,521.8,634,30443,30374
2024-09-26 13:57:00.000000000,1727330220000000000,521.8,522.8,521.7,522.1,1029,30374,30176
2024-09-26 13:58:00.000000000,1727330280000000000,522.1,522.3,521.3,521.5,369,30176,30129
2024-09-26 13:59:00.000000000,1727330340000000000,521.5,522.0,521.4,521.7,332,30129,30099
2024-09-26 14:00:00.000000000,1727330400000000000,521.7,521.7,520.9,521.3,902,30099,30135
2024-09-26 14:01:00.000000000,1727330460000000000,521.3,521.5,520.8,520.8,419,30135,30095
2024-09-26 14:02:00.000000000,1727330520000000000,520.8,521.3,520.5,520.6,513,30095,30162
2024-09-26 14:03:00.000000000,1727330580000000000,520.6,520.7,519.6,519.8,800,30162,30215
2024-09-26 14:04:00.000000000,1727330640000000000,519.8,519.8,518.1,519.0,1334,30215,30208
2024-09-26 14:05:00.000000000,1727330700000000000,519.0,520.0,518.6,519.8,677,30208,30236
2024-09-26 14:06:00.000000000,1727330760000000000,519.8,519.8,518.9,519.1,438,30236,30241
2024-09-26 14:07:00.000000000,1727330820000000000,519.1,519.5,519.0,519.5,403,30241,30232
2024-09-26 14:08:00.000000000,1727330880000000000,519.5,519.7,518.5,518.5,446,30232,30255
2024-09-26 14:09:00.000000000,1727330940000000000,518.5,518.7,518.1,518.5,505,30255,30270
2024-09-26 14:10:00.000000000,1727331000000000000,518.5,518.6,517.4,517.7,809,30270,30316
2024-09-26 14:11:00.000000000,1727331060000000000,517.7,518.1,516.9,517.6,1123,30316,30414
2024-09-26 14:12:00.000000000,1727331120000000000,517.6,517.6,516.4,517.0,879,30414,30507
2024-09-26 14:13:00.000000000,1727331180000000000,517.0,517.2,516.1,516.3,765,30507,30570
2024-09-26 14:14:00.000000000,1727331240000000000,516.3,516.9,516.0,516.9,864,30570,30623
2024-09-26 14:15:00.000000000,1727331300000000000,516.9,517.4,516.7,517.3,873,30623,30547
2024-09-26 14:16:00.000000000,1727331360000000000,517.3,517.4,516.2,516.3,631,30547,30605
2024-09-26 14:17:00.000000000,1727331420000000000,516.3,516.7,516.2,516.4,524,30605,30679
2024-09-26 14:18:00.000000000,1727331480000000000,516.4,517.4,516.4,517.3,431,30679,30622
2024-09-26 14:19:00.000000000,1727331540000000000,517.3,517.8,516.9,517.8,560,30622,30533
2024-09-26 14:20:00.000000000,1727331600000000000,517.8,517.9,517.3,517.6,602,30533,30393
2024-09-26 14:21:00.000000000,1727331660000000000,517.6,518.7,517.5,518.4,889,30393,30185
2024-09-26 14:22:00.000000000,1727331720000000000,518.4,518.4,517.8,518.1,444,30185,30262
2024-09-26 14:23:00.000000000,1727331780000000000,518.1,518.4,517.6,517.6,361,30262,30262
2024-09-26 14:24:00.000000000,1727331840000000000,517.6,518.7,517.5,518.5,504,30262,30224
2024-09-26 14:25:00.000000000,1727331900000000000,518.5,519.1,518.4,518.9,596,30224,30170
2024-09-26 14:26:00.000000000,1727331960000000000,518.9,519.2,518.4,519.1,444,30170,30121
2024-09-26 14:27:00.000000000,1727332020000000000,519.1,519.2,518.7,518.8,408,30121,30073
2024-09-26 14:28:00.000000000,1727332080000000000,518.8,519.4,518.8,518.8,310,30073,30065
2024-09-26 14:29:00.000000000,1727332140000000000,518.8,519.1,518.6,518.9,302,30065,30071
2024-09-26 14:30:00.000000000,1727332200000000000,518.9,519.2,518.6,519.2,269,30071,30095
2024-09-26 14:31:00.000000000,1727332260000000000,519.2,519.9,519.2,519.6,461,30095,30089
2024-09-26 14:32:00.000000000,1727332320000000000,519.6,519.9,519.2,519.5,246,30089,30055
2024-09-26 14:33:00.000000000,1727332380000000000,519.5,520.5,519.5,520.4,569,30055,30020
2024-09-26 14:34:00.000000000,1727332440000000000,520.4,520.8,520.3,520.4,506,30020,30044
2024-09-26 14:35:00.000000000,1727332500000000000,520.4,520.5,520.1,520.1,365,30044,30039
2024-09-26 14:36:00.000000000,1727332560000000000,520.1,521.3,520.1,521.3,397,30039,30048
2024-09-26 14:37:00.000000000,1727332620000000000,521.3,521.3,520.6,520.8,336,30048,30062
2024-09-26 14:38:00.000000000,1727332680000000000,520.8,521.1,520.7,521.0,248,30062,30051
2024-09-26 14:39:00.000000000,1727332740000000000,521.0,521.8,520.9,521.6,448,30051,30010
2024-09-26 14:40:00.000000000,1727332800000000000,521.6,521.9,521.3,521.6,330,30010,29963
2024-09-26 14:41:00.000000000,1727332860000000000,521.6,522.2,521.5,522.0,507,29963,29850
2024-09-26 14:42:00.000000000,1727332920000000000,522.0,522.1,521.7,521.7,360,29850,29766
2024-09-26 14:43:00.000000000,1727332980000000000,521.7,523.0,521.7,522.8,784,29766,29667
2024-09-26 14:44:00.000000000,1727333040000000000,522.8,524.0,522.7,523.8,939,29667,29569
2024-09-26 14:45:00.000000000,1727333100000000000,523.8,524.5,523.8,524.4,983,29569,29563
2024-09-26 14:46:00.000000000,1727333160000000000,524.4,524.6,523.7,523.8,697,29563,29448
2024-09-26 14:47:00.000000000,1727333220000000000,523.8,523.9,523.1,523.3,838,29448,29122
2024-09-26 14:48:00.000000000,1727333280000000000,523.3,523.7,523.3,523.7,305,29122,29059
2024-09-26 14:49:00.000000000,1727333340000000000,523.7,523.7,523.3,523.5,263,29059,29050
2024-09-26 14:50:00.000000000,1727333400000000000,523.5,523.5,523.1,523.1,400,29050,28957
2024-09-26 14:51:00.000000000,1727333460000000000,523.1,523.3,522.7,522.7,434,28957,28839
2024-09-26 14:52:00.000000000,1727333520000000000,522.7,523.0,522.7,522.9,296,28839,28846
2024-09-26 14:53:00.000000000,1727333580000000000,522.9,523.5,522.7,522.7,573,28846,28749
2024-09-26 14:54:00.000000000,1727333640000000000,522.7,522.9,522.6,522.8,348,28749,28637
2024-09-26 14:55:00.000000000,1727333700000000000,522.8,523.1,522.5,522.8,416,28637,28512
2024-09-26 14:56:00.000000000,1727333760000000000,522.8,523.2,522.8,523.0,280,28512,28443
2024-09-26 14:57:00.000000000,1727333820000000000,523.0,523.2,522.9,522.9,233,28443,28316
2024-09-26 14:58:00.000000000,1727333880000000000,522.9,523.0,522.7,522.9,361,28316,28174
2024-09-26 14:59:00.000000000,1727333940000000000,522.9,523.2,522.9,523.2,576,28174,28048
2024-09-26 21:00:00.000000000,1727355600000000000,522.7,524.2,520.8,522.2,2966,28048,27959
2024-09-26 21:01:00.000000000,1727355660000000000,522.2,522.4,521.3,521.5,1022,27959,28040
2024-09-26 21:02:00.000000000,1727355720000000000,521.5,522.9,521.0,522.6,991,28040,28022
2024-09-26 21:03:00.000000000,1727355780000000000,522.6,524.8,521.1,522.3,2497,28022,27943
2024-09-26 21:04:00.000000000,1727355840000000000,522.3,522.5,521.1,521.5,1082,27943,27967
2024-09-26 21:05:00.000000000,1727355900000000000,521.5,521.6,519.7,519.7,1225,27967,28077
2024-09-26 21:06:00.000000000,1727355960000000000,519.7,520.8,519.7,520.1,1005,28077,28218
2024-09-26 21:07:00.000000000,1727356020000000000,520.1,520.5,518.7,519.1,1072,28218,28367
2024-09-26 21:08:00.000000000,1727356080000000000,519.1,520.1,519.0,520.1,765,28367,28394
2024-09-26 21:09:00.000000000,1727356140000000000,520.1,520.1,519.0,519.1,622,28394,28510
2024-09-26 21:10:00.000000000,1727356200000000000,519.1,520.4,519.1,520.0,716,28510,28487
2024-09-26 21:11:00.000000000,1727356260000000000,520.0,520.2,519.0,519.1,576,28487,28509
2024-09-26 21:12:00.000000000,1727356320000000000,519.1,519.3,518.8,518.9,579,28509,28522
2024-09-26 21:13:00.000000000,1727356380000000000,518.9,518.9,517.8,518.0,888,28522,28628
2024-09-26 21:14:00.000000000,1727356440000000000,518.0,518.4,517.6,518.4,662,28628,28796
2024-09-26 21:15:00.000000000,1727356500000000000,518.4,518.9,517.9,518.7,776,28796,28811
2024-09-26 21:16:00.000000000,1727356560000000000,518.7,518.9,517.8,518.0,602,28811,28885
2024-09-26 21:17:00.000000000,1727356620000000000,518.0,518.6,517.9,518.0,384,28885,28925
2024-09-26 21:18:00.000000000,1727356680000000000,518.0,518.6,518.0,518.5,269,28925,28975
2024-09-26 21:19:00.000000000,1727356740000000000,518.5,518.5,517.3,517.7,612,28975,29022
2024-09-26 21:20:00.000000000,1727356800000000000,517.7,518.5,517.6,518.4,351,29022,29036
2024-09-26 21:21:00.000000000,1727356860000000000,518.4,518.4,517.8,518.0,232,29036,29050
2024-09-26 21:22:00.000000000,1727356920000000000,518.0,519.0,517.7,519.0,619,29050,29059
2024-09-26 21:23:00.000000000,1727356980000000000,519.0,520.4,518.8,520.0,1131,29059,28808
2024-09-26 21:24:00.000000000,1727357040000000000,520.0,520.8,519.5,519.8,738,28808,28770
2024-09-26 21:25:00.000000000,1727357100000000000,519.8,520.1,519.1,519.1,474,28770,28768
2024-09-26 21:26:00.000000000,1727357160000000000,519.1,519.1,518.4,518.7,700,28768,28717
2024-09-26 21:27:00.000000000,1727357220000000000,518.7,518.9,518.3,518.5,410,28717,28648
2024-09-26 21:28:00.000000000,1727357280000000000,518.5,518.8,518.0,518.6,807,28648,28518
2024-09-26 21:29:00.000000000,1727357340000000000,518.6,519.2,518.5,518.6,681,28518,28533
2024-09-26 21:30:00.000000000,1727357400000000000,518.6,519.2,517.9,517.9,563,28533,28587
2024-09-26 21:31:00.000000000,1727357460000000000,517.9,518.3,517.1,517.2,973,28587,28706
2024-09-26 21:32:00.000000000,1727357520000000000,517.2,517.4,516.5,516.7,888,28706,28722
2024-09-26 21:33:00.000000000,1727357580000000000,516.7,517.5,516.7,516.9,810,28722,28719
2024-09-26 21:34:00.000000000,1727357640000000000,516.9,517.2,516.6,517.2,372,28719,28731
2024-09-26 21:35:00.000000000,1727357700000000000,517.2,518.2,516.9,518.0,671,28731,28712
2024-09-26 21:36:00.000000000,1727357760000000000,518.0,518.1,517.4,517.9,486,28712,28689
2024-09-26 21:37:00.000000000,1727357820000000000,517.9,518.8,517.8,518.5,515,28689,28616
2024-09-26 21:38:00.000000000,1727357880000000000,518.5,518.6,518.0,518.1,481,28616,28521
2024-09-26 21:39:00.000000000,1727357940000000000,518.1,518.1,516.8,516.8,625,28521,28634
2024-09-26 21:40:00.000000000,1727358000000000000,516.8,517.1,516.5,516.9,495,28634,28672
2024-09-26 21:41:00.000000000,1727358060000000000,516.9,517.2,516.7,516.8,295,28672,28691
2024-09-26 21:42:00.000000000,1727358120000000000,516.8,517.2,516.7,517.0,383,28691,28697
2024-09-26 21:43:00.000000000,1727358180000000000,517.0,517.4,515.5,515.6,911,28697,28737
2024-09-26 21:44:00.000000000,1727358240000000000,515.6,516.1,515.5,516.0,705,28737,28746
2024-09-26 21:45:00.000000000,1727358300000000000,516.0,516.3,515.2,515.9,659,28746,28786
2024-09-26 21:46:00.000000000,1727358360000000000,515.9,516.0,515.3,515.4,455,28786,28862
2024-09-26 21:47:00.000000000,1727358420000000000,515.4,516.1,515.4,516.1,530,28862,28851
2024-09-26 21:48:00.000000000,1727358480000000000,516.1,516.3,515.5,515.6,514,28851,28904
2024-09-26 21:49:00.000000000,1727358540000000000,515.6,516.1,515.4,515.8,519,28904,28936
2024-09-26 21:50:00.000000000,1727358600000000000,515.8,516.3,515.5,515.9,489,28936,28977
2024-09-26 21:51:00.000000000,1727358660000000000,515.9,516.1,515.8,516.0,597,28977,29017
2024-09-26 21:52:00.000000000,1727358720000000000,516.0,516.6,516.0,516.4,588,29017,29028
2024-09-26 21:53:00.000000000,1727358780000000000,516.4,516.9,516.1,516.8,631,29028,29006
2024-09-26 21:54:00.000000000,1727358840000000000,516.8,517.1,516.5,516.6,516,29006,28933
2024-09-26 21:55:00.000000000,1727358900000000000,516.6,516.8,516.0,516.4,518,28933,28934
2024-09-26 21:56:00.000000000,1727358960000000000,516.4,517.5,516.4,517.3,457,28934,28871
2024-09-26 21:57:00.000000000,1727359020000000000,517.3,518.0,517.3,517.8,1096,28871,28699
2024-09-26 21:58:00.000000000,1727359080000000000,517.8,518.1,517.5,517.6,333,28699,28654
2024-09-26 21:59:00.000000000,1727359140000000000,517.6,518.2,517.5,517.9,360,28654,28633
2024-09-26 22:00:00.000000000,1727359200000000000,517.9,518.6,517.2,518.3,901,28633,28619
2024-09-26 22:01:00.000000000,1727359260000000000,518.3,518.4,517.8,518.1,449,28619,28649
2024-09-26 22:02:00.000000000,1727359320000000000,518.1,518.4,517.5,517.5,404,28649,28627
2024-09-26 22:03:00.000000000,1727359380000000000,517.5,518.1,517.4,518.0,412,28627,28626
2024-09-26 22:04:00.000000000,1727359440000000000,518.0,518.3,517.5,517.7,408,28626,28603
2024-09-26 22:05:00.000000000,1727359500000000000,517.7,517.8,517.3,517.8,640,28603,28545
2024-09-26 22:06:00.000000000,1727359560000000000,517.8,517.9,517.4,517.5,262,28545,28541
2024-09-26 22:07:00.000000000,1727359620000000000,517.5,517.9,517.5,517.8,275,28541,28533
2024-09-26 22:08:00.000000000,1727359680000000000,517.8,518.1,517.7,518.0,555,28533,28471
2024-09-26 22:09:00.000000000,1727359740000000000,518.0,518.5,517.6,518.5,697,28471,28414
2024-09-26 22:10:00.000000000,1727359800000000000,518.5,518.9,518.2,518.7,906,28414,28470
2024-09-26 22:11:00.000000000,1727359860000000000,518.7,519.5,518.7,519.2,970,28470,28407
2024-09-26 22:12:00.000000000,1727359920000000000,519.2,519.3,518.9,519.0,385,28407,28388
2024-09-26 22:13:00.000000000,1727359980000000000,519.0,519.4,518.9,519.2,375,28388,28422
2024-09-26 22:14:00.000000000,1727360040000000000,519.2,519.3,518.9,519.1,217,28422,28436
2024-09-26 22:15:00.000000000,1727360100000000000,519.1,519.1,518.5,518.8,363,28436,28428
2024-09-26 22:16:00.000000000,1727360160000000000,518.8,519.0,518.5,518.7,174,28428,28425
2024-09-26 22:17:00.000000000,1727360220000000000,518.7,518.7,517.9,518.0,366,28425,28412
2024-09-26 22:18:00.000000000,1727360280000000000,518.0,518.1,517.5,517.7,444,28412,28379
2024-09-26 22:19:00.000000000,1727360340000000000,517.7,517.9,517.4,517.9,326,28379,28383
2024-09-26 22:20:00.000000000,1727360400000000000,517.9,518.4,517.6,518.3,309,28383,28393
2024-09-26 22:21:00.000000000,1727360460000000000,518.3,519.5,518.2,519.4,827,28393,28344
2024-09-26 22:22:00.000000000,1727360520000000000,519.4,519.5,518.9,519.0,351,28344,28391
2024-09-26 22:23:00.000000000,1727360580000000000,519.0,519.8,519.0,519.6,433,28391,28381
2024-09-26 22:24:00.000000000,1727360640000000000,519.6,521.1,519.4,520.9,1513,28381,28345
2024-09-26 22:25:00.000000000,1727360700000000000,520.9,521.6,520.7,521.4,1031,28345,28299
2024-09-26 22:26:00.000000000,1727360760000000000,521.4,521.6,521.0,521.6,615,28299,28220
2024-09-26 22:27:00.000000000,1727360820000000000,521.6,522.3,521.6,522.1,792,28220,28230
2024-09-26 22:28:00.000000000,1727360880000000000,522.1,522.2,521.6,522.0,533,28230,28261
2024-09-26 22:29:00.000000000,1727360940000000000,522.0,522.1,521.4,521.8,378,28261,28210
2024-09-26 22:30:00.000000000,1727361000000000000,521.8,523.0,521.8,522.8,936,28210,28231
2024-09-26 22:31:00.000000000,1727361060000000000,522.8,523.3,522.6,523.3,723,28231,28267
2024-09-26 22:32:00.000000000,1727361120000000000,523.3,523.4,523.0,523.2,522,28267,28172
2024-09-26 22:33:00.000000000,1727361180000000000,523.2,524.1,523.2,523.8,774,28172,28081
2024-09-26 22:34:00.000000000,1727361240000000000,523.8,524.1,523.7,524.0,513,28081,28086
2024-09-26 22:35:00.000000000,1727361300000000000,524.0,524.0,523.1,523.1,1029,28086,28012
2024-09-26 22:36:00.000000000,1727361360000000000,523.1,523.1,522.4,522.6,936,28012,27863
2024-09-26 22:37:00.000000000,1727361420000000000,522.6,522.7,522.3,522.5,678,27863,27785
2024-09-26 22:38:00.000000000,1727361480000000000,522.5,522.7,522.0,522.5,544,27785,27768
2024-09-26 22:39:00.000000000,1727361540000000000,522.5,522.6,521.9,522.1,539,27768,27769
2024-09-26 22:40:00.000000000,1727361600000000000,522.1,522.1,521.4,521.4,676,27769,27742
2024-09-26 22:41:00.000000000,1727361660000000000,521.4,521.4,520.8,521.4,664,27742,27723
2024-09-26 22:42:00.000000000,1727361720000000000,521.4,521.4,520.9,521.0,290,27723,27717
2024-09-26 22:43:00.000000000,1727361780000000000,521.0,521.2,520.8,521.1,404,27717,27697
2024-09-26 22:44:00.000000000,1727361840000000000,521.1,521.1,520.2,520.6,626,27697,27700
2024-09-26 22:45:00.000000000,1727361900000000000,520.6,521.7,520.6,521.6,743,27700,27720
2024-09-26 22:46:00.000000000,1727361960000000000,521.6,522.1,521.2,521.2,528,27720,27712
2024-09-26 22:47:00.000000000,1727362020000000000,521.2,521.2,520.6,520.8,473,27712,27719
2024-09-26 22:48:00.000000000,1727362080000000000,520.8,521.0,520.4,521.0,324,27719,27711
2024-09-26 22:49:00.000000000,1727362140000000000,521.0,521.0,520.4,520.7,161,27711,27727
2024-09-26 22:50:00.000000000,1727362200000000000,520.7,521.1,520.6,520.9,225,27727,27750
2024-09-26 22:51:00.000000000,1727362260000000000,520.9,520.9,520.4,520.5,223,27750,27781
2024-09-26 22:52:00.000000000,1727362320000000000,520.5,521.0,520.0,520.9,576,27781,27778
2024-09-26 22:53:00.000000000,1727362380000000000,520.9,521.2,520.6,520.7,441,27778,27812
2024-09-26 22:54:00.000000000,1727362440000000000,520.7,521.5,520.7,521.5,380,27812,27772
2024-09-26 22:55:00.000000000,1727362500000000000,521.5,521.6,520.9,521.4,680,27772,27811
2024-09-26 22:56:00.000000000,1727362560000000000,521.4,522.0,521.4,521.9,628,27811,27814
2024-09-26 22:57:00.000000000,1727362620000000000,521.9,522.4,521.9,522.3,562,27814,27871
2024-09-26 22:58:00.000000000,1727362680000000000,522.3,522.6,522.0,522.0,585,27871,27820
2024-09-26 22:59:00.000000000,1727362740000000000,522.0,522.0,521.8,521.9,254,27820,27794
2024-09-26 23:00:00.000000000,1727362800000000000,521.9,522.1,521.1,521.3,681,27794,27849
2024-09-26 23:01:00.000000000,1727362860000000000,521.3,521.6,521.2,521.2,249,27849,27871
2024-09-26 23:02:00.000000000,1727362920000000000,521.2,521.4,520.7,521.0,367,27871,27863
2024-09-26 23:03:00.000000000,1727362980000000000,521.0,521.2,520.7,521.2,239,27863,27896
2024-09-26 23:04:00.000000000,1727363040000000000,521.2,521.9,521.0,521.8,503,27896,27903
2024-09-26 23:05:00.000000000,1727363100000000000,521.8,522.4,521.8,522.1,532,27903,27928
2024-09-26 23:06:00.000000000,1727363160000000000,522.1,522.1,521.6,521.8,267,27928,27991
2024-09-26 23:07:00.000000000,1727363220000000000,521.8,522.2,521.4,522.2,275,27991,27990
2024-09-26 23:08:00.000000000,1727363280000000000,522.2,522.2,521.9,522.0,306,27990,27992
2024-09-26 23:09:00.000000000,1727363340000000000,522.0,522.1,521.5,522.1,245,27992,27998
2024-09-26 23:10:00.000000000,1727363400000000000,522.1,522.2,521.6,521.8,195,27998,27991
2024-09-26 23:11:00.000000000,1727363460000000000,521.8,521.9,521.3,521.5,216,27991,27990
2024-09-26 23:12:00.000000000,1727363520000000000,521.5,521.7,521.4,521.6,107,27990,27987
2024-09-26 23:13:00.000000000,1727363580000000000,521.6,521.6,520.5,520.7,646,27987,27924
2024-09-26 23:14:00.000000000,1727363640000000000,520.7,521.1,520.4,520.8,337,27924,27892
2024-09-26 23:15:00.000000000,1727363700000000000,520.8,520.8,519.9,519.9,638,27892,27852
2024-09-26 23:16:00.000000000,1727363760000000000,519.9,520.8,519.9,520.0,587,27852,27883
2024-09-26 23:17:00.000000000,1727363820000000000,520.0,520.3,519.7,520.2,530,27883,27921
2024-09-26 23:18:00.000000000,1727363880000000000,520.2,520.8,520.1,520.7,421,27921,28057
2024-09-26 23:19:00.000000000,1727363940000000000,520.7,521.0,520.5,520.7,341,28057,28050
2024-09-26 23:20:00.000000000,1727364000000000000,520.7,520.8,520.2,520.3,315,28050,28096
2024-09-26 23:21:00.000000000,1727364060000000000,520.3,520.4,520.0,520.0,257,28096,28139
2024-09-26 23:22:00.000000000,1727364120000000000,520.0,520.2,519.5,519.5,500,28139,28147
2024-09-26 23:23:00.000000000,1727364180000000000,519.5,520.7,519.5,520.4,456,28147,28129
2024-09-26 23:24:00.000000000,1727364240000000000,520.4,520.6,520.3,520.6,212,28129,28162
2024-09-26 23:25:00.000000000,1727364300000000000,520.6,521.5,520.6,521.5,849,28162,28075
2024-09-26 23:26:00.000000000,1727364360000000000,521.5,522.2,521.4,521.9,571,28075,28052
2024-09-26 23:27:00.000000000,1727364420000000000,521.9,522.9,521.9,522.7,804,28052,28000
2024-09-26 23:28:00.000000000,1727364480000000000,522.7,523.1,522.6,523.0,677,28000,27956
2024-09-26 23:29:00.000000000,1727364540000000000,523.0,524.1,523.0,524.1,950,27956,27977
2024-09-26 23:30:00.000000000,1727364600000000000,524.1,524.1,523.7,523.8,644,27977,28028
2024-09-26 23:31:00.000000000,1727364660000000000,523.8,523.9,522.8,522.9,652,28028,27989
2024-09-26 23:32:00.000000000,1727364720000000000,522.9,523.0,522.5,522.7,452,27989,27999
2024-09-26 23:33:00.000000000,1727364780000000000,522.7,522.7,521.7,522.2,747,27999,27885
2024-09-26 23:34:00.000000000,1727364840000000000,522.2,522.4,521.9,522.1,322,27885,27892
2024-09-26 23:35:00.000000000,1727364900000000000,522.1,522.2,521.6,522.0,340,27892,27890
2024-09-26 23:36:00.000000000,1727364960000000000,522.0,522.0,521.4,521.6,356,27890,27894
2024-09-26 23:37:00.000000000,1727365020000000000,521.6,521.9,521.3,521.4,274,27894,27901
2024-09-26 23:38:00.000000000,1727365080000000000,521.4,521.7,521.0,521.2,393,27901,27860
2024-09-26 23:39:00.000000000,1727365140000000000,521.2,521.6,521.1,521.5,276,27860,27873
2024-09-26 23:40:00.000000000,1727365200000000000,521.5,521.6,521.2,521.6,187,27873,27924
2024-09-26 23:41:00.000000000,1727365260000000000,521.6,521.6,521.2,521.3,196,27924,27931
2024-09-26 23:42:00.000000000,1727365320000000000,521.3,521.3,520.7,520.9,411,27931,27970
2024-09-26 23:43:00.000000000,1727365380000000000,520.9,521.5,520.9,521.4,236,27970,27991
2024-09-26 23:44:00.000000000,1727365440000000000,521.4,522.0,521.2,521.9,419,27991,28014
2024-09-26 23:45:00.000000000,1727365500000000000,521.9,522.1,521.8,521.9,470,28014,28067
2024-09-26 23:46:00.000000000,1727365560000000000,521.9,522.0,521.9,522.0,165,28067,28055
2024-09-26 23:47:00.000000000,1727365620000000000,522.0,522.0,521.5,521.5,255,28055,28038
2024-09-26 23:48:00.000000000,1727365680000000000,521.5,521.7,520.8,520.8,378,28038,28046
2024-09-26 23:49:00.000000000,1727365740000000000,520.8,521.6,520.7,521.6,322,28046,28102
2024-09-26 23:50:00.000000000,1727365800000000000,521.6,521.8,521.3,521.5,297,28102,28107
2024-09-26 23:51:00.000000000,1727365860000000000,521.5,521.8,521.3,521.7,141,28107,28113
2024-09-26 23:52:00.000000000,1727365920000000000,521.7,522.5,521.7,522.3,469,28113,28072
2024-09-26 23:53:00.000000000,1727365980000000000,522.3,522.5,522.1,522.4,289,28072,28051
2024-09-26 23:54:00.000000000,1727366040000000000,522.4,522.4,521.9,521.9,227,28051,28077
2024-09-26 23:55:00.000000000,1727366100000000000,521.9,522.2,521.8,522.1,177,28077,28077
2024-09-26 23:56:00.000000000,1727366160000000000,522.1,522.5,521.9,522.2,233,28077,28089
2024-09-26 23:57:00.000000000,1727366220000000000,522.2,522.7,522.2,522.6,371,28089,28010
2024-09-26 23:58:00.000000000,1727366280000000000,522.6,522.9,522.6,522.8,249,28010,27973
2024-09-26 23:59:00.000000000,1727366340000000000,522.8,523.2,522.8,523.1,229,27973,27960
2024-09-27 00:00:00.000000000,1727366400000000000,523.1,523.2,522.8,522.8,352,27960,27986
2024-09-27 00:01:00.000000000,1727366460000000000,522.8,523.0,522.6,522.7,435,27986,27903
2024-09-27 00:02:00.000000000,1727366520000000000,522.7,522.7,522.1,522.5,378,27903,27852
2024-09-27 00:03:00.000000000,1727366580000000000,522.5,523.2,522.5,522.8,294,27852,27897
2024-09-27 00:04:00.000000000,1727366640000000000,522.8,523.1,522.5,523.1,253,27897,27900
2024-09-27 00:05:00.000000000,1727366700000000000,523.1,523.1,522.6,522.6,241,27900,27970
2024-09-27 00:06:00.000000000,1727366760000000000,522.6,523.0,522.6,522.8,148,27970,27946
2024-09-27 00:07:00.000000000,1727366820000000000,522.8,523.0,522.6,522.6,159,27946,27942
2024-09-27 00:08:00.000000000,1727366880000000000,522.6,522.7,522.3,522.6,195,27942,27940
2024-09-27 00:09:00.000000000,1727366940000000000,522.6,522.7,522.3,522.4,158,27940,27912
2024-09-27 00:10:00.000000000,1727367000000000000,522.4,522.6,521.9,522.1,286,27912,27891
2024-09-27 00:11:00.000000000,1727367060000000000,522.1,522.3,521.9,522.2,271,27891,27954
2024-09-27 00:12:00.000000000,1727367120000000000,522.2,522.6,522.2,522.5,200,27954,27999
2024-09-27 00:13:00.000000000,1727367180000000000,522.5,522.5,522.2,522.2,90,27999,27988
2024-09-27 00:14:00.000000000,1727367240000000000,522.2,522.3,521.6,522.1,416,27988,27982
2024-09-27 00:15:00.000000000,1727367300000000000,522.1,522.3,521.9,522.2,134,27982,27970
2024-09-27 00:16:00.000000000,1727367360000000000,522.2,522.3,522.0,522.2,162,27970,27947
2024-09-27 00:17:00.000000000,1727367420000000000,522.2,522.2,521.8,521.9,118,27947,27970
2024-09-27 00:18:00.000000000,1727367480000000000,521.9,522.0,521.4,521.6,311,27970,27997
2024-09-27 00:19:00.000000000,1727367540000000000,521.6,521.9,521.5,521.9,214,27997,27983
2024-09-27 00:20:00.000000000,1727367600000000000,521.9,521.9,521.5,521.6,149,27983,27973
2024-09-27 00:21:00.000000000,1727367660000000000,521.6,521.6,520.9,521.3,322,27973,27943
2024-09-27 00:22:00.000000000,1727367720000000000,521.3,521.4,521.0,521.0,190,27943,27964
2024-09-27 00:23:00.000000000,1727367780000000000,521.0,521.1,520.8,520.9,172,27964,27990
2024-09-27 00:24:00.000000000,1727367840000000000,520.9,521.1,520.9,521.1,141,27990,27979
2024-09-27 00:25:00.000000000,1727367900000000000,521.1,521.2,521.0,521.0,120,27979,27998
2024-09-27 00:26:00.000000000,1727367960000000000,521.0,521.1,520.9,521.1,131,27998,28040
2024-09-27 00:27:00.000000000,1727368020000000000,521.1,521.1,520.6,520.9,276,28040,28034
2024-09-27 00:28:00.000000000,1727368080000000000,520.9,521.0,520.6,520.9,158,28034,28067
2024-09-27 00:29:00.000000000,1727368140000000000,520.9,520.9,520.5,520.7,200,28067,28068
2024-09-27 00:30:00.000000000,1727368200000000000,520.7,520.8,520.2,520.3,246,28068,28106
2024-09-27 00:31:00.000000000,1727368260000000000,520.3,520.4,519.5,519.6,594,28106,28156
2024-09-27 00:32:00.000000000,1727368320000000000,519.6,519.8,518.9,519.0,754,28156,28095
2024-09-27 00:33:00.000000000,1727368380000000000,519.0,519.1,518.6,518.8,490,28095,28114
2024-09-27 00:34:00.000000000,1727368440000000000,518.8,519.0,518.6,518.6,344,28114,28130
2024-09-27 00:35:00.000000000,1727368500000000000,518.6,518.9,518.2,518.4,520,28130,28144
2024-09-27 00:36:00.000000000,1727368560000000000,518.4,519.0,518.2,519.0,349,28144,28152
2024-09-27 00:37:00.000000000,1727368620000000000,519.0,519.2,518.7,519.2,273,28152,28132
2024-09-27 00:38:00.000000000,1727368680000000000,519.2,519.4,518.9,519.1,431,28132,28108
2024-09-27 00:39:00.000000000,1727368740000000000,519.1,519.4,519.0,519.0,214,28108,28121
2024-09-27 00:40:00.000000000,1727368800000000000,519.0,519.4,518.9,519.4,162,28121,28121
2024-09-27 00:41:00.000000000,1727368860000000000,519.4,519.7,519.3,519.6,353,28121,28085
2024-09-27 00:42:00.000000000,1727368920000000000,519.6,520.1,519.6,519.7,279,28085,28083
2024-09-27 00:43:00.000000000,1727368980000000000,519.7,519.7,519.0,519.1,282,28083,28135
2024-09-27 00:44:00.000000000,1727369040000000000,519.1,519.6,519.1,519.3,180,28135,28148
2024-09-27 00:45:00.000000000,1727369100000000000,519.3,519.6,519.3,519.4,85,28148,28161
2024-09-27 00:46:00.000000000,1727369160000000000,519.4,519.8,519.4,519.8,109,28161,28159
2024-09-27 00:47:00.000000000,1727369220000000000,519.8,520.1,519.7,519.9,235,28159,28148
2024-09-27 00:48:00.000000000,1727369280000000000,519.9,520.4,519.9,520.1,296,28148,28103
2024-09-27 00:49:00.000000000,1727369340000000000,520.1,520.2,519.6,519.9,286,28103,28106
2024-09-27 00:50:00.000000000,1727369400000000000,519.9,520.2,519.6,519.6,160,28106,28100
2024-09-27 00:51:00.000000000,1727369460000000000,519.6,519.7,519.4,519.7,272,28100,28008
2024-09-27 00:52:00.000000000,1727369520000000000,519.7,519.8,519.2,519.5,241,28008,27989
2024-09-27 00:53:00.000000000,1727369580000000000,519.5,519.5,519.0,519.2,260,27989,28011
2024-09-27 00:54:00.000000000,1727369640000000000,519.2,519.4,519.2,519.2,156,28011,27993
2024-09-27 00:55:00.000000000,1727369700000000000,519.2,519.3,519.0,519.0,129,27993,28002
2024-09-27 00:56:00.000000000,1727369760000000000,519.0,519.1,518.8,519.1,138,28002,28007
2024-09-27 00:57:00.000000000,1727369820000000000,519.1,519.7,519.1,519.5,197,28007,28005
2024-09-27 00:58:00.000000000,1727369880000000000,519.5,519.6,519.4,519.6,90,28005,28005
2024-09-27 00:59:00.000000000,1727369940000000000,519.6,520.1,519.6,520.1,193,28005,27998
2024-09-27 01:00:00.000000000,1727370000000000000,520.1,520.1,519.6,519.7,154,27998,28015
2024-09-27 01:01:00.000000000,1727370060000000000,519.7,520.0,519.6,520.0,127,28015,28025
2024-09-27 01:02:00.000000000,1727370120000000000,520.0,520.0,519.8,519.8,32,28025,28016
2024-09-27 01:03:00.000000000,1727370180000000000,519.8,520.3,519.8,520.1,176,28016,27994
2024-09-27 01:04:00.000000000,1727370240000000000,520.1,520.7,520.1,520.5,286,27994,27982
2024-09-27 01:05:00.000000000,1727370300000000000,520.5,520.7,520.4,520.7,201,27982,27992
2024-09-27 01:06:00.000000000,1727370360000000000,520.7,521.5,520.7,521.4,509,27992,27966
2024-09-27 01:07:00.000000000,1727370420000000000,521.4,521.6,521.1,521.4,201,27966,27942
2024-09-27 01:08:00.000000000,1727370480000000000,521.4,521.6,521.3,521.3,210,27942,27892
2024-09-27 01:09:00.000000000,1727370540000000000,521.3,521.3,520.9,521.2,247,27892,27898
2024-09-27 01:10:00.000000000,1727370600000000000,521.2,521.2,520.7,520.7,240,27898,27891
2024-09-27 01:11:00.000000000,1727370660000000000,520.7,520.8,520.6,520.6,157,27891,27907
2024-09-27 01:12:00.000000000,1727370720000000000,520.6,520.6,520.2,520.4,186,27907,27896
2024-09-27 01:13:00.000000000,1727370780000000000,520.4,520.4,519.6,519.7,387,27896,27909
2024-09-27 01:14:00.000000000,1727370840000000000,519.7,520.0,519.7,520.0,162,27909,27889
2024-09-27 01:15:00.000000000,1727370900000000000,520.0,520.0,519.4,519.5,212,27889,27902
2024-09-27 01:16:00.000000000,1727370960000000000,519.5,519.5,518.5,518.8,736,27902,27968
2024-09-27 01:17:00.000000000,1727371020000000000,518.8,518.8,518.5,518.7,197,27968,27969
2024-09-27 01:18:00.000000000,1727371080000000000,518.7,518.8,518.4,518.5,179,27969,28008
2024-09-27 01:19:00.000000000,1727371140000000000,518.5,518.6,517.9,517.9,417,28008,27973
2024-09-27 01:20:00.000000000,1727371200000000000,517.9,518.0,517.2,517.4,597,27973,28029
2024-09-27 01:21:00.000000000,1727371260000000000,517.4,517.5,517.1,517.5,277,28029,28037
2024-09-27 01:22:00.000000000,1727371320000000000,517.5,517.9,517.4,517.7,325,28037,28061
2024-09-27 01:23:00.000000000,1727371380000000000,517.7,517.8,517.4,517.5,191,28061,28110
2024-09-27 01:24:00.000000000,1727371440000000000,517.5,517.8,517.5,517.7,148,28110,28113
2024-09-27 01:25:00.000000000,1727371500000000000,517.7,517.8,517.4,517.5,199,28113,28143
2024-09-27 01:26:00.000000000,1727371560000000000,517.5,517.8,517.4,517.6,118,28143,28128
2024-09-27 01:27:00.000000000,1727371620000000000,517.6,518.3,517.5,518.3,250,28128,28075
2024-09-27 01:28:00.000000000,1727371680000000000,518.3,518.3,518.1,518.2,157,28075,28085
2024-09-27 01:29:00.000000000,1727371740000000000,518.2,518.4,518.1,518.4,101,28085,28079
2024-09-27 01:30:00.000000000,1727371800000000000,518.4,518.7,518.3,518.3,288,28079,28080
2024-09-27 01:31:00.000000000,1727371860000000000,518.3,518.4,517.9,517.9,117,28080,28084
2024-09-27 01:32:00.000000000,1727371920000000000,517.9,518.3,517.9,518.1,144,28084,28082
2024-09-27 01:33:00.000000000,1727371980000000000,518.1,518.5,518.1,518.4,106,28082,28097
2024-09-27 01:34:00.000000000,1727372040000000000,518.4,518.7,518.3,518.6,103,28097,28086
2024-09-27 01:35:00.000000000,1727372100000000000,518.6,518.6,518.0,518.3,128,28086,28087
2024-09-27 01:36:00.000000000,1727372160000000000,518.3,518.5,518.1,518.3,117,28087,28098
2024-09-27 01:37:00.000000000,1727372220000000000,518.3,518.3,517.9,518.3,121,28098,28069
2024-09-27 01:38:00.000000000,1727372280000000000,518.3,518.9,518.3,518.7,225,28069,28028
2024-09-27 01:39:00.000000000,1727372340000000000,518.7,519.1,518.7,518.8,166,28028,28009
2024-09-27 01:40:00.000000000,1727372400000000000,518.8,518.8,517.9,518.0,294,28009,27986
2024-09-27 01:41:00.000000000,1727372460000000000,518.0,518.3,518.0,518.3,195,27986,28025
2024-09-27 01:42:00.000000000,1727372520000000000,518.3,518.8,518.3,518.8,172,28025,28002
2024-09-27 01:43:00.000000000,1727372580000000000,518.8,519.3,518.8,519.1,362,28002,27954
2024-09-27 01:44:00.000000000,1727372640000000000,519.1,519.2,519.0,519.2,118,27954,28000
2024-09-27 01:45:00.000000000,1727372700000000000,519.2,519.4,519.0,519.3,143,28000,27947
2024-09-27 01:46:00.000000000,1727372760000000000,519.3,519.7,519.3,519.4,170,27947,27942
2024-09-27 01:47:00.000000000,1727372820000000000,519.4,519.6,519.3,519.4,109,27942,27927
2024-09-27 01:48:00.000000000,1727372880000000000,519.4,519.9,519.4,519.6,140,27927,27945
2024-09-27 01:49:00.000000000,1727372940000000000,519.6,519.7,519.1,519.2,113,27945,27952
2024-09-27 01:50:00.000000000,1727373000000000000,519.2,519.2,518.5,518.7,204,27952,27925
2024-09-27 01:51:00.000000000,1727373060000000000,518.7,518.7,518.4,518.6,170,27925,27909
2024-09-27 01:52:00.000000000,1727373120000000000,518.6,519.4,518.6,519.4,229,27909,27884
2024-09-27 01:53:00.000000000,1727373180000000000,519.4,519.4,519.2,519.4,75,27884,27868
2024-09-27 01:54:00.000000000,1727373240000000000,519.4,519.6,519.1,519.1,109,27868,27869
2024-09-27 01:55:00.000000000,1727373300000000000,519.1,519.4,519.1,519.4,72,27869,27859
2024-09-27 01:56:00.000000000,1727373360000000000,519.4,519.6,519.2,519.5,107,27859,27866
2024-09-27 01:57:00.000000000,1727373420000000000,519.5,520.1,519.3,519.6,220,27866,27826
2024-09-27 01:58:00.000000000,1727373480000000000,519.6,519.7,519.5,519.5,73,27826,27826
2024-09-27 01:59:00.000000000,1727373540000000000,519.5,519.6,519.3,519.6,110,27826,27819
2024-09-27 02:00:00.000000000,1727373600000000000,519.6,520.2,519.6,519.9,196,27819,27791
2024-09-27 02:01:00.000000000,1727373660000000000,519.9,520.3,519.8,520.1,157,27791,27795
2024-09-27 02:02:00.000000000,1727373720000000000,520.1,520.5,519.8,519.8,146,27795,27809
2024-09-27 02:03:00.000000000,1727373780000000000,519.8,520.1,519.8,520.0,59,27809,27810
2024-09-27 02:04:00.000000000,1727373840000000000,520.0,520.2,520.0,520.1,37,27810,27813
2024-09-27 02:05:00.000000000,1727373900000000000,520.1,520.3,520.0,520.0,85,27813,27802
2024-09-27 02:06:00.000000000,1727373960000000000,520.0,520.3,520.0,520.2,65,27802,27819
2024-09-27 02:07:00.000000000,1727374020000000000,520.2,520.6,520.2,520.4,150,27819,27771
2024-09-27 02:08:00.000000000,1727374080000000000,520.4,521.0,520.4,520.6,168,27771,27753
2024-09-27 02:09:00.000000000,1727374140000000000,520.6,521.0,520.4,521.0,98,27753,27739
2024-09-27 02:10:00.000000000,1727374200000000000,521.0,521.0,520.6,520.8,158,27739,27765
2024-09-27 02:11:00.000000000,1727374260000000000,520.8,520.8,520.1,520.3,195,27765,27727
2024-09-27 02:12:00.000000000,1727374320000000000,520.3,520.7,520.2,520.6,173,27727,27721
2024-09-27 02:13:00.000000000,1727374380000000000,520.6,521.2,520.3,521.0,178,27721,27719
2024-09-27 02:14:00.000000000,1727374440000000000,521.0,521.0,520.6,520.7,123,27719,27721
2024-09-27 02:15:00.000000000,1727374500000000000,520.7,520.8,520.2,520.2,243,27721,27649
2024-09-27 02:16:00.000000000,1727374560000000000,520.2,520.5,520.2,520.4,82,27649,27646
2024-09-27 02:17:00.000000000,1727374620000000000,520.4,520.4,520.0,520.1,173,27646,27612
2024-09-27 02:18:00.000000000,1727374680000000000,520.1,520.3,520.0,520.1,93,27612,27605
2024-09-27 02:19:00.000000000,1727374740000000000,520.1,520.5,520.1,520.3,100,27605,27600
2024-09-27 02:20:00.000000000,1727374800000000000,520.3,520.5,520.1,520.1,83,27600,27615
2024-09-27 02:21:00.000000000,1727374860000000000,520.1,520.5,519.9,520.5,104,27615,27606
2024-09-27 02:22:00.000000000,1727374920000000000,520.5,520.8,520.4,520.7,107,27606,27585
2024-09-27 02:23:00.000000000,1727374980000000000,520.7,520.7,520.3,520.5,74,27585,27554
2024-09-27 02:24:00.000000000,1727375040000000000,520.5,520.8,520.5,520.6,84,27554,27535
2024-09-27 02:25:00.000000000,1727375100000000000,520.6,520.6,520.1,520.4,85,27535,27501
2024-09-27 02:26:00.000000000,1727375160000000000,520.4,520.5,520.1,520.5,82,27501,27488
2024-09-27 02:27:00.000000000,1727375220000000000,520.5,521.5,520.4,521.2,290,27488,27378
2024-09-27 02:28:00.000000000,1727375280000000000,521.2,521.3,520.9,521.0,442,27378,27165
2024-09-27 02:29:00.000000000,1727375340000000000,521.0,521.6,520.9,521.6,289,27165,26967
2024-09-27 09:00:00.000000000,1727398800000000000,518.0,519.9,517.6,519.9,1339,26967,26779
2024-09-27 09:01:00.000000000,1727398860000000000,519.9,519.9,518.9,519.6,471,26779,26767
2024-09-27 09:02:00.000000000,1727398920000000000,519.6,519.9,519.5,519.8,258,26767,26754
2024-09-27 09:03:00.000000000,1727398980000000000,519.8,520.2,519.7,519.7,225,26754,26746
2024-09-27 09:04:00.000000000,1727399040000000000,519.7,520.0,519.6,519.8,115,26746,26742
2024-09-27 09:05:00.000000000,1727399100000000000,519.8,520.0,519.5,519.6,228,26742,26726
2024-09-27 09:06:00.000000000,1727399160000000000,519.6,519.7,519.1,519.2,318,26726,26715
2024-09-27 09:07:00.000000000,1727399220000000000,519.2,519.2,518.9,519.0,194,26715,26692
2024-09-27 09:08:00.000000000,1727399280000000000,519.0,519.1,519.0,519.0,98,26692,26697
2024-09-27 09:09:00.000000000,1727399340000000000,519.0,519.1,518.8,519.0,157,26697,26696
2024-09-27 09:10:00.000000000,1727399400000000000,519.0,519.4,519.0,519.3,154,26696,26662
2024-09-27 09:11:00.000000000,1727399460000000000,519.3,520.1,519.1,520.0,392,26662,26730
2024-09-27 09:12:00.000000000,1727399520000000000,520.0,520.2,519.9,520.0,221,26730,26704
2024-09-27 09:13:00.000000000,1727399580000000000,520.0,520.4,519.9,520.3,248,26704,26690
2024-09-27 09:14:00.000000000,1727399640000000000,520.3,520.3,519.5,519.6,234,26690,26677
2024-09-27 09:15:00.000000000,1727399700000000000,519.6,519.7,519.1,519.1,155,26677,26640
2024-09-27 09:16:00.000000000,1727399760000000000,519.1,519.6,519.1,519.5,114,26640,26630
2024-09-27 09:17:00.000000000,1727399820000000000,519.5,519.7,519.4,519.5,79,26630,26639
2024-09-27 09:18:00.000000000,1727399880000000000,519.5,519.7,519.4,519.6,71,26639,26618
2024-09-27 09:19:00.000000000,1727399940000000000,519.6,519.6,519.3,519.6,139,26618,26577
2024-09-27 09:20:00.000000000,1727400000000000000,519.6,519.8,519.0,519.0,234,26577,26559
2024-09-27 09:21:00.000000000,1727400060000000000,519.0,519.0,518.6,519.0,158,26559,26565
2024-09-27 09:22:00.000000000,1727400120000000000,519.0,519.3,519.0,519.3,134,26565,26575
2024-09-27 09:23:00.000000000,1727400180000000000,519.3,519.4,519.2,519.3,49,26575,26567
2024-09-27 09:24:00.000000000,1727400240000000000,519.3,519.4,519.0,519.1,75,26567,26584
2024-09-27 09:25:00.000000000,1727400300000000000,519.1,519.4,518.9,519.1,112,26584,26570
2024-09-27 09:26:00.000000000,1727400360000000000,519.1,519.3,519.1,519.3,55,26570,26568
2024-09-27 09:27:00.000000000,1727400420000000000,519.3,519.5,519.3,519.5,101,26568,26560
2024-09-27 09:28:00.000000000,1727400480000000000,519.5,519.6,519.4,519.6,78,26560,26527
2024-09-27 09:29:00.000000000,1727400540000000000,519.6,519.8,519.4,519.6,129,26527,26503
2024-09-27 09:30:00.000000000,1727400600000000000,519.6,519.9,519.5,519.8,94,26503,26473
2024-09-27 09:31:00.000000000,1727400660000000000,519.8,519.8,519.5,519.8,151,26473,26432
2024-09-27 09:32:00.000000000,1727400720000000000,519.8,520.0,518.9,518.9,235,26432,26409
2024-09-27 09:33:00.000000000,1727400780000000000,518.9,519.6,518.8,519.6,276,26409,26415
2024-09-27 09:34:00.000000000,1727400840000000000,519.6,519.7,519.2,519.5,100,26415,26425
2024-09-27 09:35:00.000000000,1727400900000000000,519.5,519.6,518.9,518.9,123,26425,26401
2024-09-27 09:36:00.000000000,1727400960000000000,518.9,519.0,518.8,518.9,131,26401,26373
2024-09-27 09:37:00.000000000,1727401020000000000,518.9,519.7,518.9,519.6,146,26373,26341
2024-09-27 09:38:00.000000000,1727401080000000000,519.6,520.5,519.6,520.5,292,26341,26307
2024-09-27 09:39:00.000000000,1727401140000000000,520.5,520.5,520.2,520.3,166,26307,26272
2024-09-27 09:40:00.000000000,1727401200000000000,520.3,522.0,520.3,522.0,623,26272,26170
2024-09-27 09:41:00.000000000,1727401260000000000,522.0,522.0,521.3,521.3,233,26170,26133
2024-09-27 09:42:00.000000000,1727401320000000000,521.3,521.8,521.3,521.7,231,26133,26088
2024-09-27 09:43:00.000000000,1727401380000000000,521.7,521.7,520.7,520.8,256,26088,26084
2024-09-27 09:44:00.000000000,1727401440000000000,520.8,520.9,520.4,520.6,139,26084,26057
2024-09-27 09:45:00.000000000,1727401500000000000,520.6,520.7,520.2,520.3,138,26057,26011
2024-09-27 09:46:00.000000000,1727401560000000000,520.3,520.5,520.0,520.1,154,26011,26016
2024-09-27 09:47:00.000000000,1727401620000000000,520.1,520.9,520.0,520.9,166,26016,26023
2024-09-27 09:48:00.000000000,1727401680000000000,520.9,521.0,520.4,520.7,116,26023,26035
2024-09-27 09:49:00.000000000,1727401740000000000,520.7,520.7,520.5,520.5,74,26035,26022
2024-09-27 09:50:00.000000000,1727401800000000000,520.5,520.5,520.3,520.4,41,26022,26020
2024-09-27 09:51:00.000000000,1727401860000000000,520.4,521.2,520.4,521.1,112,26020,26028
2024-09-27 09:52:00.000000000,1727401920000000000,521.1,521.3,520.9,521.2,105,26028,26041
2024-09-27 09:53:00.000000000,1727401980000000000,521.2,521.7,521.2,521.7,103,26041,26043
2024-09-27 09:54:00.000000000,1727402040000000000,521.7,522.0,521.5,521.8,213,26043,25986
2024-09-27 09:55:00.000000000,1727402100000000000,521.8,522.0,521.6,521.8,132,25986,25953
2024-09-27 09:56:00.000000000,1727402160000000000,521.8,522.0,521.7,521.8,120,25953,25916
2024-09-27 09:57:00.000000000,1727402220000000000,521.8,522.2,521.7,521.9,219,25916,25892
2024-09-27 09:58:00.000000000,1727402280000000000,521.9,522.1,521.8,521.9,104,25892,25872
2024-09-27 09:59:00.000000000,1727402340000000000,521.9,522.0,521.6,522.0,234,25872,25825
2024-09-27 10:00:00.000000000,1727402400000000000,522.0,522.2,521.6,521.6,264,25825,25775
2024-09-27 10:01:00.000000000,1727402460000000000,521.6,521.6,521.0,521.0,175,25775,25722
2024-09-27 10:02:00.000000000,1727402520000000000,521.0,521.4,521.0,521.3,84,25722,25687
2024-09-27 10:03:00.000000000,1727402580000000000,521.3,521.3,520.8,520.8,109,25687,25670
2024-09-27 10:04:00.000000000,1727402640000000000,520.8,520.8,520.4,520.5,182,25670,25654
2024-09-27 10:05:00.000000000,1727402700000000000,520.5,520.6,520.4,520.5,68,25654,25635
2024-09-27 10:06:00.000000000,1727402760000000000,520.5,520.5,520.3,520.5,85,25635,25622
2024-09-27 10:07:00.000000000,1727402820000000000,520.5,520.9,520.5,520.7,87,25622,25613
2024-09-27 10:08:00.000000000,1727402880000000000,520.7,520.9,520.6,520.7,77,25613,25631
2024-09-27 10:09:00.000000000,1727402940000000000,520.7,520.7,520.4,520.6,79,25631,25621
2024-09-27 10:10:00.000000000,1727403000000000000,520.6,520.9,520.6,520.8,45,25621,25617
2024-09-27 10:11:00.000000000,1727403060000000000,520.8,521.2,520.8,521.0,110,25617,25611
2024-09-27 10:12:00.000000000,1727403120000000000,521.0,521.1,520.5,520.5,63,25611,25617
2024-09-27 10:13:00.000000000,1727403180000000000,520.5,520.8,520.5,520.7,30,25617,25611
2024-09-27 10:14:00.000000000,1727403240000000000,520.7,521.1,520.7,520.7,70,25611,25584
2024-09-27 10:30:00.000000000,1727404200000000000,520.6,520.8,520.4,520.8,99,25584,25561
2024-09-27 10:31:00.000000000,1727404260000000000,520.8,520.8,520.7,520.7,47,25561,25566
2024-09-27 10:32:00.000000000,1727404320000000000,520.7,520.8,520.7,520.7,13,25566,25558
2024-09-27 10:33:00.000000000,1727404380000000000,520.7,521.0,520.7,520.8,61,25558,25560
2024-09-27 10:34:00.000000000,1727404440000000000,520.8,521.0,520.8,521.0,40,25560,25550
2024-09-27 10:35:00.000000000,1727404500000000000,521.0,521.2,520.9,521.0,110,25550,25560
2024-09-27 10:36:00.000000000,1727404560000000000,521.0,521.0,520.4,521.0,121,25560,25552
2024-09-27 10:37:00.000000000,1727404620000000000,521.0,521.4,521.0,521.2,141,25552,25577
2024-09-27 10:38:00.000000000,1727404680000000000,521.2,521.2,520.8,520.8,63,25577,25558
2024-09-27 10:39:00.000000000,1727404740000000000,520.8,520.8,520.5,520.7,76,25558,25540
2024-09-27 10:40:00.000000000,1727404800000000000,520.7,520.8,520.7,520.7,40,25540,25526
2024-09-27 10:41:00.000000000,1727404860000000000,520.7,521.2,520.7,521.2,80,25526,25515
2024-09-27 10:42:00.000000000,1727404920000000000,521.2,521.6,521.2,521.4,75,25515,25514
2024-09-27 10:43:00.000000000,1727404980000000000,521.4,521.6,521.4,521.5,75,25514,25504
2024-09-27 10:44:00.000000000,1727405040000000000,521.5,521.7,521.3,521.6,72,25504,25484
2024-09-27 10:45:00.000000000,1727405100000000000,521.6,521.7,521.3,521.5,108,25484,25463
2024-09-27 10:46:00.000000000,1727405160000000000,521.5,521.5,521.2,521.3,58,25463,25438
2024-09-27 10:47:00.000000000,1727405220000000000,521.3,521.5,521.3,521.5,48,25438,25424
2024-09-27 10:48:00.000000000,1727405280000000000,521.5,521.5,521.3,521.5,41,25424,25419
2024-09-27 10:49:00.000000000,1727405340000000000,521.5,522.0,521.5,521.9,119,25419,25376
2024-09-27 10:50:00.000000000,1727405400000000000,521.9,521.9,521.6,521.6,75,25376,25364
2024-09-27 10:51:00.000000000,1727405460000000000,521.6,521.6,521.3,521.4,71,25364,25341
2024-09-27 10:52:00.000000000,1727405520000000000,521.4,521.5,521.1,521.3,71,25341,25299
2024-09-27 10:53:00.000000000,1727405580000000000,521.3,521.3,521.1,521.1,54,25299,25269
2024-09-27 10:54:00.000000000,1727405640000000000,521.1,521.3,520.9,521.0,101,25269,25242
2024-09-27 10:55:00.000000000,1727405700000000000,521.0,521.1,521.0,521.1,60,25242,25228
2024-09-27 10:56:00.000000000,1727405760000000000,521.1,521.6,521.1,521.5,71,25228,25223
2024-09-27 10:57:00.000000000,1727405820000000000,521.5,521.6,521.2,521.6,82,25223,25209
2024-09-27 10:58:00.000000000,1727405880000000000,521.6,522.2,521.6,522.1,216,25209,25224
2024-09-27 10:59:00.000000000,1727405940000000000,522.1,522.4,522.0,522.3,176,25224,25253
2024-09-27 11:00:00.000000000,1727406000000000000,522.3,522.4,521.8,521.9,140,25253,25235
2024-09-27 11:01:00.000000000,1727406060000000000,521.9,522.0,521.8,521.9,77,25235,25229
2024-09-27 11:02:00.000000000,1727406120000000000,521.9,522.0,521.8,521.9,43,25229,25216
2024-09-27 11:03:00.000000000,1727406180000000000,521.9,522.0,521.6,521.9,67,25216,25213
2024-09-27 11:04:00.000000000,1727406240000000000,521.9,522.0,521.7,522.0,54,25213,25214
2024-09-27 11:05:00.000000000,1727406300000000000,522.0,522.2,521.9,522.1,60,25214,25215
2024-09-27 11:06:00.000000000,1727406360000000000,522.1,522.2,521.8,522.0,52,25215,25205
2024-09-27 11:07:00.000000000,1727406420000000000,522.0,522.2,521.9,521.9,28,25205,25205
2024-09-27 11:08:00.000000000,1727406480000000000,521.9,521.9,521.3,521.6,85,25205,25200
2024-09-27 11:09:00.000000000,1727406540000000000,521.6,522.1,521.6,522.0,77,25200,25204
2024-09-27 11:10:00.000000000,1727406600000000000,522.0,522.1,521.9,521.9,33,25204,25202
2024-09-27 11:11:00.000000000,1727406660000000000,521.9,522.0,521.8,521.8,50,25202,25200
2024-09-27 11:12:00.000000000,1727406720000000000,521.8,522.0,521.8,521.9,36,25200,25196
2024-09-27 11:13:00.000000000,1727406780000000000,521.9,522.0,521.9,521.9,35,25196,25191
2024-09-27 11:14:00.000000000,1727406840000000000,521.9,521.9,521.5,521.8,79,25191,25165
2024-09-27 11:15:00.000000000,1727406900000000000,521.8,522.1,521.7,521.7,61,25165,25161
2024-09-27 11:16:00.000000000,1727406960000000000,521.7,521.9,521.5,521.9,73,25161,25146
2024-09-27 11:17:00.000000000,1727407020000000000,521.9,522.0,521.8,521.9,35,25146,25144
2024-09-27 11:18:00.000000000,1727407080000000000,521.9,522.5,521.9,522.5,75,25144,25142
2024-09-27 11:19:00.000000000,1727407140000000000,522.5,522.6,522.2,522.6,127,25142,25138
2024-09-27 11:20:00.000000000,1727407200000000000,522.6,522.9,522.4,522.5,185,25138,25128
2024-09-27 11:21:00.000000000,1727407260000000000,522.5,522.5,522.0,522.2,186,25128,25077
2024-09-27 11:22:00.000000000,1727407320000000000,522.2,522.5,522.2,522.4,60,25077,25068
2024-09-27 11:23:00.000000000,1727407380000000000,522.4,522.6,522.3,522.6,27,25068,25061
2024-09-27 11:24:00.000000000,1727407440000000000,522.6,522.6,522.4,522.5,54,25061,25046
2024-09-27 11:25:00.000000000,1727407500000000000,522.5,522.9,522.3,522.8,174,25046,24967
2024-09-27 11:26:00.000000000,1727407560000000000,522.8,523.5,522.6,523.4,282,24967,24888
2024-09-27 11:27:00.000000000,1727407620000000000,523.4,523.5,523.1,523.4,167,24888,24880
2024-09-27 11:28:00.000000000,1727407680000000000,523.4,523.7,523.2,523.7,147,24880,24863
2024-09-27 11:29:00.000000000,1727407740000000000,523.7,524.7,523.6,524.6,530,24863,24724
2024-09-27 13:30:00.000000000,1727415000000000000,524.6,524.6,523.3,524.1,761,24724,24712
2024-09-27 13:31:00.000000000,1727415060000000000,524.1,524.1,523.7,523.8,256,24712,24711
2024-09-27 13:32:00.000000000,1727415120000000000,523.8,523.8,523.1,523.1,376,24711,24691
2024-09-27 13:33:00.000000000,1727415180000000000,523.1,523.2,523.0,523.1,165,24691,24687
2024-09-27 13:34:00.000000000,1727415240000000000,523.1,523.3,523.0,523.2,107,24687,24682
2024-09-27 13:35:00.000000000,1727415300000000000,523.2,524.1,523.2,524.1,259,24682,24661
2024-09-27 13:36:00.000000000,1727415360000000000,524.1,524.2,523.7,523.8,169,24661,24688
2024-09-27 13:37:00.000000000,1727415420000000000,523.8,524.4,523.7,524.3,222,24688,24675
2024-09-27 13:38:00.000000000,1727415480000000000,524.3,524.9,524.1,524.9,287,24675,24691
2024-09-27 13:39:00.000000000,1727415540000000000,524.9,525.3,524.6,525.1,601,24691,24764
2024-09-27 13:40:00.000000000,1727415600000000000,525.1,527.4,525.1,526.8,1035,24764,24755
2024-09-27 13:41:00.000000000,1727415660000000000,526.8,529.8,526.7,529.6,1335,24755,24861
2024-09-27 13:42:00.000000000,1727415720000000000,529.6,530.5,528.0,528.2,1070,24861,24860
2024-09-27 13:43:00.000000000,1727415780000000000,528.2,528.3,526.4,526.9,709,24860,24843
2024-09-27 13:44:00.000000000,1727415840000000000,526.9,527.1,526.6,526.6,395,24843,24865
2024-09-27 13:45:00.000000000,1727415900000000000,526.6,526.7,525.9,525.9,432,24865,24891
2024-09-27 13:46:00.000000000,1727415960000000000,525.9,526.8,525.7,526.8,313,24891,24883
2024-09-27 13:47:00.000000000,1727416020000000000,526.8,527.4,526.8,527.0,332,24883,24872
2024-09-27 13:48:00.000000000,1727416080000000000,527.0,527.4,526.8,527.3,163,24872,24866
2024-09-27 13:49:00.000000000,1727416140000000000,527.3,527.8,526.7,526.8,329,24866,24848
2024-09-27 13:50:00.000000000,1727416200000000000,526.8,527.4,526.8,526.8,160,24848,24826
2024-09-27 13:51:00.000000000,1727416260000000000,526.8,527.1,526.3,526.3,199,24826,24805
2024-09-27 13:52:00.000000000,1727416320000000000,526.3,526.4,525.2,525.3,490,24805,24660
2024-09-27 13:53:00.000000000,1727416380000000000,525.3,525.5,524.9,525.4,296,24660,24660
2024-09-27 13:54:00.000000000,1727416440000000000,525.4,525.5,524.8,525.0,216,24660,24576
2024-09-27 13:55:00.000000000,1727416500000000000,525.0,525.0,524.3,524.5,291,24576,24549
2024-09-27 13:56:00.000000000,1727416560000000000,524.5,524.7,524.4,524.6,201,24549,24523
2024-09-27 13:57:00.000000000,1727416620000000000,524.6,524.8,524.4,524.5,167,24523,24479
2024-09-27 13:58:00.000000000,1727416680000000000,524.5,524.8,524.2,524.8,159,24479,24449
2024-09-27 13:59:00.000000000,1727416740000000000,524.8,524.9,524.6,524.6,117,24449,24439
2024-09-27 14:00:00.000000000,1727416800000000000,524.6,525.0,524.6,525.0,280,24439,24478
2024-09-27 14:01:00.000000000,1727416860000000000,525.0,525.0,524.2,524.5,245,24478,24397
2024-09-27 14:02:00.000000000,1727416920000000000,524.5,524.8,524.1,524.6,170,24397,24327
2024-09-27 14:03:00.000000000,1727416980000000000,524.6,525.0,524.6,524.8,127,24327,24313
2024-09-27 14:04:00.000000000,1727417040000000000,524.8,524.9,524.6,524.7,82,24313,24335
2024-09-27 14:05:00.000000000,1727417100000000000,524.7,525.2,524.7,524.8,97,24335,24304
2024-09-27 14:06:00.000000000,1727417160000000000,524.8,525.1,524.6,525.1,96,24304,24311
2024-09-27 14:07:00.000000000,1727417220000000000,525.1,525.3,524.6,524.6,163,24311,24320
2024-09-27 14:08:00.000000000,1727417280000000000,524.6,524.8,524.5,524.5,123,24320,24294
2024-09-27 14:09:00.000000000,1727417340000000000,524.5,525.5,524.4,525.5,157,24294,24265
2024-09-27 14:10:00.000000000,1727417400000000000,525.5,525.5,524.9,524.9,122,24265,24266
2024-09-27 14:11:00.000000000,1727417460000000000,524.9,525.4,524.9,525.3,158,24266,24284
2024-09-27 14:12:00.000000000,1727417520000000000,525.3,525.3,525.0,525.2,59,24284,24280
2024-09-27 14:13:00.000000000,1727417580000000000,525.2,525.2,524.9,525.0,57,24280,24277
2024-09-27 14:14:00.000000000,1727417640000000000,525.0,525.5,525.0,525.4,57,24277,24278
2024-09-27 14:15:00.000000000,1727417700000000000,525.4,525.5,525.0,525.0,147,24278,24297
2024-09-27 14:16:00.000000000,1727417760000000000,525.0,525.7,525.0,525.6,104,24297,24286
2024-09-27 14:17:00.000000000,1727417820000000000,525.6,526.0,525.6,525.8,137,24286,24286
2024-09-27 14:18:00.000000000,1727417880000000000,525.8,526.2,525.8,526.1,130,24286,24305
2024-09-27 14:19:00.000000000,1727417940000000000,526.1,526.6,526.1,526.6,187,24305,24283
2024-09-27 14:20:00.000000000,1727418000000000000,526.6,526.7,526.2,526.7,261,24283,24294
2024-09-27 14:21:00.000000000,1727418060000000000,526.7,527.4,526.7,527.1,350,24294,24267
2024-09-27 14:22:00.000000000,1727418120000000000,527.1,527.7,526.8,526.8,239,24267,24229
2024-09-27 14:23:00.000000000,1727418180000000000,526.8,527.2,526.8,526.8,219,24229,24225
2024-09-27 14:24:00.000000000,1727418240000000000,526.8,527.2,526.8,527.0,121,24225,24261
2024-09-27 14:25:00.000000000,1727418300000000000,527.0,527.1,526.4,526.4,240,24261,24211
2024-09-27 14:26:00.000000000,1727418360000000000,526.4,526.6,526.2,526.4,149,24211,24194
2024-09-27 14:27:00.000000000,1727418420000000000,526.4,526.8,526.3,526.7,124,24194,24210
2024-09-27 14:28:00.000000000,1727418480000000000,526.7,526.7,526.4,526.4,109,24210,24197
2024-09-27 14:29:00.000000000,1727418540000000000,526.4,526.5,526.2,526.4,120,24197,24188
2024-09-27 14:30:00.000000000,1727418600000000000,526.4,526.9,526.4,526.8,111,24188,24174
2024-09-27 14:31:00.000000000,1727418660000000000,526.8,527.0,526.6,526.8,172,24174,24167
2024-09-27 14:32:00.000000000,1727418720000000000,526.8,527.3,526.6,527.2,156,24167,24147
2024-09-27 14:33:00.000000000,1727418780000000000,527.2,527.2,526.9,527.0,129,24147,24119
2024-09-27 14:34:00.000000000,1727418840000000000,527.0,527.1,526.9,526.9,141,24119,24082
2024-09-27 14:35:00.000000000,1727418900000000000,526.9,527.0,526.5,526.5,162,24082,24100
2024-09-27 14:36:00.000000000,1727418960000000000,526.5,526.8,526.3,526.4,159,24100,24054
2024-09-27 14:37:00.000000000,1727419020000000000,526.4,526.6,526.0,526.5,199,24054,24044
2024-09-27 14:38:00.000000000,1727419080000000000,526.5,526.6,526.2,526.3,125,24044,24004
2024-09-27 14:39:00.000000000,1727419140000000000,526.3,526.9,526.3,526.5,175,24004,23960
2024-09-27 14:40:00.000000000,1727419200000000000,526.5,526.8,525.9,526.1,238,23960,23909
2024-09-27 14:41:00.000000000,1727419260000000000,526.1,526.4,526.0,526.0,146,23909,23880
2024-09-27 14:42:00.000000000,1727419320000000000,526.0,526.4,526.0,526.4,153,23880,23879
2024-09-27 14:43:00.000000000,1727419380000000000,526.4,526.8,526.4,526.6,107,23879,23858
2024-09-27 14:44:00.000000000,1727419440000000000,526.6,526.7,526.1,526.2,113,23858,23808
2024-09-27 14:45:00.000000000,1727419500000000000,526.2,526.5,526.2,526.5,67,23808,23787
2024-09-27 14:46:00.000000000,1727419560000000000,526.5,526.5,526.0,526.0,96,23787,23759
2024-09-27 14:47:00.000000000,1727419620000000000,526.0,526.1,525.2,525.2,256,23759,23713
2024-09-27 14:48:00.000000000,1727419680000000000,525.2,525.3,525.0,525.1,134,23713,23681
2024-09-27 14:49:00.000000000,1727419740000000000,525.1,525.2,524.8,525.2,170,23681,23661
2024-09-27 14:50:00.000000000,1727419800000000000,525.2,525.2,524.8,525.0,132,23661,23637
2024-09-27 14:51:00.000000000,1727419860000000000,525.0,525.2,524.6,525.0,181,23637,23638
2024-09-27 14:52:00.000000000,1727419920000000000,525.0,525.5,525.0,525.4,104,23638,23611
2024-09-27 14:53:00.000000000,1727419980000000000,525.4,525.5,525.2,525.4,86,23611,23602
2024-09-27 14:54:00.000000000,1727420040000000000,525.4,525.6,525.3,525.5,108,23602,23602
2024-09-27 14:55:00.000000000,1727420100000000000,525.5,525.5,524.9,525.0,172,23602,23561
2024-09-27 14:56:00.000000000,1727420160000000000,525.0,525.1,524.7,524.8,144,23561,23486
2024-09-27 14:57:00.000000000,1727420220000000000,524.8,524.9,524.4,524.6,222,23486,23471
2024-09-27 14:58:00.000000000,1727420280000000000,524.6,524.7,523.8,523.8,381,23471,23338
2024-09-27 14:59:00.000000000,1727420340000000000,523.8,524.4,523.6,524.4,524,23338,23271
2024-09-27 21:00:00.000000000,1727442000000000000,521.3,521.9,518.5,518.9,1720,23271,23221
2024-09-27 21:01:00.000000000,1727442060000000000,518.9,521.1,518.9,520.8,1326,23221,23322
2024-09-27 21:02:00.000000000,1727442120000000000,520.8,522.1,520.7,522.1,962,23322,23471
2024-09-27 21:03:00.000000000,1727442180000000000,522.1,522.4,521.5,522.0,614,23471,23517
2024-09-27 21:04:00.000000000,1727442240000000000,522.0,523.1,521.9,523.0,772,23517,23541
2024-09-27 21:05:00.000000000,1727442300000000000,523.0,523.5,522.6,522.8,621,23541,23558
2024-09-27 21:06:00.000000000,1727442360000000000,522.8,522.8,521.8,521.9,593,23558,23517
2024-09-27 21:07:00.000000000,1727442420000000000,521.9,522.2,521.7,521.8,385,23517,23563
2024-09-27 21:08:00.000000000,1727442480000000000,521.8,522.4,521.4,521.6,382,23563,23631
2024-09-27 21:09:00.000000000,1727442540000000000,521.6,522.6,521.4,522.1,345,23631,23626
2024-09-27 21:10:00.000000000,1727442600000000000,522.1,522.6,521.9,522.5,373,23626,23672
2024-09-27 21:11:00.000000000,1727442660000000000,522.5,522.7,522.3,522.4,343,23672,23677
2024-09-27 21:12:00.000000000,1727442720000000000,522.4,522.4,521.8,522.3,295,23677,23756
2024-09-27 21:13:00.000000000,1727442780000000000,522.3,522.5,521.3,522.5,514,23756,23684
2024-09-27 21:14:00.000000000,1727442840000000000,522.5,523.1,522.2,522.2,608,23684,23677
2024-09-27 21:15:00.000000000,1727442900000000000,522.2,522.4,521.8,522.2,610,23677,23593
2024-09-27 21:16:00.000000000,1727442960000000000,522.2,522.4,521.5,521.7,596,23593,23600
2024-09-27 21:17:00.000000000,1727443020000000000,521.7,522.3,521.7,522.2,261,23600,23588
2024-09-27 21:18:00.000000000,1727443080000000000,522.2,522.2,521.3,521.5,449,23588,23571
2024-09-27 21:19:00.000000000,1727443140000000000,521.5,521.8,520.9,521.4,503,23571,23524
2024-09-27 21:20:00.000000000,1727443200000000000,521.4,522.0,521.3,521.8,311,23524,23509
2024-09-27 21:21:00.000000000,1727443260000000000,521.8,522.0,521.4,521.7,246,23509,23538
2024-09-27 21:22:00.000000000,1727443320000000000,521.7,521.9,521.4,521.8,326,23538,23546
2024-09-27 21:23:00.000000000,1727443380000000000,521.8,521.9,521.4,521.6,198,23546,23542
2024-09-27 21:24:00.000000000,1727443440000000000,521.6,521.8,521.0,521.0,311,23542,23629
2024-09-27 21:25:00.000000000,1727443500000000000,521.0,521.6,520.7,521.3,521,23629,23626
2024-09-27 21:26:00.000000000,1727443560000000000,521.3,522.4,521.3,522.1,584,23626,23560
2024-09-27 21:27:00.000000000,1727443620000000000,522.1,523.1,521.9,522.9,708,23560,23521
2024-09-27 21:28:00.000000000,1727443680000000000,522.9,523.4,522.9,523.2,326,23521,23567
2024-09-27 21:29:00.000000000,1727443740000000000,523.2,523.5,522.4,522.5,512,23567,23553
2024-09-27 21:30:00.000000000,1727443800000000000,522.5,523.3,522.4,523.0,282,23553,23558
2024-09-27 21:31:00.000000000,1727443860000000000,523.0,524.1,523.0,523.1,734,23558,23557
2024-09-27 21:32:00.000000000,1727443920000000000,523.1,523.5,522.6,523.4,419,23557,23572
2024-09-27 21:33:00.000000000,1727443980000000000,523.4,524.0,523.2,523.7,239,23572,23601
2024-09-27 21:34:00.000000000,1727444040000000000,523.7,523.7,522.9,523.1,226,23601,23610
2024-09-27 21:35:00.000000000,1727444100000000000,523.1,523.3,522.6,523.3,235,23610,23598
2024-09-27 21:36:00.000000000,1727444160000000000,523.3,523.3,522.6,522.8,166,23598,23597
2024-09-27 21:37:00.000000000,1727444220000000000,522.8,523.7,522.7,523.6,262,23597,23589
2024-09-27 21:38:00.000000000,1727444280000000000,523.6,523.7,523.2,523.2,223,23589,23612
2024-09-27 21:39:00.000000000,1727444340000000000,523.2,523.3,522.7,522.7,222,23612,23635
2024-09-27 21:40:00.000000000,1727444400000000000,522.7,522.9,521.6,521.6,517,23635,23653
2024-09-27 21:41:00.000000000,1727444460000000000,521.6,521.7,521.4,521.6,403,23653,23571
2024-09-27 21:42:00.000000000,1727444520000000000,521.6,522.0,521.4,521.6,224,23571,23575
2024-09-27 21:43:00.000000000,1727444580000000000,521.6,521.6,521.0,521.2,323,23575,23588
2024-09-27 21:44:00.000000000,1727444640000000000,521.2,521.2,520.2,520.4,452,23588,23575
2024-09-27 21:45:00.000000000,1727444700000000000,520.4,520.5,519.5,519.8,855,23575,23659
2024-09-27 21:46:00.000000000,1727444760000000000,519.8,520.0,519.4,519.6,591,23659,23745
2024-09-27 21:47:00.000000000,1727444820000000000,519.6,519.7,519.1,519.3,432,23745,23763
2024-09-27 21:48:00.000000000,1727444880000000000,519.3,520.0,519.3,520.0,426,23763,23773
2024-09-27 21:49:00.000000000,1727444940000000000,520.0,520.7,519.8,520.0,625,23773,23726
2024-09-27 21:50:00.000000000,1727445000000000000,520.0,520.2,519.6,520.1,252,23726,23750
2024-09-27 21:51:00.000000000,1727445060000000000,520.1,521.2,520.1,521.2,426,23750,23701
2024-09-27 21:52:00.000000000,1727445120000000000,521.2,521.2,520.2,520.3,398,23701,23638
2024-09-27 21:53:00.000000000,1727445180000000000,520.3,521.0,520.3,520.8,248,23638,23619
2024-09-27 21:54:00.000000000,1727445240000000000,520.8,521.6,520.8,521.3,389,23619,23576
2024-09-27 21:55:00.000000000,1727445300000000000,521.3,521.6,520.6,520.6,318,23576,23534
2024-09-27 21:56:00.000000000,1727445360000000000,520.6,521.0,520.6,521.0,120,23534,23556
2024-09-27 21:57:00.000000000,1727445420000000000,521.0,521.0,520.5,520.5,205,23556,23545
2024-09-27 21:58:00.000000000,1727445480000000000,520.5,521.0,520.5,520.8,202,23545,23602
2024-09-27 21:59:00.000000000,1727445540000000000,520.8,521.2,520.8,521.1,120,23602,23580
2024-09-27 22:00:00.000000000,1727445600000000000,521.1,522.3,521.0,521.6,635,23580,23498
2024-09-27 22:01:00.000000000,1727445660000000000,521.6,522.0,521.5,522.0,247,23498,23495
2024-09-27 22:02:00.000000000,1727445720000000000,522.0,522.1,521.5,521.5,228,23495,23524
2024-09-27 22:03:00.000000000,1727445780000000000,521.5,522.0,521.5,521.8,176,23524,23525
2024-09-27 22:04:00.000000000,1727445840000000000,521.8,522.2,521.2,521.4,382,23525,23476
2024-09-27 22:05:00.000000000,1727445900000000000,521.4,521.7,521.1,521.3,312,23476,23519
2024-09-27 22:06:00.000000000,1727445960000000000,521.3,521.5,520.1,520.7,714,23519,23545
2024-09-27 22:07:00.000000000,1727446020000000000,520.7,521.2,520.6,521.0,228,23545,23576
2024-09-27 22:08:00.000000000,1727446080000000000,521.0,521.0,519.9,520.1,487,23576,23568
2024-09-27 22:09:00.000000000,1727446140000000000,520.1,520.4,519.7,520.1,365,23568,23618
2024-09-27 22:10:00.000000000,1727446200000000000,520.1,520.7,520.0,520.7,297,23618,23632
2024-09-27 22:11:00.000000000,1727446260000000000,520.7,521.2,520.6,521.2,266,23632,23656
2024-09-27 22:12:00.000000000,1727446320000000000,521.2,521.6,521.2,521.4,262,23656,23632
2024-09-27 22:13:00.000000000,1727446380000000000,521.4,522.6,521.4,522.3,484,23632,23587
2024-09-27 22:14:00.000000000,1727446440000000000,522.3,522.7,522.0,522.7,440,23587,23636
2024-09-27 22:15:00.000000000,1727446500000000000,522.7,523.2,522.6,522.9,516,23636,23635
2024-09-27 22:16:00.000000000,1727446560000000000,522.9,523.2,522.6,523.2,270,23635,23682
2024-09-27 22:17:00.000000000,1727446620000000000,523.2,523.2,522.8,522.8,269,23682,23714
2024-09-27 22:18:00.000000000,1727446680000000000,522.8,523.1,522.5,523.0,301,23714,23747
2024-09-27 22:19:00.000000000,1727446740000000000,523.0,523.0,522.6,522.8,164,23747,23778
2024-09-27 22:20:00.000000000,1727446800000000000,522.8,524.0,522.8,523.7,682,23778,23773
2024-09-27 22:21:00.000000000,1727446860000000000,523.7,524.2,523.5,523.8,471,23773,23782
2024-09-27 22:22:00.000000000,1727446920000000000,523.8,523.9,523.6,523.6,188,23782,23761
2024-09-27 22:23:00.000000000,1727446980000000000,523.6,523.8,523.2,523.4,267,23761,23755
2024-09-27 22:24:00.000000000,1727447040000000000,523.4,523.5,522.9,523.2,335,23755,23751
2024-09-27 22:25:00.000000000,1727447100000000000,523.2,524.1,522.8,524.1,347,23751,23814
2024-09-27 22:26:00.000000000,1727447160000000000,524.1,524.6,523.9,524.1,534,23814,23823
2024-09-27 22:27:00.000000000,1727447220000000000,524.1,524.5,524.0,524.2,220,23823,23826
2024-09-27 22:28:00.000000000,1727447280000000000,524.2,524.2,523.7,523.9,334,23826,23835
2024-09-27 22:29:00.000000000,1727447340000000000,523.9,523.9,523.5,523.7,174,23835,23839
2024-09-27 22:30:00.000000000,1727447400000000000,523.7,524.1,523.3,523.3,433,23839,23883
2024-09-27 22:31:00.000000000,1727447460000000000,523.3,524.1,523.2,524.0,222,23883,23909
2024-09-27 22:32:00.000000000,1727447520000000000,524.0,524.1,523.6,523.7,140,23909,23921
2024-09-27 22:33:00.000000000,1727447580000000000,523.7,524.3,523.6,524.1,211,23921,23905
2024-09-27 22:34:00.000000000,1727447640000000000,524.1,524.1,523.7,523.7,147,23905,23908
2024-09-27 22:35:00.000000000,1727447700000000000,523.7,523.7,523.0,523.7,354,23908,23932
2024-09-27 22:36:00.000000000,1727447760000000000,523.7,524.9,523.7,524.7,450,23932,23906
2024-09-27 22:37:00.000000000,1727447820000000000,524.7,525.2,524.5,524.7,738,23906,23868
2024-09-27 22:38:00.000000000,1727447880000000000,524.7,525.0,524.7,524.7,222,23868,23864
2024-09-27 22:39:00.000000000,1727447940000000000,524.7,524.8,524.4,524.4,257,23864,23858
2024-09-27 22:40:00.000000000,1727448000000000000,524.4,524.5,524.1,524.1,223,23858,23826
2024-09-27 22:41:00.000000000,1727448060000000000,524.1,524.4,524.0,524.3,246,23826,23853
2024-09-27 22:42:00.000000000,1727448120000000000,524.3,524.5,524.2,524.4,180,23853,23853
2024-09-27 22:43:00.000000000,1727448180000000000,524.4,524.6,524.3,524.4,118,23853,23840
2024-09-27 22:44:00.000000000,1727448240000000000,524.4,524.6,523.8,524.0,267,23840,23889
2024-09-27 22:45:00.000000000,1727448300000000000,524.0,524.6,523.8,524.3,233,23889,23871
2024-09-27 22:46:00.000000000,1727448360000000000,524.3,524.8,524.3,524.5,194,23871,23894
2024-09-27 22:47:00.000000000,1727448420000000000,524.5,524.5,524.4,524.4,113,23894,23900
2024-09-27 22:48:00.000000000,1727448480000000000,524.4,524.7,523.5,523.8,457,23900,23940
2024-09-27 22:49:00.000000000,1727448540000000000,523.8,523.8,523.5,523.7,292,23940,23933
2024-09-27 22:50:00.000000000,1727448600000000000,523.7,524.0,523.7,523.9,149,23933,23955
2024-09-27 22:51:00.000000000,1727448660000000000,523.9,524.5,523.8,524.4,226,23955,23977
2024-09-27 22:52:00.000000000,1727448720000000000,524.4,525.0,524.4,524.6,462,23977,23925
2024-09-27 22:53:00.000000000,1727448780000000000,524.6,524.8,524.2,524.3,216,23925,23924
2024-09-27 22:54:00.000000000,1727448840000000000,524.3,524.4,524.1,524.3,145,23924,23951
2024-09-27 22:55:00.000000000,1727448900000000000,524.3,524.8,524.1,524.8,162,23951,23953
2024-09-27 22:56:00.000000000,1727448960000000000,524.8,524.8,524.3,524.4,241,23953,23958
2024-09-27 22:57:00.000000000,1727449020000000000,524.4,524.6,524.2,524.5,157,23958,23983
2024-09-27 22:58:00.000000000,1727449080000000000,524.5,524.7,524.3,524.6,118,23983,23993
2024-09-27 22:59:00.000000000,1727449140000000000,524.6,524.7,524.2,524.5,243,23993,24055
2024-09-27 23:00:00.000000000,1727449200000000000,524.5,524.5,523.9,524.1,348,24055,24131
2024-09-27 23:01:00.000000000,1727449260000000000,524.1,524.2,523.7,524.1,336,24131,24164
2024-09-27 23:02:00.000000000,1727449320000000000,524.1,524.4,523.9,524.3,243,24164,24158
2024-09-27 23:03:00.000000000,1727449380000000000,524.3,524.4,523.2,523.4,657,24158,24133
2024-09-27 23:04:00.000000000,1727449440000000000,523.4,523.9,523.3,523.8,335,24133,24130
2024-09-27 23:05:00.000000000,1727449500000000000,523.8,523.9,523.4,523.6,242,24130,24098
2024-09-27 23:06:00.000000000,1727449560000000000,523.6,523.7,523.3,523.4,157,24098,24120
2024-09-27 23:07:00.000000000,1727449620000000000,523.4,523.9,523.4,523.5,283,24120,24123
2024-09-27 23:08:00.000000000,1727449680000000000,523.5,523.5,522.4,522.4,630,24123,24067
2024-09-27 23:09:00.000000000,1727449740000000000,522.4,522.8,522.1,522.3,476,24067,24106
2024-09-27 23:10:00.000000000,1727449800000000000,522.3,522.9,522.2,522.8,340,24106,24074
2024-09-27 23:11:00.000000000,1727449860000000000,522.8,523.1,522.8,522.9,179,24074,24059
2024-09-27 23:12:00.000000000,1727449920000000000,522.9,523.1,522.7,522.8,336,24059,24121
2024-09-27 23:13:00.000000000,1727449980000000000,522.8,522.8,522.3,522.5,269,24121,24095
2024-09-27 23:14:00.000000000,1727450040000000000,522.5,522.7,522.3,522.5,164,24095,24078
2024-09-27 23:15:00.000000000,1727450100000000000,522.5,522.5,522.1,522.2,228,24078,24070
2024-09-27 23:16:00.000000000,1727450160000000000,522.2,522.2,521.6,522.1,487,24070,24017
2024-09-27 23:17:00.000000000,1727450220000000000,522.1,522.2,522.0,522.2,240,24017,24031
2024-09-27 23:18:00.000000000,1727450280000000000,522.2,522.2,521.9,522.0,173,24031,24036
2024-09-27 23:19:00.000000000,1727450340000000000,522.0,522.1,522.0,522.1,187,24036,24021
2024-09-27 23:20:00.000000000,1727450400000000000,522.1,522.7,521.7,522.4,449,24021,23967
2024-09-27 23:21:00.000000000,1727450460000000000,522.4,522.9,522.3,522.7,409,23967,23889
2024-09-27 23:22:00.000000000,1727450520000000000,522.7,523.2,522.6,523.1,339,23889,23897
2024-09-27 23:23:00.000000000,1727450580000000000,523.1,523.4,523.0,523.3,307,23897,23914
2024-09-27 23:24:00.000000000,1727450640000000000,523.3,523.4,523.1,523.3,169,23914,23916
2024-09-27 23:25:00.000000000,1727450700000000000,523.3,523.4,522.8,522.9,223,23916,23914
2024-09-27 23:26:00.000000000,1727450760000000000,522.9,522.9,522.5,522.7,281,23914,23898
2024-09-27 23:27:00.000000000,1727450820000000000,522.7,522.7,522.4,522.6,169,23898,23919
2024-09-27 23:28:00.000000000,1727450880000000000,522.6,523.1,522.4,522.9,298,23919,23937
2024-09-27 23:29:00.000000000,1727450940000000000,522.9,523.3,522.8,523.0,256,23937,23908
2024-09-27 23:30:00.000000000,1727451000000000000,523.0,523.3,522.5,523.0,316,23908,23910
2024-09-27 23:31:00.000000000,1727451060000000000,523.0,523.0,522.8,522.8,68,23910,23904
2024-09-27 23:32:00.000000000,1727451120000000000,522.8,522.9,522.7,522.7,124,23904,23897
2024-09-27 23:33:00.000000000,1727451180000000000,522.7,522.8,522.3,522.4,200,23897,23880
2024-09-27 23:34:00.000000000,1727451240000000000,522.4,522.6,521.5,521.8,475,23880,23862
2024-09-27 23:35:00.000000000,1727451300000000000,521.8,521.8,521.1,521.6,446,23862,23853
2024-09-27 23:36:00.000000000,1727451360000000000,521.6,521.9,521.5,521.5,250,23853,23898
2024-09-27 23:37:00.000000000,1727451420000000000,521.5,521.7,521.3,521.5,229,23898,23911
2024-09-27 23:38:00.000000000,1727451480000000000,521.5,521.6,521.4,521.4,128,23911,23902
2024-09-27 23:39:00.000000000,1727451540000000000,521.4,522.1,521.4,522.0,307,23902,23860
2024-09-27 23:40:00.000000000,1727451600000000000,522.0,522.2,521.8,522.0,389,23860,23960
2024-09-27 23:41:00.000000000,1727451660000000000,522.0,522.4,521.9,522.4,149,23960,23940
2024-09-27 23:42:00.000000000,1727451720000000000,522.4,523.2,522.1,523.1,459,23940,23851
2024-09-27 23:43:00.000000000,1727451780000000000,523.1,524.3,523.1,524.2,822,23851,23821
2024-09-27 23:44:00.000000000,1727451840000000000,524.2,524.3,523.8,524.0,302,23821,23806
2024-09-27 23:45:00.000000000,1727451900000000000,524.0,525.5,524.0,525.4,1004,23806,23840
2024-09-27 23:46:00.000000000,1727451960000000000,525.4,525.4,524.7,524.9,513,23840,23844
2024-09-27 23:47:00.000000000,1727452020000000000,524.9,526.1,524.9,525.9,606,23844,23941
2024-09-27 23:48:00.000000000,1727452080000000000,525.9,527.6,525.8,527.0,1028,23941,24041
2024-09-27 23:49:00.000000000,1727452140000000000,527.0,528.0,526.8,527.9,918,24041,24187
2024-09-27 23:50:00.000000000,1727452200000000000,527.9,528.4,526.8,527.0,1005,24187,24279
2024-09-27 23:51:00.000000000,1727452260000000000,527.0,527.2,526.6,526.6,582,24279,24281
2024-09-27 23:52:00.000000000,1727452320000000000,526.6,526.6,525.9,526.3,641,24281,24189
2024-09-27 23:53:00.000000000,1727452380000000000,526.3,526.3,525.7,526.1,480,24189,24202
2024-09-27 23:54:00.000000000,1727452440000000000,526.1,526.5,526.1,526.5,270,24202,24204
2024-09-27 23:55:00.000000000,1727452500000000000,526.5,526.7,526.2,526.4,313,24204,24202
2024-09-27 23:56:00.000000000,1727452560000000000,526.4,527.0,526.4,526.5,326,24202,24210
2024-09-27 23:57:00.000000000,1727452620000000000,526.5,526.7,526.4,526.5,88,24210,24212
2024-09-27 23:58:00.000000000,1727452680000000000,526.5,526.8,526.2,526.2,223,24212,24221
2024-09-27 23:59:00.000000000,1727452740000000000,526.2,526.5,526.0,526.5,293,24221,24162
2024-09-28 00:00:00.000000000,1727452800000000000,526.5,526.8,525.7,525.7,400,24162,24224
2024-09-28 00:01:00.000000000,1727452860000000000,525.7,526.4,525.7,526.2,287,24224,24225
2024-09-28 00:02:00.000000000,1727452920000000000,526.2,526.8,526.2,526.4,204,24225,24224
2024-09-28 00:03:00.000000000,1727452980000000000,526.4,526.4,525.9,525.9,210,24224,24180
2024-09-28 00:04:00.000000000,1727453040000000000,525.9,525.9,525.2,525.8,432,24180,24128
2024-09-28 00:05:00.000000000,1727453100000000000,525.8,525.9,525.4,525.9,219,24128,24114
2024-09-28 00:06:00.000000000,1727453160000000000,525.9,526.2,525.7,526.2,166,24114,24077
2024-09-28 00:07:00.000000000,1727453220000000000,526.2,526.7,526.1,526.5,392,24077,24101
2024-09-28 00:08:00.000000000,1727453280000000000,526.5,526.6,526.3,526.5,128,24101,24111
2024-09-28 00:09:00.000000000,1727453340000000000,526.5,526.8,526.2,526.7,196,24111,24126
2024-09-28 00:10:00.000000000,1727453400000000000,526.7,527.0,526.6,526.8,196,24126,24124
2024-09-28 00:11:00.000000000,1727453460000000000,526.8,527.3,526.8,527.1,380,24124,24177
2024-09-28 00:12:00.000000000,1727453520000000000,527.1,527.5,527.0,527.5,285,24177,24224
2024-09-28 00:13:00.000000000,1727453580000000000,527.5,528.2,527.4,527.8,804,24224,24318
2024-09-28 00:14:00.000000000,1727453640000000000,527.8,528.4,527.7,528.1,447,24318,24325
2024-09-28 00:15:00.000000000,1727453700000000000,528.1,529.2,528.1,528.8,711,24325,24281
2024-09-28 00:16:00.000000000,1727453760000000000,528.8,529.0,528.5,529.0,364,24281,24326
2024-09-28 00:17:00.000000000,1727453820000000000,529.0,529.0,528.2,528.5,427,24326,24349
2024-09-28 00:18:00.000000000,1727453880000000000,528.5,528.5,528.0,528.0,343,24349,24336
2024-09-28 00:19:00.000000000,1727453940000000000,528.0,528.6,528.0,528.6,308,24336,24356
2024-09-28 00:20:00.000000000,1727454000000000000,528.6,528.9,528.3,528.8,312,24356,24457
2024-09-28 00:21:00.000000000,1727454060000000000,528.8,528.8,528.3,528.5,186,24457,24473
2024-09-28 00:22:00.000000000,1727454120000000000,528.5,528.9,528.4,528.8,158,24473,24500
2024-09-28 00:23:00.000000000,1727454180000000000,528.8,528.9,528.5,528.7,160,24500,24495
2024-09-28 00:24:00.000000000,1727454240000000000,528.7,528.9,528.4,528.7,203,24495,24521
2024-09-28 00:25:00.000000000,1727454300000000000,528.7,528.8,527.7,527.8,583,24521,24549
2024-09-28 00:26:00.000000000,1727454360000000000,527.8,527.9,527.2,527.4,468,24549,24526
2024-09-28 00:27:00.000000000,1727454420000000000,527.4,527.7,527.1,527.5,305,24526,24541
2024-09-28 00:28:00.000000000,1727454480000000000,527.5,527.5,526.5,526.7,488,24541,24484
2024-09-28 00:29:00.000000000,1727454540000000000,526.7,527.1,526.4,526.9,375,24484,24395
2024-09-28 00:30:00.000000000,1727454600000000000,526.9,527.0,526.0,526.3,609,24395,24316
2024-09-28 00:31:00.000000000,1727454660000000000,526.3,526.6,526.1,526.4,360,24316,24270
2024-09-28 00:32:00.000000000,1727454720000000000,526.4,526.6,526.3,526.3,134,24270,24290
2024-09-28 00:33:00.000000000,1727454780000000000,526.3,526.7,526.3,526.4,208,24290,24308
2024-09-28 00:34:00.000000000,1727454840000000000,526.4,526.6,526.2,526.5,117,24308,24339
2024-09-28 00:35:00.000000000,1727454900000000000,526.5,526.7,526.3,526.7,187,24339,24351
2024-09-28 00:36:00.000000000,1727454960000000000,526.7,526.9,526.6,526.7,289,24351,24355
2024-09-28 00:37:00.000000000,1727455020000000000,526.7,527.0,526.7,526.9,190,24355,24364
2024-09-28 00:38:00.000000000,1727455080000000000,526.9,527.0,526.6,526.9,168,24364,24356
2024-09-28 00:39:00.000000000,1727455140000000000,526.9,527.0,526.8,526.8,152,24356,24370
2024-09-28 00:40:00.000000000,1727455200000000000,526.8,526.8,526.6,526.7,133,24370,24366
2024-09-28 00:41:00.000000000,1727455260000000000,526.7,527.0,526.2,526.2,214,24366,24347
2024-09-28 00:42:00.000000000,1727455320000000000,526.2,526.8,526.1,526.6,163,24347,24353
2024-09-28 00:43:00.000000000,1727455380000000000,526.6,526.7,526.5,526.6,41,24353,24358
2024-09-28 00:44:00.000000000,1727455440000000000,526.6,526.8,526.5,526.6,55,24358,24356
2024-09-28 00:45:00.000000000,1727455500000000000,526.6,527.2,526.4,527.0,231,24356,24362
2024-09-28 00:46:00.000000000,1727455560000000000,527.0,527.0,526.8,526.9,135,24362,24382
2024-09-28 00:47:00.000000000,1727455620000000000,526.9,527.1,526.8,526.9,127,24382,24384
2024-09-28 00:48:00.000000000,1727455680000000000,526.9,527.2,526.7,527.1,202,24384,24395
2024-09-28 00:49:00.000000000,1727455740000000000,527.1,527.1,526.7,526.8,201,24395,24391
2024-09-28 00:50:00.000000000,1727455800000000000,526.8,527.2,526.7,527.2,127,24391,24395
2024-09-28 00:51:00.000000000,1727455860000000000,527.2,527.6,527.1,527.6,292,24395,24383
2024-09-28 00:52:00.000000000,1727455920000000000,527.6,527.9,527.5,527.8,206,24383,24367
2024-09-28 00:53:00.000000000,1727455980000000000,527.8,527.8,527.5,527.6,92,24367,24356
2024-09-28 00:54:00.000000000,1727456040000000000,527.6,527.6,526.9,527.3,297,24356,24335
2024-09-28 00:55:00.000000000,1727456100000000000,527.3,527.4,527.1,527.1,183,24335,24328
2024-09-28 00:56:00.000000000,1727456160000000000,527.1,527.3,527.1,527.2,84,24328,24316
2024-09-28 00:57:00.000000000,1727456220000000000,527.2,527.2,526.8,527.0,139,24316,24306
2024-09-28 00:58:00.000000000,1727456280000000000,527.0,527.2,527.0,527.2,88,24306,24315
2024-09-28 00:59:00.000000000,1727456340000000000,527.2,527.6,527.2,527.5,120,24315,24315
2024-09-28 01:00:00.000000000,1727456400000000000,527.5,528.3,527.4,528.2,445,24315,24372
2024-09-28 01:01:00.000000000,1727456460000000000,528.2,528.2,527.9,528.1,163,24372,24382
2024-09-28 01:02:00.000000000,1727456520000000000,528.1,528.2,528.1,528.2,149,24382,24417
2024-09-28 01:03:00.000000000,1727456580000000000,528.2,528.2,527.7,527.8,129,24417,24441
2024-09-28 01:04:00.000000000,1727456640000000000,527.8,528.4,527.8,528.3,232,24441,24432
2024-09-28 01:05:00.000000000,1727456700000000000,528.3,528.4,528.0,528.2,327,24432,24448
2024-09-28 01:06:00.000000000,1727456760000000000,528.2,528.2,527.8,527.8,125,24448,24437
2024-09-28 01:07:00.000000000,1727456820000000000,527.8,527.8,527.6,527.8,118,24437,24429
2024-09-28 01:08:00.000000000,1727456880000000000,527.8,527.8,527.4,527.5,178,24429,24409
2024-09-28 01:09:00.000000000,1727456940000000000,527.5,527.6,527.2,527.4,171,24409,24381
2024-09-28 01:10:00.000000000,1727457000000000000,527.4,527.4,526.7,526.7,262,24381,24328
2024-09-28 01:11:00.000000000,1727457060000000000,526.7,526.9,526.6,526.9,154,24328,24310
2024-09-28 01:12:00.000000000,1727457120000000000,526.9,526.9,526.3,526.3,274,24310,24325
2024-09-28 01:13:00.000000000,1727457180000000000,526.3,526.3,525.8,526.2,414,24325,24249
2024-09-28 01:14:00.000000000,1727457240000000000,526.2,526.6,526.1,526.5,168,24249,24229
2024-09-28 01:15:00.000000000,1727457300000000000,526.5,526.5,526.1,526.1,184,24229,24257
2024-09-28 01:16:00.000000000,1727457360000000000,526.1,526.3,526.0,526.1,153,24257,24282
2024-09-28 01:17:00.000000000,1727457420000000000,526.1,526.2,525.8,526.2,213,24282,24266
2024-09-28 01:18:00.000000000,1727457480000000000,526.2,526.5,526.2,526.3,119,24266,24268
2024-09-28 01:19:00.000000000,1727457540000000000,526.3,526.4,526.1,526.3,73,24268,24284
2024-09-28 01:20:00.000000000,1727457600000000000,526.3,526.3,526.2,526.3,72,24284,24288
2024-09-28 01:21:00.000000000,1727457660000000000,526.3,526.3,525.7,525.7,201,24288,24308
2024-09-28 01:22:00.000000000,1727457720000000000,525.7,525.9,525.4,525.7,308,24308,24284
2024-09-28 01:23:00.000000000,1727457780000000000,525.7,525.8,525.4,525.4,121,24284,24287
2024-09-28 01:24:00.000000000,1727457840000000000,525.4,525.8,525.4,525.5,254,24287,24261
2024-09-28 01:25:00.000000000,1727457900000000000,525.5,525.9,525.4,525.9,160,24261,24234
2024-09-28 01:26:00.000000000,1727457960000000000,525.9,525.9,525.5,525.8,130,24234,24255
2024-09-28 01:27:00.000000000,1727458020000000000,525.8,525.9,525.5,525.6,181,24255,24266
2024-09-28 01:28:00.000000000,1727458080000000000,525.6,525.8,525.2,525.7,195,24266,24281
2024-09-28 01:29:00.000000000,1727458140000000000,525.7,525.9,525.6,525.7,121,24281,24277
2024-09-28 01:30:00.000000000,1727458200000000000,525.7,525.9,525.6,525.7,100,24277,24279
2024-09-28 01:31:00.000000000,1727458260000000000,525.7,525.7,524.6,525.1,464,24279,24142
2024-09-28 01:32:00.000000000,1727458320000000000,525.1,525.2,524.8,524.9,189,24142,24139
2024-09-28 01:33:00.000000000,1727458380000000000,524.9,525.0,524.7,524.8,132,24139,24106
2024-09-28 01:34:00.000000000,1727458440000000000,524.8,525.3,524.8,525.3,110,24106,24090
2024-09-28 01:35:00.000000000,1727458500000000000,525.3,525.5,525.1,525.2,110,24090,24100
2024-09-28 01:36:00.000000000,1727458560000000000,525.2,525.3,525.0,525.1,67,24100,24094
2024-09-28 01:37:00.000000000,1727458620000000000,525.1,525.2,524.2,524.3,310,24094,24053
2024-09-28 01:38:00.000000000,1727458680000000000,524.3,524.4,523.2,523.3,659,24053,23891
2024-09-28 01:39:00.000000000,1727458740000000000,523.3,523.6,523.2,523.3,266,23891,23882
2024-09-28 01:40:00.000000000,1727458800000000000,523.3,523.3,522.5,522.9,505,23882,23888
2024-09-28 01:41:00.000000000,1727458860000000000,522.9,522.9,522.1,522.3,289,23888,23919
2024-09-28 01:42:00.000000000,1727458920000000000,522.3,523.0,522.3,522.8,239,23919,23902
2024-09-28 01:43:00.000000000,1727458980000000000,522.8,523.1,522.7,522.8,195,23902,23892
2024-09-28 01:44:00.000000000,1727459040000000000,522.8,523.3,522.8,523.0,194,23892,23907
2024-09-28 01:45:00.000000000,1727459100000000000,523.0,523.4,522.9,523.4,145,23907,23914
2024-09-28 01:46:00.000000000,1727459160000000000,523.4,523.4,523.1,523.3,171,23914,23917
2024-09-28 01:47:00.000000000,1727459220000000000,523.3,523.6,523.2,523.5,184,23917,23885
2024-09-28 01:48:00.000000000,1727459280000000000,523.5,523.6,523.3,523.4,140,23885,23849
2024-09-28 01:49:00.000000000,1727459340000000000,523.4,523.5,523.3,523.3,112,23849,23852
2024-09-28 01:50:00.000000000,1727459400000000000,523.3,523.7,523.3,523.6,98,23852,23842
2024-09-28 01:51:00.000000000,1727459460000000000,523.6,523.7,523.4,523.4,89,23842,23860
2024-09-28 01:52:00.000000000,1727459520000000000,523.4,523.7,523.4,523.6,134,23860,23850
2024-09-28 01:53:00.000000000,1727459580000000000,523.6,523.9,523.4,523.7,120,23850,23864
2024-09-28 01:54:00.000000000,1727459640000000000,523.7,523.9,523.7,523.9,111,23864,23868
2024-09-28 01:55:00.000000000,1727459700000000000,523.9,524.2,523.7,523.9,224,23868,23897
2024-09-28 01:56:00.000000000,1727459760000000000,523.9,524.4,523.9,523.9,159,23897,23882
2024-09-28 01:57:00.000000000,1727459820000000000,523.9,524.5,523.9,524.3,165,23882,23895
2024-09-28 01:58:00.000000000,1727459880000000000,524.3,524.3,524.0,524.0,127,23895,23851
2024-09-28 01:59:00.000000000,1727459940000000000,524.0,524.1,523.9,523.9,81,23851,23827
2024-09-28 02:00:00.000000000,1727460000000000000,523.9,524.2,523.7,524.1,191,23827,23792
2024-09-28 02:01:00.000000000,1727460060000000000,524.1,524.2,523.5,523.8,215,23792,23738
2024-09-28 02:02:00.000000000,1727460120000000000,523.8,524.0,523.8,523.9,137,23738,23712
2024-09-28 02:03:00.000000000,1727460180000000000,523.9,524.4,523.8,524.4,103,23712,23694
2024-09-28 02:04:00.000000000,1727460240000000000,524.4,524.7,524.3,524.6,247,23694,23707
2024-09-28 02:05:00.000000000,1727460300000000000,524.6,524.8,524.5,524.6,129,23707,23698
2024-09-28 02:06:00.000000000,1727460360000000000,524.6,524.7,524.5,524.5,98,23698,23681
2024-09-28 02:07:00.000000000,1727460420000000000,524.5,524.5,524.4,524.5,97,23681,23647
2024-09-28 02:08:00.000000000,1727460480000000000,524.5,524.8,524.5,524.6,102,23647,23639
2024-09-28 02:09:00.000000000,1727460540000000000,524.6,525.1,524.6,525.0,117,23639,23621
2024-09-28 02:10:00.000000000,1727460600000000000,525.0,526.1,524.8,525.5,281,23621,23578
2024-09-28 02:11:00.000000000,1727460660000000000,525.5,525.6,525.0,525.6,136,23578,23579
2024-09-28 02:12:00.000000000,1727460720000000000,525.6,526.6,525.5,526.5,434,23579,23537
2024-09-28 02:13:00.000000000,1727460780000000000,526.5,527.5,526.3,527.5,526,23537,23502
2024-09-28 02:14:00.000000000,1727460840000000000,527.5,527.9,527.2,527.8,735,23502,23450
2024-09-28 02:15:00.000000000,1727460900000000000,527.8,527.9,526.9,527.1,454,23450,23338
2024-09-28 02:16:00.000000000,1727460960000000000,527.1,527.5,526.9,527.3,278,23338,23347
2024-09-28 02:17:00.000000000,1727461020000000000,527.3,527.3,527.0,527.1,106,23347,23357
2024-09-28 02:18:00.000000000,1727461080000000000,527.1,527.5,527.0,527.4,118,23357,23360
2024-09-28 02:19:00.000000000,1727461140000000000,527.4,527.6,527.2,527.3,263,23360,23332
2024-09-28 02:20:00.000000000,1727461200000000000,527.3,527.4,527.0,527.2,140,23332,23324
2024-09-28 02:21:00.000000000,1727461260000000000,527.2,527.3,526.9,527.1,138,23324,23327
2024-09-28 02:22:00.000000000,1727461320000000000,527.1,527.2,527.0,527.2,67,23327,23321
2024-09-28 02:23:00.000000000,1727461380000000000,527.2,527.7,527.2,527.3,138,23321,23286
2024-09-28 02:24:00.000000000,1727461440000000000,527.3,527.6,527.3,527.4,128,23286,23260
2024-09-28 02:25:00.000000000,1727461500000000000,527.4,527.5,527.2,527.3,125,23260,23254
2024-09-28 02:26:00.000000000,1727461560000000000,527.3,527.4,526.7,527.2,316,23254,23207
2024-09-28 02:27:00.000000000,1727461620000000000,527.2,527.3,526.9,527.3,177,23207,23143
2024-09-28 02:28:00.000000000,1727461680000000000,527.3,527.3,526.8,527.0,235,23143,23043
2024-09-28 02:29:00.000000000,1727461740000000000,527.0,527.0,526.0,526.1,371,23043,22821
2024-09-30 09:00:00.000000000,1727658000000000000,528.5,534.4,528.5,533.8,2362,22821,22763
2024-09-30 09:01:00.000000000,1727658060000000000,533.8,534.5,532.0,532.2,1410,22763,22785
2024-09-30 09:02:00.000000000,1727658120000000000,532.2,532.3,530.7,531.2,1328,22785,22734
2024-09-30 09:03:00.000000000,1727658180000000000,531.2,532.3,530.6,531.3,1127,22734,22650
2024-09-30 09:04:00.000000000,1727658240000000000,531.3,531.5,530.4,531.1,667,22650,22648
2024-09-30 09:05:00.000000000,1727658300000000000,531.1,531.4,529.9,530.9,659,22648,22622
2024-09-30 09:06:00.000000000,1727658360000000000,530.9,531.0,530.2,530.2,381,22622,22615
2024-09-30 09:07:00.000000000,1727658420000000000,530.2,530.3,529.7,529.8,480,22615,22660
2024-09-30 09:08:00.000000000,1727658480000000000,529.8,530.1,529.2,530.1,508,22660,22585
2024-09-30 09:09:00.000000000,1727658540000000000,530.1,531.0,530.0,530.8,367,22585,22599
2024-09-30 09:10:00.000000000,1727658600000000000,530.8,531.4,530.5,531.4,402,22599,22601
2024-09-30 09:11:00.000000000,1727658660000000000,531.4,532.3,531.1,531.8,510,22601,22607
2024-09-30 09:12:00.000000000,1727658720000000000,531.8,531.8,530.9,531.5,351,22607,22570
2024-09-30 09:13:00.000000000,1727658780000000000,531.5,531.8,531.0,531.1,152,22570,22563
2024-09-30 09:14:00.000000000,1727658840000000000,531.1,531.6,531.0,531.6,136,22563,22554
2024-09-30 09:15:00.000000000,1727658900000000000,531.6,532.8,531.3,532.7,505,22554,22586
2024-09-30 09:16:00.000000000,1727658960000000000,532.7,532.8,531.9,532.0,405,22586,22586
2024-09-30 09:17:00.000000000,1727659020000000000,532.0,532.9,531.9,532.5,303,22586,22551
2024-09-30 09:18:00.000000000,1727659080000000000,532.5,532.5,532.2,532.3,139,22551,22577
2024-09-30 09:19:00.000000000,1727659140000000000,532.3,532.6,531.5,531.6,267,22577,22574
2024-09-30 09:20:00.000000000,1727659200000000000,531.6,531.6,530.9,530.9,200,22574,22591
2024-09-30 09:21:00.000000000,1727659260000000000,530.9,532.1,530.7,531.9,283,22591,22599
2024-09-30 09:22:00.000000000,1727659320000000000,531.9,532.1,531.7,531.8,155,22599,22583
2024-09-30 09:23:00.000000000,1727659380000000000,531.8,531.8,531.6,531.6,78,22583,22592
2024-09-30 09:24:00.000000000,1727659440000000000,531.6,531.9,531.6,531.6,101,22592,22589
2024-09-30 09:25:00.000000000,1727659500000000000,531.6,532.1,531.3,531.7,223,22589,22538
2024-09-30 09:26:00.000000000,1727659560000000000,531.7,532.2,531.6,532.1,135,22538,22547
2024-09-30 09:27:00.000000000,1727659620000000000,532.1,532.2,531.9,532.1,128,22547,22536
2024-09-30 09:28:00.000000000,1727659680000000000,532.1,532.9,532.1,532.9,309,22536,22576
2024-09-30 09:29:00.000000000,1727659740000000000,532.9,533.4,532.7,533.3,231,22576,22596
2024-09-30 09:30:00.000000000,1727659800000000000,533.3,533.5,533.0,533.3,299,22596,22614
2024-09-30 09:31:00.000000000,1727659860000000000,533.3,533.4,532.5,533.0,212,22614,22569
2024-09-30 09:32:00.000000000,1727659920000000000,533.0,533.2,532.4,532.5,110,22569,22544
2024-09-30 09:33:00.000000000,1727659980000000000,532.5,533.4,532.5,533.4,109,22544,22545
2024-09-30 09:34:00.000000000,1727660040000000000,533.4,533.4,533.0,533.0,67,22545,22544
2024-09-30 09:35:00.000000000,1727660100000000000,533.0,533.0,531.9,532.0,177,22544,22501
2024-09-30 09:36:00.000000000,1727660160000000000,532.0,532.2,531.5,531.6,338,22501,22411
2024-09-30 09:37:00.000000000,1727660220000000000,531.6,531.6,530.9,531.0,247,22411,22403
2024-09-30 09:38:00.000000000,1727660280000000000,531.0,531.1,530.6,530.9,270,22403,22399
2024-09-30 09:39:00.000000000,1727660340000000000,530.9,531.1,530.7,530.8,230,22399,22319
2024-09-30 09:40:00.000000000,1727660400000000000,530.8,530.8,530.2,530.2,225,22319,22312
2024-09-30 09:41:00.000000000,1727660460000000000,530.2,530.4,530.0,530.4,377,22312,22310
2024-09-30 09:42:00.000000000,1727660520000000000,530.4,530.5,530.1,530.2,145,22310,22292
2024-09-30 09:43:00.000000000,1727660580000000000,530.2,530.6,530.2,530.3,124,22292,22270
2024-09-30 09:44:00.000000000,1727660640000000000,530.3,530.4,530.1,530.3,82,22270,22269
2024-09-30 09:45:00.000000000,1727660700000000000,530.3,530.5,530.0,530.5,114,22269,22258
2024-09-30 09:46:00.000000000,1727660760000000000,530.5,530.5,529.7,529.7,139,22258,22255
2024-09-30 09:47:00.000000000,1727660820000000000,529.7,529.8,528.1,528.3,389,22255,22252
2024-09-30 09:48:00.000000000,1727660880000000000,528.3,528.5,527.8,528.3,395,22252,22174
2024-09-30 09:49:00.000000000,1727660940000000000,528.3,528.5,527.7,527.9,266,22174,22239
2024-09-30 09:50:00.000000000,1727661000000000000,527.9,528.1,527.5,527.9,157,22239,22232
2024-09-30 09:51:00.000000000,1727661060000000000,527.9,527.9,527.2,527.6,265,22232,22239
2024-09-30 09:52:00.000000000,1727661120000000000,527.6,528.0,527.3,527.3,148,22239,22213
2024-09-30 09:53:00.000000000,1727661180000000000,527.3,528.0,527.3,528.0,159,22213,22178
2024-09-30 09:54:00.000000000,1727661240000000000,528.0,528.5,527.8,528.3,274,22178,22170
2024-09-30 09:55:00.000000000,1727661300000000000,528.3,528.6,528.1,528.4,127,22170,22152
2024-09-30 09:56:00.000000000,1727661360000000000,528.4,528.9,528.4,528.9,192,22152,22074
2024-09-30 09:57:00.000000000,1727661420000000000,528.9,529.1,528.6,528.7,117,22074,22055
2024-09-30 09:58:00.000000000,1727661480000000000,528.7,528.9,528.7,528.8,33,22055,22049
2024-09-30 09:59:00.000000000,1727661540000000000,528.8,529.2,528.7,529.1,86,22049,22028
2024-09-30 10:00:00.000000000,1727661600000000000,529.1,529.1,528.3,528.3,161,22028,22031
2024-09-30 10:01:00.000000000,1727661660000000000,528.3,528.7,528.2,528.3,104,22031,22026
2024-09-30 10:02:00.000000000,1727661720000000000,528.3,528.5,528.1,528.3,83,22026,22028
2024-09-30 10:03:00.000000000,1727661780000000000,528.3,528.9,528.3,528.7,86,22028,22024
2024-09-30 10:04:00.000000000,1727661840000000000,528.7,529.1,528.4,528.4,92,22024,22016
2024-09-30 10:05:00.000000000,1727661900000000000,528.4,528.6,527.9,528.6,112,22016,22004
2024-09-30 10:06:00.000000000,1727661960000000000,528.6,528.7,528.4,528.5,41,22004,21999
2024-09-30 10:07:00.000000000,1727662020000000000,528.5,529.2,528.5,529.2,118,21999,22002
2024-09-30 10:08:00.000000000,1727662080000000000,529.2,529.5,529.1,529.4,123,22002,22017
2024-09-30 10:09:00.000000000,1727662140000000000,529.4,530.1,529.4,529.7,219,22017,22018
2024-09-30 10:10:00.000000000,1727662200000000000,529.7,529.8,529.4,529.4,102,22018,21994
2024-09-30 10:11:00.000000000,1727662260000000000,529.4,529.8,529.4,529.7,65,21994,21994
2024-09-30 10:12:00.000000000,1727662320000000000,529.7,530.0,529.5,529.5,80,21994,21984
2024-09-30 10:13:00.000000000,1727662380000000000,529.5,529.5,529.1,529.4,79,21984,21948
2024-09-30 10:14:00.000000000,1727662440000000000,529.4,529.6,529.1,529.4,94,21948,21932
2024-09-30 10:30:00.000000000,1727663400000000000,529.4,530.4,529.4,530.3,227,21932,21905
2024-09-30 10:31:00.000000000,1727663460000000000,530.3,530.5,530.2,530.3,147,21905,21904
2024-09-30 10:32:00.000000000,1727663520000000000,530.3,530.4,530.1,530.1,64,21904,21889
2024-09-30 10:33:00.000000000,1727663580000000000,530.1,530.4,530.0,530.0,79,21889,21899
2024-09-30 10:34:00.000000000,1727663640000000000,530.0,530.5,529.7,530.3,108,21899,21903
2024-09-30 10:35:00.000000000,1727663700000000000,530.3,530.4,530.2,530.2,52,21903,21902
2024-09-30 10:36:00.000000000,1727663760000000000,530.2,530.6,530.0,530.5,79,21902,21876
2024-09-30 10:37:00.000000000,1727663820000000000,530.5,531.1,530.5,531.0,186,21876,21853
2024-09-30 10:38:00.000000000,1727663880000000000,531.0,531.1,530.6,530.7,128,21853,21862
2024-09-30 10:39:00.000000000,1727663940000000000,530.7,530.9,530.6,530.8,47,21862,21868
2024-09-30 10:40:00.000000000,1727664000000000000,530.8,531.4,530.6,531.3,127,21868,21861
2024-09-30 10:41:00.000000000,1727664060000000000,531.3,531.4,531.1,531.1,75,21861,21882
2024-09-30 10:42:00.000000000,1727664120000000000,531.1,531.4,531.1,531.2,71,21882,21889
2024-09-30 10:43:00.000000000,1727664180000000000,531.2,531.5,531.0,531.4,115,21889,21899
2024-09-30 10:44:00.000000000,1727664240000000000,531.4,531.8,531.4,531.5,169,21899,21919
2024-09-30 10:45:00.000000000,1727664300000000000,531.5,531.6,531.5,531.5,59,21919,21911
2024-09-30 10:46:00.000000000,1727664360000000000,531.5,531.8,531.5,531.7,76,21911,21894
2024-09-30 10:47:00.000000000,1727664420000000000,531.7,532.4,531.5,532.3,234,21894,21847
2024-09-30 10:48:00.000000000,1727664480000000000,532.3,532.5,532.1,532.1,215,21847,21852
2024-09-30 10:49:00.000000000,1727664540000000000,532.1,532.1,531.8,531.9,125,21852,21849
2024-09-30 10:50:00.000000000,1727664600000000000,531.9,532.1,531.9,531.9,90,21849,21859
2024-09-30 10:51:00.000000000,1727664660000000000,531.9,532.0,531.5,531.7,240,21859,21853
2024-09-30 10:52:00.000000000,1727664720000000000,531.7,532.6,531.7,532.3,221,21853,21902
2024-09-30 10:53:00.000000000,1727664780000000000,532.3,532.9,532.3,532.8,165,21902,21881
2024-09-30 10:54:00.000000000,1727664840000000000,532.8,533.5,532.8,532.9,291,21881,21892
2024-09-30 10:55:00.000000000,1727664900000000000,532.9,532.9,532.3,532.4,129,21892,21899
2024-09-30 10:56:00.000000000,1727664960000000000,532.4,532.9,532.1,532.7,150,21899,21926
2024-09-30 10:57:00.000000000,1727665020000000000,532.7,532.7,532.2,532.4,75,21926,21928
2024-09-30 10:58:00.000000000,1727665080000000000,532.4,532.5,532.2,532.4,124,21928,21951
2024-09-30 10:59:00.000000000,1727665140000000000,532.4,532.6,532.2,532.3,91,21951,21955
2024-09-30 11:00:00.000000000,1727665200000000000,532.3,532.5,532.2,532.2,106,21955,21979
2024-09-30 11:01:00.000000000,1727665260000000000,532.2,532.3,532.0,532.1,94,21979,21982
2024-09-30 11:02:00.000000000,1727665320000000000,532.1,532.2,531.9,531.9,93,21982,21952
2024-09-30 11:03:00.000000000,1727665380000000000,531.9,532.3,531.9,532.2,120,21952,21940
2024-09-30 11:04:00.000000000,1727665440000000000,532.2,532.3,531.9,531.9,41,21940,21940
2024-09-30 11:05:00.000000000,1727665500000000000,531.9,532.2,531.9,532.0,124,21940,21923
2024-09-30 11:06:00.000000000,1727665560000000000,532.0,532.2,531.8,532.0,108,21923,21917
2024-09-30 11:07:00.000000000,1727665620000000000,532.0,532.2,532.0,532.1,49,21917,21912
2024-09-30 11:08:00.000000000,1727665680000000000,532.1,532.5,532.1,532.3,111,21912,21938
2024-09-30 11:09:00.000000000,1727665740000000000,532.3,532.5,532.2,532.5,77,21938,21954
2024-09-30 11:10:00.000000000,1727665800000000000,532.5,532.6,532.5,532.6,48,21954,21965
2024-09-30 11:11:00.000000000,1727665860000000000,532.6,532.6,532.5,532.6,39,21965,21968
2024-09-30 11:12:00.000000000,1727665920000000000,532.6,532.6,532.1,532.3,80,21968,21977
2024-09-30 11:13:00.000000000,1727665980000000000,532.3,532.4,532.0,532.4,76,21977,21976
2024-09-30 11:14:00.000000000,1727666040000000000,532.4,532.8,532.4,532.7,112,21976,21986
2024-09-30 11:15:00.000000000,1727666100000000000,532.7,532.8,532.5,532.5,55,21986,22005
2024-09-30 11:16:00.000000000,1727666160000000000,532.5,532.5,532.2,532.5,62,22005,22010
2024-09-30 11:17:00.000000000,1727666220000000000,532.5,532.8,532.5,532.7,50,22010,22011
2024-09-30 11:18:00.000000000,1727666280000000000,532.7,533.1,532.7,532.9,67,22011,22019
2024-09-30 11:19:00.000000000,1727666340000000000,532.9,533.0,532.8,532.8,39,22019,22021
2024-09-30 11:20:00.000000000,1727666400000000000,532.8,532.9,532.4,532.6,55,22021,22010
2024-09-30 11:21:00.000000000,1727666460000000000,532.6,532.8,532.6,532.8,40,22010,22009
2024-09-30 11:22:00.000000000,1727666520000000000,532.8,532.9,532.5,532.5,77,22009,22010
2024-09-30 11:23:00.000000000,1727666580000000000,532.5,532.8,532.5,532.8,53,22010,22023
2024-09-30 11:24:00.000000000,1727666640000000000,532.8,532.8,532.5,532.5,82,22023,22023
2024-09-30 11:25:00.000000000,1727666700000000000,532.5,532.7,532.4,532.5,133,22023,21977
2024-09-30 11:26:00.000000000,1727666760000000000,532.5,533.0,532.5,532.8,81,21977,21976
2024-09-30 11:27:00.000000000,1727666820000000000,532.8,533.2,532.7,532.8,107,21976,21984
2024-09-30 11:28:00.000000000,1727666880000000000,532.8,533.1,532.5,533.1,73,21984,21985
2024-09-30 11:29:00.000000000,1727666940000000000,533.1,533.5,533.0,533.2,206,21985,21968
2024-09-30 13:30:00.000000000,1727674200000000000,533.5,535.8,533.5,535.5,996,21968,22036
2024-09-30 13:31:00.000000000,1727674260000000000,535.5,535.6,533.9,534.0,444,22036,22008
2024-09-30 13:32:00.000000000,1727674320000000000,534.0,534.7,533.7,534.7,294,22008,21991
2024-09-30 13:33:00.000000000,1727674380000000000,534.7,534.7,534.1,534.2,312,21991,21945
2024-09-30 13:34:00.000000000,1727674440000000000,534.2,534.5,534.1,534.3,114,21945,21942
2024-09-30 13:35:00.000000000,1727674500000000000,534.3,534.5,534.2,534.4,116,21942,21940
2024-09-30 13:36:00.000000000,1727674560000000000,534.4,534.5,534.0,534.0,123,21940,21959
2024-09-30 13:37:00.000000000,1727674620000000000,534.0,534.1,533.6,534.0,198,21959,21973
2024-09-30 13:38:00.000000000,1727674680000000000,534.0,534.4,533.7,534.1,109,21973,21988
2024-09-30 13:39:00.000000000,1727674740000000000,534.1,534.4,534.1,534.3,90,21988,21994
2024-09-30 13:40:00.000000000,1727674800000000000,534.3,534.5,534.2,534.3,156,21994,21950
2024-09-30 13:41:00.000000000,1727674860000000000,534.3,534.9,534.0,534.8,263,21950,21915
2024-09-30 13:42:00.000000000,1727674920000000000,534.8,534.8,534.5,534.5,188,21915,21842
2024-09-30 13:43:00.000000000,1727674980000000000,534.5,534.5,534.0,534.4,110,21842,21842
2024-09-30 13:44:00.000000000,1727675040000000000,534.4,534.6,534.3,534.5,96,21842,21811
2024-09-30 13:45:00.000000000,1727675100000000000,534.5,534.9,534.3,534.4,160,21811,21780
2024-09-30 13:46:00.000000000,1727675160000000000,534.4,535.5,534.4,535.3,216,21780,21780
2024-09-30 13:47:00.000000000,1727675220000000000,535.3,535.6,535.0,535.1,283,21780,21844
2024-09-30 13:48:00.000000000,1727675280000000000,535.1,535.7,535.1,535.7,105,21844,21849
2024-09-30 13:49:00.000000000,1727675340000000000,535.7,536.1,535.4,535.9,260,21849,21883
2024-09-30 13:50:00.000000000,1727675400000000000,535.9,536.1,535.6,536.0,218,21883,21861
2024-09-30 13:51:00.000000000,1727675460000000000,536.0,536.3,535.8,535.9,282,21861,21945
2024-09-30 13:52:00.000000000,1727675520000000000,535.9,536.7,535.9,536.6,165,21945,21965
2024-09-30 13:53:00.000000000,1727675580000000000,536.6,538.0,536.6,538.0,636,21965,22004
2024-09-30 13:54:00.000000000,1727675640000000000,538.0,538.7,538.0,538.2,466,22004,22082
2024-09-30 13:55:00.000000000,1727675700000000000,538.2,539.5,538.2,539.2,701,22082,22124
2024-09-30 13:56:00.000000000,1727675760000000000,539.2,539.6,538.9,539.0,387,22124,22127
2024-09-30 13:57:00.000000000,1727675820000000000,539.0,539.0,537.7,538.4,698,22127,22108
2024-09-30 13:58:00.000000000,1727675880000000000,538.4,538.6,538.0,538.1,169,22108,22121
2024-09-30 13:59:00.000000000,1727675940000000000,538.1,538.5,537.9,538.0,195,22121,22089
2024-09-30 14:00:00.000000000,1727676000000000000,538.0,538.3,537.7,538.1,263,22089,22064
2024-09-30 14:01:00.000000000,1727676060000000000,538.1,538.4,537.7,538.0,222,22064,22009
2024-09-30 14:02:00.000000000,1727676120000000000,538.0,538.3,537.8,538.2,109,22009,21991
2024-09-30 14:03:00.000000000,1727676180000000000,538.2,538.7,538.1,538.5,241,21991,21999
2024-09-30 14:04:00.000000000,1727676240000000000,538.5,538.9,538.1,538.1,198,21999,22029
2024-09-30 14:05:00.000000000,1727676300000000000,538.1,538.1,537.6,537.8,281,22029,22060
2024-09-30 14:06:00.000000000,1727676360000000000,537.8,538.2,537.3,538.0,186,22060,22060
2024-09-30 14:07:00.000000000,1727676420000000000,538.0,538.1,537.4,538.1,204,22060,22038
2024-09-30 14:08:00.000000000,1727676480000000000,538.1,538.2,537.8,537.9,109,22038,22001
2024-09-30 14:09:00.000000000,1727676540000000000,537.9,538.1,537.8,537.9,126,22001,22004
2024-09-30 14:10:00.000000000,1727676600000000000,537.9,538.0,537.8,537.9,75,22004,22007
2024-09-30 14:11:00.000000000,1727676660000000000,537.9,538.0,537.7,537.9,70,22007,22024
2024-09-30 14:12:00.000000000,1727676720000000000,537.9,538.1,537.7,537.9,105,22024,22018
2024-09-30 14:13:00.000000000,1727676780000000000,537.9,538.1,537.5,537.9,68,22018,22016
2024-09-30 14:14:00.000000000,1727676840000000000,537.9,538.1,537.9,538.0,49,22016,22016
2024-09-30 14:15:00.000000000,1727676900000000000,538.0,538.0,537.6,537.7,56,22016,22013
2024-09-30 14:16:00.000000000,1727676960000000000,537.7,537.7,537.4,537.4,173,22013,21991
2024-09-30 14:17:00.000000000,1727677020000000000,537.4,537.5,536.4,536.5,340,21991,21983
2024-09-30 14:18:00.000000000,1727677080000000000,536.5,536.6,535.6,535.8,349,21983,21897
2024-09-30 14:19:00.000000000,1727677140000000000,535.8,535.8,535.2,535.3,195,21897,21856
2024-09-30 14:20:00.000000000,1727677200000000000,535.3,535.7,535.1,535.6,177,21856,21840
2024-09-30 14:21:00.000000000,1727677260000000000,535.6,535.7,535.2,535.2,97,21840,21834
2024-09-30 14:22:00.000000000,1727677320000000000,535.2,535.5,535.2,535.4,86,21834,21837
2024-09-30 14:23:00.000000000,1727677380000000000,535.4,535.5,534.8,534.9,194,21837,21800
2024-09-30 14:24:00.000000000,1727677440000000000,534.9,535.7,534.8,535.6,170,21800,21776
2024-09-30 14:25:00.000000000,1727677500000000000,535.6,535.7,535.1,535.3,113,21776,21761
2024-09-30 14:26:00.000000000,1727677560000000000,535.3,535.7,535.2,535.6,115,21761,21731
2024-09-30 14:27:00.000000000,1727677620000000000,535.6,536.5,535.6,536.5,214,21731,21706
2024-09-30 14:28:00.000000000,1727677680000000000,536.5,536.7,536.3,536.6,123,21706,21700
2024-09-30 14:29:00.000000000,1727677740000000000,536.6,536.7,536.3,536.4,97,21700,21712
2024-09-30 14:30:00.000000000,1727677800000000000,536.4,536.5,536.0,536.0,79,21712,21717
2024-09-30 14:31:00.000000000,1727677860000000000,536.0,536.6,535.8,536.5,125,21717,21695
2024-09-30 14:32:00.000000000,1727677920000000000,536.5,537.1,535.5,536.5,396,21695,21700
2024-09-30 14:33:00.000000000,1727677980000000000,536.5,536.6,535.9,536.4,130,21700,21691
2024-09-30 14:34:00.000000000,1727678040000000000,536.4,537.0,536.4,537.0,99,21691,21696
2024-09-30 14:35:00.000000000,1727678100000000000,537.0,537.3,536.7,537.0,197,21696,21730
2024-09-30 14:36:00.000000000,1727678160000000000,537.0,537.3,536.9,537.2,77,21730,21746
2024-09-30 14:37:00.000000000,1727678220000000000,537.2,537.2,536.8,536.8,94,21746,21741
2024-09-30 14:38:00.000000000,1727678280000000000,536.8,537.2,536.7,537.1,67,21741,21741
2024-09-30 14:39:00.000000000,1727678340000000000,537.1,537.5,537.0,537.5,163,21741,21728
2024-09-30 14:40:00.000000000,1727678400000000000,537.5,538.5,537.3,538.3,390,21728,21719
2024-09-30 14:41:00.000000000,1727678460000000000,538.3,538.6,538.1,538.1,275,21719,21730
2024-09-30 14:42:00.000000000,1727678520000000000,538.1,538.7,538.1,538.3,205,21730,21719
2024-09-30 14:43:00.000000000,1727678580000000000,538.3,539.1,538.2,539.1,228,21719,21706
2024-09-30 14:44:00.000000000,1727678640000000000,539.1,540.4,538.8,540.0,774,21706,21606
2024-09-30 14:45:00.000000000,1727678700000000000,540.0,542.0,540.0,541.9,695,21606,21621
2024-09-30 14:46:00.000000000,1727678760000000000,541.9,542.5,540.7,540.7,835,21621,21531
2024-09-30 14:47:00.000000000,1727678820000000000,540.7,542.0,540.5,541.8,599,21531,21592
2024-09-30 14:48:00.000000000,1727678880000000000,541.8,542.5,541.2,541.3,376,21592,21574
2024-09-30 14:49:00.000000000,1727678940000000000,541.3,541.4,540.5,540.8,361,21574,21546
2024-09-30 14:50:00.000000000,1727679000000000000,540.8,541.9,540.5,541.3,397,21546,21438
2024-09-30 14:51:00.000000000,1727679060000000000,541.3,541.6,541.2,541.6,185,21438,21416
2024-09-30 14:52:00.000000000,1727679120000000000,541.6,541.6,540.7,540.8,203,21416,21391
2024-09-30 14:53:00.000000000,1727679180000000000,540.8,541.2,540.5,540.6,345,21391,21331
2024-09-30 14:54:00.000000000,1727679240000000000,540.6,540.7,539.9,540.0,308,21331,21264
2024-09-30 14:55:00.000000000,1727679300000000000,540.0,540.4,539.9,540.3,289,21264,21164
2024-09-30 14:56:00.000000000,1727679360000000000,540.3,540.4,540.0,540.3,205,21164,21090
2024-09-30 14:57:00.000000000,1727679420000000000,540.3,542.5,540.0,542.4,436,21090,21112
2024-09-30 14:58:00.000000000,1727679480000000000,542.4,542.5,541.8,542.4,391,21112,21093
2024-09-30 14:59:00.000000000,1727679540000000000,542.4,544.0,542.4,543.5,595,21093,20968
