datetime,datetime_nano,SHFE.bu2206.open,SHFE.bu2206.high,SHFE.bu2206.low,SHFE.bu2206.close,SHFE.bu2206.volume,SHFE.bu2206.open_oi,SHFE.bu2206.close_oi
2022-02-28 21:00:00.000000000,1646053200000000000,3444,3456,3434,3446,16787,487470,486858
2022-02-28 21:01:00.000000000,1646053260000000000,3446,3452,3444,3450,6525,486858,487049
2022-02-28 21:02:00.000000000,1646053320000000000,3450,3460,3448,3458,4838,487049,487242
2022-02-28 21:03:00.000000000,1646053380000000000,3458,3458,3446,3450,3842,487242,487374
2022-02-28 21:04:00.000000000,1646053440000000000,3450,3450,3438,3438,3182,487374,486971
2022-02-28 21:05:00.000000000,1646053500000000000,3438,3444,3436,3442,5031,486971,487697
2022-02-28 21:06:00.000000000,1646053560000000000,3442,3442,3432,3436,5862,487697,487083
2022-02-28 21:07:00.000000000,1646053620000000000,3436,3440,3434,3434,1982,487083,487279
2022-02-28 21:08:00.000000000,1646053680000000000,3434,3440,3434,3436,3056,487279,487330
2022-02-28 21:09:00.000000000,1646053740000000000,3436,3436,3432,3436,2237,487330,487406
2022-02-28 21:10:00.000000000,1646053800000000000,3436,3438,3426,3430,7868,487406,487778
2022-02-28 21:11:00.000000000,1646053860000000000,3430,3430,3420,3424,6223,487778,488469
2022-02-28 21:12:00.000000000,1646053920000000000,3424,3426,3404,3406,13426,488469,489677
2022-02-28 21:13:00.000000000,1646053980000000000,3406,3410,3402,3410,8629,489677,489175
2022-02-28 21:14:00.000000000,1646054040000000000,3410,3410,3404,3408,6189,489175,488410
2022-02-28 21:15:00.000000000,1646054100000000000,3408,3408,3396,3398,10679,488410,488286
2022-02-28 21:16:00.000000000,1646054160000000000,3398,3402,3394,3402,5787,488286,488948
2022-02-28 21:17:00.000000000,1646054220000000000,3402,3402,3394,3396,3859,488948,489253
2022-02-28 21:18:00.000000000,1646054280000000000,3396,3404,3394,3402,3434,489253,488508
2022-02-28 21:19:00.000000000,1646054340000000000,3402,3402,3392,3394,3089,488508,488539
2022-02-28 21:20:00.000000000,1646054400000000000,3394,3400,3394,3400,5054,488539,488908
2022-02-28 21:21:00.000000000,1646054460000000000,3400,3404,3396,3402,3258,488908,488982
2022-02-28 21:22:00.000000000,1646054520000000000,3402,3404,3398,3404,2572,488982,489151
2022-02-28 21:23:00.000000000,1646054580000000000,3404,3404,3400,3402,1968,489151,489221
2022-02-28 21:24:00.000000000,1646054640000000000,3402,3402,3396,3398,2402,489221,489084
2022-02-28 21:25:00.000000000,1646054700000000000,3398,3398,3392,3392,2961,489084,488793
2022-02-28 21:26:00.000000000,1646054760000000000,3392,3396,3388,3388,5177,488793,488619
2022-02-28 21:27:00.000000000,1646054820000000000,3388,3390,3384,3384,6332,488619,488819
2022-02-28 21:28:00.000000000,1646054880000000000,3384,3390,3384,3388,3130,488819,488619
2022-02-28 21:29:00.000000000,1646054940000000000,3388,3390,3386,3388,2204,488619,488958
2022-02-28 21:30:00.000000000,1646055000000000000,3388,3388,3382,3384,2986,488958,489211
2022-02-28 21:31:00.000000000,1646055060000000000,3384,3384,3380,3382,3648,489211,489539
2022-02-28 21:32:00.000000000,1646055120000000000,3382,3382,3368,3374,10558,489539,490904
2022-02-28 21:33:00.000000000,1646055180000000000,3374,3380,3374,3378,2635,490904,491238
2022-02-28 21:34:00.000000000,1646055240000000000,3378,3380,3376,3376,2148,491238,491091
2022-02-28 21:35:00.000000000,1646055300000000000,3376,3378,3372,3372,2926,491091,491651
2022-02-28 21:36:00.000000000,1646055360000000000,3372,3380,3372,3380,2051,491651,491801
2022-02-28 21:37:00.000000000,1646055420000000000,3380,3380,3374,3376,1373,491801,491978
2022-02-28 21:38:00.000000000,1646055480000000000,3376,3382,3374,3380,2204,491978,492315
2022-02-28 21:39:00.000000000,1646055540000000000,3380,3382,3378,3382,2195,492315,491922
2022-02-28 21:40:00.000000000,1646055600000000000,3382,3394,3380,3392,5325,491922,490098
2022-02-28 21:41:00.000000000,1646055660000000000,3392,3396,3392,3396,2618,490098,489153
2022-02-28 21:42:00.000000000,1646055720000000000,3396,3398,3392,3396,3321,489153,488739
2022-02-28 21:43:00.000000000,1646055780000000000,3396,3398,3394,3396,964,488739,488716
2022-02-28 21:44:00.000000000,1646055840000000000,3396,3396,3388,3390,2016,488716,488433
2022-02-28 21:45:00.000000000,1646055900000000000,3390,3394,3386,3392,1979,488433,488877
2022-02-28 21:46:00.000000000,1646055960000000000,3392,3396,3392,3396,1443,488877,488750
2022-02-28 21:47:00.000000000,1646056020000000000,3396,3396,3392,3392,684,488750,488554
2022-02-28 21:48:00.000000000,1646056080000000000,3392,3394,3388,3392,2303,488554,487968
2022-02-28 21:49:00.000000000,1646056140000000000,3392,3396,3388,3396,2560,487968,487568
2022-02-28 21:50:00.000000000,1646056200000000000,3396,3402,3394,3402,3663,487568,487184
2022-02-28 21:51:00.000000000,1646056260000000000,3402,3410,3400,3408,4887,487184,485850
2022-02-28 21:52:00.000000000,1646056320000000000,3408,3416,3406,3416,4313,485850,485351
2022-02-28 21:53:00.000000000,1646056380000000000,3416,3428,3414,3420,8653,485351,484764
2022-02-28 21:54:00.000000000,1646056440000000000,3420,3424,3418,3420,2027,484764,484084
2022-02-28 21:55:00.000000000,1646056500000000000,3420,3428,3418,3424,3557,484084,483558
2022-02-28 21:56:00.000000000,1646056560000000000,3424,3426,3416,3420,2244,483558,483453
2022-02-28 21:57:00.000000000,1646056620000000000,3420,3424,3420,3420,1640,483453,483480
2022-02-28 21:58:00.000000000,1646056680000000000,3420,3422,3418,3420,1389,483480,483620
2022-02-28 21:59:00.000000000,1646056740000000000,3420,3426,3420,3426,2764,483620,482989
2022-02-28 22:00:00.000000000,1646056800000000000,3426,3426,3420,3420,2426,482989,482803
2022-02-28 22:01:00.000000000,1646056860000000000,3420,3422,3418,3422,1405,482803,482680
2022-02-28 22:02:00.000000000,1646056920000000000,3422,3424,3416,3418,1543,482680,482612
2022-02-28 22:03:00.000000000,1646056980000000000,3418,3420,3412,3414,2585,482612,482438
2022-02-28 22:04:00.000000000,1646057040000000000,3414,3414,3410,3412,2160,482438,482491
2022-02-28 22:05:00.000000000,1646057100000000000,3412,3416,3412,3414,714,482491,482390
2022-02-28 22:06:00.000000000,1646057160000000000,3414,3418,3414,3418,1055,482390,482779
2022-02-28 22:07:00.000000000,1646057220000000000,3418,3420,3416,3420,941,482779,482985
2022-02-28 22:08:00.000000000,1646057280000000000,3420,3422,3416,3420,1056,482985,482933
2022-02-28 22:09:00.000000000,1646057340000000000,3420,3424,3418,3422,1435,482933,483262
2022-02-28 22:10:00.000000000,1646057400000000000,3422,3424,3414,3416,1951,483262,483701
2022-02-28 22:11:00.000000000,1646057460000000000,3416,3420,3416,3416,642,483701,483575
2022-02-28 22:12:00.000000000,1646057520000000000,3416,3418,3414,3414,760,483575,483660
2022-02-28 22:13:00.000000000,1646057580000000000,3414,3418,3414,3418,494,483660,483493
2022-02-28 22:14:00.000000000,1646057640000000000,3418,3418,3414,3416,522,483493,483497
2022-02-28 22:15:00.000000000,1646057700000000000,3416,3420,3414,3416,1354,483497,483320
2022-02-28 22:16:00.000000000,1646057760000000000,3416,3416,3414,3416,452,483320,483298
2022-02-28 22:17:00.000000000,1646057820000000000,3416,3420,3416,3420,618,483298,483213
2022-02-28 22:18:00.000000000,1646057880000000000,3420,3422,3416,3418,1010,483213,483140
2022-02-28 22:19:00.000000000,1646057940000000000,3418,3418,3414,3416,570,483140,483149
2022-02-28 22:20:00.000000000,1646058000000000000,3416,3418,3414,3414,540,483149,483208
2022-02-28 22:21:00.000000000,1646058060000000000,3414,3420,3414,3420,692,483208,483071
2022-02-28 22:22:00.000000000,1646058120000000000,3420,3420,3418,3420,376,483071,482990
2022-02-28 22:23:00.000000000,1646058180000000000,3420,3420,3416,3418,518,482990,482879
2022-02-28 22:24:00.000000000,1646058240000000000,3418,3420,3416,3420,215,482879,482982
2022-02-28 22:25:00.000000000,1646058300000000000,3420,3420,3416,3420,471,482982,483062
2022-02-28 22:26:00.000000000,1646058360000000000,3420,3422,3418,3418,1165,483062,483214
2022-02-28 22:27:00.000000000,1646058420000000000,3418,3422,3416,3420,1342,483214,483483
2022-02-28 22:28:00.000000000,1646058480000000000,3420,3422,3416,3418,694,483483,483483
2022-02-28 22:29:00.000000000,1646058540000000000,3418,3420,3416,3420,609,483483,483487
2022-02-28 22:30:00.000000000,1646058600000000000,3420,3420,3416,3416,366,483487,483509
2022-02-28 22:31:00.000000000,1646058660000000000,3416,3420,3416,3418,583,483509,483410
2022-02-28 22:32:00.000000000,1646058720000000000,3418,3420,3416,3416,388,483410,483438
2022-02-28 22:33:00.000000000,1646058780000000000,3416,3418,3414,3416,1014,483438,483514
2022-02-28 22:34:00.000000000,1646058840000000000,3416,3418,3412,3412,661,483514,483528
2022-02-28 22:35:00.000000000,1646058900000000000,3412,3418,3412,3414,1388,483528,483530
2022-02-28 22:36:00.000000000,1646058960000000000,3414,3416,3412,3416,402,483530,483284
2022-02-28 22:37:00.000000000,1646059020000000000,3416,3422,3414,3422,2422,483284,483301
2022-02-28 22:38:00.000000000,1646059080000000000,3422,3422,3418,3420,662,483301,483142
2022-02-28 22:39:00.000000000,1646059140000000000,3420,3424,3420,3424,904,483142,483226
2022-02-28 22:40:00.000000000,1646059200000000000,3424,3426,3420,3422,2061,483226,482773
2022-02-28 22:41:00.000000000,1646059260000000000,3422,3424,3418,3422,805,482773,482650
2022-02-28 22:42:00.000000000,1646059320000000000,3422,3424,3418,3420,674,482650,482406
2022-02-28 22:43:00.000000000,1646059380000000000,3420,3422,3418,3420,451,482406,482349
2022-02-28 22:44:00.000000000,1646059440000000000,3420,3422,3420,3422,133,482349,482371
2022-02-28 22:45:00.000000000,1646059500000000000,3422,3422,3420,3420,508,482371,482343
2022-02-28 22:46:00.000000000,1646059560000000000,3420,3424,3420,3422,460,482343,482381
2022-02-28 22:47:00.000000000,1646059620000000000,3422,3424,3420,3420,652,482381,482307
2022-02-28 22:48:00.000000000,1646059680000000000,3420,3422,3418,3420,563,482307,482149
2022-02-28 22:49:00.000000000,1646059740000000000,3420,3420,3416,3418,960,482149,482193
2022-02-28 22:50:00.000000000,1646059800000000000,3418,3426,3418,3424,1874,482193,482256
2022-02-28 22:51:00.000000000,1646059860000000000,3424,3426,3422,3422,1386,482256,481966
2022-02-28 22:52:00.000000000,1646059920000000000,3422,3428,3422,3424,1976,481966,481800
2022-02-28 22:53:00.000000000,1646059980000000000,3424,3424,3422,3424,245,481800,481757
2022-02-28 22:54:00.000000000,1646060040000000000,3424,3424,3420,3422,452,481757,481738
2022-02-28 22:55:00.000000000,1646060100000000000,3422,3424,3420,3424,1251,481738,481057
2022-02-28 22:56:00.000000000,1646060160000000000,3424,3424,3420,3422,808,481057,480735
2022-02-28 22:57:00.000000000,1646060220000000000,3422,3422,3420,3420,474,480735,480589
2022-02-28 22:58:00.000000000,1646060280000000000,3420,3422,3420,3422,1026,480589,480250
2022-02-28 22:59:00.000000000,1646060340000000000,3422,3422,3418,3420,2716,480250,480055
2022-03-01 09:00:00.000000000,1646096400000000000,3444,3444,3420,3420,9853,480055,479560
2022-03-01 09:01:00.000000000,1646096460000000000,3420,3426,3414,3414,3246,479560,479027
2022-03-01 09:02:00.000000000,1646096520000000000,3414,3420,3412,3416,3059,479027,479274
2022-03-01 09:03:00.000000000,1646096580000000000,3416,3418,3408,3410,2326,479274,478965
2022-03-01 09:04:00.000000000,1646096640000000000,3410,3414,3406,3410,2719,478965,479161
2022-03-01 09:05:00.000000000,1646096700000000000,3410,3416,3408,3410,2001,479161,479417
2022-03-01 09:06:00.000000000,1646096760000000000,3410,3412,3406,3406,1156,479417,479420
2022-03-01 09:07:00.000000000,1646096820000000000,3406,3410,3404,3406,1797,479420,479639
2022-03-01 09:08:00.000000000,1646096880000000000,3406,3416,3406,3412,1983,479639,479622
2022-03-01 09:09:00.000000000,1646096940000000000,3412,3420,3410,3420,1692,479622,479349
2022-03-01 09:10:00.000000000,1646097000000000000,3420,3424,3418,3424,1532,479349,478934
2022-03-01 09:11:00.000000000,1646097060000000000,3424,3424,3412,3414,2210,478934,478578
2022-03-01 09:12:00.000000000,1646097120000000000,3414,3416,3412,3412,1047,478578,478488
2022-03-01 09:13:00.000000000,1646097180000000000,3412,3416,3410,3412,959,478488,478595
2022-03-01 09:14:00.000000000,1646097240000000000,3412,3416,3412,3414,765,478595,478567
2022-03-01 09:15:00.000000000,1646097300000000000,3414,3416,3412,3414,589,478567,478624
2022-03-01 09:16:00.000000000,1646097360000000000,3414,3414,3408,3408,1206,478624,478637
2022-03-01 09:17:00.000000000,1646097420000000000,3408,3410,3406,3406,791,478637,478672
2022-03-01 09:18:00.000000000,1646097480000000000,3406,3412,3406,3410,617,478672,478719
2022-03-01 09:19:00.000000000,1646097540000000000,3410,3412,3408,3410,445,478719,478622
2022-03-01 09:20:00.000000000,1646097600000000000,3410,3412,3410,3412,223,478622,478621
2022-03-01 09:21:00.000000000,1646097660000000000,3412,3414,3410,3414,350,478621,478613
2022-03-01 09:22:00.000000000,1646097720000000000,3414,3414,3412,3414,249,478613,478622
2022-03-01 09:23:00.000000000,1646097780000000000,3414,3420,3412,3418,1486,478622,478712
2022-03-01 09:24:00.000000000,1646097840000000000,3418,3418,3414,3418,625,478712,478721
2022-03-01 09:25:00.000000000,1646097900000000000,3418,3420,3416,3420,417,478721,478726
2022-03-01 09:26:00.000000000,1646097960000000000,3420,3422,3416,3418,731,478726,478623
2022-03-01 09:27:00.000000000,1646098020000000000,3418,3420,3416,3420,442,478623,478720
2022-03-01 09:28:00.000000000,1646098080000000000,3420,3424,3418,3424,839,478720,478939
2022-03-01 09:29:00.000000000,1646098140000000000,3424,3424,3420,3424,998,478939,478754
2022-03-01 09:30:00.000000000,1646098200000000000,3424,3426,3416,3416,1850,478754,479081
2022-03-01 09:31:00.000000000,1646098260000000000,3416,3420,3416,3418,664,479081,479131
2022-03-01 09:32:00.000000000,1646098320000000000,3418,3424,3418,3424,939,479131,479231
2022-03-01 09:33:00.000000000,1646098380000000000,3424,3426,3422,3424,639,479231,479215
2022-03-01 09:34:00.000000000,1646098440000000000,3424,3432,3424,3430,2063,479215,478567
2022-03-01 09:35:00.000000000,1646098500000000000,3430,3434,3428,3430,1402,478567,478493
2022-03-01 09:36:00.000000000,1646098560000000000,3430,3432,3426,3426,1215,478493,478866
2022-03-01 09:37:00.000000000,1646098620000000000,3426,3430,3426,3426,378,478866,478875
2022-03-01 09:38:00.000000000,1646098680000000000,3426,3428,3422,3424,791,478875,479115
2022-03-01 09:39:00.000000000,1646098740000000000,3424,3426,3420,3424,756,479115,479185
2022-03-01 09:40:00.000000000,1646098800000000000,3424,3426,3422,3422,319,479185,479275
2022-03-01 09:41:00.000000000,1646098860000000000,3422,3426,3422,3424,398,479275,479231
2022-03-01 09:42:00.000000000,1646098920000000000,3424,3428,3424,3428,657,479231,479300
2022-03-01 09:43:00.000000000,1646098980000000000,3428,3428,3422,3422,556,479300,479325
2022-03-01 09:44:00.000000000,1646099040000000000,3422,3426,3422,3422,538,479325,479384
2022-03-01 09:45:00.000000000,1646099100000000000,3422,3430,3422,3430,1106,479384,479816
2022-03-01 09:46:00.000000000,1646099160000000000,3430,3430,3426,3430,589,479816,480000
2022-03-01 09:47:00.000000000,1646099220000000000,3430,3432,3428,3432,768,480000,480265
2022-03-01 09:48:00.000000000,1646099280000000000,3432,3440,3430,3436,2370,480265,480268
2022-03-01 09:49:00.000000000,1646099340000000000,3436,3438,3434,3434,1095,480268,480256
2022-03-01 09:50:00.000000000,1646099400000000000,3434,3440,3432,3438,1039,480256,480188
2022-03-01 09:51:00.000000000,1646099460000000000,3438,3440,3430,3432,1673,480188,480314
2022-03-01 09:52:00.000000000,1646099520000000000,3432,3434,3428,3428,1055,480314,480313
2022-03-01 09:53:00.000000000,1646099580000000000,3428,3430,3428,3430,506,480313,480322
2022-03-01 09:54:00.000000000,1646099640000000000,3430,3432,3426,3426,668,480322,480187
2022-03-01 09:55:00.000000000,1646099700000000000,3426,3428,3424,3426,950,480187,480189
2022-03-01 09:56:00.000000000,1646099760000000000,3426,3426,3424,3424,266,480189,480177
2022-03-01 09:57:00.000000000,1646099820000000000,3424,3426,3424,3424,167,480177,480154
2022-03-01 09:58:00.000000000,1646099880000000000,3424,3426,3420,3422,1114,480154,480037
2022-03-01 09:59:00.000000000,1646099940000000000,3422,3424,3422,3424,362,480037,480068
2022-03-01 10:00:00.000000000,1646100000000000000,3424,3428,3422,3426,954,480068,480151
2022-03-01 10:01:00.000000000,1646100060000000000,3426,3426,3422,3424,691,480151,480100
2022-03-01 10:02:00.000000000,1646100120000000000,3424,3424,3420,3422,573,480100,480195
2022-03-01 10:03:00.000000000,1646100180000000000,3422,3426,3422,3426,329,480195,480345
2022-03-01 10:04:00.000000000,1646100240000000000,3426,3428,3424,3428,1072,480345,480911
2022-03-01 10:05:00.000000000,1646100300000000000,3428,3428,3426,3428,147,480911,480941
2022-03-01 10:06:00.000000000,1646100360000000000,3428,3434,3424,3432,3056,480941,481815
2022-03-01 10:07:00.000000000,1646100420000000000,3432,3460,3432,3450,10289,481815,483375
2022-03-01 10:08:00.000000000,1646100480000000000,3450,3454,3448,3452,2501,483375,483511
2022-03-01 10:09:00.000000000,1646100540000000000,3452,3454,3450,3450,1249,483511,483529
2022-03-01 10:10:00.000000000,1646100600000000000,3450,3452,3446,3450,1786,483529,483569
2022-03-01 10:11:00.000000000,1646100660000000000,3450,3450,3440,3444,1872,483569,483962
2022-03-01 10:12:00.000000000,1646100720000000000,3444,3452,3444,3450,1513,483962,484240
2022-03-01 10:13:00.000000000,1646100780000000000,3450,3456,3448,3456,1140,484240,484333
2022-03-01 10:14:00.000000000,1646100840000000000,3456,3470,3450,3468,5758,484333,485570
2022-03-01 10:30:00.000000000,1646101800000000000,3466,3476,3462,3474,5284,485570,486447
2022-03-01 10:31:00.000000000,1646101860000000000,3474,3486,3468,3486,5479,486447,486725
2022-03-01 10:32:00.000000000,1646101920000000000,3486,3488,3472,3482,5311,486725,486286
2022-03-01 10:33:00.000000000,1646101980000000000,3482,3486,3480,3484,3729,486286,485770
2022-03-01 10:34:00.000000000,1646102040000000000,3484,3500,3484,3492,7780,485770,485897
2022-03-01 10:35:00.000000000,1646102100000000000,3492,3492,3482,3486,3752,485897,485489
2022-03-01 10:36:00.000000000,1646102160000000000,3486,3492,3484,3490,1797,485489,485418
2022-03-01 10:37:00.000000000,1646102220000000000,3490,3490,3478,3480,2875,485418,485649
2022-03-01 10:38:00.000000000,1646102280000000000,3480,3484,3474,3474,2398,485649,485344
2022-03-01 10:39:00.000000000,1646102340000000000,3474,3482,3474,3478,1876,485344,484852
2022-03-01 10:40:00.000000000,1646102400000000000,3478,3482,3476,3480,1151,484852,484493
2022-03-01 10:41:00.000000000,1646102460000000000,3480,3482,3478,3482,1148,484493,484183
2022-03-01 10:42:00.000000000,1646102520000000000,3482,3482,3474,3476,965,484183,483862
2022-03-01 10:43:00.000000000,1646102580000000000,3476,3476,3470,3472,1513,483862,483918
2022-03-01 10:44:00.000000000,1646102640000000000,3472,3474,3468,3472,1709,483918,483627
2022-03-01 10:45:00.000000000,1646102700000000000,3472,3482,3472,3480,2041,483627,483849
2022-03-01 10:46:00.000000000,1646102760000000000,3480,3486,3478,3484,1615,483849,483666
2022-03-01 10:47:00.000000000,1646102820000000000,3484,3490,3484,3486,2645,483666,483769
2022-03-01 10:48:00.000000000,1646102880000000000,3486,3490,3486,3488,1122,483769,483832
2022-03-01 10:49:00.000000000,1646102940000000000,3488,3490,3486,3486,1359,483832,483900
2022-03-01 10:50:00.000000000,1646103000000000000,3486,3490,3484,3484,1346,483900,484107
2022-03-01 10:51:00.000000000,1646103060000000000,3484,3486,3482,3484,767,484107,484060
2022-03-01 10:52:00.000000000,1646103120000000000,3484,3490,3480,3480,1521,484060,483903
2022-03-01 10:53:00.000000000,1646103180000000000,3480,3484,3480,3480,958,483903,483826
2022-03-01 10:54:00.000000000,1646103240000000000,3480,3480,3478,3478,734,483826,483696
2022-03-01 10:55:00.000000000,1646103300000000000,3478,3480,3472,3476,1187,483696,483483
2022-03-01 10:56:00.000000000,1646103360000000000,3476,3476,3472,3474,514,483483,483478
2022-03-01 10:57:00.000000000,1646103420000000000,3474,3482,3472,3476,1115,483478,483468
2022-03-01 10:58:00.000000000,1646103480000000000,3476,3480,3476,3478,559,483468,483496
2022-03-01 10:59:00.000000000,1646103540000000000,3478,3480,3474,3474,817,483496,483542
2022-03-01 11:00:00.000000000,1646103600000000000,3474,3478,3472,3474,961,483542,483390
2022-03-01 11:01:00.000000000,1646103660000000000,3474,3478,3474,3476,395,483390,483312
2022-03-01 11:02:00.000000000,1646103720000000000,3476,3478,3474,3476,492,483312,483250
2022-03-01 11:03:00.000000000,1646103780000000000,3476,3482,3476,3480,751,483250,483164
2022-03-01 11:04:00.000000000,1646103840000000000,3480,3482,3478,3478,1072,483164,483250
2022-03-01 11:05:00.000000000,1646103900000000000,3478,3482,3478,3482,576,483250,483144
2022-03-01 11:06:00.000000000,1646103960000000000,3482,3486,3480,3484,1069,483144,483296
2022-03-01 11:07:00.000000000,1646104020000000000,3484,3486,3482,3484,615,483296,483419
2022-03-01 11:08:00.000000000,1646104080000000000,3484,3488,3482,3486,1389,483419,483776
2022-03-01 11:09:00.000000000,1646104140000000000,3486,3490,3484,3486,1127,483776,484050
2022-03-01 11:10:00.000000000,1646104200000000000,3486,3494,3486,3490,2266,484050,484339
2022-03-01 11:11:00.000000000,1646104260000000000,3490,3494,3490,3494,1101,484339,484274
2022-03-01 11:12:00.000000000,1646104320000000000,3494,3500,3492,3498,3559,484274,484384
2022-03-01 11:13:00.000000000,1646104380000000000,3498,3504,3496,3504,3760,484384,484813
2022-03-01 11:14:00.000000000,1646104440000000000,3504,3508,3502,3506,2940,484813,485091
2022-03-01 11:15:00.000000000,1646104500000000000,3506,3514,3506,3512,4015,485091,485711
2022-03-01 11:16:00.000000000,1646104560000000000,3512,3516,3510,3516,3259,485711,486446
2022-03-01 11:17:00.000000000,1646104620000000000,3516,3518,3512,3514,2366,486446,486603
2022-03-01 11:18:00.000000000,1646104680000000000,3514,3514,3510,3510,1564,486603,486377
2022-03-01 11:19:00.000000000,1646104740000000000,3510,3512,3508,3508,1023,486377,486267
2022-03-01 11:20:00.000000000,1646104800000000000,3508,3510,3508,3510,525,486267,486389
2022-03-01 11:21:00.000000000,1646104860000000000,3510,3510,3502,3504,2708,486389,485390
2022-03-01 11:22:00.000000000,1646104920000000000,3504,3512,3502,3512,3861,485390,485471
2022-03-01 11:23:00.000000000,1646104980000000000,3512,3516,3510,3514,1948,485471,485810
2022-03-01 11:24:00.000000000,1646105040000000000,3514,3518,3512,3516,2236,485810,485694
2022-03-01 11:25:00.000000000,1646105100000000000,3516,3534,3516,3526,7665,485694,487434
2022-03-01 11:26:00.000000000,1646105160000000000,3526,3528,3518,3518,3054,487434,486451
2022-03-01 11:27:00.000000000,1646105220000000000,3518,3520,3514,3516,1405,486451,486215
2022-03-01 11:28:00.000000000,1646105280000000000,3516,3516,3510,3512,1664,486215,485769
2022-03-01 11:29:00.000000000,1646105340000000000,3512,3512,3506,3508,1809,485769,485296
2022-03-01 13:30:00.000000000,1646112600000000000,3510,3524,3506,3524,4407,485296,485585
2022-03-01 13:31:00.000000000,1646112660000000000,3524,3524,3520,3524,1516,485585,485487
2022-03-01 13:32:00.000000000,1646112720000000000,3524,3532,3520,3530,3592,485487,486521
2022-03-01 13:33:00.000000000,1646112780000000000,3530,3532,3526,3530,1532,486521,486884
2022-03-01 13:34:00.000000000,1646112840000000000,3530,3532,3524,3528,2297,486884,486406
2022-03-01 13:35:00.000000000,1646112900000000000,3528,3530,3526,3528,1084,486406,486722
2022-03-01 13:36:00.000000000,1646112960000000000,3528,3538,3528,3534,3407,486722,486609
2022-03-01 13:37:00.000000000,1646113020000000000,3534,3536,3528,3528,2336,486609,487148
2022-03-01 13:38:00.000000000,1646113080000000000,3528,3530,3526,3526,1039,487148,487790
2022-03-01 13:39:00.000000000,1646113140000000000,3526,3528,3526,3528,1043,487790,487885
2022-03-01 13:40:00.000000000,1646113200000000000,3528,3528,3520,3522,1783,487885,487998
2022-03-01 13:41:00.000000000,1646113260000000000,3522,3524,3516,3516,2033,487998,487855
2022-03-01 13:42:00.000000000,1646113320000000000,3516,3520,3516,3518,1019,487855,488002
2022-03-01 13:43:00.000000000,1646113380000000000,3518,3522,3516,3520,902,488002,488087
2022-03-01 13:44:00.000000000,1646113440000000000,3520,3522,3518,3520,944,488087,487826
2022-03-01 13:45:00.000000000,1646113500000000000,3520,3520,3518,3518,512,487826,487833
2022-03-01 13:46:00.000000000,1646113560000000000,3518,3526,3518,3526,1558,487833,487450
2022-03-01 13:47:00.000000000,1646113620000000000,3526,3526,3522,3522,859,487450,487887
2022-03-01 13:48:00.000000000,1646113680000000000,3522,3524,3516,3518,1383,487887,487605
2022-03-01 13:49:00.000000000,1646113740000000000,3518,3526,3518,3524,1319,487605,487830
2022-03-01 13:50:00.000000000,1646113800000000000,3524,3526,3520,3520,1162,487830,487900
2022-03-01 13:51:00.000000000,1646113860000000000,3520,3520,3516,3516,1880,487900,487795
2022-03-01 13:52:00.000000000,1646113920000000000,3516,3518,3510,3512,2021,487795,487290
2022-03-01 13:53:00.000000000,1646113980000000000,3512,3516,3512,3514,1066,487290,487288
2022-03-01 13:54:00.000000000,1646114040000000000,3514,3518,3510,3510,1212,487288,487253
2022-03-01 13:55:00.000000000,1646114100000000000,3510,3512,3506,3510,1770,487253,487530
2022-03-01 13:56:00.000000000,1646114160000000000,3510,3512,3508,3510,921,487530,487386
2022-03-01 13:57:00.000000000,1646114220000000000,3510,3514,3510,3512,935,487386,487678
2022-03-01 13:58:00.000000000,1646114280000000000,3512,3516,3510,3514,1493,487678,487773
2022-03-01 13:59:00.000000000,1646114340000000000,3514,3518,3514,3516,682,487773,487942
2022-03-01 14:00:00.000000000,1646114400000000000,3516,3516,3512,3512,497,487942,487981
2022-03-01 14:01:00.000000000,1646114460000000000,3512,3518,3512,3518,848,487981,487904
2022-03-01 14:02:00.000000000,1646114520000000000,3518,3524,3518,3522,1661,487904,487373
2022-03-01 14:03:00.000000000,1646114580000000000,3522,3524,3518,3524,798,487373,487463
2022-03-01 14:04:00.000000000,1646114640000000000,3524,3526,3522,3524,922,487463,487571
2022-03-01 14:05:00.000000000,1646114700000000000,3524,3528,3522,3524,1226,487571,487624
2022-03-01 14:06:00.000000000,1646114760000000000,3524,3524,3520,3524,520,487624,487610
2022-03-01 14:07:00.000000000,1646114820000000000,3524,3524,3522,3524,222,487610,487573
2022-03-01 14:08:00.000000000,1646114880000000000,3524,3526,3522,3526,486,487573,487635
2022-03-01 14:09:00.000000000,1646114940000000000,3526,3526,3522,3522,751,487635,487845
2022-03-01 14:10:00.000000000,1646115000000000000,3522,3526,3522,3526,627,487845,487764
2022-03-01 14:11:00.000000000,1646115060000000000,3526,3526,3524,3526,474,487764,487650
2022-03-01 14:12:00.000000000,1646115120000000000,3526,3526,3524,3526,217,487650,487659
2022-03-01 14:13:00.000000000,1646115180000000000,3526,3530,3526,3530,1830,487659,487737
2022-03-01 14:14:00.000000000,1646115240000000000,3530,3532,3528,3528,920,487737,487684
2022-03-01 14:15:00.000000000,1646115300000000000,3528,3536,3528,3532,1799,487684,487427
2022-03-01 14:16:00.000000000,1646115360000000000,3532,3542,3532,3542,3235,487427,487292
2022-03-01 14:17:00.000000000,1646115420000000000,3542,3544,3538,3538,2806,487292,487449
2022-03-01 14:18:00.000000000,1646115480000000000,3538,3542,3538,3542,996,487449,487472
2022-03-01 14:19:00.000000000,1646115540000000000,3542,3544,3538,3544,1661,487472,487688
2022-03-01 14:20:00.000000000,1646115600000000000,3544,3552,3542,3546,6218,487688,488597
2022-03-01 14:21:00.000000000,1646115660000000000,3546,3552,3544,3552,2333,488597,488795
2022-03-01 14:22:00.000000000,1646115720000000000,3552,3552,3546,3546,2039,488795,488770
2022-03-01 14:23:00.000000000,1646115780000000000,3546,3546,3538,3540,1744,488770,489040
2022-03-01 14:24:00.000000000,1646115840000000000,3540,3542,3536,3536,1416,489040,489153
2022-03-01 14:25:00.000000000,1646115900000000000,3536,3540,3534,3540,1393,489153,489245
2022-03-01 14:26:00.000000000,1646115960000000000,3540,3542,3536,3536,1258,489245,489110
2022-03-01 14:27:00.000000000,1646116020000000000,3536,3538,3534,3534,838,489110,489050
2022-03-01 14:28:00.000000000,1646116080000000000,3534,3540,3534,3538,1070,489050,489008
2022-03-01 14:29:00.000000000,1646116140000000000,3538,3542,3536,3542,694,489008,489038
2022-03-01 14:30:00.000000000,1646116200000000000,3542,3558,3542,3552,5745,489038,489179
2022-03-01 14:31:00.000000000,1646116260000000000,3552,3554,3548,3552,2030,489179,488985
2022-03-01 14:32:00.000000000,1646116320000000000,3552,3554,3550,3552,1427,488985,489153
2022-03-01 14:33:00.000000000,1646116380000000000,3552,3552,3548,3552,1538,489153,488726
2022-03-01 14:34:00.000000000,1646116440000000000,3552,3556,3550,3552,1996,488726,488722
2022-03-01 14:35:00.000000000,1646116500000000000,3552,3564,3552,3564,3381,488722,487745
2022-03-01 14:36:00.000000000,1646116560000000000,3564,3564,3560,3562,2366,487745,487781
2022-03-01 14:37:00.000000000,1646116620000000000,3562,3562,3558,3558,1741,487781,487757
2022-03-01 14:38:00.000000000,1646116680000000000,3558,3560,3554,3556,1435,487757,487230
2022-03-01 14:39:00.000000000,1646116740000000000,3556,3562,3556,3562,1047,487230,487159
2022-03-01 14:40:00.000000000,1646116800000000000,3562,3566,3560,3564,2392,487159,486848
2022-03-01 14:41:00.000000000,1646116860000000000,3564,3564,3560,3562,1318,486848,486753
2022-03-01 14:42:00.000000000,1646116920000000000,3562,3566,3560,3566,1341,486753,486750
2022-03-01 14:43:00.000000000,1646116980000000000,3566,3566,3560,3564,990,486750,486639
2022-03-01 14:44:00.000000000,1646117040000000000,3564,3580,3562,3574,7108,486639,484942
2022-03-01 14:45:00.000000000,1646117100000000000,3574,3586,3574,3580,6179,484942,484791
2022-03-01 14:46:00.000000000,1646117160000000000,3580,3582,3576,3576,2988,484791,484045
2022-03-01 14:47:00.000000000,1646117220000000000,3576,3576,3570,3574,3068,484045,483557
2022-03-01 14:48:00.000000000,1646117280000000000,3574,3576,3572,3574,2307,483557,482795
2022-03-01 14:49:00.000000000,1646117340000000000,3574,3576,3570,3572,1664,482795,482632
2022-03-01 14:50:00.000000000,1646117400000000000,3572,3572,3564,3566,3144,482632,482569
2022-03-01 14:51:00.000000000,1646117460000000000,3566,3570,3566,3570,1195,482569,482394
2022-03-01 14:52:00.000000000,1646117520000000000,3570,3572,3568,3570,661,482394,482257
2022-03-01 14:53:00.000000000,1646117580000000000,3570,3572,3570,3572,674,482257,482291
2022-03-01 14:54:00.000000000,1646117640000000000,3572,3576,3570,3574,2474,482291,481878
2022-03-01 14:55:00.000000000,1646117700000000000,3574,3580,3574,3578,2371,481878,481619
2022-03-01 14:56:00.000000000,1646117760000000000,3578,3578,3576,3576,2619,481619,481277
2022-03-01 14:57:00.000000000,1646117820000000000,3576,3584,3576,3580,3141,481277,480308
2022-03-01 14:58:00.000000000,1646117880000000000,3580,3590,3580,3588,4234,480308,479023
2022-03-01 14:59:00.000000000,1646117940000000000,3588,3594,3586,3592,5511,479023,478837
2022-03-01 21:00:00.000000000,1646139600000000000,3658,3690,3656,3678,35853,478837,480451
2022-03-01 21:01:00.000000000,1646139660000000000,3678,3684,3666,3668,9778,480451,479427
2022-03-01 21:02:00.000000000,1646139720000000000,3668,3676,3664,3668,6561,479427,478952
2022-03-01 21:03:00.000000000,1646139780000000000,3668,3674,3666,3668,4334,478952,478371
2022-03-01 21:04:00.000000000,1646139840000000000,3668,3668,3658,3660,7945,478371,477808
2022-03-01 21:05:00.000000000,1646139900000000000,3660,3666,3660,3664,4119,477808,477421
2022-03-01 21:06:00.000000000,1646139960000000000,3664,3674,3664,3672,8262,477421,477770
2022-03-01 21:07:00.000000000,1646140020000000000,3672,3686,3672,3682,7345,477770,476755
2022-03-01 21:08:00.000000000,1646140080000000000,3682,3684,3676,3682,4672,476755,476624
2022-03-01 21:09:00.000000000,1646140140000000000,3682,3686,3678,3684,4401,476624,476008
2022-03-01 21:10:00.000000000,1646140200000000000,3684,3690,3674,3676,6033,476008,475884
2022-03-01 21:11:00.000000000,1646140260000000000,3676,3678,3672,3674,2376,475884,475904
2022-03-01 21:12:00.000000000,1646140320000000000,3674,3680,3674,3678,1428,475904,475758
2022-03-01 21:13:00.000000000,1646140380000000000,3678,3680,3670,3670,2180,475758,475379
2022-03-01 21:14:00.000000000,1646140440000000000,3670,3682,3670,3680,4308,475379,475964
2022-03-01 21:15:00.000000000,1646140500000000000,3680,3682,3668,3670,3246,475964,475825
2022-03-01 21:16:00.000000000,1646140560000000000,3670,3674,3668,3672,2705,475825,476147
2022-03-01 21:17:00.000000000,1646140620000000000,3672,3672,3662,3664,3217,476147,475291
2022-03-01 21:18:00.000000000,1646140680000000000,3664,3666,3662,3666,3419,475291,474046
2022-03-01 21:19:00.000000000,1646140740000000000,3666,3666,3652,3652,4951,474046,473435
2022-03-01 21:20:00.000000000,1646140800000000000,3652,3666,3652,3662,4461,473435,473687
2022-03-01 21:21:00.000000000,1646140860000000000,3662,3664,3650,3654,4769,473687,473983
2022-03-01 21:22:00.000000000,1646140920000000000,3654,3658,3652,3654,2312,473983,474345
2022-03-01 21:23:00.000000000,1646140980000000000,3654,3654,3640,3642,6272,474345,475258
2022-03-01 21:24:00.000000000,1646141040000000000,3642,3644,3634,3642,5273,475258,474797
2022-03-01 21:25:00.000000000,1646141100000000000,3642,3646,3638,3644,2749,474797,475064
2022-03-01 21:26:00.000000000,1646141160000000000,3644,3646,3632,3638,2732,475064,475271
2022-03-01 21:27:00.000000000,1646141220000000000,3638,3642,3636,3640,3170,475271,475549
2022-03-01 21:28:00.000000000,1646141280000000000,3640,3642,3634,3636,2184,475549,475265
2022-03-01 21:29:00.000000000,1646141340000000000,3636,3640,3636,3638,1772,475265,475216
2022-03-01 21:30:00.000000000,1646141400000000000,3638,3648,3638,3648,3319,475216,474756
2022-03-01 21:31:00.000000000,1646141460000000000,3648,3648,3642,3644,1101,474756,474865
2022-03-01 21:32:00.000000000,1646141520000000000,3644,3648,3642,3644,944,474865,474812
2022-03-01 21:33:00.000000000,1646141580000000000,3644,3648,3644,3648,1110,474812,474720
2022-03-01 21:34:00.000000000,1646141640000000000,3648,3648,3644,3646,2298,474720,475169
2022-03-01 21:35:00.000000000,1646141700000000000,3646,3656,3646,3656,2568,475169,474453
2022-03-01 21:36:00.000000000,1646141760000000000,3656,3656,3644,3646,2911,474453,474958
2022-03-01 21:37:00.000000000,1646141820000000000,3646,3650,3644,3648,1144,474958,475228
2022-03-01 21:38:00.000000000,1646141880000000000,3648,3648,3640,3642,1788,475228,475396
2022-03-01 21:39:00.000000000,1646141940000000000,3642,3642,3636,3640,1689,475396,475413
2022-03-01 21:40:00.000000000,1646142000000000000,3640,3642,3634,3636,2478,475413,475613
2022-03-01 21:41:00.000000000,1646142060000000000,3636,3640,3634,3636,2103,475613,475561
2022-03-01 21:42:00.000000000,1646142120000000000,3636,3644,3636,3640,1872,475561,475239
2022-03-01 21:43:00.000000000,1646142180000000000,3640,3642,3632,3634,2154,475239,475438
2022-03-01 21:44:00.000000000,1646142240000000000,3634,3636,3632,3632,2106,475438,475804
2022-03-01 21:45:00.000000000,1646142300000000000,3632,3640,3632,3638,1698,475804,476057
2022-03-01 21:46:00.000000000,1646142360000000000,3638,3644,3638,3640,1292,476057,476027
2022-03-01 21:47:00.000000000,1646142420000000000,3640,3642,3636,3638,566,476027,476157
2022-03-01 21:48:00.000000000,1646142480000000000,3638,3644,3638,3642,998,476157,476274
2022-03-01 21:49:00.000000000,1646142540000000000,3642,3644,3638,3640,913,476274,476226
2022-03-01 21:50:00.000000000,1646142600000000000,3640,3642,3636,3638,629,476226,476391
2022-03-01 21:51:00.000000000,1646142660000000000,3638,3640,3636,3640,556,476391,476415
2022-03-01 21:52:00.000000000,1646142720000000000,3640,3640,3638,3640,661,476415,476411
2022-03-01 21:53:00.000000000,1646142780000000000,3640,3642,3638,3642,707,476411,476178
2022-03-01 21:54:00.000000000,1646142840000000000,3642,3642,3638,3638,527,476178,476113
2022-03-01 21:55:00.000000000,1646142900000000000,3638,3644,3638,3642,1161,476113,476100
2022-03-01 21:56:00.000000000,1646142960000000000,3642,3644,3640,3640,553,476100,475914
2022-03-01 21:57:00.000000000,1646143020000000000,3640,3642,3638,3640,713,475914,475816
2022-03-01 21:58:00.000000000,1646143080000000000,3640,3642,3638,3640,455,475816,475872
2022-03-01 21:59:00.000000000,1646143140000000000,3640,3652,3638,3646,4038,475872,475991
2022-03-01 22:00:00.000000000,1646143200000000000,3646,3648,3642,3646,1594,475991,475839
2022-03-01 22:01:00.000000000,1646143260000000000,3646,3652,3646,3652,1908,475839,475737
2022-03-01 22:02:00.000000000,1646143320000000000,3652,3652,3646,3646,957,475737,475852
2022-03-01 22:03:00.000000000,1646143380000000000,3646,3652,3646,3652,2125,475852,476716
2022-03-01 22:04:00.000000000,1646143440000000000,3652,3666,3650,3664,6750,476716,476652
2022-03-01 22:05:00.000000000,1646143500000000000,3664,3664,3654,3656,2085,476652,476784
2022-03-01 22:06:00.000000000,1646143560000000000,3656,3656,3652,3652,463,476784,476790
2022-03-01 22:07:00.000000000,1646143620000000000,3652,3654,3648,3654,1751,476790,476721
2022-03-01 22:08:00.000000000,1646143680000000000,3654,3658,3650,3656,897,476721,476930
2022-03-01 22:09:00.000000000,1646143740000000000,3656,3660,3656,3656,667,476930,476944
2022-03-01 22:10:00.000000000,1646143800000000000,3656,3658,3652,3652,1013,476944,477194
2022-03-01 22:11:00.000000000,1646143860000000000,3652,3658,3650,3658,809,477194,477073
2022-03-01 22:12:00.000000000,1646143920000000000,3658,3658,3650,3652,615,477073,477105
2022-03-01 22:13:00.000000000,1646143980000000000,3652,3654,3650,3654,752,477105,477116
2022-03-01 22:14:00.000000000,1646144040000000000,3654,3656,3652,3656,500,477116,477017
2022-03-01 22:15:00.000000000,1646144100000000000,3656,3658,3654,3658,710,477017,477080
2022-03-01 22:16:00.000000000,1646144160000000000,3658,3662,3656,3662,1552,477080,477335
2022-03-01 22:17:00.000000000,1646144220000000000,3662,3664,3660,3662,1441,477335,477776
2022-03-01 22:18:00.000000000,1646144280000000000,3662,3666,3662,3666,1338,477776,478101
2022-03-01 22:19:00.000000000,1646144340000000000,3666,3666,3662,3666,1053,478101,478268
2022-03-01 22:20:00.000000000,1646144400000000000,3666,3666,3660,3660,2124,478268,478037
2022-03-01 22:21:00.000000000,1646144460000000000,3660,3664,3658,3662,1165,478037,477761
2022-03-01 22:22:00.000000000,1646144520000000000,3662,3662,3660,3660,390,477761,477786
2022-03-01 22:23:00.000000000,1646144580000000000,3660,3666,3660,3666,980,477786,477823
2022-03-01 22:24:00.000000000,1646144640000000000,3666,3670,3664,3668,1988,477823,478084
2022-03-01 22:25:00.000000000,1646144700000000000,3668,3670,3662,3664,1032,478084,478141
2022-03-01 22:26:00.000000000,1646144760000000000,3664,3666,3662,3664,355,478141,478018
2022-03-01 22:27:00.000000000,1646144820000000000,3664,3670,3664,3664,1097,478018,478387
2022-03-01 22:28:00.000000000,1646144880000000000,3664,3666,3660,3660,879,478387,478055
2022-03-01 22:29:00.000000000,1646144940000000000,3660,3664,3660,3662,507,478055,477795
2022-03-01 22:30:00.000000000,1646145000000000000,3662,3666,3660,3666,997,477795,477851
2022-03-01 22:31:00.000000000,1646145060000000000,3666,3668,3660,3666,1941,477851,477994
2022-03-01 22:32:00.000000000,1646145120000000000,3666,3670,3664,3668,1670,477994,477948
2022-03-01 22:33:00.000000000,1646145180000000000,3668,3670,3664,3664,1405,477948,477684
2022-03-01 22:34:00.000000000,1646145240000000000,3664,3668,3664,3666,1204,477684,477715
2022-03-01 22:35:00.000000000,1646145300000000000,3666,3670,3662,3666,1056,477715,477700
2022-03-01 22:36:00.000000000,1646145360000000000,3666,3666,3660,3662,1117,477700,478029
2022-03-01 22:37:00.000000000,1646145420000000000,3662,3664,3660,3660,795,478029,477925
2022-03-01 22:38:00.000000000,1646145480000000000,3660,3662,3658,3660,1308,477925,477599
2022-03-01 22:39:00.000000000,1646145540000000000,3660,3662,3658,3660,653,477599,477547
2022-03-01 22:40:00.000000000,1646145600000000000,3660,3664,3656,3664,1017,477547,477617
2022-03-01 22:41:00.000000000,1646145660000000000,3664,3664,3662,3664,415,477617,477579
2022-03-01 22:42:00.000000000,1646145720000000000,3664,3670,3664,3666,1648,477579,477329
2022-03-01 22:43:00.000000000,1646145780000000000,3666,3674,3666,3674,2119,477329,477471
2022-03-01 22:44:00.000000000,1646145840000000000,3674,3674,3670,3672,1535,477471,477322
2022-03-01 22:45:00.000000000,1646145900000000000,3672,3674,3670,3674,1818,477322,477374
2022-03-01 22:46:00.000000000,1646145960000000000,3674,3674,3666,3666,1751,477374,477637
2022-03-01 22:47:00.000000000,1646146020000000000,3666,3670,3666,3670,935,477637,477450
2022-03-01 22:48:00.000000000,1646146080000000000,3670,3670,3666,3668,428,477450,477333
2022-03-01 22:49:00.000000000,1646146140000000000,3668,3670,3666,3668,632,477333,477170
2022-03-01 22:50:00.000000000,1646146200000000000,3668,3670,3664,3666,838,477170,477271
2022-03-01 22:51:00.000000000,1646146260000000000,3666,3666,3660,3664,1837,477271,477104
2022-03-01 22:52:00.000000000,1646146320000000000,3664,3666,3662,3664,1002,477104,477190
2022-03-01 22:53:00.000000000,1646146380000000000,3664,3668,3662,3662,847,477190,477224
2022-03-01 22:54:00.000000000,1646146440000000000,3662,3664,3660,3664,877,477224,476863
2022-03-01 22:55:00.000000000,1646146500000000000,3664,3666,3662,3664,523,476863,476971
2022-03-01 22:56:00.000000000,1646146560000000000,3664,3664,3660,3662,730,476971,476867
2022-03-01 22:57:00.000000000,1646146620000000000,3662,3666,3660,3664,1190,476867,476602
2022-03-01 22:58:00.000000000,1646146680000000000,3664,3666,3662,3662,1428,476602,476278
2022-03-01 22:59:00.000000000,1646146740000000000,3662,3666,3660,3662,2116,476278,475463
2022-03-02 09:00:00.000000000,1646182800000000000,3720,3736,3668,3682,36241,475463,473466
2022-03-02 09:01:00.000000000,1646182860000000000,3682,3688,3672,3682,7062,473466,473181
2022-03-02 09:02:00.000000000,1646182920000000000,3682,3690,3678,3688,6015,473181,472457
2022-03-02 09:03:00.000000000,1646182980000000000,3688,3690,3684,3686,3983,472457,472250
2022-03-02 09:04:00.000000000,1646183040000000000,3686,3688,3678,3678,4315,472250,472838
2022-03-02 09:05:00.000000000,1646183100000000000,3678,3680,3674,3678,3472,472838,473824
2022-03-02 09:06:00.000000000,1646183160000000000,3678,3686,3676,3686,2755,473824,473269
2022-03-02 09:07:00.000000000,1646183220000000000,3686,3686,3682,3682,1477,473269,473131
2022-03-02 09:08:00.000000000,1646183280000000000,3682,3686,3678,3684,2151,473131,473399
2022-03-02 09:09:00.000000000,1646183340000000000,3684,3694,3684,3692,3237,473399,473555
2022-03-02 09:10:00.000000000,1646183400000000000,3692,3694,3686,3688,2816,473555,473676
2022-03-02 09:11:00.000000000,1646183460000000000,3688,3694,3688,3694,2032,473676,473208
2022-03-02 09:12:00.000000000,1646183520000000000,3694,3694,3686,3688,1836,473208,473534
2022-03-02 09:13:00.000000000,1646183580000000000,3688,3688,3680,3680,2244,473534,473995
2022-03-02 09:14:00.000000000,1646183640000000000,3680,3682,3680,3680,1803,473995,474136
2022-03-02 09:15:00.000000000,1646183700000000000,3680,3688,3680,3688,1621,474136,473906
2022-03-02 09:16:00.000000000,1646183760000000000,3688,3688,3684,3684,970,473906,473842
2022-03-02 09:17:00.000000000,1646183820000000000,3684,3692,3684,3690,2374,473842,473265
2022-03-02 09:18:00.000000000,1646183880000000000,3690,3696,3680,3680,3490,473265,474202
2022-03-02 09:19:00.000000000,1646183940000000000,3680,3684,3678,3684,2771,474202,475357
2022-03-02 09:20:00.000000000,1646184000000000000,3684,3684,3682,3684,468,475357,475364
2022-03-02 09:21:00.000000000,1646184060000000000,3684,3686,3678,3680,1562,475364,475371
2022-03-02 09:22:00.000000000,1646184120000000000,3680,3680,3676,3678,1181,475371,475276
2022-03-02 09:23:00.000000000,1646184180000000000,3678,3678,3672,3676,1860,475276,474906
2022-03-02 09:24:00.000000000,1646184240000000000,3676,3678,3670,3672,2134,474906,474947
2022-03-02 09:25:00.000000000,1646184300000000000,3672,3676,3670,3674,939,474947,474990
2022-03-02 09:26:00.000000000,1646184360000000000,3674,3684,3672,3678,2353,474990,474850
2022-03-02 09:27:00.000000000,1646184420000000000,3678,3684,3678,3682,1441,474850,474947
2022-03-02 09:28:00.000000000,1646184480000000000,3682,3684,3680,3682,954,474947,474786
2022-03-02 09:29:00.000000000,1646184540000000000,3682,3682,3678,3680,1113,474786,474608
2022-03-02 09:30:00.000000000,1646184600000000000,3680,3688,3680,3688,1955,474608,474353
2022-03-02 09:31:00.000000000,1646184660000000000,3688,3692,3686,3692,2578,474353,474599
2022-03-02 09:32:00.000000000,1646184720000000000,3692,3696,3690,3696,1570,474599,474729
2022-03-02 09:33:00.000000000,1646184780000000000,3696,3696,3690,3694,1507,474729,474705
2022-03-02 09:34:00.000000000,1646184840000000000,3694,3700,3694,3700,3535,474705,474860
2022-03-02 09:35:00.000000000,1646184900000000000,3700,3702,3690,3702,4466,474860,475168
2022-03-02 09:36:00.000000000,1646184960000000000,3702,3706,3700,3704,3955,475168,475209
2022-03-02 09:37:00.000000000,1646185020000000000,3704,3704,3692,3694,2406,475209,475090
2022-03-02 09:38:00.000000000,1646185080000000000,3694,3698,3694,3696,681,475090,474879
2022-03-02 09:39:00.000000000,1646185140000000000,3696,3696,3688,3690,2338,474879,474900
2022-03-02 09:40:00.000000000,1646185200000000000,3690,3696,3688,3692,1726,474900,474765
2022-03-02 09:41:00.000000000,1646185260000000000,3692,3698,3690,3698,1433,474765,474803
2022-03-02 09:42:00.000000000,1646185320000000000,3698,3700,3694,3698,1832,474803,474854
2022-03-02 09:43:00.000000000,1646185380000000000,3698,3702,3696,3702,1633,474854,475096
2022-03-02 09:44:00.000000000,1646185440000000000,3702,3702,3696,3698,1114,475096,474965
2022-03-02 09:45:00.000000000,1646185500000000000,3698,3702,3696,3698,1374,474965,475014
2022-03-02 09:46:00.000000000,1646185560000000000,3698,3704,3696,3700,1961,475014,475155
2022-03-02 09:47:00.000000000,1646185620000000000,3700,3702,3696,3698,1499,475155,475237
2022-03-02 09:48:00.000000000,1646185680000000000,3698,3702,3696,3702,1156,475237,475281
2022-03-02 09:49:00.000000000,1646185740000000000,3702,3702,3698,3702,785,475281,475285
2022-03-02 09:50:00.000000000,1646185800000000000,3702,3704,3696,3698,1522,475285,475230
2022-03-02 09:51:00.000000000,1646185860000000000,3698,3704,3696,3702,1158,475230,475425
2022-03-02 09:52:00.000000000,1646185920000000000,3702,3706,3700,3706,1509,475425,475755
2022-03-02 09:53:00.000000000,1646185980000000000,3706,3708,3704,3706,1115,475755,475687
2022-03-02 09:54:00.000000000,1646186040000000000,3706,3708,3702,3706,1189,475687,475826
2022-03-02 09:55:00.000000000,1646186100000000000,3706,3708,3702,3704,1316,475826,475688
2022-03-02 09:56:00.000000000,1646186160000000000,3704,3704,3702,3704,946,475688,475649
2022-03-02 09:57:00.000000000,1646186220000000000,3704,3708,3702,3704,1904,475649,475448
2022-03-02 09:58:00.000000000,1646186280000000000,3704,3708,3700,3706,1739,475448,475643
2022-03-02 09:59:00.000000000,1646186340000000000,3706,3710,3704,3710,1424,475643,475485
2022-03-02 10:00:00.000000000,1646186400000000000,3710,3716,3704,3708,6088,475485,474273
2022-03-02 10:01:00.000000000,1646186460000000000,3708,3710,3702,3704,1603,474273,474205
2022-03-02 10:02:00.000000000,1646186520000000000,3704,3712,3704,3710,2097,474205,474621
2022-03-02 10:03:00.000000000,1646186580000000000,3710,3716,3710,3714,2834,474621,474634
2022-03-02 10:04:00.000000000,1646186640000000000,3714,3718,3710,3712,2419,474634,474573
2022-03-02 10:05:00.000000000,1646186700000000000,3712,3718,3710,3718,1928,474573,474743
2022-03-02 10:06:00.000000000,1646186760000000000,3718,3720,3710,3712,1911,474743,474654
2022-03-02 10:07:00.000000000,1646186820000000000,3712,3714,3710,3712,1362,474654,474445
2022-03-02 10:08:00.000000000,1646186880000000000,3712,3714,3708,3708,1108,474445,474526
2022-03-02 10:09:00.000000000,1646186940000000000,3708,3710,3702,3704,1470,474526,474550
2022-03-02 10:10:00.000000000,1646187000000000000,3704,3706,3700,3704,1424,474550,474483
2022-03-02 10:11:00.000000000,1646187060000000000,3704,3708,3700,3704,1344,474483,474326
2022-03-02 10:12:00.000000000,1646187120000000000,3704,3708,3702,3704,894,474326,474272
2022-03-02 10:13:00.000000000,1646187180000000000,3704,3706,3702,3704,729,474272,474467
2022-03-02 10:14:00.000000000,1646187240000000000,3704,3706,3700,3700,1255,474467,474408
2022-03-02 10:30:00.000000000,1646188200000000000,3704,3706,3694,3694,3719,474408,475073
2022-03-02 10:31:00.000000000,1646188260000000000,3694,3702,3694,3702,1327,475073,475230
2022-03-02 10:32:00.000000000,1646188320000000000,3702,3702,3698,3700,1152,475230,475094
2022-03-02 10:33:00.000000000,1646188380000000000,3700,3706,3700,3706,1080,475094,475038
2022-03-02 10:34:00.000000000,1646188440000000000,3706,3710,3706,3708,1506,475038,474523
2022-03-02 10:35:00.000000000,1646188500000000000,3708,3710,3704,3706,1214,474523,474184
2022-03-02 10:36:00.000000000,1646188560000000000,3706,3710,3704,3708,1351,474184,474319
2022-03-02 10:37:00.000000000,1646188620000000000,3708,3710,3704,3710,803,474319,474240
2022-03-02 10:38:00.000000000,1646188680000000000,3710,3710,3704,3706,480,474240,474300
2022-03-02 10:39:00.000000000,1646188740000000000,3706,3708,3700,3700,1985,474300,474548
2022-03-02 10:40:00.000000000,1646188800000000000,3700,3710,3700,3710,1685,474548,474789
2022-03-02 10:41:00.000000000,1646188860000000000,3710,3714,3708,3712,1214,474789,474544
2022-03-02 10:42:00.000000000,1646188920000000000,3712,3712,3706,3708,800,474544,474424
2022-03-02 10:43:00.000000000,1646188980000000000,3708,3712,3708,3710,445,474424,474558
2022-03-02 10:44:00.000000000,1646189040000000000,3710,3712,3708,3712,225,474558,474554
2022-03-02 10:45:00.000000000,1646189100000000000,3712,3712,3704,3704,2006,474554,475208
2022-03-02 10:46:00.000000000,1646189160000000000,3704,3704,3700,3700,1749,475208,475120
2022-03-02 10:47:00.000000000,1646189220000000000,3700,3702,3696,3696,1689,475120,475107
2022-03-02 10:48:00.000000000,1646189280000000000,3696,3698,3684,3686,3416,475107,474368
2022-03-02 10:49:00.000000000,1646189340000000000,3686,3690,3684,3690,1749,474368,474157
2022-03-02 10:50:00.000000000,1646189400000000000,3690,3698,3688,3694,1589,474157,474274
2022-03-02 10:51:00.000000000,1646189460000000000,3694,3698,3694,3698,865,474274,474039
2022-03-02 10:52:00.000000000,1646189520000000000,3698,3700,3696,3700,1246,474039,473984
2022-03-02 10:53:00.000000000,1646189580000000000,3700,3700,3692,3696,1317,473984,474333
2022-03-02 10:54:00.000000000,1646189640000000000,3696,3700,3694,3696,1243,474333,474545
2022-03-02 10:55:00.000000000,1646189700000000000,3696,3696,3688,3688,1268,474545,474407
2022-03-02 10:56:00.000000000,1646189760000000000,3688,3692,3686,3692,1348,474407,474630
2022-03-02 10:57:00.000000000,1646189820000000000,3692,3694,3690,3694,633,474630,474618
2022-03-02 10:58:00.000000000,1646189880000000000,3694,3694,3690,3692,1097,474618,474460
2022-03-02 10:59:00.000000000,1646189940000000000,3692,3694,3690,3692,1308,474460,474259
2022-03-02 11:00:00.000000000,1646190000000000000,3692,3694,3684,3684,2104,474259,474033
2022-03-02 11:01:00.000000000,1646190060000000000,3684,3688,3676,3680,4024,474033,473135
2022-03-02 11:02:00.000000000,1646190120000000000,3680,3680,3674,3674,1958,473135,472954
2022-03-02 11:03:00.000000000,1646190180000000000,3674,3680,3674,3680,1652,472954,472892
2022-03-02 11:04:00.000000000,1646190240000000000,3680,3680,3668,3674,2510,472892,472721
2022-03-02 11:05:00.000000000,1646190300000000000,3674,3678,3672,3678,1515,472721,473013
2022-03-02 11:06:00.000000000,1646190360000000000,3678,3678,3672,3674,2300,473013,473200
2022-03-02 11:07:00.000000000,1646190420000000000,3674,3674,3670,3672,2435,473200,473986
2022-03-02 11:08:00.000000000,1646190480000000000,3672,3672,3664,3670,2886,473986,474057
2022-03-02 11:09:00.000000000,1646190540000000000,3670,3678,3666,3668,3364,474057,474328
2022-03-02 11:10:00.000000000,1646190600000000000,3668,3672,3666,3670,1541,474328,474347
2022-03-02 11:11:00.000000000,1646190660000000000,3670,3676,3670,3672,1156,474347,474461
2022-03-02 11:12:00.000000000,1646190720000000000,3672,3678,3672,3676,833,474461,474489
2022-03-02 11:13:00.000000000,1646190780000000000,3676,3676,3666,3666,1345,474489,474276
2022-03-02 11:14:00.000000000,1646190840000000000,3666,3670,3662,3662,1938,474276,474368
2022-03-02 11:15:00.000000000,1646190900000000000,3662,3676,3662,3676,2226,474368,474246
2022-03-02 11:16:00.000000000,1646190960000000000,3676,3678,3674,3678,893,474246,474224
2022-03-02 11:17:00.000000000,1646191020000000000,3678,3688,3676,3688,2519,474224,473765
2022-03-02 11:18:00.000000000,1646191080000000000,3688,3690,3684,3688,2301,473765,474060
2022-03-02 11:19:00.000000000,1646191140000000000,3688,3690,3684,3686,989,474060,474291
2022-03-02 11:20:00.000000000,1646191200000000000,3686,3686,3680,3682,1435,474291,474252
2022-03-02 11:21:00.000000000,1646191260000000000,3682,3686,3680,3686,598,474252,474137
2022-03-02 11:22:00.000000000,1646191320000000000,3686,3694,3684,3694,1843,474137,474109
2022-03-02 11:23:00.000000000,1646191380000000000,3694,3694,3686,3690,1758,474109,474210
2022-03-02 11:24:00.000000000,1646191440000000000,3690,3692,3686,3692,869,474210,474041
2022-03-02 11:25:00.000000000,1646191500000000000,3692,3692,3688,3690,1595,474041,474067
2022-03-02 11:26:00.000000000,1646191560000000000,3690,3696,3688,3696,1405,474067,474272
2022-03-02 11:27:00.000000000,1646191620000000000,3696,3698,3694,3694,1254,474272,474026
2022-03-02 11:28:00.000000000,1646191680000000000,3694,3698,3694,3696,845,474026,474124
2022-03-02 11:29:00.000000000,1646191740000000000,3696,3698,3688,3692,1866,474124,473785
2022-03-02 13:30:00.000000000,1646199000000000000,3690,3692,3678,3680,6839,473785,474100
2022-03-02 13:31:00.000000000,1646199060000000000,3680,3688,3680,3682,2787,474100,473198
2022-03-02 13:32:00.000000000,1646199120000000000,3682,3688,3680,3682,1892,473198,472955
2022-03-02 13:33:00.000000000,1646199180000000000,3682,3684,3678,3682,1470,472955,472779
2022-03-02 13:34:00.000000000,1646199240000000000,3682,3682,3678,3680,878,472779,472767
2022-03-02 13:35:00.000000000,1646199300000000000,3680,3682,3678,3680,861,472767,473059
2022-03-02 13:36:00.000000000,1646199360000000000,3680,3682,3674,3674,1507,473059,472919
2022-03-02 13:37:00.000000000,1646199420000000000,3674,3676,3672,3674,884,472919,473118
2022-03-02 13:38:00.000000000,1646199480000000000,3674,3680,3674,3680,1113,473118,473122
2022-03-02 13:39:00.000000000,1646199540000000000,3680,3680,3674,3674,731,473122,473176
2022-03-02 13:40:00.000000000,1646199600000000000,3674,3680,3674,3680,663,473176,473281
2022-03-02 13:41:00.000000000,1646199660000000000,3680,3680,3676,3678,626,473281,473380
2022-03-02 13:42:00.000000000,1646199720000000000,3678,3682,3678,3682,766,473380,473443
2022-03-02 13:43:00.000000000,1646199780000000000,3682,3682,3676,3678,882,473443,473774
2022-03-02 13:44:00.000000000,1646199840000000000,3678,3680,3678,3680,436,473774,473652
2022-03-02 13:45:00.000000000,1646199900000000000,3680,3686,3678,3686,799,473652,473623
2022-03-02 13:46:00.000000000,1646199960000000000,3686,3688,3682,3686,1196,473623,473822
2022-03-02 13:47:00.000000000,1646200020000000000,3686,3686,3682,3684,287,473822,473842
2022-03-02 13:48:00.000000000,1646200080000000000,3684,3684,3680,3682,556,473842,473948
2022-03-02 13:49:00.000000000,1646200140000000000,3682,3682,3676,3676,852,473948,474297
2022-03-02 13:50:00.000000000,1646200200000000000,3676,3680,3676,3680,203,474297,474268
2022-03-02 13:51:00.000000000,1646200260000000000,3680,3680,3676,3678,330,474268,474399
2022-03-02 13:52:00.000000000,1646200320000000000,3678,3680,3676,3678,518,474399,474354
2022-03-02 13:53:00.000000000,1646200380000000000,3678,3680,3674,3674,630,474354,474498
2022-03-02 13:54:00.000000000,1646200440000000000,3674,3678,3674,3676,643,474498,474518
2022-03-02 13:55:00.000000000,1646200500000000000,3676,3682,3676,3682,464,474518,474496
2022-03-02 13:56:00.000000000,1646200560000000000,3682,3684,3680,3682,622,474496,474562
2022-03-02 13:57:00.000000000,1646200620000000000,3682,3684,3680,3684,418,474562,474451
2022-03-02 13:58:00.000000000,1646200680000000000,3684,3686,3680,3684,1748,474451,474524
2022-03-02 13:59:00.000000000,1646200740000000000,3684,3684,3678,3680,602,474524,474534
2022-03-02 14:00:00.000000000,1646200800000000000,3680,3682,3674,3674,1021,474534,474450
2022-03-02 14:01:00.000000000,1646200860000000000,3674,3682,3674,3680,1076,474450,474314
2022-03-02 14:02:00.000000000,1646200920000000000,3680,3686,3680,3684,921,474314,474344
2022-03-02 14:03:00.000000000,1646200980000000000,3684,3686,3682,3686,404,474344,474431
2022-03-02 14:04:00.000000000,1646201040000000000,3686,3686,3682,3682,350,474431,474590
2022-03-02 14:05:00.000000000,1646201100000000000,3682,3684,3680,3682,602,474590,474562
2022-03-02 14:06:00.000000000,1646201160000000000,3682,3688,3682,3684,1486,474562,474446
2022-03-02 14:07:00.000000000,1646201220000000000,3684,3688,3684,3686,529,474446,474332
2022-03-02 14:08:00.000000000,1646201280000000000,3686,3686,3682,3684,550,474332,474293
2022-03-02 14:09:00.000000000,1646201340000000000,3684,3686,3680,3680,675,474293,474382
2022-03-02 14:10:00.000000000,1646201400000000000,3680,3684,3680,3682,729,474382,474513
2022-03-02 14:11:00.000000000,1646201460000000000,3682,3684,3680,3684,363,474513,474555
2022-03-02 14:12:00.000000000,1646201520000000000,3684,3684,3680,3682,286,474555,474515
2022-03-02 14:13:00.000000000,1646201580000000000,3682,3686,3682,3684,759,474515,474427
2022-03-02 14:14:00.000000000,1646201640000000000,3684,3690,3684,3690,1452,474427,474860
2022-03-02 14:15:00.000000000,1646201700000000000,3690,3690,3686,3688,1556,474860,475146
2022-03-02 14:16:00.000000000,1646201760000000000,3688,3698,3688,3698,3204,475146,475248
2022-03-02 14:17:00.000000000,1646201820000000000,3698,3698,3692,3694,1550,475248,475398
2022-03-02 14:18:00.000000000,1646201880000000000,3694,3698,3692,3698,1513,475398,475146
2022-03-02 14:19:00.000000000,1646201940000000000,3698,3698,3692,3694,952,475146,475251
2022-03-02 14:20:00.000000000,1646202000000000000,3694,3700,3694,3696,1324,475251,475461
2022-03-02 14:21:00.000000000,1646202060000000000,3696,3700,3694,3696,1376,475461,475672
2022-03-02 14:22:00.000000000,1646202120000000000,3696,3702,3696,3702,1285,475672,475908
2022-03-02 14:23:00.000000000,1646202180000000000,3702,3704,3698,3702,1116,475908,476157
2022-03-02 14:24:00.000000000,1646202240000000000,3702,3702,3694,3696,1114,476157,476139
2022-03-02 14:25:00.000000000,1646202300000000000,3696,3698,3696,3698,439,476139,476226
2022-03-02 14:26:00.000000000,1646202360000000000,3698,3700,3694,3696,1141,476226,476089
2022-03-02 14:27:00.000000000,1646202420000000000,3696,3702,3694,3700,941,476089,476126
2022-03-02 14:28:00.000000000,1646202480000000000,3700,3700,3694,3696,1455,476126,476329
2022-03-02 14:29:00.000000000,1646202540000000000,3696,3700,3694,3696,585,476329,476484
2022-03-02 14:30:00.000000000,1646202600000000000,3696,3702,3696,3702,1103,476484,476604
2022-03-02 14:31:00.000000000,1646202660000000000,3702,3708,3700,3706,1916,476604,476976
2022-03-02 14:32:00.000000000,1646202720000000000,3706,3708,3702,3704,1074,476976,477120
2022-03-02 14:33:00.000000000,1646202780000000000,3704,3704,3698,3700,914,477120,477173
2022-03-02 14:34:00.000000000,1646202840000000000,3700,3706,3698,3706,1202,477173,477287
2022-03-02 14:35:00.000000000,1646202900000000000,3706,3708,3704,3708,834,477287,477381
2022-03-02 14:36:00.000000000,1646202960000000000,3708,3714,3708,3714,3792,477381,478449
2022-03-02 14:37:00.000000000,1646203020000000000,3714,3714,3708,3712,1405,478449,478639
2022-03-02 14:38:00.000000000,1646203080000000000,3712,3712,3708,3710,1006,478639,478439
2022-03-02 14:39:00.000000000,1646203140000000000,3710,3712,3708,3710,1196,478439,478661
2022-03-02 14:40:00.000000000,1646203200000000000,3710,3718,3708,3718,2766,478661,478135
2022-03-02 14:41:00.000000000,1646203260000000000,3718,3720,3714,3716,4037,478135,478480
2022-03-02 14:42:00.000000000,1646203320000000000,3716,3734,3716,3732,8015,478480,477961
2022-03-02 14:43:00.000000000,1646203380000000000,3732,3736,3732,3736,3002,477961,477471
2022-03-02 14:44:00.000000000,1646203440000000000,3736,3736,3730,3732,3328,477471,477389
2022-03-02 14:45:00.000000000,1646203500000000000,3732,3736,3730,3736,4484,477389,476458
2022-03-02 14:46:00.000000000,1646203560000000000,3736,3736,3732,3734,2561,476458,476334
2022-03-02 14:47:00.000000000,1646203620000000000,3734,3734,3730,3732,1116,476334,476692
2022-03-02 14:48:00.000000000,1646203680000000000,3732,3736,3732,3732,1829,476692,476540
2022-03-02 14:49:00.000000000,1646203740000000000,3732,3736,3732,3736,3082,476540,476103
2022-03-02 14:50:00.000000000,1646203800000000000,3736,3736,3734,3736,1923,476103,476353
2022-03-02 14:51:00.000000000,1646203860000000000,3736,3736,3734,3736,1097,476353,476284
2022-03-02 14:52:00.000000000,1646203920000000000,3736,3736,3736,3736,315,476284,476118
2022-03-02 14:53:00.000000000,1646203980000000000,3736,3736,3736,3736,380,476118,475839
2022-03-02 14:54:00.000000000,1646204040000000000,3736,3736,3736,3736,275,475839,475677
2022-03-02 14:55:00.000000000,1646204100000000000,3736,3736,3736,3736,445,475677,475629
2022-03-02 14:56:00.000000000,1646204160000000000,3736,3736,3736,3736,552,475629,475494
2022-03-02 14:57:00.000000000,1646204220000000000,3736,3736,3736,3736,363,475494,475281
2022-03-02 14:58:00.000000000,1646204280000000000,3736,3736,3736,3736,288,475281,475122
2022-03-02 14:59:00.000000000,1646204340000000000,3736,3736,3736,3736,282,475122,475075
2022-03-02 21:00:00.000000000,1646226000000000000,3736,3754,3728,3742,21602,475075,475786
2022-03-02 21:01:00.000000000,1646226060000000000,3742,3748,3740,3744,7813,475786,475952
2022-03-02 21:02:00.000000000,1646226120000000000,3744,3746,3728,3732,7944,475952,475516
2022-03-02 21:03:00.000000000,1646226180000000000,3732,3736,3728,3728,5164,475516,475885
2022-03-02 21:04:00.000000000,1646226240000000000,3728,3738,3726,3738,5264,475885,475767
2022-03-02 21:05:00.000000000,1646226300000000000,3738,3744,3732,3742,3530,475767,475965
2022-03-02 21:06:00.000000000,1646226360000000000,3742,3742,3728,3732,4393,475965,476047
2022-03-02 21:07:00.000000000,1646226420000000000,3732,3734,3726,3728,4121,476047,475349
2022-03-02 21:08:00.000000000,1646226480000000000,3728,3728,3716,3718,6636,475349,474703
2022-03-02 21:09:00.000000000,1646226540000000000,3718,3728,3718,3726,3304,474703,474486
2022-03-02 21:10:00.000000000,1646226600000000000,3726,3726,3714,3716,4189,474486,474218
2022-03-02 21:11:00.000000000,1646226660000000000,3716,3728,3716,3724,4402,474218,474159
2022-03-02 21:12:00.000000000,1646226720000000000,3724,3726,3720,3726,2305,474159,474076
2022-03-02 21:13:00.000000000,1646226780000000000,3726,3732,3724,3732,1810,474076,474016
2022-03-02 21:14:00.000000000,1646226840000000000,3732,3732,3718,3720,3296,474016,473455
2022-03-02 21:15:00.000000000,1646226900000000000,3720,3726,3716,3726,3584,473455,473071
2022-03-02 21:16:00.000000000,1646226960000000000,3726,3730,3726,3730,2526,473071,472921
2022-03-02 21:17:00.000000000,1646227020000000000,3730,3732,3728,3730,2894,472921,473158
2022-03-02 21:18:00.000000000,1646227080000000000,3730,3730,3720,3726,2879,473158,473603
2022-03-02 21:19:00.000000000,1646227140000000000,3726,3728,3718,3718,3314,473603,473810
2022-03-02 21:20:00.000000000,1646227200000000000,3718,3722,3710,3710,4864,473810,473149
2022-03-02 21:21:00.000000000,1646227260000000000,3710,3718,3708,3718,3376,473149,472870
2022-03-02 21:22:00.000000000,1646227320000000000,3718,3724,3716,3722,2377,472870,472947
2022-03-02 21:23:00.000000000,1646227380000000000,3722,3722,3714,3718,1875,472947,473066
2022-03-02 21:24:00.000000000,1646227440000000000,3718,3722,3716,3722,1084,473066,472812
2022-03-02 21:25:00.000000000,1646227500000000000,3722,3722,3710,3710,2904,472812,472926
2022-03-02 21:26:00.000000000,1646227560000000000,3710,3714,3708,3710,2588,472926,472774
2022-03-02 21:27:00.000000000,1646227620000000000,3710,3712,3696,3696,6256,472774,472817
2022-03-02 21:28:00.000000000,1646227680000000000,3696,3700,3690,3694,5010,472817,473181
2022-03-02 21:29:00.000000000,1646227740000000000,3694,3694,3682,3690,6664,473181,473295
2022-03-02 21:30:00.000000000,1646227800000000000,3690,3692,3680,3686,5722,473295,472952
2022-03-02 21:31:00.000000000,1646227860000000000,3686,3694,3686,3690,3682,472952,472965
2022-03-02 21:32:00.000000000,1646227920000000000,3690,3700,3688,3700,3332,472965,473205
2022-03-02 21:33:00.000000000,1646227980000000000,3700,3700,3692,3694,1413,473205,473248
2022-03-02 21:34:00.000000000,1646228040000000000,3694,3696,3692,3696,952,473248,473263
2022-03-02 21:35:00.000000000,1646228100000000000,3696,3696,3688,3694,2647,473263,473664
2022-03-02 21:36:00.000000000,1646228160000000000,3694,3700,3692,3698,2315,473664,473939
2022-03-02 21:37:00.000000000,1646228220000000000,3698,3704,3696,3698,2365,473939,473882
2022-03-02 21:38:00.000000000,1646228280000000000,3698,3700,3692,3694,1988,473882,473362
2022-03-02 21:39:00.000000000,1646228340000000000,3694,3698,3694,3694,931,473362,473464
2022-03-02 21:40:00.000000000,1646228400000000000,3694,3696,3690,3690,2518,473464,473492
2022-03-02 21:41:00.000000000,1646228460000000000,3690,3690,3688,3690,1256,473492,473862
2022-03-02 21:42:00.000000000,1646228520000000000,3690,3694,3688,3692,1137,473862,473888
2022-03-02 21:43:00.000000000,1646228580000000000,3692,3702,3690,3696,2438,473888,473358
2022-03-02 21:44:00.000000000,1646228640000000000,3696,3696,3682,3684,2398,473358,473718
2022-03-02 21:45:00.000000000,1646228700000000000,3684,3684,3676,3676,5216,473718,474170
2022-03-02 21:46:00.000000000,1646228760000000000,3676,3684,3676,3682,3004,474170,474502
2022-03-02 21:47:00.000000000,1646228820000000000,3682,3682,3666,3668,5373,474502,474933
2022-03-02 21:48:00.000000000,1646228880000000000,3668,3676,3668,3670,5042,474933,474362
2022-03-02 21:49:00.000000000,1646228940000000000,3670,3674,3664,3666,3785,474362,474529
2022-03-02 21:50:00.000000000,1646229000000000000,3666,3670,3662,3666,3316,474529,474686
2022-03-02 21:51:00.000000000,1646229060000000000,3666,3672,3666,3670,1745,474686,474807
2022-03-02 21:52:00.000000000,1646229120000000000,3670,3670,3664,3668,2403,474807,474544
2022-03-02 21:53:00.000000000,1646229180000000000,3668,3680,3666,3674,4104,474544,474173
2022-03-02 21:54:00.000000000,1646229240000000000,3674,3680,3672,3676,2307,474173,473480
2022-03-02 21:55:00.000000000,1646229300000000000,3676,3676,3666,3670,3194,473480,473589
2022-03-02 21:56:00.000000000,1646229360000000000,3670,3678,3666,3674,2525,473589,472811
2022-03-02 21:57:00.000000000,1646229420000000000,3674,3676,3666,3666,2004,472811,472403
2022-03-02 21:58:00.000000000,1646229480000000000,3666,3668,3654,3660,7881,472403,472372
2022-03-02 21:59:00.000000000,1646229540000000000,3660,3660,3656,3658,3868,472372,472022
2022-03-02 22:00:00.000000000,1646229600000000000,3658,3662,3652,3658,5375,472022,471529
2022-03-02 22:01:00.000000000,1646229660000000000,3658,3660,3654,3656,2153,471529,471536
2022-03-02 22:02:00.000000000,1646229720000000000,3656,3662,3656,3656,1576,471536,471380
2022-03-02 22:03:00.000000000,1646229780000000000,3656,3658,3652,3654,2592,471380,471402
2022-03-02 22:04:00.000000000,1646229840000000000,3654,3662,3654,3660,2523,471402,471156
2022-03-02 22:05:00.000000000,1646229900000000000,3660,3662,3656,3656,1727,471156,471084
2022-03-02 22:06:00.000000000,1646229960000000000,3656,3662,3656,3662,1560,471084,470892
2022-03-02 22:07:00.000000000,1646230020000000000,3662,3662,3656,3656,2480,470892,470139
2022-03-02 22:08:00.000000000,1646230080000000000,3656,3660,3646,3648,4135,470139,469052
2022-03-02 22:09:00.000000000,1646230140000000000,3648,3656,3646,3650,2350,469052,468818
2022-03-02 22:10:00.000000000,1646230200000000000,3650,3658,3650,3652,2236,468818,468265
2022-03-02 22:11:00.000000000,1646230260000000000,3652,3656,3650,3652,1130,468265,468054
2022-03-02 22:12:00.000000000,1646230320000000000,3652,3660,3652,3656,2618,468054,466907
2022-03-02 22:13:00.000000000,1646230380000000000,3656,3656,3650,3656,2627,466907,466422
2022-03-02 22:14:00.000000000,1646230440000000000,3656,3656,3652,3654,1064,466422,465952
2022-03-02 22:15:00.000000000,1646230500000000000,3654,3656,3650,3654,1196,465952,465734
2022-03-02 22:16:00.000000000,1646230560000000000,3654,3656,3650,3652,2180,465734,465391
2022-03-02 22:17:00.000000000,1646230620000000000,3652,3658,3650,3650,1851,465391,464956
2022-03-02 22:18:00.000000000,1646230680000000000,3650,3652,3638,3638,5895,464956,463850
2022-03-02 22:19:00.000000000,1646230740000000000,3638,3646,3636,3644,2573,463850,464016
2022-03-02 22:20:00.000000000,1646230800000000000,3644,3646,3638,3642,3219,464016,464127
2022-03-02 22:21:00.000000000,1646230860000000000,3642,3648,3640,3646,1884,464127,463964
2022-03-02 22:22:00.000000000,1646230920000000000,3646,3650,3644,3644,2286,463964,464167
2022-03-02 22:23:00.000000000,1646230980000000000,3644,3644,3634,3636,4045,464167,464097
2022-03-02 22:24:00.000000000,1646231040000000000,3636,3638,3624,3630,7485,464097,463907
2022-03-02 22:25:00.000000000,1646231100000000000,3630,3632,3618,3618,6162,463907,464564
2022-03-02 22:26:00.000000000,1646231160000000000,3618,3622,3602,3604,9850,464564,463469
2022-03-02 22:27:00.000000000,1646231220000000000,3604,3610,3592,3600,11444,463469,462070
2022-03-02 22:28:00.000000000,1646231280000000000,3600,3608,3598,3606,3911,462070,461949
2022-03-02 22:29:00.000000000,1646231340000000000,3606,3620,3604,3618,6768,461949,459881
2022-03-02 22:30:00.000000000,1646231400000000000,3618,3620,3608,3610,4104,459881,459758
2022-03-02 22:31:00.000000000,1646231460000000000,3610,3618,3610,3618,3609,459758,458912
2022-03-02 22:32:00.000000000,1646231520000000000,3618,3628,3614,3626,5354,458912,457900
2022-03-02 22:33:00.000000000,1646231580000000000,3626,3638,3626,3638,5580,457900,457274
2022-03-02 22:34:00.000000000,1646231640000000000,3638,3648,3634,3640,6779,457274,457331
2022-03-02 22:35:00.000000000,1646231700000000000,3640,3644,3634,3634,3227,457331,456946
2022-03-02 22:36:00.000000000,1646231760000000000,3634,3640,3634,3636,1759,456946,457079
2022-03-02 22:37:00.000000000,1646231820000000000,3636,3636,3628,3628,2269,457079,456668
2022-03-02 22:38:00.000000000,1646231880000000000,3628,3634,3626,3628,1796,456668,456423
2022-03-02 22:39:00.000000000,1646231940000000000,3628,3632,3626,3628,1749,456423,456236
2022-03-02 22:40:00.000000000,1646232000000000000,3628,3638,3628,3636,1476,456236,456085
2022-03-02 22:41:00.000000000,1646232060000000000,3636,3646,3636,3646,2661,456085,456116
2022-03-02 22:42:00.000000000,1646232120000000000,3646,3654,3644,3650,3837,456116,455510
2022-03-02 22:43:00.000000000,1646232180000000000,3650,3650,3644,3644,1517,455510,455538
2022-03-02 22:44:00.000000000,1646232240000000000,3644,3646,3642,3642,1207,455538,455475
2022-03-02 22:45:00.000000000,1646232300000000000,3642,3642,3632,3636,3569,455475,455803
2022-03-02 22:46:00.000000000,1646232360000000000,3636,3638,3626,3628,2614,455803,455712
2022-03-02 22:47:00.000000000,1646232420000000000,3628,3634,3626,3632,2293,455712,455724
2022-03-02 22:48:00.000000000,1646232480000000000,3632,3638,3630,3632,2132,455724,455391
2022-03-02 22:49:00.000000000,1646232540000000000,3632,3636,3632,3632,1192,455391,455265
2022-03-02 22:50:00.000000000,1646232600000000000,3632,3640,3632,3636,1244,455265,455265
2022-03-02 22:51:00.000000000,1646232660000000000,3636,3638,3634,3636,843,455265,455117
2022-03-02 22:52:00.000000000,1646232720000000000,3636,3638,3634,3636,1323,455117,454702
2022-03-02 22:53:00.000000000,1646232780000000000,3636,3638,3628,3630,1785,454702,454016
2022-03-02 22:54:00.000000000,1646232840000000000,3630,3632,3626,3626,1992,454016,453450
2022-03-02 22:55:00.000000000,1646232900000000000,3626,3628,3618,3618,2580,453450,453006
2022-03-02 22:56:00.000000000,1646232960000000000,3618,3622,3616,3620,3388,453006,452483
2022-03-02 22:57:00.000000000,1646233020000000000,3620,3624,3616,3616,2160,452483,452091
2022-03-02 22:58:00.000000000,1646233080000000000,3616,3626,3616,3626,1767,452091,451921
2022-03-02 22:59:00.000000000,1646233140000000000,3626,3654,3624,3646,6190,451921,452065
2022-03-03 09:00:00.000000000,1646269200000000000,3700,3704,3682,3692,19109,452065,450798
2022-03-03 09:01:00.000000000,1646269260000000000,3692,3698,3676,3678,9348,450798,452178
2022-03-03 09:02:00.000000000,1646269320000000000,3678,3698,3674,3698,6798,452178,453315
2022-03-03 09:03:00.000000000,1646269380000000000,3698,3706,3688,3704,9265,453315,454536
2022-03-03 09:04:00.000000000,1646269440000000000,3704,3714,3698,3710,8104,454536,455395
2022-03-03 09:05:00.000000000,1646269500000000000,3710,3716,3702,3716,4192,455395,455448
2022-03-03 09:06:00.000000000,1646269560000000000,3716,3740,3710,3738,9420,455448,457273
2022-03-03 09:07:00.000000000,1646269620000000000,3738,3744,3730,3734,8543,457273,457534
2022-03-03 09:08:00.000000000,1646269680000000000,3734,3776,3734,3776,15144,457534,460346
2022-03-03 09:09:00.000000000,1646269740000000000,3776,3776,3740,3746,9461,460346,459794
2022-03-03 09:10:00.000000000,1646269800000000000,3746,3766,3746,3758,6634,459794,461349
2022-03-03 09:11:00.000000000,1646269860000000000,3758,3758,3750,3752,3869,461349,461635
2022-03-03 09:12:00.000000000,1646269920000000000,3752,3762,3752,3754,3642,461635,462063
2022-03-03 09:13:00.000000000,1646269980000000000,3754,3754,3738,3744,8113,462063,461168
2022-03-03 09:14:00.000000000,1646270040000000000,3744,3750,3740,3740,3435,461168,460850
2022-03-03 09:15:00.000000000,1646270100000000000,3740,3748,3738,3740,4018,460850,461048
2022-03-03 09:16:00.000000000,1646270160000000000,3740,3740,3732,3736,4076,461048,461074
2022-03-03 09:17:00.000000000,1646270220000000000,3736,3744,3736,3738,3973,461074,461269
2022-03-03 09:18:00.000000000,1646270280000000000,3738,3752,3738,3750,4206,461269,461860
2022-03-03 09:19:00.000000000,1646270340000000000,3750,3754,3748,3750,2483,461860,462154
2022-03-03 09:20:00.000000000,1646270400000000000,3750,3752,3742,3742,2027,462154,461971
2022-03-03 09:21:00.000000000,1646270460000000000,3742,3748,3740,3742,1923,461971,461804
2022-03-03 09:22:00.000000000,1646270520000000000,3742,3742,3736,3740,3341,461804,462018
2022-03-03 09:23:00.000000000,1646270580000000000,3740,3744,3738,3738,1819,462018,461727
2022-03-03 09:24:00.000000000,1646270640000000000,3738,3738,3730,3730,3517,461727,461697
2022-03-03 09:25:00.000000000,1646270700000000000,3730,3744,3730,3738,2644,461697,461684
2022-03-03 09:26:00.000000000,1646270760000000000,3738,3740,3732,3734,1859,461684,462056
2022-03-03 09:27:00.000000000,1646270820000000000,3734,3738,3728,3732,2433,462056,462815
2022-03-03 09:28:00.000000000,1646270880000000000,3732,3734,3722,3722,3285,462815,463595
2022-03-03 09:29:00.000000000,1646270940000000000,3722,3734,3722,3730,1492,463595,463360
2022-03-03 09:30:00.000000000,1646271000000000000,3730,3736,3728,3734,1405,463360,463229
2022-03-03 09:31:00.000000000,1646271060000000000,3734,3734,3728,3730,1058,463229,463254
2022-03-03 09:32:00.000000000,1646271120000000000,3730,3734,3726,3734,1248,463254,463459
2022-03-03 09:33:00.000000000,1646271180000000000,3734,3734,3728,3730,932,463459,463533
2022-03-03 09:34:00.000000000,1646271240000000000,3730,3736,3728,3734,1219,463533,463544
2022-03-03 09:35:00.000000000,1646271300000000000,3734,3734,3730,3732,976,463544,463222
2022-03-03 09:36:00.000000000,1646271360000000000,3732,3742,3730,3740,2526,463222,463269
2022-03-03 09:37:00.000000000,1646271420000000000,3740,3746,3740,3744,1667,463269,463015
2022-03-03 09:38:00.000000000,1646271480000000000,3744,3744,3738,3738,1397,463015,462956
2022-03-03 09:39:00.000000000,1646271540000000000,3738,3740,3736,3738,901,462956,462913
2022-03-03 09:40:00.000000000,1646271600000000000,3738,3744,3738,3744,807,462913,462877
2022-03-03 09:41:00.000000000,1646271660000000000,3744,3744,3736,3736,1013,462877,462546
2022-03-03 09:42:00.000000000,1646271720000000000,3736,3738,3736,3736,518,462546,462493
2022-03-03 09:43:00.000000000,1646271780000000000,3736,3736,3728,3728,1378,462493,462318
2022-03-03 09:44:00.000000000,1646271840000000000,3728,3734,3726,3726,1744,462318,462080
2022-03-03 09:45:00.000000000,1646271900000000000,3726,3730,3718,3720,2895,462080,461895
2022-03-03 09:46:00.000000000,1646271960000000000,3720,3722,3708,3714,4361,461895,461157
2022-03-03 09:47:00.000000000,1646272020000000000,3714,3724,3714,3722,1493,461157,461013
2022-03-03 09:48:00.000000000,1646272080000000000,3722,3728,3722,3726,1602,461013,460954
2022-03-03 09:49:00.000000000,1646272140000000000,3726,3728,3722,3728,971,460954,461085
2022-03-03 09:50:00.000000000,1646272200000000000,3728,3730,3726,3728,812,461085,461011
2022-03-03 09:51:00.000000000,1646272260000000000,3728,3740,3726,3738,2889,461011,460419
2022-03-03 09:52:00.000000000,1646272320000000000,3738,3740,3736,3738,1349,460419,460375
2022-03-03 09:53:00.000000000,1646272380000000000,3738,3744,3736,3744,1782,460375,460487
2022-03-03 09:54:00.000000000,1646272440000000000,3744,3746,3740,3742,1746,460487,460817
2022-03-03 09:55:00.000000000,1646272500000000000,3742,3744,3740,3744,852,460817,460735
2022-03-03 09:56:00.000000000,1646272560000000000,3744,3752,3740,3752,2378,460735,460786
2022-03-03 09:57:00.000000000,1646272620000000000,3752,3754,3748,3748,1686,460786,460938
2022-03-03 09:58:00.000000000,1646272680000000000,3748,3754,3746,3754,1700,460938,460874
2022-03-03 09:59:00.000000000,1646272740000000000,3754,3754,3746,3748,1080,460874,460925
2022-03-03 10:00:00.000000000,1646272800000000000,3748,3752,3746,3750,1506,460925,461238
2022-03-03 10:01:00.000000000,1646272860000000000,3750,3750,3740,3744,2465,461238,460654
2022-03-03 10:02:00.000000000,1646272920000000000,3744,3746,3738,3738,1457,460654,460760
2022-03-03 10:03:00.000000000,1646272980000000000,3738,3742,3734,3736,1514,460760,460641
2022-03-03 10:04:00.000000000,1646273040000000000,3736,3736,3728,3728,2100,460641,460541
2022-03-03 10:05:00.000000000,1646273100000000000,3728,3734,3728,3730,949,460541,460570
2022-03-03 10:06:00.000000000,1646273160000000000,3730,3736,3730,3734,851,460570,460693
2022-03-03 10:07:00.000000000,1646273220000000000,3734,3738,3732,3734,713,460693,460634
2022-03-03 10:08:00.000000000,1646273280000000000,3734,3736,3728,3730,1525,460634,460116
2022-03-03 10:09:00.000000000,1646273340000000000,3730,3730,3718,3720,3077,460116,459343
2022-03-03 10:10:00.000000000,1646273400000000000,3720,3724,3720,3722,1115,459343,459373
2022-03-03 10:11:00.000000000,1646273460000000000,3722,3726,3716,3716,2169,459373,459659
2022-03-03 10:12:00.000000000,1646273520000000000,3716,3720,3710,3710,2704,459659,459414
2022-03-03 10:13:00.000000000,1646273580000000000,3710,3722,3710,3718,2594,459414,459407
2022-03-03 10:14:00.000000000,1646273640000000000,3718,3718,3710,3712,2242,459407,459182
2022-03-03 10:30:00.000000000,1646274600000000000,3710,3722,3708,3720,3717,459182,459526
2022-03-03 10:31:00.000000000,1646274660000000000,3720,3730,3720,3726,3080,459526,460382
2022-03-03 10:32:00.000000000,1646274720000000000,3726,3726,3722,3724,1070,460382,460530
2022-03-03 10:33:00.000000000,1646274780000000000,3724,3726,3720,3722,1153,460530,460636
2022-03-03 10:34:00.000000000,1646274840000000000,3722,3730,3722,3730,986,460636,460360
2022-03-03 10:35:00.000000000,1646274900000000000,3730,3730,3722,3724,1451,460360,460195
2022-03-03 10:36:00.000000000,1646274960000000000,3724,3724,3716,3724,1638,460195,459764
2022-03-03 10:37:00.000000000,1646275020000000000,3724,3732,3722,3728,1046,459764,459583
2022-03-03 10:38:00.000000000,1646275080000000000,3728,3734,3726,3728,1117,459583,459651
2022-03-03 10:39:00.000000000,1646275140000000000,3728,3732,3726,3728,487,459651,459689
2022-03-03 10:40:00.000000000,1646275200000000000,3728,3730,3726,3726,444,459689,459593
2022-03-03 10:41:00.000000000,1646275260000000000,3726,3726,3722,3722,1294,459593,459565
2022-03-03 10:42:00.000000000,1646275320000000000,3722,3724,3720,3722,667,459565,459459
2022-03-03 10:43:00.000000000,1646275380000000000,3722,3726,3720,3726,1116,459459,459016
2022-03-03 10:44:00.000000000,1646275440000000000,3726,3728,3718,3724,1383,459016,458670
2022-03-03 10:45:00.000000000,1646275500000000000,3724,3728,3724,3726,677,458670,458653
2022-03-03 10:46:00.000000000,1646275560000000000,3726,3732,3726,3732,667,458653,458713
2022-03-03 10:47:00.000000000,1646275620000000000,3732,3734,3728,3734,1077,458713,458841
2022-03-03 10:48:00.000000000,1646275680000000000,3734,3742,3732,3740,1972,458841,458824
2022-03-03 10:49:00.000000000,1646275740000000000,3740,3740,3730,3730,1404,458824,458876
2022-03-03 10:50:00.000000000,1646275800000000000,3730,3742,3730,3738,1449,458876,458601
2022-03-03 10:51:00.000000000,1646275860000000000,3738,3740,3736,3736,642,458601,458754
2022-03-03 10:52:00.000000000,1646275920000000000,3736,3738,3734,3736,737,458754,458892
2022-03-03 10:53:00.000000000,1646275980000000000,3736,3736,3734,3734,815,458892,458666
2022-03-03 10:54:00.000000000,1646276040000000000,3734,3736,3730,3730,865,458666,458731
2022-03-03 10:55:00.000000000,1646276100000000000,3730,3734,3724,3726,1087,458731,458752
2022-03-03 10:56:00.000000000,1646276160000000000,3726,3726,3720,3724,1826,458752,458548
2022-03-03 10:57:00.000000000,1646276220000000000,3724,3726,3720,3720,638,458548,458601
2022-03-03 10:58:00.000000000,1646276280000000000,3720,3724,3720,3722,520,458601,458779
2022-03-03 10:59:00.000000000,1646276340000000000,3722,3728,3722,3726,699,458779,458895
2022-03-03 11:00:00.000000000,1646276400000000000,3726,3726,3718,3722,956,458895,458919
2022-03-03 11:01:00.000000000,1646276460000000000,3722,3726,3720,3724,703,458919,458985
2022-03-03 11:02:00.000000000,1646276520000000000,3724,3730,3724,3726,1060,458985,459087
2022-03-03 11:03:00.000000000,1646276580000000000,3726,3730,3726,3730,793,459087,459211
2022-03-03 11:04:00.000000000,1646276640000000000,3730,3734,3728,3730,861,459211,459547
2022-03-03 11:05:00.000000000,1646276700000000000,3730,3732,3728,3728,451,459547,459457
2022-03-03 11:06:00.000000000,1646276760000000000,3728,3734,3728,3734,743,459457,459175
2022-03-03 11:07:00.000000000,1646276820000000000,3734,3736,3726,3730,1300,459175,458978
2022-03-03 11:08:00.000000000,1646276880000000000,3730,3730,3726,3730,307,458978,458860
2022-03-03 11:09:00.000000000,1646276940000000000,3730,3732,3728,3732,367,458860,458908
2022-03-03 11:10:00.000000000,1646277000000000000,3732,3732,3724,3726,1033,458908,458927
2022-03-03 11:11:00.000000000,1646277060000000000,3726,3726,3716,3720,2024,458927,458317
2022-03-03 11:12:00.000000000,1646277120000000000,3720,3724,3718,3718,1129,458317,458258
2022-03-03 11:13:00.000000000,1646277180000000000,3718,3722,3716,3722,571,458258,458088
2022-03-03 11:14:00.000000000,1646277240000000000,3722,3722,3720,3720,250,458088,458169
2022-03-03 11:15:00.000000000,1646277300000000000,3720,3726,3720,3722,1677,458169,458041
2022-03-03 11:16:00.000000000,1646277360000000000,3722,3726,3718,3720,1232,458041,458014
2022-03-03 11:17:00.000000000,1646277420000000000,3720,3722,3720,3722,176,458014,458021
2022-03-03 11:18:00.000000000,1646277480000000000,3722,3722,3720,3722,466,458021,457895
2022-03-03 11:19:00.000000000,1646277540000000000,3722,3728,3720,3728,740,457895,457984
2022-03-03 11:20:00.000000000,1646277600000000000,3728,3730,3726,3730,500,457984,457857
2022-03-03 11:21:00.000000000,1646277660000000000,3730,3734,3728,3730,1267,457857,457972
2022-03-03 11:22:00.000000000,1646277720000000000,3730,3732,3726,3726,853,457972,458117
2022-03-03 11:23:00.000000000,1646277780000000000,3726,3730,3726,3728,472,458117,458031
2022-03-03 11:24:00.000000000,1646277840000000000,3728,3732,3726,3730,864,458031,458101
2022-03-03 11:25:00.000000000,1646277900000000000,3730,3734,3726,3728,1021,458101,457910
2022-03-03 11:26:00.000000000,1646277960000000000,3728,3736,3728,3736,1350,457910,457861
2022-03-03 11:27:00.000000000,1646278020000000000,3736,3736,3732,3734,625,457861,457995
2022-03-03 11:28:00.000000000,1646278080000000000,3734,3740,3730,3736,2062,457995,458210
2022-03-03 11:29:00.000000000,1646278140000000000,3736,3738,3730,3730,1675,458210,458344
2022-03-03 13:30:00.000000000,1646285400000000000,3742,3750,3734,3750,4795,458344,458485
2022-03-03 13:31:00.000000000,1646285460000000000,3750,3754,3746,3752,3650,458485,458488
2022-03-03 13:32:00.000000000,1646285520000000000,3752,3754,3746,3748,2875,458488,458926
2022-03-03 13:33:00.000000000,1646285580000000000,3748,3758,3748,3758,2638,458926,458559
2022-03-03 13:34:00.000000000,1646285640000000000,3758,3758,3752,3756,2578,458559,458265
2022-03-03 13:35:00.000000000,1646285700000000000,3756,3758,3752,3756,2315,458265,458345
2022-03-03 13:36:00.000000000,1646285760000000000,3756,3758,3752,3756,1286,458345,458300
2022-03-03 13:37:00.000000000,1646285820000000000,3756,3764,3756,3760,3881,458300,458177
2022-03-03 13:38:00.000000000,1646285880000000000,3760,3762,3756,3758,1635,458177,458220
2022-03-03 13:39:00.000000000,1646285940000000000,3758,3758,3748,3752,2410,458220,457680
2022-03-03 13:40:00.000000000,1646286000000000000,3752,3752,3742,3744,1837,457680,457120
2022-03-03 13:41:00.000000000,1646286060000000000,3744,3750,3744,3746,890,457120,457128
2022-03-03 13:42:00.000000000,1646286120000000000,3746,3748,3736,3736,1848,457128,456880
2022-03-03 13:43:00.000000000,1646286180000000000,3736,3742,3736,3738,1558,456880,457031
2022-03-03 13:44:00.000000000,1646286240000000000,3738,3740,3734,3736,1356,457031,456997
2022-03-03 13:45:00.000000000,1646286300000000000,3736,3738,3736,3736,906,456997,457184
2022-03-03 13:46:00.000000000,1646286360000000000,3736,3738,3726,3728,2574,457184,456826
2022-03-03 13:47:00.000000000,1646286420000000000,3728,3732,3726,3730,1076,456826,456784
2022-03-03 13:48:00.000000000,1646286480000000000,3730,3736,3730,3736,1162,456784,456821
2022-03-03 13:49:00.000000000,1646286540000000000,3736,3736,3732,3736,531,456821,456653
2022-03-03 13:50:00.000000000,1646286600000000000,3736,3740,3734,3740,978,456653,456547
2022-03-03 13:51:00.000000000,1646286660000000000,3740,3742,3738,3740,967,456547,456623
2022-03-03 13:52:00.000000000,1646286720000000000,3740,3740,3732,3736,1051,456623,456766
2022-03-03 13:53:00.000000000,1646286780000000000,3736,3740,3734,3736,1065,456766,457066
2022-03-03 13:54:00.000000000,1646286840000000000,3736,3738,3730,3734,2455,457066,456547
2022-03-03 13:55:00.000000000,1646286900000000000,3734,3740,3732,3736,1774,456547,456446
2022-03-03 13:56:00.000000000,1646286960000000000,3736,3736,3728,3730,1303,456446,456453
2022-03-03 13:57:00.000000000,1646287020000000000,3730,3732,3724,3730,2230,456453,456341
2022-03-03 13:58:00.000000000,1646287080000000000,3730,3732,3726,3730,1864,456341,456019
2022-03-03 13:59:00.000000000,1646287140000000000,3730,3732,3726,3726,680,456019,456205
2022-03-03 14:00:00.000000000,1646287200000000000,3726,3730,3724,3726,1230,456205,456211
2022-03-03 14:01:00.000000000,1646287260000000000,3726,3732,3726,3732,864,456211,455992
2022-03-03 14:02:00.000000000,1646287320000000000,3732,3732,3724,3726,797,455992,456179
2022-03-03 14:03:00.000000000,1646287380000000000,3726,3730,3724,3728,799,456179,455910
2022-03-03 14:04:00.000000000,1646287440000000000,3728,3736,3728,3734,1128,455910,455944
2022-03-03 14:05:00.000000000,1646287500000000000,3734,3738,3734,3734,1953,455944,456067
2022-03-03 14:06:00.000000000,1646287560000000000,3734,3736,3732,3734,315,456067,456168
2022-03-03 14:07:00.000000000,1646287620000000000,3734,3736,3732,3734,763,456168,456248
2022-03-03 14:08:00.000000000,1646287680000000000,3734,3738,3734,3734,795,456248,456256
2022-03-03 14:09:00.000000000,1646287740000000000,3734,3738,3728,3728,1903,456256,456102
2022-03-03 14:10:00.000000000,1646287800000000000,3728,3730,3724,3726,1608,456102,455582
2022-03-03 14:11:00.000000000,1646287860000000000,3726,3728,3724,3724,960,455582,455931
2022-03-03 14:12:00.000000000,1646287920000000000,3724,3728,3722,3728,1513,455931,456223
2022-03-03 14:13:00.000000000,1646287980000000000,3728,3732,3726,3730,1342,456223,456011
2022-03-03 14:14:00.000000000,1646288040000000000,3730,3730,3724,3728,956,456011,455973
2022-03-03 14:15:00.000000000,1646288100000000000,3728,3730,3726,3728,546,455973,456069
2022-03-03 14:16:00.000000000,1646288160000000000,3728,3732,3728,3730,513,456069,455963
2022-03-03 14:17:00.000000000,1646288220000000000,3730,3730,3726,3728,450,455963,455901
2022-03-03 14:18:00.000000000,1646288280000000000,3728,3730,3724,3730,476,455901,456029
2022-03-03 14:19:00.000000000,1646288340000000000,3730,3730,3726,3728,353,456029,456038
2022-03-03 14:20:00.000000000,1646288400000000000,3728,3728,3722,3722,1046,456038,456101
2022-03-03 14:21:00.000000000,1646288460000000000,3722,3724,3716,3720,1908,456101,456170
2022-03-03 14:22:00.000000000,1646288520000000000,3720,3720,3718,3718,1218,456170,456346
2022-03-03 14:23:00.000000000,1646288580000000000,3718,3720,3708,3712,3839,456346,456993
2022-03-03 14:24:00.000000000,1646288640000000000,3712,3712,3690,3690,8399,456993,455681
2022-03-03 14:25:00.000000000,1646288700000000000,3690,3702,3684,3700,5366,455681,456307
2022-03-03 14:26:00.000000000,1646288760000000000,3700,3710,3700,3704,2618,456307,456358
2022-03-03 14:27:00.000000000,1646288820000000000,3704,3706,3700,3702,1874,456358,456320
2022-03-03 14:28:00.000000000,1646288880000000000,3702,3710,3702,3710,1563,456320,456513
2022-03-03 14:29:00.000000000,1646288940000000000,3710,3714,3710,3714,1729,456513,456350
2022-03-03 14:30:00.000000000,1646289000000000000,3714,3718,3712,3714,1383,456350,456485
2022-03-03 14:31:00.000000000,1646289060000000000,3714,3714,3710,3714,1090,456485,456603
2022-03-03 14:32:00.000000000,1646289120000000000,3714,3714,3710,3710,921,456603,456623
2022-03-03 14:33:00.000000000,1646289180000000000,3710,3712,3706,3712,1219,456623,456489
2022-03-03 14:34:00.000000000,1646289240000000000,3712,3726,3710,3722,3136,456489,456139
2022-03-03 14:35:00.000000000,1646289300000000000,3722,3724,3716,3718,1150,456139,456264
2022-03-03 14:36:00.000000000,1646289360000000000,3718,3720,3716,3720,833,456264,456371
2022-03-03 14:37:00.000000000,1646289420000000000,3720,3722,3718,3718,844,456371,456277
2022-03-03 14:38:00.000000000,1646289480000000000,3718,3720,3714,3714,723,456277,456463
2022-03-03 14:39:00.000000000,1646289540000000000,3714,3718,3714,3714,599,456463,456493
2022-03-03 14:40:00.000000000,1646289600000000000,3714,3726,3714,3726,2347,456493,456619
2022-03-03 14:41:00.000000000,1646289660000000000,3726,3726,3720,3726,933,456619,456448
2022-03-03 14:42:00.000000000,1646289720000000000,3726,3730,3726,3730,1637,456448,456122
2022-03-03 14:43:00.000000000,1646289780000000000,3730,3730,3726,3728,584,456122,456033
2022-03-03 14:44:00.000000000,1646289840000000000,3728,3730,3720,3720,1419,456033,455757
2022-03-03 14:45:00.000000000,1646289900000000000,3720,3730,3720,3726,1184,455757,455989
2022-03-03 14:46:00.000000000,1646289960000000000,3726,3726,3720,3724,1664,455989,456233
2022-03-03 14:47:00.000000000,1646290020000000000,3724,3726,3718,3718,1439,456233,456185
2022-03-03 14:48:00.000000000,1646290080000000000,3718,3720,3698,3700,4217,456185,456190
2022-03-03 14:49:00.000000000,1646290140000000000,3700,3708,3698,3706,2838,456190,456310
2022-03-03 14:50:00.000000000,1646290200000000000,3706,3718,3704,3716,2321,456310,456482
2022-03-03 14:51:00.000000000,1646290260000000000,3716,3716,3710,3712,1477,456482,456551
2022-03-03 14:52:00.000000000,1646290320000000000,3712,3716,3696,3702,4932,456551,455263
2022-03-03 14:53:00.000000000,1646290380000000000,3702,3708,3700,3704,1335,455263,455137
2022-03-03 14:54:00.000000000,1646290440000000000,3704,3704,3692,3692,3629,455137,454116
2022-03-03 14:55:00.000000000,1646290500000000000,3692,3698,3688,3698,4150,454116,453890
2022-03-03 14:56:00.000000000,1646290560000000000,3698,3706,3694,3706,2261,453890,453869
2022-03-03 14:57:00.000000000,1646290620000000000,3706,3706,3700,3702,1929,453869,453467
2022-03-03 14:58:00.000000000,1646290680000000000,3702,3710,3702,3710,2399,453467,453098
2022-03-03 14:59:00.000000000,1646290740000000000,3710,3710,3700,3702,3031,453098,452720
2022-03-03 21:00:00.000000000,1646312400000000000,3678,3684,3662,3668,18321,452720,454955
2022-03-03 21:01:00.000000000,1646312460000000000,3668,3676,3668,3676,4841,454955,455424
2022-03-03 21:02:00.000000000,1646312520000000000,3676,3692,3674,3690,6558,455424,456965
2022-03-03 21:03:00.000000000,1646312580000000000,3690,3706,3686,3702,6484,456965,457916
2022-03-03 21:04:00.000000000,1646312640000000000,3702,3724,3700,3722,7598,457916,458415
2022-03-03 21:05:00.000000000,1646312700000000000,3722,3740,3716,3738,8589,458415,458028
2022-03-03 21:06:00.000000000,1646312760000000000,3738,3742,3718,3722,6429,458028,457553
2022-03-03 21:07:00.000000000,1646312820000000000,3722,3722,3714,3722,4405,457553,457637
2022-03-03 21:08:00.000000000,1646312880000000000,3722,3744,3722,3734,7024,457637,457946
2022-03-03 21:09:00.000000000,1646312940000000000,3734,3744,3732,3740,4319,457946,458526
2022-03-03 21:10:00.000000000,1646313000000000000,3740,3746,3740,3744,4543,458526,458653
2022-03-03 21:11:00.000000000,1646313060000000000,3744,3744,3736,3738,3460,458653,458930
2022-03-03 21:12:00.000000000,1646313120000000000,3738,3740,3736,3738,1553,458930,458797
2022-03-03 21:13:00.000000000,1646313180000000000,3738,3738,3730,3732,1815,458797,458677
2022-03-03 21:14:00.000000000,1646313240000000000,3732,3732,3718,3722,4756,458677,457529
2022-03-03 21:15:00.000000000,1646313300000000000,3722,3722,3716,3718,2890,457529,457370
2022-03-03 21:16:00.000000000,1646313360000000000,3718,3722,3712,3722,2988,457370,456788
2022-03-03 21:17:00.000000000,1646313420000000000,3722,3726,3716,3724,1831,456788,456690
2022-03-03 21:18:00.000000000,1646313480000000000,3724,3730,3724,3730,2578,456690,455826
2022-03-03 21:19:00.000000000,1646313540000000000,3730,3730,3722,3724,2006,455826,455555
2022-03-03 21:20:00.000000000,1646313600000000000,3724,3728,3720,3722,3016,455555,454646
2022-03-03 21:21:00.000000000,1646313660000000000,3722,3728,3720,3722,1281,454646,454560
2022-03-03 21:22:00.000000000,1646313720000000000,3722,3724,3718,3718,2815,454560,453939
2022-03-03 21:23:00.000000000,1646313780000000000,3718,3726,3718,3722,1501,453939,453895
2022-03-03 21:24:00.000000000,1646313840000000000,3722,3732,3720,3730,3023,453895,454226
2022-03-03 21:25:00.000000000,1646313900000000000,3730,3738,3730,3734,2195,454226,454514
2022-03-03 21:26:00.000000000,1646313960000000000,3734,3734,3720,3720,2648,454514,454713
2022-03-03 21:27:00.000000000,1646314020000000000,3720,3724,3708,3708,5158,454713,453935
2022-03-03 21:28:00.000000000,1646314080000000000,3708,3716,3708,3714,2821,453935,453499
2022-03-03 21:29:00.000000000,1646314140000000000,3714,3716,3708,3708,2670,453499,453760
2022-03-03 21:30:00.000000000,1646314200000000000,3708,3710,3684,3688,10345,453760,451312
2022-03-03 21:31:00.000000000,1646314260000000000,3688,3696,3686,3688,4226,451312,451097
2022-03-03 21:32:00.000000000,1646314320000000000,3688,3690,3662,3666,10487,451097,449378
2022-03-03 21:33:00.000000000,1646314380000000000,3666,3670,3658,3658,7831,449378,448028
2022-03-03 21:34:00.000000000,1646314440000000000,3658,3664,3650,3664,9705,448028,445418
2022-03-03 21:35:00.000000000,1646314500000000000,3664,3666,3636,3636,9050,445418,445100
2022-03-03 21:36:00.000000000,1646314560000000000,3636,3636,3608,3614,14304,445100,445560
2022-03-03 21:37:00.000000000,1646314620000000000,3614,3632,3612,3626,7506,445560,443819
2022-03-03 21:38:00.000000000,1646314680000000000,3626,3626,3606,3622,10547,443819,442928
2022-03-03 21:39:00.000000000,1646314740000000000,3622,3626,3606,3614,8131,442928,443136
2022-03-03 21:40:00.000000000,1646314800000000000,3614,3620,3608,3610,6114,443136,444168
2022-03-03 21:41:00.000000000,1646314860000000000,3610,3620,3610,3620,5248,444168,444525
2022-03-03 21:42:00.000000000,1646314920000000000,3620,3622,3614,3616,4053,444525,444060
2022-03-03 21:43:00.000000000,1646314980000000000,3616,3626,3614,3624,3503,444060,444285
2022-03-03 21:44:00.000000000,1646315040000000000,3624,3630,3622,3624,3873,444285,444240
2022-03-03 21:45:00.000000000,1646315100000000000,3624,3626,3618,3620,2844,444240,444385
2022-03-03 21:46:00.000000000,1646315160000000000,3620,3626,3620,3622,1655,444385,444292
2022-03-03 21:47:00.000000000,1646315220000000000,3622,3622,3610,3612,5194,444292,444651
2022-03-03 21:48:00.000000000,1646315280000000000,3612,3620,3612,3618,1959,444651,444270
2022-03-03 21:49:00.000000000,1646315340000000000,3618,3618,3612,3612,1530,444270,444313
2022-03-03 21:50:00.000000000,1646315400000000000,3612,3612,3602,3606,6060,444313,444230
2022-03-03 21:51:00.000000000,1646315460000000000,3606,3616,3606,3608,2686,444230,444125
2022-03-03 21:52:00.000000000,1646315520000000000,3608,3608,3594,3596,7343,444125,444355
2022-03-03 21:53:00.000000000,1646315580000000000,3596,3604,3590,3594,7064,444355,443047
2022-03-03 21:54:00.000000000,1646315640000000000,3594,3594,3574,3576,13482,443047,441964
2022-03-03 21:55:00.000000000,1646315700000000000,3576,3592,3574,3578,5863,441964,441221
2022-03-03 21:56:00.000000000,1646315760000000000,3578,3578,3566,3568,7667,441221,441387
2022-03-03 21:57:00.000000000,1646315820000000000,3568,3572,3560,3570,5654,441387,441151
2022-03-03 21:58:00.000000000,1646315880000000000,3570,3572,3560,3564,3501,441151,440886
2022-03-03 21:59:00.000000000,1646315940000000000,3564,3566,3550,3554,8152,440886,438764
2022-03-03 22:00:00.000000000,1646316000000000000,3554,3564,3542,3564,10811,438764,439198
2022-03-03 22:01:00.000000000,1646316060000000000,3564,3578,3560,3578,5631,439198,437701
2022-03-03 22:02:00.000000000,1646316120000000000,3578,3592,3578,3588,6611,437701,436781
2022-03-03 22:03:00.000000000,1646316180000000000,3588,3590,3576,3580,4206,436781,436635
2022-03-03 22:04:00.000000000,1646316240000000000,3580,3582,3570,3578,3100,436635,436518
2022-03-03 22:05:00.000000000,1646316300000000000,3578,3606,3576,3600,7017,436518,435138
2022-03-03 22:06:00.000000000,1646316360000000000,3600,3606,3596,3596,4729,435138,435668
2022-03-03 22:07:00.000000000,1646316420000000000,3596,3616,3596,3612,5112,435668,435144
2022-03-03 22:08:00.000000000,1646316480000000000,3612,3624,3612,3622,6045,435144,436265
2022-03-03 22:09:00.000000000,1646316540000000000,3622,3630,3616,3618,5740,436265,435741
2022-03-03 22:10:00.000000000,1646316600000000000,3618,3624,3594,3596,4882,435741,434393
2022-03-03 22:11:00.000000000,1646316660000000000,3596,3612,3592,3610,3597,434393,434890
2022-03-03 22:12:00.000000000,1646316720000000000,3610,3620,3606,3618,2620,434890,435241
2022-03-03 22:13:00.000000000,1646316780000000000,3618,3624,3618,3624,3336,435241,435701
2022-03-03 22:14:00.000000000,1646316840000000000,3624,3624,3616,3616,2676,435701,435390
2022-03-03 22:15:00.000000000,1646316900000000000,3616,3620,3606,3612,3013,435390,435026
2022-03-03 22:16:00.000000000,1646316960000000000,3612,3622,3612,3612,2123,435026,435508
2022-03-03 22:17:00.000000000,1646317020000000000,3612,3622,3612,3622,935,435508,435549
2022-03-03 22:18:00.000000000,1646317080000000000,3622,3622,3614,3620,1795,435549,435621
2022-03-03 22:19:00.000000000,1646317140000000000,3620,3630,3620,3630,2291,435621,435685
2022-03-03 22:20:00.000000000,1646317200000000000,3630,3642,3630,3636,5464,435685,435900
2022-03-03 22:21:00.000000000,1646317260000000000,3636,3638,3630,3632,2500,435900,436091
2022-03-03 22:22:00.000000000,1646317320000000000,3632,3632,3620,3626,2468,436091,435747
2022-03-03 22:23:00.000000000,1646317380000000000,3626,3626,3618,3618,1547,435747,435762
2022-03-03 22:24:00.000000000,1646317440000000000,3618,3622,3618,3620,1967,435762,436001
2022-03-03 22:25:00.000000000,1646317500000000000,3620,3628,3620,3622,1536,436001,436325
2022-03-03 22:26:00.000000000,1646317560000000000,3622,3632,3622,3624,1583,436325,436200
2022-03-03 22:27:00.000000000,1646317620000000000,3624,3628,3610,3614,3340,436200,435928
2022-03-03 22:28:00.000000000,1646317680000000000,3614,3622,3610,3620,1797,435928,435998
2022-03-03 22:29:00.000000000,1646317740000000000,3620,3626,3618,3624,1765,435998,435907
2022-03-03 22:30:00.000000000,1646317800000000000,3624,3628,3622,3624,1290,435907,435958
2022-03-03 22:31:00.000000000,1646317860000000000,3624,3624,3612,3616,3096,435958,436311
2022-03-03 22:32:00.000000000,1646317920000000000,3616,3618,3612,3616,1794,436311,436228
2022-03-03 22:33:00.000000000,1646317980000000000,3616,3624,3616,3622,1309,436228,436352
2022-03-03 22:34:00.000000000,1646318040000000000,3622,3624,3614,3618,1415,436352,436398
2022-03-03 22:35:00.000000000,1646318100000000000,3618,3620,3614,3616,1482,436398,436435
2022-03-03 22:36:00.000000000,1646318160000000000,3616,3622,3614,3618,1267,436435,436717
2022-03-03 22:37:00.000000000,1646318220000000000,3618,3622,3616,3622,992,436717,436735
2022-03-03 22:38:00.000000000,1646318280000000000,3622,3634,3620,3634,2390,436735,436716
2022-03-03 22:39:00.000000000,1646318340000000000,3634,3634,3624,3628,2397,436716,436898
2022-03-03 22:40:00.000000000,1646318400000000000,3628,3628,3620,3624,1399,436898,436957
2022-03-03 22:41:00.000000000,1646318460000000000,3624,3626,3622,3624,522,436957,436812
2022-03-03 22:42:00.000000000,1646318520000000000,3624,3626,3622,3624,659,436812,436860
2022-03-03 22:43:00.000000000,1646318580000000000,3624,3628,3622,3628,1347,436860,436750
2022-03-03 22:44:00.000000000,1646318640000000000,3628,3628,3624,3626,1094,436750,436523
2022-03-03 22:45:00.000000000,1646318700000000000,3626,3626,3622,3626,1130,436523,436849
2022-03-03 22:46:00.000000000,1646318760000000000,3626,3626,3622,3624,827,436849,436831
2022-03-03 22:47:00.000000000,1646318820000000000,3624,3628,3624,3626,816,436831,436633
2022-03-03 22:48:00.000000000,1646318880000000000,3626,3628,3624,3626,951,436633,436528
2022-03-03 22:49:00.000000000,1646318940000000000,3626,3654,3626,3654,5958,436528,434695
2022-03-03 22:50:00.000000000,1646319000000000000,3654,3654,3640,3640,3065,434695,433975
2022-03-03 22:51:00.000000000,1646319060000000000,3640,3644,3640,3642,952,433975,433970
2022-03-03 22:52:00.000000000,1646319120000000000,3642,3642,3636,3638,1119,433970,433809
2022-03-03 22:53:00.000000000,1646319180000000000,3638,3640,3636,3638,712,433809,433715
2022-03-03 22:54:00.000000000,1646319240000000000,3638,3646,3636,3646,1503,433715,433632
2022-03-03 22:55:00.000000000,1646319300000000000,3646,3646,3642,3642,1038,433632,433349
2022-03-03 22:56:00.000000000,1646319360000000000,3642,3646,3640,3646,1380,433349,433393
2022-03-03 22:57:00.000000000,1646319420000000000,3646,3648,3644,3646,1355,433393,433224
2022-03-03 22:58:00.000000000,1646319480000000000,3646,3664,3646,3656,3744,433224,432949
2022-03-03 22:59:00.000000000,1646319540000000000,3656,3668,3652,3666,5142,432949,432565
2022-03-04 09:00:00.000000000,1646355600000000000,3694,3694,3658,3670,10821,432565,433455
2022-03-04 09:01:00.000000000,1646355660000000000,3670,3678,3668,3672,4715,433455,434389
2022-03-04 09:02:00.000000000,1646355720000000000,3672,3680,3672,3676,2522,434389,435046
2022-03-04 09:03:00.000000000,1646355780000000000,3676,3678,3660,3660,2860,435046,435305
2022-03-04 09:04:00.000000000,1646355840000000000,3660,3666,3660,3666,2392,435305,435428
2022-03-04 09:05:00.000000000,1646355900000000000,3666,3674,3664,3670,2494,435428,435652
2022-03-04 09:06:00.000000000,1646355960000000000,3670,3670,3666,3668,1383,435652,435522
2022-03-04 09:07:00.000000000,1646356020000000000,3668,3672,3664,3668,1952,435522,435569
2022-03-04 09:08:00.000000000,1646356080000000000,3668,3672,3668,3668,702,435569,435406
2022-03-04 09:09:00.000000000,1646356140000000000,3668,3670,3666,3670,916,435406,435546
2022-03-04 09:10:00.000000000,1646356200000000000,3670,3670,3664,3670,2108,435546,435606
2022-03-04 09:11:00.000000000,1646356260000000000,3670,3672,3666,3666,1045,435606,435617
2022-03-04 09:12:00.000000000,1646356320000000000,3666,3670,3666,3666,1032,435617,435745
2022-03-04 09:13:00.000000000,1646356380000000000,3666,3668,3660,3662,1698,435745,435888
2022-03-04 09:14:00.000000000,1646356440000000000,3662,3664,3660,3662,974,435888,435793
2022-03-04 09:15:00.000000000,1646356500000000000,3662,3662,3652,3654,2261,435793,435900
2022-03-04 09:16:00.000000000,1646356560000000000,3654,3656,3652,3652,1025,435900,435870
2022-03-04 09:17:00.000000000,1646356620000000000,3652,3656,3652,3652,985,435870,435669
2022-03-04 09:18:00.000000000,1646356680000000000,3652,3654,3650,3650,1220,435669,435591
2022-03-04 09:19:00.000000000,1646356740000000000,3650,3654,3650,3654,919,435591,435427
2022-03-04 09:20:00.000000000,1646356800000000000,3654,3660,3652,3658,1425,435427,435117
2022-03-04 09:21:00.000000000,1646356860000000000,3658,3660,3656,3658,678,435117,435148
2022-03-04 09:22:00.000000000,1646356920000000000,3658,3666,3658,3664,1668,435148,434918
2022-03-04 09:23:00.000000000,1646356980000000000,3664,3668,3664,3666,1633,434918,434878
2022-03-04 09:24:00.000000000,1646357040000000000,3666,3668,3662,3662,535,434878,434967
2022-03-04 09:25:00.000000000,1646357100000000000,3662,3670,3662,3668,1435,434967,434848
2022-03-04 09:26:00.000000000,1646357160000000000,3668,3668,3664,3664,392,434848,434794
2022-03-04 09:27:00.000000000,1646357220000000000,3664,3668,3662,3664,866,434794,434799
2022-03-04 09:28:00.000000000,1646357280000000000,3664,3664,3662,3664,331,434799,434802
2022-03-04 09:29:00.000000000,1646357340000000000,3664,3682,3664,3682,2799,434802,435382
2022-03-04 09:30:00.000000000,1646357400000000000,3682,3682,3674,3674,706,435382,435431
2022-03-04 09:31:00.000000000,1646357460000000000,3674,3678,3672,3674,1074,435431,435605
2022-03-04 09:32:00.000000000,1646357520000000000,3674,3674,3670,3672,649,435605,435850
2022-03-04 09:33:00.000000000,1646357580000000000,3672,3682,3672,3678,2191,435850,436396
2022-03-04 09:34:00.000000000,1646357640000000000,3678,3688,3678,3688,1870,436396,437136
2022-03-04 09:35:00.000000000,1646357700000000000,3688,3692,3684,3684,2230,437136,437320
2022-03-04 09:36:00.000000000,1646357760000000000,3684,3688,3684,3686,958,437320,437631
2022-03-04 09:37:00.000000000,1646357820000000000,3686,3688,3680,3680,640,437631,437728
2022-03-04 09:38:00.000000000,1646357880000000000,3680,3682,3676,3678,1725,437728,437697
2022-03-04 09:39:00.000000000,1646357940000000000,3678,3684,3678,3682,899,437697,438068
2022-03-04 09:40:00.000000000,1646358000000000000,3682,3690,3682,3690,1665,438068,438427
2022-03-04 09:41:00.000000000,1646358060000000000,3690,3702,3690,3702,4437,438427,439023
2022-03-04 09:42:00.000000000,1646358120000000000,3702,3726,3700,3722,9098,439023,441685
2022-03-04 09:43:00.000000000,1646358180000000000,3722,3722,3710,3712,3000,441685,441863
2022-03-04 09:44:00.000000000,1646358240000000000,3712,3718,3710,3718,3417,441863,442858
2022-03-04 09:45:00.000000000,1646358300000000000,3718,3738,3716,3734,9257,442858,446230
2022-03-04 09:46:00.000000000,1646358360000000000,3734,3736,3720,3720,4605,446230,446777
2022-03-04 09:47:00.000000000,1646358420000000000,3720,3726,3714,3716,3206,446777,447214
2022-03-04 09:48:00.000000000,1646358480000000000,3716,3716,3698,3698,3536,447214,446783
2022-03-04 09:49:00.000000000,1646358540000000000,3698,3708,3698,3702,3270,446783,447078
2022-03-04 09:50:00.000000000,1646358600000000000,3702,3712,3700,3704,2914,447078,447441
2022-03-04 09:51:00.000000000,1646358660000000000,3704,3716,3704,3716,1832,447441,447238
2022-03-04 09:52:00.000000000,1646358720000000000,3716,3716,3702,3704,1960,447238,447276
2022-03-04 09:53:00.000000000,1646358780000000000,3704,3704,3698,3700,1663,447276,447128
2022-03-04 09:54:00.000000000,1646358840000000000,3700,3706,3700,3702,2174,447128,447558
2022-03-04 09:55:00.000000000,1646358900000000000,3702,3704,3698,3700,2079,447558,448268
2022-03-04 09:56:00.000000000,1646358960000000000,3700,3700,3686,3688,3605,448268,447403
2022-03-04 09:57:00.000000000,1646359020000000000,3688,3692,3684,3686,1684,447403,447280
2022-03-04 09:58:00.000000000,1646359080000000000,3686,3692,3686,3692,1448,447280,447472
2022-03-04 09:59:00.000000000,1646359140000000000,3692,3702,3688,3700,2918,447472,448346
2022-03-04 10:00:00.000000000,1646359200000000000,3700,3714,3700,3708,4037,448346,448777
2022-03-04 10:01:00.000000000,1646359260000000000,3708,3716,3708,3716,1873,448777,449066
2022-03-04 10:02:00.000000000,1646359320000000000,3716,3722,3716,3720,2847,449066,449373
2022-03-04 10:03:00.000000000,1646359380000000000,3720,3720,3708,3708,1506,449373,449174
2022-03-04 10:04:00.000000000,1646359440000000000,3708,3714,3708,3712,1372,449174,449043
2022-03-04 10:05:00.000000000,1646359500000000000,3712,3716,3710,3710,1532,449043,449063
2022-03-04 10:06:00.000000000,1646359560000000000,3710,3712,3710,3710,444,449063,449137
2022-03-04 10:07:00.000000000,1646359620000000000,3710,3712,3702,3702,1396,449137,448874
2022-03-04 10:08:00.000000000,1646359680000000000,3702,3706,3692,3694,2571,448874,448056
2022-03-04 10:09:00.000000000,1646359740000000000,3694,3696,3692,3696,1093,448056,447817
2022-03-04 10:10:00.000000000,1646359800000000000,3696,3704,3694,3702,1086,447817,447806
2022-03-04 10:11:00.000000000,1646359860000000000,3702,3702,3696,3702,915,447806,447534
2022-03-04 10:12:00.000000000,1646359920000000000,3702,3708,3702,3706,980,447534,447551
2022-03-04 10:13:00.000000000,1646359980000000000,3706,3708,3702,3706,982,447551,447423
2022-03-04 10:14:00.000000000,1646360040000000000,3706,3706,3700,3702,1156,447423,447733
2022-03-04 10:30:00.000000000,1646361000000000000,3702,3710,3698,3710,2388,447733,447828
2022-03-04 10:31:00.000000000,1646361060000000000,3710,3716,3708,3712,2249,447828,448048
2022-03-04 10:32:00.000000000,1646361120000000000,3712,3716,3710,3712,1064,448048,447976
2022-03-04 10:33:00.000000000,1646361180000000000,3712,3716,3712,3712,1063,447976,447635
2022-03-04 10:34:00.000000000,1646361240000000000,3712,3714,3710,3714,689,447635,447603
2022-03-04 10:35:00.000000000,1646361300000000000,3714,3714,3710,3710,1496,447603,447302
2022-03-04 10:36:00.000000000,1646361360000000000,3710,3718,3710,3716,2000,447302,447470
2022-03-04 10:37:00.000000000,1646361420000000000,3716,3720,3716,3720,1112,447470,447601
2022-03-04 10:38:00.000000000,1646361480000000000,3720,3720,3714,3716,1080,447601,447459
2022-03-04 10:39:00.000000000,1646361540000000000,3716,3722,3716,3722,1223,447459,447456
2022-03-04 10:40:00.000000000,1646361600000000000,3722,3736,3720,3734,5892,447456,449298
2022-03-04 10:41:00.000000000,1646361660000000000,3734,3736,3726,3728,1841,449298,449396
2022-03-04 10:42:00.000000000,1646361720000000000,3728,3730,3726,3726,1923,449396,449445
2022-03-04 10:43:00.000000000,1646361780000000000,3726,3728,3720,3724,1671,449445,449419
2022-03-04 10:44:00.000000000,1646361840000000000,3724,3726,3722,3724,950,449419,449495
2022-03-04 10:45:00.000000000,1646361900000000000,3724,3730,3724,3730,1182,449495,449979
2022-03-04 10:46:00.000000000,1646361960000000000,3730,3730,3722,3722,557,449979,449982
2022-03-04 10:47:00.000000000,1646362020000000000,3722,3724,3720,3722,874,449982,449874
2022-03-04 10:48:00.000000000,1646362080000000000,3722,3724,3716,3716,1278,449874,449858
2022-03-04 10:49:00.000000000,1646362140000000000,3716,3722,3716,3722,907,449858,449883
2022-03-04 10:50:00.000000000,1646362200000000000,3722,3724,3716,3716,933,449883,449776
2022-03-04 10:51:00.000000000,1646362260000000000,3716,3718,3714,3716,945,449776,449663
2022-03-04 10:52:00.000000000,1646362320000000000,3716,3718,3714,3714,579,449663,449493
2022-03-04 10:53:00.000000000,1646362380000000000,3714,3718,3714,3716,571,449493,449490
2022-03-04 10:54:00.000000000,1646362440000000000,3716,3716,3710,3716,1001,449490,449087
2022-03-04 10:55:00.000000000,1646362500000000000,3716,3718,3708,3708,1155,449087,448852
2022-03-04 10:56:00.000000000,1646362560000000000,3708,3710,3702,3702,1683,448852,448372
2022-03-04 10:57:00.000000000,1646362620000000000,3702,3706,3702,3704,1431,448372,447977
2022-03-04 10:58:00.000000000,1646362680000000000,3704,3706,3698,3698,1755,447977,447570
2022-03-04 10:59:00.000000000,1646362740000000000,3698,3702,3698,3700,1758,447570,447237
2022-03-04 11:00:00.000000000,1646362800000000000,3700,3702,3696,3702,2012,447237,447031
2022-03-04 11:01:00.000000000,1646362860000000000,3702,3706,3696,3706,1481,447031,446587
2022-03-04 11:02:00.000000000,1646362920000000000,3706,3710,3702,3710,1368,446587,446163
2022-03-04 11:03:00.000000000,1646362980000000000,3710,3710,3704,3704,640,446163,446109
2022-03-04 11:04:00.000000000,1646363040000000000,3704,3706,3702,3706,568,446109,445999
2022-03-04 11:05:00.000000000,1646363100000000000,3706,3708,3702,3708,448,445999,445987
2022-03-04 11:06:00.000000000,1646363160000000000,3708,3712,3706,3710,974,445987,446009
2022-03-04 11:07:00.000000000,1646363220000000000,3710,3710,3706,3710,460,446009,445976
2022-03-04 11:08:00.000000000,1646363280000000000,3710,3710,3706,3708,261,445976,445981
2022-03-04 11:09:00.000000000,1646363340000000000,3708,3710,3706,3710,280,445981,445964
2022-03-04 11:10:00.000000000,1646363400000000000,3710,3714,3708,3714,749,445964,445908
2022-03-04 11:11:00.000000000,1646363460000000000,3714,3714,3710,3712,527,445908,445808
2022-03-04 11:12:00.000000000,1646363520000000000,3712,3712,3702,3704,785,445808,445641
2022-03-04 11:13:00.000000000,1646363580000000000,3704,3706,3702,3706,488,445641,445609
2022-03-04 11:14:00.000000000,1646363640000000000,3706,3706,3698,3700,1556,445609,446211
2022-03-04 11:15:00.000000000,1646363700000000000,3700,3700,3692,3694,1911,446211,446063
2022-03-04 11:16:00.000000000,1646363760000000000,3694,3698,3692,3694,1095,446063,446010
2022-03-04 11:17:00.000000000,1646363820000000000,3694,3700,3692,3698,1090,446010,446067
2022-03-04 11:18:00.000000000,1646363880000000000,3698,3702,3698,3702,701,446067,445912
2022-03-04 11:19:00.000000000,1646363940000000000,3702,3702,3700,3700,384,445912,445730
2022-03-04 11:20:00.000000000,1646364000000000000,3700,3700,3694,3696,1035,445730,445674
2022-03-04 11:21:00.000000000,1646364060000000000,3696,3696,3694,3696,457,445674,445512
2022-03-04 11:22:00.000000000,1646364120000000000,3696,3696,3692,3694,742,445512,445610
2022-03-04 11:23:00.000000000,1646364180000000000,3694,3694,3690,3692,1357,445610,445444
2022-03-04 11:24:00.000000000,1646364240000000000,3692,3694,3686,3686,2295,445444,444682
2022-03-04 11:25:00.000000000,1646364300000000000,3686,3692,3686,3692,975,444682,444623
2022-03-04 11:26:00.000000000,1646364360000000000,3692,3696,3690,3692,1227,444623,444455
2022-03-04 11:27:00.000000000,1646364420000000000,3692,3692,3688,3688,898,444455,444418
2022-03-04 11:28:00.000000000,1646364480000000000,3688,3690,3684,3684,1736,444418,444206
2022-03-04 11:29:00.000000000,1646364540000000000,3684,3688,3682,3686,2374,444206,443537
2022-03-04 13:30:00.000000000,1646371800000000000,3694,3700,3692,3698,3234,443537,443373
2022-03-04 13:31:00.000000000,1646371860000000000,3698,3700,3696,3698,1409,443373,443125
2022-03-04 13:32:00.000000000,1646371920000000000,3698,3700,3694,3694,984,443125,443050
2022-03-04 13:33:00.000000000,1646371980000000000,3694,3696,3688,3692,1248,443050,443028
2022-03-04 13:34:00.000000000,1646372040000000000,3692,3692,3678,3678,2867,443028,442580
2022-03-04 13:35:00.000000000,1646372100000000000,3678,3688,3678,3684,2550,442580,442240
2022-03-04 13:36:00.000000000,1646372160000000000,3684,3686,3678,3678,1703,442240,442527
2022-03-04 13:37:00.000000000,1646372220000000000,3678,3682,3678,3678,1340,442527,442967
2022-03-04 13:38:00.000000000,1646372280000000000,3678,3680,3672,3672,2565,442967,442730
2022-03-04 13:39:00.000000000,1646372340000000000,3672,3676,3672,3674,2112,442730,442717
2022-03-04 13:40:00.000000000,1646372400000000000,3674,3678,3674,3676,1222,442717,442774
2022-03-04 13:41:00.000000000,1646372460000000000,3676,3682,3674,3676,1481,442774,442458
2022-03-04 13:42:00.000000000,1646372520000000000,3676,3676,3666,3668,1990,442458,442360
2022-03-04 13:43:00.000000000,1646372580000000000,3668,3668,3660,3664,4093,442360,441820
2022-03-04 13:44:00.000000000,1646372640000000000,3664,3666,3660,3666,2166,441820,442001
2022-03-04 13:45:00.000000000,1646372700000000000,3666,3670,3664,3668,1797,442001,442185
2022-03-04 13:46:00.000000000,1646372760000000000,3668,3672,3664,3672,1966,442185,441840
2022-03-04 13:47:00.000000000,1646372820000000000,3672,3674,3670,3670,1605,441840,442049
2022-03-04 13:48:00.000000000,1646372880000000000,3670,3672,3668,3668,708,442049,441869
2022-03-04 13:49:00.000000000,1646372940000000000,3668,3674,3668,3674,955,441869,441834
2022-03-04 13:50:00.000000000,1646373000000000000,3674,3676,3672,3676,1632,441834,441626
2022-03-04 13:51:00.000000000,1646373060000000000,3676,3684,3674,3684,1905,441626,441310
2022-03-04 13:52:00.000000000,1646373120000000000,3684,3690,3682,3686,2994,441310,441324
2022-03-04 13:53:00.000000000,1646373180000000000,3686,3688,3678,3684,1808,441324,441576
2022-03-04 13:54:00.000000000,1646373240000000000,3684,3688,3682,3686,1390,441576,441870
2022-03-04 13:55:00.000000000,1646373300000000000,3686,3686,3672,3674,3022,441870,442590
2022-03-04 13:56:00.000000000,1646373360000000000,3674,3676,3672,3672,1541,442590,442900
2022-03-04 13:57:00.000000000,1646373420000000000,3672,3676,3672,3676,759,442900,442866
2022-03-04 13:58:00.000000000,1646373480000000000,3676,3678,3672,3678,1005,442866,443071
2022-03-04 13:59:00.000000000,1646373540000000000,3678,3678,3660,3660,4401,443071,442629
2022-03-04 14:00:00.000000000,1646373600000000000,3660,3668,3660,3666,1671,442629,442648
2022-03-04 14:01:00.000000000,1646373660000000000,3666,3672,3664,3670,1303,442648,442614
2022-03-04 14:02:00.000000000,1646373720000000000,3670,3672,3666,3672,795,442614,442665
2022-03-04 14:03:00.000000000,1646373780000000000,3672,3674,3670,3674,628,442665,442661
2022-03-04 14:04:00.000000000,1646373840000000000,3674,3678,3672,3672,1143,442661,442654
2022-03-04 14:05:00.000000000,1646373900000000000,3672,3676,3672,3672,607,442654,442665
2022-03-04 14:06:00.000000000,1646373960000000000,3672,3678,3672,3678,918,442665,443027
2022-03-04 14:07:00.000000000,1646374020000000000,3678,3678,3672,3674,1041,443027,442690
2022-03-04 14:08:00.000000000,1646374080000000000,3674,3676,3672,3672,502,442690,442670
2022-03-04 14:09:00.000000000,1646374140000000000,3672,3674,3672,3672,282,442670,442711
2022-03-04 14:10:00.000000000,1646374200000000000,3672,3674,3672,3672,439,442711,442737
2022-03-04 14:11:00.000000000,1646374260000000000,3672,3676,3672,3676,693,442737,442749
2022-03-04 14:12:00.000000000,1646374320000000000,3676,3688,3676,3688,2872,442749,442296
2022-03-04 14:13:00.000000000,1646374380000000000,3688,3688,3678,3678,1223,442296,442066
2022-03-04 14:14:00.000000000,1646374440000000000,3678,3680,3676,3678,597,442066,442247
2022-03-04 14:15:00.000000000,1646374500000000000,3678,3682,3674,3678,775,442247,442242
2022-03-04 14:16:00.000000000,1646374560000000000,3678,3678,3674,3678,486,442242,442269
2022-03-04 14:17:00.000000000,1646374620000000000,3678,3678,3674,3678,536,442269,442250
2022-03-04 14:18:00.000000000,1646374680000000000,3678,3682,3676,3682,732,442250,442536
2022-03-04 14:19:00.000000000,1646374740000000000,3682,3682,3676,3678,674,442536,442480
2022-03-04 14:20:00.000000000,1646374800000000000,3678,3678,3674,3676,570,442480,442496
2022-03-04 14:21:00.000000000,1646374860000000000,3676,3676,3672,3674,770,442496,442422
2022-03-04 14:22:00.000000000,1646374920000000000,3674,3674,3672,3674,538,442422,442513
2022-03-04 14:23:00.000000000,1646374980000000000,3674,3674,3668,3668,1173,442513,442586
2022-03-04 14:24:00.000000000,1646375040000000000,3668,3668,3664,3664,1127,442586,442436
2022-03-04 14:25:00.000000000,1646375100000000000,3664,3668,3660,3668,4058,442436,441520
2022-03-04 14:26:00.000000000,1646375160000000000,3668,3672,3666,3670,880,441520,441459
2022-03-04 14:27:00.000000000,1646375220000000000,3670,3670,3660,3662,1778,441459,441277
2022-03-04 14:28:00.000000000,1646375280000000000,3662,3662,3658,3662,2394,441277,440713
2022-03-04 14:29:00.000000000,1646375340000000000,3662,3662,3658,3660,1298,440713,440545
2022-03-04 14:30:00.000000000,1646375400000000000,3660,3660,3650,3652,3523,440545,439785
2022-03-04 14:31:00.000000000,1646375460000000000,3652,3662,3650,3660,2797,439785,439096
2022-03-04 14:32:00.000000000,1646375520000000000,3660,3662,3658,3660,1033,439096,439206
2022-03-04 14:33:00.000000000,1646375580000000000,3660,3662,3654,3656,1238,439206,439546
2022-03-04 14:34:00.000000000,1646375640000000000,3656,3658,3648,3648,1871,439546,439112
2022-03-04 14:35:00.000000000,1646375700000000000,3648,3656,3646,3656,3646,439112,439122
2022-03-04 14:36:00.000000000,1646375760000000000,3656,3660,3656,3658,1137,439122,439180
2022-03-04 14:37:00.000000000,1646375820000000000,3658,3672,3658,3670,3190,439180,438845
2022-03-04 14:38:00.000000000,1646375880000000000,3670,3670,3662,3666,1285,438845,438846
2022-03-04 14:39:00.000000000,1646375940000000000,3666,3666,3662,3664,660,438846,438884
2022-03-04 14:40:00.000000000,1646376000000000000,3664,3670,3662,3670,1199,438884,438720
2022-03-04 14:41:00.000000000,1646376060000000000,3670,3676,3668,3676,3160,438720,437348
2022-03-04 14:42:00.000000000,1646376120000000000,3676,3690,3676,3686,5168,437348,437214
2022-03-04 14:43:00.000000000,1646376180000000000,3686,3706,3684,3698,6275,437214,438784
2022-03-04 14:44:00.000000000,1646376240000000000,3698,3698,3688,3692,2193,438784,439097
2022-03-04 14:45:00.000000000,1646376300000000000,3692,3692,3688,3690,1781,439097,439938
2022-03-04 14:46:00.000000000,1646376360000000000,3690,3692,3690,3690,1295,439938,440479
2022-03-04 14:47:00.000000000,1646376420000000000,3690,3698,3690,3698,1642,440479,440612
2022-03-04 14:48:00.000000000,1646376480000000000,3698,3706,3696,3700,2581,440612,440379
2022-03-04 14:49:00.000000000,1646376540000000000,3700,3702,3692,3696,2702,440379,440466
2022-03-04 14:50:00.000000000,1646376600000000000,3696,3698,3690,3692,1218,440466,440610
2022-03-04 14:51:00.000000000,1646376660000000000,3692,3694,3690,3690,2070,440610,440843
2022-03-04 14:52:00.000000000,1646376720000000000,3690,3698,3690,3698,1150,440843,440864
2022-03-04 14:53:00.000000000,1646376780000000000,3698,3702,3696,3698,1473,440864,440940
2022-03-04 14:54:00.000000000,1646376840000000000,3698,3702,3694,3700,2668,440940,441852
2022-03-04 14:55:00.000000000,1646376900000000000,3700,3702,3696,3702,1790,441852,441946
2022-03-04 14:56:00.000000000,1646376960000000000,3702,3702,3698,3698,1259,441946,441629
2022-03-04 14:57:00.000000000,1646377020000000000,3698,3702,3696,3702,1839,441629,441480
2022-03-04 14:58:00.000000000,1646377080000000000,3702,3710,3700,3708,4197,441480,442116
2022-03-04 14:59:00.000000000,1646377140000000000,3708,3720,3702,3716,7515,442116,442397
2022-03-04 21:00:00.000000000,1646398800000000000,3748,3750,3726,3730,18444,442397,446677
2022-03-04 21:01:00.000000000,1646398860000000000,3730,3734,3726,3728,4066,446677,447842
2022-03-04 21:02:00.000000000,1646398920000000000,3728,3730,3724,3726,3106,447842,448279
2022-03-04 21:03:00.000000000,1646398980000000000,3726,3736,3726,3734,3698,448279,449396
2022-03-04 21:04:00.000000000,1646399040000000000,3734,3736,3722,3722,2998,449396,450205
2022-03-04 21:05:00.000000000,1646399100000000000,3722,3728,3718,3726,3792,450205,450110
2022-03-04 21:06:00.000000000,1646399160000000000,3726,3734,3726,3732,2921,450110,450371
2022-03-04 21:07:00.000000000,1646399220000000000,3732,3738,3730,3736,5294,450371,451053
2022-03-04 21:08:00.000000000,1646399280000000000,3736,3754,3736,3752,8238,451053,451932
2022-03-04 21:09:00.000000000,1646399340000000000,3752,3752,3740,3750,5526,451932,454554
2022-03-04 21:10:00.000000000,1646399400000000000,3750,3766,3750,3760,9344,454554,456932
2022-03-04 21:11:00.000000000,1646399460000000000,3760,3764,3754,3764,4858,456932,458286
2022-03-04 21:12:00.000000000,1646399520000000000,3764,3790,3764,3790,13944,458286,461485
2022-03-04 21:13:00.000000000,1646399580000000000,3790,3798,3778,3778,10081,461485,464423
2022-03-04 21:14:00.000000000,1646399640000000000,3778,3796,3778,3794,5199,464423,464751
2022-03-04 21:15:00.000000000,1646399700000000000,3794,3800,3784,3786,5642,464751,465159
2022-03-04 21:16:00.000000000,1646399760000000000,3786,3786,3780,3780,3517,465159,465307
2022-03-04 21:17:00.000000000,1646399820000000000,3780,3798,3776,3798,5089,465307,465122
2022-03-04 21:18:00.000000000,1646399880000000000,3798,3800,3788,3794,4124,465122,466116
2022-03-04 21:19:00.000000000,1646399940000000000,3794,3794,3788,3794,2560,466116,466270
2022-03-04 21:20:00.000000000,1646400000000000000,3794,3794,3784,3792,2761,466270,466321
2022-03-04 21:21:00.000000000,1646400060000000000,3792,3800,3788,3800,4602,466321,468005
2022-03-04 21:22:00.000000000,1646400120000000000,3800,3804,3794,3798,4821,468005,468975
2022-03-04 21:23:00.000000000,1646400180000000000,3798,3802,3794,3800,2404,468975,469452
2022-03-04 21:24:00.000000000,1646400240000000000,3800,3800,3792,3794,2072,469452,469595
2022-03-04 21:25:00.000000000,1646400300000000000,3794,3810,3788,3810,6368,469595,471717
2022-03-04 21:26:00.000000000,1646400360000000000,3810,3814,3808,3812,4691,471717,472773
2022-03-04 21:27:00.000000000,1646400420000000000,3812,3834,3812,3830,9306,472773,475537
2022-03-04 21:28:00.000000000,1646400480000000000,3830,3840,3824,3838,6047,475537,477336
2022-03-04 21:29:00.000000000,1646400540000000000,3838,3852,3836,3846,8522,477336,479492
2022-03-04 21:30:00.000000000,1646400600000000000,3846,3848,3842,3844,6240,479492,480730
2022-03-04 21:31:00.000000000,1646400660000000000,3844,3846,3832,3834,4729,480730,480405
2022-03-04 21:32:00.000000000,1646400720000000000,3834,3838,3830,3836,4260,480405,480329
2022-03-04 21:33:00.000000000,1646400780000000000,3836,3836,3826,3828,4369,480329,480663
2022-03-04 21:34:00.000000000,1646400840000000000,3828,3830,3822,3826,3226,480663,480159
2022-03-04 21:35:00.000000000,1646400900000000000,3826,3828,3824,3826,2162,480159,480135
2022-03-04 21:36:00.000000000,1646400960000000000,3826,3838,3826,3838,3301,480135,480329
2022-03-04 21:37:00.000000000,1646401020000000000,3838,3840,3836,3838,2440,480329,480453
2022-03-04 21:38:00.000000000,1646401080000000000,3838,3842,3838,3838,2502,480453,480689
2022-03-04 21:39:00.000000000,1646401140000000000,3838,3838,3830,3830,2536,480689,481199
2022-03-04 21:40:00.000000000,1646401200000000000,3830,3832,3828,3830,1135,481199,481211
2022-03-04 21:41:00.000000000,1646401260000000000,3830,3834,3828,3830,1577,481211,481255
2022-03-04 21:42:00.000000000,1646401320000000000,3830,3832,3828,3828,1349,481255,481357
2022-03-04 21:43:00.000000000,1646401380000000000,3828,3832,3828,3828,940,481357,481431
2022-03-04 21:44:00.000000000,1646401440000000000,3828,3830,3822,3824,3014,481431,481320
2022-03-04 21:45:00.000000000,1646401500000000000,3824,3824,3806,3808,5924,481320,479919
2022-03-04 21:46:00.000000000,1646401560000000000,3808,3812,3804,3810,3852,479919,479980
2022-03-04 21:47:00.000000000,1646401620000000000,3810,3810,3802,3804,3818,479980,479095
2022-03-04 21:48:00.000000000,1646401680000000000,3804,3816,3804,3814,2724,479095,478613
2022-03-04 21:49:00.000000000,1646401740000000000,3814,3820,3812,3818,1850,478613,478737
2022-03-04 21:50:00.000000000,1646401800000000000,3818,3822,3816,3818,1554,478737,478717
2022-03-04 21:51:00.000000000,1646401860000000000,3818,3820,3812,3812,1256,478717,478876
2022-03-04 21:52:00.000000000,1646401920000000000,3812,3822,3808,3822,2837,478876,479570
2022-03-04 21:53:00.000000000,1646401980000000000,3822,3832,3820,3832,3366,479570,480069
2022-03-04 21:54:00.000000000,1646402040000000000,3832,3836,3824,3836,2853,480069,480634
2022-03-04 21:55:00.000000000,1646402100000000000,3836,3836,3832,3832,1584,480634,480948
2022-03-04 21:56:00.000000000,1646402160000000000,3832,3836,3832,3832,1852,480948,481516
2022-03-04 21:57:00.000000000,1646402220000000000,3832,3834,3828,3828,1658,481516,481907
2022-03-04 21:58:00.000000000,1646402280000000000,3828,3830,3826,3828,707,481907,482121
2022-03-04 21:59:00.000000000,1646402340000000000,3828,3830,3824,3826,1799,482121,482216
2022-03-04 22:00:00.000000000,1646402400000000000,3826,3830,3826,3826,1450,482216,482396
2022-03-04 22:01:00.000000000,1646402460000000000,3826,3834,3826,3832,1547,482396,482165
2022-03-04 22:02:00.000000000,1646402520000000000,3832,3832,3828,3828,767,482165,482095
2022-03-04 22:03:00.000000000,1646402580000000000,3828,3828,3824,3828,1122,482095,481808
2022-03-04 22:04:00.000000000,1646402640000000000,3828,3832,3826,3832,1245,481808,482128
2022-03-04 22:05:00.000000000,1646402700000000000,3832,3834,3828,3834,1228,482128,482255
2022-03-04 22:06:00.000000000,1646402760000000000,3834,3836,3830,3830,1476,482255,482375
2022-03-04 22:07:00.000000000,1646402820000000000,3830,3836,3830,3834,870,482375,482535
2022-03-04 22:08:00.000000000,1646402880000000000,3834,3842,3834,3842,3501,482535,483040
2022-03-04 22:09:00.000000000,1646402940000000000,3842,3842,3836,3836,1616,483040,483196
2022-03-04 22:10:00.000000000,1646403000000000000,3836,3838,3830,3832,1098,483196,483039
2022-03-04 22:11:00.000000000,1646403060000000000,3832,3836,3830,3830,727,483039,483139
2022-03-04 22:12:00.000000000,1646403120000000000,3830,3840,3830,3838,1419,483139,483335
2022-03-04 22:13:00.000000000,1646403180000000000,3838,3840,3838,3838,861,483335,483446
2022-03-04 22:14:00.000000000,1646403240000000000,3838,3842,3834,3836,1628,483446,483506
2022-03-04 22:15:00.000000000,1646403300000000000,3836,3836,3832,3832,888,483506,483529
2022-03-04 22:16:00.000000000,1646403360000000000,3832,3834,3826,3826,2145,483529,483708
2022-03-04 22:17:00.000000000,1646403420000000000,3826,3826,3812,3818,3372,483708,483146
2022-03-04 22:18:00.000000000,1646403480000000000,3818,3828,3818,3826,1517,483146,483354
2022-03-04 22:19:00.000000000,1646403540000000000,3826,3832,3820,3832,1918,483354,483308
2022-03-04 22:20:00.000000000,1646403600000000000,3832,3832,3824,3824,1072,483308,483283
2022-03-04 22:21:00.000000000,1646403660000000000,3824,3830,3824,3828,536,483283,483186
2022-03-04 22:22:00.000000000,1646403720000000000,3828,3830,3826,3828,483,483186,483209
2022-03-04 22:23:00.000000000,1646403780000000000,3828,3830,3826,3828,679,483209,483145
2022-03-04 22:24:00.000000000,1646403840000000000,3828,3830,3826,3826,572,483145,483221
2022-03-04 22:25:00.000000000,1646403900000000000,3826,3830,3826,3830,419,483221,483267
2022-03-04 22:26:00.000000000,1646403960000000000,3830,3834,3828,3834,1227,483267,483568
2022-03-04 22:27:00.000000000,1646404020000000000,3834,3848,3832,3848,3673,483568,484366
2022-03-04 22:28:00.000000000,1646404080000000000,3848,3850,3838,3840,4517,484366,485130
2022-03-04 22:29:00.000000000,1646404140000000000,3840,3860,3840,3858,4053,485130,485668
2022-03-04 22:30:00.000000000,1646404200000000000,3858,3858,3844,3846,3012,485668,485941
2022-03-04 22:31:00.000000000,1646404260000000000,3846,3848,3842,3846,1803,485941,485832
2022-03-04 22:32:00.000000000,1646404320000000000,3846,3850,3846,3850,877,485832,485947
2022-03-04 22:33:00.000000000,1646404380000000000,3850,3852,3846,3848,1921,485947,486451
2022-03-04 22:34:00.000000000,1646404440000000000,3848,3850,3842,3842,1313,486451,486587
2022-03-04 22:35:00.000000000,1646404500000000000,3842,3846,3842,3842,674,486587,486518
2022-03-04 22:36:00.000000000,1646404560000000000,3842,3850,3842,3846,1188,486518,486555
2022-03-04 22:37:00.000000000,1646404620000000000,3846,3850,3846,3848,804,486555,486801
2022-03-04 22:38:00.000000000,1646404680000000000,3848,3858,3846,3854,2361,486801,486992
2022-03-04 22:39:00.000000000,1646404740000000000,3854,3856,3850,3850,1782,486992,486812
2022-03-04 22:40:00.000000000,1646404800000000000,3850,3854,3848,3852,983,486812,487093
2022-03-04 22:41:00.000000000,1646404860000000000,3852,3856,3850,3852,1339,487093,487025
2022-03-04 22:42:00.000000000,1646404920000000000,3852,3852,3848,3848,724,487025,486875
2022-03-04 22:43:00.000000000,1646404980000000000,3848,3854,3848,3852,1162,486875,486746
2022-03-04 22:44:00.000000000,1646405040000000000,3852,3856,3852,3854,1204,486746,487001
2022-03-04 22:45:00.000000000,1646405100000000000,3854,3856,3852,3856,1277,487001,486968
2022-03-04 22:46:00.000000000,1646405160000000000,3856,3858,3852,3854,1256,486968,487055
2022-03-04 22:47:00.000000000,1646405220000000000,3854,3858,3854,3854,1100,487055,487469
2022-03-04 22:48:00.000000000,1646405280000000000,3854,3856,3850,3852,1302,487469,487342
2022-03-04 22:49:00.000000000,1646405340000000000,3852,3854,3848,3848,1191,487342,487145
2022-03-04 22:50:00.000000000,1646405400000000000,3848,3856,3848,3856,1132,487145,487255
2022-03-04 22:51:00.000000000,1646405460000000000,3856,3866,3854,3862,4655,487255,487531
2022-03-04 22:52:00.000000000,1646405520000000000,3862,3862,3852,3854,1746,487531,487481
2022-03-04 22:53:00.000000000,1646405580000000000,3854,3862,3854,3862,1226,487481,487726
2022-03-04 22:54:00.000000000,1646405640000000000,3862,3864,3858,3862,1757,487726,487757
2022-03-04 22:55:00.000000000,1646405700000000000,3862,3866,3858,3860,1925,487757,487279
2022-03-04 22:56:00.000000000,1646405760000000000,3860,3862,3858,3860,1428,487279,487164
2022-03-04 22:57:00.000000000,1646405820000000000,3860,3862,3854,3856,2158,487164,486908
2022-03-04 22:58:00.000000000,1646405880000000000,3856,3858,3852,3854,1949,486908,486444
2022-03-04 22:59:00.000000000,1646405940000000000,3854,3856,3850,3852,5053,486444,484118
2022-03-07 09:00:00.000000000,1646614800000000000,3954,3954,3954,3954,16871,484118,478098
2022-03-07 09:01:00.000000000,1646614860000000000,3954,3954,3954,3954,2380,478098,477614
2022-03-07 09:02:00.000000000,1646614920000000000,3954,3954,3954,3954,1846,477614,477123
2022-03-07 09:03:00.000000000,1646614980000000000,3954,3954,3954,3954,1294,477123,476786
2022-03-07 09:04:00.000000000,1646615040000000000,3954,3954,3954,3954,687,476786,476333
2022-03-07 09:05:00.000000000,1646615100000000000,3954,3954,3954,3954,1342,476333,475306
2022-03-07 09:06:00.000000000,1646615160000000000,3954,3954,3954,3954,641,475306,474817
2022-03-07 09:07:00.000000000,1646615220000000000,3954,3954,3954,3954,747,474817,474615
2022-03-07 09:08:00.000000000,1646615280000000000,3954,3954,3954,3954,347,474615,474636
2022-03-07 09:09:00.000000000,1646615340000000000,3954,3954,3954,3954,350,474636,474520
2022-03-07 09:10:00.000000000,1646615400000000000,3954,3954,3954,3954,493,474520,474290
2022-03-07 09:11:00.000000000,1646615460000000000,3954,3954,3954,3954,317,474290,474250
2022-03-07 09:12:00.000000000,1646615520000000000,3954,3954,3954,3954,879,474250,474676
2022-03-07 09:13:00.000000000,1646615580000000000,3954,3954,3954,3954,1020,474676,474556
2022-03-07 09:14:00.000000000,1646615640000000000,3954,3954,3954,3954,2039,474556,474677
2022-03-07 09:15:00.000000000,1646615700000000000,3954,3954,3954,3954,827,474677,474835
2022-03-07 09:16:00.000000000,1646615760000000000,3954,3954,3954,3954,1743,474835,474800
2022-03-07 09:17:00.000000000,1646615820000000000,3954,3954,3950,3954,17399,474800,479226
2022-03-07 09:18:00.000000000,1646615880000000000,3954,3954,3926,3940,17909,479226,481293
2022-03-07 09:19:00.000000000,1646615940000000000,3940,3954,3940,3950,9739,481293,481844
2022-03-07 09:20:00.000000000,1646616000000000000,3950,3954,3948,3950,4471,481844,482821
2022-03-07 09:21:00.000000000,1646616060000000000,3950,3952,3946,3950,3818,482821,483109
2022-03-07 09:22:00.000000000,1646616120000000000,3950,3950,3928,3932,6708,483109,482047
2022-03-07 09:23:00.000000000,1646616180000000000,3932,3944,3932,3938,4387,482047,481447
2022-03-07 09:24:00.000000000,1646616240000000000,3938,3944,3936,3938,2029,481447,481842
2022-03-07 09:25:00.000000000,1646616300000000000,3938,3948,3930,3948,3857,481842,481136
2022-03-07 09:26:00.000000000,1646616360000000000,3948,3954,3938,3944,4374,481136,481002
2022-03-07 09:27:00.000000000,1646616420000000000,3944,3950,3944,3948,2045,481002,481917
2022-03-07 09:28:00.000000000,1646616480000000000,3948,3954,3948,3952,5836,481917,483049
2022-03-07 09:29:00.000000000,1646616540000000000,3952,3954,3942,3944,3700,483049,483350
2022-03-07 09:30:00.000000000,1646616600000000000,3944,3954,3944,3954,4854,483350,485161
2022-03-07 09:31:00.000000000,1646616660000000000,3954,3954,3952,3954,2940,485161,485715
2022-03-07 09:32:00.000000000,1646616720000000000,3954,3954,3954,3954,883,485715,485683
2022-03-07 09:33:00.000000000,1646616780000000000,3954,3954,3948,3952,4960,485683,487449
2022-03-07 09:34:00.000000000,1646616840000000000,3952,3954,3948,3950,2005,487449,487241
2022-03-07 09:35:00.000000000,1646616900000000000,3950,3954,3948,3954,2717,487241,487549
2022-03-07 09:36:00.000000000,1646616960000000000,3954,3954,3952,3952,1533,487549,487834
2022-03-07 09:37:00.000000000,1646617020000000000,3952,3954,3950,3952,2258,487834,486797
2022-03-07 09:38:00.000000000,1646617080000000000,3952,3954,3950,3954,1315,486797,486860
2022-03-07 09:39:00.000000000,1646617140000000000,3954,3954,3952,3954,846,486860,487049
2022-03-07 09:40:00.000000000,1646617200000000000,3954,3954,3954,3954,292,487049,486992
2022-03-07 09:41:00.000000000,1646617260000000000,3954,3954,3954,3954,140,486992,486949
2022-03-07 09:42:00.000000000,1646617320000000000,3954,3954,3954,3954,442,486949,486724
2022-03-07 09:43:00.000000000,1646617380000000000,3954,3954,3954,3954,200,486724,486663
2022-03-07 09:44:00.000000000,1646617440000000000,3954,3954,3954,3954,43,486663,486639
2022-03-07 09:45:00.000000000,1646617500000000000,3954,3954,3954,3954,607,486639,486435
2022-03-07 09:46:00.000000000,1646617560000000000,3954,3954,3952,3954,6176,486435,487236
2022-03-07 09:47:00.000000000,1646617620000000000,3954,3954,3952,3952,2400,487236,486911
2022-03-07 09:48:00.000000000,1646617680000000000,3952,3954,3952,3954,1191,486911,486708
2022-03-07 09:49:00.000000000,1646617740000000000,3954,3954,3952,3954,966,486708,486569
2022-03-07 09:50:00.000000000,1646617800000000000,3954,3954,3954,3954,364,486569,486764
2022-03-07 09:51:00.000000000,1646617860000000000,3954,3954,3954,3954,75,486764,486748
2022-03-07 09:52:00.000000000,1646617920000000000,3954,3954,3954,3954,1765,486748,486884
2022-03-07 09:53:00.000000000,1646617980000000000,3954,3954,3952,3954,1495,486884,486524
2022-03-07 09:54:00.000000000,1646618040000000000,3954,3954,3952,3952,1226,486524,486010
2022-03-07 09:55:00.000000000,1646618100000000000,3952,3954,3952,3952,857,486010,485732
2022-03-07 09:56:00.000000000,1646618160000000000,3952,3954,3950,3954,2164,485732,484719
2022-03-07 09:57:00.000000000,1646618220000000000,3954,3954,3952,3954,443,484719,484527
2022-03-07 09:58:00.000000000,1646618280000000000,3954,3954,3952,3952,934,484527,484546
2022-03-07 09:59:00.000000000,1646618340000000000,3952,3954,3952,3954,1193,484546,484318
2022-03-07 10:00:00.000000000,1646618400000000000,3954,3954,3954,3954,310,484318,484188
2022-03-07 10:01:00.000000000,1646618460000000000,3954,3954,3954,3954,72,484188,484190
2022-03-07 10:02:00.000000000,1646618520000000000,3954,3954,3954,3954,53,484190,484180
2022-03-07 10:03:00.000000000,1646618580000000000,3954,3954,3954,3954,44,484180,484173
2022-03-07 10:04:00.000000000,1646618640000000000,3954,3954,3954,3954,89,484173,484115
2022-03-07 10:05:00.000000000,1646618700000000000,3954,3954,3954,3954,126,484115,484042
2022-03-07 10:06:00.000000000,1646618760000000000,3954,3954,3954,3954,60,484042,484002
2022-03-07 10:07:00.000000000,1646618820000000000,3954,3954,3954,3954,18,484002,483998
2022-03-07 10:08:00.000000000,1646618880000000000,3954,3954,3954,3954,24,483998,483995
2022-03-07 10:09:00.000000000,1646618940000000000,3954,3954,3954,3954,34,483995,484014
2022-03-07 10:10:00.000000000,1646619000000000000,3954,3954,3954,3954,71,484014,483965
2022-03-07 10:11:00.000000000,1646619060000000000,3954,3954,3954,3954,29,483965,483960
2022-03-07 10:12:00.000000000,1646619120000000000,3954,3954,3954,3954,29,483960,483963
2022-03-07 10:13:00.000000000,1646619180000000000,3954,3954,3954,3954,17,483963,483961
2022-03-07 10:14:00.000000000,1646619240000000000,3954,3954,3954,3954,17,483961,483961
2022-03-07 10:30:00.000000000,1646620200000000000,3954,3954,3954,3954,359,483961,484000
2022-03-07 10:31:00.000000000,1646620260000000000,3954,3954,3954,3954,87,484000,483962
2022-03-07 10:32:00.000000000,1646620320000000000,3954,3954,3954,3954,136,483962,483942
2022-03-07 10:33:00.000000000,1646620380000000000,3954,3954,3954,3954,150,483942,483921
2022-03-07 10:34:00.000000000,1646620440000000000,3954,3954,3954,3954,189,483921,483956
2022-03-07 10:35:00.000000000,1646620500000000000,3954,3954,3954,3954,45,483956,483930
2022-03-07 10:36:00.000000000,1646620560000000000,3954,3954,3954,3954,148,483930,483896
2022-03-07 10:37:00.000000000,1646620620000000000,3954,3954,3954,3954,47,483896,483894
2022-03-07 10:38:00.000000000,1646620680000000000,3954,3954,3954,3954,197,483894,483879
2022-03-07 10:39:00.000000000,1646620740000000000,3954,3954,3954,3954,66,483879,483845
2022-03-07 10:40:00.000000000,1646620800000000000,3954,3954,3954,3954,35,483845,483828
2022-03-07 10:41:00.000000000,1646620860000000000,3954,3954,3954,3954,63,483828,483826
2022-03-07 10:42:00.000000000,1646620920000000000,3954,3954,3954,3954,26,483826,483826
2022-03-07 10:43:00.000000000,1646620980000000000,3954,3954,3954,3954,26,483826,483814
2022-03-07 10:44:00.000000000,1646621040000000000,3954,3954,3954,3954,53,483814,483796
2022-03-07 10:45:00.000000000,1646621100000000000,3954,3954,3954,3954,1398,483796,482741
2022-03-07 10:46:00.000000000,1646621160000000000,3954,3954,3954,3954,88,482741,482781
2022-03-07 10:47:00.000000000,1646621220000000000,3954,3954,3952,3954,4172,482781,483844
2022-03-07 10:48:00.000000000,1646621280000000000,3954,3954,3952,3954,1189,483844,483795
2022-03-07 10:49:00.000000000,1646621340000000000,3954,3954,3954,3954,101,483795,483782
2022-03-07 10:50:00.000000000,1646621400000000000,3954,3954,3954,3954,30,483782,483768
2022-03-07 10:51:00.000000000,1646621460000000000,3954,3954,3954,3954,15,483768,483763
2022-03-07 10:52:00.000000000,1646621520000000000,3954,3954,3954,3954,15,483763,483759
2022-03-07 10:53:00.000000000,1646621580000000000,3954,3954,3954,3954,591,483759,483190
2022-03-07 10:54:00.000000000,1646621640000000000,3954,3954,3954,3954,142,483190,483070
2022-03-07 10:55:00.000000000,1646621700000000000,3954,3954,3954,3954,44,483070,483052
2022-03-07 10:56:00.000000000,1646621760000000000,3954,3954,3954,3954,44,483052,483023
2022-03-07 10:57:00.000000000,1646621820000000000,3954,3954,3954,3954,10,483023,483022
2022-03-07 10:58:00.000000000,1646621880000000000,3954,3954,3954,3954,35,483022,483002
2022-03-07 10:59:00.000000000,1646621940000000000,3954,3954,3954,3954,73,483002,482935
2022-03-07 11:00:00.000000000,1646622000000000000,3954,3954,3954,3954,91,482935,482870
2022-03-07 11:01:00.000000000,1646622060000000000,3954,3954,3954,3954,50,482870,482832
2022-03-07 11:02:00.000000000,1646622120000000000,3954,3954,3954,3954,17,482832,482823
2022-03-07 11:03:00.000000000,1646622180000000000,3954,3954,3954,3954,225,482823,482603
2022-03-07 11:04:00.000000000,1646622240000000000,3954,3954,3954,3954,33,482603,482581
2022-03-07 11:05:00.000000000,1646622300000000000,3954,3954,3954,3954,531,482581,482633
2022-03-07 11:06:00.000000000,1646622360000000000,3954,3954,3954,3954,1911,482633,482587
2022-03-07 11:07:00.000000000,1646622420000000000,3954,3954,3954,3954,118,482587,482475
2022-03-07 11:08:00.000000000,1646622480000000000,3954,3954,3954,3954,12,482475,482467
2022-03-07 11:09:00.000000000,1646622540000000000,3954,3954,3954,3954,20,482467,482462
2022-03-07 11:10:00.000000000,1646622600000000000,3954,3954,3954,3954,28,482462,482451
2022-03-07 11:11:00.000000000,1646622660000000000,3954,3954,3954,3954,241,482451,482218
2022-03-07 11:12:00.000000000,1646622720000000000,3954,3954,3954,3954,130,482218,482126
2022-03-07 11:13:00.000000000,1646622780000000000,3954,3954,3954,3954,53,482126,482125
2022-03-07 11:14:00.000000000,1646622840000000000,3954,3954,3954,3954,55,482125,482093
2022-03-07 11:15:00.000000000,1646622900000000000,3954,3954,3954,3954,170,482093,481942
2022-03-07 11:16:00.000000000,1646622960000000000,3954,3954,3954,3954,77,481942,481882
2022-03-07 11:17:00.000000000,1646623020000000000,3954,3954,3954,3954,496,481882,481581
2022-03-07 11:18:00.000000000,1646623080000000000,3954,3954,3954,3954,148,481581,481487
2022-03-07 11:19:00.000000000,1646623140000000000,3954,3954,3954,3954,290,481487,481310
2022-03-07 11:20:00.000000000,1646623200000000000,3954,3954,3952,3954,3516,481310,481822
2022-03-07 11:21:00.000000000,1646623260000000000,3954,3954,3954,3954,321,481822,481755
2022-03-07 11:22:00.000000000,1646623320000000000,3954,3954,3954,3954,147,481755,481693
2022-03-07 11:23:00.000000000,1646623380000000000,3954,3954,3954,3954,23,481693,481687
2022-03-07 11:24:00.000000000,1646623440000000000,3954,3954,3954,3954,29,481687,481672
2022-03-07 11:25:00.000000000,1646623500000000000,3954,3954,3954,3954,131,481672,481569
2022-03-07 11:26:00.000000000,1646623560000000000,3954,3954,3954,3954,598,481569,481163
2022-03-07 11:27:00.000000000,1646623620000000000,3954,3954,3954,3954,220,481163,481100
2022-03-07 11:28:00.000000000,1646623680000000000,3954,3954,3954,3954,541,481100,480911
2022-03-07 11:29:00.000000000,1646623740000000000,3954,3954,3954,3954,972,480911,481001
2022-03-07 13:30:00.000000000,1646631000000000000,3954,3954,3954,3954,152,481001,480967
2022-03-07 13:31:00.000000000,1646631060000000000,3954,3954,3954,3954,145,480967,480850
2022-03-07 13:32:00.000000000,1646631120000000000,3954,3954,3954,3954,54,480850,480806
2022-03-07 13:33:00.000000000,1646631180000000000,3954,3954,3954,3954,26,480806,480803
2022-03-07 13:34:00.000000000,1646631240000000000,3954,3954,3954,3954,19,480803,480786
2022-03-07 13:35:00.000000000,1646631300000000000,3954,3954,3954,3954,11,480786,480780
2022-03-07 13:36:00.000000000,1646631360000000000,3954,3954,3954,3954,40,480780,480774
2022-03-07 13:37:00.000000000,1646631420000000000,3954,3954,3954,3954,10,480774,480768
2022-03-07 13:38:00.000000000,1646631480000000000,3954,3954,3954,3954,20,480768,480754
2022-03-07 13:39:00.000000000,1646631540000000000,3954,3954,3954,3954,76,480754,480685
2022-03-07 13:40:00.000000000,1646631600000000000,3954,3954,3954,3954,10,480685,480678
2022-03-07 13:41:00.000000000,1646631660000000000,3954,3954,3954,3954,20,480678,480665
2022-03-07 13:42:00.000000000,1646631720000000000,3954,3954,3954,3954,18,480665,480653
2022-03-07 13:43:00.000000000,1646631780000000000,3954,3954,3954,3954,15,480653,480647
2022-03-07 13:44:00.000000000,1646631840000000000,3954,3954,3954,3954,53,480647,480615
2022-03-07 13:45:00.000000000,1646631900000000000,3954,3954,3954,3954,44,480615,480578
2022-03-07 13:46:00.000000000,1646631960000000000,3954,3954,3954,3954,17,480578,480566
2022-03-07 13:47:00.000000000,1646632020000000000,3954,3954,3954,3954,44,480566,480524
2022-03-07 13:48:00.000000000,1646632080000000000,3954,3954,3954,3954,21,480524,480505
2022-03-07 13:49:00.000000000,1646632140000000000,3954,3954,3954,3954,10,480505,480500
2022-03-07 13:50:00.000000000,1646632200000000000,3954,3954,3954,3954,10,480500,480490
2022-03-07 13:51:00.000000000,1646632260000000000,3954,3954,3954,3954,10,480490,480485
2022-03-07 13:52:00.000000000,1646632320000000000,3954,3954,3954,3954,17,480485,480479
2022-03-07 13:53:00.000000000,1646632380000000000,3954,3954,3954,3954,14,480479,480467
2022-03-07 13:54:00.000000000,1646632440000000000,3954,3954,3954,3954,20,480467,480453
2022-03-07 13:55:00.000000000,1646632500000000000,3954,3954,3954,3954,253,480453,480204
2022-03-07 13:56:00.000000000,1646632560000000000,3954,3954,3954,3954,35,480204,480172
2022-03-07 13:57:00.000000000,1646632620000000000,3954,3954,3954,3954,18,480172,480158
2022-03-07 13:58:00.000000000,1646632680000000000,3954,3954,3954,3954,25,480158,480141
2022-03-07 13:59:00.000000000,1646632740000000000,3954,3954,3954,3954,13,480141,480131
2022-03-07 14:00:00.000000000,1646632800000000000,3954,3954,3954,3954,85,480131,480049
2022-03-07 14:01:00.000000000,1646632860000000000,3954,3954,3954,3954,36,480049,480021
2022-03-07 14:02:00.000000000,1646632920000000000,3954,3954,3954,3954,29,480021,479994
2022-03-07 14:03:00.000000000,1646632980000000000,3954,3954,3954,3954,24,479994,479987
2022-03-07 14:04:00.000000000,1646633040000000000,3954,3954,3954,3954,32,479987,479981
2022-03-07 14:05:00.000000000,1646633100000000000,3954,3954,3954,3954,10,479981,479973
2022-03-07 14:06:00.000000000,1646633160000000000,3954,3954,3954,3954,1,479973,479972
2022-03-07 14:07:00.000000000,1646633220000000000,3954,3954,3954,3954,131,479972,479854
2022-03-07 14:08:00.000000000,1646633280000000000,3954,3954,3954,3954,6,479854,479850
2022-03-07 14:09:00.000000000,1646633340000000000,3954,3954,3954,3954,24,479850,479826
2022-03-07 14:10:00.000000000,1646633400000000000,3954,3954,3954,3954,10,479826,479819
2022-03-07 14:11:00.000000000,1646633460000000000,3954,3954,3954,3954,32,479819,479808
2022-03-07 14:12:00.000000000,1646633520000000000,3954,3954,3954,3954,81,479808,479728
2022-03-07 14:13:00.000000000,1646633580000000000,3954,3954,3954,3954,8,479728,479720
2022-03-07 14:14:00.000000000,1646633640000000000,3954,3954,3954,3954,22,479720,479699
2022-03-07 14:15:00.000000000,1646633700000000000,3954,3954,3954,3954,10,479699,479690
2022-03-07 14:16:00.000000000,1646633760000000000,3954,3954,3954,3954,37,479690,479657
2022-03-07 14:17:00.000000000,1646633820000000000,3954,3954,3954,3954,38,479657,479621
2022-03-07 14:18:00.000000000,1646633880000000000,3954,3954,3954,3954,10,479621,479614
2022-03-07 14:19:00.000000000,1646633940000000000,3954,3954,3954,3954,17,479614,479599
2022-03-07 14:20:00.000000000,1646634000000000000,3954,3954,3954,3954,135,479599,479500
2022-03-07 14:21:00.000000000,1646634060000000000,3954,3954,3954,3954,73,479500,479473
2022-03-07 14:22:00.000000000,1646634120000000000,3954,3954,3954,3954,10,479473,479466
2022-03-07 14:23:00.000000000,1646634180000000000,3954,3954,3954,3954,5,479466,479463
2022-03-07 14:24:00.000000000,1646634240000000000,3954,3954,3954,3954,24,479463,479441
2022-03-07 14:25:00.000000000,1646634300000000000,3954,3954,3954,3954,18,479441,479426
2022-03-07 14:26:00.000000000,1646634360000000000,3954,3954,3954,3954,283,479426,479409
2022-03-07 14:27:00.000000000,1646634420000000000,3954,3954,3954,3954,11,479409,479402
2022-03-07 14:28:00.000000000,1646634480000000000,3954,3954,3954,3954,6,479402,479397
2022-03-07 14:29:00.000000000,1646634540000000000,3954,3954,3954,3954,31,479397,479371
2022-03-07 14:30:00.000000000,1646634600000000000,3954,3954,3954,3954,192,479371,479246
2022-03-07 14:31:00.000000000,1646634660000000000,3954,3954,3954,3954,96,479246,479205
2022-03-07 14:32:00.000000000,1646634720000000000,3954,3954,3954,3954,23,479205,479188
2022-03-07 14:33:00.000000000,1646634780000000000,3954,3954,3954,3954,10,479188,479180
2022-03-07 14:34:00.000000000,1646634840000000000,3954,3954,3954,3954,16,479180,479177
2022-03-07 14:35:00.000000000,1646634900000000000,3954,3954,3954,3954,478,479177,479063
2022-03-07 14:36:00.000000000,1646634960000000000,3954,3954,3954,3954,34,479063,479035
2022-03-07 14:37:00.000000000,1646635020000000000,3954,3954,3954,3954,40,479035,479001
2022-03-07 14:38:00.000000000,1646635080000000000,3954,3954,3954,3954,21,479001,478987
2022-03-07 14:39:00.000000000,1646635140000000000,3954,3954,3954,3954,2,478987,478987
2022-03-07 14:40:00.000000000,1646635200000000000,3954,3954,3954,3954,62,478987,478931
2022-03-07 14:41:00.000000000,1646635260000000000,3954,3954,3954,3954,73,478931,478906
2022-03-07 14:42:00.000000000,1646635320000000000,3954,3954,3954,3954,51,478906,478899
2022-03-07 14:43:00.000000000,1646635380000000000,3954,3954,3954,3954,14,478899,478888
2022-03-07 14:44:00.000000000,1646635440000000000,3954,3954,3954,3954,33,478888,478870
2022-03-07 14:45:00.000000000,1646635500000000000,3954,3954,3954,3954,135,478870,478844
2022-03-07 14:46:00.000000000,1646635560000000000,3954,3954,3954,3954,15,478844,478831
2022-03-07 14:47:00.000000000,1646635620000000000,3954,3954,3954,3954,27,478831,478828
2022-03-07 14:48:00.000000000,1646635680000000000,3954,3954,3954,3954,18,478828,478826
2022-03-07 14:49:00.000000000,1646635740000000000,3954,3954,3954,3954,43,478826,478791
2022-03-07 14:50:00.000000000,1646635800000000000,3954,3954,3954,3954,27,478791,478769
2022-03-07 14:51:00.000000000,1646635860000000000,3954,3954,3954,3954,48,478769,478761
2022-03-07 14:52:00.000000000,1646635920000000000,3954,3954,3954,3954,104,478761,478671
2022-03-07 14:53:00.000000000,1646635980000000000,3954,3954,3954,3954,13,478671,478665
2022-03-07 14:54:00.000000000,1646636040000000000,3954,3954,3954,3954,31,478665,478638
2022-03-07 14:55:00.000000000,1646636100000000000,3954,3954,3954,3954,219,478638,478504
2022-03-07 14:56:00.000000000,1646636160000000000,3954,3954,3954,3954,300,478504,478252
2022-03-07 14:57:00.000000000,1646636220000000000,3954,3954,3954,3954,81,478252,478195
2022-03-07 14:58:00.000000000,1646636280000000000,3954,3954,3954,3954,39,478195,478160
2022-03-07 14:59:00.000000000,1646636340000000000,3954,3954,3954,3954,168,478160,478075
2022-03-07 21:00:00.000000000,1646658000000000000,3950,3990,3926,3968,29730,478075,473983
2022-03-07 21:01:00.000000000,1646658060000000000,3968,3968,3946,3948,12018,473983,471874
2022-03-07 21:02:00.000000000,1646658120000000000,3948,3952,3946,3952,5972,471874,470778
2022-03-07 21:03:00.000000000,1646658180000000000,3952,3952,3924,3934,8678,470778,468980
2022-03-07 21:04:00.000000000,1646658240000000000,3934,3944,3906,3916,8686,468980,467239
2022-03-07 21:05:00.000000000,1646658300000000000,3916,3936,3916,3930,8071,467239,466512
2022-03-07 21:06:00.000000000,1646658360000000000,3930,3932,3918,3928,4949,466512,466562
2022-03-07 21:07:00.000000000,1646658420000000000,3928,3956,3926,3956,5481,466562,466439
2022-03-07 21:08:00.000000000,1646658480000000000,3956,3966,3948,3960,8365,466439,467801
2022-03-07 21:09:00.000000000,1646658540000000000,3960,3962,3938,3952,4670,467801,467744
2022-03-07 21:10:00.000000000,1646658600000000000,3952,3964,3944,3964,4512,467744,467499
2022-03-07 21:11:00.000000000,1646658660000000000,3964,3980,3954,3980,5580,467499,468093
2022-03-07 21:12:00.000000000,1646658720000000000,3980,3984,3974,3974,4401,468093,469464
2022-03-07 21:13:00.000000000,1646658780000000000,3974,3974,3958,3962,3592,469464,469794
2022-03-07 21:14:00.000000000,1646658840000000000,3962,3964,3952,3954,2396,469794,469689
2022-03-07 21:15:00.000000000,1646658900000000000,3954,3966,3954,3958,2940,469689,470036
2022-03-07 21:16:00.000000000,1646658960000000000,3958,3964,3954,3962,2610,470036,470048
2022-03-07 21:17:00.000000000,1646659020000000000,3962,3962,3950,3952,2380,470048,469982
2022-03-07 21:18:00.000000000,1646659080000000000,3952,3952,3944,3944,2152,469982,469779
2022-03-07 21:19:00.000000000,1646659140000000000,3944,3944,3936,3938,3232,469779,469041
2022-03-07 21:20:00.000000000,1646659200000000000,3938,3948,3936,3942,3301,469041,468704
2022-03-07 21:21:00.000000000,1646659260000000000,3942,3946,3918,3918,4988,468704,468815
2022-03-07 21:22:00.000000000,1646659320000000000,3918,3934,3914,3926,5625,468815,467077
2022-03-07 21:23:00.000000000,1646659380000000000,3926,3936,3926,3932,3558,467077,466716
2022-03-07 21:24:00.000000000,1646659440000000000,3932,3932,3904,3910,6898,466716,464389
2022-03-07 21:25:00.000000000,1646659500000000000,3910,3922,3910,3922,4355,464389,463478
2022-03-07 21:26:00.000000000,1646659560000000000,3922,3922,3910,3918,2612,463478,463379
2022-03-07 21:27:00.000000000,1646659620000000000,3918,3924,3916,3922,2439,463379,463397
2022-03-07 21:28:00.000000000,1646659680000000000,3922,3934,3922,3928,3068,463397,463172
2022-03-07 21:29:00.000000000,1646659740000000000,3928,3936,3926,3932,2039,463172,463334
2022-03-07 21:30:00.000000000,1646659800000000000,3932,3932,3924,3930,2862,463334,463564
2022-03-07 21:31:00.000000000,1646659860000000000,3930,3950,3928,3948,4238,463564,462847
2022-03-07 21:32:00.000000000,1646659920000000000,3948,3960,3948,3950,4336,462847,463236
2022-03-07 21:33:00.000000000,1646659980000000000,3950,3956,3950,3952,1654,463236,463338
2022-03-07 21:34:00.000000000,1646660040000000000,3952,3954,3942,3946,2730,463338,463240
2022-03-07 21:35:00.000000000,1646660100000000000,3946,3948,3920,3920,3172,463240,462737
2022-03-07 21:36:00.000000000,1646660160000000000,3920,3934,3920,3928,4399,462737,461674
2022-03-07 21:37:00.000000000,1646660220000000000,3928,3930,3922,3926,2233,461674,461333
2022-03-07 21:38:00.000000000,1646660280000000000,3926,3928,3910,3912,3441,461333,460839
2022-03-07 21:39:00.000000000,1646660340000000000,3912,3924,3912,3916,3029,460839,460436
2022-03-07 21:40:00.000000000,1646660400000000000,3916,3924,3912,3918,2833,460436,459686
2022-03-07 21:41:00.000000000,1646660460000000000,3918,3918,3906,3910,4087,459686,458880
2022-03-07 21:42:00.000000000,1646660520000000000,3910,3918,3906,3908,4540,458880,457868
2022-03-07 21:43:00.000000000,1646660580000000000,3908,3908,3884,3886,11171,457868,455387
2022-03-07 21:44:00.000000000,1646660640000000000,3886,3888,3870,3870,8546,455387,452977
2022-03-07 21:45:00.000000000,1646660700000000000,3870,3882,3870,3880,7576,452977,450446
2022-03-07 21:46:00.000000000,1646660760000000000,3880,3914,3876,3904,7259,450446,448375
2022-03-07 21:47:00.000000000,1646660820000000000,3904,3910,3898,3906,3772,448375,448344
2022-03-07 21:48:00.000000000,1646660880000000000,3906,3924,3902,3914,4149,448344,448058
2022-03-07 21:49:00.000000000,1646660940000000000,3914,3928,3910,3926,3708,448058,447789
2022-03-07 21:50:00.000000000,1646661000000000000,3926,3928,3918,3920,2637,447789,448116
2022-03-07 21:51:00.000000000,1646661060000000000,3920,3944,3920,3942,3405,448116,448496
2022-03-07 21:52:00.000000000,1646661120000000000,3942,3952,3934,3946,5075,448496,449943
2022-03-07 21:53:00.000000000,1646661180000000000,3946,3954,3944,3952,4559,449943,450926
2022-03-07 21:54:00.000000000,1646661240000000000,3952,3966,3950,3954,6758,450926,451564
2022-03-07 21:55:00.000000000,1646661300000000000,3954,3956,3938,3942,3978,451564,452310
2022-03-07 21:56:00.000000000,1646661360000000000,3942,3950,3938,3942,1782,452310,452394
2022-03-07 21:57:00.000000000,1646661420000000000,3942,3950,3940,3942,1366,452394,452641
2022-03-07 21:58:00.000000000,1646661480000000000,3942,3952,3942,3944,1406,452641,452741
2022-03-07 21:59:00.000000000,1646661540000000000,3944,3956,3944,3954,2308,452741,453163
2022-03-07 22:00:00.000000000,1646661600000000000,3954,3956,3950,3954,1889,453163,453642
2022-03-07 22:01:00.000000000,1646661660000000000,3954,3960,3944,3952,2599,453642,453817
2022-03-07 22:02:00.000000000,1646661720000000000,3952,3952,3936,3938,2938,453817,453765
2022-03-07 22:03:00.000000000,1646661780000000000,3938,3942,3932,3932,2321,453765,453205
2022-03-07 22:04:00.000000000,1646661840000000000,3932,3940,3932,3938,1755,453205,453379
2022-03-07 22:05:00.000000000,1646661900000000000,3938,3950,3934,3934,2720,453379,453493
2022-03-07 22:06:00.000000000,1646661960000000000,3934,3942,3928,3928,2236,453493,453805
2022-03-07 22:07:00.000000000,1646662020000000000,3928,3932,3926,3928,2837,453805,453580
2022-03-07 22:08:00.000000000,1646662080000000000,3928,3932,3922,3932,2471,453580,453828
2022-03-07 22:09:00.000000000,1646662140000000000,3932,3940,3932,3932,1576,453828,453768
2022-03-07 22:10:00.000000000,1646662200000000000,3932,3950,3932,3946,2382,453768,454072
2022-03-07 22:11:00.000000000,1646662260000000000,3946,3948,3938,3938,1448,454072,454297
2022-03-07 22:12:00.000000000,1646662320000000000,3938,3938,3928,3928,1948,454297,454032
2022-03-07 22:13:00.000000000,1646662380000000000,3928,3932,3926,3932,1288,454032,454048
2022-03-07 22:14:00.000000000,1646662440000000000,3932,3934,3928,3930,904,454048,453924
2022-03-07 22:15:00.000000000,1646662500000000000,3930,3938,3926,3938,1384,453924,453744
2022-03-07 22:16:00.000000000,1646662560000000000,3938,3944,3936,3940,1729,453744,453855
2022-03-07 22:17:00.000000000,1646662620000000000,3940,3942,3924,3924,1987,453855,454049
2022-03-07 22:18:00.000000000,1646662680000000000,3924,3930,3922,3926,1535,454049,454272
2022-03-07 22:19:00.000000000,1646662740000000000,3926,3932,3926,3930,1150,454272,454326
2022-03-07 22:20:00.000000000,1646662800000000000,3930,3930,3914,3914,3702,454326,454253
2022-03-07 22:21:00.000000000,1646662860000000000,3914,3914,3900,3902,5974,454253,453538
2022-03-07 22:22:00.000000000,1646662920000000000,3902,3910,3902,3904,4656,453538,452364
2022-03-07 22:23:00.000000000,1646662980000000000,3904,3910,3900,3910,2632,452364,451850
2022-03-07 22:24:00.000000000,1646663040000000000,3910,3910,3900,3902,3079,451850,450983
2022-03-07 22:25:00.000000000,1646663100000000000,3902,3934,3902,3928,5071,450983,450575
2022-03-07 22:26:00.000000000,1646663160000000000,3928,3940,3926,3936,4209,450575,450633
2022-03-07 22:27:00.000000000,1646663220000000000,3936,3942,3932,3936,3990,450633,451689
2022-03-07 22:28:00.000000000,1646663280000000000,3936,3954,3936,3948,4506,451689,453068
2022-03-07 22:29:00.000000000,1646663340000000000,3948,3954,3936,3940,5368,453068,455922
2022-03-07 22:30:00.000000000,1646663400000000000,3940,3954,3940,3950,4364,455922,457729
2022-03-07 22:31:00.000000000,1646663460000000000,3950,3958,3948,3958,3422,457729,458963
2022-03-07 22:32:00.000000000,1646663520000000000,3958,3976,3958,3976,7435,458963,460459
2022-03-07 22:33:00.000000000,1646663580000000000,3976,3998,3970,3994,10579,460459,463758
2022-03-07 22:34:00.000000000,1646663640000000000,3994,4026,3992,4024,11921,463758,466511
2022-03-07 22:35:00.000000000,1646663700000000000,4024,4034,4002,4010,9729,466511,467549
2022-03-07 22:36:00.000000000,1646663760000000000,4010,4012,3996,4006,5822,467549,468493
2022-03-07 22:37:00.000000000,1646663820000000000,4006,4014,4006,4012,3745,468493,468906
2022-03-07 22:38:00.000000000,1646663880000000000,4012,4032,4010,4016,6851,468906,470081
2022-03-07 22:39:00.000000000,1646663940000000000,4016,4024,4006,4010,4502,470081,470539
2022-03-07 22:40:00.000000000,1646664000000000000,4010,4012,4004,4004,3210,470539,470862
2022-03-07 22:41:00.000000000,1646664060000000000,4004,4012,4004,4006,2703,470862,471415
2022-03-07 22:42:00.000000000,1646664120000000000,4006,4010,4006,4008,2727,471415,471401
2022-03-07 22:43:00.000000000,1646664180000000000,4008,4010,4004,4004,2889,471401,471348
2022-03-07 22:44:00.000000000,1646664240000000000,4004,4014,4002,4014,5121,471348,473006
2022-03-07 22:45:00.000000000,1646664300000000000,4014,4014,4004,4004,3019,473006,473221
2022-03-07 22:46:00.000000000,1646664360000000000,4004,4008,4004,4006,2013,473221,473539
2022-03-07 22:47:00.000000000,1646664420000000000,4006,4016,4006,4012,2729,473539,473816
2022-03-07 22:48:00.000000000,1646664480000000000,4012,4012,4004,4008,1708,473816,473965
2022-03-07 22:49:00.000000000,1646664540000000000,4008,4012,4006,4008,1558,473965,473741
2022-03-07 22:50:00.000000000,1646664600000000000,4008,4012,4004,4004,2221,473741,473271
2022-03-07 22:51:00.000000000,1646664660000000000,4004,4008,4000,4006,3837,473271,473465
2022-03-07 22:52:00.000000000,1646664720000000000,4006,4034,4006,4030,4510,473465,473483
2022-03-07 22:53:00.000000000,1646664780000000000,4030,4030,4012,4012,3813,473483,473053
2022-03-07 22:54:00.000000000,1646664840000000000,4012,4030,4010,4028,2046,473053,472956
2022-03-07 22:55:00.000000000,1646664900000000000,4028,4038,4014,4026,3814,472956,473130
2022-03-07 22:56:00.000000000,1646664960000000000,4026,4034,4018,4030,2832,473130,473189
2022-03-07 22:57:00.000000000,1646665020000000000,4030,4050,4030,4050,5346,473189,473970
2022-03-07 22:58:00.000000000,1646665080000000000,4050,4050,4036,4046,3569,473970,473836
2022-03-07 22:59:00.000000000,1646665140000000000,4046,4050,4038,4048,5509,473836,472767
2022-03-08 09:00:00.000000000,1646701200000000000,4084,4100,4064,4096,16665,472767,473146
2022-03-08 09:01:00.000000000,1646701260000000000,4096,4096,4074,4088,6412,473146,473811
2022-03-08 09:02:00.000000000,1646701320000000000,4088,4088,4066,4066,3271,473811,473478
2022-03-08 09:03:00.000000000,1646701380000000000,4066,4074,4064,4066,3221,473478,473568
2022-03-08 09:04:00.000000000,1646701440000000000,4066,4068,4054,4064,4043,473568,472847
2022-03-08 09:05:00.000000000,1646701500000000000,4064,4064,4056,4062,2208,472847,472611
2022-03-08 09:06:00.000000000,1646701560000000000,4062,4074,4060,4072,2580,472611,472506
2022-03-08 09:07:00.000000000,1646701620000000000,4072,4072,4064,4070,2304,472506,472607
2022-03-08 09:08:00.000000000,1646701680000000000,4070,4070,4056,4058,1389,472607,472668
2022-03-08 09:09:00.000000000,1646701740000000000,4058,4066,4058,4058,2084,472668,473044
2022-03-08 09:10:00.000000000,1646701800000000000,4058,4060,4026,4038,6607,473044,472540
2022-03-08 09:11:00.000000000,1646701860000000000,4038,4044,4028,4032,5579,472540,472161
2022-03-08 09:12:00.000000000,1646701920000000000,4032,4042,4028,4028,3165,472161,472339
2022-03-08 09:13:00.000000000,1646701980000000000,4028,4032,4022,4028,3069,472339,472147
2022-03-08 09:14:00.000000000,1646702040000000000,4028,4030,4014,4022,3579,472147,471346
2022-03-08 09:15:00.000000000,1646702100000000000,4022,4034,4020,4034,1986,471346,471650
2022-03-08 09:16:00.000000000,1646702160000000000,4034,4036,4024,4032,3098,471650,472200
2022-03-08 09:17:00.000000000,1646702220000000000,4032,4044,4028,4042,2906,472200,472236
2022-03-08 09:18:00.000000000,1646702280000000000,4042,4048,4038,4048,2761,472236,472755
2022-03-08 09:19:00.000000000,1646702340000000000,4048,4056,4046,4050,3386,472755,473224
2022-03-08 09:20:00.000000000,1646702400000000000,4050,4054,4044,4044,1380,473224,473363
2022-03-08 09:21:00.000000000,1646702460000000000,4044,4052,4042,4048,2303,473363,474030
2022-03-08 09:22:00.000000000,1646702520000000000,4048,4050,4038,4038,1420,474030,473829
2022-03-08 09:23:00.000000000,1646702580000000000,4038,4044,4036,4040,2533,473829,473735
2022-03-08 09:24:00.000000000,1646702640000000000,4040,4042,4026,4030,2414,473735,474386
2022-03-08 09:25:00.000000000,1646702700000000000,4030,4036,4026,4032,2325,474386,475481
2022-03-08 09:26:00.000000000,1646702760000000000,4032,4032,4024,4026,1512,475481,475730
2022-03-08 09:27:00.000000000,1646702820000000000,4026,4030,4024,4030,1590,475730,476059
2022-03-08 09:28:00.000000000,1646702880000000000,4030,4034,4028,4028,1202,476059,476103
2022-03-08 09:29:00.000000000,1646702940000000000,4028,4028,4016,4024,2227,476103,476365
2022-03-08 09:30:00.000000000,1646703000000000000,4024,4026,4018,4024,1282,476365,476296
2022-03-08 09:31:00.000000000,1646703060000000000,4024,4036,4024,4034,1520,476296,476338
2022-03-08 09:32:00.000000000,1646703120000000000,4034,4042,4032,4040,2386,476338,476811
2022-03-08 09:33:00.000000000,1646703180000000000,4040,4042,4036,4040,1284,476811,476920
2022-03-08 09:34:00.000000000,1646703240000000000,4040,4046,4038,4044,1297,476920,477018
2022-03-08 09:35:00.000000000,1646703300000000000,4044,4044,4034,4036,1315,477018,477321
2022-03-08 09:36:00.000000000,1646703360000000000,4036,4042,4036,4040,532,477321,477508
2022-03-08 09:37:00.000000000,1646703420000000000,4040,4042,4036,4040,845,477508,477645
2022-03-08 09:38:00.000000000,1646703480000000000,4040,4042,4038,4042,636,477645,477777
2022-03-08 09:39:00.000000000,1646703540000000000,4042,4042,4038,4040,572,477777,477687
2022-03-08 09:40:00.000000000,1646703600000000000,4040,4044,4036,4036,834,477687,477587
2022-03-08 09:41:00.000000000,1646703660000000000,4036,4040,4036,4036,524,477587,477692
2022-03-08 09:42:00.000000000,1646703720000000000,4036,4040,4034,4040,394,477692,477646
2022-03-08 09:43:00.000000000,1646703780000000000,4040,4042,4038,4040,281,477646,477608
2022-03-08 09:44:00.000000000,1646703840000000000,4040,4042,4038,4040,607,477608,477633
2022-03-08 09:45:00.000000000,1646703900000000000,4040,4058,4038,4054,2805,477633,477950
2022-03-08 09:46:00.000000000,1646703960000000000,4054,4054,4044,4046,904,477950,478028
2022-03-08 09:47:00.000000000,1646704020000000000,4046,4050,4044,4048,721,478028,478167
2022-03-08 09:48:00.000000000,1646704080000000000,4048,4056,4048,4056,1064,478167,478259
2022-03-08 09:49:00.000000000,1646704140000000000,4056,4070,4052,4070,2401,478259,478438
2022-03-08 09:50:00.000000000,1646704200000000000,4070,4072,4066,4072,2771,478438,478992
2022-03-08 09:51:00.000000000,1646704260000000000,4072,4096,4070,4094,4996,478992,480606
2022-03-08 09:52:00.000000000,1646704320000000000,4094,4094,4072,4080,4005,480606,480880
2022-03-08 09:53:00.000000000,1646704380000000000,4080,4080,4074,4076,987,480880,481093
2022-03-08 09:54:00.000000000,1646704440000000000,4076,4082,4070,4072,2321,481093,481584
2022-03-08 09:55:00.000000000,1646704500000000000,4072,4080,4070,4080,1056,481584,481673
2022-03-08 09:56:00.000000000,1646704560000000000,4080,4080,4072,4074,1568,481673,481928
2022-03-08 09:57:00.000000000,1646704620000000000,4074,4074,4064,4066,1512,481928,481861
2022-03-08 09:58:00.000000000,1646704680000000000,4066,4070,4056,4058,2029,481861,481409
2022-03-08 09:59:00.000000000,1646704740000000000,4058,4064,4058,4062,1025,481409,481379
2022-03-08 10:00:00.000000000,1646704800000000000,4062,4082,4062,4082,3004,481379,481665
2022-03-08 10:01:00.000000000,1646704860000000000,4082,4094,4076,4090,4939,481665,483152
2022-03-08 10:02:00.000000000,1646704920000000000,4090,4094,4084,4090,2143,483152,483632
2022-03-08 10:03:00.000000000,1646704980000000000,4090,4094,4088,4092,1925,483632,484205
2022-03-08 10:04:00.000000000,1646705040000000000,4092,4114,4092,4112,7781,484205,485001
2022-03-08 10:05:00.000000000,1646705100000000000,4112,4124,4106,4120,7829,485001,486734
2022-03-08 10:06:00.000000000,1646705160000000000,4120,4124,4110,4122,6102,486734,487223
2022-03-08 10:07:00.000000000,1646705220000000000,4122,4126,4118,4124,3881,487223,487272
2022-03-08 10:08:00.000000000,1646705280000000000,4124,4138,4120,4136,4474,487272,487839
2022-03-08 10:09:00.000000000,1646705340000000000,4136,4150,4130,4150,7045,487839,488897
2022-03-08 10:10:00.000000000,1646705400000000000,4150,4150,4136,4138,5415,488897,489737
2022-03-08 10:11:00.000000000,1646705460000000000,4138,4158,4138,4146,6140,489737,491163
2022-03-08 10:12:00.000000000,1646705520000000000,4146,4148,4132,4138,4490,491163,492031
2022-03-08 10:13:00.000000000,1646705580000000000,4138,4144,4134,4144,2765,492031,492803
2022-03-08 10:14:00.000000000,1646705640000000000,4144,4170,4140,4168,5637,492803,494057
2022-03-08 10:30:00.000000000,1646706600000000000,4172,4218,4172,4216,16337,494057,496415
2022-03-08 10:31:00.000000000,1646706660000000000,4216,4280,4206,4276,19336,496415,497214
2022-03-08 10:32:00.000000000,1646706720000000000,4276,4280,4268,4268,14799,497214,497340
2022-03-08 10:33:00.000000000,1646706780000000000,4268,4280,4268,4274,7927,497340,496552
2022-03-08 10:34:00.000000000,1646706840000000000,4274,4274,4262,4264,9391,496552,498879
2022-03-08 10:35:00.000000000,1646706900000000000,4264,4264,4246,4246,7380,498879,497198
2022-03-08 10:36:00.000000000,1646706960000000000,4246,4264,4246,4258,6949,497198,496041
2022-03-08 10:37:00.000000000,1646707020000000000,4258,4258,4244,4250,4129,496041,495758
2022-03-08 10:38:00.000000000,1646707080000000000,4250,4252,4238,4240,3589,495758,494743
2022-03-08 10:39:00.000000000,1646707140000000000,4240,4252,4240,4244,3221,494743,494176
2022-03-08 10:40:00.000000000,1646707200000000000,4244,4246,4226,4246,5600,494176,492957
2022-03-08 10:41:00.000000000,1646707260000000000,4246,4246,4230,4234,4323,492957,491520
2022-03-08 10:42:00.000000000,1646707320000000000,4234,4254,4230,4242,4332,491520,490264
2022-03-08 10:43:00.000000000,1646707380000000000,4242,4256,4240,4254,3404,490264,489922
2022-03-08 10:44:00.000000000,1646707440000000000,4254,4256,4246,4250,2499,489922,489801
2022-03-08 10:45:00.000000000,1646707500000000000,4250,4252,4232,4236,2257,489801,489450
2022-03-08 10:46:00.000000000,1646707560000000000,4236,4248,4232,4246,2887,489450,488784
2022-03-08 10:47:00.000000000,1646707620000000000,4246,4246,4236,4242,1626,488784,489102
2022-03-08 10:48:00.000000000,1646707680000000000,4242,4246,4234,4234,1681,489102,488580
2022-03-08 10:49:00.000000000,1646707740000000000,4234,4240,4234,4240,1857,488580,488139
2022-03-08 10:50:00.000000000,1646707800000000000,4240,4242,4230,4240,2951,488139,488054
2022-03-08 10:51:00.000000000,1646707860000000000,4240,4268,4238,4260,4689,488054,487624
2022-03-08 10:52:00.000000000,1646707920000000000,4260,4264,4256,4264,2906,487624,487633
2022-03-08 10:53:00.000000000,1646707980000000000,4264,4266,4250,4252,2400,487633,487705
2022-03-08 10:54:00.000000000,1646708040000000000,4252,4260,4248,4260,1694,487705,488009
2022-03-08 10:55:00.000000000,1646708100000000000,4260,4266,4258,4262,1551,488009,488131
2022-03-08 10:56:00.000000000,1646708160000000000,4262,4262,4252,4254,1249,488131,488065
2022-03-08 10:57:00.000000000,1646708220000000000,4254,4258,4252,4252,1237,488065,488047
2022-03-08 10:58:00.000000000,1646708280000000000,4252,4260,4252,4252,1156,488047,487890
2022-03-08 10:59:00.000000000,1646708340000000000,4252,4254,4244,4254,1659,487890,487948
2022-03-08 11:00:00.000000000,1646708400000000000,4254,4266,4254,4260,2139,487948,488425
2022-03-08 11:01:00.000000000,1646708460000000000,4260,4262,4258,4260,1268,488425,488441
2022-03-08 11:02:00.000000000,1646708520000000000,4260,4264,4258,4260,1854,488441,488329
2022-03-08 11:03:00.000000000,1646708580000000000,4260,4266,4258,4266,925,488329,488310
2022-03-08 11:04:00.000000000,1646708640000000000,4266,4278,4262,4274,5373,488310,487675
2022-03-08 11:05:00.000000000,1646708700000000000,4274,4278,4270,4276,2761,487675,487826
2022-03-08 11:06:00.000000000,1646708760000000000,4276,4278,4272,4276,2639,487826,488414
2022-03-08 11:07:00.000000000,1646708820000000000,4276,4276,4270,4272,1864,488414,488029
2022-03-08 11:08:00.000000000,1646708880000000000,4272,4272,4266,4268,1782,488029,487819
2022-03-08 11:09:00.000000000,1646708940000000000,4268,4278,4268,4276,2404,487819,488627
2022-03-08 11:10:00.000000000,1646709000000000000,4276,4276,4266,4268,1199,488627,488636
2022-03-08 11:11:00.000000000,1646709060000000000,4268,4270,4264,4268,2296,488636,488585
2022-03-08 11:12:00.000000000,1646709120000000000,4268,4270,4244,4250,4917,488585,488609
2022-03-08 11:13:00.000000000,1646709180000000000,4250,4254,4238,4250,5128,488609,487641
2022-03-08 11:14:00.000000000,1646709240000000000,4250,4252,4210,4224,6588,487641,485491
2022-03-08 11:15:00.000000000,1646709300000000000,4224,4244,4224,4234,3282,485491,485271
2022-03-08 11:16:00.000000000,1646709360000000000,4234,4244,4232,4236,2047,485271,484893
2022-03-08 11:17:00.000000000,1646709420000000000,4236,4248,4234,4242,1985,484893,485256
2022-03-08 11:18:00.000000000,1646709480000000000,4242,4242,4228,4230,2218,485256,485371
2022-03-08 11:19:00.000000000,1646709540000000000,4230,4236,4204,4206,5765,485371,483866
2022-03-08 11:20:00.000000000,1646709600000000000,4206,4222,4204,4210,4152,483866,482791
2022-03-08 11:21:00.000000000,1646709660000000000,4210,4216,4202,4212,2901,482791,482549
2022-03-08 11:22:00.000000000,1646709720000000000,4212,4214,4194,4200,5142,482549,482584
2022-03-08 11:23:00.000000000,1646709780000000000,4200,4208,4196,4202,3006,482584,481836
2022-03-08 11:24:00.000000000,1646709840000000000,4202,4216,4198,4198,4230,481836,480898
2022-03-08 11:25:00.000000000,1646709900000000000,4198,4224,4196,4224,2722,480898,480177
2022-03-08 11:26:00.000000000,1646709960000000000,4224,4230,4218,4228,3607,480177,480101
2022-03-08 11:27:00.000000000,1646710020000000000,4228,4234,4224,4228,1960,480101,480288
2022-03-08 11:28:00.000000000,1646710080000000000,4228,4234,4220,4232,1710,480288,480441
2022-03-08 11:29:00.000000000,1646710140000000000,4232,4234,4224,4228,2405,480441,480077
2022-03-08 13:30:00.000000000,1646717400000000000,4228,4242,4228,4240,4768,480077,480836
2022-03-08 13:31:00.000000000,1646717460000000000,4240,4244,4238,4240,1811,480836,481013
2022-03-08 13:32:00.000000000,1646717520000000000,4240,4250,4240,4246,2071,481013,481245
2022-03-08 13:33:00.000000000,1646717580000000000,4246,4248,4242,4242,1153,481245,481141
2022-03-08 13:34:00.000000000,1646717640000000000,4242,4244,4236,4238,1148,481141,481026
2022-03-08 13:35:00.000000000,1646717700000000000,4238,4240,4236,4236,903,481026,481171
2022-03-08 13:36:00.000000000,1646717760000000000,4236,4240,4230,4236,1420,481171,480962
2022-03-08 13:37:00.000000000,1646717820000000000,4236,4242,4236,4242,1310,480962,481063
2022-03-08 13:38:00.000000000,1646717880000000000,4242,4246,4240,4244,1220,481063,481336
2022-03-08 13:39:00.000000000,1646717940000000000,4244,4246,4238,4242,1359,481336,480872
2022-03-08 13:40:00.000000000,1646718000000000000,4242,4250,4240,4242,1686,480872,480690
2022-03-08 13:41:00.000000000,1646718060000000000,4242,4246,4236,4242,1563,480690,480505
2022-03-08 13:42:00.000000000,1646718120000000000,4242,4246,4240,4244,908,480505,480416
2022-03-08 13:43:00.000000000,1646718180000000000,4244,4256,4244,4254,2731,480416,480957
2022-03-08 13:44:00.000000000,1646718240000000000,4254,4256,4250,4254,1324,480957,480875
2022-03-08 13:45:00.000000000,1646718300000000000,4254,4256,4248,4254,1080,480875,480981
2022-03-08 13:46:00.000000000,1646718360000000000,4254,4256,4246,4246,1155,480981,481109
2022-03-08 13:47:00.000000000,1646718420000000000,4246,4252,4240,4242,1337,481109,481165
2022-03-08 13:48:00.000000000,1646718480000000000,4242,4250,4242,4248,1294,481165,481376
2022-03-08 13:49:00.000000000,1646718540000000000,4248,4250,4244,4248,679,481376,481371
2022-03-08 13:50:00.000000000,1646718600000000000,4248,4252,4246,4250,736,481371,481478
2022-03-08 13:51:00.000000000,1646718660000000000,4250,4254,4248,4252,1005,481478,481432
2022-03-08 13:52:00.000000000,1646718720000000000,4252,4264,4250,4262,2067,481432,481476
2022-03-08 13:53:00.000000000,1646718780000000000,4262,4274,4260,4272,2808,481476,481305
2022-03-08 13:54:00.000000000,1646718840000000000,4272,4274,4268,4274,1728,481305,481823
2022-03-08 13:55:00.000000000,1646718900000000000,4274,4276,4272,4272,2374,481823,481903
2022-03-08 13:56:00.000000000,1646718960000000000,4272,4276,4272,4274,1518,481903,481937
2022-03-08 13:57:00.000000000,1646719020000000000,4274,4276,4272,4274,1090,481937,481989
2022-03-08 13:58:00.000000000,1646719080000000000,4274,4276,4272,4276,967,481989,482106
2022-03-08 13:59:00.000000000,1646719140000000000,4276,4280,4272,4280,3936,482106,483197
2022-03-08 14:00:00.000000000,1646719200000000000,4280,4280,4266,4266,3379,483197,483532
2022-03-08 14:01:00.000000000,1646719260000000000,4266,4272,4264,4270,1580,483532,483225
2022-03-08 14:02:00.000000000,1646719320000000000,4270,4272,4268,4270,692,483225,483155
2022-03-08 14:03:00.000000000,1646719380000000000,4270,4278,4270,4278,1810,483155,483637
2022-03-08 14:04:00.000000000,1646719440000000000,4278,4280,4274,4278,3421,483637,484192
2022-03-08 14:05:00.000000000,1646719500000000000,4278,4280,4276,4276,788,484192,484297
2022-03-08 14:06:00.000000000,1646719560000000000,4276,4278,4272,4274,944,484297,484238
2022-03-08 14:07:00.000000000,1646719620000000000,4274,4278,4272,4274,748,484238,484046
2022-03-08 14:08:00.000000000,1646719680000000000,4274,4278,4270,4270,1101,484046,483697
2022-03-08 14:09:00.000000000,1646719740000000000,4270,4272,4264,4270,1441,483697,483461
2022-03-08 14:10:00.000000000,1646719800000000000,4270,4272,4242,4242,4679,483461,482422
2022-03-08 14:11:00.000000000,1646719860000000000,4242,4252,4242,4248,2347,482422,482277
2022-03-08 14:12:00.000000000,1646719920000000000,4248,4270,4242,4264,3129,482277,481373
2022-03-08 14:13:00.000000000,1646719980000000000,4264,4264,4254,4258,855,481373,481433
2022-03-08 14:14:00.000000000,1646720040000000000,4258,4264,4254,4260,956,481433,481470
2022-03-08 14:15:00.000000000,1646720100000000000,4260,4266,4256,4262,1034,481470,481572
2022-03-08 14:16:00.000000000,1646720160000000000,4262,4268,4258,4266,1000,481572,481525
2022-03-08 14:17:00.000000000,1646720220000000000,4266,4272,4266,4272,974,481525,481410
2022-03-08 14:18:00.000000000,1646720280000000000,4272,4272,4266,4268,1086,481410,481515
2022-03-08 14:19:00.000000000,1646720340000000000,4268,4276,4268,4276,1572,481515,481555
2022-03-08 14:20:00.000000000,1646720400000000000,4276,4278,4274,4278,1603,481555,481485
2022-03-08 14:21:00.000000000,1646720460000000000,4278,4280,4274,4276,1771,481485,481044
2022-03-08 14:22:00.000000000,1646720520000000000,4276,4276,4272,4276,407,481044,481035
2022-03-08 14:23:00.000000000,1646720580000000000,4276,4280,4274,4280,1488,481035,481561
2022-03-08 14:24:00.000000000,1646720640000000000,4280,4280,4278,4280,6452,481561,482500
2022-03-08 14:25:00.000000000,1646720700000000000,4280,4280,4278,4278,2197,482500,482512
2022-03-08 14:26:00.000000000,1646720760000000000,4278,4280,4272,4272,3640,482512,482846
2022-03-08 14:27:00.000000000,1646720820000000000,4272,4276,4268,4272,2069,482846,483125
2022-03-08 14:28:00.000000000,1646720880000000000,4272,4274,4262,4262,1975,483125,483332
2022-03-08 14:29:00.000000000,1646720940000000000,4262,4262,4256,4260,3006,483332,483012
2022-03-08 14:30:00.000000000,1646721000000000000,4260,4280,4260,4274,2755,483012,483066
2022-03-08 14:31:00.000000000,1646721060000000000,4274,4274,4256,4266,2791,483066,483038
2022-03-08 14:32:00.000000000,1646721120000000000,4266,4274,4260,4262,1897,483038,483338
2022-03-08 14:33:00.000000000,1646721180000000000,4262,4274,4262,4274,1616,483338,483541
2022-03-08 14:34:00.000000000,1646721240000000000,4274,4274,4268,4268,602,483541,483506
2022-03-08 14:35:00.000000000,1646721300000000000,4268,4272,4264,4264,1152,483506,483681
2022-03-08 14:36:00.000000000,1646721360000000000,4264,4268,4264,4268,824,483681,483488
2022-03-08 14:37:00.000000000,1646721420000000000,4268,4270,4262,4264,1252,483488,483273
2022-03-08 14:38:00.000000000,1646721480000000000,4264,4266,4254,4260,1774,483273,483023
2022-03-08 14:39:00.000000000,1646721540000000000,4260,4268,4260,4268,1114,483023,482657
2022-03-08 14:40:00.000000000,1646721600000000000,4268,4268,4260,4264,1416,482657,482452
2022-03-08 14:41:00.000000000,1646721660000000000,4264,4264,4260,4264,780,482452,482330
2022-03-08 14:42:00.000000000,1646721720000000000,4264,4268,4264,4268,980,482330,482187
2022-03-08 14:43:00.000000000,1646721780000000000,4268,4270,4264,4268,1168,482187,482137
2022-03-08 14:44:00.000000000,1646721840000000000,4268,4272,4266,4270,981,482137,482129
2022-03-08 14:45:00.000000000,1646721900000000000,4270,4274,4268,4274,932,482129,482167
2022-03-08 14:46:00.000000000,1646721960000000000,4274,4276,4272,4276,889,482167,482113
2022-03-08 14:47:00.000000000,1646722020000000000,4276,4276,4264,4266,1554,482113,482434
2022-03-08 14:48:00.000000000,1646722080000000000,4266,4266,4260,4262,1890,482434,482340
2022-03-08 14:49:00.000000000,1646722140000000000,4262,4266,4260,4266,945,482340,482044
2022-03-08 14:50:00.000000000,1646722200000000000,4266,4272,4262,4270,883,482044,481772
2022-03-08 14:51:00.000000000,1646722260000000000,4270,4270,4266,4268,643,481772,481810
2022-03-08 14:52:00.000000000,1646722320000000000,4268,4270,4262,4268,883,481810,481549
2022-03-08 14:53:00.000000000,1646722380000000000,4268,4270,4260,4262,1823,481549,480765
2022-03-08 14:54:00.000000000,1646722440000000000,4262,4262,4252,4254,2450,480765,480690
2022-03-08 14:55:00.000000000,1646722500000000000,4254,4266,4250,4264,2820,480690,479778
2022-03-08 14:56:00.000000000,1646722560000000000,4264,4280,4264,4280,6628,479778,477934
2022-03-08 14:57:00.000000000,1646722620000000000,4280,4280,4278,4280,2581,477934,476778
2022-03-08 14:58:00.000000000,1646722680000000000,4280,4280,4280,4280,975,476778,476364
2022-03-08 14:59:00.000000000,1646722740000000000,4280,4280,4280,4280,972,476364,476004
2022-03-08 21:00:00.000000000,1646744400000000000,4250,4254,4232,4246,15150,476004,473885
2022-03-08 21:01:00.000000000,1646744460000000000,4246,4278,4240,4278,9189,473885,473786
2022-03-08 21:02:00.000000000,1646744520000000000,4278,4290,4266,4276,10008,473786,473524
2022-03-08 21:03:00.000000000,1646744580000000000,4276,4280,4258,4258,6058,473524,473528
2022-03-08 21:04:00.000000000,1646744640000000000,4258,4276,4258,4270,5122,473528,473087
2022-03-08 21:05:00.000000000,1646744700000000000,4270,4316,4266,4312,9601,473087,475061
2022-03-08 21:06:00.000000000,1646744760000000000,4312,4312,4296,4308,6849,475061,476026
2022-03-08 21:07:00.000000000,1646744820000000000,4308,4334,4308,4316,7748,476026,476656
2022-03-08 21:08:00.000000000,1646744880000000000,4316,4324,4312,4324,3824,476656,476527
2022-03-08 21:09:00.000000000,1646744940000000000,4324,4324,4312,4320,3143,476527,477349
2022-03-08 21:10:00.000000000,1646745000000000000,4320,4332,4314,4330,5270,477349,477979
2022-03-08 21:11:00.000000000,1646745060000000000,4330,4350,4314,4342,8166,477979,479160
2022-03-08 21:12:00.000000000,1646745120000000000,4342,4344,4334,4342,5366,479160,480157
2022-03-08 21:13:00.000000000,1646745180000000000,4342,4342,4336,4338,2969,480157,480304
2022-03-08 21:14:00.000000000,1646745240000000000,4338,4338,4322,4334,4027,480304,480352
2022-03-08 21:15:00.000000000,1646745300000000000,4334,4356,4322,4354,7003,480352,481010
2022-03-08 21:16:00.000000000,1646745360000000000,4354,4360,4328,4336,5736,481010,481361
2022-03-08 21:17:00.000000000,1646745420000000000,4336,4344,4334,4336,3585,481361,480818
2022-03-08 21:18:00.000000000,1646745480000000000,4336,4354,4336,4354,2793,480818,481529
2022-03-08 21:19:00.000000000,1646745540000000000,4354,4358,4346,4356,3861,481529,482381
2022-03-08 21:20:00.000000000,1646745600000000000,4356,4380,4348,4370,8088,482381,483124
2022-03-08 21:21:00.000000000,1646745660000000000,4370,4376,4366,4374,4928,483124,484080
2022-03-08 21:22:00.000000000,1646745720000000000,4374,4378,4352,4356,6632,484080,485316
2022-03-08 21:23:00.000000000,1646745780000000000,4356,4360,4336,4346,7279,485316,484547
2022-03-08 21:24:00.000000000,1646745840000000000,4346,4362,4344,4360,3761,484547,484944
2022-03-08 21:25:00.000000000,1646745900000000000,4360,4364,4352,4360,2842,484944,485755
2022-03-08 21:26:00.000000000,1646745960000000000,4360,4368,4352,4368,3517,485755,486100
2022-03-08 21:27:00.000000000,1646746020000000000,4368,4374,4358,4368,3922,486100,486289
2022-03-08 21:28:00.000000000,1646746080000000000,4368,4386,4368,4384,6434,486289,486566
2022-03-08 21:29:00.000000000,1646746140000000000,4384,4384,4374,4378,4634,486566,487534
2022-03-08 21:30:00.000000000,1646746200000000000,4378,4386,4376,4380,4116,487534,488711
2022-03-08 21:31:00.000000000,1646746260000000000,4380,4390,4380,4384,4283,488711,488938
2022-03-08 21:32:00.000000000,1646746320000000000,4384,4392,4380,4388,3626,488938,489480
2022-03-08 21:33:00.000000000,1646746380000000000,4388,4396,4386,4392,5152,489480,490590
2022-03-08 21:34:00.000000000,1646746440000000000,4392,4396,4386,4396,3765,490590,491070
2022-03-08 21:35:00.000000000,1646746500000000000,4396,4398,4392,4396,4914,491070,492384
2022-03-08 21:36:00.000000000,1646746560000000000,4396,4396,4388,4392,3460,492384,492388
2022-03-08 21:37:00.000000000,1646746620000000000,4392,4398,4390,4390,3813,492388,492283
2022-03-08 21:38:00.000000000,1646746680000000000,4390,4398,4390,4394,3242,492283,492461
2022-03-08 21:39:00.000000000,1646746740000000000,4394,4402,4392,4398,4721,492461,492478
2022-03-08 21:40:00.000000000,1646746800000000000,4398,4400,4392,4394,4016,492478,492287
2022-03-08 21:41:00.000000000,1646746860000000000,4394,4408,4394,4404,19423,492287,494985
2022-03-08 21:42:00.000000000,1646746920000000000,4404,4408,4402,4404,15607,494985,496980
2022-03-08 21:43:00.000000000,1646746980000000000,4404,4408,4404,4408,3999,496980,497892
2022-03-08 21:44:00.000000000,1646747040000000000,4408,4408,4400,4404,20016,497892,498454
2022-03-08 21:45:00.000000000,1646747100000000000,4404,4408,4402,4406,6677,498454,499303
2022-03-08 21:46:00.000000000,1646747160000000000,4406,4406,4400,4402,4241,499303,500165
2022-03-08 21:47:00.000000000,1646747220000000000,4402,4408,4396,4402,4769,500165,499691
2022-03-08 21:48:00.000000000,1646747280000000000,4402,4404,4398,4400,2510,499691,499754
2022-03-08 21:49:00.000000000,1646747340000000000,4400,4402,4396,4398,3865,499754,499483
2022-03-08 21:50:00.000000000,1646747400000000000,4398,4400,4394,4396,4042,499483,499811
2022-03-08 21:51:00.000000000,1646747460000000000,4396,4400,4396,4398,2042,499811,499516
2022-03-08 21:52:00.000000000,1646747520000000000,4398,4402,4396,4398,1399,499516,499275
2022-03-08 21:53:00.000000000,1646747580000000000,4398,4408,4396,4406,13251,499275,496948
2022-03-08 21:54:00.000000000,1646747640000000000,4406,4408,4406,4408,12220,496948,496040
2022-03-08 21:55:00.000000000,1646747700000000000,4408,4408,4404,4406,4536,496040,496296
2022-03-08 21:56:00.000000000,1646747760000000000,4406,4408,4404,4404,1375,496296,496037
2022-03-08 21:57:00.000000000,1646747820000000000,4404,4408,4404,4406,4978,496037,496999
2022-03-08 21:58:00.000000000,1646747880000000000,4406,4408,4404,4406,2185,496999,496491
2022-03-08 21:59:00.000000000,1646747940000000000,4406,4408,4404,4406,1563,496491,496085
2022-03-08 22:00:00.000000000,1646748000000000000,4406,4406,4398,4398,3190,496085,495999
2022-03-08 22:01:00.000000000,1646748060000000000,4398,4400,4386,4388,8006,495999,495658
2022-03-08 22:02:00.000000000,1646748120000000000,4388,4396,4388,4390,3319,495658,495419
2022-03-08 22:03:00.000000000,1646748180000000000,4390,4394,4386,4388,3168,495419,494666
2022-03-08 22:04:00.000000000,1646748240000000000,4388,4392,4386,4390,2880,494666,494189
2022-03-08 22:05:00.000000000,1646748300000000000,4390,4394,4388,4390,2210,494189,494033
2022-03-08 22:06:00.000000000,1646748360000000000,4390,4390,4382,4386,3831,494033,493636
2022-03-08 22:07:00.000000000,1646748420000000000,4386,4386,4374,4376,5484,493636,492168
2022-03-08 22:08:00.000000000,1646748480000000000,4376,4378,4360,4374,6277,492168,491544
2022-03-08 22:09:00.000000000,1646748540000000000,4374,4378,4364,4364,4666,491544,490126
2022-03-08 22:10:00.000000000,1646748600000000000,4364,4372,4362,4372,4108,490126,490072
2022-03-08 22:11:00.000000000,1646748660000000000,4372,4392,4370,4386,4308,490072,490131
2022-03-08 22:12:00.000000000,1646748720000000000,4386,4388,4376,4380,1889,490131,490483
2022-03-08 22:13:00.000000000,1646748780000000000,4380,4382,4374,4380,1610,490483,490370
2022-03-08 22:14:00.000000000,1646748840000000000,4380,4388,4378,4384,1397,490370,490507
2022-03-08 22:15:00.000000000,1646748900000000000,4384,4390,4378,4388,2033,490507,490063
2022-03-08 22:16:00.000000000,1646748960000000000,4388,4388,4372,4372,1597,490063,489595
2022-03-08 22:17:00.000000000,1646749020000000000,4372,4374,4364,4368,2746,489595,489691
2022-03-08 22:18:00.000000000,1646749080000000000,4368,4370,4366,4368,1248,489691,489451
2022-03-08 22:19:00.000000000,1646749140000000000,4368,4378,4366,4372,1922,489451,489236
2022-03-08 22:20:00.000000000,1646749200000000000,4372,4374,4366,4372,1740,489236,489428
2022-03-08 22:21:00.000000000,1646749260000000000,4372,4384,4370,4382,2185,489428,489736
2022-03-08 22:22:00.000000000,1646749320000000000,4382,4384,4378,4384,1120,489736,489966
2022-03-08 22:23:00.000000000,1646749380000000000,4384,4384,4376,4380,1015,489966,489926
2022-03-08 22:24:00.000000000,1646749440000000000,4380,4384,4380,4382,1285,489926,490109
2022-03-08 22:25:00.000000000,1646749500000000000,4382,4382,4378,4382,875,490109,490318
2022-03-08 22:26:00.000000000,1646749560000000000,4382,4398,4380,4396,3023,490318,489990
2022-03-08 22:27:00.000000000,1646749620000000000,4396,4408,4394,4400,7403,489990,489130
2022-03-08 22:28:00.000000000,1646749680000000000,4400,4404,4400,4400,1408,489130,489177
2022-03-08 22:29:00.000000000,1646749740000000000,4400,4402,4398,4400,1392,489177,489232
2022-03-08 22:30:00.000000000,1646749800000000000,4400,4400,4392,4394,2094,489232,489007
2022-03-08 22:31:00.000000000,1646749860000000000,4394,4400,4394,4394,1888,489007,488672
2022-03-08 22:32:00.000000000,1646749920000000000,4394,4398,4390,4394,1380,488672,488714
2022-03-08 22:33:00.000000000,1646749980000000000,4394,4396,4390,4396,1047,488714,488750
2022-03-08 22:34:00.000000000,1646750040000000000,4396,4398,4394,4394,1070,488750,488544
2022-03-08 22:35:00.000000000,1646750100000000000,4394,4398,4392,4394,654,488544,488448
2022-03-08 22:36:00.000000000,1646750160000000000,4394,4404,4394,4402,1991,488448,487880
2022-03-08 22:37:00.000000000,1646750220000000000,4402,4402,4396,4400,1430,487880,487875
2022-03-08 22:38:00.000000000,1646750280000000000,4400,4400,4392,4396,791,487875,487983
2022-03-08 22:39:00.000000000,1646750340000000000,4396,4398,4392,4394,1110,487983,487747
2022-03-08 22:40:00.000000000,1646750400000000000,4394,4396,4392,4394,978,487747,487687
2022-03-08 22:41:00.000000000,1646750460000000000,4394,4394,4390,4392,933,487687,487698
2022-03-08 22:42:00.000000000,1646750520000000000,4392,4394,4390,4392,662,487698,487585
2022-03-08 22:43:00.000000000,1646750580000000000,4392,4398,4392,4396,1027,487585,487212
2022-03-08 22:44:00.000000000,1646750640000000000,4396,4398,4396,4398,796,487212,487255
2022-03-08 22:45:00.000000000,1646750700000000000,4398,4400,4396,4400,1179,487255,487334
2022-03-08 22:46:00.000000000,1646750760000000000,4400,4400,4396,4400,1749,487334,486957
2022-03-08 22:47:00.000000000,1646750820000000000,4400,4404,4398,4400,2226,486957,486820
2022-03-08 22:48:00.000000000,1646750880000000000,4400,4402,4398,4402,1337,486820,486632
2022-03-08 22:49:00.000000000,1646750940000000000,4402,4406,4402,4402,3591,486632,485790
2022-03-08 22:50:00.000000000,1646751000000000000,4402,4406,4398,4406,2162,485790,485380
2022-03-08 22:51:00.000000000,1646751060000000000,4406,4406,4400,4402,1051,485380,485459
2022-03-08 22:52:00.000000000,1646751120000000000,4402,4406,4402,4404,1181,485459,485396
2022-03-08 22:53:00.000000000,1646751180000000000,4404,4406,4400,4400,2815,485396,484603
2022-03-08 22:54:00.000000000,1646751240000000000,4400,4408,4400,4406,3543,484603,484366
2022-03-08 22:55:00.000000000,1646751300000000000,4406,4408,4404,4408,8044,484366,485520
2022-03-08 22:56:00.000000000,1646751360000000000,4408,4408,4408,4408,1540,485520,485805
2022-03-08 22:57:00.000000000,1646751420000000000,4408,4408,4408,4408,1795,485805,485861
2022-03-08 22:58:00.000000000,1646751480000000000,4408,4408,4408,4408,1134,485861,486149
2022-03-08 22:59:00.000000000,1646751540000000000,4408,4408,4408,4408,761,486149,485887
2022-03-09 09:00:00.000000000,1646787600000000000,4376,4408,4376,4404,20326,485887,488682
2022-03-09 09:01:00.000000000,1646787660000000000,4404,4406,4400,4406,4213,488682,489313
2022-03-09 09:02:00.000000000,1646787720000000000,4406,4406,4398,4402,2924,489313,489480
2022-03-09 09:03:00.000000000,1646787780000000000,4402,4402,4398,4398,2349,489480,489152
2022-03-09 09:04:00.000000000,1646787840000000000,4398,4400,4392,4394,2514,489152,488618
2022-03-09 09:05:00.000000000,1646787900000000000,4394,4396,4374,4374,5473,488618,488315
2022-03-09 09:06:00.000000000,1646787960000000000,4374,4386,4374,4384,3279,488315,487631
2022-03-09 09:07:00.000000000,1646788020000000000,4384,4390,4380,4386,2371,487631,487250
2022-03-09 09:08:00.000000000,1646788080000000000,4386,4388,4382,4384,1696,487250,487291
2022-03-09 09:09:00.000000000,1646788140000000000,4384,4388,4384,4386,1337,487291,487497
2022-03-09 09:10:00.000000000,1646788200000000000,4386,4386,4380,4380,1651,487497,487388
2022-03-09 09:11:00.000000000,1646788260000000000,4380,4382,4380,4380,1176,487388,487240
2022-03-09 09:12:00.000000000,1646788320000000000,4380,4388,4380,4386,1290,487240,487238
2022-03-09 09:13:00.000000000,1646788380000000000,4386,4388,4380,4382,955,487238,487255
2022-03-09 09:14:00.000000000,1646788440000000000,4382,4384,4372,4378,3672,487255,486913
2022-03-09 09:15:00.000000000,1646788500000000000,4378,4378,4374,4374,1141,486913,486626
2022-03-09 09:16:00.000000000,1646788560000000000,4374,4380,4372,4376,1820,486626,486464
2022-03-09 09:17:00.000000000,1646788620000000000,4376,4386,4376,4386,982,486464,486307
2022-03-09 09:18:00.000000000,1646788680000000000,4386,4388,4384,4386,1431,486307,486148
2022-03-09 09:19:00.000000000,1646788740000000000,4386,4394,4386,4392,1815,486148,486003
2022-03-09 09:20:00.000000000,1646788800000000000,4392,4402,4390,4398,2856,486003,485712
2022-03-09 09:21:00.000000000,1646788860000000000,4398,4402,4390,4392,2472,485712,485340
2022-03-09 09:22:00.000000000,1646788920000000000,4392,4392,4388,4390,1119,485340,485160
2022-03-09 09:23:00.000000000,1646788980000000000,4390,4392,4386,4392,821,485160,485142
2022-03-09 09:24:00.000000000,1646789040000000000,4392,4392,4388,4390,723,485142,484981
2022-03-09 09:25:00.000000000,1646789100000000000,4390,4398,4390,4398,677,484981,484927
2022-03-09 09:26:00.000000000,1646789160000000000,4398,4398,4396,4398,931,484927,485005
2022-03-09 09:27:00.000000000,1646789220000000000,4398,4398,4392,4394,681,485005,484859
2022-03-09 09:28:00.000000000,1646789280000000000,4394,4396,4392,4396,540,484859,484966
2022-03-09 09:29:00.000000000,1646789340000000000,4396,4400,4394,4396,822,484966,484949
2022-03-09 09:30:00.000000000,1646789400000000000,4396,4400,4394,4400,985,484949,485081
2022-03-09 09:31:00.000000000,1646789460000000000,4400,4400,4396,4398,963,485081,485042
2022-03-09 09:32:00.000000000,1646789520000000000,4398,4402,4396,4402,1336,485042,485191
2022-03-09 09:33:00.000000000,1646789580000000000,4402,4402,4396,4402,861,485191,485417
2022-03-09 09:34:00.000000000,1646789640000000000,4402,4402,4396,4396,850,485417,485436
2022-03-09 09:35:00.000000000,1646789700000000000,4396,4398,4392,4394,594,485436,485470
2022-03-09 09:36:00.000000000,1646789760000000000,4394,4394,4390,4392,713,485470,485479
2022-03-09 09:37:00.000000000,1646789820000000000,4392,4394,4388,4394,721,485479,485613
2022-03-09 09:38:00.000000000,1646789880000000000,4394,4394,4390,4392,461,485613,485532
2022-03-09 09:39:00.000000000,1646789940000000000,4392,4396,4390,4396,988,485532,485511
2022-03-09 09:40:00.000000000,1646790000000000000,4396,4400,4394,4398,1027,485511,485470
2022-03-09 09:41:00.000000000,1646790060000000000,4398,4398,4394,4396,670,485470,485547
2022-03-09 09:42:00.000000000,1646790120000000000,4396,4396,4390,4392,669,485547,485598
2022-03-09 09:43:00.000000000,1646790180000000000,4392,4392,4388,4390,1059,485598,485732
2022-03-09 09:44:00.000000000,1646790240000000000,4390,4390,4386,4386,1307,485732,486379
2022-03-09 09:45:00.000000000,1646790300000000000,4386,4388,4384,4388,882,486379,486347
2022-03-09 09:46:00.000000000,1646790360000000000,4388,4388,4382,4386,1185,486347,486157
2022-03-09 09:47:00.000000000,1646790420000000000,4386,4386,4382,4386,856,486157,486117
2022-03-09 09:48:00.000000000,1646790480000000000,4386,4390,4384,4390,491,486117,486066
2022-03-09 09:49:00.000000000,1646790540000000000,4390,4390,4386,4388,517,486066,485988
2022-03-09 09:50:00.000000000,1646790600000000000,4388,4390,4386,4388,521,485988,485940
2022-03-09 09:51:00.000000000,1646790660000000000,4388,4390,4386,4388,584,485940,486246
2022-03-09 09:52:00.000000000,1646790720000000000,4388,4388,4382,4382,1162,486246,486439
2022-03-09 09:53:00.000000000,1646790780000000000,4382,4388,4382,4386,1317,486439,486726
2022-03-09 09:54:00.000000000,1646790840000000000,4386,4390,4386,4386,642,486726,486750
2022-03-09 09:55:00.000000000,1646790900000000000,4386,4392,4386,4392,580,486750,486669
2022-03-09 09:56:00.000000000,1646790960000000000,4392,4396,4390,4392,810,486669,486705
2022-03-09 09:57:00.000000000,1646791020000000000,4392,4396,4392,4392,516,486705,486604
2022-03-09 09:58:00.000000000,1646791080000000000,4392,4394,4388,4390,521,486604,486506
2022-03-09 09:59:00.000000000,1646791140000000000,4390,4392,4386,4386,557,486506,486502
2022-03-09 10:00:00.000000000,1646791200000000000,4386,4390,4386,4388,444,486502,486469
2022-03-09 10:01:00.000000000,1646791260000000000,4388,4396,4388,4396,1027,486469,486763
2022-03-09 10:02:00.000000000,1646791320000000000,4396,4398,4392,4394,1187,486763,486748
2022-03-09 10:03:00.000000000,1646791380000000000,4394,4396,4386,4388,1064,486748,486414
2022-03-09 10:04:00.000000000,1646791440000000000,4388,4390,4386,4390,645,486414,486302
2022-03-09 10:05:00.000000000,1646791500000000000,4390,4396,4390,4394,479,486302,486278
2022-03-09 10:06:00.000000000,1646791560000000000,4394,4396,4392,4394,1048,486278,486643
2022-03-09 10:07:00.000000000,1646791620000000000,4394,4394,4392,4394,224,486643,486662
2022-03-09 10:08:00.000000000,1646791680000000000,4394,4396,4390,4394,365,486662,486617
2022-03-09 10:09:00.000000000,1646791740000000000,4394,4398,4394,4396,660,486617,486682
2022-03-09 10:10:00.000000000,1646791800000000000,4396,4398,4394,4396,462,486682,486721
2022-03-09 10:11:00.000000000,1646791860000000000,4396,4400,4396,4400,561,486721,486886
2022-03-09 10:12:00.000000000,1646791920000000000,4400,4400,4398,4398,535,486886,486808
2022-03-09 10:13:00.000000000,1646791980000000000,4398,4400,4394,4396,815,486808,487190
2022-03-09 10:14:00.000000000,1646792040000000000,4396,4396,4392,4394,1574,487190,487948
2022-03-09 10:30:00.000000000,1646793000000000000,4394,4398,4390,4396,1665,487948,488358
2022-03-09 10:31:00.000000000,1646793060000000000,4396,4396,4392,4394,901,488358,488590
2022-03-09 10:32:00.000000000,1646793120000000000,4394,4396,4392,4396,270,488590,488581
2022-03-09 10:33:00.000000000,1646793180000000000,4396,4400,4394,4400,653,488581,488599
2022-03-09 10:34:00.000000000,1646793240000000000,4400,4408,4398,4406,4648,488599,488099
2022-03-09 10:35:00.000000000,1646793300000000000,4406,4408,4404,4406,2156,488099,488880
2022-03-09 10:36:00.000000000,1646793360000000000,4406,4408,4404,4406,2497,488880,488906
2022-03-09 10:37:00.000000000,1646793420000000000,4406,4408,4404,4408,1986,488906,489208
2022-03-09 10:38:00.000000000,1646793480000000000,4408,4408,4404,4408,1461,489208,489504
2022-03-09 10:39:00.000000000,1646793540000000000,4408,4408,4406,4408,4197,489504,492328
2022-03-09 10:40:00.000000000,1646793600000000000,4408,4408,4408,4408,359,492328,492355
2022-03-09 10:41:00.000000000,1646793660000000000,4408,4408,4408,4408,192,492355,492280
2022-03-09 10:42:00.000000000,1646793720000000000,4408,4408,4408,4408,289,492280,492047
2022-03-09 10:43:00.000000000,1646793780000000000,4408,4408,4408,4408,236,492047,491906
2022-03-09 10:44:00.000000000,1646793840000000000,4408,4408,4408,4408,69,491906,491876
2022-03-09 10:45:00.000000000,1646793900000000000,4408,4408,4408,4408,85,491876,491848
2022-03-09 10:46:00.000000000,1646793960000000000,4408,4408,4408,4408,38,491848,491843
2022-03-09 10:47:00.000000000,1646794020000000000,4408,4408,4408,4408,101,491843,491797
2022-03-09 10:48:00.000000000,1646794080000000000,4408,4408,4408,4408,60,491797,491781
2022-03-09 10:49:00.000000000,1646794140000000000,4408,4408,4408,4408,64,491781,491763
2022-03-09 10:50:00.000000000,1646794200000000000,4408,4408,4408,4408,16,491763,491756
2022-03-09 10:51:00.000000000,1646794260000000000,4408,4408,4408,4408,454,491756,491347
2022-03-09 10:52:00.000000000,1646794320000000000,4408,4408,4408,4408,39,491347,491344
2022-03-09 10:53:00.000000000,1646794380000000000,4408,4408,4408,4408,288,491344,491190
2022-03-09 10:54:00.000000000,1646794440000000000,4408,4408,4408,4408,49,491190,491153
2022-03-09 10:55:00.000000000,1646794500000000000,4408,4408,4408,4408,32,491153,491137
2022-03-09 10:56:00.000000000,1646794560000000000,4408,4408,4408,4408,1186,491137,490031
2022-03-09 10:57:00.000000000,1646794620000000000,4408,4408,4408,4408,45,490031,490020
2022-03-09 10:58:00.000000000,1646794680000000000,4408,4408,4408,4408,75,490020,489962
2022-03-09 10:59:00.000000000,1646794740000000000,4408,4408,4408,4408,152,489962,489951
2022-03-09 11:00:00.000000000,1646794800000000000,4408,4408,4408,4408,145,489951,490042
2022-03-09 11:01:00.000000000,1646794860000000000,4408,4408,4408,4408,35,490042,490052
2022-03-09 11:02:00.000000000,1646794920000000000,4408,4408,4408,4408,37,490052,490065
2022-03-09 11:03:00.000000000,1646794980000000000,4408,4408,4408,4408,13,490065,490063
2022-03-09 11:04:00.000000000,1646795040000000000,4408,4408,4408,4408,89,490063,490031
2022-03-09 11:05:00.000000000,1646795100000000000,4408,4408,4408,4408,37,490031,490053
2022-03-09 11:06:00.000000000,1646795160000000000,4408,4408,4408,4408,65,490053,490083
2022-03-09 11:07:00.000000000,1646795220000000000,4408,4408,4408,4408,22,490083,490080
2022-03-09 11:08:00.000000000,1646795280000000000,4408,4408,4408,4408,40,490080,490085
2022-03-09 11:09:00.000000000,1646795340000000000,4408,4408,4408,4408,5,490085,490083
2022-03-09 11:10:00.000000000,1646795400000000000,4408,4408,4408,4408,51,490083,490063
2022-03-09 11:11:00.000000000,1646795460000000000,4408,4408,4408,4408,25,490063,490050
2022-03-09 11:12:00.000000000,1646795520000000000,4408,4408,4408,4408,1,490050,490050
2022-03-09 11:13:00.000000000,1646795580000000000,4408,4408,4408,4408,380,490050,490048
2022-03-09 11:14:00.000000000,1646795640000000000,4408,4408,4408,4408,38,490048,490020
2022-03-09 11:15:00.000000000,1646795700000000000,4408,4408,4408,4408,8,490020,490020
2022-03-09 11:16:00.000000000,1646795760000000000,4408,4408,4408,4408,7,490020,490016
2022-03-09 11:17:00.000000000,1646795820000000000,4408,4408,4408,4408,110,490016,489911
2022-03-09 11:18:00.000000000,1646795880000000000,4408,4408,4408,4408,26,489911,489902
2022-03-09 11:19:00.000000000,1646795940000000000,4408,4408,4408,4408,29,489902,489882
2022-03-09 11:20:00.000000000,1646796000000000000,4408,4408,4408,4408,24,489882,489869
2022-03-09 11:21:00.000000000,1646796060000000000,4408,4408,4408,4408,4,489869,489867
2022-03-09 11:22:00.000000000,1646796120000000000,4408,4408,4408,4408,4,489867,489865
2022-03-09 11:23:00.000000000,1646796180000000000,4408,4408,4408,4408,14,489865,489862
2022-03-09 11:24:00.000000000,1646796240000000000,4408,4408,4408,4408,28,489862,489852
2022-03-09 11:25:00.000000000,1646796300000000000,4408,4408,4408,4408,7,489852,489845
2022-03-09 11:26:00.000000000,1646796360000000000,4408,4408,4408,4408,31,489845,489824
2022-03-09 11:27:00.000000000,1646796420000000000,4408,4408,4408,4408,48,489824,489823
2022-03-09 11:28:00.000000000,1646796480000000000,4408,4408,4408,4408,9,489823,489822
2022-03-09 11:29:00.000000000,1646796540000000000,4408,4408,4408,4408,10,489822,489818
2022-03-09 13:30:00.000000000,1646803800000000000,4408,4408,4408,4408,540,489818,489415
2022-03-09 13:31:00.000000000,1646803860000000000,4408,4408,4408,4408,359,489415,489299
2022-03-09 13:32:00.000000000,1646803920000000000,4408,4408,4408,4408,38,489299,489294
2022-03-09 13:33:00.000000000,1646803980000000000,4408,4408,4408,4408,52,489294,489289
2022-03-09 13:34:00.000000000,1646804040000000000,4408,4408,4408,4408,45,489289,489287
2022-03-09 13:35:00.000000000,1646804100000000000,4408,4408,4408,4408,249,489287,489181
2022-03-09 13:36:00.000000000,1646804160000000000,4408,4408,4408,4408,34,489181,489178
2022-03-09 13:37:00.000000000,1646804220000000000,4408,4408,4408,4408,31,489178,489172
2022-03-09 13:38:00.000000000,1646804280000000000,4408,4408,4408,4408,2,489172,489171
2022-03-09 13:39:00.000000000,1646804340000000000,4408,4408,4408,4408,15,489171,489162
2022-03-09 13:40:00.000000000,1646804400000000000,4408,4408,4408,4408,6,489162,489159
2022-03-09 13:41:00.000000000,1646804460000000000,4408,4408,4408,4408,11,489159,489150
2022-03-09 13:42:00.000000000,1646804520000000000,4408,4408,4408,4408,14,489150,489139
2022-03-09 13:43:00.000000000,1646804580000000000,4408,4408,4408,4408,17,489139,489131
2022-03-09 13:44:00.000000000,1646804640000000000,4408,4408,4408,4408,142,489131,489038
2022-03-09 13:45:00.000000000,1646804700000000000,4408,4408,4408,4408,30,489038,489019
2022-03-09 13:46:00.000000000,1646804760000000000,4408,4408,4408,4408,327,489019,488712
2022-03-09 13:47:00.000000000,1646804820000000000,4408,4408,4408,4408,193,488712,488608
2022-03-09 13:48:00.000000000,1646804880000000000,4408,4408,4408,4408,205,488608,488537
2022-03-09 13:49:00.000000000,1646804940000000000,4408,4408,4408,4408,380,488537,488438
2022-03-09 13:50:00.000000000,1646805000000000000,4408,4408,4408,4408,61,488438,488413
2022-03-09 13:51:00.000000000,1646805060000000000,4408,4408,4408,4408,71,488413,488398
2022-03-09 13:52:00.000000000,1646805120000000000,4408,4408,4408,4408,22,488398,488395
2022-03-09 13:53:00.000000000,1646805180000000000,4408,4408,4408,4408,27,488395,488386
2022-03-09 13:54:00.000000000,1646805240000000000,4408,4408,4408,4408,20,488386,488378
2022-03-09 13:55:00.000000000,1646805300000000000,4408,4408,4408,4408,14,488378,488367
2022-03-09 13:56:00.000000000,1646805360000000000,4408,4408,4408,4408,4,488367,488366
2022-03-09 13:57:00.000000000,1646805420000000000,4408,4408,4408,4408,13,488366,488364
2022-03-09 13:58:00.000000000,1646805480000000000,4408,4408,4408,4408,17,488364,488364
2022-03-09 13:59:00.000000000,1646805540000000000,4408,4408,4408,4408,19,488364,488356
2022-03-09 14:00:00.000000000,1646805600000000000,4408,4408,4408,4408,21,488356,488352
2022-03-09 14:01:00.000000000,1646805660000000000,4408,4408,4408,4408,19,488352,488343
2022-03-09 14:02:00.000000000,1646805720000000000,4408,4408,4408,4408,51,488343,488294
2022-03-09 14:03:00.000000000,1646805780000000000,4408,4408,4408,4408,63,488294,488277
2022-03-09 14:04:00.000000000,1646805840000000000,4408,4408,4408,4408,14,488277,488265
2022-03-09 14:05:00.000000000,1646805900000000000,4408,4408,4408,4408,5,488265,488265
2022-03-09 14:06:00.000000000,1646805960000000000,4408,4408,4408,4408,6,488265,488265
2022-03-09 14:07:00.000000000,1646806020000000000,4408,4408,4408,4408,6,488265,488262
2022-03-09 14:08:00.000000000,1646806080000000000,4408,4408,4408,4408,3,488262,488261
2022-03-09 14:09:00.000000000,1646806140000000000,4408,4408,4408,4408,4,488261,488260
2022-03-09 14:10:00.000000000,1646806200000000000,4408,4408,4408,4408,57,488260,488260
2022-03-09 14:11:00.000000000,1646806260000000000,4408,4408,4408,4408,2,488260,488259
2022-03-09 14:12:00.000000000,1646806320000000000,4408,4408,4408,4408,5,488259,488259
2022-03-09 14:13:00.000000000,1646806380000000000,4408,4408,4408,4408,9,488259,488255
2022-03-09 14:14:00.000000000,1646806440000000000,4408,4408,4408,4408,4,488255,488255
2022-03-09 14:15:00.000000000,1646806500000000000,4408,4408,4408,4408,13,488255,488250
2022-03-09 14:16:00.000000000,1646806560000000000,4408,4408,4408,4408,7,488250,488249
2022-03-09 14:17:00.000000000,1646806620000000000,4408,4408,4408,4408,14,488249,488247
2022-03-09 14:18:00.000000000,1646806680000000000,4408,4408,4408,4408,9,488247,488244
2022-03-09 14:19:00.000000000,1646806740000000000,4408,4408,4408,4408,9,488244,488244
2022-03-09 14:20:00.000000000,1646806800000000000,4408,4408,4408,4408,5,488244,488242
2022-03-09 14:21:00.000000000,1646806860000000000,4408,4408,4408,4408,10,488242,488241
2022-03-09 14:22:00.000000000,1646806920000000000,4408,4408,4408,4408,8,488241,488238
2022-03-09 14:23:00.000000000,1646806980000000000,4408,4408,4408,4408,15,488238,488224
2022-03-09 14:24:00.000000000,1646807040000000000,4408,4408,4408,4408,14,488224,488214
2022-03-09 14:25:00.000000000,1646807100000000000,4408,4408,4408,4408,1,488214,488213
2022-03-09 14:26:00.000000000,1646807160000000000,4408,4408,4408,4408,7,488213,488213
2022-03-09 14:27:00.000000000,1646807220000000000,4408,4408,4408,4408,27,488213,488211
2022-03-09 14:28:00.000000000,1646807280000000000,4408,4408,4408,4408,2,488211,488209
2022-03-09 14:29:00.000000000,1646807340000000000,4408,4408,4408,4408,41,488209,488198
2022-03-09 14:30:00.000000000,1646807400000000000,4408,4408,4408,4408,106,488198,488119
2022-03-09 14:31:00.000000000,1646807460000000000,4408,4408,4408,4408,26,488119,488101
2022-03-09 14:32:00.000000000,1646807520000000000,4408,4408,4408,4408,11,488101,488101
2022-03-09 14:33:00.000000000,1646807580000000000,4408,4408,4408,4408,15,488101,488087
2022-03-09 14:34:00.000000000,1646807640000000000,4408,4408,4408,4408,5,488087,488087
2022-03-09 14:35:00.000000000,1646807700000000000,4408,4408,4408,4408,14,488087,488074
2022-03-09 14:36:00.000000000,1646807760000000000,4408,4408,4408,4408,13,488074,488065
2022-03-09 14:37:00.000000000,1646807820000000000,4408,4408,4408,4408,8,488065,488062
2022-03-09 14:38:00.000000000,1646807880000000000,4408,4408,4408,4408,16,488062,488050
2022-03-09 14:39:00.000000000,1646807940000000000,4408,4408,4408,4408,2,488050,488050
2022-03-09 14:40:00.000000000,1646808000000000000,4408,4408,4408,4408,5,488050,488048
2022-03-09 14:41:00.000000000,1646808060000000000,4408,4408,4408,4408,10,488048,488045
2022-03-09 14:42:00.000000000,1646808120000000000,4408,4408,4408,4408,6,488045,488042
2022-03-09 14:43:00.000000000,1646808180000000000,4408,4408,4408,4408,2,488042,488042
2022-03-09 14:44:00.000000000,1646808240000000000,4408,4408,4408,4408,25,488042,488040
2022-03-09 14:45:00.000000000,1646808300000000000,4408,4408,4408,4408,51,488040,488005
2022-03-09 14:46:00.000000000,1646808360000000000,4408,4408,4408,4408,8,488005,488004
2022-03-09 14:47:00.000000000,1646808420000000000,4408,4408,4408,4408,3,488004,488004
2022-03-09 14:48:00.000000000,1646808480000000000,4408,4408,4408,4408,15,488004,488003
2022-03-09 14:49:00.000000000,1646808540000000000,4408,4408,4408,4408,8,488003,488001
2022-03-09 14:50:00.000000000,1646808600000000000,4408,4408,4408,4408,5,488001,487997
2022-03-09 14:51:00.000000000,1646808660000000000,4408,4408,4408,4408,2,487997,487996
2022-03-09 14:52:00.000000000,1646808720000000000,4408,4408,4408,4408,19,487996,487989
2022-03-09 14:53:00.000000000,1646808780000000000,4408,4408,4408,4408,14,487989,487978
2022-03-09 14:54:00.000000000,1646808840000000000,4408,4408,4408,4408,53,487978,487935
2022-03-09 14:55:00.000000000,1646808900000000000,4408,4408,4408,4408,17,487935,487933
2022-03-09 14:56:00.000000000,1646808960000000000,4408,4408,4408,4408,215,487933,487753
2022-03-09 14:57:00.000000000,1646809020000000000,4408,4408,4408,4408,44,487753,487738
2022-03-09 14:58:00.000000000,1646809080000000000,4408,4408,4408,4408,144,487738,487722
2022-03-09 14:59:00.000000000,1646809140000000000,4408,4408,4408,4408,124,487722,487670
2022-03-09 21:00:00.000000000,1646830800000000000,4350,4350,4310,4318,41358,487670,473674
2022-03-09 21:01:00.000000000,1646830860000000000,4318,4324,4304,4310,16184,473674,469846
2022-03-09 21:02:00.000000000,1646830920000000000,4310,4318,4304,4314,8141,469846,468964
2022-03-09 21:03:00.000000000,1646830980000000000,4314,4336,4314,4320,7810,468964,467608
2022-03-09 21:04:00.000000000,1646831040000000000,4320,4346,4318,4338,6414,467608,467591
2022-03-09 21:05:00.000000000,1646831100000000000,4338,4388,4338,4388,13999,467591,468086
2022-03-09 21:06:00.000000000,1646831160000000000,4388,4416,4376,4400,12314,468086,469371
2022-03-09 21:07:00.000000000,1646831220000000000,4400,4400,4360,4360,10311,469371,468233
2022-03-09 21:08:00.000000000,1646831280000000000,4360,4360,4338,4344,11497,468233,466181
2022-03-09 21:09:00.000000000,1646831340000000000,4344,4346,4332,4336,8418,466181,463934
2022-03-09 21:10:00.000000000,1646831400000000000,4336,4340,4308,4320,10791,463934,462382
2022-03-09 21:11:00.000000000,1646831460000000000,4320,4340,4320,4330,7677,462382,461355
2022-03-09 21:12:00.000000000,1646831520000000000,4330,4336,4326,4336,3238,461355,461769
2022-03-09 21:13:00.000000000,1646831580000000000,4336,4336,4316,4320,5341,461769,461813
2022-03-09 21:14:00.000000000,1646831640000000000,4320,4320,4304,4306,8014,461813,461832
2022-03-09 21:15:00.000000000,1646831700000000000,4306,4324,4302,4310,7863,461832,461367
2022-03-09 21:16:00.000000000,1646831760000000000,4310,4310,4272,4276,18481,461367,455912
2022-03-09 21:17:00.000000000,1646831820000000000,4276,4278,4260,4262,12181,455912,453634
2022-03-09 21:18:00.000000000,1646831880000000000,4262,4262,4242,4248,13351,453634,451222
2022-03-09 21:19:00.000000000,1646831940000000000,4248,4278,4248,4278,10616,451222,448726
2022-03-09 21:20:00.000000000,1646832000000000000,4278,4308,4274,4282,9179,448726,448115
2022-03-09 21:21:00.000000000,1646832060000000000,4282,4294,4276,4294,3942,448115,447706
2022-03-09 21:22:00.000000000,1646832120000000000,4294,4312,4292,4302,6542,447706,446999
2022-03-09 21:23:00.000000000,1646832180000000000,4302,4302,4280,4286,7355,446999,445918
2022-03-09 21:24:00.000000000,1646832240000000000,4286,4300,4280,4292,4317,445918,446474
2022-03-09 21:25:00.000000000,1646832300000000000,4292,4294,4280,4284,3094,446474,446783
2022-03-09 21:26:00.000000000,1646832360000000000,4284,4284,4274,4276,2589,446783,446600
2022-03-09 21:27:00.000000000,1646832420000000000,4276,4292,4274,4286,3066,446600,446388
2022-03-09 21:28:00.000000000,1646832480000000000,4286,4288,4280,4284,2839,446388,446461
2022-03-09 21:29:00.000000000,1646832540000000000,4284,4286,4270,4280,2392,446461,446078
2022-03-09 21:30:00.000000000,1646832600000000000,4280,4282,4262,4264,4041,446078,445909
2022-03-09 21:31:00.000000000,1646832660000000000,4264,4274,4250,4252,5092,445909,446038
2022-03-09 21:32:00.000000000,1646832720000000000,4252,4262,4234,4238,9272,446038,445475
2022-03-09 21:33:00.000000000,1646832780000000000,4238,4242,4216,4224,11801,445475,443435
2022-03-09 21:34:00.000000000,1646832840000000000,4224,4260,4224,4248,5960,443435,443215
2022-03-09 21:35:00.000000000,1646832900000000000,4248,4248,4220,4224,7209,443215,442880
2022-03-09 21:36:00.000000000,1646832960000000000,4224,4252,4222,4248,4624,442880,442338
2022-03-09 21:37:00.000000000,1646833020000000000,4248,4268,4246,4258,5601,442338,441954
2022-03-09 21:38:00.000000000,1646833080000000000,4258,4266,4246,4262,4451,441954,441610
2022-03-09 21:39:00.000000000,1646833140000000000,4262,4274,4262,4264,4598,441610,441221
2022-03-09 21:40:00.000000000,1646833200000000000,4264,4278,4264,4266,2530,441221,441270
2022-03-09 21:41:00.000000000,1646833260000000000,4266,4270,4260,4266,2271,441270,441344
2022-03-09 21:42:00.000000000,1646833320000000000,4266,4270,4252,4254,3242,441344,441717
2022-03-09 21:43:00.000000000,1646833380000000000,4254,4258,4242,4244,4695,441717,441493
2022-03-09 21:44:00.000000000,1646833440000000000,4244,4256,4234,4256,4966,441493,440795
2022-03-09 21:45:00.000000000,1646833500000000000,4256,4262,4240,4240,2983,440795,439936
2022-03-09 21:46:00.000000000,1646833560000000000,4240,4246,4230,4238,2964,439936,439972
2022-03-09 21:47:00.000000000,1646833620000000000,4238,4240,4228,4238,3087,439972,439862
2022-03-09 21:48:00.000000000,1646833680000000000,4238,4238,4208,4212,7598,439862,438555
2022-03-09 21:49:00.000000000,1646833740000000000,4212,4228,4210,4220,4847,438555,438490
2022-03-09 21:50:00.000000000,1646833800000000000,4220,4222,4212,4214,2985,438490,438374
2022-03-09 21:51:00.000000000,1646833860000000000,4214,4216,4196,4198,9612,438374,436697
2022-03-09 21:52:00.000000000,1646833920000000000,4198,4224,4198,4222,5584,436697,437041
2022-03-09 21:53:00.000000000,1646833980000000000,4222,4232,4218,4220,2989,437041,436845
2022-03-09 21:54:00.000000000,1646834040000000000,4220,4226,4218,4224,1661,436845,436795
2022-03-09 21:55:00.000000000,1646834100000000000,4224,4224,4204,4210,3900,436795,436707
2022-03-09 21:56:00.000000000,1646834160000000000,4210,4216,4198,4198,4494,436707,435090
2022-03-09 21:57:00.000000000,1646834220000000000,4198,4210,4196,4208,4790,435090,435124
2022-03-09 21:58:00.000000000,1646834280000000000,4208,4208,4192,4192,3876,435124,434678
2022-03-09 21:59:00.000000000,1646834340000000000,4192,4192,4178,4180,11438,434678,431757
2022-03-09 22:00:00.000000000,1646834400000000000,4180,4198,4174,4196,8115,431757,430475
2022-03-09 22:01:00.000000000,1646834460000000000,4196,4198,4186,4188,4957,430475,429385
2022-03-09 22:02:00.000000000,1646834520000000000,4188,4188,4172,4176,4459,429385,429303
2022-03-09 22:03:00.000000000,1646834580000000000,4176,4184,4176,4178,2732,429303,429382
2022-03-09 22:04:00.000000000,1646834640000000000,4178,4178,4150,4150,9411,429382,428851
2022-03-09 22:05:00.000000000,1646834700000000000,4150,4168,4146,4162,7435,428851,428109
2022-03-09 22:06:00.000000000,1646834760000000000,4162,4172,4158,4162,4048,428109,427253
2022-03-09 22:07:00.000000000,1646834820000000000,4162,4172,4162,4172,3477,427253,427351
2022-03-09 22:08:00.000000000,1646834880000000000,4172,4172,4154,4156,5964,427351,427057
2022-03-09 22:09:00.000000000,1646834940000000000,4156,4160,4118,4122,11702,427057,427356
2022-03-09 22:10:00.000000000,1646835000000000000,4122,4132,4120,4120,8152,427356,426254
2022-03-09 22:11:00.000000000,1646835060000000000,4120,4120,4080,4094,19587,426254,424053
2022-03-09 22:12:00.000000000,1646835120000000000,4094,4110,4088,4098,9941,424053,422656
2022-03-09 22:13:00.000000000,1646835180000000000,4098,4112,4096,4106,7435,422656,421651
2022-03-09 22:14:00.000000000,1646835240000000000,4106,4138,4104,4136,10307,421651,419038
2022-03-09 22:15:00.000000000,1646835300000000000,4136,4158,4136,4146,11510,419038,418139
2022-03-09 22:16:00.000000000,1646835360000000000,4146,4152,4134,4152,6887,418139,418489
2022-03-09 22:17:00.000000000,1646835420000000000,4152,4162,4150,4160,5840,418489,418811
2022-03-09 22:18:00.000000000,1646835480000000000,4160,4170,4156,4156,6800,418811,419133
2022-03-09 22:19:00.000000000,1646835540000000000,4156,4158,4144,4146,5092,419133,419138
2022-03-09 22:20:00.000000000,1646835600000000000,4146,4148,4132,4138,4811,419138,419807
2022-03-09 22:21:00.000000000,1646835660000000000,4138,4162,4138,4148,3850,419807,419627
2022-03-09 22:22:00.000000000,1646835720000000000,4148,4150,4132,4134,2807,419627,419397
2022-03-09 22:23:00.000000000,1646835780000000000,4134,4142,4132,4138,2248,419397,419580
2022-03-09 22:24:00.000000000,1646835840000000000,4138,4160,4136,4152,3443,419580,418925
2022-03-09 22:25:00.000000000,1646835900000000000,4152,4186,4152,4178,7378,418925,418616
2022-03-09 22:26:00.000000000,1646835960000000000,4178,4198,4176,4190,8254,418616,419350
2022-03-09 22:27:00.000000000,1646836020000000000,4190,4190,4176,4178,3718,419350,419344
2022-03-09 22:28:00.000000000,1646836080000000000,4178,4178,4168,4170,2805,419344,419405
2022-03-09 22:29:00.000000000,1646836140000000000,4170,4178,4168,4176,1885,419405,419471
2022-03-09 22:30:00.000000000,1646836200000000000,4176,4176,4160,4166,3345,419471,419967
2022-03-09 22:31:00.000000000,1646836260000000000,4166,4170,4160,4170,2433,419967,420611
2022-03-09 22:32:00.000000000,1646836320000000000,4170,4186,4166,4184,2919,420611,420391
2022-03-09 22:33:00.000000000,1646836380000000000,4184,4186,4170,4172,2437,420391,420507
2022-03-09 22:34:00.000000000,1646836440000000000,4172,4184,4172,4180,2109,420507,420906
2022-03-09 22:35:00.000000000,1646836500000000000,4180,4194,4178,4188,3081,420906,421277
2022-03-09 22:36:00.000000000,1646836560000000000,4188,4222,4188,4214,9628,421277,420267
2022-03-09 22:37:00.000000000,1646836620000000000,4214,4216,4198,4210,5164,420267,420054
2022-03-09 22:38:00.000000000,1646836680000000000,4210,4214,4204,4210,4854,420054,420864
2022-03-09 22:39:00.000000000,1646836740000000000,4210,4212,4196,4196,3730,420864,420778
2022-03-09 22:40:00.000000000,1646836800000000000,4196,4200,4192,4192,2456,420778,420491
2022-03-09 22:41:00.000000000,1646836860000000000,4192,4214,4190,4210,2767,420491,420320
2022-03-09 22:42:00.000000000,1646836920000000000,4210,4226,4206,4218,4379,420320,419783
2022-03-09 22:43:00.000000000,1646836980000000000,4218,4220,4202,4218,3947,419783,419082
2022-03-09 22:44:00.000000000,1646837040000000000,4218,4218,4206,4210,3747,419082,419630
2022-03-09 22:45:00.000000000,1646837100000000000,4210,4212,4196,4196,3092,419630,419409
2022-03-09 22:46:00.000000000,1646837160000000000,4196,4198,4186,4192,4437,419409,418692
2022-03-09 22:47:00.000000000,1646837220000000000,4192,4192,4176,4176,3468,418692,418167
2022-03-09 22:48:00.000000000,1646837280000000000,4176,4190,4176,4182,3061,418167,417597
2022-03-09 22:49:00.000000000,1646837340000000000,4182,4190,4176,4182,3218,417597,416738
2022-03-09 22:50:00.000000000,1646837400000000000,4182,4192,4182,4190,2924,416738,416024
2022-03-09 22:51:00.000000000,1646837460000000000,4190,4192,4182,4190,1582,416024,415618
2022-03-09 22:52:00.000000000,1646837520000000000,4190,4208,4188,4200,3139,415618,414800
2022-03-09 22:53:00.000000000,1646837580000000000,4200,4220,4200,4214,3684,414800,414098
2022-03-09 22:54:00.000000000,1646837640000000000,4214,4228,4214,4228,3784,414098,413505
2022-03-09 22:55:00.000000000,1646837700000000000,4228,4228,4214,4220,2545,413505,413490
2022-03-09 22:56:00.000000000,1646837760000000000,4220,4224,4216,4216,2729,413490,413087
2022-03-09 22:57:00.000000000,1646837820000000000,4216,4226,4212,4224,1903,413087,413055
2022-03-09 22:58:00.000000000,1646837880000000000,4224,4228,4220,4222,2064,413055,412494
2022-03-09 22:59:00.000000000,1646837940000000000,4222,4242,4222,4234,4889,412494,411661
2022-03-10 09:00:00.000000000,1646874000000000000,3942,3942,3832,3882,48366,411661,406962
2022-03-10 09:01:00.000000000,1646874060000000000,3882,3924,3866,3882,17108,406962,404640
2022-03-10 09:02:00.000000000,1646874120000000000,3882,3902,3880,3898,12639,404640,403419
2022-03-10 09:03:00.000000000,1646874180000000000,3898,3900,3878,3890,10080,403419,401806
2022-03-10 09:04:00.000000000,1646874240000000000,3890,3920,3888,3904,10363,401806,399607
2022-03-10 09:05:00.000000000,1646874300000000000,3904,3918,3902,3912,7831,399607,398003
2022-03-10 09:06:00.000000000,1646874360000000000,3912,3978,3910,3950,12437,398003,396057
2022-03-10 09:07:00.000000000,1646874420000000000,3950,3952,3936,3946,6292,396057,395879
2022-03-10 09:08:00.000000000,1646874480000000000,3946,3962,3934,3942,6299,395879,396236
2022-03-10 09:09:00.000000000,1646874540000000000,3942,3942,3912,3912,7437,396236,396125
2022-03-10 09:10:00.000000000,1646874600000000000,3912,3924,3904,3924,7604,396125,395593
2022-03-10 09:11:00.000000000,1646874660000000000,3924,3938,3912,3934,5673,395593,395362
2022-03-10 09:12:00.000000000,1646874720000000000,3934,3950,3932,3946,7088,395362,395910
2022-03-10 09:13:00.000000000,1646874780000000000,3946,3966,3944,3952,5916,395910,397168
2022-03-10 09:14:00.000000000,1646874840000000000,3952,3954,3928,3942,4793,397168,396992
2022-03-10 09:15:00.000000000,1646874900000000000,3942,3942,3928,3936,4101,396992,397178
2022-03-10 09:16:00.000000000,1646874960000000000,3936,3948,3936,3948,2957,397178,397482
2022-03-10 09:17:00.000000000,1646875020000000000,3948,3958,3946,3950,3137,397482,397759
2022-03-10 09:18:00.000000000,1646875080000000000,3950,3952,3938,3942,2629,397759,397690
2022-03-10 09:19:00.000000000,1646875140000000000,3942,3944,3928,3928,2392,397690,397726
2022-03-10 09:20:00.000000000,1646875200000000000,3928,3938,3928,3930,2052,397726,397781
2022-03-10 09:21:00.000000000,1646875260000000000,3930,3938,3928,3934,1515,397781,397831
2022-03-10 09:22:00.000000000,1646875320000000000,3934,3936,3924,3934,1841,397831,397968
2022-03-10 09:23:00.000000000,1646875380000000000,3934,3936,3912,3912,2582,397968,398193
2022-03-10 09:24:00.000000000,1646875440000000000,3912,3924,3912,3922,1861,398193,398101
2022-03-10 09:25:00.000000000,1646875500000000000,3922,3938,3922,3930,1684,398101,397858
2022-03-10 09:26:00.000000000,1646875560000000000,3930,3932,3924,3924,1360,397858,397797
2022-03-10 09:27:00.000000000,1646875620000000000,3924,3928,3922,3928,912,397797,397769
2022-03-10 09:28:00.000000000,1646875680000000000,3928,3932,3924,3932,956,397769,397701
2022-03-10 09:29:00.000000000,1646875740000000000,3932,3948,3926,3942,2703,397701,397393
2022-03-10 09:30:00.000000000,1646875800000000000,3942,3942,3930,3930,2353,397393,396480
2022-03-10 09:31:00.000000000,1646875860000000000,3930,3934,3928,3932,1256,396480,396310
2022-03-10 09:32:00.000000000,1646875920000000000,3932,3932,3920,3922,1861,396310,396224
2022-03-10 09:33:00.000000000,1646875980000000000,3922,3926,3920,3924,1838,396224,395937
2022-03-10 09:34:00.000000000,1646876040000000000,3924,3924,3906,3906,3770,395937,395938
2022-03-10 09:35:00.000000000,1646876100000000000,3906,3910,3894,3896,5436,395938,396152
2022-03-10 09:36:00.000000000,1646876160000000000,3896,3912,3896,3910,3172,396152,396543
2022-03-10 09:37:00.000000000,1646876220000000000,3910,3912,3902,3910,2074,396543,396647
2022-03-10 09:38:00.000000000,1646876280000000000,3910,3932,3908,3926,4115,396647,395914
2022-03-10 09:39:00.000000000,1646876340000000000,3926,3932,3918,3932,2779,395914,395753
2022-03-10 09:40:00.000000000,1646876400000000000,3932,3932,3922,3928,1261,395753,395512
2022-03-10 09:41:00.000000000,1646876460000000000,3928,3930,3924,3930,1726,395512,395564
2022-03-10 09:42:00.000000000,1646876520000000000,3930,3930,3926,3928,1065,395564,395709
2022-03-10 09:43:00.000000000,1646876580000000000,3928,3930,3922,3926,988,395709,395704
2022-03-10 09:44:00.000000000,1646876640000000000,3926,3928,3920,3922,1377,395704,395670
2022-03-10 09:45:00.000000000,1646876700000000000,3922,3932,3922,3930,1931,395670,396100
2022-03-10 09:46:00.000000000,1646876760000000000,3930,3932,3918,3918,1705,396100,396432
2022-03-10 09:47:00.000000000,1646876820000000000,3918,3920,3912,3918,1735,396432,396539
2022-03-10 09:48:00.000000000,1646876880000000000,3918,3926,3916,3922,1863,396539,397113
2022-03-10 09:49:00.000000000,1646876940000000000,3922,3930,3920,3928,990,397113,397092
2022-03-10 09:50:00.000000000,1646877000000000000,3928,3930,3926,3928,1061,397092,397213
2022-03-10 09:51:00.000000000,1646877060000000000,3928,3930,3924,3924,863,397213,397247
2022-03-10 09:52:00.000000000,1646877120000000000,3924,3930,3922,3930,958,397247,397227
2022-03-10 09:53:00.000000000,1646877180000000000,3930,3946,3928,3940,3211,397227,397455
2022-03-10 09:54:00.000000000,1646877240000000000,3940,3962,3940,3948,6866,397455,397222
2022-03-10 09:55:00.000000000,1646877300000000000,3948,3956,3938,3944,2367,397222,397182
2022-03-10 09:56:00.000000000,1646877360000000000,3944,3944,3938,3938,810,397182,397184
2022-03-10 09:57:00.000000000,1646877420000000000,3938,3952,3938,3944,1236,397184,397079
2022-03-10 09:58:00.000000000,1646877480000000000,3944,3952,3944,3948,1214,397079,397325
2022-03-10 09:59:00.000000000,1646877540000000000,3948,3950,3946,3950,872,397325,397398
2022-03-10 10:00:00.000000000,1646877600000000000,3950,3950,3932,3934,3521,397398,396676
2022-03-10 10:01:00.000000000,1646877660000000000,3934,3948,3934,3942,1392,396676,396550
2022-03-10 10:02:00.000000000,1646877720000000000,3942,3944,3936,3936,937,396550,396429
2022-03-10 10:03:00.000000000,1646877780000000000,3936,3938,3928,3930,1791,396429,395885
2022-03-10 10:04:00.000000000,1646877840000000000,3930,3934,3926,3928,1272,395885,395695
2022-03-10 10:05:00.000000000,1646877900000000000,3928,3928,3922,3922,1365,395695,395512
2022-03-10 10:06:00.000000000,1646877960000000000,3922,3930,3922,3928,1063,395512,395465
2022-03-10 10:07:00.000000000,1646878020000000000,3928,3936,3928,3934,1205,395465,395364
2022-03-10 10:08:00.000000000,1646878080000000000,3934,3934,3924,3924,668,395364,395177
2022-03-10 10:09:00.000000000,1646878140000000000,3924,3932,3924,3926,1046,395177,394975
2022-03-10 10:10:00.000000000,1646878200000000000,3926,3928,3908,3910,3331,394975,394537
2022-03-10 10:11:00.000000000,1646878260000000000,3910,3918,3890,3894,7680,394537,393748
2022-03-10 10:12:00.000000000,1646878320000000000,3894,3896,3874,3882,7534,393748,393550
2022-03-10 10:13:00.000000000,1646878380000000000,3882,3892,3882,3892,3502,393550,393840
2022-03-10 10:14:00.000000000,1646878440000000000,3892,3906,3892,3902,3664,393840,393293
2022-03-10 10:30:00.000000000,1646879400000000000,3886,3896,3878,3894,6105,393293,392717
2022-03-10 10:31:00.000000000,1646879460000000000,3894,3900,3884,3890,3569,392717,392371
2022-03-10 10:32:00.000000000,1646879520000000000,3890,3896,3888,3896,1539,392371,392448
2022-03-10 10:33:00.000000000,1646879580000000000,3896,3898,3888,3892,1768,392448,392386
2022-03-10 10:34:00.000000000,1646879640000000000,3892,3894,3882,3894,3293,392386,391652
2022-03-10 10:35:00.000000000,1646879700000000000,3894,3902,3890,3898,2092,391652,391283
2022-03-10 10:36:00.000000000,1646879760000000000,3898,3902,3894,3896,1052,391283,391269
2022-03-10 10:37:00.000000000,1646879820000000000,3896,3902,3894,3900,860,391269,391252
2022-03-10 10:38:00.000000000,1646879880000000000,3900,3908,3898,3906,1744,391252,390837
2022-03-10 10:39:00.000000000,1646879940000000000,3906,3906,3902,3904,1065,390837,390908
2022-03-10 10:40:00.000000000,1646880000000000000,3904,3918,3904,3906,2833,390908,390264
2022-03-10 10:41:00.000000000,1646880060000000000,3906,3908,3898,3906,2796,390264,390248
2022-03-10 10:42:00.000000000,1646880120000000000,3906,3912,3906,3912,1433,390248,390091
2022-03-10 10:43:00.000000000,1646880180000000000,3912,3918,3908,3916,1867,390091,389890
2022-03-10 10:44:00.000000000,1646880240000000000,3916,3926,3914,3926,2701,389890,389614
2022-03-10 10:45:00.000000000,1646880300000000000,3926,3926,3916,3918,1672,389614,389779
2022-03-10 10:46:00.000000000,1646880360000000000,3918,3920,3916,3920,785,389779,389880
2022-03-10 10:47:00.000000000,1646880420000000000,3920,3928,3918,3928,1391,389880,389891
2022-03-10 10:48:00.000000000,1646880480000000000,3928,3944,3926,3938,4158,389891,389477
2022-03-10 10:49:00.000000000,1646880540000000000,3938,3938,3930,3930,1688,389477,389232
2022-03-10 10:50:00.000000000,1646880600000000000,3930,3936,3930,3936,1299,389232,389212
2022-03-10 10:51:00.000000000,1646880660000000000,3936,3942,3934,3942,1315,389212,389516
2022-03-10 10:52:00.000000000,1646880720000000000,3942,3942,3936,3938,1382,389516,389617
2022-03-10 10:53:00.000000000,1646880780000000000,3938,3938,3934,3934,1161,389617,389722
2022-03-10 10:54:00.000000000,1646880840000000000,3934,3938,3930,3934,1196,389722,389588
2022-03-10 10:55:00.000000000,1646880900000000000,3934,3936,3928,3932,915,389588,389396
2022-03-10 10:56:00.000000000,1646880960000000000,3932,3934,3924,3926,983,389396,389331
2022-03-10 10:57:00.000000000,1646881020000000000,3926,3928,3918,3922,1485,389331,389530
2022-03-10 10:58:00.000000000,1646881080000000000,3922,3924,3922,3922,444,389530,389574
2022-03-10 10:59:00.000000000,1646881140000000000,3922,3932,3922,3926,1202,389574,389719
2022-03-10 11:00:00.000000000,1646881200000000000,3926,3942,3924,3940,2051,389719,390092
2022-03-10 11:01:00.000000000,1646881260000000000,3940,3948,3938,3944,2571,390092,390315
2022-03-10 11:02:00.000000000,1646881320000000000,3944,3946,3934,3938,1582,390315,390229
2022-03-10 11:03:00.000000000,1646881380000000000,3938,3944,3936,3940,947,390229,390314
2022-03-10 11:04:00.000000000,1646881440000000000,3940,3952,3940,3946,2894,390314,390732
2022-03-10 11:05:00.000000000,1646881500000000000,3946,3956,3944,3956,1775,390732,390849
2022-03-10 11:06:00.000000000,1646881560000000000,3956,3972,3954,3962,4481,390849,390411
2022-03-10 11:07:00.000000000,1646881620000000000,3962,3962,3950,3950,2455,390411,390195
2022-03-10 11:08:00.000000000,1646881680000000000,3950,3952,3942,3942,1758,390195,390151
2022-03-10 11:09:00.000000000,1646881740000000000,3942,3946,3936,3940,1947,390151,389854
2022-03-10 11:10:00.000000000,1646881800000000000,3940,3942,3938,3940,1049,389854,389616
2022-03-10 11:11:00.000000000,1646881860000000000,3940,3942,3938,3940,1897,389616,388674
2022-03-10 11:12:00.000000000,1646881920000000000,3940,3942,3938,3938,1036,388674,388368
2022-03-10 11:13:00.000000000,1646881980000000000,3938,3946,3938,3942,1707,388368,388343
2022-03-10 11:14:00.000000000,1646882040000000000,3942,3958,3942,3958,1795,388343,388177
2022-03-10 11:15:00.000000000,1646882100000000000,3958,3958,3948,3948,1557,388177,388249
2022-03-10 11:16:00.000000000,1646882160000000000,3948,3950,3940,3942,1277,388249,388276
2022-03-10 11:17:00.000000000,1646882220000000000,3942,3956,3942,3950,1079,388276,388099
2022-03-10 11:18:00.000000000,1646882280000000000,3950,3956,3948,3954,1218,388099,387768
2022-03-10 11:19:00.000000000,1646882340000000000,3954,3976,3952,3974,3853,387768,388097
2022-03-10 11:20:00.000000000,1646882400000000000,3974,3976,3960,3968,2943,388097,388314
2022-03-10 11:21:00.000000000,1646882460000000000,3968,3970,3956,3956,1770,388314,388336
2022-03-10 11:22:00.000000000,1646882520000000000,3956,3976,3956,3968,2713,388336,388559
2022-03-10 11:23:00.000000000,1646882580000000000,3968,3986,3968,3972,4152,388559,388203
2022-03-10 11:24:00.000000000,1646882640000000000,3972,3980,3968,3974,2323,388203,387709
2022-03-10 11:25:00.000000000,1646882700000000000,3974,3974,3964,3964,1569,387709,387694
2022-03-10 11:26:00.000000000,1646882760000000000,3964,3968,3960,3964,1788,387694,387412
2022-03-10 11:27:00.000000000,1646882820000000000,3964,3964,3948,3960,2840,387412,386980
2022-03-10 11:28:00.000000000,1646882880000000000,3960,3974,3954,3972,3030,386980,386298
2022-03-10 11:29:00.000000000,1646882940000000000,3972,3974,3966,3972,3153,386298,386707
2022-03-10 13:30:00.000000000,1646890200000000000,4000,4008,3994,4002,16518,386707,385896
2022-03-10 13:31:00.000000000,1646890260000000000,4002,4004,3980,3996,5833,385896,385711
2022-03-10 13:32:00.000000000,1646890320000000000,3996,4004,3992,3998,4043,385711,385947
2022-03-10 13:33:00.000000000,1646890380000000000,3998,4000,3986,3988,2979,385947,385354
2022-03-10 13:34:00.000000000,1646890440000000000,3988,3988,3962,3970,6064,385354,385896
2022-03-10 13:35:00.000000000,1646890500000000000,3970,3970,3954,3960,4527,385896,385377
2022-03-10 13:36:00.000000000,1646890560000000000,3960,3968,3956,3966,2304,385377,385366
2022-03-10 13:37:00.000000000,1646890620000000000,3966,3972,3960,3964,2241,385366,385400
2022-03-10 13:38:00.000000000,1646890680000000000,3964,3970,3962,3968,1291,385400,385516
2022-03-10 13:39:00.000000000,1646890740000000000,3968,3982,3964,3974,1968,385516,385499
2022-03-10 13:40:00.000000000,1646890800000000000,3974,3978,3968,3976,1415,385499,385711
2022-03-10 13:41:00.000000000,1646890860000000000,3976,3982,3972,3974,1610,385711,385574
2022-03-10 13:42:00.000000000,1646890920000000000,3974,3980,3970,3978,765,385574,385666
2022-03-10 13:43:00.000000000,1646890980000000000,3978,3980,3974,3978,765,385666,385689
2022-03-10 13:44:00.000000000,1646891040000000000,3978,3982,3974,3974,1202,385689,385700
2022-03-10 13:45:00.000000000,1646891100000000000,3974,3978,3972,3976,987,385700,385562
2022-03-10 13:46:00.000000000,1646891160000000000,3976,3976,3962,3966,1473,385562,385488
2022-03-10 13:47:00.000000000,1646891220000000000,3966,3970,3964,3964,1104,385488,385493
2022-03-10 13:48:00.000000000,1646891280000000000,3964,3968,3962,3966,843,385493,385526
2022-03-10 13:49:00.000000000,1646891340000000000,3966,3968,3954,3956,1698,385526,385358
2022-03-10 13:50:00.000000000,1646891400000000000,3956,3958,3948,3956,2353,385358,385582
2022-03-10 13:51:00.000000000,1646891460000000000,3956,3964,3954,3960,1681,385582,385550
2022-03-10 13:52:00.000000000,1646891520000000000,3960,3964,3956,3960,1390,385550,385741
2022-03-10 13:53:00.000000000,1646891580000000000,3960,3962,3956,3958,1402,385741,385986
2022-03-10 13:54:00.000000000,1646891640000000000,3958,3962,3956,3958,1689,385986,386453
2022-03-10 13:55:00.000000000,1646891700000000000,3958,3958,3946,3946,3182,386453,386779
2022-03-10 13:56:00.000000000,1646891760000000000,3946,3956,3946,3952,2427,386779,387333
2022-03-10 13:57:00.000000000,1646891820000000000,3952,3960,3952,3952,2079,387333,387778
2022-03-10 13:58:00.000000000,1646891880000000000,3952,3958,3946,3946,1725,387778,388196
2022-03-10 13:59:00.000000000,1646891940000000000,3946,3950,3946,3948,1541,388196,388109
2022-03-10 14:00:00.000000000,1646892000000000000,3948,3960,3946,3958,1582,388109,388021
2022-03-10 14:01:00.000000000,1646892060000000000,3958,3962,3954,3956,954,388021,388107
2022-03-10 14:02:00.000000000,1646892120000000000,3956,3962,3954,3962,583,388107,388057
2022-03-10 14:03:00.000000000,1646892180000000000,3962,3966,3960,3962,1103,388057,388182
2022-03-10 14:04:00.000000000,1646892240000000000,3962,3964,3954,3956,1005,388182,388243
2022-03-10 14:05:00.000000000,1646892300000000000,3956,3960,3954,3954,713,388243,388279
2022-03-10 14:06:00.000000000,1646892360000000000,3954,3974,3954,3966,2735,388279,389269
2022-03-10 14:07:00.000000000,1646892420000000000,3966,3984,3966,3982,2969,389269,389893
2022-03-10 14:08:00.000000000,1646892480000000000,3982,3982,3974,3980,2143,389893,390078
2022-03-10 14:09:00.000000000,1646892540000000000,3980,3988,3974,3976,2124,390078,390249
2022-03-10 14:10:00.000000000,1646892600000000000,3976,3984,3976,3982,1275,390249,390161
2022-03-10 14:11:00.000000000,1646892660000000000,3982,3998,3980,3990,3089,390161,390490
2022-03-10 14:12:00.000000000,1646892720000000000,3990,3992,3976,3978,1972,390490,390704
2022-03-10 14:13:00.000000000,1646892780000000000,3978,3980,3972,3972,1355,390704,390579
2022-03-10 14:14:00.000000000,1646892840000000000,3972,3976,3966,3968,1968,390579,390590
2022-03-10 14:15:00.000000000,1646892900000000000,3968,3976,3968,3974,927,390590,390635
2022-03-10 14:16:00.000000000,1646892960000000000,3974,3978,3970,3978,1572,390635,390827
2022-03-10 14:17:00.000000000,1646893020000000000,3978,3982,3976,3978,956,390827,390845
2022-03-10 14:18:00.000000000,1646893080000000000,3978,3986,3976,3982,1160,390845,390721
2022-03-10 14:19:00.000000000,1646893140000000000,3982,3982,3976,3980,1103,390721,390680
2022-03-10 14:20:00.000000000,1646893200000000000,3980,3984,3976,3980,1716,390680,390559
2022-03-10 14:21:00.000000000,1646893260000000000,3980,3984,3978,3978,1079,390559,390544
2022-03-10 14:22:00.000000000,1646893320000000000,3978,3982,3972,3974,4602,390544,390218
2022-03-10 14:23:00.000000000,1646893380000000000,3974,3976,3968,3968,2377,390218,389672
2022-03-10 14:24:00.000000000,1646893440000000000,3968,3972,3962,3968,2553,389672,389144
2022-03-10 14:25:00.000000000,1646893500000000000,3968,3972,3966,3972,666,389144,389209
2022-03-10 14:26:00.000000000,1646893560000000000,3972,3972,3968,3968,714,389209,388818
2022-03-10 14:27:00.000000000,1646893620000000000,3968,3972,3964,3964,780,388818,388777
2022-03-10 14:28:00.000000000,1646893680000000000,3964,3968,3962,3968,881,388777,388639
2022-03-10 14:29:00.000000000,1646893740000000000,3968,3974,3966,3970,882,388639,388431
2022-03-10 14:30:00.000000000,1646893800000000000,3970,3974,3968,3968,1010,388431,388127
2022-03-10 14:31:00.000000000,1646893860000000000,3968,3978,3968,3974,788,388127,387934
2022-03-10 14:32:00.000000000,1646893920000000000,3974,3986,3972,3980,2213,387934,387803
2022-03-10 14:33:00.000000000,1646893980000000000,3980,3992,3980,3990,2075,387803,387666
2022-03-10 14:34:00.000000000,1646894040000000000,3990,3996,3984,3988,2600,387666,387305
2022-03-10 14:35:00.000000000,1646894100000000000,3988,3992,3988,3990,1250,387305,387282
2022-03-10 14:36:00.000000000,1646894160000000000,3990,3990,3984,3988,780,387282,387396
2022-03-10 14:37:00.000000000,1646894220000000000,3988,3998,3986,3996,1627,387396,387698
2022-03-10 14:38:00.000000000,1646894280000000000,3996,4010,3994,4002,5560,387698,387647
2022-03-10 14:39:00.000000000,1646894340000000000,4002,4016,4000,4010,3423,387647,388273
2022-03-10 14:40:00.000000000,1646894400000000000,4010,4016,4008,4010,2167,388273,388681
2022-03-10 14:41:00.000000000,1646894460000000000,4010,4012,4008,4010,1841,388681,389260
2022-03-10 14:42:00.000000000,1646894520000000000,4010,4016,4008,4012,2065,389260,389771
2022-03-10 14:43:00.000000000,1646894580000000000,4012,4016,4008,4010,1725,389771,389656
2022-03-10 14:44:00.000000000,1646894640000000000,4010,4012,4004,4006,1921,389656,389440
2022-03-10 14:45:00.000000000,1646894700000000000,4006,4012,4002,4012,2048,389440,388978
2022-03-10 14:46:00.000000000,1646894760000000000,4012,4034,4010,4030,4176,388978,388853
2022-03-10 14:47:00.000000000,1646894820000000000,4030,4042,4030,4038,4131,388853,388974
2022-03-10 14:48:00.000000000,1646894880000000000,4038,4040,4026,4032,2774,388974,388853
2022-03-10 14:49:00.000000000,1646894940000000000,4032,4040,4028,4040,1662,388853,388783
2022-03-10 14:50:00.000000000,1646895000000000000,4040,4046,4036,4038,2447,388783,388788
2022-03-10 14:51:00.000000000,1646895060000000000,4038,4040,4030,4036,1796,388788,388565
2022-03-10 14:52:00.000000000,1646895120000000000,4036,4036,4028,4030,1551,388565,388548
2022-03-10 14:53:00.000000000,1646895180000000000,4030,4030,4012,4012,2810,388548,388015
2022-03-10 14:54:00.000000000,1646895240000000000,4012,4018,4006,4008,2505,388015,387594
2022-03-10 14:55:00.000000000,1646895300000000000,4008,4008,3990,3998,4313,387594,386767
2022-03-10 14:56:00.000000000,1646895360000000000,3998,4004,3996,4002,3349,386767,386497
2022-03-10 14:57:00.000000000,1646895420000000000,4002,4024,4002,4018,2808,386497,385950
2022-03-10 14:58:00.000000000,1646895480000000000,4018,4020,4008,4012,2989,385950,385697
2022-03-10 14:59:00.000000000,1646895540000000000,4012,4020,4000,4014,4195,385697,384728
2022-03-10 21:00:00.000000000,1646917200000000000,4066,4098,4062,4072,20910,384728,385462
2022-03-10 21:01:00.000000000,1646917260000000000,4072,4076,4062,4068,8635,385462,386074
2022-03-10 21:02:00.000000000,1646917320000000000,4068,4070,4050,4058,6815,386074,386247
2022-03-10 21:03:00.000000000,1646917380000000000,4058,4062,4042,4056,5794,386247,386083
2022-03-10 21:04:00.000000000,1646917440000000000,4056,4104,4054,4100,10199,386083,387177
2022-03-10 21:05:00.000000000,1646917500000000000,4100,4114,4088,4094,10650,387177,387925
2022-03-10 21:06:00.000000000,1646917560000000000,4094,4104,4092,4092,3877,387925,388227
2022-03-10 21:07:00.000000000,1646917620000000000,4092,4102,4092,4094,4172,388227,388405
2022-03-10 21:08:00.000000000,1646917680000000000,4094,4108,4088,4102,4361,388405,388914
2022-03-10 21:09:00.000000000,1646917740000000000,4102,4130,4102,4124,7697,388914,389962
2022-03-10 21:10:00.000000000,1646917800000000000,4124,4130,4114,4124,8233,389962,389945
2022-03-10 21:11:00.000000000,1646917860000000000,4124,4130,4116,4122,7164,389945,390432
2022-03-10 21:12:00.000000000,1646917920000000000,4122,4128,4114,4118,4948,390432,390790
2022-03-10 21:13:00.000000000,1646917980000000000,4118,4122,4106,4118,4076,390790,390549
2022-03-10 21:14:00.000000000,1646918040000000000,4118,4136,4118,4132,4107,390549,390545
2022-03-10 21:15:00.000000000,1646918100000000000,4132,4132,4122,4126,2911,390545,390522
2022-03-10 21:16:00.000000000,1646918160000000000,4126,4130,4122,4128,3157,390522,390370
2022-03-10 21:17:00.000000000,1646918220000000000,4128,4152,4128,4150,6958,390370,390746
2022-03-10 21:18:00.000000000,1646918280000000000,4150,4150,4140,4142,3465,390746,391341
2022-03-10 21:19:00.000000000,1646918340000000000,4142,4160,4134,4158,5227,391341,391850
2022-03-10 21:20:00.000000000,1646918400000000000,4158,4164,4150,4158,7277,391850,392198
2022-03-10 21:21:00.000000000,1646918460000000000,4158,4178,4158,4176,6174,392198,393239
2022-03-10 21:22:00.000000000,1646918520000000000,4176,4180,4168,4174,4291,393239,393765
2022-03-10 21:23:00.000000000,1646918580000000000,4174,4182,4170,4176,3890,393765,394644
2022-03-10 21:24:00.000000000,1646918640000000000,4176,4178,4164,4164,3855,394644,394598
2022-03-10 21:25:00.000000000,1646918700000000000,4164,4170,4158,4168,4687,394598,393683
2022-03-10 21:26:00.000000000,1646918760000000000,4168,4170,4156,4158,3091,393683,393689
2022-03-10 21:27:00.000000000,1646918820000000000,4158,4162,4148,4162,3604,393689,392929
2022-03-10 21:28:00.000000000,1646918880000000000,4162,4172,4162,4166,2092,392929,393085
2022-03-10 21:29:00.000000000,1646918940000000000,4166,4172,4164,4166,1293,393085,393117
2022-03-10 21:30:00.000000000,1646919000000000000,4166,4168,4152,4152,2665,393117,393287
2022-03-10 21:31:00.000000000,1646919060000000000,4152,4164,4150,4152,2705,393287,393147
2022-03-10 21:32:00.000000000,1646919120000000000,4152,4156,4148,4152,2292,393147,393077
2022-03-10 21:33:00.000000000,1646919180000000000,4152,4170,4152,4170,2399,393077,392988
2022-03-10 21:34:00.000000000,1646919240000000000,4170,4170,4160,4162,1357,392988,392945
2022-03-10 21:35:00.000000000,1646919300000000000,4162,4164,4148,4156,2557,392945,393311
2022-03-10 21:36:00.000000000,1646919360000000000,4156,4162,4152,4156,1338,393311,393342
2022-03-10 21:37:00.000000000,1646919420000000000,4156,4178,4156,4178,3213,393342,393516
2022-03-10 21:38:00.000000000,1646919480000000000,4178,4188,4178,4180,4174,393516,393060
2022-03-10 21:39:00.000000000,1646919540000000000,4180,4184,4170,4184,2505,393060,393073
2022-03-10 21:40:00.000000000,1646919600000000000,4184,4190,4176,4190,4180,393073,393627
2022-03-10 21:41:00.000000000,1646919660000000000,4190,4192,4184,4190,2166,393627,393604
2022-03-10 21:42:00.000000000,1646919720000000000,4190,4192,4182,4188,2504,393604,393654
2022-03-10 21:43:00.000000000,1646919780000000000,4188,4194,4188,4192,2317,393654,393814
2022-03-10 21:44:00.000000000,1646919840000000000,4192,4208,4190,4198,5674,393814,394010
2022-03-10 21:45:00.000000000,1646919900000000000,4198,4198,4176,4180,4756,394010,393988
2022-03-10 21:46:00.000000000,1646919960000000000,4180,4190,4178,4188,2200,393988,393881
2022-03-10 21:47:00.000000000,1646920020000000000,4188,4196,4182,4190,1570,393881,393890
2022-03-10 21:48:00.000000000,1646920080000000000,4190,4190,4182,4188,1806,393890,393693
2022-03-10 21:49:00.000000000,1646920140000000000,4188,4194,4188,4192,1511,393693,393920
2022-03-10 21:50:00.000000000,1646920200000000000,4192,4194,4184,4186,1825,393920,394096
2022-03-10 21:51:00.000000000,1646920260000000000,4186,4190,4182,4182,1231,394096,394097
2022-03-10 21:52:00.000000000,1646920320000000000,4182,4190,4168,4176,3338,394097,393838
2022-03-10 21:53:00.000000000,1646920380000000000,4176,4198,4176,4196,3111,393838,393894
2022-03-10 21:54:00.000000000,1646920440000000000,4196,4204,4192,4200,3339,393894,394270
2022-03-10 21:55:00.000000000,1646920500000000000,4200,4212,4196,4206,3434,394270,394045
2022-03-10 21:56:00.000000000,1646920560000000000,4206,4210,4200,4202,2537,394045,394109
2022-03-10 21:57:00.000000000,1646920620000000000,4202,4204,4188,4190,3124,394109,394591
2022-03-10 21:58:00.000000000,1646920680000000000,4190,4200,4190,4194,2501,394591,395296
2022-03-10 21:59:00.000000000,1646920740000000000,4194,4212,4188,4204,4019,395296,396504
2022-03-10 22:00:00.000000000,1646920800000000000,4204,4208,4192,4194,3378,396504,397033
2022-03-10 22:01:00.000000000,1646920860000000000,4194,4196,4182,4190,3011,397033,397529
2022-03-10 22:02:00.000000000,1646920920000000000,4190,4194,4186,4190,1441,397529,397598
2022-03-10 22:03:00.000000000,1646920980000000000,4190,4192,4184,4186,1307,397598,397673
2022-03-10 22:04:00.000000000,1646921040000000000,4186,4188,4178,4180,2877,397673,397385
2022-03-10 22:05:00.000000000,1646921100000000000,4180,4180,4164,4172,5550,397385,396875
2022-03-10 22:06:00.000000000,1646921160000000000,4172,4186,4172,4180,2165,396875,396865
2022-03-10 22:07:00.000000000,1646921220000000000,4180,4188,4172,4172,1679,396865,396725
2022-03-10 22:08:00.000000000,1646921280000000000,4172,4180,4170,4174,1619,396725,396772
2022-03-10 22:09:00.000000000,1646921340000000000,4174,4178,4162,4166,2413,396772,396535
2022-03-10 22:10:00.000000000,1646921400000000000,4166,4176,4166,4170,2210,396535,396283
2022-03-10 22:11:00.000000000,1646921460000000000,4170,4172,4162,4164,2027,396283,396200
2022-03-10 22:12:00.000000000,1646921520000000000,4164,4166,4158,4160,3087,396200,395467
2022-03-10 22:13:00.000000000,1646921580000000000,4160,4164,4154,4158,2995,395467,395048
2022-03-10 22:14:00.000000000,1646921640000000000,4158,4160,4152,4156,2646,395048,395286
2022-03-10 22:15:00.000000000,1646921700000000000,4156,4172,4154,4172,2675,395286,395083
2022-03-10 22:16:00.000000000,1646921760000000000,4172,4178,4170,4178,2393,395083,394942
2022-03-10 22:17:00.000000000,1646921820000000000,4178,4178,4168,4168,1466,394942,394860
2022-03-10 22:18:00.000000000,1646921880000000000,4168,4170,4156,4158,1753,394860,394923
2022-03-10 22:19:00.000000000,1646921940000000000,4158,4170,4156,4160,1942,394923,394744
2022-03-10 22:20:00.000000000,1646922000000000000,4160,4162,4156,4160,1637,394744,394573
2022-03-10 22:21:00.000000000,1646922060000000000,4160,4172,4160,4168,1558,394573,394361
2022-03-10 22:22:00.000000000,1646922120000000000,4168,4168,4160,4164,1241,394361,394349
2022-03-10 22:23:00.000000000,1646922180000000000,4164,4164,4152,4156,1916,394349,394050
2022-03-10 22:24:00.000000000,1646922240000000000,4156,4162,4152,4158,1738,394050,394410
2022-03-10 22:25:00.000000000,1646922300000000000,4158,4160,4152,4154,1729,394410,394595
2022-03-10 22:26:00.000000000,1646922360000000000,4154,4158,4152,4158,980,394595,394464
2022-03-10 22:27:00.000000000,1646922420000000000,4158,4164,4158,4162,1211,394464,394537
2022-03-10 22:28:00.000000000,1646922480000000000,4162,4172,4160,4172,1183,394537,394378
2022-03-10 22:29:00.000000000,1646922540000000000,4172,4174,4164,4168,1439,394378,394540
2022-03-10 22:30:00.000000000,1646922600000000000,4168,4174,4164,4170,1483,394540,394682
2022-03-10 22:31:00.000000000,1646922660000000000,4170,4176,4166,4174,1651,394682,394698
2022-03-10 22:32:00.000000000,1646922720000000000,4174,4188,4174,4186,1979,394698,394578
2022-03-10 22:33:00.000000000,1646922780000000000,4186,4188,4176,4176,1647,394578,394583
2022-03-10 22:34:00.000000000,1646922840000000000,4176,4178,4166,4168,1648,394583,394494
2022-03-10 22:35:00.000000000,1646922900000000000,4168,4170,4160,4166,1907,394494,394355
2022-03-10 22:36:00.000000000,1646922960000000000,4166,4170,4160,4162,1385,394355,394372
2022-03-10 22:37:00.000000000,1646923020000000000,4162,4174,4162,4170,847,394372,394481
2022-03-10 22:38:00.000000000,1646923080000000000,4170,4172,4162,4172,818,394481,394458
2022-03-10 22:39:00.000000000,1646923140000000000,4172,4172,4162,4168,653,394458,394338
2022-03-10 22:40:00.000000000,1646923200000000000,4168,4170,4158,4160,1274,394338,394218
2022-03-10 22:41:00.000000000,1646923260000000000,4160,4164,4138,4144,5676,394218,393856
2022-03-10 22:42:00.000000000,1646923320000000000,4144,4162,4144,4154,4649,393856,393598
2022-03-10 22:43:00.000000000,1646923380000000000,4154,4160,4148,4152,2079,393598,393836
2022-03-10 22:44:00.000000000,1646923440000000000,4152,4160,4150,4154,1967,393836,393457
2022-03-10 22:45:00.000000000,1646923500000000000,4154,4162,4154,4162,1703,393457,393269
2022-03-10 22:46:00.000000000,1646923560000000000,4162,4164,4154,4160,1213,393269,393129
2022-03-10 22:47:00.000000000,1646923620000000000,4160,4168,4156,4166,1381,393129,392879
2022-03-10 22:48:00.000000000,1646923680000000000,4166,4168,4162,4168,1616,392879,393107
2022-03-10 22:49:00.000000000,1646923740000000000,4168,4168,4158,4162,1287,393107,392992
2022-03-10 22:50:00.000000000,1646923800000000000,4162,4166,4150,4152,1514,392992,392930
2022-03-10 22:51:00.000000000,1646923860000000000,4152,4160,4152,4160,1169,392930,392890
2022-03-10 22:52:00.000000000,1646923920000000000,4160,4162,4150,4154,1829,392890,392859
2022-03-10 22:53:00.000000000,1646923980000000000,4154,4156,4144,4152,2173,392859,392426
2022-03-10 22:54:00.000000000,1646924040000000000,4152,4152,4144,4146,1949,392426,391900
2022-03-10 22:55:00.000000000,1646924100000000000,4146,4154,4134,4142,3666,391900,390726
2022-03-10 22:56:00.000000000,1646924160000000000,4142,4150,4138,4144,1899,390726,390321
2022-03-10 22:57:00.000000000,1646924220000000000,4144,4144,4126,4126,2573,390321,389680
2022-03-10 22:58:00.000000000,1646924280000000000,4126,4134,4112,4122,3889,389680,388724
2022-03-10 22:59:00.000000000,1646924340000000000,4122,4134,4120,4132,3469,388724,388066
2022-03-11 09:00:00.000000000,1646960400000000000,4000,4050,3978,4042,21565,388066,386333
2022-03-11 09:01:00.000000000,1646960460000000000,4042,4070,4040,4066,12519,386333,386504
2022-03-11 09:02:00.000000000,1646960520000000000,4066,4068,4052,4056,6049,386504,385993
2022-03-11 09:03:00.000000000,1646960580000000000,4056,4064,4054,4058,3972,385993,386104
2022-03-11 09:04:00.000000000,1646960640000000000,4058,4062,4048,4052,4169,386104,386101
2022-03-11 09:05:00.000000000,1646960700000000000,4052,4064,4048,4056,3818,386101,386137
2022-03-11 09:06:00.000000000,1646960760000000000,4056,4056,4042,4054,5289,386137,386511
2022-03-11 09:07:00.000000000,1646960820000000000,4054,4054,4044,4048,2419,386511,386738
2022-03-11 09:08:00.000000000,1646960880000000000,4048,4054,4044,4046,2713,386738,386713
2022-03-11 09:09:00.000000000,1646960940000000000,4046,4048,4014,4030,9246,386713,388220
2022-03-11 09:10:00.000000000,1646961000000000000,4030,4040,4014,4016,5574,388220,387688
2022-03-11 09:11:00.000000000,1646961060000000000,4016,4032,4012,4016,6530,387688,388071
2022-03-11 09:12:00.000000000,1646961120000000000,4016,4036,4016,4030,4384,388071,387730
2022-03-11 09:13:00.000000000,1646961180000000000,4030,4034,4020,4026,2542,387730,387982
2022-03-11 09:14:00.000000000,1646961240000000000,4026,4036,4016,4028,4736,387982,387807
2022-03-11 09:15:00.000000000,1646961300000000000,4028,4028,4008,4010,5383,387807,389103
2022-03-11 09:16:00.000000000,1646961360000000000,4010,4014,3994,3996,7307,389103,388930
2022-03-11 09:17:00.000000000,1646961420000000000,3996,4000,3986,3988,6010,388930,389589
2022-03-11 09:18:00.000000000,1646961480000000000,3988,3996,3986,3986,2905,389589,389499
2022-03-11 09:19:00.000000000,1646961540000000000,3986,3988,3974,3976,4811,389499,389744
2022-03-11 09:20:00.000000000,1646961600000000000,3976,3982,3966,3968,8471,389744,390696
2022-03-11 09:21:00.000000000,1646961660000000000,3968,3974,3950,3956,7333,390696,390336
2022-03-11 09:22:00.000000000,1646961720000000000,3956,3968,3954,3958,5528,390336,389569
2022-03-11 09:23:00.000000000,1646961780000000000,3958,3964,3946,3956,5229,389569,390296
2022-03-11 09:24:00.000000000,1646961840000000000,3956,3966,3950,3960,3275,390296,390177
2022-03-11 09:25:00.000000000,1646961900000000000,3960,3966,3954,3964,3793,390177,389702
2022-03-11 09:26:00.000000000,1646961960000000000,3964,3968,3956,3960,4069,389702,389353
2022-03-11 09:27:00.000000000,1646962020000000000,3960,3960,3944,3946,3948,389353,389572
2022-03-11 09:28:00.000000000,1646962080000000000,3946,3960,3946,3950,3045,389572,390156
2022-03-11 09:29:00.000000000,1646962140000000000,3950,3952,3940,3942,3351,390156,390023
2022-03-11 09:30:00.000000000,1646962200000000000,3942,3950,3936,3946,4776,390023,390960
2022-03-11 09:31:00.000000000,1646962260000000000,3946,3954,3942,3952,2817,390960,390740
2022-03-11 09:32:00.000000000,1646962320000000000,3952,3954,3942,3946,2260,390740,390821
2022-03-11 09:33:00.000000000,1646962380000000000,3946,3946,3928,3930,3939,390821,390940
2022-03-11 09:34:00.000000000,1646962440000000000,3930,3938,3926,3926,3852,390940,391627
2022-03-11 09:35:00.000000000,1646962500000000000,3926,3942,3926,3940,3063,391627,392123
2022-03-11 09:36:00.000000000,1646962560000000000,3940,3948,3934,3944,2267,392123,392146
2022-03-11 09:37:00.000000000,1646962620000000000,3944,3952,3942,3948,3387,392146,391977
2022-03-11 09:38:00.000000000,1646962680000000000,3948,3948,3940,3946,1375,391977,392110
2022-03-11 09:39:00.000000000,1646962740000000000,3946,3954,3940,3942,2825,392110,391838
2022-03-11 09:40:00.000000000,1646962800000000000,3942,3950,3938,3948,2140,391838,391767
2022-03-11 09:41:00.000000000,1646962860000000000,3948,3956,3944,3954,1840,391767,391553
2022-03-11 09:42:00.000000000,1646962920000000000,3954,3956,3946,3948,1480,391553,391508
2022-03-11 09:43:00.000000000,1646962980000000000,3948,3948,3940,3942,1508,391508,391637
2022-03-11 09:44:00.000000000,1646963040000000000,3942,3942,3938,3940,1184,391637,391684
2022-03-11 09:45:00.000000000,1646963100000000000,3940,3948,3940,3946,1920,391684,391945
2022-03-11 09:46:00.000000000,1646963160000000000,3946,3954,3946,3950,1736,391945,391687
2022-03-11 09:47:00.000000000,1646963220000000000,3950,3952,3948,3950,972,391687,391627
2022-03-11 09:48:00.000000000,1646963280000000000,3950,3952,3940,3942,1665,391627,391779
2022-03-11 09:49:00.000000000,1646963340000000000,3942,3950,3940,3950,1671,391779,391903
2022-03-11 09:50:00.000000000,1646963400000000000,3950,3950,3940,3944,867,391903,391976
2022-03-11 09:51:00.000000000,1646963460000000000,3944,3946,3942,3944,1657,391976,392543
2022-03-11 09:52:00.000000000,1646963520000000000,3944,3946,3938,3946,1084,392543,392617
2022-03-11 09:53:00.000000000,1646963580000000000,3946,3946,3936,3940,1486,392617,392737
2022-03-11 09:54:00.000000000,1646963640000000000,3940,3944,3938,3940,1286,392737,392772
2022-03-11 09:55:00.000000000,1646963700000000000,3940,3940,3922,3924,3535,392772,393111
2022-03-11 09:56:00.000000000,1646963760000000000,3924,3928,3914,3920,4407,393111,393160
2022-03-11 09:57:00.000000000,1646963820000000000,3920,3922,3914,3914,4036,393160,393207
2022-03-11 09:58:00.000000000,1646963880000000000,3914,3918,3906,3906,5064,393207,393227
2022-03-11 09:59:00.000000000,1646963940000000000,3906,3910,3896,3900,6965,393227,392524
2022-03-11 10:00:00.000000000,1646964000000000000,3900,3906,3890,3898,7372,392524,393048
2022-03-11 10:01:00.000000000,1646964060000000000,3898,3908,3896,3900,4452,393048,393354
2022-03-11 10:02:00.000000000,1646964120000000000,3900,3912,3900,3910,3399,393354,393746
2022-03-11 10:03:00.000000000,1646964180000000000,3910,3916,3902,3904,3378,393746,394151
2022-03-11 10:04:00.000000000,1646964240000000000,3904,3910,3890,3890,4603,394151,394615
2022-03-11 10:05:00.000000000,1646964300000000000,3890,3894,3878,3894,10078,394615,394840
2022-03-11 10:06:00.000000000,1646964360000000000,3894,3900,3886,3896,3064,394840,394927
2022-03-11 10:07:00.000000000,1646964420000000000,3896,3906,3894,3894,3236,394927,395091
2022-03-11 10:08:00.000000000,1646964480000000000,3894,3914,3894,3908,4203,395091,395236
2022-03-11 10:09:00.000000000,1646964540000000000,3908,3920,3906,3916,3582,395236,394600
2022-03-11 10:10:00.000000000,1646964600000000000,3916,3916,3904,3910,2575,394600,395096
2022-03-11 10:11:00.000000000,1646964660000000000,3910,3914,3900,3904,1814,395096,395020
2022-03-11 10:12:00.000000000,1646964720000000000,3904,3914,3904,3912,1404,395020,394875
2022-03-11 10:13:00.000000000,1646964780000000000,3912,3920,3908,3916,2085,394875,394601
2022-03-11 10:14:00.000000000,1646964840000000000,3916,3920,3912,3916,2192,394601,394523
2022-03-11 10:30:00.000000000,1646965800000000000,3914,3924,3902,3902,4054,394523,394304
2022-03-11 10:31:00.000000000,1646965860000000000,3902,3912,3902,3908,1384,394304,394464
2022-03-11 10:32:00.000000000,1646965920000000000,3908,3914,3908,3912,1486,394464,394193
2022-03-11 10:33:00.000000000,1646965980000000000,3912,3912,3890,3894,3219,394193,394062
2022-03-11 10:34:00.000000000,1646966040000000000,3894,3904,3890,3890,2752,394062,394180
2022-03-11 10:35:00.000000000,1646966100000000000,3890,3902,3888,3888,3129,394180,394158
2022-03-11 10:36:00.000000000,1646966160000000000,3888,3902,3884,3902,1814,394158,393863
2022-03-11 10:37:00.000000000,1646966220000000000,3902,3912,3900,3912,2272,393863,393934
2022-03-11 10:38:00.000000000,1646966280000000000,3912,3920,3910,3918,2309,393934,394054
2022-03-11 10:39:00.000000000,1646966340000000000,3918,3918,3908,3914,1582,394054,394261
2022-03-11 10:40:00.000000000,1646966400000000000,3914,3922,3912,3918,2361,394261,394483
2022-03-11 10:41:00.000000000,1646966460000000000,3918,3920,3906,3910,1641,394483,394246
2022-03-11 10:42:00.000000000,1646966520000000000,3910,3912,3898,3906,1657,394246,394144
2022-03-11 10:43:00.000000000,1646966580000000000,3906,3912,3904,3912,1465,394144,394026
2022-03-11 10:44:00.000000000,1646966640000000000,3912,3912,3900,3904,1507,394026,393785
2022-03-11 10:45:00.000000000,1646966700000000000,3904,3912,3898,3912,2276,393785,393657
2022-03-11 10:46:00.000000000,1646966760000000000,3912,3922,3910,3922,2738,393657,394064
2022-03-11 10:47:00.000000000,1646966820000000000,3922,3922,3916,3920,2169,394064,394157
2022-03-11 10:48:00.000000000,1646966880000000000,3920,3924,3914,3916,1566,394157,394167
2022-03-11 10:49:00.000000000,1646966940000000000,3916,3918,3912,3914,1346,394167,393989
2022-03-11 10:50:00.000000000,1646967000000000000,3914,3916,3902,3906,1966,393989,394005
2022-03-11 10:51:00.000000000,1646967060000000000,3906,3916,3902,3912,1218,394005,393887
2022-03-11 10:52:00.000000000,1646967120000000000,3912,3918,3908,3916,1670,393887,394152
2022-03-11 10:53:00.000000000,1646967180000000000,3916,3918,3910,3918,1390,394152,394153
2022-03-11 10:54:00.000000000,1646967240000000000,3918,3934,3916,3934,4618,394153,393871
2022-03-11 10:55:00.000000000,1646967300000000000,3934,3934,3922,3926,2785,393871,394013
2022-03-11 10:56:00.000000000,1646967360000000000,3926,3934,3924,3930,2115,394013,394280
2022-03-11 10:57:00.000000000,1646967420000000000,3930,3942,3928,3940,2485,394280,393919
2022-03-11 10:58:00.000000000,1646967480000000000,3940,3946,3938,3940,3242,393919,393775
2022-03-11 10:59:00.000000000,1646967540000000000,3940,3942,3938,3938,1602,393775,393566
2022-03-11 11:00:00.000000000,1646967600000000000,3938,3940,3936,3936,2608,393566,393653
2022-03-11 11:01:00.000000000,1646967660000000000,3936,3940,3930,3940,1810,393653,393427
2022-03-11 11:02:00.000000000,1646967720000000000,3940,3942,3936,3938,1319,393427,393671
2022-03-11 11:03:00.000000000,1646967780000000000,3938,3950,3936,3948,2321,393671,393670
2022-03-11 11:04:00.000000000,1646967840000000000,3948,3958,3948,3954,4212,393670,393493
2022-03-11 11:05:00.000000000,1646967900000000000,3954,3956,3944,3946,2124,393493,393465
2022-03-11 11:06:00.000000000,1646967960000000000,3946,3952,3944,3946,1476,393465,393441
2022-03-11 11:07:00.000000000,1646968020000000000,3946,3946,3938,3942,1123,393441,393322
2022-03-11 11:08:00.000000000,1646968080000000000,3942,3942,3928,3932,2035,393322,393377
2022-03-11 11:09:00.000000000,1646968140000000000,3932,3938,3930,3938,1408,393377,393391
2022-03-11 11:10:00.000000000,1646968200000000000,3938,3940,3928,3928,1439,393391,393560
2022-03-11 11:11:00.000000000,1646968260000000000,3928,3938,3928,3932,1043,393560,393568
2022-03-11 11:12:00.000000000,1646968320000000000,3932,3940,3932,3938,987,393568,393893
2022-03-11 11:13:00.000000000,1646968380000000000,3938,3946,3934,3934,3291,393893,394552
2022-03-11 11:14:00.000000000,1646968440000000000,3934,3934,3924,3930,1641,394552,394217
2022-03-11 11:15:00.000000000,1646968500000000000,3930,3940,3928,3938,944,394217,394187
2022-03-11 11:16:00.000000000,1646968560000000000,3938,3938,3930,3936,698,394187,394207
2022-03-11 11:17:00.000000000,1646968620000000000,3936,3938,3928,3928,937,394207,394245
2022-03-11 11:18:00.000000000,1646968680000000000,3928,3930,3924,3928,887,394245,394236
2022-03-11 11:19:00.000000000,1646968740000000000,3928,3932,3928,3930,449,394236,394234
2022-03-11 11:20:00.000000000,1646968800000000000,3930,3938,3928,3936,708,394234,394143
2022-03-11 11:21:00.000000000,1646968860000000000,3936,3936,3930,3934,514,394143,394149
2022-03-11 11:22:00.000000000,1646968920000000000,3934,3940,3932,3936,817,394149,393968
2022-03-11 11:23:00.000000000,1646968980000000000,3936,3936,3932,3932,462,393968,393964
2022-03-11 11:24:00.000000000,1646969040000000000,3932,3934,3922,3924,1368,393964,393896
2022-03-11 11:25:00.000000000,1646969100000000000,3924,3924,3916,3922,2087,393896,393789
2022-03-11 11:26:00.000000000,1646969160000000000,3922,3926,3918,3920,1534,393789,393308
2022-03-11 11:27:00.000000000,1646969220000000000,3920,3922,3912,3914,2179,393308,392943
2022-03-11 11:28:00.000000000,1646969280000000000,3914,3920,3912,3918,1100,392943,392851
2022-03-11 11:29:00.000000000,1646969340000000000,3918,3918,3904,3910,2824,392851,392533
2022-03-11 13:30:00.000000000,1646976600000000000,3918,3932,3918,3928,4127,392533,393020
2022-03-11 13:31:00.000000000,1646976660000000000,3928,3928,3912,3912,1736,393020,393182
2022-03-11 13:32:00.000000000,1646976720000000000,3912,3916,3894,3902,4234,393182,392963
2022-03-11 13:33:00.000000000,1646976780000000000,3902,3906,3896,3904,3022,392963,393940
2022-03-11 13:34:00.000000000,1646976840000000000,3904,3912,3902,3906,1947,393940,393972
2022-03-11 13:35:00.000000000,1646976900000000000,3906,3914,3906,3912,2126,393972,393872
2022-03-11 13:36:00.000000000,1646976960000000000,3912,3914,3906,3910,1714,393872,393923
2022-03-11 13:37:00.000000000,1646977020000000000,3910,3912,3902,3912,1407,393923,394399
2022-03-11 13:38:00.000000000,1646977080000000000,3912,3918,3910,3914,1070,394399,394431
2022-03-11 13:39:00.000000000,1646977140000000000,3914,3916,3906,3914,1526,394431,394817
2022-03-11 13:40:00.000000000,1646977200000000000,3914,3916,3910,3914,656,394817,394810
2022-03-11 13:41:00.000000000,1646977260000000000,3914,3918,3914,3916,920,394810,394762
2022-03-11 13:42:00.000000000,1646977320000000000,3916,3920,3914,3916,915,394762,394757
2022-03-11 13:43:00.000000000,1646977380000000000,3916,3924,3914,3924,1309,394757,394747
2022-03-11 13:44:00.000000000,1646977440000000000,3924,3930,3922,3922,1754,394747,395192
2022-03-11 13:45:00.000000000,1646977500000000000,3922,3924,3920,3922,587,395192,395189
2022-03-11 13:46:00.000000000,1646977560000000000,3922,3926,3918,3926,952,395189,395127
2022-03-11 13:47:00.000000000,1646977620000000000,3926,3926,3914,3916,1083,395127,395106
2022-03-11 13:48:00.000000000,1646977680000000000,3916,3926,3916,3922,660,395106,395198
2022-03-11 13:49:00.000000000,1646977740000000000,3922,3928,3920,3926,1135,395198,395089
2022-03-11 13:50:00.000000000,1646977800000000000,3926,3934,3924,3928,1326,395089,395032
2022-03-11 13:51:00.000000000,1646977860000000000,3928,3938,3928,3938,1287,395032,394944
2022-03-11 13:52:00.000000000,1646977920000000000,3938,3938,3934,3936,1248,394944,394948
2022-03-11 13:53:00.000000000,1646977980000000000,3936,3952,3936,3952,3872,394948,394841
2022-03-11 13:54:00.000000000,1646978040000000000,3952,3952,3944,3944,2069,394841,394806
2022-03-11 13:55:00.000000000,1646978100000000000,3944,3948,3944,3948,1184,394806,394742
2022-03-11 13:56:00.000000000,1646978160000000000,3948,3948,3936,3936,1475,394742,394702
2022-03-11 13:57:00.000000000,1646978220000000000,3936,3952,3936,3950,2182,394702,394973
2022-03-11 13:58:00.000000000,1646978280000000000,3950,3954,3948,3948,2203,394973,395257
2022-03-11 13:59:00.000000000,1646978340000000000,3948,3952,3946,3948,1282,395257,395510
2022-03-11 14:00:00.000000000,1646978400000000000,3948,3950,3940,3944,1215,395510,395528
2022-03-11 14:01:00.000000000,1646978460000000000,3944,3948,3940,3944,1206,395528,395542
2022-03-11 14:02:00.000000000,1646978520000000000,3944,3948,3942,3948,490,395542,395576
2022-03-11 14:03:00.000000000,1646978580000000000,3948,3948,3940,3944,1438,395576,395446
2022-03-11 14:04:00.000000000,1646978640000000000,3944,3946,3936,3936,1304,395446,395313
2022-03-11 14:05:00.000000000,1646978700000000000,3936,3946,3936,3940,1005,395313,395586
2022-03-11 14:06:00.000000000,1646978760000000000,3940,3942,3936,3940,1149,395586,395530
2022-03-11 14:07:00.000000000,1646978820000000000,3940,3950,3938,3948,1361,395530,395774
2022-03-11 14:08:00.000000000,1646978880000000000,3948,3962,3946,3956,4405,395774,395667
2022-03-11 14:09:00.000000000,1646978940000000000,3956,3960,3952,3958,1582,395667,395843
2022-03-11 14:10:00.000000000,1646979000000000000,3958,3958,3950,3950,1771,395843,396040
2022-03-11 14:11:00.000000000,1646979060000000000,3950,3960,3950,3960,1080,396040,396033
2022-03-11 14:12:00.000000000,1646979120000000000,3960,3968,3958,3966,2159,396033,395984
2022-03-11 14:13:00.000000000,1646979180000000000,3966,3966,3958,3960,887,395984,395816
2022-03-11 14:14:00.000000000,1646979240000000000,3960,3962,3948,3954,1961,395816,395629
2022-03-11 14:15:00.000000000,1646979300000000000,3954,3958,3950,3954,1138,395629,395737
2022-03-11 14:16:00.000000000,1646979360000000000,3954,3954,3944,3950,1665,395737,395733
2022-03-11 14:17:00.000000000,1646979420000000000,3950,3954,3946,3952,1087,395733,396036
2022-03-11 14:18:00.000000000,1646979480000000000,3952,3954,3946,3950,948,396036,395971
2022-03-11 14:19:00.000000000,1646979540000000000,3950,3958,3950,3956,800,395971,395782
2022-03-11 14:20:00.000000000,1646979600000000000,3956,3966,3956,3966,1300,395782,395546
2022-03-11 14:21:00.000000000,1646979660000000000,3966,3968,3958,3958,1087,395546,395679
2022-03-11 14:22:00.000000000,1646979720000000000,3958,3962,3958,3958,427,395679,395679
2022-03-11 14:23:00.000000000,1646979780000000000,3958,3968,3958,3964,1207,395679,395561
2022-03-11 14:24:00.000000000,1646979840000000000,3964,3968,3962,3966,1309,395561,395434
2022-03-11 14:25:00.000000000,1646979900000000000,3966,3966,3956,3962,1589,395434,395772
2022-03-11 14:26:00.000000000,1646979960000000000,3962,3976,3962,3964,2443,395772,395855
2022-03-11 14:27:00.000000000,1646980020000000000,3964,3966,3952,3956,1680,395855,395586
2022-03-11 14:28:00.000000000,1646980080000000000,3956,3962,3954,3962,630,395586,395601
2022-03-11 14:29:00.000000000,1646980140000000000,3962,3968,3958,3964,1179,395601,395473
2022-03-11 14:30:00.000000000,1646980200000000000,3964,3964,3952,3952,1123,395473,395466
2022-03-11 14:31:00.000000000,1646980260000000000,3952,3952,3946,3948,2024,395466,395229
2022-03-11 14:32:00.000000000,1646980320000000000,3948,3948,3938,3944,1991,395229,395162
2022-03-11 14:33:00.000000000,1646980380000000000,3944,3952,3942,3948,1396,395162,395031
2022-03-11 14:34:00.000000000,1646980440000000000,3948,3950,3944,3948,500,395031,395102
2022-03-11 14:35:00.000000000,1646980500000000000,3948,3960,3948,3958,1362,395102,395120
2022-03-11 14:36:00.000000000,1646980560000000000,3958,3960,3952,3958,1015,395120,395267
2022-03-11 14:37:00.000000000,1646980620000000000,3958,3964,3954,3964,898,395267,395071
2022-03-11 14:38:00.000000000,1646980680000000000,3964,3964,3956,3962,994,395071,394926
2022-03-11 14:39:00.000000000,1646980740000000000,3962,3962,3958,3958,727,394926,394924
2022-03-11 14:40:00.000000000,1646980800000000000,3958,3962,3956,3956,760,394924,394892
2022-03-11 14:41:00.000000000,1646980860000000000,3956,3966,3956,3964,1343,394892,394933
2022-03-11 14:42:00.000000000,1646980920000000000,3964,3966,3962,3964,692,394933,394867
2022-03-11 14:43:00.000000000,1646980980000000000,3964,3970,3962,3968,1107,394867,394903
2022-03-11 14:44:00.000000000,1646981040000000000,3968,3968,3964,3966,793,394903,394945
2022-03-11 14:45:00.000000000,1646981100000000000,3966,3970,3962,3966,1402,394945,394759
2022-03-11 14:46:00.000000000,1646981160000000000,3966,3974,3964,3972,1715,394759,394643
2022-03-11 14:47:00.000000000,1646981220000000000,3972,3972,3966,3972,1976,394643,394415
2022-03-11 14:48:00.000000000,1646981280000000000,3972,3972,3962,3966,1353,394415,394270
2022-03-11 14:49:00.000000000,1646981340000000000,3966,3970,3962,3970,1478,394270,394212
2022-03-11 14:50:00.000000000,1646981400000000000,3970,3978,3966,3978,1510,394212,394227
2022-03-11 14:51:00.000000000,1646981460000000000,3978,3984,3976,3984,3357,394227,394105
2022-03-11 14:52:00.000000000,1646981520000000000,3984,3992,3980,3990,2901,394105,393850
2022-03-11 14:53:00.000000000,1646981580000000000,3990,3994,3982,3982,3079,393850,393319
2022-03-11 14:54:00.000000000,1646981640000000000,3982,3982,3966,3972,2750,393319,392851
2022-03-11 14:55:00.000000000,1646981700000000000,3972,3978,3970,3978,1518,392851,392575
2022-03-11 14:56:00.000000000,1646981760000000000,3978,3984,3974,3980,2112,392575,392764
2022-03-11 14:57:00.000000000,1646981820000000000,3980,3984,3978,3984,1917,392764,392602
2022-03-11 14:58:00.000000000,1646981880000000000,3984,3984,3978,3978,1976,392602,392330
2022-03-11 14:59:00.000000000,1646981940000000000,3978,3982,3974,3978,3006,392330,391437
2022-03-11 21:00:00.000000000,1647003600000000000,3920,3940,3916,3930,16036,391437,393132
2022-03-11 21:01:00.000000000,1647003660000000000,3930,3932,3908,3908,10559,393132,393332
2022-03-11 21:02:00.000000000,1647003720000000000,3908,3922,3908,3912,6289,393332,393316
2022-03-11 21:03:00.000000000,1647003780000000000,3912,3928,3910,3922,5038,393316,393692
2022-03-11 21:04:00.000000000,1647003840000000000,3922,3936,3918,3932,4432,393692,393582
2022-03-11 21:05:00.000000000,1647003900000000000,3932,3934,3924,3926,4541,393582,393711
2022-03-11 21:06:00.000000000,1647003960000000000,3926,3934,3926,3928,3944,393711,393771
2022-03-11 21:07:00.000000000,1647004020000000000,3928,3944,3928,3934,5042,393771,393544
2022-03-11 21:08:00.000000000,1647004080000000000,3934,3942,3934,3940,2525,393544,393407
2022-03-11 21:09:00.000000000,1647004140000000000,3940,3964,3936,3960,5948,393407,392821
2022-03-11 21:10:00.000000000,1647004200000000000,3960,3960,3946,3950,4263,392821,392940
2022-03-11 21:11:00.000000000,1647004260000000000,3950,3950,3938,3944,4069,392940,393288
2022-03-11 21:12:00.000000000,1647004320000000000,3944,3946,3934,3946,3321,393288,393270
2022-03-11 21:13:00.000000000,1647004380000000000,3946,3950,3940,3944,3260,393270,393222
2022-03-11 21:14:00.000000000,1647004440000000000,3944,3950,3936,3948,2671,393222,393145
2022-03-11 21:15:00.000000000,1647004500000000000,3948,3948,3938,3938,2387,393145,393092
2022-03-11 21:16:00.000000000,1647004560000000000,3938,3944,3928,3934,4294,393092,393260
2022-03-11 21:17:00.000000000,1647004620000000000,3934,3938,3924,3928,3720,393260,393103
2022-03-11 21:18:00.000000000,1647004680000000000,3928,3940,3928,3930,3339,393103,393418
2022-03-11 21:19:00.000000000,1647004740000000000,3930,3934,3930,3932,2325,393418,393037
2022-03-11 21:20:00.000000000,1647004800000000000,3932,3934,3924,3934,2528,393037,392704
2022-03-11 21:21:00.000000000,1647004860000000000,3934,3934,3922,3922,2949,392704,392850
2022-03-11 21:22:00.000000000,1647004920000000000,3922,3932,3922,3930,1536,392850,392899
2022-03-11 21:23:00.000000000,1647004980000000000,3930,3930,3920,3924,1646,392899,392937
2022-03-11 21:24:00.000000000,1647005040000000000,3924,3930,3922,3924,1760,392937,392975
2022-03-11 21:25:00.000000000,1647005100000000000,3924,3924,3912,3916,3382,392975,393094
2022-03-11 21:26:00.000000000,1647005160000000000,3916,3918,3904,3906,4879,393094,392878
2022-03-11 21:27:00.000000000,1647005220000000000,3906,3912,3904,3910,3286,392878,392724
2022-03-11 21:28:00.000000000,1647005280000000000,3910,3912,3908,3910,1995,392724,393143
2022-03-11 21:29:00.000000000,1647005340000000000,3910,3910,3902,3908,2832,393143,393415
2022-03-11 21:30:00.000000000,1647005400000000000,3908,3912,3906,3906,2452,393415,393284
2022-03-11 21:31:00.000000000,1647005460000000000,3906,3908,3890,3894,5425,393284,393585
2022-03-11 21:32:00.000000000,1647005520000000000,3894,3902,3892,3894,4086,393585,393280
2022-03-11 21:33:00.000000000,1647005580000000000,3894,3898,3888,3890,3396,393280,393375
2022-03-11 21:34:00.000000000,1647005640000000000,3890,3900,3890,3892,4005,393375,393609
2022-03-11 21:35:00.000000000,1647005700000000000,3892,3902,3890,3898,2907,393609,393220
2022-03-11 21:36:00.000000000,1647005760000000000,3898,3912,3896,3906,4645,393220,393117
2022-03-11 21:37:00.000000000,1647005820000000000,3906,3912,3902,3902,2646,393117,392600
2022-03-11 21:38:00.000000000,1647005880000000000,3902,3908,3898,3904,1614,392600,392536
2022-03-11 21:39:00.000000000,1647005940000000000,3904,3910,3904,3908,1636,392536,392606
2022-03-11 21:40:00.000000000,1647006000000000000,3908,3916,3908,3912,2655,392606,392119
2022-03-11 21:41:00.000000000,1647006060000000000,3912,3916,3908,3910,2558,392119,392183
2022-03-11 21:42:00.000000000,1647006120000000000,3910,3912,3906,3906,1286,392183,392292
2022-03-11 21:43:00.000000000,1647006180000000000,3906,3918,3906,3914,3336,392292,392633
2022-03-11 21:44:00.000000000,1647006240000000000,3914,3918,3908,3918,2218,392633,392505
2022-03-11 21:45:00.000000000,1647006300000000000,3918,3920,3912,3916,2033,392505,392472
2022-03-11 21:46:00.000000000,1647006360000000000,3916,3920,3910,3918,2009,392472,392460
2022-03-11 21:47:00.000000000,1647006420000000000,3918,3926,3916,3926,2601,392460,392166
2022-03-11 21:48:00.000000000,1647006480000000000,3926,3930,3922,3924,1967,392166,391852
2022-03-11 21:49:00.000000000,1647006540000000000,3924,3930,3920,3920,2821,391852,391740
2022-03-11 21:50:00.000000000,1647006600000000000,3920,3922,3916,3918,2066,391740,391868
2022-03-11 21:51:00.000000000,1647006660000000000,3918,3926,3918,3924,1170,391868,391939
2022-03-11 21:52:00.000000000,1647006720000000000,3924,3926,3920,3922,849,391939,391859
2022-03-11 21:53:00.000000000,1647006780000000000,3922,3922,3914,3914,1031,391859,391693
2022-03-11 21:54:00.000000000,1647006840000000000,3914,3914,3904,3904,2962,391693,391517
2022-03-11 21:55:00.000000000,1647006900000000000,3904,3914,3904,3914,2450,391517,391085
2022-03-11 21:56:00.000000000,1647006960000000000,3914,3916,3912,3914,663,391085,391090
2022-03-11 21:57:00.000000000,1647007020000000000,3914,3920,3914,3918,1215,391090,390941
2022-03-11 21:58:00.000000000,1647007080000000000,3918,3928,3918,3926,1840,390941,390899
2022-03-11 21:59:00.000000000,1647007140000000000,3926,3930,3924,3926,2285,390899,391137
2022-03-11 22:00:00.000000000,1647007200000000000,3926,3928,3920,3924,1470,391137,391368
2022-03-11 22:01:00.000000000,1647007260000000000,3924,3926,3916,3920,1464,391368,391513
2022-03-11 22:02:00.000000000,1647007320000000000,3920,3924,3914,3920,1429,391513,391470
2022-03-11 22:03:00.000000000,1647007380000000000,3920,3922,3916,3916,434,391470,391456
2022-03-11 22:04:00.000000000,1647007440000000000,3916,3920,3916,3918,936,391456,391553
2022-03-11 22:05:00.000000000,1647007500000000000,3918,3926,3916,3924,1502,391553,391287
2022-03-11 22:06:00.000000000,1647007560000000000,3924,3930,3924,3930,2166,391287,391299
2022-03-11 22:07:00.000000000,1647007620000000000,3930,3934,3926,3932,2171,391299,391060
2022-03-11 22:08:00.000000000,1647007680000000000,3932,3936,3930,3932,2028,391060,391086
2022-03-11 22:09:00.000000000,1647007740000000000,3932,3934,3926,3934,1709,391086,391152
2022-03-11 22:10:00.000000000,1647007800000000000,3934,3936,3932,3932,1365,391152,390921
2022-03-11 22:11:00.000000000,1647007860000000000,3932,3938,3930,3936,2148,390921,391211
2022-03-11 22:12:00.000000000,1647007920000000000,3936,3938,3930,3934,2389,391211,392027
2022-03-11 22:13:00.000000000,1647007980000000000,3934,3936,3930,3930,1010,392027,391968
2022-03-11 22:14:00.000000000,1647008040000000000,3930,3938,3928,3932,2126,391968,391820
2022-03-11 22:15:00.000000000,1647008100000000000,3932,3932,3924,3924,1600,391820,392031
2022-03-11 22:16:00.000000000,1647008160000000000,3924,3930,3924,3926,606,392031,391926
2022-03-11 22:17:00.000000000,1647008220000000000,3926,3936,3926,3936,1192,391926,391729
2022-03-11 22:18:00.000000000,1647008280000000000,3936,3940,3934,3936,1430,391729,391664
2022-03-11 22:19:00.000000000,1647008340000000000,3936,3936,3930,3934,1486,391664,391676
2022-03-11 22:20:00.000000000,1647008400000000000,3934,3934,3924,3930,1368,391676,391804
2022-03-11 22:21:00.000000000,1647008460000000000,3930,3932,3926,3928,676,391804,391677
2022-03-11 22:22:00.000000000,1647008520000000000,3928,3934,3926,3934,598,391677,391511
2022-03-11 22:23:00.000000000,1647008580000000000,3934,3940,3930,3936,1522,391511,391434
2022-03-11 22:24:00.000000000,1647008640000000000,3936,3940,3934,3940,1302,391434,391443
2022-03-11 22:25:00.000000000,1647008700000000000,3940,3942,3930,3942,1225,391443,391308
2022-03-11 22:26:00.000000000,1647008760000000000,3942,3942,3934,3938,1224,391308,391247
2022-03-11 22:27:00.000000000,1647008820000000000,3938,3940,3934,3936,610,391247,391164
2022-03-11 22:28:00.000000000,1647008880000000000,3936,3938,3930,3934,970,391164,391137
2022-03-11 22:29:00.000000000,1647008940000000000,3934,3934,3930,3932,1289,391137,390912
2022-03-11 22:30:00.000000000,1647009000000000000,3932,3932,3924,3930,1458,390912,390867
2022-03-11 22:31:00.000000000,1647009060000000000,3930,3930,3922,3924,1588,390867,390829
2022-03-11 22:32:00.000000000,1647009120000000000,3924,3926,3918,3924,1797,390829,390605
2022-03-11 22:33:00.000000000,1647009180000000000,3924,3926,3918,3926,1083,390605,390548
2022-03-11 22:34:00.000000000,1647009240000000000,3926,3930,3924,3928,1193,390548,390478
2022-03-11 22:35:00.000000000,1647009300000000000,3928,3932,3928,3930,956,390478,390513
2022-03-11 22:36:00.000000000,1647009360000000000,3930,3932,3924,3930,1008,390513,390572
2022-03-11 22:37:00.000000000,1647009420000000000,3930,3938,3928,3936,2097,390572,390417
2022-03-11 22:38:00.000000000,1647009480000000000,3936,3938,3932,3932,1457,390417,390261
2022-03-11 22:39:00.000000000,1647009540000000000,3932,3938,3932,3936,1123,390261,390377
2022-03-11 22:40:00.000000000,1647009600000000000,3936,3942,3934,3936,1669,390377,390481
2022-03-11 22:41:00.000000000,1647009660000000000,3936,3938,3928,3932,1291,390481,390441
2022-03-11 22:42:00.000000000,1647009720000000000,3932,3936,3930,3930,771,390441,390461
2022-03-11 22:43:00.000000000,1647009780000000000,3930,3936,3930,3934,910,390461,390406
2022-03-11 22:44:00.000000000,1647009840000000000,3934,3938,3934,3934,838,390406,390420
2022-03-11 22:45:00.000000000,1647009900000000000,3934,3936,3924,3926,1796,390420,390435
2022-03-11 22:46:00.000000000,1647009960000000000,3926,3930,3922,3926,1683,390435,390192
2022-03-11 22:47:00.000000000,1647010020000000000,3926,3926,3918,3920,1673,390192,389980
2022-03-11 22:48:00.000000000,1647010080000000000,3920,3924,3914,3918,1191,389980,389935
2022-03-11 22:49:00.000000000,1647010140000000000,3918,3924,3918,3922,915,389935,389943
2022-03-11 22:50:00.000000000,1647010200000000000,3922,3930,3920,3924,1880,389943,389898
2022-03-11 22:51:00.000000000,1647010260000000000,3924,3928,3920,3922,995,389898,389865
2022-03-11 22:52:00.000000000,1647010320000000000,3922,3924,3912,3916,1377,389865,389716
2022-03-11 22:53:00.000000000,1647010380000000000,3916,3920,3916,3918,1191,389716,389581
2022-03-11 22:54:00.000000000,1647010440000000000,3918,3924,3918,3924,1052,389581,389598
2022-03-11 22:55:00.000000000,1647010500000000000,3924,3926,3922,3924,1119,389598,389403
2022-03-11 22:56:00.000000000,1647010560000000000,3924,3930,3924,3928,912,389403,389280
2022-03-11 22:57:00.000000000,1647010620000000000,3928,3932,3924,3928,1188,389280,388779
2022-03-11 22:58:00.000000000,1647010680000000000,3928,3930,3926,3926,1580,388779,388372
2022-03-11 22:59:00.000000000,1647010740000000000,3926,3930,3924,3926,2194,388372,387940
2022-03-14 09:00:00.000000000,1647219600000000000,3890,3896,3856,3866,18041,387940,385555
2022-03-14 09:01:00.000000000,1647219660000000000,3866,3872,3854,3864,9752,385555,384626
2022-03-14 09:02:00.000000000,1647219720000000000,3864,3868,3862,3864,4237,384626,384251
2022-03-14 09:03:00.000000000,1647219780000000000,3864,3882,3864,3882,6937,384251,384012
2022-03-14 09:04:00.000000000,1647219840000000000,3882,3884,3870,3872,9515,384012,382756
2022-03-14 09:05:00.000000000,1647219900000000000,3872,3880,3868,3872,5599,382756,382050
2022-03-14 09:06:00.000000000,1647219960000000000,3872,3874,3868,3870,5104,382050,381433
2022-03-14 09:07:00.000000000,1647220020000000000,3870,3872,3860,3864,3725,381433,381273
2022-03-14 09:08:00.000000000,1647220080000000000,3864,3870,3862,3868,2536,381273,381028
2022-03-14 09:09:00.000000000,1647220140000000000,3868,3874,3866,3868,1997,381028,380997
2022-03-14 09:10:00.000000000,1647220200000000000,3868,3872,3866,3872,1133,380997,381068
2022-03-14 09:11:00.000000000,1647220260000000000,3872,3872,3858,3860,3424,381068,381170
2022-03-14 09:12:00.000000000,1647220320000000000,3860,3862,3844,3850,7487,381170,380585
2022-03-14 09:13:00.000000000,1647220380000000000,3850,3850,3832,3844,7567,380585,380160
2022-03-14 09:14:00.000000000,1647220440000000000,3844,3852,3838,3840,3545,380160,379734
2022-03-14 09:15:00.000000000,1647220500000000000,3840,3850,3840,3846,3788,379734,378901
2022-03-14 09:16:00.000000000,1647220560000000000,3846,3850,3842,3844,1719,378901,378665
2022-03-14 09:17:00.000000000,1647220620000000000,3844,3846,3838,3840,2351,378665,379042
2022-03-14 09:18:00.000000000,1647220680000000000,3840,3852,3840,3846,2892,379042,378982
2022-03-14 09:19:00.000000000,1647220740000000000,3846,3848,3840,3846,2352,378982,379024
2022-03-14 09:20:00.000000000,1647220800000000000,3846,3852,3844,3852,1889,379024,379044
2022-03-14 09:21:00.000000000,1647220860000000000,3852,3856,3844,3846,3249,379044,378862
2022-03-14 09:22:00.000000000,1647220920000000000,3846,3852,3844,3850,1251,378862,378689
2022-03-14 09:23:00.000000000,1647220980000000000,3850,3854,3844,3846,1309,378689,378471
2022-03-14 09:24:00.000000000,1647221040000000000,3846,3850,3844,3850,1016,378471,378337
2022-03-14 09:25:00.000000000,1647221100000000000,3850,3858,3850,3856,2073,378337,377867
2022-03-14 09:26:00.000000000,1647221160000000000,3856,3860,3854,3854,1754,377867,377914
2022-03-14 09:27:00.000000000,1647221220000000000,3854,3860,3852,3860,1371,377914,378037
2022-03-14 09:28:00.000000000,1647221280000000000,3860,3860,3856,3858,1163,378037,377964
2022-03-14 09:29:00.000000000,1647221340000000000,3858,3860,3854,3854,797,377964,377955
2022-03-14 09:30:00.000000000,1647221400000000000,3854,3858,3852,3854,1081,377955,378041
2022-03-14 09:31:00.000000000,1647221460000000000,3854,3856,3852,3854,927,378041,377985
2022-03-14 09:32:00.000000000,1647221520000000000,3854,3856,3848,3850,751,377985,377889
2022-03-14 09:33:00.000000000,1647221580000000000,3850,3854,3848,3852,1029,377889,377957
2022-03-14 09:34:00.000000000,1647221640000000000,3852,3858,3850,3858,769,377957,377876
2022-03-14 09:35:00.000000000,1647221700000000000,3858,3866,3856,3866,1578,377876,377949
2022-03-14 09:36:00.000000000,1647221760000000000,3866,3866,3864,3866,841,377949,378019
2022-03-14 09:37:00.000000000,1647221820000000000,3866,3878,3862,3878,2887,378019,377835
2022-03-14 09:38:00.000000000,1647221880000000000,3878,3878,3870,3872,1697,377835,377843
2022-03-14 09:39:00.000000000,1647221940000000000,3872,3874,3868,3870,1026,377843,377681
2022-03-14 09:40:00.000000000,1647222000000000000,3870,3870,3860,3862,1252,377681,377789
2022-03-14 09:41:00.000000000,1647222060000000000,3862,3872,3858,3870,2265,377789,377515
2022-03-14 09:42:00.000000000,1647222120000000000,3870,3872,3866,3868,1031,377515,377890
2022-03-14 09:43:00.000000000,1647222180000000000,3868,3870,3864,3868,684,377890,377738
2022-03-14 09:44:00.000000000,1647222240000000000,3868,3870,3862,3868,1000,377738,377754
2022-03-14 09:45:00.000000000,1647222300000000000,3868,3868,3864,3868,659,377754,377795
2022-03-14 09:46:00.000000000,1647222360000000000,3868,3870,3862,3868,751,377795,377825
2022-03-14 09:47:00.000000000,1647222420000000000,3868,3868,3864,3866,531,377825,377874
2022-03-14 09:48:00.000000000,1647222480000000000,3866,3870,3864,3868,745,377874,378068
2022-03-14 09:49:00.000000000,1647222540000000000,3868,3870,3868,3870,240,378068,378045
2022-03-14 09:50:00.000000000,1647222600000000000,3870,3872,3866,3868,527,378045,378031
2022-03-14 09:51:00.000000000,1647222660000000000,3868,3872,3866,3868,672,378031,378033
2022-03-14 09:52:00.000000000,1647222720000000000,3868,3874,3866,3872,698,378033,377885
2022-03-14 09:53:00.000000000,1647222780000000000,3872,3874,3870,3874,723,377885,377885
2022-03-14 09:54:00.000000000,1647222840000000000,3874,3874,3870,3870,640,377885,377843
2022-03-14 09:55:00.000000000,1647222900000000000,3870,3872,3856,3860,1504,377843,377649
2022-03-14 09:56:00.000000000,1647222960000000000,3860,3860,3856,3856,769,377649,377768
2022-03-14 09:57:00.000000000,1647223020000000000,3856,3860,3856,3858,861,377768,377805
2022-03-14 09:58:00.000000000,1647223080000000000,3858,3862,3856,3858,667,377805,377741
2022-03-14 09:59:00.000000000,1647223140000000000,3858,3862,3858,3860,622,377741,377721
2022-03-14 10:00:00.000000000,1647223200000000000,3860,3866,3860,3864,703,377721,377673
2022-03-14 10:01:00.000000000,1647223260000000000,3864,3870,3862,3870,487,377673,377733
2022-03-14 10:02:00.000000000,1647223320000000000,3870,3870,3866,3868,444,377733,377730
2022-03-14 10:03:00.000000000,1647223380000000000,3868,3872,3866,3872,654,377730,377664
2022-03-14 10:04:00.000000000,1647223440000000000,3872,3872,3868,3870,642,377664,377653
2022-03-14 10:05:00.000000000,1647223500000000000,3870,3870,3866,3866,383,377653,377702
2022-03-14 10:06:00.000000000,1647223560000000000,3866,3868,3864,3866,256,377702,377662
2022-03-14 10:07:00.000000000,1647223620000000000,3866,3874,3866,3872,937,377662,377919
2022-03-14 10:08:00.000000000,1647223680000000000,3872,3876,3870,3872,860,377919,377968
2022-03-14 10:09:00.000000000,1647223740000000000,3872,3876,3872,3874,604,377968,378067
2022-03-14 10:10:00.000000000,1647223800000000000,3874,3876,3872,3872,545,378067,378046
2022-03-14 10:11:00.000000000,1647223860000000000,3872,3876,3870,3876,515,378046,378156
2022-03-14 10:12:00.000000000,1647223920000000000,3876,3876,3872,3872,437,378156,378114
2022-03-14 10:13:00.000000000,1647223980000000000,3872,3876,3866,3872,1312,378114,378216
2022-03-14 10:14:00.000000000,1647224040000000000,3872,3876,3868,3876,1047,378216,378502
2022-03-14 10:30:00.000000000,1647225000000000000,3874,3878,3872,3874,1351,378502,378430
2022-03-14 10:31:00.000000000,1647225060000000000,3874,3874,3868,3868,723,378430,378336
2022-03-14 10:32:00.000000000,1647225120000000000,3868,3870,3862,3868,1709,378336,378346
2022-03-14 10:33:00.000000000,1647225180000000000,3868,3874,3868,3870,927,378346,377983
2022-03-14 10:34:00.000000000,1647225240000000000,3870,3874,3870,3872,952,377983,378055
2022-03-14 10:35:00.000000000,1647225300000000000,3872,3874,3870,3872,547,378055,378133
2022-03-14 10:36:00.000000000,1647225360000000000,3872,3880,3872,3880,1754,378133,378076
2022-03-14 10:37:00.000000000,1647225420000000000,3880,3882,3878,3880,1411,378076,378243
2022-03-14 10:38:00.000000000,1647225480000000000,3880,3880,3876,3878,532,378243,378110
2022-03-14 10:39:00.000000000,1647225540000000000,3878,3882,3868,3870,947,378110,378055
2022-03-14 10:40:00.000000000,1647225600000000000,3870,3874,3864,3864,1538,378055,378164
2022-03-14 10:41:00.000000000,1647225660000000000,3864,3870,3864,3868,700,378164,378323
2022-03-14 10:42:00.000000000,1647225720000000000,3868,3868,3864,3866,962,378323,378483
2022-03-14 10:43:00.000000000,1647225780000000000,3866,3868,3862,3864,380,378483,378415
2022-03-14 10:44:00.000000000,1647225840000000000,3864,3868,3862,3864,720,378415,378314
2022-03-14 10:45:00.000000000,1647225900000000000,3864,3864,3858,3858,1468,378314,378456
2022-03-14 10:46:00.000000000,1647225960000000000,3858,3858,3852,3856,1605,378456,378184
2022-03-14 10:47:00.000000000,1647226020000000000,3856,3858,3854,3858,327,378184,378174
2022-03-14 10:48:00.000000000,1647226080000000000,3858,3858,3854,3856,668,378174,378114
2022-03-14 10:49:00.000000000,1647226140000000000,3856,3860,3856,3858,1019,378114,377772
2022-03-14 10:50:00.000000000,1647226200000000000,3858,3858,3852,3852,518,377772,377903
2022-03-14 10:51:00.000000000,1647226260000000000,3852,3856,3852,3856,856,377903,377620
2022-03-14 10:52:00.000000000,1647226320000000000,3856,3860,3854,3858,469,377620,377584
2022-03-14 10:53:00.000000000,1647226380000000000,3858,3862,3856,3862,657,377584,377513
2022-03-14 10:54:00.000000000,1647226440000000000,3862,3862,3858,3860,663,377513,377459
2022-03-14 10:55:00.000000000,1647226500000000000,3860,3860,3856,3858,194,377459,377498
2022-03-14 10:56:00.000000000,1647226560000000000,3858,3858,3852,3852,533,377498,377453
2022-03-14 10:57:00.000000000,1647226620000000000,3852,3854,3850,3854,485,377453,377344
2022-03-14 10:58:00.000000000,1647226680000000000,3854,3854,3852,3852,357,377344,377457
2022-03-14 10:59:00.000000000,1647226740000000000,3852,3856,3850,3852,831,377457,377281
2022-03-14 11:00:00.000000000,1647226800000000000,3852,3860,3852,3858,991,377281,377239
2022-03-14 11:01:00.000000000,1647226860000000000,3858,3860,3854,3856,641,377239,377098
2022-03-14 11:02:00.000000000,1647226920000000000,3856,3858,3846,3846,1976,377098,377328
2022-03-14 11:03:00.000000000,1647226980000000000,3846,3848,3842,3846,1176,377328,377419
2022-03-14 11:04:00.000000000,1647227040000000000,3846,3848,3844,3844,651,377419,377509
2022-03-14 11:05:00.000000000,1647227100000000000,3844,3848,3844,3846,743,377509,377541
2022-03-14 11:06:00.000000000,1647227160000000000,3846,3852,3846,3850,557,377541,377500
2022-03-14 11:07:00.000000000,1647227220000000000,3850,3850,3838,3840,2229,377500,377112
2022-03-14 11:08:00.000000000,1647227280000000000,3840,3842,3820,3822,5942,377112,376703
2022-03-14 11:09:00.000000000,1647227340000000000,3822,3830,3818,3818,4024,376703,376893
2022-03-14 11:10:00.000000000,1647227400000000000,3818,3828,3818,3828,2542,376893,376910
2022-03-14 11:11:00.000000000,1647227460000000000,3828,3832,3824,3826,1821,376910,376780
2022-03-14 11:12:00.000000000,1647227520000000000,3826,3828,3822,3828,1225,376780,376819
2022-03-14 11:13:00.000000000,1647227580000000000,3828,3832,3826,3826,1006,376819,377001
2022-03-14 11:14:00.000000000,1647227640000000000,3826,3828,3812,3814,2502,377001,377169
2022-03-14 11:15:00.000000000,1647227700000000000,3814,3818,3810,3818,2840,377169,377014
2022-03-14 11:16:00.000000000,1647227760000000000,3818,3818,3810,3816,1874,377014,376741
2022-03-14 11:17:00.000000000,1647227820000000000,3816,3816,3808,3810,2190,376741,376238
2022-03-14 11:18:00.000000000,1647227880000000000,3810,3812,3802,3806,3931,376238,377064
2022-03-14 11:19:00.000000000,1647227940000000000,3806,3806,3800,3800,4703,377064,375935
2022-03-14 11:20:00.000000000,1647228000000000000,3800,3814,3800,3814,2688,375935,375983
2022-03-14 11:21:00.000000000,1647228060000000000,3814,3822,3814,3820,2102,375983,375512
2022-03-14 11:22:00.000000000,1647228120000000000,3820,3824,3818,3822,1239,375512,375288
2022-03-14 11:23:00.000000000,1647228180000000000,3822,3828,3818,3828,1343,375288,375080
2022-03-14 11:24:00.000000000,1647228240000000000,3828,3830,3822,3824,1805,375080,374812
2022-03-14 11:25:00.000000000,1647228300000000000,3824,3828,3820,3824,1223,374812,374971
2022-03-14 11:26:00.000000000,1647228360000000000,3824,3824,3812,3818,1779,374971,375514
2022-03-14 11:27:00.000000000,1647228420000000000,3818,3820,3808,3812,1879,375514,376014
2022-03-14 11:28:00.000000000,1647228480000000000,3812,3814,3810,3812,814,376014,376081
2022-03-14 11:29:00.000000000,1647228540000000000,3812,3820,3810,3820,1619,376081,376040
2022-03-14 13:30:00.000000000,1647235800000000000,3820,3830,3812,3820,5299,376040,376530
2022-03-14 13:31:00.000000000,1647235860000000000,3820,3820,3814,3816,1720,376530,376661
2022-03-14 13:32:00.000000000,1647235920000000000,3816,3816,3806,3808,1855,376661,376611
2022-03-14 13:33:00.000000000,1647235980000000000,3808,3814,3806,3812,1101,376611,376841
2022-03-14 13:34:00.000000000,1647236040000000000,3812,3816,3808,3810,1028,376841,376853
2022-03-14 13:35:00.000000000,1647236100000000000,3810,3814,3810,3810,865,376853,376964
2022-03-14 13:36:00.000000000,1647236160000000000,3810,3820,3810,3820,1311,376964,376934
2022-03-14 13:37:00.000000000,1647236220000000000,3820,3820,3810,3812,902,376934,376857
2022-03-14 13:38:00.000000000,1647236280000000000,3812,3812,3808,3810,623,376857,376852
2022-03-14 13:39:00.000000000,1647236340000000000,3810,3814,3806,3808,1567,376852,377327
2022-03-14 13:40:00.000000000,1647236400000000000,3808,3812,3806,3812,1015,377327,377369
2022-03-14 13:41:00.000000000,1647236460000000000,3812,3816,3810,3814,864,377369,377450
2022-03-14 13:42:00.000000000,1647236520000000000,3814,3814,3812,3812,743,377450,377652
2022-03-14 13:43:00.000000000,1647236580000000000,3812,3814,3808,3810,1207,377652,377743
2022-03-14 13:44:00.000000000,1647236640000000000,3810,3812,3808,3812,1011,377743,377814
2022-03-14 13:45:00.000000000,1647236700000000000,3812,3812,3806,3810,1207,377814,378024
2022-03-14 13:46:00.000000000,1647236760000000000,3810,3812,3808,3810,392,378024,378057
2022-03-14 13:47:00.000000000,1647236820000000000,3810,3818,3810,3816,1177,378057,377906
2022-03-14 13:48:00.000000000,1647236880000000000,3816,3818,3812,3816,639,377906,377747
2022-03-14 13:49:00.000000000,1647236940000000000,3816,3818,3810,3816,1258,377747,377979
2022-03-14 13:50:00.000000000,1647237000000000000,3816,3822,3816,3818,1241,377979,378210
2022-03-14 13:51:00.000000000,1647237060000000000,3818,3820,3814,3814,823,378210,378305
2022-03-14 13:52:00.000000000,1647237120000000000,3814,3816,3814,3814,403,378305,378242
2022-03-14 13:53:00.000000000,1647237180000000000,3814,3820,3810,3818,1637,378242,378477
2022-03-14 13:54:00.000000000,1647237240000000000,3818,3818,3812,3812,912,378477,378163
2022-03-14 13:55:00.000000000,1647237300000000000,3812,3814,3806,3810,1607,378163,378033
2022-03-14 13:56:00.000000000,1647237360000000000,3810,3812,3806,3808,1525,378033,377791
2022-03-14 13:57:00.000000000,1647237420000000000,3808,3810,3792,3802,4077,377791,377360
2022-03-14 13:58:00.000000000,1647237480000000000,3802,3818,3802,3816,2224,377360,377356
2022-03-14 13:59:00.000000000,1647237540000000000,3816,3824,3814,3818,2069,377356,377345
2022-03-14 14:00:00.000000000,1647237600000000000,3818,3822,3816,3820,988,377345,377456
2022-03-14 14:01:00.000000000,1647237660000000000,3820,3824,3818,3824,1163,377456,377231
2022-03-14 14:02:00.000000000,1647237720000000000,3824,3826,3820,3822,814,377231,377072
2022-03-14 14:03:00.000000000,1647237780000000000,3822,3824,3818,3818,1571,377072,377423
2022-03-14 14:04:00.000000000,1647237840000000000,3818,3818,3816,3818,433,377423,377465
2022-03-14 14:05:00.000000000,1647237900000000000,3818,3820,3810,3812,1129,377465,377306
2022-03-14 14:06:00.000000000,1647237960000000000,3812,3814,3806,3808,1164,377306,377449
2022-03-14 14:07:00.000000000,1647238020000000000,3808,3814,3808,3810,720,377449,377514
2022-03-14 14:08:00.000000000,1647238080000000000,3810,3812,3808,3810,695,377514,377402
2022-03-14 14:09:00.000000000,1647238140000000000,3810,3812,3800,3804,1646,377402,377132
2022-03-14 14:10:00.000000000,1647238200000000000,3804,3804,3796,3800,3063,377132,376682
2022-03-14 14:11:00.000000000,1647238260000000000,3800,3804,3800,3802,851,376682,376680
2022-03-14 14:12:00.000000000,1647238320000000000,3802,3802,3798,3800,1108,376680,376709
2022-03-14 14:13:00.000000000,1647238380000000000,3800,3808,3800,3808,926,376709,376665
2022-03-14 14:14:00.000000000,1647238440000000000,3808,3808,3802,3804,533,376665,376733
2022-03-14 14:15:00.000000000,1647238500000000000,3804,3806,3802,3804,755,376733,376787
2022-03-14 14:16:00.000000000,1647238560000000000,3804,3808,3804,3804,441,376787,376920
2022-03-14 14:17:00.000000000,1647238620000000000,3804,3806,3802,3804,518,376920,377099
2022-03-14 14:18:00.000000000,1647238680000000000,3804,3806,3802,3806,284,377099,377122
2022-03-14 14:19:00.000000000,1647238740000000000,3806,3808,3804,3808,317,377122,377142
2022-03-14 14:20:00.000000000,1647238800000000000,3808,3814,3806,3814,1727,377142,376727
2022-03-14 14:21:00.000000000,1647238860000000000,3814,3816,3810,3814,663,376727,376540
2022-03-14 14:22:00.000000000,1647238920000000000,3814,3816,3810,3812,960,376540,376365
2022-03-14 14:23:00.000000000,1647238980000000000,3812,3816,3812,3814,268,376365,376288
2022-03-14 14:24:00.000000000,1647239040000000000,3814,3816,3806,3806,2158,376288,376128
2022-03-14 14:25:00.000000000,1647239100000000000,3806,3812,3806,3810,387,376128,376038
2022-03-14 14:26:00.000000000,1647239160000000000,3810,3812,3802,3804,1523,376038,375410
2022-03-14 14:27:00.000000000,1647239220000000000,3804,3806,3798,3800,2517,375410,374392
2022-03-14 14:28:00.000000000,1647239280000000000,3800,3808,3800,3808,984,374392,374308
2022-03-14 14:29:00.000000000,1647239340000000000,3808,3810,3802,3802,2131,374308,373126
2022-03-14 14:30:00.000000000,1647239400000000000,3802,3804,3798,3802,1241,373126,373086
2022-03-14 14:31:00.000000000,1647239460000000000,3802,3806,3800,3806,793,373086,372900
2022-03-14 14:32:00.000000000,1647239520000000000,3806,3808,3802,3804,872,372900,372609
2022-03-14 14:33:00.000000000,1647239580000000000,3804,3804,3802,3804,267,372609,372593
2022-03-14 14:34:00.000000000,1647239640000000000,3804,3804,3798,3800,598,372593,372508
2022-03-14 14:35:00.000000000,1647239700000000000,3800,3814,3798,3812,1770,372508,371888
2022-03-14 14:36:00.000000000,1647239760000000000,3812,3814,3808,3810,1111,371888,371963
2022-03-14 14:37:00.000000000,1647239820000000000,3810,3814,3808,3812,1042,371963,371932
2022-03-14 14:38:00.000000000,1647239880000000000,3812,3814,3810,3812,458,371932,371816
2022-03-14 14:39:00.000000000,1647239940000000000,3812,3822,3812,3820,2310,371816,370871
2022-03-14 14:40:00.000000000,1647240000000000000,3820,3822,3816,3816,1167,370871,370764
2022-03-14 14:41:00.000000000,1647240060000000000,3816,3820,3816,3818,636,370764,370620
2022-03-14 14:42:00.000000000,1647240120000000000,3818,3820,3806,3806,1668,370620,369920
2022-03-14 14:43:00.000000000,1647240180000000000,3806,3810,3804,3808,471,369920,369842
2022-03-14 14:44:00.000000000,1647240240000000000,3808,3812,3806,3812,514,369842,369725
2022-03-14 14:45:00.000000000,1647240300000000000,3812,3812,3808,3808,302,369725,369668
2022-03-14 14:46:00.000000000,1647240360000000000,3808,3818,3808,3818,819,369668,369391
2022-03-14 14:47:00.000000000,1647240420000000000,3818,3820,3814,3816,715,369391,369220
2022-03-14 14:48:00.000000000,1647240480000000000,3816,3822,3814,3816,1139,369220,369326
2022-03-14 14:49:00.000000000,1647240540000000000,3816,3818,3814,3818,635,369326,369412
2022-03-14 14:50:00.000000000,1647240600000000000,3818,3818,3812,3816,1357,369412,369300
2022-03-14 14:51:00.000000000,1647240660000000000,3816,3820,3816,3820,2215,369300,368155
2022-03-14 14:52:00.000000000,1647240720000000000,3820,3824,3818,3822,1819,368155,367482
2022-03-14 14:53:00.000000000,1647240780000000000,3822,3824,3820,3820,771,367482,367393
2022-03-14 14:54:00.000000000,1647240840000000000,3820,3822,3818,3820,706,367393,367284
2022-03-14 14:55:00.000000000,1647240900000000000,3820,3822,3818,3818,1294,367284,366719
2022-03-14 14:56:00.000000000,1647240960000000000,3818,3822,3814,3816,1397,366719,366710
2022-03-14 14:57:00.000000000,1647241020000000000,3816,3818,3812,3816,1335,366710,366472
2022-03-14 14:58:00.000000000,1647241080000000000,3816,3818,3814,3816,1266,366472,366236
2022-03-14 14:59:00.000000000,1647241140000000000,3816,3820,3812,3816,2929,366236,365747
2022-03-14 21:00:00.000000000,1647262800000000000,3778,3788,3758,3758,17429,365747,366132
2022-03-14 21:01:00.000000000,1647262860000000000,3758,3770,3754,3760,7784,366132,367437
2022-03-14 21:02:00.000000000,1647262920000000000,3760,3760,3750,3754,5138,367437,368058
2022-03-14 21:03:00.000000000,1647262980000000000,3754,3760,3748,3756,5591,368058,368788
2022-03-14 21:04:00.000000000,1647263040000000000,3756,3766,3754,3766,2823,368788,368985
2022-03-14 21:05:00.000000000,1647263100000000000,3766,3774,3762,3768,5041,368985,369518
2022-03-14 21:06:00.000000000,1647263160000000000,3768,3774,3766,3768,2379,369518,369578
2022-03-14 21:07:00.000000000,1647263220000000000,3768,3778,3768,3778,3125,369578,369410
2022-03-14 21:08:00.000000000,1647263280000000000,3778,3778,3766,3768,2155,369410,369453
2022-03-14 21:09:00.000000000,1647263340000000000,3768,3782,3768,3782,3000,369453,369727
2022-03-14 21:10:00.000000000,1647263400000000000,3782,3786,3780,3780,2362,369727,369497
2022-03-14 21:11:00.000000000,1647263460000000000,3780,3792,3778,3792,4083,369497,370124
2022-03-14 21:12:00.000000000,1647263520000000000,3792,3792,3784,3786,2598,370124,370222
2022-03-14 21:13:00.000000000,1647263580000000000,3786,3788,3776,3776,2726,370222,370360
2022-03-14 21:14:00.000000000,1647263640000000000,3776,3778,3766,3770,3617,370360,370534
2022-03-14 21:15:00.000000000,1647263700000000000,3770,3774,3766,3770,1871,370534,370678
2022-03-14 21:16:00.000000000,1647263760000000000,3770,3772,3762,3764,2232,370678,371024
2022-03-14 21:17:00.000000000,1647263820000000000,3764,3764,3756,3764,4648,371024,371619
2022-03-14 21:18:00.000000000,1647263880000000000,3764,3768,3758,3758,3134,371619,371755
2022-03-14 21:19:00.000000000,1647263940000000000,3758,3758,3746,3746,5990,371755,371837
2022-03-14 21:20:00.000000000,1647264000000000000,3746,3752,3744,3748,4438,371837,371520
2022-03-14 21:21:00.000000000,1647264060000000000,3748,3758,3746,3756,3610,371520,371622
2022-03-14 21:22:00.000000000,1647264120000000000,3756,3760,3754,3758,1816,371622,371791
2022-03-14 21:23:00.000000000,1647264180000000000,3758,3762,3752,3752,2279,371791,371663
2022-03-14 21:24:00.000000000,1647264240000000000,3752,3758,3748,3756,2243,371663,371725
2022-03-14 21:25:00.000000000,1647264300000000000,3756,3762,3752,3756,2724,371725,371744
2022-03-14 21:26:00.000000000,1647264360000000000,3756,3758,3750,3750,940,371744,371710
2022-03-14 21:27:00.000000000,1647264420000000000,3750,3752,3748,3750,2204,371710,371906
2022-03-14 21:28:00.000000000,1647264480000000000,3750,3750,3744,3748,2053,371906,372154
2022-03-14 21:29:00.000000000,1647264540000000000,3748,3748,3738,3740,3253,372154,372536
2022-03-14 21:30:00.000000000,1647264600000000000,3740,3740,3730,3738,5940,372536,372237
2022-03-14 21:31:00.000000000,1647264660000000000,3738,3740,3732,3736,2073,372237,372293
2022-03-14 21:32:00.000000000,1647264720000000000,3736,3736,3728,3730,3158,372293,372635
2022-03-14 21:33:00.000000000,1647264780000000000,3730,3738,3730,3734,2654,372635,372615
2022-03-14 21:34:00.000000000,1647264840000000000,3734,3736,3724,3728,3083,372615,372781
2022-03-14 21:35:00.000000000,1647264900000000000,3728,3728,3718,3722,4834,372781,372980
2022-03-14 21:36:00.000000000,1647264960000000000,3722,3734,3722,3732,3676,372980,373315
2022-03-14 21:37:00.000000000,1647265020000000000,3732,3736,3730,3734,1821,373315,373212
2022-03-14 21:38:00.000000000,1647265080000000000,3734,3736,3726,3728,2418,373212,373447
2022-03-14 21:39:00.000000000,1647265140000000000,3728,3728,3714,3722,4594,373447,372589
2022-03-14 21:40:00.000000000,1647265200000000000,3722,3726,3718,3722,3035,372589,372249
2022-03-14 21:41:00.000000000,1647265260000000000,3722,3722,3712,3712,3343,372249,372402
2022-03-14 21:42:00.000000000,1647265320000000000,3712,3718,3712,3714,3157,372402,372180
2022-03-14 21:43:00.000000000,1647265380000000000,3714,3718,3710,3718,3869,372180,371600
2022-03-14 21:44:00.000000000,1647265440000000000,3718,3720,3710,3712,2002,371600,371726
2022-03-14 21:45:00.000000000,1647265500000000000,3712,3716,3708,3708,2486,371726,371528
2022-03-14 21:46:00.000000000,1647265560000000000,3708,3714,3708,3712,2302,371528,371761
2022-03-14 21:47:00.000000000,1647265620000000000,3712,3714,3704,3704,3057,371761,371574
2022-03-14 21:48:00.000000000,1647265680000000000,3704,3710,3704,3708,2367,371574,371553
2022-03-14 21:49:00.000000000,1647265740000000000,3708,3712,3700,3702,4324,371553,371827
2022-03-14 21:50:00.000000000,1647265800000000000,3702,3710,3700,3706,3189,371827,372089
2022-03-14 21:51:00.000000000,1647265860000000000,3706,3722,3706,3716,6137,372089,371543
2022-03-14 21:52:00.000000000,1647265920000000000,3716,3718,3702,3702,3182,371543,372022
2022-03-14 21:53:00.000000000,1647265980000000000,3702,3706,3692,3696,7535,372022,371219
2022-03-14 21:54:00.000000000,1647266040000000000,3696,3696,3688,3690,5153,371219,370655
2022-03-14 21:55:00.000000000,1647266100000000000,3690,3694,3678,3684,7855,370655,370388
2022-03-14 21:56:00.000000000,1647266160000000000,3684,3692,3682,3692,5428,370388,370408
2022-03-14 21:57:00.000000000,1647266220000000000,3692,3696,3688,3694,2967,370408,370463
2022-03-14 21:58:00.000000000,1647266280000000000,3694,3700,3690,3694,2704,370463,370324
2022-03-14 21:59:00.000000000,1647266340000000000,3694,3700,3692,3696,2031,370324,370382
2022-03-14 22:00:00.000000000,1647266400000000000,3696,3698,3690,3690,3039,370382,370049
2022-03-14 22:01:00.000000000,1647266460000000000,3690,3698,3690,3698,1585,370049,370036
2022-03-14 22:02:00.000000000,1647266520000000000,3698,3706,3696,3704,3836,370036,369941
2022-03-14 22:03:00.000000000,1647266580000000000,3704,3704,3700,3704,1587,369941,370059
2022-03-14 22:04:00.000000000,1647266640000000000,3704,3708,3698,3700,2484,370059,369267
2022-03-14 22:05:00.000000000,1647266700000000000,3700,3702,3690,3690,2470,369267,369399
2022-03-14 22:06:00.000000000,1647266760000000000,3690,3694,3688,3688,1492,369399,369567
2022-03-14 22:07:00.000000000,1647266820000000000,3688,3692,3676,3676,5781,369567,369949
2022-03-14 22:08:00.000000000,1647266880000000000,3676,3682,3670,3678,5936,369949,370394
2022-03-14 22:09:00.000000000,1647266940000000000,3678,3684,3676,3680,1703,370394,370377
2022-03-14 22:10:00.000000000,1647267000000000000,3680,3682,3674,3676,2032,370377,370518
2022-03-14 22:11:00.000000000,1647267060000000000,3676,3680,3672,3676,1429,370518,370634
2022-03-14 22:12:00.000000000,1647267120000000000,3676,3682,3666,3670,3643,370634,370436
2022-03-14 22:13:00.000000000,1647267180000000000,3670,3670,3658,3660,7872,370436,369789
2022-03-14 22:14:00.000000000,1647267240000000000,3660,3664,3654,3656,5366,369789,369299
2022-03-14 22:15:00.000000000,1647267300000000000,3656,3664,3654,3660,5037,369299,368715
2022-03-14 22:16:00.000000000,1647267360000000000,3660,3664,3658,3662,2317,368715,368552
2022-03-14 22:17:00.000000000,1647267420000000000,3662,3662,3652,3652,3873,368552,367694
2022-03-14 22:18:00.000000000,1647267480000000000,3652,3654,3644,3648,4886,367694,367532
2022-03-14 22:19:00.000000000,1647267540000000000,3648,3662,3648,3660,5075,367532,367386
2022-03-14 22:20:00.000000000,1647267600000000000,3660,3668,3660,3664,5842,367386,367497
2022-03-14 22:21:00.000000000,1647267660000000000,3664,3666,3654,3658,4046,367497,367894
2022-03-14 22:22:00.000000000,1647267720000000000,3658,3668,3656,3666,3889,367894,367299
2022-03-14 22:23:00.000000000,1647267780000000000,3666,3670,3664,3666,2939,367299,367390
2022-03-14 22:24:00.000000000,1647267840000000000,3666,3666,3660,3662,1924,367390,367642
2022-03-14 22:25:00.000000000,1647267900000000000,3662,3664,3660,3664,928,367642,367661
2022-03-14 22:26:00.000000000,1647267960000000000,3664,3668,3662,3666,1114,367661,367668
2022-03-14 22:27:00.000000000,1647268020000000000,3666,3676,3662,3674,2766,367668,367550
2022-03-14 22:28:00.000000000,1647268080000000000,3674,3684,3674,3680,5369,367550,367026
2022-03-14 22:29:00.000000000,1647268140000000000,3680,3684,3674,3676,4340,367026,366691
2022-03-14 22:30:00.000000000,1647268200000000000,3676,3676,3666,3670,3827,366691,366836
2022-03-14 22:31:00.000000000,1647268260000000000,3670,3676,3668,3670,1526,366836,366829
2022-03-14 22:32:00.000000000,1647268320000000000,3670,3676,3670,3676,728,366829,366944
2022-03-14 22:33:00.000000000,1647268380000000000,3676,3676,3662,3662,2002,366944,366729
2022-03-14 22:34:00.000000000,1647268440000000000,3662,3666,3660,3664,1749,366729,367039
2022-03-14 22:35:00.000000000,1647268500000000000,3664,3670,3664,3670,1097,367039,367080
2022-03-14 22:36:00.000000000,1647268560000000000,3670,3674,3666,3666,1121,367080,367102
2022-03-14 22:37:00.000000000,1647268620000000000,3666,3668,3664,3668,919,367102,367038
2022-03-14 22:38:00.000000000,1647268680000000000,3668,3674,3666,3668,2149,367038,366517
2022-03-14 22:39:00.000000000,1647268740000000000,3668,3668,3664,3664,832,366517,366486
2022-03-14 22:40:00.000000000,1647268800000000000,3664,3668,3664,3666,956,366486,366491
2022-03-14 22:41:00.000000000,1647268860000000000,3666,3670,3666,3670,1074,366491,366605
2022-03-14 22:42:00.000000000,1647268920000000000,3670,3680,3668,3678,3454,366605,367180
2022-03-14 22:43:00.000000000,1647268980000000000,3678,3684,3674,3680,2346,367180,367647
2022-03-14 22:44:00.000000000,1647269040000000000,3680,3682,3674,3676,2573,367647,368376
2022-03-14 22:45:00.000000000,1647269100000000000,3676,3682,3670,3678,2624,368376,368774
2022-03-14 22:46:00.000000000,1647269160000000000,3678,3678,3664,3666,2408,368774,368967
2022-03-14 22:47:00.000000000,1647269220000000000,3666,3672,3666,3668,1864,368967,368749
2022-03-14 22:48:00.000000000,1647269280000000000,3668,3676,3668,3674,1555,368749,368783
2022-03-14 22:49:00.000000000,1647269340000000000,3674,3676,3670,3676,1521,368783,368487
2022-03-14 22:50:00.000000000,1647269400000000000,3676,3680,3674,3676,1331,368487,368322
2022-03-14 22:51:00.000000000,1647269460000000000,3676,3682,3674,3678,2001,368322,367845
2022-03-14 22:52:00.000000000,1647269520000000000,3678,3684,3676,3684,2904,367845,368099
2022-03-14 22:53:00.000000000,1647269580000000000,3684,3688,3680,3680,2055,368099,367361
2022-03-14 22:54:00.000000000,1647269640000000000,3680,3680,3670,3672,1456,367361,366839
2022-03-14 22:55:00.000000000,1647269700000000000,3672,3678,3672,3672,1276,366839,367116
2022-03-14 22:56:00.000000000,1647269760000000000,3672,3680,3672,3678,1169,367116,367080
2022-03-14 22:57:00.000000000,1647269820000000000,3678,3682,3676,3678,1344,367080,367120
2022-03-14 22:58:00.000000000,1647269880000000000,3678,3682,3676,3678,1783,367120,366766
2022-03-14 22:59:00.000000000,1647269940000000000,3678,3688,3676,3686,3690,366766,366182
2022-03-15 09:00:00.000000000,1647306000000000000,3676,3676,3632,3634,13669,366182,367730
2022-03-15 09:01:00.000000000,1647306060000000000,3634,3656,3634,3654,7172,367730,367493
2022-03-15 09:02:00.000000000,1647306120000000000,3654,3662,3646,3648,5003,367493,367626
2022-03-15 09:03:00.000000000,1647306180000000000,3648,3648,3636,3636,6367,367626,367839
2022-03-15 09:04:00.000000000,1647306240000000000,3636,3640,3630,3632,4021,367839,367947
2022-03-15 09:05:00.000000000,1647306300000000000,3632,3642,3630,3638,4218,367947,368237
2022-03-15 09:06:00.000000000,1647306360000000000,3638,3644,3638,3640,2177,368237,368313
2022-03-15 09:07:00.000000000,1647306420000000000,3640,3644,3638,3642,1937,368313,368675
2022-03-15 09:08:00.000000000,1647306480000000000,3642,3646,3640,3646,1477,368675,368614
2022-03-15 09:09:00.000000000,1647306540000000000,3646,3650,3644,3648,1613,368614,368479
2022-03-15 09:10:00.000000000,1647306600000000000,3648,3654,3646,3650,1324,368479,368497
2022-03-15 09:11:00.000000000,1647306660000000000,3650,3652,3644,3646,1425,368497,368790
2022-03-15 09:12:00.000000000,1647306720000000000,3646,3646,3630,3636,2995,368790,368983
2022-03-15 09:13:00.000000000,1647306780000000000,3636,3640,3632,3636,1170,368983,368987
2022-03-15 09:14:00.000000000,1647306840000000000,3636,3640,3632,3634,1016,368987,369204
2022-03-15 09:15:00.000000000,1647306900000000000,3634,3636,3628,3632,3427,369204,369068
2022-03-15 09:16:00.000000000,1647306960000000000,3632,3632,3614,3616,6098,369068,369357
2022-03-15 09:17:00.000000000,1647307020000000000,3616,3616,3604,3608,7135,369357,368528
2022-03-15 09:18:00.000000000,1647307080000000000,3608,3610,3596,3600,7871,368528,367555
2022-03-15 09:19:00.000000000,1647307140000000000,3600,3606,3594,3600,5075,367555,367496
2022-03-15 09:20:00.000000000,1647307200000000000,3600,3604,3592,3596,3575,367496,367665
2022-03-15 09:21:00.000000000,1647307260000000000,3596,3596,3588,3592,4693,367665,367885
2022-03-15 09:22:00.000000000,1647307320000000000,3592,3594,3582,3586,5019,367885,368674
2022-03-15 09:23:00.000000000,1647307380000000000,3586,3598,3586,3598,3358,368674,369217
2022-03-15 09:24:00.000000000,1647307440000000000,3598,3598,3586,3588,2530,369217,369216
2022-03-15 09:25:00.000000000,1647307500000000000,3588,3594,3582,3582,1916,369216,369309
2022-03-15 09:26:00.000000000,1647307560000000000,3582,3592,3582,3590,2038,369309,369696
2022-03-15 09:27:00.000000000,1647307620000000000,3590,3590,3580,3582,3298,369696,369228
2022-03-15 09:28:00.000000000,1647307680000000000,3582,3586,3576,3586,3068,369228,369377
2022-03-15 09:29:00.000000000,1647307740000000000,3586,3592,3584,3592,2861,369377,369589
2022-03-15 09:30:00.000000000,1647307800000000000,3592,3594,3590,3592,2474,369589,369881
2022-03-15 09:31:00.000000000,1647307860000000000,3592,3592,3584,3584,1688,369881,369962
2022-03-15 09:32:00.000000000,1647307920000000000,3584,3584,3574,3578,2946,369962,370175
2022-03-15 09:33:00.000000000,1647307980000000000,3578,3586,3574,3586,2204,370175,370512
2022-03-15 09:34:00.000000000,1647308040000000000,3586,3588,3578,3580,1667,370512,370337
2022-03-15 09:35:00.000000000,1647308100000000000,3580,3582,3576,3578,1273,370337,370419
2022-03-15 09:36:00.000000000,1647308160000000000,3578,3580,3570,3572,2568,370419,370302
2022-03-15 09:37:00.000000000,1647308220000000000,3572,3572,3558,3562,7324,370302,368762
2022-03-15 09:38:00.000000000,1647308280000000000,3562,3564,3546,3548,8320,368762,368017
2022-03-15 09:39:00.000000000,1647308340000000000,3548,3558,3548,3552,3187,368017,368314
2022-03-15 09:40:00.000000000,1647308400000000000,3552,3558,3536,3536,5981,368314,368300
2022-03-15 09:41:00.000000000,1647308460000000000,3536,3550,3536,3546,4497,368300,369027
2022-03-15 09:42:00.000000000,1647308520000000000,3546,3548,3532,3538,4858,369027,369734
2022-03-15 09:43:00.000000000,1647308580000000000,3538,3544,3524,3530,6685,369734,369762
2022-03-15 09:44:00.000000000,1647308640000000000,3530,3532,3516,3520,5732,369762,370057
2022-03-15 09:45:00.000000000,1647308700000000000,3520,3526,3516,3518,5519,370057,370746
2022-03-15 09:46:00.000000000,1647308760000000000,3518,3528,3516,3518,6609,370746,371036
2022-03-15 09:47:00.000000000,1647308820000000000,3518,3522,3508,3510,5211,371036,370157
2022-03-15 09:48:00.000000000,1647308880000000000,3510,3516,3502,3504,5882,370157,369918
2022-03-15 09:49:00.000000000,1647308940000000000,3504,3508,3498,3500,7630,369918,369226
2022-03-15 09:50:00.000000000,1647309000000000000,3500,3502,3484,3492,6393,369226,370185
2022-03-15 09:51:00.000000000,1647309060000000000,3492,3498,3482,3486,5487,370185,370517
2022-03-15 09:52:00.000000000,1647309120000000000,3486,3496,3486,3494,4506,370517,370973
2022-03-15 09:53:00.000000000,1647309180000000000,3494,3496,3476,3482,6009,370973,371147
2022-03-15 09:54:00.000000000,1647309240000000000,3482,3486,3472,3482,4793,371147,372181
2022-03-15 09:55:00.000000000,1647309300000000000,3482,3492,3480,3488,5519,372181,372088
2022-03-15 09:56:00.000000000,1647309360000000000,3488,3494,3482,3494,2873,372088,371915
2022-03-15 09:57:00.000000000,1647309420000000000,3494,3496,3488,3492,2993,371915,372195
2022-03-15 09:58:00.000000000,1647309480000000000,3492,3502,3490,3502,4600,372195,371618
2022-03-15 09:59:00.000000000,1647309540000000000,3502,3514,3500,3510,6103,371618,371107
2022-03-15 10:00:00.000000000,1647309600000000000,3510,3512,3502,3504,4765,371107,370684
2022-03-15 10:01:00.000000000,1647309660000000000,3504,3512,3502,3512,4050,370684,371107
2022-03-15 10:02:00.000000000,1647309720000000000,3512,3536,3512,3532,8516,371107,369383
2022-03-15 10:03:00.000000000,1647309780000000000,3532,3534,3520,3522,3878,369383,369247
2022-03-15 10:04:00.000000000,1647309840000000000,3522,3532,3518,3528,4166,369247,369535
2022-03-15 10:05:00.000000000,1647309900000000000,3528,3536,3522,3534,3311,369535,370013
2022-03-15 10:06:00.000000000,1647309960000000000,3534,3536,3530,3530,3681,370013,369555
2022-03-15 10:07:00.000000000,1647310020000000000,3530,3538,3528,3536,2779,369555,369292
2022-03-15 10:08:00.000000000,1647310080000000000,3536,3544,3528,3544,3695,369292,369955
2022-03-15 10:09:00.000000000,1647310140000000000,3544,3550,3540,3548,4935,369955,368932
2022-03-15 10:10:00.000000000,1647310200000000000,3548,3550,3542,3548,4189,368932,368290
2022-03-15 10:11:00.000000000,1647310260000000000,3548,3548,3540,3542,2286,368290,367857
2022-03-15 10:12:00.000000000,1647310320000000000,3542,3558,3542,3558,2852,367857,367783
2022-03-15 10:13:00.000000000,1647310380000000000,3558,3584,3554,3582,10212,367783,367454
2022-03-15 10:14:00.000000000,1647310440000000000,3582,3592,3574,3582,7849,367454,366531
2022-03-15 10:30:00.000000000,1647311400000000000,3580,3602,3574,3594,8790,366531,366658
2022-03-15 10:31:00.000000000,1647311460000000000,3594,3598,3584,3584,4361,366658,366131
2022-03-15 10:32:00.000000000,1647311520000000000,3584,3602,3584,3598,4521,366131,365632
2022-03-15 10:33:00.000000000,1647311580000000000,3598,3600,3592,3598,3496,365632,365328
2022-03-15 10:34:00.000000000,1647311640000000000,3598,3606,3598,3602,4413,365328,365484
2022-03-15 10:35:00.000000000,1647311700000000000,3602,3602,3588,3590,3786,365484,364717
2022-03-15 10:36:00.000000000,1647311760000000000,3590,3594,3586,3586,3077,364717,364656
2022-03-15 10:37:00.000000000,1647311820000000000,3586,3594,3586,3586,1934,364656,364792
2022-03-15 10:38:00.000000000,1647311880000000000,3586,3594,3586,3590,1342,364792,364883
2022-03-15 10:39:00.000000000,1647311940000000000,3590,3594,3586,3590,1878,364883,364736
2022-03-15 10:40:00.000000000,1647312000000000000,3590,3592,3568,3570,5158,364736,364516
2022-03-15 10:41:00.000000000,1647312060000000000,3570,3572,3566,3566,3622,364516,364547
2022-03-15 10:42:00.000000000,1647312120000000000,3566,3576,3566,3574,1743,364547,364364
2022-03-15 10:43:00.000000000,1647312180000000000,3574,3582,3572,3582,1881,364364,364364
2022-03-15 10:44:00.000000000,1647312240000000000,3582,3588,3580,3582,1831,364364,364689
2022-03-15 10:45:00.000000000,1647312300000000000,3582,3592,3580,3588,1958,364689,364560
2022-03-15 10:46:00.000000000,1647312360000000000,3588,3594,3586,3588,2065,364560,364956
2022-03-15 10:47:00.000000000,1647312420000000000,3588,3592,3586,3588,1457,364956,365139
2022-03-15 10:48:00.000000000,1647312480000000000,3588,3588,3582,3584,772,365139,365148
2022-03-15 10:49:00.000000000,1647312540000000000,3584,3584,3580,3580,648,365148,365225
2022-03-15 10:50:00.000000000,1647312600000000000,3580,3586,3580,3584,915,365225,365302
2022-03-15 10:51:00.000000000,1647312660000000000,3584,3592,3582,3590,2025,365302,364880
2022-03-15 10:52:00.000000000,1647312720000000000,3590,3590,3586,3586,507,364880,364784
2022-03-15 10:53:00.000000000,1647312780000000000,3586,3590,3586,3588,517,364784,364931
2022-03-15 10:54:00.000000000,1647312840000000000,3588,3604,3586,3604,3198,364931,365631
2022-03-15 10:55:00.000000000,1647312900000000000,3604,3606,3594,3596,4343,365631,366723
2022-03-15 10:56:00.000000000,1647312960000000000,3596,3598,3590,3592,1010,366723,366515
2022-03-15 10:57:00.000000000,1647313020000000000,3592,3600,3592,3594,1680,366515,366107
2022-03-15 10:58:00.000000000,1647313080000000000,3594,3600,3588,3596,1629,366107,365812
2022-03-15 10:59:00.000000000,1647313140000000000,3596,3596,3592,3594,791,365812,365710
2022-03-15 11:00:00.000000000,1647313200000000000,3594,3596,3588,3588,1245,365710,365815
2022-03-15 11:01:00.000000000,1647313260000000000,3588,3590,3584,3586,1068,365815,365835
2022-03-15 11:02:00.000000000,1647313320000000000,3586,3588,3582,3586,824,365835,365835
2022-03-15 11:03:00.000000000,1647313380000000000,3586,3590,3584,3586,769,365835,365773
2022-03-15 11:04:00.000000000,1647313440000000000,3586,3586,3582,3584,930,365773,365787
2022-03-15 11:05:00.000000000,1647313500000000000,3584,3592,3584,3588,1255,365787,365914
2022-03-15 11:06:00.000000000,1647313560000000000,3588,3598,3584,3592,1639,365914,365789
2022-03-15 11:07:00.000000000,1647313620000000000,3592,3594,3590,3590,863,365789,365794
2022-03-15 11:08:00.000000000,1647313680000000000,3590,3590,3584,3586,1081,365794,365876
2022-03-15 11:09:00.000000000,1647313740000000000,3586,3592,3586,3590,336,365876,365806
2022-03-15 11:10:00.000000000,1647313800000000000,3590,3596,3590,3596,597,365806,365710
2022-03-15 11:11:00.000000000,1647313860000000000,3596,3598,3590,3592,972,365710,365606
2022-03-15 11:12:00.000000000,1647313920000000000,3592,3596,3592,3596,576,365606,365642
2022-03-15 11:13:00.000000000,1647313980000000000,3596,3600,3594,3598,1364,365642,365478
2022-03-15 11:14:00.000000000,1647314040000000000,3598,3600,3596,3598,973,365478,365693
2022-03-15 11:15:00.000000000,1647314100000000000,3598,3598,3586,3586,2021,365693,365684
2022-03-15 11:16:00.000000000,1647314160000000000,3586,3586,3582,3584,1459,365684,365501
2022-03-15 11:17:00.000000000,1647314220000000000,3584,3590,3582,3582,1579,365501,365138
2022-03-15 11:18:00.000000000,1647314280000000000,3582,3584,3576,3580,2764,365138,364463
2022-03-15 11:19:00.000000000,1647314340000000000,3580,3580,3574,3576,1459,364463,364640
2022-03-15 11:20:00.000000000,1647314400000000000,3576,3584,3576,3584,969,364640,364638
2022-03-15 11:21:00.000000000,1647314460000000000,3584,3584,3576,3584,1114,364638,364578
2022-03-15 11:22:00.000000000,1647314520000000000,3584,3596,3584,3590,1955,364578,364607
2022-03-15 11:23:00.000000000,1647314580000000000,3590,3596,3588,3588,958,364607,364785
2022-03-15 11:24:00.000000000,1647314640000000000,3588,3590,3584,3584,726,364785,364727
2022-03-15 11:25:00.000000000,1647314700000000000,3584,3586,3580,3580,1436,364727,364543
2022-03-15 11:26:00.000000000,1647314760000000000,3580,3582,3576,3580,1763,364543,364632
2022-03-15 11:27:00.000000000,1647314820000000000,3580,3580,3578,3578,586,364632,364596
2022-03-15 11:28:00.000000000,1647314880000000000,3578,3584,3578,3580,1445,364596,364102
2022-03-15 11:29:00.000000000,1647314940000000000,3580,3584,3578,3584,1306,364102,363811
2022-03-15 13:30:00.000000000,1647322200000000000,3564,3564,3548,3552,6841,363811,363628
2022-03-15 13:31:00.000000000,1647322260000000000,3552,3560,3552,3556,2727,363628,363929
2022-03-15 13:32:00.000000000,1647322320000000000,3556,3560,3554,3560,1816,363929,363651
2022-03-15 13:33:00.000000000,1647322380000000000,3560,3564,3558,3562,1203,363651,363672
2022-03-15 13:34:00.000000000,1647322440000000000,3562,3562,3552,3552,2462,363672,363983
2022-03-15 13:35:00.000000000,1647322500000000000,3552,3556,3550,3554,1427,363983,364204
2022-03-15 13:36:00.000000000,1647322560000000000,3554,3556,3546,3548,2190,364204,364443
2022-03-15 13:37:00.000000000,1647322620000000000,3548,3552,3546,3550,2012,364443,364432
2022-03-15 13:38:00.000000000,1647322680000000000,3550,3558,3550,3558,2503,364432,364371
2022-03-15 13:39:00.000000000,1647322740000000000,3558,3562,3554,3560,1704,364371,364362
2022-03-15 13:40:00.000000000,1647322800000000000,3560,3562,3556,3560,1650,364362,364229
2022-03-15 13:41:00.000000000,1647322860000000000,3560,3578,3560,3574,3434,364229,364126
2022-03-15 13:42:00.000000000,1647322920000000000,3574,3574,3570,3574,1326,364126,364135
2022-03-15 13:43:00.000000000,1647322980000000000,3574,3576,3570,3572,864,364135,364115
2022-03-15 13:44:00.000000000,1647323040000000000,3572,3572,3568,3568,599,364115,364117
2022-03-15 13:45:00.000000000,1647323100000000000,3568,3572,3564,3564,1197,364117,364165
2022-03-15 13:46:00.000000000,1647323160000000000,3564,3568,3564,3564,875,364165,364161
2022-03-15 13:47:00.000000000,1647323220000000000,3564,3566,3562,3562,1045,364161,364181
2022-03-15 13:48:00.000000000,1647323280000000000,3562,3568,3562,3568,524,364181,364105
2022-03-15 13:49:00.000000000,1647323340000000000,3568,3572,3566,3568,793,364105,364202
2022-03-15 13:50:00.000000000,1647323400000000000,3568,3570,3566,3566,756,364202,364100
2022-03-15 13:51:00.000000000,1647323460000000000,3566,3568,3564,3566,944,364100,364119
2022-03-15 13:52:00.000000000,1647323520000000000,3566,3574,3566,3574,727,364119,364192
2022-03-15 13:53:00.000000000,1647323580000000000,3574,3574,3568,3568,475,364192,364195
2022-03-15 13:54:00.000000000,1647323640000000000,3568,3572,3566,3570,849,364195,364281
2022-03-15 13:55:00.000000000,1647323700000000000,3570,3572,3568,3568,455,364281,364240
2022-03-15 13:56:00.000000000,1647323760000000000,3568,3572,3568,3570,689,364240,364238
2022-03-15 13:57:00.000000000,1647323820000000000,3570,3572,3568,3568,1034,364238,364317
2022-03-15 13:58:00.000000000,1647323880000000000,3568,3574,3568,3574,619,364317,364283
2022-03-15 13:59:00.000000000,1647323940000000000,3574,3574,3572,3574,634,364283,364221
2022-03-15 14:00:00.000000000,1647324000000000000,3574,3586,3572,3580,2498,364221,364244
2022-03-15 14:01:00.000000000,1647324060000000000,3580,3582,3574,3576,995,364244,364287
2022-03-15 14:02:00.000000000,1647324120000000000,3576,3576,3574,3574,401,364287,364252
2022-03-15 14:03:00.000000000,1647324180000000000,3574,3574,3568,3568,1182,364252,364025
2022-03-15 14:04:00.000000000,1647324240000000000,3568,3576,3568,3576,644,364025,363895
2022-03-15 14:05:00.000000000,1647324300000000000,3576,3576,3572,3574,354,363895,363841
2022-03-15 14:06:00.000000000,1647324360000000000,3574,3574,3558,3558,1812,363841,363683
2022-03-15 14:07:00.000000000,1647324420000000000,3558,3562,3542,3546,2783,363683,363292
2022-03-15 14:08:00.000000000,1647324480000000000,3546,3552,3542,3550,2747,363292,363407
2022-03-15 14:09:00.000000000,1647324540000000000,3550,3556,3548,3554,1192,363407,363508
2022-03-15 14:10:00.000000000,1647324600000000000,3554,3560,3550,3558,1139,363508,363511
2022-03-15 14:11:00.000000000,1647324660000000000,3558,3564,3558,3560,1350,363511,363416
2022-03-15 14:12:00.000000000,1647324720000000000,3560,3568,3560,3566,1027,363416,363456
2022-03-15 14:13:00.000000000,1647324780000000000,3566,3566,3562,3566,877,363456,363480
2022-03-15 14:14:00.000000000,1647324840000000000,3566,3566,3560,3562,576,363480,363413
2022-03-15 14:15:00.000000000,1647324900000000000,3562,3564,3558,3558,1396,363413,363272
2022-03-15 14:16:00.000000000,1647324960000000000,3558,3560,3550,3550,1210,363272,362995
2022-03-15 14:17:00.000000000,1647325020000000000,3550,3552,3544,3546,2034,362995,363167
2022-03-15 14:18:00.000000000,1647325080000000000,3546,3548,3542,3544,1655,363167,363405
2022-03-15 14:19:00.000000000,1647325140000000000,3544,3550,3544,3550,2051,363405,363978
2022-03-15 14:20:00.000000000,1647325200000000000,3550,3550,3538,3540,2573,363978,362793
2022-03-15 14:21:00.000000000,1647325260000000000,3540,3544,3536,3544,2777,362793,362473
2022-03-15 14:22:00.000000000,1647325320000000000,3544,3544,3536,3538,1567,362473,361839
2022-03-15 14:23:00.000000000,1647325380000000000,3538,3540,3522,3524,4487,361839,362718
2022-03-15 14:24:00.000000000,1647325440000000000,3524,3524,3518,3522,2668,362718,362912
2022-03-15 14:25:00.000000000,1647325500000000000,3522,3530,3522,3524,2303,362912,363219
2022-03-15 14:26:00.000000000,1647325560000000000,3524,3532,3524,3530,1563,363219,363434
2022-03-15 14:27:00.000000000,1647325620000000000,3530,3530,3516,3518,1681,363434,363509
2022-03-15 14:28:00.000000000,1647325680000000000,3518,3528,3518,3528,1258,363509,363583
2022-03-15 14:29:00.000000000,1647325740000000000,3528,3532,3526,3530,1812,363583,363429
2022-03-15 14:30:00.000000000,1647325800000000000,3530,3532,3526,3530,1312,363429,363171
2022-03-15 14:31:00.000000000,1647325860000000000,3530,3534,3528,3532,1196,363171,363176
2022-03-15 14:32:00.000000000,1647325920000000000,3532,3536,3532,3536,890,363176,363189
2022-03-15 14:33:00.000000000,1647325980000000000,3536,3540,3534,3534,1222,363189,363032
2022-03-15 14:34:00.000000000,1647326040000000000,3534,3536,3528,3528,987,363032,362994
2022-03-15 14:35:00.000000000,1647326100000000000,3528,3538,3528,3534,939,362994,362794
2022-03-15 14:36:00.000000000,1647326160000000000,3534,3540,3534,3538,812,362794,362927
2022-03-15 14:37:00.000000000,1647326220000000000,3538,3542,3534,3536,1089,362927,362909
2022-03-15 14:38:00.000000000,1647326280000000000,3536,3540,3534,3538,902,362909,362797
2022-03-15 14:39:00.000000000,1647326340000000000,3538,3542,3536,3538,384,362797,362766
2022-03-15 14:40:00.000000000,1647326400000000000,3538,3540,3532,3532,566,362766,362648
2022-03-15 14:41:00.000000000,1647326460000000000,3532,3534,3526,3528,1283,362648,362074
2022-03-15 14:42:00.000000000,1647326520000000000,3528,3528,3516,3518,1449,362074,362055
2022-03-15 14:43:00.000000000,1647326580000000000,3518,3526,3516,3526,1792,362055,362221
2022-03-15 14:44:00.000000000,1647326640000000000,3526,3530,3526,3526,938,362221,362192
2022-03-15 14:45:00.000000000,1647326700000000000,3526,3526,3522,3526,813,362192,362169
2022-03-15 14:46:00.000000000,1647326760000000000,3526,3530,3526,3530,922,362169,362213
2022-03-15 14:47:00.000000000,1647326820000000000,3530,3530,3522,3522,973,362213,362105
2022-03-15 14:48:00.000000000,1647326880000000000,3522,3528,3522,3522,783,362105,361965
2022-03-15 14:49:00.000000000,1647326940000000000,3522,3526,3512,3512,3045,361965,361251
2022-03-15 14:50:00.000000000,1647327000000000000,3512,3518,3510,3516,2100,361251,360994
2022-03-15 14:51:00.000000000,1647327060000000000,3516,3520,3516,3520,1250,360994,361055
2022-03-15 14:52:00.000000000,1647327120000000000,3520,3522,3514,3516,1387,361055,360851
2022-03-15 14:53:00.000000000,1647327180000000000,3516,3522,3512,3522,1440,360851,360651
2022-03-15 14:54:00.000000000,1647327240000000000,3522,3528,3520,3526,1680,360651,360699
2022-03-15 14:55:00.000000000,1647327300000000000,3526,3532,3522,3528,2548,360699,359969
2022-03-15 14:56:00.000000000,1647327360000000000,3528,3540,3528,3538,2723,359969,359623
2022-03-15 14:57:00.000000000,1647327420000000000,3538,3540,3536,3538,2122,359623,358951
2022-03-15 14:58:00.000000000,1647327480000000000,3538,3544,3536,3538,2397,358951,358259
2022-03-15 14:59:00.000000000,1647327540000000000,3538,3542,3534,3540,3175,358259,357286
2022-03-15 21:00:00.000000000,1647349200000000000,3528,3528,3483,3494,17903,357286,363236
2022-03-15 21:01:00.000000000,1647349260000000000,3494,3495,3488,3490,6897,363236,364345
2022-03-15 21:02:00.000000000,1647349320000000000,3490,3508,3490,3508,6000,364345,365761
2022-03-15 21:03:00.000000000,1647349380000000000,3508,3513,3503,3511,5185,365761,365165
2022-03-15 21:04:00.000000000,1647349440000000000,3511,3534,3511,3532,6795,365165,363944
2022-03-15 21:05:00.000000000,1647349500000000000,3532,3546,3532,3544,6795,363944,364132
2022-03-15 21:06:00.000000000,1647349560000000000,3544,3553,3540,3544,7839,364132,363814
2022-03-15 21:07:00.000000000,1647349620000000000,3544,3544,3530,3530,4851,363814,364620
2022-03-15 21:08:00.000000000,1647349680000000000,3530,3535,3524,3534,3548,364620,365366
2022-03-15 21:09:00.000000000,1647349740000000000,3534,3545,3533,3536,3459,365366,365121
2022-03-15 21:10:00.000000000,1647349800000000000,3536,3538,3532,3532,1673,365121,365408
2022-03-15 21:11:00.000000000,1647349860000000000,3532,3539,3531,3538,1518,365408,365496
2022-03-15 21:12:00.000000000,1647349920000000000,3538,3541,3532,3541,2610,365496,365689
2022-03-15 21:13:00.000000000,1647349980000000000,3541,3542,3532,3533,1852,365689,365785
2022-03-15 21:14:00.000000000,1647350040000000000,3533,3533,3520,3525,3046,365785,365625
2022-03-15 21:15:00.000000000,1647350100000000000,3525,3525,3517,3520,3074,365625,365434
2022-03-15 21:16:00.000000000,1647350160000000000,3520,3530,3519,3526,2687,365434,365795
2022-03-15 21:17:00.000000000,1647350220000000000,3526,3534,3526,3531,1582,365795,365926
2022-03-15 21:18:00.000000000,1647350280000000000,3531,3536,3529,3531,2197,365926,366274
2022-03-15 21:19:00.000000000,1647350340000000000,3531,3536,3531,3534,1949,366274,366757
2022-03-15 21:20:00.000000000,1647350400000000000,3534,3536,3529,3532,1399,366757,366812
2022-03-15 21:21:00.000000000,1647350460000000000,3532,3536,3530,3530,1015,366812,366901
2022-03-15 21:22:00.000000000,1647350520000000000,3530,3533,3527,3531,1421,366901,366849
2022-03-15 21:23:00.000000000,1647350580000000000,3531,3533,3529,3530,679,366849,366879
2022-03-15 21:24:00.000000000,1647350640000000000,3530,3533,3521,3533,1569,366879,366690
2022-03-15 21:25:00.000000000,1647350700000000000,3533,3547,3533,3546,3050,366690,366842
2022-03-15 21:26:00.000000000,1647350760000000000,3546,3557,3545,3554,5251,366842,366445
2022-03-15 21:27:00.000000000,1647350820000000000,3554,3565,3553,3557,4749,366445,366401
2022-03-15 21:28:00.000000000,1647350880000000000,3557,3557,3545,3550,3080,366401,365993
2022-03-15 21:29:00.000000000,1647350940000000000,3550,3551,3542,3546,1960,365993,366239
2022-03-15 21:30:00.000000000,1647351000000000000,3546,3547,3530,3538,3743,366239,366448
2022-03-15 21:31:00.000000000,1647351060000000000,3538,3538,3531,3535,1525,366448,366498
2022-03-15 21:32:00.000000000,1647351120000000000,3535,3543,3535,3539,2209,366498,366204
2022-03-15 21:33:00.000000000,1647351180000000000,3539,3545,3536,3545,1806,366204,366295
2022-03-15 21:34:00.000000000,1647351240000000000,3545,3552,3545,3550,2376,366295,366494
2022-03-15 21:35:00.000000000,1647351300000000000,3550,3558,3547,3547,2899,366494,366836
2022-03-15 21:36:00.000000000,1647351360000000000,3547,3558,3542,3558,3400,366836,366981
2022-03-15 21:37:00.000000000,1647351420000000000,3558,3572,3554,3572,5447,366981,366427
2022-03-15 21:38:00.000000000,1647351480000000000,3572,3575,3566,3569,4258,366427,366529
2022-03-15 21:39:00.000000000,1647351540000000000,3569,3571,3566,3568,2503,366529,366687
2022-03-15 21:40:00.000000000,1647351600000000000,3568,3575,3566,3573,3137,366687,366920
2022-03-15 21:41:00.000000000,1647351660000000000,3573,3574,3562,3563,3228,366920,367108
2022-03-15 21:42:00.000000000,1647351720000000000,3563,3566,3559,3561,2086,367108,367242
2022-03-15 21:43:00.000000000,1647351780000000000,3561,3564,3559,3560,1457,367242,367459
2022-03-15 21:44:00.000000000,1647351840000000000,3560,3561,3553,3555,2338,367459,367490
2022-03-15 21:45:00.000000000,1647351900000000000,3555,3569,3554,3567,2575,367490,367215
2022-03-15 21:46:00.000000000,1647351960000000000,3567,3572,3565,3565,2031,367215,367125
2022-03-15 21:47:00.000000000,1647352020000000000,3565,3573,3563,3570,2085,367125,367338
2022-03-15 21:48:00.000000000,1647352080000000000,3570,3573,3567,3571,1383,367338,367328
2022-03-15 21:49:00.000000000,1647352140000000000,3571,3573,3561,3565,1269,367328,367274
2022-03-15 21:50:00.000000000,1647352200000000000,3565,3571,3558,3571,1749,367274,367314
2022-03-15 21:51:00.000000000,1647352260000000000,3571,3572,3564,3567,1224,367314,367434
2022-03-15 21:52:00.000000000,1647352320000000000,3567,3570,3563,3569,1027,367434,367424
2022-03-15 21:53:00.000000000,1647352380000000000,3569,3572,3567,3570,1760,367424,367810
2022-03-15 21:54:00.000000000,1647352440000000000,3570,3570,3560,3565,1632,367810,367578
2022-03-15 21:55:00.000000000,1647352500000000000,3565,3571,3564,3569,1349,367578,367807
2022-03-15 21:56:00.000000000,1647352560000000000,3569,3572,3568,3572,861,367807,367799
2022-03-15 21:57:00.000000000,1647352620000000000,3572,3572,3562,3566,1479,367799,367377
2022-03-15 21:58:00.000000000,1647352680000000000,3566,3566,3546,3548,4298,367377,366646
2022-03-15 21:59:00.000000000,1647352740000000000,3548,3553,3547,3548,3293,366646,366701
2022-03-15 22:00:00.000000000,1647352800000000000,3548,3555,3546,3552,2140,366701,366697
2022-03-15 22:01:00.000000000,1647352860000000000,3552,3562,3552,3555,2202,366697,366846
2022-03-15 22:02:00.000000000,1647352920000000000,3555,3555,3549,3549,1532,366846,366670
2022-03-15 22:03:00.000000000,1647352980000000000,3549,3550,3543,3544,3348,366670,365973
2022-03-15 22:04:00.000000000,1647353040000000000,3544,3552,3544,3547,1805,365973,366067
2022-03-15 22:05:00.000000000,1647353100000000000,3547,3554,3546,3550,1242,366067,366144
2022-03-15 22:06:00.000000000,1647353160000000000,3550,3555,3545,3553,1809,366144,366024
2022-03-15 22:07:00.000000000,1647353220000000000,3553,3553,3547,3552,1231,366024,365896
2022-03-15 22:08:00.000000000,1647353280000000000,3552,3552,3538,3538,2789,365896,365521
2022-03-15 22:09:00.000000000,1647353340000000000,3538,3543,3537,3540,2417,365521,365353
2022-03-15 22:10:00.000000000,1647353400000000000,3540,3543,3535,3539,2070,365353,365374
2022-03-15 22:11:00.000000000,1647353460000000000,3539,3540,3530,3531,2953,365374,364875
2022-03-15 22:12:00.000000000,1647353520000000000,3531,3534,3523,3528,3199,364875,364610
2022-03-15 22:13:00.000000000,1647353580000000000,3528,3529,3520,3526,3154,364610,364549
2022-03-15 22:14:00.000000000,1647353640000000000,3526,3536,3525,3534,3619,364549,364145
2022-03-15 22:15:00.000000000,1647353700000000000,3534,3538,3529,3534,2005,364145,364270
2022-03-15 22:16:00.000000000,1647353760000000000,3534,3534,3525,3529,1794,364270,364708
2022-03-15 22:17:00.000000000,1647353820000000000,3529,3529,3523,3525,2006,364708,364704
2022-03-15 22:18:00.000000000,1647353880000000000,3525,3535,3523,3532,2162,364704,364833
2022-03-15 22:19:00.000000000,1647353940000000000,3532,3536,3531,3532,1266,364833,364789
2022-03-15 22:20:00.000000000,1647354000000000000,3532,3541,3532,3538,2225,364789,364747
2022-03-15 22:21:00.000000000,1647354060000000000,3538,3544,3537,3543,2150,364747,364626
2022-03-15 22:22:00.000000000,1647354120000000000,3543,3550,3543,3546,2346,364626,364526
2022-03-15 22:23:00.000000000,1647354180000000000,3546,3551,3545,3546,2334,364526,364402
2022-03-15 22:24:00.000000000,1647354240000000000,3546,3548,3545,3547,1243,364402,364404
2022-03-15 22:25:00.000000000,1647354300000000000,3547,3550,3545,3550,1180,364404,364502
2022-03-15 22:26:00.000000000,1647354360000000000,3550,3550,3544,3545,1000,364502,364468
2022-03-15 22:27:00.000000000,1647354420000000000,3545,3546,3539,3539,1090,364468,364297
2022-03-15 22:28:00.000000000,1647354480000000000,3539,3540,3534,3535,1510,364297,364014
2022-03-15 22:29:00.000000000,1647354540000000000,3535,3540,3533,3534,1250,364014,363797
2022-03-15 22:30:00.000000000,1647354600000000000,3534,3544,3533,3543,1692,363797,363831
2022-03-15 22:31:00.000000000,1647354660000000000,3543,3546,3540,3544,959,363831,363762
2022-03-15 22:32:00.000000000,1647354720000000000,3544,3544,3540,3543,807,363762,363788
2022-03-15 22:33:00.000000000,1647354780000000000,3543,3550,3542,3544,1115,363788,363676
2022-03-15 22:34:00.000000000,1647354840000000000,3544,3548,3543,3547,894,363676,363604
2022-03-15 22:35:00.000000000,1647354900000000000,3547,3564,3546,3560,3014,363604,363247
2022-03-15 22:36:00.000000000,1647354960000000000,3560,3563,3556,3556,1569,363247,363258
2022-03-15 22:37:00.000000000,1647355020000000000,3556,3557,3548,3550,1380,363258,363080
2022-03-15 22:38:00.000000000,1647355080000000000,3550,3557,3550,3554,1277,363080,362853
2022-03-15 22:39:00.000000000,1647355140000000000,3554,3560,3554,3558,1177,362853,362819
2022-03-15 22:40:00.000000000,1647355200000000000,3558,3559,3552,3557,1781,362819,362590
2022-03-15 22:41:00.000000000,1647355260000000000,3557,3567,3557,3565,2026,362590,362549
2022-03-15 22:42:00.000000000,1647355320000000000,3565,3573,3565,3572,3215,362549,363190
2022-03-15 22:43:00.000000000,1647355380000000000,3572,3584,3572,3578,5247,363190,363772
2022-03-15 22:44:00.000000000,1647355440000000000,3578,3578,3570,3573,2607,363772,364370
2022-03-15 22:45:00.000000000,1647355500000000000,3573,3595,3573,3593,4960,364370,364956
2022-03-15 22:46:00.000000000,1647355560000000000,3593,3606,3588,3602,6925,364956,365406
2022-03-15 22:47:00.000000000,1647355620000000000,3602,3604,3594,3596,3587,365406,365065
2022-03-15 22:48:00.000000000,1647355680000000000,3596,3596,3589,3593,2443,365065,365079
2022-03-15 22:49:00.000000000,1647355740000000000,3593,3608,3592,3601,6087,365079,365003
2022-03-15 22:50:00.000000000,1647355800000000000,3601,3604,3595,3604,3596,365003,364966
2022-03-15 22:51:00.000000000,1647355860000000000,3604,3606,3596,3597,2064,364966,364729
2022-03-15 22:52:00.000000000,1647355920000000000,3597,3598,3593,3594,1648,364729,364503
2022-03-15 22:53:00.000000000,1647355980000000000,3594,3594,3585,3593,2397,364503,364446
2022-03-15 22:54:00.000000000,1647356040000000000,3593,3598,3589,3590,1492,364446,364471
2022-03-15 22:55:00.000000000,1647356100000000000,3590,3593,3589,3590,1211,364471,364549
2022-03-15 22:56:00.000000000,1647356160000000000,3590,3592,3586,3589,1585,364549,364470
2022-03-15 22:57:00.000000000,1647356220000000000,3589,3592,3588,3588,992,364470,364279
2022-03-15 22:58:00.000000000,1647356280000000000,3588,3591,3578,3578,2503,364279,363539
2022-03-15 22:59:00.000000000,1647356340000000000,3578,3585,3578,3582,3302,363539,363116
2022-03-16 09:00:00.000000000,1647392400000000000,3608,3624,3590,3619,9446,363116,362166
2022-03-16 09:01:00.000000000,1647392460000000000,3619,3620,3615,3617,3826,362166,362087
2022-03-16 09:02:00.000000000,1647392520000000000,3617,3632,3617,3627,6969,362087,362944
2022-03-16 09:03:00.000000000,1647392580000000000,3627,3628,3619,3619,2776,362944,362867
2022-03-16 09:04:00.000000000,1647392640000000000,3619,3621,3613,3616,4811,362867,362844
2022-03-16 09:05:00.000000000,1647392700000000000,3616,3616,3602,3605,4807,362844,362643
2022-03-16 09:06:00.000000000,1647392760000000000,3605,3610,3605,3609,2018,362643,362525
2022-03-16 09:07:00.000000000,1647392820000000000,3609,3610,3602,3602,1628,362525,362592
2022-03-16 09:08:00.000000000,1647392880000000000,3602,3605,3595,3595,3218,362592,362796
2022-03-16 09:09:00.000000000,1647392940000000000,3595,3601,3595,3601,1758,362796,362796
2022-03-16 09:10:00.000000000,1647393000000000000,3601,3613,3601,3611,3794,362796,363028
2022-03-16 09:11:00.000000000,1647393060000000000,3611,3615,3611,3615,2093,363028,362659
2022-03-16 09:12:00.000000000,1647393120000000000,3615,3615,3610,3613,2019,362659,362960
2022-03-16 09:13:00.000000000,1647393180000000000,3613,3613,3607,3611,1910,362960,362522
2022-03-16 09:14:00.000000000,1647393240000000000,3611,3617,3608,3616,2540,362522,362183
2022-03-16 09:15:00.000000000,1647393300000000000,3616,3616,3609,3612,3658,362183,361961
2022-03-16 09:16:00.000000000,1647393360000000000,3612,3614,3605,3606,2438,361961,361804
2022-03-16 09:17:00.000000000,1647393420000000000,3606,3615,3606,3613,2060,361804,362067
2022-03-16 09:18:00.000000000,1647393480000000000,3613,3614,3609,3613,1410,362067,362401
2022-03-16 09:19:00.000000000,1647393540000000000,3613,3616,3611,3616,1235,362401,362039
2022-03-16 09:20:00.000000000,1647393600000000000,3616,3616,3610,3614,1395,362039,361965
2022-03-16 09:21:00.000000000,1647393660000000000,3614,3619,3612,3618,2213,361965,362098
2022-03-16 09:22:00.000000000,1647393720000000000,3618,3620,3616,3618,2145,362098,362004
2022-03-16 09:23:00.000000000,1647393780000000000,3618,3618,3614,3614,1040,362004,361941
2022-03-16 09:24:00.000000000,1647393840000000000,3614,3616,3612,3616,1111,361941,361963
2022-03-16 09:25:00.000000000,1647393900000000000,3616,3616,3610,3614,1406,361963,361749
2022-03-16 09:26:00.000000000,1647393960000000000,3614,3618,3612,3616,917,361749,361586
2022-03-16 09:27:00.000000000,1647394020000000000,3616,3622,3615,3622,1731,361586,361878
2022-03-16 09:28:00.000000000,1647394080000000000,3622,3628,3622,3628,2247,361878,361896
2022-03-16 09:29:00.000000000,1647394140000000000,3628,3628,3621,3626,2055,361896,361926
2022-03-16 09:30:00.000000000,1647394200000000000,3626,3627,3617,3617,1774,361926,362055
2022-03-16 09:31:00.000000000,1647394260000000000,3617,3619,3612,3616,1906,362055,361975
2022-03-16 09:32:00.000000000,1647394320000000000,3616,3622,3616,3620,1851,361975,361618
2022-03-16 09:33:00.000000000,1647394380000000000,3620,3622,3618,3618,1106,361618,361719
2022-03-16 09:34:00.000000000,1647394440000000000,3618,3619,3610,3615,2504,361719,361168
2022-03-16 09:35:00.000000000,1647394500000000000,3615,3618,3613,3615,1642,361168,361050
2022-03-16 09:36:00.000000000,1647394560000000000,3615,3616,3611,3616,1777,361050,360287
2022-03-16 09:37:00.000000000,1647394620000000000,3616,3619,3614,3618,900,360287,359935
2022-03-16 09:38:00.000000000,1647394680000000000,3618,3627,3618,3624,2641,359935,359766
2022-03-16 09:39:00.000000000,1647394740000000000,3624,3628,3623,3625,1836,359766,359980
2022-03-16 09:40:00.000000000,1647394800000000000,3625,3628,3622,3622,1734,359980,359961
2022-03-16 09:41:00.000000000,1647394860000000000,3622,3622,3618,3621,1136,359961,359764
2022-03-16 09:42:00.000000000,1647394920000000000,3621,3622,3616,3617,1207,359764,359703
2022-03-16 09:43:00.000000000,1647394980000000000,3617,3618,3608,3609,2635,359703,359447
2022-03-16 09:44:00.000000000,1647395040000000000,3609,3613,3605,3605,2218,359447,359044
2022-03-16 09:45:00.000000000,1647395100000000000,3605,3612,3604,3610,1697,359044,358946
2022-03-16 09:46:00.000000000,1647395160000000000,3610,3611,3605,3605,1269,358946,359133
2022-03-16 09:47:00.000000000,1647395220000000000,3605,3606,3601,3604,1937,359133,359122
2022-03-16 09:48:00.000000000,1647395280000000000,3604,3612,3603,3609,1336,359122,358896
2022-03-16 09:49:00.000000000,1647395340000000000,3609,3610,3603,3603,1019,358896,358883
2022-03-16 09:50:00.000000000,1647395400000000000,3603,3609,3603,3606,869,358883,358963
2022-03-16 09:51:00.000000000,1647395460000000000,3606,3607,3602,3604,1109,358963,358743
2022-03-16 09:52:00.000000000,1647395520000000000,3604,3605,3599,3600,1788,358743,358788
2022-03-16 09:53:00.000000000,1647395580000000000,3600,3601,3594,3595,2005,358788,358731
2022-03-16 09:54:00.000000000,1647395640000000000,3595,3600,3593,3593,1458,358731,358729
2022-03-16 09:55:00.000000000,1647395700000000000,3593,3595,3590,3592,2641,358729,358732
2022-03-16 09:56:00.000000000,1647395760000000000,3592,3596,3590,3594,1900,358732,358613
2022-03-16 09:57:00.000000000,1647395820000000000,3594,3602,3594,3600,1707,358613,358452
2022-03-16 09:58:00.000000000,1647395880000000000,3600,3600,3591,3594,1163,358452,358517
2022-03-16 09:59:00.000000000,1647395940000000000,3594,3598,3593,3595,977,358517,358475
2022-03-16 10:00:00.000000000,1647396000000000000,3595,3599,3593,3595,1129,358475,358346
2022-03-16 10:01:00.000000000,1647396060000000000,3595,3597,3593,3593,705,358346,358236
2022-03-16 10:02:00.000000000,1647396120000000000,3593,3595,3590,3593,830,358236,358198
2022-03-16 10:03:00.000000000,1647396180000000000,3593,3598,3592,3592,1116,358198,358056
2022-03-16 10:04:00.000000000,1647396240000000000,3592,3593,3584,3585,2485,358056,358276
2022-03-16 10:05:00.000000000,1647396300000000000,3585,3595,3584,3593,1776,358276,358241
2022-03-16 10:06:00.000000000,1647396360000000000,3593,3598,3592,3596,872,358241,358229
2022-03-16 10:07:00.000000000,1647396420000000000,3596,3598,3594,3596,755,358229,358187
2022-03-16 10:08:00.000000000,1647396480000000000,3596,3601,3596,3600,1503,358187,358380
2022-03-16 10:09:00.000000000,1647396540000000000,3600,3600,3594,3595,1047,358380,358415
2022-03-16 10:10:00.000000000,1647396600000000000,3595,3595,3592,3592,715,358415,358260
2022-03-16 10:11:00.000000000,1647396660000000000,3592,3593,3587,3590,1104,358260,358133
2022-03-16 10:12:00.000000000,1647396720000000000,3590,3596,3589,3595,1165,358133,357953
2022-03-16 10:13:00.000000000,1647396780000000000,3595,3597,3593,3595,820,357953,357897
2022-03-16 10:14:00.000000000,1647396840000000000,3595,3597,3593,3596,655,357897,357910
2022-03-16 10:30:00.000000000,1647397800000000000,3603,3610,3603,3605,3259,357910,358053
2022-03-16 10:31:00.000000000,1647397860000000000,3605,3613,3603,3611,1811,358053,357994
2022-03-16 10:32:00.000000000,1647397920000000000,3611,3613,3609,3611,1215,357994,358010
2022-03-16 10:33:00.000000000,1647397980000000000,3611,3611,3602,3602,953,358010,358044
2022-03-16 10:34:00.000000000,1647398040000000000,3602,3604,3596,3601,1612,358044,358246
2022-03-16 10:35:00.000000000,1647398100000000000,3601,3603,3600,3602,714,358246,358335
2022-03-16 10:36:00.000000000,1647398160000000000,3602,3607,3601,3607,619,358335,358212
2022-03-16 10:37:00.000000000,1647398220000000000,3607,3614,3607,3612,1769,358212,357749
2022-03-16 10:38:00.000000000,1647398280000000000,3612,3612,3607,3608,612,357749,357701
2022-03-16 10:39:00.000000000,1647398340000000000,3608,3614,3608,3614,690,357701,357647
2022-03-16 10:40:00.000000000,1647398400000000000,3614,3619,3613,3619,2118,357647,357169
2022-03-16 10:41:00.000000000,1647398460000000000,3619,3619,3610,3612,905,357169,357070
2022-03-16 10:42:00.000000000,1647398520000000000,3612,3617,3612,3615,711,357070,357123
2022-03-16 10:43:00.000000000,1647398580000000000,3615,3616,3604,3608,1319,357123,357146
2022-03-16 10:44:00.000000000,1647398640000000000,3608,3609,3605,3606,427,357146,357111
2022-03-16 10:45:00.000000000,1647398700000000000,3606,3608,3604,3605,534,357111,357007
2022-03-16 10:46:00.000000000,1647398760000000000,3605,3608,3604,3606,439,357007,357045
2022-03-16 10:47:00.000000000,1647398820000000000,3606,3609,3604,3607,757,357045,356981
2022-03-16 10:48:00.000000000,1647398880000000000,3607,3608,3605,3606,328,356981,356970
2022-03-16 10:49:00.000000000,1647398940000000000,3606,3609,3605,3606,434,356970,356983
2022-03-16 10:50:00.000000000,1647399000000000000,3606,3606,3598,3600,1228,356983,356943
2022-03-16 10:51:00.000000000,1647399060000000000,3600,3604,3599,3603,933,356943,356809
2022-03-16 10:52:00.000000000,1647399120000000000,3603,3603,3598,3599,918,356809,356542
2022-03-16 10:53:00.000000000,1647399180000000000,3599,3605,3597,3604,2000,356542,355769
2022-03-16 10:54:00.000000000,1647399240000000000,3604,3605,3599,3602,558,355769,355744
2022-03-16 10:55:00.000000000,1647399300000000000,3602,3607,3600,3601,2122,355744,355281
2022-03-16 10:56:00.000000000,1647399360000000000,3601,3601,3594,3596,916,355281,355274
2022-03-16 10:57:00.000000000,1647399420000000000,3596,3596,3594,3594,657,355274,355249
2022-03-16 10:58:00.000000000,1647399480000000000,3594,3595,3588,3588,1203,355249,355508
2022-03-16 10:59:00.000000000,1647399540000000000,3588,3594,3588,3589,811,355508,355656
2022-03-16 11:00:00.000000000,1647399600000000000,3589,3594,3589,3594,571,355656,355668
2022-03-16 11:01:00.000000000,1647399660000000000,3594,3595,3590,3594,688,355668,355641
2022-03-16 11:02:00.000000000,1647399720000000000,3594,3604,3594,3601,1901,355641,354899
2022-03-16 11:03:00.000000000,1647399780000000000,3601,3602,3597,3598,276,354899,354861
2022-03-16 11:04:00.000000000,1647399840000000000,3598,3599,3597,3599,328,354861,354794
2022-03-16 11:05:00.000000000,1647399900000000000,3599,3599,3592,3594,772,354794,354772
2022-03-16 11:06:00.000000000,1647399960000000000,3594,3596,3593,3595,285,354772,354742
2022-03-16 11:07:00.000000000,1647400020000000000,3595,3601,3594,3600,643,354742,354773
2022-03-16 11:08:00.000000000,1647400080000000000,3600,3601,3593,3595,555,354773,354796
2022-03-16 11:09:00.000000000,1647400140000000000,3595,3596,3594,3596,224,354796,354782
2022-03-16 11:10:00.000000000,1647400200000000000,3596,3598,3594,3596,650,354782,354711
2022-03-16 11:11:00.000000000,1647400260000000000,3596,3598,3596,3598,299,354711,354706
2022-03-16 11:12:00.000000000,1647400320000000000,3598,3602,3593,3599,1352,354706,354690
2022-03-16 11:13:00.000000000,1647400380000000000,3599,3601,3596,3596,355,354690,354774
2022-03-16 11:14:00.000000000,1647400440000000000,3596,3598,3595,3597,266,354774,354744
2022-03-16 11:15:00.000000000,1647400500000000000,3597,3598,3592,3594,375,354744,354759
2022-03-16 11:16:00.000000000,1647400560000000000,3594,3597,3593,3595,474,354759,354697
2022-03-16 11:17:00.000000000,1647400620000000000,3595,3595,3581,3583,2196,354697,354218
2022-03-16 11:18:00.000000000,1647400680000000000,3583,3586,3580,3586,2150,354218,353898
2022-03-16 11:19:00.000000000,1647400740000000000,3586,3586,3581,3581,1053,353898,353996
2022-03-16 11:20:00.000000000,1647400800000000000,3581,3585,3579,3582,1335,353996,354052
2022-03-16 11:21:00.000000000,1647400860000000000,3582,3591,3581,3587,1842,354052,353577
2022-03-16 11:22:00.000000000,1647400920000000000,3587,3588,3581,3581,679,353577,353520
2022-03-16 11:23:00.000000000,1647400980000000000,3581,3588,3581,3587,842,353520,353420
2022-03-16 11:24:00.000000000,1647401040000000000,3587,3590,3583,3585,801,353420,353374
2022-03-16 11:25:00.000000000,1647401100000000000,3585,3593,3583,3592,820,353374,353363
2022-03-16 11:26:00.000000000,1647401160000000000,3592,3593,3588,3588,428,353363,353283
2022-03-16 11:27:00.000000000,1647401220000000000,3588,3593,3588,3593,451,353283,353286
2022-03-16 11:28:00.000000000,1647401280000000000,3593,3595,3588,3590,764,353286,353289
2022-03-16 11:29:00.000000000,1647401340000000000,3590,3595,3590,3595,749,353289,353197
2022-03-16 13:30:00.000000000,1647408600000000000,3591,3613,3590,3610,4720,353197,352940
2022-03-16 13:31:00.000000000,1647408660000000000,3610,3611,3605,3607,2375,352940,352843
2022-03-16 13:32:00.000000000,1647408720000000000,3607,3610,3605,3610,1211,352843,352896
2022-03-16 13:33:00.000000000,1647408780000000000,3610,3611,3605,3606,1145,352896,352792
2022-03-16 13:34:00.000000000,1647408840000000000,3606,3608,3605,3607,987,352792,353008
2022-03-16 13:35:00.000000000,1647408900000000000,3607,3610,3606,3608,1442,353008,353199
2022-03-16 13:36:00.000000000,1647408960000000000,3608,3610,3607,3607,926,353199,353499
2022-03-16 13:37:00.000000000,1647409020000000000,3607,3610,3604,3609,1920,353499,353759
2022-03-16 13:38:00.000000000,1647409080000000000,3609,3611,3605,3606,950,353759,353906
2022-03-16 13:39:00.000000000,1647409140000000000,3606,3609,3606,3608,420,353906,353920
2022-03-16 13:40:00.000000000,1647409200000000000,3608,3613,3608,3609,1292,353920,354287
2022-03-16 13:41:00.000000000,1647409260000000000,3609,3612,3608,3612,1200,354287,354395
2022-03-16 13:42:00.000000000,1647409320000000000,3612,3612,3611,3611,608,354395,354559
2022-03-16 13:43:00.000000000,1647409380000000000,3611,3615,3611,3615,984,354559,354752
2022-03-16 13:44:00.000000000,1647409440000000000,3615,3615,3613,3614,570,354752,354804
2022-03-16 13:45:00.000000000,1647409500000000000,3614,3620,3610,3620,1854,354804,354739
2022-03-16 13:46:00.000000000,1647409560000000000,3620,3620,3614,3616,1137,354739,354746
2022-03-16 13:47:00.000000000,1647409620000000000,3616,3616,3612,3613,525,354746,354744
2022-03-16 13:48:00.000000000,1647409680000000000,3613,3614,3611,3613,615,354744,354690
2022-03-16 13:49:00.000000000,1647409740000000000,3613,3616,3613,3615,696,354690,354638
2022-03-16 13:50:00.000000000,1647409800000000000,3615,3619,3614,3618,888,354638,354844
2022-03-16 13:51:00.000000000,1647409860000000000,3618,3624,3618,3623,2308,354844,355173
2022-03-16 13:52:00.000000000,1647409920000000000,3623,3623,3620,3620,1103,355173,355450
2022-03-16 13:53:00.000000000,1647409980000000000,3620,3621,3616,3618,1425,355450,355522
2022-03-16 13:54:00.000000000,1647410040000000000,3618,3621,3616,3616,802,355522,355502
2022-03-16 13:55:00.000000000,1647410100000000000,3616,3626,3616,3624,1730,355502,355647
2022-03-16 13:56:00.000000000,1647410160000000000,3624,3626,3622,3625,1232,355647,355821
2022-03-16 13:57:00.000000000,1647410220000000000,3625,3632,3625,3631,2742,355821,356060
2022-03-16 13:58:00.000000000,1647410280000000000,3631,3642,3629,3638,4732,356060,355757
2022-03-16 13:59:00.000000000,1647410340000000000,3638,3642,3635,3642,3929,355757,355569
2022-03-16 14:00:00.000000000,1647410400000000000,3642,3645,3639,3645,2936,355569,355591
2022-03-16 14:01:00.000000000,1647410460000000000,3645,3648,3642,3646,2155,355591,355450
2022-03-16 14:02:00.000000000,1647410520000000000,3646,3655,3642,3650,3529,355450,355511
2022-03-16 14:03:00.000000000,1647410580000000000,3650,3652,3645,3647,2749,355511,354530
2022-03-16 14:04:00.000000000,1647410640000000000,3647,3651,3646,3649,2706,354530,353978
2022-03-16 14:05:00.000000000,1647410700000000000,3649,3664,3649,3660,3594,353978,354587
2022-03-16 14:06:00.000000000,1647410760000000000,3660,3673,3659,3667,4654,354587,355096
2022-03-16 14:07:00.000000000,1647410820000000000,3667,3668,3659,3665,3221,355096,355285
2022-03-16 14:08:00.000000000,1647410880000000000,3665,3666,3657,3664,2840,355285,355444
2022-03-16 14:09:00.000000000,1647410940000000000,3664,3665,3658,3661,1784,355444,355324
2022-03-16 14:10:00.000000000,1647411000000000000,3661,3665,3658,3661,2598,355324,354913
2022-03-16 14:11:00.000000000,1647411060000000000,3661,3677,3660,3677,3259,354913,354720
2022-03-16 14:12:00.000000000,1647411120000000000,3677,3680,3670,3678,3979,354720,354680
2022-03-16 14:13:00.000000000,1647411180000000000,3678,3685,3676,3682,3042,354680,354557
2022-03-16 14:14:00.000000000,1647411240000000000,3682,3684,3676,3681,3257,354557,353989
2022-03-16 14:15:00.000000000,1647411300000000000,3681,3683,3670,3680,3187,353989,353420
2022-03-16 14:16:00.000000000,1647411360000000000,3680,3680,3672,3672,1401,353420,353316
2022-03-16 14:17:00.000000000,1647411420000000000,3672,3678,3672,3675,1802,353316,353125
2022-03-16 14:18:00.000000000,1647411480000000000,3675,3682,3675,3678,1563,353125,352961
2022-03-16 14:19:00.000000000,1647411540000000000,3678,3680,3675,3677,1230,352961,353045
2022-03-16 14:20:00.000000000,1647411600000000000,3677,3678,3673,3675,1751,353045,353193
2022-03-16 14:21:00.000000000,1647411660000000000,3675,3677,3672,3674,1706,353193,352623
2022-03-16 14:22:00.000000000,1647411720000000000,3674,3676,3673,3674,849,352623,352526
2022-03-16 14:23:00.000000000,1647411780000000000,3674,3674,3671,3671,745,352526,352535
2022-03-16 14:24:00.000000000,1647411840000000000,3671,3677,3671,3676,944,352535,352538
2022-03-16 14:25:00.000000000,1647411900000000000,3676,3680,3675,3679,1126,352538,352503
2022-03-16 14:26:00.000000000,1647411960000000000,3679,3679,3673,3675,977,352503,352425
2022-03-16 14:27:00.000000000,1647412020000000000,3675,3676,3672,3673,725,352425,352395
2022-03-16 14:28:00.000000000,1647412080000000000,3673,3675,3664,3674,2875,352395,351949
2022-03-16 14:29:00.000000000,1647412140000000000,3674,3680,3671,3679,1901,351949,351898
2022-03-16 14:30:00.000000000,1647412200000000000,3679,3679,3674,3674,1325,351898,351708
2022-03-16 14:31:00.000000000,1647412260000000000,3674,3675,3667,3667,1184,351708,351343
2022-03-16 14:32:00.000000000,1647412320000000000,3667,3669,3663,3663,1829,351343,350737
2022-03-16 14:33:00.000000000,1647412380000000000,3663,3664,3654,3656,2689,350737,350358
2022-03-16 14:34:00.000000000,1647412440000000000,3656,3663,3653,3661,2981,350358,349785
2022-03-16 14:35:00.000000000,1647412500000000000,3661,3670,3661,3668,1721,349785,349816
2022-03-16 14:36:00.000000000,1647412560000000000,3668,3668,3661,3663,926,349816,349875
2022-03-16 14:37:00.000000000,1647412620000000000,3663,3664,3659,3663,748,349875,349916
2022-03-16 14:38:00.000000000,1647412680000000000,3663,3665,3661,3661,480,349916,349882
2022-03-16 14:39:00.000000000,1647412740000000000,3661,3662,3656,3658,1458,349882,349691
2022-03-16 14:40:00.000000000,1647412800000000000,3658,3662,3657,3658,1113,349691,349459
2022-03-16 14:41:00.000000000,1647412860000000000,3658,3666,3658,3664,1292,349459,349424
2022-03-16 14:42:00.000000000,1647412920000000000,3664,3664,3659,3663,585,349424,349424
2022-03-16 14:43:00.000000000,1647412980000000000,3663,3666,3661,3662,608,349424,349395
2022-03-16 14:44:00.000000000,1647413040000000000,3662,3672,3662,3672,1274,349395,349166
2022-03-16 14:45:00.000000000,1647413100000000000,3672,3672,3668,3671,821,349166,349236
2022-03-16 14:46:00.000000000,1647413160000000000,3671,3677,3669,3675,1775,349236,349508
2022-03-16 14:47:00.000000000,1647413220000000000,3675,3680,3674,3679,1350,349508,349281
2022-03-16 14:48:00.000000000,1647413280000000000,3679,3682,3672,3674,2169,349281,349298
2022-03-16 14:49:00.000000000,1647413340000000000,3674,3675,3670,3673,1269,349298,349351
2022-03-16 14:50:00.000000000,1647413400000000000,3673,3676,3671,3672,1590,349351,349750
2022-03-16 14:51:00.000000000,1647413460000000000,3672,3672,3663,3664,1175,349750,349691
2022-03-16 14:52:00.000000000,1647413520000000000,3664,3667,3662,3662,917,349691,349731
2022-03-16 14:53:00.000000000,1647413580000000000,3662,3668,3662,3667,827,349731,349507
2022-03-16 14:54:00.000000000,1647413640000000000,3667,3668,3661,3662,1326,349507,349642
2022-03-16 14:55:00.000000000,1647413700000000000,3662,3665,3661,3664,1325,349642,349643
2022-03-16 14:56:00.000000000,1647413760000000000,3664,3664,3657,3657,1559,349643,349468
2022-03-16 14:57:00.000000000,1647413820000000000,3657,3658,3644,3649,3889,349468,348452
2022-03-16 14:58:00.000000000,1647413880000000000,3649,3649,3636,3637,3558,348452,347597
2022-03-16 14:59:00.000000000,1647413940000000000,3637,3640,3635,3640,3393,347597,346575
2022-03-16 21:00:00.000000000,1647435600000000000,3632,3654,3632,3646,9359,346575,348205
2022-03-16 21:01:00.000000000,1647435660000000000,3646,3665,3646,3659,4663,348205,348619
2022-03-16 21:02:00.000000000,1647435720000000000,3659,3664,3655,3660,3073,348619,348900
2022-03-16 21:03:00.000000000,1647435780000000000,3660,3663,3656,3658,2408,348900,349039
2022-03-16 21:04:00.000000000,1647435840000000000,3658,3662,3657,3659,2073,349039,349074
2022-03-16 21:05:00.000000000,1647435900000000000,3659,3659,3651,3654,2743,349074,349271
2022-03-16 21:06:00.000000000,1647435960000000000,3654,3666,3652,3665,2888,349271,349447
2022-03-16 21:07:00.000000000,1647436020000000000,3665,3668,3659,3663,2423,349447,349735
2022-03-16 21:08:00.000000000,1647436080000000000,3663,3677,3663,3676,3412,349735,350220
2022-03-16 21:09:00.000000000,1647436140000000000,3676,3680,3673,3678,3305,350220,350489
2022-03-16 21:10:00.000000000,1647436200000000000,3678,3679,3672,3679,2047,350489,350748
2022-03-16 21:11:00.000000000,1647436260000000000,3679,3679,3665,3670,3351,350748,350575
2022-03-16 21:12:00.000000000,1647436320000000000,3670,3672,3657,3659,3531,350575,350558
2022-03-16 21:13:00.000000000,1647436380000000000,3659,3661,3654,3659,2141,350558,350728
2022-03-16 21:14:00.000000000,1647436440000000000,3659,3659,3654,3657,1624,350728,350926
2022-03-16 21:15:00.000000000,1647436500000000000,3657,3665,3644,3644,3540,350926,350909
2022-03-16 21:16:00.000000000,1647436560000000000,3644,3645,3635,3641,3780,350909,351009
2022-03-16 21:17:00.000000000,1647436620000000000,3641,3647,3638,3643,2629,351009,351180
2022-03-16 21:18:00.000000000,1647436680000000000,3643,3647,3641,3645,1703,351180,351193
2022-03-16 21:19:00.000000000,1647436740000000000,3645,3649,3644,3649,1976,351193,351097
2022-03-16 21:20:00.000000000,1647436800000000000,3649,3655,3648,3652,2483,351097,351173
2022-03-16 21:21:00.000000000,1647436860000000000,3652,3653,3640,3642,2187,351173,351243
2022-03-16 21:22:00.000000000,1647436920000000000,3642,3642,3634,3634,3666,351243,351831
2022-03-16 21:23:00.000000000,1647436980000000000,3634,3635,3625,3627,4073,351831,352060
2022-03-16 21:24:00.000000000,1647437040000000000,3627,3635,3626,3635,1959,352060,352228
2022-03-16 21:25:00.000000000,1647437100000000000,3635,3642,3635,3638,2675,352228,352037
2022-03-16 21:26:00.000000000,1647437160000000000,3638,3641,3635,3639,1771,352037,351893
2022-03-16 21:27:00.000000000,1647437220000000000,3639,3644,3636,3637,1218,351893,351845
2022-03-16 21:28:00.000000000,1647437280000000000,3637,3646,3636,3640,1579,351845,351744
2022-03-16 21:29:00.000000000,1647437340000000000,3640,3641,3637,3639,748,351744,351720
2022-03-16 21:30:00.000000000,1647437400000000000,3639,3643,3634,3634,1705,351720,351882
2022-03-16 21:31:00.000000000,1647437460000000000,3634,3635,3629,3630,2712,351882,352025
2022-03-16 21:32:00.000000000,1647437520000000000,3630,3633,3624,3633,2078,352025,351948
2022-03-16 21:33:00.000000000,1647437580000000000,3633,3639,3633,3635,1744,351948,352008
2022-03-16 21:34:00.000000000,1647437640000000000,3635,3640,3633,3639,1613,352008,352087
2022-03-16 21:35:00.000000000,1647437700000000000,3639,3643,3636,3639,1771,352087,351976
2022-03-16 21:36:00.000000000,1647437760000000000,3639,3641,3636,3638,1523,351976,352041
2022-03-16 21:37:00.000000000,1647437820000000000,3638,3641,3634,3634,1054,352041,351957
2022-03-16 21:38:00.000000000,1647437880000000000,3634,3643,3633,3634,1605,351957,351972
2022-03-16 21:39:00.000000000,1647437940000000000,3634,3634,3628,3631,1725,351972,351892
2022-03-16 21:40:00.000000000,1647438000000000000,3631,3632,3626,3626,1359,351892,351851
2022-03-16 21:41:00.000000000,1647438060000000000,3626,3629,3618,3620,3445,351851,351377
2022-03-16 21:42:00.000000000,1647438120000000000,3620,3626,3619,3620,1918,351377,351306
2022-03-16 21:43:00.000000000,1647438180000000000,3620,3630,3619,3628,2149,351306,351162
2022-03-16 21:44:00.000000000,1647438240000000000,3628,3632,3623,3630,1368,351162,351256
2022-03-16 21:45:00.000000000,1647438300000000000,3630,3631,3625,3629,1342,351256,351164
2022-03-16 21:46:00.000000000,1647438360000000000,3629,3630,3620,3624,1925,351164,351306
2022-03-16 21:47:00.000000000,1647438420000000000,3624,3624,3612,3619,2970,351306,351069
2022-03-16 21:48:00.000000000,1647438480000000000,3619,3624,3616,3622,1388,351069,351078
2022-03-16 21:49:00.000000000,1647438540000000000,3622,3623,3616,3617,1265,351078,351093
2022-03-16 21:50:00.000000000,1647438600000000000,3617,3621,3613,3614,2715,351093,350728
2022-03-16 21:51:00.000000000,1647438660000000000,3614,3617,3602,3604,4036,350728,350321
2022-03-16 21:52:00.000000000,1647438720000000000,3604,3610,3593,3597,6465,350321,350255
2022-03-16 21:53:00.000000000,1647438780000000000,3597,3603,3597,3600,3011,350255,350283
2022-03-16 21:54:00.000000000,1647438840000000000,3600,3610,3600,3604,2373,350283,350288
2022-03-16 21:55:00.000000000,1647438900000000000,3604,3607,3601,3606,1503,350288,350481
2022-03-16 21:56:00.000000000,1647438960000000000,3606,3610,3602,3610,2345,350481,350503
2022-03-16 21:57:00.000000000,1647439020000000000,3610,3611,3606,3611,1763,350503,350381
2022-03-16 21:58:00.000000000,1647439080000000000,3611,3611,3599,3601,2129,350381,350623
2022-03-16 21:59:00.000000000,1647439140000000000,3601,3606,3600,3603,1274,350623,350883
2022-03-16 22:00:00.000000000,1647439200000000000,3603,3615,3602,3614,1840,350883,350946
2022-03-16 22:01:00.000000000,1647439260000000000,3614,3617,3609,3613,2147,350946,350862
2022-03-16 22:02:00.000000000,1647439320000000000,3613,3618,3612,3613,1768,350862,350809
2022-03-16 22:03:00.000000000,1647439380000000000,3613,3619,3613,3617,1289,350809,350923
2022-03-16 22:04:00.000000000,1647439440000000000,3617,3623,3616,3620,2416,350923,351319
2022-03-16 22:05:00.000000000,1647439500000000000,3620,3624,3619,3622,1442,351319,351369
2022-03-16 22:06:00.000000000,1647439560000000000,3622,3623,3620,3620,948,351369,351369
2022-03-16 22:07:00.000000000,1647439620000000000,3620,3621,3615,3616,1189,351369,351290
2022-03-16 22:08:00.000000000,1647439680000000000,3616,3622,3616,3620,1071,351290,351500
2022-03-16 22:09:00.000000000,1647439740000000000,3620,3620,3617,3617,787,351500,351434
2022-03-16 22:10:00.000000000,1647439800000000000,3617,3618,3609,3610,1341,351434,351313
2022-03-16 22:11:00.000000000,1647439860000000000,3610,3610,3603,3604,2020,351313,351182
2022-03-16 22:12:00.000000000,1647439920000000000,3604,3608,3601,3601,1806,351182,351047
2022-03-16 22:13:00.000000000,1647439980000000000,3601,3612,3600,3610,1887,351047,350608
2022-03-16 22:14:00.000000000,1647440040000000000,3610,3610,3598,3598,1820,350608,350363
2022-03-16 22:15:00.000000000,1647440100000000000,3598,3599,3585,3589,5225,350363,350040
2022-03-16 22:16:00.000000000,1647440160000000000,3589,3594,3587,3590,4130,350040,349487
2022-03-16 22:17:00.000000000,1647440220000000000,3590,3595,3575,3576,6238,349487,349116
2022-03-16 22:18:00.000000000,1647440280000000000,3576,3578,3563,3565,6691,349116,348670
2022-03-16 22:19:00.000000000,1647440340000000000,3565,3574,3560,3573,4186,348670,348519
2022-03-16 22:20:00.000000000,1647440400000000000,3573,3573,3558,3558,5464,348519,348649
2022-03-16 22:21:00.000000000,1647440460000000000,3558,3560,3541,3546,7927,348649,347785
2022-03-16 22:22:00.000000000,1647440520000000000,3546,3554,3545,3549,5549,347785,346975
2022-03-16 22:23:00.000000000,1647440580000000000,3549,3567,3549,3563,4167,346975,346585
2022-03-16 22:24:00.000000000,1647440640000000000,3563,3565,3553,3556,3474,346585,346141
2022-03-16 22:25:00.000000000,1647440700000000000,3556,3566,3556,3563,2705,346141,346167
2022-03-16 22:26:00.000000000,1647440760000000000,3563,3563,3557,3557,2631,346167,346145
2022-03-16 22:27:00.000000000,1647440820000000000,3557,3563,3557,3558,1797,346145,346220
2022-03-16 22:28:00.000000000,1647440880000000000,3558,3562,3545,3550,2171,346220,346151
2022-03-16 22:29:00.000000000,1647440940000000000,3550,3553,3540,3543,3023,346151,346148
2022-03-16 22:30:00.000000000,1647441000000000000,3543,3547,3536,3542,7117,346148,345772
2022-03-16 22:31:00.000000000,1647441060000000000,3542,3542,3527,3530,5169,345772,346009
2022-03-16 22:32:00.000000000,1647441120000000000,3530,3534,3524,3532,4278,346009,346296
2022-03-16 22:33:00.000000000,1647441180000000000,3532,3532,3520,3525,4628,346296,345918
2022-03-16 22:34:00.000000000,1647441240000000000,3525,3525,3515,3519,5337,345918,345496
2022-03-16 22:35:00.000000000,1647441300000000000,3519,3537,3519,3535,4562,345496,344986
2022-03-16 22:36:00.000000000,1647441360000000000,3535,3548,3534,3547,4906,344986,344659
2022-03-16 22:37:00.000000000,1647441420000000000,3547,3547,3536,3542,3651,344659,344286
2022-03-16 22:38:00.000000000,1647441480000000000,3542,3555,3542,3549,4161,344286,343796
2022-03-16 22:39:00.000000000,1647441540000000000,3549,3549,3537,3540,2793,343796,343339
2022-03-16 22:40:00.000000000,1647441600000000000,3540,3543,3532,3536,3137,343339,342824
2022-03-16 22:41:00.000000000,1647441660000000000,3536,3557,3536,3557,3802,342824,342729
2022-03-16 22:42:00.000000000,1647441720000000000,3557,3558,3550,3550,2500,342729,342590
2022-03-16 22:43:00.000000000,1647441780000000000,3550,3557,3550,3551,2104,342590,342627
2022-03-16 22:44:00.000000000,1647441840000000000,3551,3556,3546,3548,2018,342627,342587
2022-03-16 22:45:00.000000000,1647441900000000000,3548,3557,3548,3553,1906,342587,342701
2022-03-16 22:46:00.000000000,1647441960000000000,3553,3555,3550,3553,1734,342701,342944
2022-03-16 22:47:00.000000000,1647442020000000000,3553,3556,3549,3555,1748,342944,342770
2022-03-16 22:48:00.000000000,1647442080000000000,3555,3558,3548,3550,1832,342770,342631
2022-03-16 22:49:00.000000000,1647442140000000000,3550,3551,3545,3546,2451,342631,342713
2022-03-16 22:50:00.000000000,1647442200000000000,3546,3550,3542,3544,1650,342713,342432
2022-03-16 22:51:00.000000000,1647442260000000000,3544,3548,3541,3547,1582,342432,342283
2022-03-16 22:52:00.000000000,1647442320000000000,3547,3551,3545,3547,1154,342283,342274
2022-03-16 22:53:00.000000000,1647442380000000000,3547,3551,3546,3549,994,342274,342140
2022-03-16 22:54:00.000000000,1647442440000000000,3549,3550,3538,3541,1974,342140,341895
2022-03-16 22:55:00.000000000,1647442500000000000,3541,3542,3537,3540,1572,341895,341852
2022-03-16 22:56:00.000000000,1647442560000000000,3540,3545,3537,3545,1358,341852,341766
2022-03-16 22:57:00.000000000,1647442620000000000,3545,3545,3537,3537,1546,341766,341534
2022-03-16 22:58:00.000000000,1647442680000000000,3537,3540,3537,3539,1484,341534,341257
2022-03-16 22:59:00.000000000,1647442740000000000,3539,3540,3536,3539,2445,341257,340639
2022-03-17 09:00:00.000000000,1647478800000000000,3540,3562,3539,3560,4872,340639,341211
2022-03-17 09:01:00.000000000,1647478860000000000,3560,3566,3554,3564,3042,341211,341104
2022-03-17 09:02:00.000000000,1647478920000000000,3564,3565,3560,3561,2420,341104,341188
2022-03-17 09:03:00.000000000,1647478980000000000,3561,3575,3561,3572,3299,341188,341591
2022-03-17 09:04:00.000000000,1647479040000000000,3572,3577,3568,3576,2079,341591,341707
2022-03-17 09:05:00.000000000,1647479100000000000,3576,3579,3570,3577,2462,341707,341846
2022-03-17 09:06:00.000000000,1647479160000000000,3577,3577,3571,3574,2078,341846,341962
2022-03-17 09:07:00.000000000,1647479220000000000,3574,3574,3569,3572,2011,341962,341686
2022-03-17 09:08:00.000000000,1647479280000000000,3572,3573,3568,3572,1106,341686,341720
2022-03-17 09:09:00.000000000,1647479340000000000,3572,3573,3564,3564,1596,341720,341725
2022-03-17 09:10:00.000000000,1647479400000000000,3564,3565,3559,3564,1755,341725,341746
2022-03-17 09:11:00.000000000,1647479460000000000,3564,3571,3563,3567,1487,341746,341935
2022-03-17 09:12:00.000000000,1647479520000000000,3567,3572,3567,3571,793,341935,342003
2022-03-17 09:13:00.000000000,1647479580000000000,3571,3571,3565,3567,936,342003,342081
2022-03-17 09:14:00.000000000,1647479640000000000,3567,3572,3565,3566,881,342081,342073
2022-03-17 09:15:00.000000000,1647479700000000000,3566,3569,3564,3569,951,342073,342098
2022-03-17 09:16:00.000000000,1647479760000000000,3569,3569,3562,3563,1279,342098,342232
2022-03-17 09:17:00.000000000,1647479820000000000,3563,3569,3561,3566,1221,342232,342361
2022-03-17 09:18:00.000000000,1647479880000000000,3566,3572,3566,3569,1043,342361,342340
2022-03-17 09:19:00.000000000,1647479940000000000,3569,3569,3565,3565,773,342340,342473
2022-03-17 09:20:00.000000000,1647480000000000000,3565,3566,3552,3554,2415,342473,342470
2022-03-17 09:21:00.000000000,1647480060000000000,3554,3560,3553,3560,1214,342470,342372
2022-03-17 09:22:00.000000000,1647480120000000000,3560,3562,3558,3558,562,342372,342350
2022-03-17 09:23:00.000000000,1647480180000000000,3558,3562,3557,3557,626,342350,342359
2022-03-17 09:24:00.000000000,1647480240000000000,3557,3558,3556,3557,519,342359,342454
2022-03-17 09:25:00.000000000,1647480300000000000,3557,3561,3554,3561,948,342454,342415
2022-03-17 09:26:00.000000000,1647480360000000000,3561,3566,3560,3565,1024,342415,342370
2022-03-17 09:27:00.000000000,1647480420000000000,3565,3566,3560,3565,822,342370,342409
2022-03-17 09:28:00.000000000,1647480480000000000,3565,3575,3564,3571,1985,342409,342498
2022-03-17 09:29:00.000000000,1647480540000000000,3571,3576,3570,3573,1356,342498,342883
2022-03-17 09:30:00.000000000,1647480600000000000,3573,3578,3571,3576,1819,342883,343087
2022-03-17 09:31:00.000000000,1647480660000000000,3576,3577,3569,3571,1249,343087,343089
2022-03-17 09:32:00.000000000,1647480720000000000,3571,3572,3568,3569,580,343089,343107
2022-03-17 09:33:00.000000000,1647480780000000000,3569,3573,3566,3568,850,343107,343028
2022-03-17 09:34:00.000000000,1647480840000000000,3568,3570,3567,3568,699,343028,343011
2022-03-17 09:35:00.000000000,1647480900000000000,3568,3573,3567,3570,1145,343011,343132
2022-03-17 09:36:00.000000000,1647480960000000000,3570,3578,3570,3571,1966,343132,343260
2022-03-17 09:37:00.000000000,1647481020000000000,3571,3576,3569,3570,765,343260,343231
2022-03-17 09:38:00.000000000,1647481080000000000,3570,3573,3569,3570,592,343231,343267
2022-03-17 09:39:00.000000000,1647481140000000000,3570,3572,3568,3569,283,343267,343264
2022-03-17 09:40:00.000000000,1647481200000000000,3569,3572,3568,3569,583,343264,343263
2022-03-17 09:41:00.000000000,1647481260000000000,3569,3570,3566,3570,736,343263,343253
2022-03-17 09:42:00.000000000,1647481320000000000,3570,3575,3568,3574,943,343253,343381
2022-03-17 09:43:00.000000000,1647481380000000000,3574,3577,3573,3575,563,343381,343289
2022-03-17 09:44:00.000000000,1647481440000000000,3575,3580,3572,3572,1393,343289,343238
2022-03-17 09:45:00.000000000,1647481500000000000,3572,3579,3571,3577,579,343238,343228
2022-03-17 09:46:00.000000000,1647481560000000000,3577,3580,3577,3578,1259,343228,343127
2022-03-17 09:47:00.000000000,1647481620000000000,3578,3578,3569,3571,1216,343127,343129
2022-03-17 09:48:00.000000000,1647481680000000000,3571,3572,3568,3569,493,343129,343169
2022-03-17 09:49:00.000000000,1647481740000000000,3569,3574,3569,3572,550,343169,343063
2022-03-17 09:50:00.000000000,1647481800000000000,3572,3572,3568,3569,480,343063,343025
2022-03-17 09:51:00.000000000,1647481860000000000,3569,3571,3567,3570,549,343025,343049
2022-03-17 09:52:00.000000000,1647481920000000000,3570,3571,3565,3565,373,343049,343058
2022-03-17 09:53:00.000000000,1647481980000000000,3565,3565,3557,3561,1900,343058,343049
2022-03-17 09:54:00.000000000,1647482040000000000,3561,3564,3560,3561,872,343049,342950
2022-03-17 09:55:00.000000000,1647482100000000000,3561,3561,3552,3558,2340,342950,343492
2022-03-17 09:56:00.000000000,1647482160000000000,3558,3558,3547,3548,1695,343492,343280
2022-03-17 09:57:00.000000000,1647482220000000000,3548,3551,3544,3549,1534,343280,343370
2022-03-17 09:58:00.000000000,1647482280000000000,3549,3549,3544,3546,978,343370,343319
2022-03-17 09:59:00.000000000,1647482340000000000,3546,3548,3540,3545,1491,343319,343422
2022-03-17 10:00:00.000000000,1647482400000000000,3545,3550,3544,3547,1307,343422,343234
2022-03-17 10:01:00.000000000,1647482460000000000,3547,3547,3541,3544,1195,343234,343325
2022-03-17 10:02:00.000000000,1647482520000000000,3544,3550,3544,3549,657,343325,343254
2022-03-17 10:03:00.000000000,1647482580000000000,3549,3551,3546,3550,912,343254,343354
2022-03-17 10:04:00.000000000,1647482640000000000,3550,3550,3545,3549,860,343354,343378
2022-03-17 10:05:00.000000000,1647482700000000000,3549,3552,3547,3552,645,343378,343380
2022-03-17 10:06:00.000000000,1647482760000000000,3552,3555,3550,3552,963,343380,343370
2022-03-17 10:07:00.000000000,1647482820000000000,3552,3556,3550,3556,513,343370,343296
2022-03-17 10:08:00.000000000,1647482880000000000,3556,3556,3551,3551,386,343296,343312
2022-03-17 10:09:00.000000000,1647482940000000000,3551,3552,3547,3549,648,343312,343378
2022-03-17 10:10:00.000000000,1647483000000000000,3549,3553,3547,3551,777,343378,343506
2022-03-17 10:11:00.000000000,1647483060000000000,3551,3554,3550,3553,421,343506,343456
2022-03-17 10:12:00.000000000,1647483120000000000,3553,3553,3548,3548,591,343456,343393
2022-03-17 10:13:00.000000000,1647483180000000000,3548,3550,3547,3549,411,343393,343416
2022-03-17 10:14:00.000000000,1647483240000000000,3549,3554,3548,3554,433,343416,343321
2022-03-17 10:30:00.000000000,1647484200000000000,3552,3557,3552,3554,1113,343321,343588
2022-03-17 10:31:00.000000000,1647484260000000000,3554,3556,3554,3556,402,343588,343675
2022-03-17 10:32:00.000000000,1647484320000000000,3556,3556,3548,3548,875,343675,343851
2022-03-17 10:33:00.000000000,1647484380000000000,3548,3551,3548,3549,582,343851,344019
2022-03-17 10:34:00.000000000,1647484440000000000,3549,3549,3544,3545,859,344019,343927
2022-03-17 10:35:00.000000000,1647484500000000000,3545,3547,3540,3545,1169,343927,343836
2022-03-17 10:36:00.000000000,1647484560000000000,3545,3548,3544,3547,530,343836,343770
2022-03-17 10:37:00.000000000,1647484620000000000,3547,3547,3544,3545,397,343770,343816
2022-03-17 10:38:00.000000000,1647484680000000000,3545,3546,3542,3546,535,343816,343627
2022-03-17 10:39:00.000000000,1647484740000000000,3546,3553,3545,3549,1050,343627,343649
2022-03-17 10:40:00.000000000,1647484800000000000,3549,3549,3545,3545,486,343649,343694
2022-03-17 10:41:00.000000000,1647484860000000000,3545,3550,3543,3549,494,343694,343677
2022-03-17 10:42:00.000000000,1647484920000000000,3549,3550,3546,3550,168,343677,343671
2022-03-17 10:43:00.000000000,1647484980000000000,3550,3553,3548,3549,678,343671,343633
2022-03-17 10:44:00.000000000,1647485040000000000,3549,3553,3549,3552,218,343633,343612
2022-03-17 10:45:00.000000000,1647485100000000000,3552,3552,3545,3548,688,343612,343802
2022-03-17 10:46:00.000000000,1647485160000000000,3548,3548,3544,3545,450,343802,343840
2022-03-17 10:47:00.000000000,1647485220000000000,3545,3548,3544,3545,268,343840,343893
2022-03-17 10:48:00.000000000,1647485280000000000,3545,3547,3544,3545,296,343893,343882
2022-03-17 10:49:00.000000000,1647485340000000000,3545,3547,3545,3547,194,343882,343819
2022-03-17 10:50:00.000000000,1647485400000000000,3547,3547,3536,3538,1912,343819,343722
2022-03-17 10:51:00.000000000,1647485460000000000,3538,3544,3538,3542,868,343722,343761
2022-03-17 10:52:00.000000000,1647485520000000000,3542,3544,3536,3538,512,343761,343811
2022-03-17 10:53:00.000000000,1647485580000000000,3538,3543,3538,3542,563,343811,343776
2022-03-17 10:54:00.000000000,1647485640000000000,3542,3544,3540,3541,349,343776,343909
2022-03-17 10:55:00.000000000,1647485700000000000,3541,3550,3541,3549,1123,343909,343916
2022-03-17 10:56:00.000000000,1647485760000000000,3549,3551,3547,3550,574,343916,343993
2022-03-17 10:57:00.000000000,1647485820000000000,3550,3554,3547,3553,640,343993,343946
2022-03-17 10:58:00.000000000,1647485880000000000,3553,3553,3548,3550,531,343946,343987
2022-03-17 10:59:00.000000000,1647485940000000000,3550,3551,3548,3550,195,343987,344017
2022-03-17 11:00:00.000000000,1647486000000000000,3550,3552,3549,3551,364,344017,344019
2022-03-17 11:01:00.000000000,1647486060000000000,3551,3552,3546,3547,558,344019,344043
2022-03-17 11:02:00.000000000,1647486120000000000,3547,3551,3546,3551,426,344043,344089
2022-03-17 11:03:00.000000000,1647486180000000000,3551,3552,3548,3550,366,344089,344080
2022-03-17 11:04:00.000000000,1647486240000000000,3550,3553,3548,3552,669,344080,344197
2022-03-17 11:05:00.000000000,1647486300000000000,3552,3556,3546,3548,1344,344197,344564
2022-03-17 11:06:00.000000000,1647486360000000000,3548,3553,3547,3550,662,344564,344646
2022-03-17 11:07:00.000000000,1647486420000000000,3550,3550,3548,3550,312,344646,344606
2022-03-17 11:08:00.000000000,1647486480000000000,3550,3556,3550,3555,636,344606,344596
2022-03-17 11:09:00.000000000,1647486540000000000,3555,3564,3553,3562,1894,344596,344524
2022-03-17 11:10:00.000000000,1647486600000000000,3562,3563,3553,3555,910,344524,344665
2022-03-17 11:11:00.000000000,1647486660000000000,3555,3557,3555,3556,475,344665,344667
2022-03-17 11:12:00.000000000,1647486720000000000,3556,3563,3556,3563,587,344667,344709
2022-03-17 11:13:00.000000000,1647486780000000000,3563,3569,3562,3563,1381,344709,344629
2022-03-17 11:14:00.000000000,1647486840000000000,3563,3564,3560,3562,549,344629,344574
2022-03-17 11:15:00.000000000,1647486900000000000,3562,3562,3558,3559,611,344574,344709
2022-03-17 11:16:00.000000000,1647486960000000000,3559,3559,3555,3557,592,344709,344777
2022-03-17 11:17:00.000000000,1647487020000000000,3557,3558,3556,3557,159,344777,344775
2022-03-17 11:18:00.000000000,1647487080000000000,3557,3560,3556,3559,466,344775,344812
2022-03-17 11:19:00.000000000,1647487140000000000,3559,3562,3556,3557,622,344812,344741
2022-03-17 11:20:00.000000000,1647487200000000000,3557,3558,3550,3551,983,344741,344676
2022-03-17 11:21:00.000000000,1647487260000000000,3551,3552,3550,3550,399,344676,344735
2022-03-17 11:22:00.000000000,1647487320000000000,3550,3551,3545,3547,977,344735,344850
2022-03-17 11:23:00.000000000,1647487380000000000,3547,3552,3546,3551,759,344850,344960
2022-03-17 11:24:00.000000000,1647487440000000000,3551,3552,3550,3551,229,344960,344978
2022-03-17 11:25:00.000000000,1647487500000000000,3551,3552,3549,3550,363,344978,344987
2022-03-17 11:26:00.000000000,1647487560000000000,3550,3554,3550,3554,550,344987,344944
2022-03-17 11:27:00.000000000,1647487620000000000,3554,3562,3553,3562,1233,344944,345058
2022-03-17 11:28:00.000000000,1647487680000000000,3562,3563,3559,3561,957,345058,345333
2022-03-17 11:29:00.000000000,1647487740000000000,3561,3565,3557,3563,1320,345333,345381
2022-03-17 13:30:00.000000000,1647495000000000000,3568,3568,3562,3562,1852,345381,345500
2022-03-17 13:31:00.000000000,1647495060000000000,3562,3563,3555,3559,1727,345500,345605
2022-03-17 13:32:00.000000000,1647495120000000000,3559,3559,3552,3559,1258,345605,345822
2022-03-17 13:33:00.000000000,1647495180000000000,3559,3559,3555,3558,966,345822,346028
2022-03-17 13:34:00.000000000,1647495240000000000,3558,3561,3557,3559,650,346028,346029
2022-03-17 13:35:00.000000000,1647495300000000000,3559,3559,3557,3559,290,346029,346111
2022-03-17 13:36:00.000000000,1647495360000000000,3559,3566,3558,3565,1146,346111,346118
2022-03-17 13:37:00.000000000,1647495420000000000,3565,3567,3562,3565,908,346118,346345
2022-03-17 13:38:00.000000000,1647495480000000000,3565,3568,3564,3566,712,346345,346563
2022-03-17 13:39:00.000000000,1647495540000000000,3566,3573,3565,3568,2022,346563,346808
2022-03-17 13:40:00.000000000,1647495600000000000,3568,3568,3562,3565,1554,346808,347430
2022-03-17 13:41:00.000000000,1647495660000000000,3565,3566,3562,3563,603,347430,347605
2022-03-17 13:42:00.000000000,1647495720000000000,3563,3568,3563,3565,1215,347605,347932
2022-03-17 13:43:00.000000000,1647495780000000000,3565,3568,3564,3568,785,347932,348054
2022-03-17 13:44:00.000000000,1647495840000000000,3568,3570,3566,3570,969,348054,348213
2022-03-17 13:45:00.000000000,1647495900000000000,3570,3574,3570,3573,1076,348213,348397
2022-03-17 13:46:00.000000000,1647495960000000000,3573,3574,3568,3569,1068,348397,348676
2022-03-17 13:47:00.000000000,1647496020000000000,3569,3570,3567,3568,579,348676,348767
2022-03-17 13:48:00.000000000,1647496080000000000,3568,3568,3564,3566,580,348767,348986
2022-03-17 13:49:00.000000000,1647496140000000000,3566,3566,3561,3562,1050,348986,348800
2022-03-17 13:50:00.000000000,1647496200000000000,3562,3564,3560,3562,1080,348800,348996
2022-03-17 13:51:00.000000000,1647496260000000000,3562,3562,3559,3560,632,348996,349035
2022-03-17 13:52:00.000000000,1647496320000000000,3560,3565,3560,3565,644,349035,349005
2022-03-17 13:53:00.000000000,1647496380000000000,3565,3568,3564,3568,702,349005,348975
2022-03-17 13:54:00.000000000,1647496440000000000,3568,3570,3566,3568,779,348975,349082
2022-03-17 13:55:00.000000000,1647496500000000000,3568,3568,3563,3565,722,349082,348984
2022-03-17 13:56:00.000000000,1647496560000000000,3565,3566,3560,3562,674,348984,349025
2022-03-17 13:57:00.000000000,1647496620000000000,3562,3566,3560,3562,757,349025,348962
2022-03-17 13:58:00.000000000,1647496680000000000,3562,3564,3557,3559,773,348962,348924
2022-03-17 13:59:00.000000000,1647496740000000000,3559,3560,3557,3559,528,348924,348929
2022-03-17 14:00:00.000000000,1647496800000000000,3559,3561,3553,3555,1067,348929,349098
2022-03-17 14:01:00.000000000,1647496860000000000,3555,3555,3550,3553,974,349098,349037
2022-03-17 14:02:00.000000000,1647496920000000000,3553,3556,3550,3553,1411,349037,349019
2022-03-17 14:03:00.000000000,1647496980000000000,3553,3556,3553,3555,571,349019,349032
2022-03-17 14:04:00.000000000,1647497040000000000,3555,3558,3550,3551,690,349032,349039
2022-03-17 14:05:00.000000000,1647497100000000000,3551,3557,3551,3556,680,349039,349111
2022-03-17 14:06:00.000000000,1647497160000000000,3556,3560,3556,3559,566,349111,349246
2022-03-17 14:07:00.000000000,1647497220000000000,3559,3560,3553,3555,583,349246,349385
2022-03-17 14:08:00.000000000,1647497280000000000,3555,3557,3554,3554,475,349385,349542
2022-03-17 14:09:00.000000000,1647497340000000000,3554,3558,3554,3557,323,349542,349644
2022-03-17 14:10:00.000000000,1647497400000000000,3557,3563,3556,3563,534,349644,349674
2022-03-17 14:11:00.000000000,1647497460000000000,3563,3564,3559,3560,1044,349674,349761
2022-03-17 14:12:00.000000000,1647497520000000000,3560,3561,3558,3558,333,349761,349774
2022-03-17 14:13:00.000000000,1647497580000000000,3558,3560,3556,3556,327,349774,349737
2022-03-17 14:14:00.000000000,1647497640000000000,3556,3557,3552,3556,905,349737,349753
2022-03-17 14:15:00.000000000,1647497700000000000,3556,3558,3554,3555,528,349753,349853
2022-03-17 14:16:00.000000000,1647497760000000000,3555,3558,3553,3557,692,349853,349777
2022-03-17 14:17:00.000000000,1647497820000000000,3557,3557,3554,3554,549,349777,349775
2022-03-17 14:18:00.000000000,1647497880000000000,3554,3556,3554,3556,395,349775,349675
2022-03-17 14:19:00.000000000,1647497940000000000,3556,3558,3553,3554,926,349675,350173
2022-03-17 14:20:00.000000000,1647498000000000000,3554,3555,3551,3553,742,350173,350410
2022-03-17 14:21:00.000000000,1647498060000000000,3553,3557,3553,3556,428,350410,350313
2022-03-17 14:22:00.000000000,1647498120000000000,3556,3557,3555,3555,177,350313,350299
2022-03-17 14:23:00.000000000,1647498180000000000,3555,3557,3553,3557,382,350299,350259
2022-03-17 14:24:00.000000000,1647498240000000000,3557,3557,3554,3556,280,350259,350325
2022-03-17 14:25:00.000000000,1647498300000000000,3556,3561,3556,3560,584,350325,350266
2022-03-17 14:26:00.000000000,1647498360000000000,3560,3561,3558,3559,431,350266,350228
2022-03-17 14:27:00.000000000,1647498420000000000,3559,3561,3558,3561,536,350228,350223
2022-03-17 14:28:00.000000000,1647498480000000000,3561,3568,3560,3567,903,350223,350213
2022-03-17 14:29:00.000000000,1647498540000000000,3567,3568,3565,3567,931,350213,350325
2022-03-17 14:30:00.000000000,1647498600000000000,3567,3568,3564,3565,1596,350325,350646
2022-03-17 14:31:00.000000000,1647498660000000000,3565,3568,3564,3564,730,350646,350736
2022-03-17 14:32:00.000000000,1647498720000000000,3564,3566,3564,3564,276,350736,350737
2022-03-17 14:33:00.000000000,1647498780000000000,3564,3566,3563,3563,676,350737,350751
2022-03-17 14:34:00.000000000,1647498840000000000,3563,3564,3561,3561,452,350751,350742
2022-03-17 14:35:00.000000000,1647498900000000000,3561,3568,3560,3567,1058,350742,350611
2022-03-17 14:36:00.000000000,1647498960000000000,3567,3568,3563,3563,544,350611,350563
2022-03-17 14:37:00.000000000,1647499020000000000,3563,3567,3562,3566,525,350563,350565
2022-03-17 14:38:00.000000000,1647499080000000000,3566,3567,3560,3561,1195,350565,350806
2022-03-17 14:39:00.000000000,1647499140000000000,3561,3564,3559,3560,917,350806,350938
2022-03-17 14:40:00.000000000,1647499200000000000,3560,3562,3556,3560,1262,350938,350949
2022-03-17 14:41:00.000000000,1647499260000000000,3560,3561,3557,3560,865,350949,350910
2022-03-17 14:42:00.000000000,1647499320000000000,3560,3560,3558,3559,452,350910,350823
2022-03-17 14:43:00.000000000,1647499380000000000,3559,3562,3559,3561,689,350823,350701
2022-03-17 14:44:00.000000000,1647499440000000000,3561,3565,3560,3562,596,350701,350691
2022-03-17 14:45:00.000000000,1647499500000000000,3562,3562,3559,3561,433,350691,350688
2022-03-17 14:46:00.000000000,1647499560000000000,3561,3564,3560,3563,533,350688,350666
2022-03-17 14:47:00.000000000,1647499620000000000,3563,3566,3563,3565,672,350666,350533
2022-03-17 14:48:00.000000000,1647499680000000000,3565,3566,3563,3564,369,350533,350470
2022-03-17 14:49:00.000000000,1647499740000000000,3564,3564,3560,3561,525,350470,350593
2022-03-17 14:50:00.000000000,1647499800000000000,3561,3565,3560,3563,506,350593,350547
2022-03-17 14:51:00.000000000,1647499860000000000,3563,3565,3562,3564,769,350547,350219
2022-03-17 14:52:00.000000000,1647499920000000000,3564,3566,3559,3560,1116,350219,350415
2022-03-17 14:53:00.000000000,1647499980000000000,3560,3564,3560,3562,685,350415,350428
2022-03-17 14:54:00.000000000,1647500040000000000,3562,3565,3562,3564,820,350428,350365
2022-03-17 14:55:00.000000000,1647500100000000000,3564,3565,3562,3564,857,350365,350176
2022-03-17 14:56:00.000000000,1647500160000000000,3564,3566,3564,3565,914,350176,349901
2022-03-17 14:57:00.000000000,1647500220000000000,3565,3566,3560,3561,1077,349901,349932
2022-03-17 14:58:00.000000000,1647500280000000000,3561,3565,3561,3564,1171,349932,349628
2022-03-17 14:59:00.000000000,1647500340000000000,3564,3569,3564,3569,2114,349628,348985
2022-03-17 21:00:00.000000000,1647522000000000000,3681,3698,3660,3696,23708,348985,351899
2022-03-17 21:01:00.000000000,1647522060000000000,3696,3699,3679,3680,9422,351899,350546
2022-03-17 21:02:00.000000000,1647522120000000000,3680,3682,3657,3661,8747,350546,349879
2022-03-17 21:03:00.000000000,1647522180000000000,3661,3676,3661,3670,5136,349879,350511
2022-03-17 21:04:00.000000000,1647522240000000000,3670,3672,3652,3654,5719,350511,350379
2022-03-17 21:05:00.000000000,1647522300000000000,3654,3656,3638,3644,6434,350379,350597
2022-03-17 21:06:00.000000000,1647522360000000000,3644,3656,3644,3653,3940,350597,350683
2022-03-17 21:07:00.000000000,1647522420000000000,3653,3656,3650,3653,2254,350683,350882
2022-03-17 21:08:00.000000000,1647522480000000000,3653,3660,3648,3660,3034,350882,351003
2022-03-17 21:09:00.000000000,1647522540000000000,3660,3661,3650,3651,2654,351003,351215
2022-03-17 21:10:00.000000000,1647522600000000000,3651,3666,3650,3664,3857,351215,351299
2022-03-17 21:11:00.000000000,1647522660000000000,3664,3670,3661,3669,2365,351299,351341
2022-03-17 21:12:00.000000000,1647522720000000000,3669,3679,3668,3676,4150,351341,351465
2022-03-17 21:13:00.000000000,1647522780000000000,3676,3677,3666,3668,2973,351465,351571
2022-03-17 21:14:00.000000000,1647522840000000000,3668,3671,3667,3667,1316,351571,351750
2022-03-17 21:15:00.000000000,1647522900000000000,3667,3669,3661,3663,2285,351750,351887
2022-03-17 21:16:00.000000000,1647522960000000000,3663,3666,3662,3666,2183,351887,352151
2022-03-17 21:17:00.000000000,1647523020000000000,3666,3675,3666,3668,2119,352151,352349
2022-03-17 21:18:00.000000000,1647523080000000000,3668,3672,3666,3667,1414,352349,352558
2022-03-17 21:19:00.000000000,1647523140000000000,3667,3668,3662,3665,1738,352558,352525
2022-03-17 21:20:00.000000000,1647523200000000000,3665,3670,3659,3659,2460,352525,353152
2022-03-17 21:21:00.000000000,1647523260000000000,3659,3665,3658,3665,1458,353152,353123
2022-03-17 21:22:00.000000000,1647523320000000000,3665,3665,3653,3653,2274,353123,353173
2022-03-17 21:23:00.000000000,1647523380000000000,3653,3661,3652,3657,1242,353173,353326
2022-03-17 21:24:00.000000000,1647523440000000000,3657,3657,3652,3657,1579,353326,353483
2022-03-17 21:25:00.000000000,1647523500000000000,3657,3661,3652,3657,2373,353483,353868
2022-03-17 21:26:00.000000000,1647523560000000000,3657,3666,3656,3661,2412,353868,354015
2022-03-17 21:27:00.000000000,1647523620000000000,3661,3663,3658,3662,1845,354015,354658
2022-03-17 21:28:00.000000000,1647523680000000000,3662,3664,3658,3660,1508,354658,354449
2022-03-17 21:29:00.000000000,1647523740000000000,3660,3672,3660,3672,2744,354449,354200
2022-03-17 21:30:00.000000000,1647523800000000000,3672,3674,3667,3667,3143,354200,353938
2022-03-17 21:31:00.000000000,1647523860000000000,3667,3672,3667,3669,1352,353938,354024
2022-03-17 21:32:00.000000000,1647523920000000000,3669,3673,3667,3673,1888,354024,353839
2022-03-17 21:33:00.000000000,1647523980000000000,3673,3677,3671,3672,2389,353839,353850
2022-03-17 21:34:00.000000000,1647524040000000000,3672,3677,3672,3675,3896,353850,354331
2022-03-17 21:35:00.000000000,1647524100000000000,3675,3683,3675,3683,3609,354331,354287
2022-03-17 21:36:00.000000000,1647524160000000000,3683,3685,3677,3677,3152,354287,354334
2022-03-17 21:37:00.000000000,1647524220000000000,3677,3681,3676,3680,2549,354334,354283
2022-03-17 21:38:00.000000000,1647524280000000000,3680,3681,3670,3672,2736,354283,354058
2022-03-17 21:39:00.000000000,1647524340000000000,3672,3676,3671,3671,1272,354058,353965
2022-03-17 21:40:00.000000000,1647524400000000000,3671,3675,3669,3673,1859,353965,353870
2022-03-17 21:41:00.000000000,1647524460000000000,3673,3675,3670,3673,1824,353870,353634
2022-03-17 21:42:00.000000000,1647524520000000000,3673,3678,3673,3677,1208,353634,353612
2022-03-17 21:43:00.000000000,1647524580000000000,3677,3677,3674,3674,960,353612,353525
2022-03-17 21:44:00.000000000,1647524640000000000,3674,3681,3673,3678,2084,353525,353493
2022-03-17 21:45:00.000000000,1647524700000000000,3678,3683,3678,3683,1322,353493,353514
2022-03-17 21:46:00.000000000,1647524760000000000,3683,3688,3670,3671,2848,353514,353678
2022-03-17 21:47:00.000000000,1647524820000000000,3671,3673,3662,3665,3632,353678,352808
2022-03-17 21:48:00.000000000,1647524880000000000,3665,3672,3664,3669,2198,352808,352929
2022-03-17 21:49:00.000000000,1647524940000000000,3669,3671,3663,3667,1881,352929,353113
2022-03-17 21:50:00.000000000,1647525000000000000,3667,3670,3664,3664,1343,353113,353087
2022-03-17 21:51:00.000000000,1647525060000000000,3664,3668,3658,3668,1986,353087,353132
2022-03-17 21:52:00.000000000,1647525120000000000,3668,3670,3664,3666,956,353132,353120
2022-03-17 21:53:00.000000000,1647525180000000000,3666,3671,3665,3670,1215,353120,353228
2022-03-17 21:54:00.000000000,1647525240000000000,3670,3672,3667,3670,952,353228,353288
2022-03-17 21:55:00.000000000,1647525300000000000,3670,3674,3669,3672,1043,353288,353324
2022-03-17 21:56:00.000000000,1647525360000000000,3672,3674,3668,3670,883,353324,353378
2022-03-17 21:57:00.000000000,1647525420000000000,3670,3671,3668,3669,898,353378,353337
2022-03-17 21:58:00.000000000,1647525480000000000,3669,3671,3664,3665,1198,353337,353487
2022-03-17 21:59:00.000000000,1647525540000000000,3665,3668,3660,3661,1393,353487,353430
2022-03-17 22:00:00.000000000,1647525600000000000,3661,3665,3659,3661,1558,353430,353482
2022-03-17 22:01:00.000000000,1647525660000000000,3661,3663,3659,3660,872,353482,353488
2022-03-17 22:02:00.000000000,1647525720000000000,3660,3662,3655,3661,1936,353488,353475
2022-03-17 22:03:00.000000000,1647525780000000000,3661,3666,3660,3664,1162,353475,353236
2022-03-17 22:04:00.000000000,1647525840000000000,3664,3664,3658,3660,826,353236,353241
2022-03-17 22:05:00.000000000,1647525900000000000,3660,3661,3656,3660,1553,353241,352927
2022-03-17 22:06:00.000000000,1647525960000000000,3660,3660,3653,3655,2141,352927,352678
2022-03-17 22:07:00.000000000,1647526020000000000,3655,3657,3646,3647,3204,352678,352314
2022-03-17 22:08:00.000000000,1647526080000000000,3647,3649,3640,3643,4083,352314,352603
2022-03-17 22:09:00.000000000,1647526140000000000,3643,3648,3639,3642,2781,352603,352773
2022-03-17 22:10:00.000000000,1647526200000000000,3642,3646,3641,3644,2478,352773,352977
2022-03-17 22:11:00.000000000,1647526260000000000,3644,3645,3638,3643,2907,352977,353266
2022-03-17 22:12:00.000000000,1647526320000000000,3643,3650,3643,3648,2078,353266,352906
2022-03-17 22:13:00.000000000,1647526380000000000,3648,3648,3640,3643,1606,352906,353147
2022-03-17 22:14:00.000000000,1647526440000000000,3643,3649,3641,3646,1699,353147,353418
2022-03-17 22:15:00.000000000,1647526500000000000,3646,3652,3645,3649,1563,353418,353387
2022-03-17 22:16:00.000000000,1647526560000000000,3649,3652,3647,3651,920,353387,353506
2022-03-17 22:17:00.000000000,1647526620000000000,3651,3654,3644,3645,1485,353506,353569
2022-03-17 22:18:00.000000000,1647526680000000000,3645,3652,3645,3651,711,353569,353612
2022-03-17 22:19:00.000000000,1647526740000000000,3651,3651,3646,3647,813,353612,353839
2022-03-17 22:20:00.000000000,1647526800000000000,3647,3652,3646,3649,942,353839,353686
2022-03-17 22:21:00.000000000,1647526860000000000,3649,3650,3643,3645,1009,353686,353427
2022-03-17 22:22:00.000000000,1647526920000000000,3645,3647,3642,3646,1024,353427,353478
2022-03-17 22:23:00.000000000,1647526980000000000,3646,3647,3644,3645,615,353478,353451
2022-03-17 22:24:00.000000000,1647527040000000000,3645,3647,3641,3642,783,353451,353259
2022-03-17 22:25:00.000000000,1647527100000000000,3642,3649,3641,3647,904,353259,353326
2022-03-17 22:26:00.000000000,1647527160000000000,3647,3649,3646,3648,539,353326,353330
2022-03-17 22:27:00.000000000,1647527220000000000,3648,3650,3647,3648,617,353330,353308
2022-03-17 22:28:00.000000000,1647527280000000000,3648,3649,3636,3639,2523,353308,353260
2022-03-17 22:29:00.000000000,1647527340000000000,3639,3645,3639,3639,1003,353260,353379
2022-03-17 22:30:00.000000000,1647527400000000000,3639,3645,3639,3643,692,353379,353386
2022-03-17 22:31:00.000000000,1647527460000000000,3643,3643,3626,3629,4247,353386,352555
2022-03-17 22:32:00.000000000,1647527520000000000,3629,3635,3628,3633,1488,352555,352489
2022-03-17 22:33:00.000000000,1647527580000000000,3633,3633,3630,3630,992,352489,352472
2022-03-17 22:34:00.000000000,1647527640000000000,3630,3634,3628,3634,866,352472,352493
2022-03-17 22:35:00.000000000,1647527700000000000,3634,3640,3631,3638,1226,352493,352362
2022-03-17 22:36:00.000000000,1647527760000000000,3638,3645,3638,3643,1236,352362,352100
2022-03-17 22:37:00.000000000,1647527820000000000,3643,3643,3638,3643,1152,352100,352392
2022-03-17 22:38:00.000000000,1647527880000000000,3643,3646,3642,3644,1307,352392,352446
2022-03-17 22:39:00.000000000,1647527940000000000,3644,3644,3638,3641,1158,352446,352624
2022-03-17 22:40:00.000000000,1647528000000000000,3641,3643,3639,3641,919,352624,352647
2022-03-17 22:41:00.000000000,1647528060000000000,3641,3642,3640,3641,417,352647,352695
2022-03-17 22:42:00.000000000,1647528120000000000,3641,3645,3639,3645,547,352695,352703
2022-03-17 22:43:00.000000000,1647528180000000000,3645,3650,3643,3645,2042,352703,352444
2022-03-17 22:44:00.000000000,1647528240000000000,3645,3648,3644,3648,566,352444,352448
2022-03-17 22:45:00.000000000,1647528300000000000,3648,3648,3644,3648,1033,352448,352482
2022-03-17 22:46:00.000000000,1647528360000000000,3648,3648,3638,3639,1768,352482,353083
2022-03-17 22:47:00.000000000,1647528420000000000,3639,3645,3639,3645,565,353083,353027
2022-03-17 22:48:00.000000000,1647528480000000000,3645,3648,3640,3640,1596,353027,353160
2022-03-17 22:49:00.000000000,1647528540000000000,3640,3643,3631,3632,2226,353160,353043
2022-03-17 22:50:00.000000000,1647528600000000000,3632,3635,3631,3633,1142,353043,353025
2022-03-17 22:51:00.000000000,1647528660000000000,3633,3638,3632,3634,1676,353025,353244
2022-03-17 22:52:00.000000000,1647528720000000000,3634,3639,3633,3637,1022,353244,353178
2022-03-17 22:53:00.000000000,1647528780000000000,3637,3641,3637,3638,817,353178,352984
2022-03-17 22:54:00.000000000,1647528840000000000,3638,3641,3638,3639,632,352984,352982
2022-03-17 22:55:00.000000000,1647528900000000000,3639,3640,3633,3634,947,352982,353168
2022-03-17 22:56:00.000000000,1647528960000000000,3634,3637,3633,3637,744,353168,353319
2022-03-17 22:57:00.000000000,1647529020000000000,3637,3639,3637,3639,593,353319,353257
2022-03-17 22:58:00.000000000,1647529080000000000,3639,3641,3637,3641,1140,353257,353030
2022-03-17 22:59:00.000000000,1647529140000000000,3641,3641,3637,3639,2383,353030,352256
2022-03-18 09:00:00.000000000,1647565200000000000,3680,3680,3660,3665,9959,352256,352606
2022-03-18 09:01:00.000000000,1647565260000000000,3665,3667,3655,3659,3823,352606,352322
2022-03-18 09:02:00.000000000,1647565320000000000,3659,3665,3659,3663,4048,352322,351926
2022-03-18 09:03:00.000000000,1647565380000000000,3663,3667,3656,3657,3596,351926,351270
2022-03-18 09:04:00.000000000,1647565440000000000,3657,3660,3655,3658,1803,351270,351291
2022-03-18 09:05:00.000000000,1647565500000000000,3658,3663,3651,3652,2608,351291,351083
2022-03-18 09:06:00.000000000,1647565560000000000,3652,3654,3649,3650,2306,351083,351023
2022-03-18 09:07:00.000000000,1647565620000000000,3650,3650,3646,3648,2357,351023,350681
2022-03-18 09:08:00.000000000,1647565680000000000,3648,3649,3642,3644,2134,350681,350792
2022-03-18 09:09:00.000000000,1647565740000000000,3644,3647,3642,3647,2113,350792,350825
2022-03-18 09:10:00.000000000,1647565800000000000,3647,3652,3647,3649,1789,350825,351249
2022-03-18 09:11:00.000000000,1647565860000000000,3649,3650,3645,3649,1814,351249,351334
2022-03-18 09:12:00.000000000,1647565920000000000,3649,3652,3648,3651,889,351334,351339
2022-03-18 09:13:00.000000000,1647565980000000000,3651,3655,3649,3652,1224,351339,351348
2022-03-18 09:14:00.000000000,1647566040000000000,3652,3662,3652,3661,1828,351348,351068
2022-03-18 09:15:00.000000000,1647566100000000000,3661,3661,3657,3660,2096,351068,350982
2022-03-18 09:16:00.000000000,1647566160000000000,3660,3663,3658,3661,1526,350982,351303
2022-03-18 09:17:00.000000000,1647566220000000000,3661,3667,3661,3666,1428,351303,351261
2022-03-18 09:18:00.000000000,1647566280000000000,3666,3667,3663,3665,1062,351261,351371
2022-03-18 09:19:00.000000000,1647566340000000000,3665,3668,3663,3663,1198,351371,351515
2022-03-18 09:20:00.000000000,1647566400000000000,3663,3667,3663,3666,1439,351515,351703
2022-03-18 09:21:00.000000000,1647566460000000000,3666,3668,3665,3666,871,351703,351673
2022-03-18 09:22:00.000000000,1647566520000000000,3666,3675,3665,3674,3734,351673,352045
2022-03-18 09:23:00.000000000,1647566580000000000,3674,3682,3671,3677,3357,352045,352863
2022-03-18 09:24:00.000000000,1647566640000000000,3677,3678,3674,3677,1926,352863,352559
2022-03-18 09:25:00.000000000,1647566700000000000,3677,3677,3672,3674,1494,352559,352600
2022-03-18 09:26:00.000000000,1647566760000000000,3674,3675,3671,3671,1631,352600,352463
2022-03-18 09:27:00.000000000,1647566820000000000,3671,3674,3671,3674,918,352463,352532
2022-03-18 09:28:00.000000000,1647566880000000000,3674,3674,3670,3671,731,352532,352593
2022-03-18 09:29:00.000000000,1647566940000000000,3671,3676,3671,3675,786,352593,352641
2022-03-18 09:30:00.000000000,1647567000000000000,3675,3686,3675,3683,2923,352641,352693
2022-03-18 09:31:00.000000000,1647567060000000000,3683,3686,3681,3685,1685,352693,353035
2022-03-18 09:32:00.000000000,1647567120000000000,3685,3685,3681,3684,786,353035,353199
2022-03-18 09:33:00.000000000,1647567180000000000,3684,3686,3678,3685,1260,353199,353117
2022-03-18 09:34:00.000000000,1647567240000000000,3685,3690,3684,3689,1729,353117,353164
2022-03-18 09:35:00.000000000,1647567300000000000,3689,3698,3689,3698,3885,353164,353373
2022-03-18 09:36:00.000000000,1647567360000000000,3698,3707,3697,3703,4662,353373,353317
2022-03-18 09:37:00.000000000,1647567420000000000,3703,3712,3703,3710,3846,353317,353567
2022-03-18 09:38:00.000000000,1647567480000000000,3710,3715,3707,3712,2854,353567,353904
2022-03-18 09:39:00.000000000,1647567540000000000,3712,3720,3708,3718,2532,353904,354144
2022-03-18 09:40:00.000000000,1647567600000000000,3718,3726,3718,3724,4855,354144,353772
2022-03-18 09:41:00.000000000,1647567660000000000,3724,3724,3714,3716,2951,353772,353555
2022-03-18 09:42:00.000000000,1647567720000000000,3716,3717,3711,3711,2248,353555,353220
2022-03-18 09:43:00.000000000,1647567780000000000,3711,3712,3706,3706,2084,353220,353002
2022-03-18 09:44:00.000000000,1647567840000000000,3706,3713,3704,3711,2234,353002,352724
2022-03-18 09:45:00.000000000,1647567900000000000,3711,3713,3705,3706,1893,352724,352831
2022-03-18 09:46:00.000000000,1647567960000000000,3706,3707,3698,3701,2694,352831,352920
2022-03-18 09:47:00.000000000,1647568020000000000,3701,3708,3700,3707,1489,352920,352900
2022-03-18 09:48:00.000000000,1647568080000000000,3707,3707,3705,3706,704,352900,352889
2022-03-18 09:49:00.000000000,1647568140000000000,3706,3707,3702,3706,1100,352889,352842
2022-03-18 09:50:00.000000000,1647568200000000000,3706,3708,3701,3701,1499,352842,352762
2022-03-18 09:51:00.000000000,1647568260000000000,3701,3703,3694,3695,2067,352762,352624
2022-03-18 09:52:00.000000000,1647568320000000000,3695,3702,3695,3701,2117,352624,352346
2022-03-18 09:53:00.000000000,1647568380000000000,3701,3703,3697,3701,1015,352346,352513
2022-03-18 09:54:00.000000000,1647568440000000000,3701,3707,3701,3706,644,352513,352530
2022-03-18 09:55:00.000000000,1647568500000000000,3706,3710,3706,3708,937,352530,352559
2022-03-18 09:56:00.000000000,1647568560000000000,3708,3710,3705,3707,1546,352559,352927
2022-03-18 09:57:00.000000000,1647568620000000000,3707,3710,3703,3703,1148,352927,352977
2022-03-18 09:58:00.000000000,1647568680000000000,3703,3704,3699,3700,1253,352977,352949
2022-03-18 09:59:00.000000000,1647568740000000000,3700,3702,3697,3699,747,352949,353009
2022-03-18 10:00:00.000000000,1647568800000000000,3699,3701,3695,3696,1628,353009,353224
2022-03-18 10:01:00.000000000,1647568860000000000,3696,3699,3695,3697,572,353224,353265
2022-03-18 10:02:00.000000000,1647568920000000000,3697,3700,3696,3698,820,353265,353373
2022-03-18 10:03:00.000000000,1647568980000000000,3698,3698,3687,3688,2565,353373,352836
2022-03-18 10:04:00.000000000,1647569040000000000,3688,3689,3676,3679,4233,352836,352406
2022-03-18 10:05:00.000000000,1647569100000000000,3679,3680,3677,3678,1166,352406,352637
2022-03-18 10:06:00.000000000,1647569160000000000,3678,3680,3672,3679,2374,352637,352638
2022-03-18 10:07:00.000000000,1647569220000000000,3679,3681,3673,3678,2330,352638,353027
2022-03-18 10:08:00.000000000,1647569280000000000,3678,3682,3675,3679,1300,353027,353255
2022-03-18 10:09:00.000000000,1647569340000000000,3679,3683,3679,3682,822,353255,353412
2022-03-18 10:10:00.000000000,1647569400000000000,3682,3688,3681,3688,1400,353412,353617
2022-03-18 10:11:00.000000000,1647569460000000000,3688,3688,3684,3684,689,353617,353668
2022-03-18 10:12:00.000000000,1647569520000000000,3684,3691,3682,3691,1116,353668,353617
2022-03-18 10:13:00.000000000,1647569580000000000,3691,3691,3685,3685,939,353617,353577
2022-03-18 10:14:00.000000000,1647569640000000000,3685,3687,3682,3684,994,353577,353497
2022-03-18 10:30:00.000000000,1647570600000000000,3692,3693,3685,3690,1956,353497,353481
2022-03-18 10:31:00.000000000,1647570660000000000,3690,3695,3688,3694,1495,353481,353420
2022-03-18 10:32:00.000000000,1647570720000000000,3694,3697,3693,3697,826,353420,353612
2022-03-18 10:33:00.000000000,1647570780000000000,3697,3702,3697,3702,1442,353612,353684
2022-03-18 10:34:00.000000000,1647570840000000000,3702,3710,3700,3706,1676,353684,353728
2022-03-18 10:35:00.000000000,1647570900000000000,3706,3711,3705,3708,1883,353728,353922
2022-03-18 10:36:00.000000000,1647570960000000000,3708,3709,3704,3705,1130,353922,353967
2022-03-18 10:37:00.000000000,1647571020000000000,3705,3708,3703,3706,913,353967,353918
2022-03-18 10:38:00.000000000,1647571080000000000,3706,3707,3702,3704,1580,353918,353653
2022-03-18 10:39:00.000000000,1647571140000000000,3704,3714,3704,3710,1568,353653,353804
2022-03-18 10:40:00.000000000,1647571200000000000,3710,3710,3706,3708,954,353804,354008
2022-03-18 10:41:00.000000000,1647571260000000000,3708,3711,3704,3710,1250,354008,354186
2022-03-18 10:42:00.000000000,1647571320000000000,3710,3711,3707,3709,946,354186,354130
2022-03-18 10:43:00.000000000,1647571380000000000,3709,3711,3706,3707,664,354130,354188
2022-03-18 10:44:00.000000000,1647571440000000000,3707,3709,3706,3706,412,354188,354170
2022-03-18 10:45:00.000000000,1647571500000000000,3706,3706,3701,3703,1403,354170,354023
2022-03-18 10:46:00.000000000,1647571560000000000,3703,3712,3703,3712,1480,354023,353730
2022-03-18 10:47:00.000000000,1647571620000000000,3712,3714,3706,3707,1164,353730,353790
2022-03-18 10:48:00.000000000,1647571680000000000,3707,3711,3706,3710,542,353790,353731
2022-03-18 10:49:00.000000000,1647571740000000000,3710,3710,3703,3705,763,353731,353638
2022-03-18 10:50:00.000000000,1647571800000000000,3705,3709,3701,3701,727,353638,353638
2022-03-18 10:51:00.000000000,1647571860000000000,3701,3702,3696,3698,1080,353638,353563
2022-03-18 10:52:00.000000000,1647571920000000000,3698,3703,3698,3701,487,353563,353514
2022-03-18 10:53:00.000000000,1647571980000000000,3701,3702,3694,3694,834,353514,353412
2022-03-18 10:54:00.000000000,1647572040000000000,3694,3696,3692,3696,722,353412,353420
2022-03-18 10:55:00.000000000,1647572100000000000,3696,3697,3693,3693,518,353420,353389
2022-03-18 10:56:00.000000000,1647572160000000000,3693,3695,3693,3695,564,353389,353281
2022-03-18 10:57:00.000000000,1647572220000000000,3695,3697,3693,3696,598,353281,353286
2022-03-18 10:58:00.000000000,1647572280000000000,3696,3696,3693,3694,525,353286,353374
2022-03-18 10:59:00.000000000,1647572340000000000,3694,3696,3692,3692,881,353374,353527
2022-03-18 11:00:00.000000000,1647572400000000000,3692,3692,3687,3691,1547,353527,353314
2022-03-18 11:01:00.000000000,1647572460000000000,3691,3699,3690,3699,1022,353314,353287
2022-03-18 11:02:00.000000000,1647572520000000000,3699,3702,3695,3698,1508,353287,353292
2022-03-18 11:03:00.000000000,1647572580000000000,3698,3701,3695,3696,676,353292,353294
2022-03-18 11:04:00.000000000,1647572640000000000,3696,3698,3691,3691,552,353294,353289
2022-03-18 11:05:00.000000000,1647572700000000000,3691,3695,3691,3691,440,353289,353299
2022-03-18 11:06:00.000000000,1647572760000000000,3691,3694,3690,3692,402,353299,353168
2022-03-18 11:07:00.000000000,1647572820000000000,3692,3692,3689,3689,480,353168,353192
2022-03-18 11:08:00.000000000,1647572880000000000,3689,3691,3689,3689,518,353192,353180
2022-03-18 11:09:00.000000000,1647572940000000000,3689,3692,3685,3691,891,353180,353302
2022-03-18 11:10:00.000000000,1647573000000000000,3691,3698,3691,3696,1175,353302,353491
2022-03-18 11:11:00.000000000,1647573060000000000,3696,3698,3693,3697,649,353491,353539
2022-03-18 11:12:00.000000000,1647573120000000000,3697,3698,3694,3694,578,353539,353490
2022-03-18 11:13:00.000000000,1647573180000000000,3694,3695,3690,3693,641,353490,353499
2022-03-18 11:14:00.000000000,1647573240000000000,3693,3694,3691,3692,254,353499,353512
2022-03-18 11:15:00.000000000,1647573300000000000,3692,3695,3692,3694,401,353512,353561
2022-03-18 11:16:00.000000000,1647573360000000000,3694,3694,3690,3694,331,353561,353571
2022-03-18 11:17:00.000000000,1647573420000000000,3694,3697,3692,3695,342,353571,353575
2022-03-18 11:18:00.000000000,1647573480000000000,3695,3697,3694,3696,436,353575,353513
2022-03-18 11:19:00.000000000,1647573540000000000,3696,3697,3692,3694,480,353513,353652
2022-03-18 11:20:00.000000000,1647573600000000000,3694,3695,3690,3690,649,353652,353662
2022-03-18 11:21:00.000000000,1647573660000000000,3690,3694,3689,3693,474,353662,353565
2022-03-18 11:22:00.000000000,1647573720000000000,3693,3694,3692,3694,335,353565,353609
2022-03-18 11:23:00.000000000,1647573780000000000,3694,3695,3692,3693,127,353609,353606
2022-03-18 11:24:00.000000000,1647573840000000000,3693,3700,3693,3699,702,353606,353425
2022-03-18 11:25:00.000000000,1647573900000000000,3699,3700,3698,3700,600,353425,353397
2022-03-18 11:26:00.000000000,1647573960000000000,3700,3706,3699,3705,1113,353397,353202
2022-03-18 11:27:00.000000000,1647574020000000000,3705,3705,3699,3699,729,353202,353152
2022-03-18 11:28:00.000000000,1647574080000000000,3699,3700,3695,3696,1126,353152,352740
2022-03-18 11:29:00.000000000,1647574140000000000,3696,3698,3692,3697,1153,352740,352357
2022-03-18 13:30:00.000000000,1647581400000000000,3690,3692,3678,3681,4206,352357,352056
2022-03-18 13:31:00.000000000,1647581460000000000,3681,3688,3681,3684,1696,352056,352145
2022-03-18 13:32:00.000000000,1647581520000000000,3684,3692,3684,3690,2477,352145,352830
2022-03-18 13:33:00.000000000,1647581580000000000,3690,3692,3689,3692,633,352830,352799
2022-03-18 13:34:00.000000000,1647581640000000000,3692,3696,3689,3696,991,352799,352781
2022-03-18 13:35:00.000000000,1647581700000000000,3696,3702,3693,3700,1587,352781,352619
2022-03-18 13:36:00.000000000,1647581760000000000,3700,3700,3692,3693,882,352619,352471
2022-03-18 13:37:00.000000000,1647581820000000000,3693,3695,3690,3695,827,352471,352499
2022-03-18 13:38:00.000000000,1647581880000000000,3695,3695,3691,3691,547,352499,352605
2022-03-18 13:39:00.000000000,1647581940000000000,3691,3691,3688,3690,663,352605,352665
2022-03-18 13:40:00.000000000,1647582000000000000,3690,3691,3687,3690,680,352665,352654
2022-03-18 13:41:00.000000000,1647582060000000000,3690,3696,3690,3696,1155,352654,352433
2022-03-18 13:42:00.000000000,1647582120000000000,3696,3698,3695,3698,527,352433,352366
2022-03-18 13:43:00.000000000,1647582180000000000,3698,3698,3694,3694,326,352366,352437
2022-03-18 13:44:00.000000000,1647582240000000000,3694,3700,3694,3697,1056,352437,352700
2022-03-18 13:45:00.000000000,1647582300000000000,3697,3700,3696,3697,517,352700,352658
2022-03-18 13:46:00.000000000,1647582360000000000,3697,3699,3695,3697,352,352658,352688
2022-03-18 13:47:00.000000000,1647582420000000000,3697,3699,3697,3699,348,352688,352675
2022-03-18 13:48:00.000000000,1647582480000000000,3699,3699,3694,3694,541,352675,352715
2022-03-18 13:49:00.000000000,1647582540000000000,3694,3697,3693,3695,462,352715,352619
2022-03-18 13:50:00.000000000,1647582600000000000,3695,3699,3693,3697,414,352619,352568
2022-03-18 13:51:00.000000000,1647582660000000000,3697,3698,3694,3696,330,352568,352588
2022-03-18 13:52:00.000000000,1647582720000000000,3696,3698,3695,3695,355,352588,352531
2022-03-18 13:53:00.000000000,1647582780000000000,3695,3697,3693,3696,548,352531,352417
2022-03-18 13:54:00.000000000,1647582840000000000,3696,3698,3695,3698,318,352417,352478
2022-03-18 13:55:00.000000000,1647582900000000000,3698,3702,3697,3702,1259,352478,352810
2022-03-18 13:56:00.000000000,1647582960000000000,3702,3703,3699,3701,786,352810,352914
2022-03-18 13:57:00.000000000,1647583020000000000,3701,3703,3699,3701,406,352914,352975
2022-03-18 13:58:00.000000000,1647583080000000000,3701,3702,3698,3699,710,352975,352996
2022-03-18 13:59:00.000000000,1647583140000000000,3699,3705,3698,3705,1405,352996,353303
2022-03-18 14:00:00.000000000,1647583200000000000,3705,3722,3705,3721,4933,353303,354236
2022-03-18 14:01:00.000000000,1647583260000000000,3721,3733,3720,3726,5392,354236,355119
2022-03-18 14:02:00.000000000,1647583320000000000,3726,3738,3725,3735,3819,355119,355720
2022-03-18 14:03:00.000000000,1647583380000000000,3735,3736,3725,3725,2622,355720,355679
2022-03-18 14:04:00.000000000,1647583440000000000,3725,3726,3721,3722,1328,355679,355644
2022-03-18 14:05:00.000000000,1647583500000000000,3722,3727,3722,3724,1797,355644,355803
2022-03-18 14:06:00.000000000,1647583560000000000,3724,3736,3724,3734,2515,355803,355810
2022-03-18 14:07:00.000000000,1647583620000000000,3734,3739,3732,3733,2009,355810,355998
2022-03-18 14:08:00.000000000,1647583680000000000,3733,3733,3728,3732,1514,355998,355847
2022-03-18 14:09:00.000000000,1647583740000000000,3732,3738,3731,3737,1254,355847,355970
2022-03-18 14:10:00.000000000,1647583800000000000,3737,3745,3736,3741,3626,355970,356238
2022-03-18 14:11:00.000000000,1647583860000000000,3741,3745,3738,3741,2155,356238,356191
2022-03-18 14:12:00.000000000,1647583920000000000,3741,3743,3739,3741,1337,356191,356020
2022-03-18 14:13:00.000000000,1647583980000000000,3741,3742,3739,3739,1163,356020,356211
2022-03-18 14:14:00.000000000,1647584040000000000,3739,3740,3732,3734,1619,356211,355843
2022-03-18 14:15:00.000000000,1647584100000000000,3734,3736,3729,3732,1570,355843,355683
2022-03-18 14:16:00.000000000,1647584160000000000,3732,3732,3726,3730,1515,355683,355621
2022-03-18 14:17:00.000000000,1647584220000000000,3730,3735,3730,3732,842,355621,355637
2022-03-18 14:18:00.000000000,1647584280000000000,3732,3733,3727,3728,779,355637,355457
2022-03-18 14:19:00.000000000,1647584340000000000,3728,3731,3727,3729,723,355457,355378
2022-03-18 14:20:00.000000000,1647584400000000000,3729,3731,3729,3730,715,355378,355423
2022-03-18 14:21:00.000000000,1647584460000000000,3730,3735,3730,3735,928,355423,355508
2022-03-18 14:22:00.000000000,1647584520000000000,3735,3739,3735,3736,1192,355508,355625
2022-03-18 14:23:00.000000000,1647584580000000000,3736,3739,3735,3736,754,355625,355607
2022-03-18 14:24:00.000000000,1647584640000000000,3736,3737,3730,3731,1171,355607,355310
2022-03-18 14:25:00.000000000,1647584700000000000,3731,3735,3730,3734,508,355310,355358
2022-03-18 14:26:00.000000000,1647584760000000000,3734,3735,3732,3734,316,355358,355421
2022-03-18 14:27:00.000000000,1647584820000000000,3734,3738,3733,3736,1292,355421,355492
2022-03-18 14:28:00.000000000,1647584880000000000,3736,3738,3732,3735,1068,355492,355660
2022-03-18 14:29:00.000000000,1647584940000000000,3735,3736,3733,3734,503,355660,355584
2022-03-18 14:30:00.000000000,1647585000000000000,3734,3736,3730,3733,1293,355584,355312
2022-03-18 14:31:00.000000000,1647585060000000000,3733,3734,3721,3725,2949,355312,354493
2022-03-18 14:32:00.000000000,1647585120000000000,3725,3728,3724,3727,1229,354493,354304
2022-03-18 14:33:00.000000000,1647585180000000000,3727,3727,3712,3713,3156,354304,353316
2022-03-18 14:34:00.000000000,1647585240000000000,3713,3715,3708,3713,2975,353316,352605
2022-03-18 14:35:00.000000000,1647585300000000000,3713,3715,3708,3714,2400,352605,352308
2022-03-18 14:36:00.000000000,1647585360000000000,3714,3718,3707,3717,2153,352308,352012
2022-03-18 14:37:00.000000000,1647585420000000000,3717,3717,3714,3715,1335,352012,351914
2022-03-18 14:38:00.000000000,1647585480000000000,3715,3717,3708,3715,1818,351914,351832
2022-03-18 14:39:00.000000000,1647585540000000000,3715,3717,3713,3716,904,351832,351780
2022-03-18 14:40:00.000000000,1647585600000000000,3716,3722,3715,3720,1599,351780,351610
2022-03-18 14:41:00.000000000,1647585660000000000,3720,3720,3710,3713,1701,351610,351122
2022-03-18 14:42:00.000000000,1647585720000000000,3713,3713,3708,3712,1425,351122,350982
2022-03-18 14:43:00.000000000,1647585780000000000,3712,3715,3709,3711,1005,350982,350871
2022-03-18 14:44:00.000000000,1647585840000000000,3711,3714,3710,3711,766,350871,350745
2022-03-18 14:45:00.000000000,1647585900000000000,3711,3713,3710,3713,444,350745,350782
2022-03-18 14:46:00.000000000,1647585960000000000,3713,3717,3713,3716,854,350782,350760
2022-03-18 14:47:00.000000000,1647586020000000000,3716,3716,3713,3714,1245,350760,350569
2022-03-18 14:48:00.000000000,1647586080000000000,3714,3715,3710,3710,1030,350569,350406
2022-03-18 14:49:00.000000000,1647586140000000000,3710,3711,3704,3710,2833,350406,349852
2022-03-18 14:50:00.000000000,1647586200000000000,3710,3710,3698,3700,3175,349852,349389
2022-03-18 14:51:00.000000000,1647586260000000000,3700,3705,3700,3701,1955,349389,349169
2022-03-18 14:52:00.000000000,1647586320000000000,3701,3704,3697,3700,1924,349169,349240
2022-03-18 14:53:00.000000000,1647586380000000000,3700,3706,3698,3703,1259,349240,349002
2022-03-18 14:54:00.000000000,1647586440000000000,3703,3706,3701,3704,1226,349002,348868
2022-03-18 14:55:00.000000000,1647586500000000000,3704,3708,3702,3708,1882,348868,349074
2022-03-18 14:56:00.000000000,1647586560000000000,3708,3709,3706,3706,1158,349074,349003
2022-03-18 14:57:00.000000000,1647586620000000000,3706,3708,3698,3700,2022,349003,348757
2022-03-18 14:58:00.000000000,1647586680000000000,3700,3704,3698,3699,2322,348757,348189
2022-03-18 14:59:00.000000000,1647586740000000000,3699,3699,3690,3693,3329,348189,347664
2022-03-18 21:00:00.000000000,1647608400000000000,3642,3648,3620,3637,13225,347664,346813
2022-03-18 21:01:00.000000000,1647608460000000000,3637,3640,3632,3636,5458,346813,346880
2022-03-18 21:02:00.000000000,1647608520000000000,3636,3650,3633,3649,4739,346880,347377
2022-03-18 21:03:00.000000000,1647608580000000000,3649,3650,3636,3638,3410,347377,348069
2022-03-18 21:04:00.000000000,1647608640000000000,3638,3644,3638,3642,2258,348069,348174
2022-03-18 21:05:00.000000000,1647608700000000000,3642,3642,3625,3627,5004,348174,348467
2022-03-18 21:06:00.000000000,1647608760000000000,3627,3635,3625,3634,4206,348467,349084
2022-03-18 21:07:00.000000000,1647608820000000000,3634,3639,3630,3633,3348,349084,349341
2022-03-18 21:08:00.000000000,1647608880000000000,3633,3634,3628,3630,2351,349341,349258
2022-03-18 21:09:00.000000000,1647608940000000000,3630,3637,3629,3630,2012,349258,349459
2022-03-18 21:10:00.000000000,1647609000000000000,3630,3630,3615,3615,5051,349459,349115
2022-03-18 21:11:00.000000000,1647609060000000000,3615,3616,3608,3614,4280,349115,348908
2022-03-18 21:12:00.000000000,1647609120000000000,3614,3622,3613,3621,2543,348908,349250
2022-03-18 21:13:00.000000000,1647609180000000000,3621,3621,3613,3615,1972,349250,349629
2022-03-18 21:14:00.000000000,1647609240000000000,3615,3615,3608,3611,2908,349629,349623
2022-03-18 21:15:00.000000000,1647609300000000000,3611,3617,3610,3610,2131,349623,349889
2022-03-18 21:16:00.000000000,1647609360000000000,3610,3616,3609,3614,1301,349889,349949
2022-03-18 21:17:00.000000000,1647609420000000000,3614,3619,3614,3616,1801,349949,350007
2022-03-18 21:18:00.000000000,1647609480000000000,3616,3627,3616,3620,2613,350007,350020
2022-03-18 21:19:00.000000000,1647609540000000000,3620,3620,3612,3616,1650,350020,350180
2022-03-18 21:20:00.000000000,1647609600000000000,3616,3626,3614,3626,2292,350180,349975
2022-03-18 21:21:00.000000000,1647609660000000000,3626,3628,3622,3623,1973,349975,350308
2022-03-18 21:22:00.000000000,1647609720000000000,3623,3634,3622,3632,2699,350308,350090
2022-03-18 21:23:00.000000000,1647609780000000000,3632,3641,3631,3638,3355,350090,350408
2022-03-18 21:24:00.000000000,1647609840000000000,3638,3638,3629,3635,2095,350408,350583
2022-03-18 21:25:00.000000000,1647609900000000000,3635,3638,3633,3635,1545,350583,350744
2022-03-18 21:26:00.000000000,1647609960000000000,3635,3636,3631,3633,1897,350744,350783
2022-03-18 21:27:00.000000000,1647610020000000000,3633,3638,3633,3637,1594,350783,351006
2022-03-18 21:28:00.000000000,1647610080000000000,3637,3641,3635,3640,1736,351006,351065
2022-03-18 21:29:00.000000000,1647610140000000000,3640,3640,3634,3635,1293,351065,350813
2022-03-18 21:30:00.000000000,1647610200000000000,3635,3642,3633,3639,1972,350813,350757
2022-03-18 21:31:00.000000000,1647610260000000000,3639,3640,3632,3633,1338,350757,350673
2022-03-18 21:32:00.000000000,1647610320000000000,3633,3634,3626,3633,1689,350673,350783
2022-03-18 21:33:00.000000000,1647610380000000000,3633,3638,3631,3637,1886,350783,351122
2022-03-18 21:34:00.000000000,1647610440000000000,3637,3648,3637,3645,3082,351122,351349
2022-03-18 21:35:00.000000000,1647610500000000000,3645,3645,3637,3637,1388,351349,351559
2022-03-18 21:36:00.000000000,1647610560000000000,3637,3644,3637,3641,1563,351559,351807
2022-03-18 21:37:00.000000000,1647610620000000000,3641,3643,3639,3639,915,351807,351721
2022-03-18 21:38:00.000000000,1647610680000000000,3639,3644,3639,3642,1006,351721,351855
2022-03-18 21:39:00.000000000,1647610740000000000,3642,3648,3641,3645,1626,351855,351814
2022-03-18 21:40:00.000000000,1647610800000000000,3645,3646,3640,3643,860,351814,351773
2022-03-18 21:41:00.000000000,1647610860000000000,3643,3643,3637,3639,1292,351773,351668
2022-03-18 21:42:00.000000000,1647610920000000000,3639,3643,3637,3643,1117,351668,351823
2022-03-18 21:43:00.000000000,1647610980000000000,3643,3646,3640,3643,1061,351823,351910
2022-03-18 21:44:00.000000000,1647611040000000000,3643,3647,3643,3645,937,351910,351823
2022-03-18 21:45:00.000000000,1647611100000000000,3645,3646,3639,3639,1407,351823,351778
2022-03-18 21:46:00.000000000,1647611160000000000,3639,3640,3636,3640,1398,351778,351716
2022-03-18 21:47:00.000000000,1647611220000000000,3640,3641,3633,3634,1710,351716,351813
2022-03-18 21:48:00.000000000,1647611280000000000,3634,3638,3632,3637,1595,351813,351584
2022-03-18 21:49:00.000000000,1647611340000000000,3637,3637,3631,3631,1290,351584,351425
2022-03-18 21:50:00.000000000,1647611400000000000,3631,3635,3628,3628,2051,351425,351591
2022-03-18 21:51:00.000000000,1647611460000000000,3628,3634,3626,3626,2465,351591,351231
2022-03-18 21:52:00.000000000,1647611520000000000,3626,3633,3626,3630,1312,351231,351463
2022-03-18 21:53:00.000000000,1647611580000000000,3630,3632,3626,3627,1341,351463,351599
2022-03-18 21:54:00.000000000,1647611640000000000,3627,3632,3624,3630,1399,351599,351547
2022-03-18 21:55:00.000000000,1647611700000000000,3630,3632,3622,3624,1756,351547,351515
2022-03-18 21:56:00.000000000,1647611760000000000,3624,3624,3617,3623,2222,351515,351495
2022-03-18 21:57:00.000000000,1647611820000000000,3623,3626,3620,3620,1796,351495,351890
2022-03-18 21:58:00.000000000,1647611880000000000,3620,3623,3618,3620,1196,351890,351971
2022-03-18 21:59:00.000000000,1647611940000000000,3620,3622,3617,3617,1370,351971,351933
2022-03-18 22:00:00.000000000,1647612000000000000,3617,3624,3616,3624,2054,351933,351838
2022-03-18 22:01:00.000000000,1647612060000000000,3624,3624,3618,3622,1506,351838,351800
2022-03-18 22:02:00.000000000,1647612120000000000,3622,3626,3621,3624,1309,351800,351759
2022-03-18 22:03:00.000000000,1647612180000000000,3624,3628,3622,3625,1835,351759,351731
2022-03-18 22:04:00.000000000,1647612240000000000,3625,3625,3618,3623,1663,351731,351623
2022-03-18 22:05:00.000000000,1647612300000000000,3623,3625,3620,3625,896,351623,351649
2022-03-18 22:06:00.000000000,1647612360000000000,3625,3625,3618,3621,1489,351649,351753
2022-03-18 22:07:00.000000000,1647612420000000000,3621,3632,3620,3630,1697,351753,351696
2022-03-18 22:08:00.000000000,1647612480000000000,3630,3631,3627,3627,908,351696,351726
2022-03-18 22:09:00.000000000,1647612540000000000,3627,3629,3624,3624,1666,351726,351922
2022-03-18 22:10:00.000000000,1647612600000000000,3624,3629,3622,3628,1140,351922,351934
2022-03-18 22:11:00.000000000,1647612660000000000,3628,3628,3620,3622,1044,351934,351964
2022-03-18 22:12:00.000000000,1647612720000000000,3622,3628,3621,3623,927,351964,351850
2022-03-18 22:13:00.000000000,1647612780000000000,3623,3629,3622,3626,863,351850,351853
2022-03-18 22:14:00.000000000,1647612840000000000,3626,3629,3624,3627,531,351853,351923
2022-03-18 22:15:00.000000000,1647612900000000000,3627,3628,3625,3627,514,351923,351802
2022-03-18 22:16:00.000000000,1647612960000000000,3627,3636,3627,3633,1381,351802,351515
2022-03-18 22:17:00.000000000,1647613020000000000,3633,3634,3630,3631,688,351515,351474
2022-03-18 22:18:00.000000000,1647613080000000000,3631,3635,3628,3629,1124,351474,351278
2022-03-18 22:19:00.000000000,1647613140000000000,3629,3630,3627,3628,474,351278,351331
2022-03-18 22:20:00.000000000,1647613200000000000,3628,3632,3626,3629,610,351331,351391
2022-03-18 22:21:00.000000000,1647613260000000000,3629,3630,3627,3627,431,351391,351382
2022-03-18 22:22:00.000000000,1647613320000000000,3627,3628,3623,3624,913,351382,351277
2022-03-18 22:23:00.000000000,1647613380000000000,3624,3629,3623,3629,526,351277,351292
2022-03-18 22:24:00.000000000,1647613440000000000,3629,3630,3625,3630,527,351292,351275
2022-03-18 22:25:00.000000000,1647613500000000000,3630,3632,3628,3631,544,351275,351281
2022-03-18 22:26:00.000000000,1647613560000000000,3631,3634,3630,3632,638,351281,351368
2022-03-18 22:27:00.000000000,1647613620000000000,3632,3635,3632,3633,1076,351368,351626
2022-03-18 22:28:00.000000000,1647613680000000000,3633,3634,3631,3631,377,351626,351610
2022-03-18 22:29:00.000000000,1647613740000000000,3631,3635,3631,3633,779,351610,351672
2022-03-18 22:30:00.000000000,1647613800000000000,3633,3634,3629,3630,968,351672,351547
2022-03-18 22:31:00.000000000,1647613860000000000,3630,3631,3625,3625,947,351547,351327
2022-03-18 22:32:00.000000000,1647613920000000000,3625,3628,3624,3626,1044,351327,350886
2022-03-18 22:33:00.000000000,1647613980000000000,3626,3629,3623,3628,1165,350886,350847
2022-03-18 22:34:00.000000000,1647614040000000000,3628,3631,3626,3626,677,350847,350874
2022-03-18 22:35:00.000000000,1647614100000000000,3626,3628,3623,3624,575,350874,350883
2022-03-18 22:36:00.000000000,1647614160000000000,3624,3628,3624,3627,447,350883,350782
2022-03-18 22:37:00.000000000,1647614220000000000,3627,3628,3624,3628,463,350782,350732
2022-03-18 22:38:00.000000000,1647614280000000000,3628,3630,3626,3628,658,350732,350617
2022-03-18 22:39:00.000000000,1647614340000000000,3628,3631,3625,3631,706,350617,350679
2022-03-18 22:40:00.000000000,1647614400000000000,3631,3634,3629,3633,695,350679,350569
2022-03-18 22:41:00.000000000,1647614460000000000,3633,3633,3629,3629,543,350569,350547
2022-03-18 22:42:00.000000000,1647614520000000000,3629,3630,3627,3628,458,350547,350376
2022-03-18 22:43:00.000000000,1647614580000000000,3628,3631,3627,3630,480,350376,350340
2022-03-18 22:44:00.000000000,1647614640000000000,3630,3632,3627,3628,438,350340,350311
2022-03-18 22:45:00.000000000,1647614700000000000,3628,3629,3625,3626,754,350311,350290
2022-03-18 22:46:00.000000000,1647614760000000000,3626,3629,3625,3627,610,350290,350229
2022-03-18 22:47:00.000000000,1647614820000000000,3627,3630,3626,3629,558,350229,350027
2022-03-18 22:48:00.000000000,1647614880000000000,3629,3631,3627,3629,520,350027,349864
2022-03-18 22:49:00.000000000,1647614940000000000,3629,3634,3628,3632,871,349864,349747
2022-03-18 22:50:00.000000000,1647615000000000000,3632,3634,3630,3633,631,349747,349510
2022-03-18 22:51:00.000000000,1647615060000000000,3633,3635,3632,3634,817,349510,349325
2022-03-18 22:52:00.000000000,1647615120000000000,3634,3639,3632,3635,1561,349325,349276
2022-03-18 22:53:00.000000000,1647615180000000000,3635,3636,3632,3633,389,349276,349200
2022-03-18 22:54:00.000000000,1647615240000000000,3633,3635,3632,3635,514,349200,349129
2022-03-18 22:55:00.000000000,1647615300000000000,3635,3637,3631,3632,923,349129,348852
2022-03-18 22:56:00.000000000,1647615360000000000,3632,3633,3630,3631,660,348852,348659
2022-03-18 22:57:00.000000000,1647615420000000000,3631,3635,3631,3634,634,348659,348380
2022-03-18 22:58:00.000000000,1647615480000000000,3634,3635,3632,3634,920,348380,348132
2022-03-18 22:59:00.000000000,1647615540000000000,3634,3639,3633,3639,2339,348132,347395
2022-03-21 09:00:00.000000000,1647824400000000000,3701,3735,3700,3711,11942,347395,346977
2022-03-21 09:01:00.000000000,1647824460000000000,3711,3724,3709,3724,6603,346977,347245
2022-03-21 09:02:00.000000000,1647824520000000000,3724,3724,3704,3709,5308,347245,347374
2022-03-21 09:03:00.000000000,1647824580000000000,3709,3711,3696,3696,4200,347374,347701
2022-03-21 09:04:00.000000000,1647824640000000000,3696,3699,3686,3693,3504,347701,347668
2022-03-21 09:05:00.000000000,1647824700000000000,3693,3704,3692,3702,3779,347668,347806
2022-03-21 09:06:00.000000000,1647824760000000000,3702,3707,3698,3706,2642,347806,347899
2022-03-21 09:07:00.000000000,1647824820000000000,3706,3708,3700,3708,1851,347899,347867
2022-03-21 09:08:00.000000000,1647824880000000000,3708,3709,3699,3701,1870,347867,347826
2022-03-21 09:09:00.000000000,1647824940000000000,3701,3708,3700,3706,2010,347826,348109
2022-03-21 09:10:00.000000000,1647825000000000000,3706,3715,3706,3715,2237,348109,348227
2022-03-21 09:11:00.000000000,1647825060000000000,3715,3719,3710,3718,3043,348227,348955
2022-03-21 09:12:00.000000000,1647825120000000000,3718,3724,3715,3717,3261,348955,349273
2022-03-21 09:13:00.000000000,1647825180000000000,3717,3721,3717,3719,1311,349273,349481
2022-03-21 09:14:00.000000000,1647825240000000000,3719,3719,3710,3712,1588,349481,349889
2022-03-21 09:15:00.000000000,1647825300000000000,3712,3713,3707,3710,1560,349889,349857
2022-03-21 09:16:00.000000000,1647825360000000000,3710,3719,3709,3715,1267,349857,350027
2022-03-21 09:17:00.000000000,1647825420000000000,3715,3719,3714,3717,1231,350027,350208
2022-03-21 09:18:00.000000000,1647825480000000000,3717,3724,3717,3722,1900,350208,350111
2022-03-21 09:19:00.000000000,1647825540000000000,3722,3723,3717,3723,1676,350111,350343
2022-03-21 09:20:00.000000000,1647825600000000000,3723,3729,3722,3728,2091,350343,350909
2022-03-21 09:21:00.000000000,1647825660000000000,3728,3729,3722,3727,2710,350909,351032
2022-03-21 09:22:00.000000000,1647825720000000000,3727,3729,3723,3727,912,351032,351171
2022-03-21 09:23:00.000000000,1647825780000000000,3727,3729,3723,3728,1634,351171,351226
2022-03-21 09:24:00.000000000,1647825840000000000,3728,3728,3725,3725,826,351226,351389
2022-03-21 09:25:00.000000000,1647825900000000000,3725,3726,3719,3720,1210,351389,351256
2022-03-21 09:26:00.000000000,1647825960000000000,3720,3720,3715,3717,1096,351256,350972
2022-03-21 09:27:00.000000000,1647826020000000000,3717,3718,3715,3716,740,350972,351132
2022-03-21 09:28:00.000000000,1647826080000000000,3716,3722,3716,3722,863,351132,351092
2022-03-21 09:29:00.000000000,1647826140000000000,3722,3725,3721,3723,530,351092,351090
2022-03-21 09:30:00.000000000,1647826200000000000,3723,3725,3713,3713,1615,351090,350930
2022-03-21 09:31:00.000000000,1647826260000000000,3713,3721,3713,3719,749,350930,350949
2022-03-21 09:32:00.000000000,1647826320000000000,3719,3720,3713,3720,981,350949,351094
2022-03-21 09:33:00.000000000,1647826380000000000,3720,3721,3716,3721,571,351094,351019
2022-03-21 09:34:00.000000000,1647826440000000000,3721,3722,3719,3720,453,351019,351087
2022-03-21 09:35:00.000000000,1647826500000000000,3720,3725,3720,3720,719,351087,351118
2022-03-21 09:36:00.000000000,1647826560000000000,3720,3721,3716,3718,523,351118,351120
2022-03-21 09:37:00.000000000,1647826620000000000,3718,3722,3717,3719,545,351120,351014
2022-03-21 09:38:00.000000000,1647826680000000000,3719,3719,3714,3716,884,351014,350962
2022-03-21 09:39:00.000000000,1647826740000000000,3716,3719,3714,3718,606,350962,350914
2022-03-21 09:40:00.000000000,1647826800000000000,3718,3719,3710,3712,1232,350914,350833
2022-03-21 09:41:00.000000000,1647826860000000000,3712,3715,3710,3714,656,350833,350790
2022-03-21 09:42:00.000000000,1647826920000000000,3714,3716,3710,3711,740,350790,350762
2022-03-21 09:43:00.000000000,1647826980000000000,3711,3712,3709,3711,987,350762,350489
2022-03-21 09:44:00.000000000,1647827040000000000,3711,3711,3703,3703,2887,350489,350726
2022-03-21 09:45:00.000000000,1647827100000000000,3703,3705,3701,3705,1823,350726,350770
2022-03-21 09:46:00.000000000,1647827160000000000,3705,3705,3696,3696,1536,350770,350761
2022-03-21 09:47:00.000000000,1647827220000000000,3696,3704,3696,3703,1753,350761,350589
2022-03-21 09:48:00.000000000,1647827280000000000,3703,3704,3697,3698,1324,350589,350583
2022-03-21 09:49:00.000000000,1647827340000000000,3698,3703,3697,3703,889,350583,350617
2022-03-21 09:50:00.000000000,1647827400000000000,3703,3704,3697,3698,1435,350617,350864
2022-03-21 09:51:00.000000000,1647827460000000000,3698,3702,3696,3700,862,350864,351053
2022-03-21 09:52:00.000000000,1647827520000000000,3700,3700,3698,3699,635,351053,350972
2022-03-21 09:53:00.000000000,1647827580000000000,3699,3703,3698,3702,684,350972,351089
2022-03-21 09:54:00.000000000,1647827640000000000,3702,3702,3698,3699,570,351089,351130
2022-03-21 09:55:00.000000000,1647827700000000000,3699,3704,3699,3703,866,351130,350977
2022-03-21 09:56:00.000000000,1647827760000000000,3703,3703,3691,3694,1901,350977,351165
2022-03-21 09:57:00.000000000,1647827820000000000,3694,3697,3689,3693,2092,351165,351458
2022-03-21 09:58:00.000000000,1647827880000000000,3693,3698,3693,3697,1264,351458,351470
2022-03-21 09:59:00.000000000,1647827940000000000,3697,3698,3692,3695,1446,351470,351433
2022-03-21 10:00:00.000000000,1647828000000000000,3695,3698,3690,3695,1921,351433,351317
2022-03-21 10:01:00.000000000,1647828060000000000,3695,3699,3693,3699,1124,351317,351320
2022-03-21 10:02:00.000000000,1647828120000000000,3699,3703,3697,3702,1229,351320,351268
2022-03-21 10:03:00.000000000,1647828180000000000,3702,3702,3696,3697,811,351268,351234
2022-03-21 10:04:00.000000000,1647828240000000000,3697,3697,3693,3696,837,351234,351310
2022-03-21 10:05:00.000000000,1647828300000000000,3696,3701,3695,3699,1068,351310,351371
2022-03-21 10:06:00.000000000,1647828360000000000,3699,3699,3695,3698,615,351371,351409
2022-03-21 10:07:00.000000000,1647828420000000000,3698,3698,3692,3693,1158,351409,351521
2022-03-21 10:08:00.000000000,1647828480000000000,3693,3695,3691,3692,893,351521,351654
2022-03-21 10:09:00.000000000,1647828540000000000,3692,3696,3691,3696,718,351654,351798
2022-03-21 10:10:00.000000000,1647828600000000000,3696,3697,3691,3691,873,351798,351850
2022-03-21 10:11:00.000000000,1647828660000000000,3691,3693,3684,3685,2090,351850,352148
2022-03-21 10:12:00.000000000,1647828720000000000,3685,3689,3685,3686,1857,352148,352006
2022-03-21 10:13:00.000000000,1647828780000000000,3686,3688,3678,3680,2922,352006,352226
2022-03-21 10:14:00.000000000,1647828840000000000,3680,3681,3673,3673,1631,352226,351972
2022-03-21 10:30:00.000000000,1647829800000000000,3675,3687,3673,3687,2442,351972,351869
2022-03-21 10:31:00.000000000,1647829860000000000,3687,3689,3683,3689,1266,351869,351917
2022-03-21 10:32:00.000000000,1647829920000000000,3689,3689,3685,3689,831,351917,352068
2022-03-21 10:33:00.000000000,1647829980000000000,3689,3689,3680,3682,919,352068,352130
2022-03-21 10:34:00.000000000,1647830040000000000,3682,3686,3681,3685,750,352130,352094
2022-03-21 10:35:00.000000000,1647830100000000000,3685,3685,3680,3680,861,352094,351947
2022-03-21 10:36:00.000000000,1647830160000000000,3680,3681,3677,3678,916,351947,352128
2022-03-21 10:37:00.000000000,1647830220000000000,3678,3683,3677,3682,726,352128,352162
2022-03-21 10:38:00.000000000,1647830280000000000,3682,3683,3676,3676,760,352162,351973
2022-03-21 10:39:00.000000000,1647830340000000000,3676,3678,3673,3673,1849,351973,352060
2022-03-21 10:40:00.000000000,1647830400000000000,3673,3674,3664,3674,2588,352060,352726
2022-03-21 10:41:00.000000000,1647830460000000000,3674,3677,3673,3674,701,352726,352669
2022-03-21 10:42:00.000000000,1647830520000000000,3674,3677,3673,3674,771,352669,352713
2022-03-21 10:43:00.000000000,1647830580000000000,3674,3677,3673,3675,423,352713,352769
2022-03-21 10:44:00.000000000,1647830640000000000,3675,3676,3669,3675,1188,352769,352718
2022-03-21 10:45:00.000000000,1647830700000000000,3675,3676,3672,3673,713,352718,352815
2022-03-21 10:46:00.000000000,1647830760000000000,3673,3675,3669,3674,1238,352815,352956
2022-03-21 10:47:00.000000000,1647830820000000000,3674,3677,3672,3676,1172,352956,353000
2022-03-21 10:48:00.000000000,1647830880000000000,3676,3677,3673,3676,807,353000,353308
2022-03-21 10:49:00.000000000,1647830940000000000,3676,3676,3673,3674,654,353308,353609
2022-03-21 10:50:00.000000000,1647831000000000000,3674,3680,3673,3675,1401,353609,353784
2022-03-21 10:51:00.000000000,1647831060000000000,3675,3677,3671,3677,1514,353784,354152
2022-03-21 10:52:00.000000000,1647831120000000000,3677,3681,3676,3679,998,354152,354258
2022-03-21 10:53:00.000000000,1647831180000000000,3679,3683,3679,3680,893,354258,354505
2022-03-21 10:54:00.000000000,1647831240000000000,3680,3685,3679,3683,1262,354505,354665
2022-03-21 10:55:00.000000000,1647831300000000000,3683,3685,3682,3684,771,354665,354577
2022-03-21 10:56:00.000000000,1647831360000000000,3684,3694,3682,3691,1863,354577,354350
2022-03-21 10:57:00.000000000,1647831420000000000,3691,3695,3691,3694,2243,354350,354903
2022-03-21 10:58:00.000000000,1647831480000000000,3694,3697,3693,3696,1177,354903,354917
2022-03-21 10:59:00.000000000,1647831540000000000,3696,3696,3693,3695,1066,354917,355002
2022-03-21 11:00:00.000000000,1647831600000000000,3695,3697,3690,3696,1678,355002,354901
2022-03-21 11:01:00.000000000,1647831660000000000,3696,3696,3690,3691,819,354901,355086
2022-03-21 11:02:00.000000000,1647831720000000000,3691,3691,3688,3688,814,355086,355267
2022-03-21 11:03:00.000000000,1647831780000000000,3688,3690,3688,3688,398,355267,355239
2022-03-21 11:04:00.000000000,1647831840000000000,3688,3690,3688,3689,290,355239,355274
2022-03-21 11:05:00.000000000,1647831900000000000,3689,3691,3687,3688,646,355274,355338
2022-03-21 11:06:00.000000000,1647831960000000000,3688,3689,3686,3686,475,355338,355444
2022-03-21 11:07:00.000000000,1647832020000000000,3686,3688,3682,3685,834,355444,355570
2022-03-21 11:08:00.000000000,1647832080000000000,3685,3686,3682,3682,355,355570,355559
2022-03-21 11:09:00.000000000,1647832140000000000,3682,3687,3682,3686,542,355559,355701
2022-03-21 11:10:00.000000000,1647832200000000000,3686,3688,3684,3688,344,355701,355807
2022-03-21 11:11:00.000000000,1647832260000000000,3688,3690,3685,3687,776,355807,356070
2022-03-21 11:12:00.000000000,1647832320000000000,3687,3689,3687,3688,538,356070,356138
2022-03-21 11:13:00.000000000,1647832380000000000,3688,3689,3686,3687,412,356138,356195
2022-03-21 11:14:00.000000000,1647832440000000000,3687,3688,3683,3687,578,356195,356192
2022-03-21 11:15:00.000000000,1647832500000000000,3687,3687,3683,3683,699,356192,355941
2022-03-21 11:16:00.000000000,1647832560000000000,3683,3683,3678,3680,1355,355941,355604
2022-03-21 11:17:00.000000000,1647832620000000000,3680,3682,3679,3682,803,355604,355657
2022-03-21 11:18:00.000000000,1647832680000000000,3682,3685,3681,3681,810,355657,355851
2022-03-21 11:19:00.000000000,1647832740000000000,3681,3682,3678,3679,667,355851,355917
2022-03-21 11:20:00.000000000,1647832800000000000,3679,3680,3673,3673,1232,355917,356297
2022-03-21 11:21:00.000000000,1647832860000000000,3673,3675,3669,3671,1302,356297,356535
2022-03-21 11:22:00.000000000,1647832920000000000,3671,3673,3668,3669,837,356535,356626
2022-03-21 11:23:00.000000000,1647832980000000000,3669,3671,3668,3671,514,356626,356705
2022-03-21 11:24:00.000000000,1647833040000000000,3671,3671,3668,3669,705,356705,356837
2022-03-21 11:25:00.000000000,1647833100000000000,3669,3673,3669,3669,1081,356837,356876
2022-03-21 11:26:00.000000000,1647833160000000000,3669,3671,3662,3665,2010,356876,356679
2022-03-21 11:27:00.000000000,1647833220000000000,3665,3669,3663,3666,1643,356679,357253
2022-03-21 11:28:00.000000000,1647833280000000000,3666,3666,3660,3661,1880,357253,356933
2022-03-21 11:29:00.000000000,1647833340000000000,3661,3664,3661,3662,889,356933,356973
2022-03-21 13:30:00.000000000,1647840600000000000,3670,3679,3666,3679,3587,356973,356993
2022-03-21 13:31:00.000000000,1647840660000000000,3679,3680,3675,3680,1518,356993,357030
2022-03-21 13:32:00.000000000,1647840720000000000,3680,3681,3677,3679,937,357030,357252
2022-03-21 13:33:00.000000000,1647840780000000000,3679,3679,3677,3678,598,357252,357353
2022-03-21 13:34:00.000000000,1647840840000000000,3678,3680,3675,3677,840,357353,357481
2022-03-21 13:35:00.000000000,1647840900000000000,3677,3677,3674,3676,910,357481,357746
2022-03-21 13:36:00.000000000,1647840960000000000,3676,3677,3670,3671,834,357746,357850
2022-03-21 13:37:00.000000000,1647841020000000000,3671,3673,3670,3671,838,357850,358256
2022-03-21 13:38:00.000000000,1647841080000000000,3671,3671,3668,3669,539,358256,358413
2022-03-21 13:39:00.000000000,1647841140000000000,3669,3671,3668,3670,359,358413,358380
2022-03-21 13:40:00.000000000,1647841200000000000,3670,3672,3670,3672,461,358380,358437
2022-03-21 13:41:00.000000000,1647841260000000000,3672,3677,3671,3677,1416,358437,358539
2022-03-21 13:42:00.000000000,1647841320000000000,3677,3680,3675,3679,601,358539,358558
2022-03-21 13:43:00.000000000,1647841380000000000,3679,3686,3679,3685,1327,358558,358339
2022-03-21 13:44:00.000000000,1647841440000000000,3685,3686,3684,3685,813,358339,358273
2022-03-21 13:45:00.000000000,1647841500000000000,3685,3688,3681,3682,962,358273,358266
2022-03-21 13:46:00.000000000,1647841560000000000,3682,3683,3680,3682,564,358266,358377
2022-03-21 13:47:00.000000000,1647841620000000000,3682,3682,3676,3679,907,358377,358369
2022-03-21 13:48:00.000000000,1647841680000000000,3679,3679,3677,3677,290,358369,358384
2022-03-21 13:49:00.000000000,1647841740000000000,3677,3678,3673,3675,618,358384,358499
2022-03-21 13:50:00.000000000,1647841800000000000,3675,3676,3673,3674,442,358499,358565
2022-03-21 13:51:00.000000000,1647841860000000000,3674,3674,3670,3672,1012,358565,358592
2022-03-21 13:52:00.000000000,1647841920000000000,3672,3675,3672,3674,272,358592,358640
2022-03-21 13:53:00.000000000,1647841980000000000,3674,3675,3673,3674,325,358640,358693
2022-03-21 13:54:00.000000000,1647842040000000000,3674,3676,3673,3675,426,358693,358790
2022-03-21 13:55:00.000000000,1647842100000000000,3675,3676,3673,3674,273,358790,358863
2022-03-21 13:56:00.000000000,1647842160000000000,3674,3674,3667,3667,613,358863,358925
2022-03-21 13:57:00.000000000,1647842220000000000,3667,3672,3666,3671,837,358925,359006
2022-03-21 13:58:00.000000000,1647842280000000000,3671,3675,3671,3675,795,359006,358875
2022-03-21 13:59:00.000000000,1647842340000000000,3675,3679,3674,3678,817,358875,358920
2022-03-21 14:00:00.000000000,1647842400000000000,3678,3686,3678,3685,1343,358920,358797
2022-03-21 14:01:00.000000000,1647842460000000000,3685,3685,3682,3683,864,358797,358692
2022-03-21 14:02:00.000000000,1647842520000000000,3683,3683,3678,3679,605,358692,358779
2022-03-21 14:03:00.000000000,1647842580000000000,3679,3681,3678,3679,327,358779,358774
2022-03-21 14:04:00.000000000,1647842640000000000,3679,3680,3677,3677,361,358774,358700
2022-03-21 14:05:00.000000000,1647842700000000000,3677,3681,3677,3678,429,358700,358666
2022-03-21 14:06:00.000000000,1647842760000000000,3678,3681,3678,3681,175,358666,358677
2022-03-21 14:07:00.000000000,1647842820000000000,3681,3682,3677,3678,329,358677,358668
2022-03-21 14:08:00.000000000,1647842880000000000,3678,3678,3672,3673,600,358668,358523
2022-03-21 14:09:00.000000000,1647842940000000000,3673,3679,3673,3677,308,358523,358561
2022-03-21 14:10:00.000000000,1647843000000000000,3677,3678,3674,3678,224,358561,358587
2022-03-21 14:11:00.000000000,1647843060000000000,3678,3680,3677,3678,342,358587,358588
2022-03-21 14:12:00.000000000,1647843120000000000,3678,3678,3674,3675,369,358588,358578
2022-03-21 14:13:00.000000000,1647843180000000000,3675,3677,3674,3675,198,358578,358599
2022-03-21 14:14:00.000000000,1647843240000000000,3675,3680,3675,3680,598,358599,358604
2022-03-21 14:15:00.000000000,1647843300000000000,3680,3680,3677,3678,278,358604,358724
2022-03-21 14:16:00.000000000,1647843360000000000,3678,3680,3677,3680,303,358724,358726
2022-03-21 14:17:00.000000000,1647843420000000000,3680,3682,3678,3681,471,358726,358780
2022-03-21 14:18:00.000000000,1647843480000000000,3681,3684,3680,3684,478,358780,358893
2022-03-21 14:19:00.000000000,1647843540000000000,3684,3684,3681,3681,411,358893,359012
2022-03-21 14:20:00.000000000,1647843600000000000,3681,3684,3681,3683,321,359012,358912
2022-03-21 14:21:00.000000000,1647843660000000000,3683,3683,3679,3679,542,358912,358914
2022-03-21 14:22:00.000000000,1647843720000000000,3679,3683,3679,3683,398,358914,358878
2022-03-21 14:23:00.000000000,1647843780000000000,3683,3685,3682,3684,645,358878,358777
2022-03-21 14:24:00.000000000,1647843840000000000,3684,3690,3684,3689,919,358777,358771
2022-03-21 14:25:00.000000000,1647843900000000000,3689,3690,3684,3685,769,358771,358863
2022-03-21 14:26:00.000000000,1647843960000000000,3685,3685,3680,3682,779,358863,358960
2022-03-21 14:27:00.000000000,1647844020000000000,3682,3684,3682,3683,277,358960,359061
2022-03-21 14:28:00.000000000,1647844080000000000,3683,3683,3679,3679,477,359061,359146
2022-03-21 14:29:00.000000000,1647844140000000000,3679,3680,3677,3680,732,359146,358985
2022-03-21 14:30:00.000000000,1647844200000000000,3680,3680,3673,3675,1004,358985,358905
2022-03-21 14:31:00.000000000,1647844260000000000,3675,3678,3675,3677,330,358905,358901
2022-03-21 14:32:00.000000000,1647844320000000000,3677,3677,3674,3676,509,358901,358915
2022-03-21 14:33:00.000000000,1647844380000000000,3676,3678,3676,3677,259,358915,358916
2022-03-21 14:34:00.000000000,1647844440000000000,3677,3680,3675,3677,312,358916,358878
2022-03-21 14:35:00.000000000,1647844500000000000,3677,3679,3676,3677,478,358878,358860
2022-03-21 14:36:00.000000000,1647844560000000000,3677,3680,3676,3680,644,358860,358890
2022-03-21 14:37:00.000000000,1647844620000000000,3680,3683,3680,3681,309,358890,358944
2022-03-21 14:38:00.000000000,1647844680000000000,3681,3682,3679,3680,306,358944,358871
2022-03-21 14:39:00.000000000,1647844740000000000,3680,3681,3679,3679,403,358871,358822
2022-03-21 14:40:00.000000000,1647844800000000000,3679,3684,3679,3683,670,358822,358639
2022-03-21 14:41:00.000000000,1647844860000000000,3683,3683,3681,3683,347,358639,358628
2022-03-21 14:42:00.000000000,1647844920000000000,3683,3683,3681,3681,317,358628,358687
2022-03-21 14:43:00.000000000,1647844980000000000,3681,3682,3678,3678,432,358687,358651
2022-03-21 14:44:00.000000000,1647845040000000000,3678,3678,3676,3678,610,358651,358468
2022-03-21 14:45:00.000000000,1647845100000000000,3678,3681,3677,3680,319,358468,358488
2022-03-21 14:46:00.000000000,1647845160000000000,3680,3682,3679,3680,388,358488,358500
2022-03-21 14:47:00.000000000,1647845220000000000,3680,3681,3677,3679,406,358500,358523
2022-03-21 14:48:00.000000000,1647845280000000000,3679,3680,3675,3675,502,358523,358466
2022-03-21 14:49:00.000000000,1647845340000000000,3675,3676,3672,3674,771,358466,358294
2022-03-21 14:50:00.000000000,1647845400000000000,3674,3678,3674,3675,592,358294,358086
2022-03-21 14:51:00.000000000,1647845460000000000,3675,3676,3670,3672,1267,358086,357834
2022-03-21 14:52:00.000000000,1647845520000000000,3672,3674,3670,3673,800,357834,357533
2022-03-21 14:53:00.000000000,1647845580000000000,3673,3676,3673,3676,1015,357533,357237
2022-03-21 14:54:00.000000000,1647845640000000000,3676,3678,3674,3674,914,357237,357110
2022-03-21 14:55:00.000000000,1647845700000000000,3674,3676,3674,3675,703,357110,356726
2022-03-21 14:56:00.000000000,1647845760000000000,3675,3677,3674,3674,1106,356726,356587
2022-03-21 14:57:00.000000000,1647845820000000000,3674,3675,3672,3672,1425,356587,356364
2022-03-21 14:58:00.000000000,1647845880000000000,3672,3674,3669,3670,1422,356364,356209
2022-03-21 14:59:00.000000000,1647845940000000000,3670,3670,3656,3656,3609,356209,356312
2022-03-21 21:00:00.000000000,1647867600000000000,3674,3694,3674,3683,9184,356312,357529
2022-03-21 21:01:00.000000000,1647867660000000000,3683,3684,3674,3674,3344,357529,358320
2022-03-21 21:02:00.000000000,1647867720000000000,3674,3677,3671,3671,2615,358320,358763
2022-03-21 21:03:00.000000000,1647867780000000000,3671,3675,3667,3674,2359,358763,359322
2022-03-21 21:04:00.000000000,1647867840000000000,3674,3675,3666,3666,1749,359322,359517
2022-03-21 21:05:00.000000000,1647867900000000000,3666,3672,3666,3671,1591,359517,359657
2022-03-21 21:06:00.000000000,1647867960000000000,3671,3671,3664,3666,2411,359657,359905
2022-03-21 21:07:00.000000000,1647868020000000000,3666,3671,3666,3669,1534,359905,360232
2022-03-21 21:08:00.000000000,1647868080000000000,3669,3675,3668,3673,1578,360232,360311
2022-03-21 21:09:00.000000000,1647868140000000000,3673,3681,3672,3680,2387,360311,360155
2022-03-21 21:10:00.000000000,1647868200000000000,3680,3681,3678,3679,1483,360155,360390
2022-03-21 21:11:00.000000000,1647868260000000000,3679,3687,3679,3683,2496,360390,360664
2022-03-21 21:12:00.000000000,1647868320000000000,3683,3684,3680,3684,1839,360664,361006
2022-03-21 21:13:00.000000000,1647868380000000000,3684,3688,3683,3684,2034,361006,361256
2022-03-21 21:14:00.000000000,1647868440000000000,3684,3684,3679,3681,1482,361256,361385
2022-03-21 21:15:00.000000000,1647868500000000000,3681,3681,3674,3676,1913,361385,361707
2022-03-21 21:16:00.000000000,1647868560000000000,3676,3681,3675,3678,1375,361707,361714
2022-03-21 21:17:00.000000000,1647868620000000000,3678,3683,3678,3683,1341,361714,361889
2022-03-21 21:18:00.000000000,1647868680000000000,3683,3684,3680,3681,1234,361889,362181
2022-03-21 21:19:00.000000000,1647868740000000000,3681,3681,3676,3680,1148,362181,362146
2022-03-21 21:20:00.000000000,1647868800000000000,3680,3682,3677,3678,844,362146,362230
2022-03-21 21:21:00.000000000,1647868860000000000,3678,3681,3677,3679,893,362230,362189
2022-03-21 21:22:00.000000000,1647868920000000000,3679,3681,3678,3681,850,362189,362179
2022-03-21 21:23:00.000000000,1647868980000000000,3681,3682,3678,3680,670,362179,362168
2022-03-21 21:24:00.000000000,1647869040000000000,3680,3684,3680,3682,1112,362168,362298
2022-03-21 21:25:00.000000000,1647869100000000000,3682,3685,3681,3682,1673,362298,362732
2022-03-21 21:26:00.000000000,1647869160000000000,3682,3682,3679,3681,733,362732,362599
2022-03-21 21:27:00.000000000,1647869220000000000,3681,3684,3679,3680,957,362599,362754
2022-03-21 21:28:00.000000000,1647869280000000000,3680,3682,3675,3677,1221,362754,362571
2022-03-21 21:29:00.000000000,1647869340000000000,3677,3681,3676,3676,928,362571,362871
2022-03-21 21:30:00.000000000,1647869400000000000,3676,3678,3667,3668,2482,362871,362673
2022-03-21 21:31:00.000000000,1647869460000000000,3668,3669,3661,3666,2650,362673,362929
2022-03-21 21:32:00.000000000,1647869520000000000,3666,3671,3663,3667,1316,362929,362979
2022-03-21 21:33:00.000000000,1647869580000000000,3667,3675,3667,3674,1155,362979,362974
2022-03-21 21:34:00.000000000,1647869640000000000,3674,3678,3673,3676,941,362974,363006
2022-03-21 21:35:00.000000000,1647869700000000000,3676,3677,3672,3673,1130,363006,363241
2022-03-21 21:36:00.000000000,1647869760000000000,3673,3677,3672,3677,603,363241,363320
2022-03-21 21:37:00.000000000,1647869820000000000,3677,3684,3676,3681,1706,363320,363344
2022-03-21 21:38:00.000000000,1647869880000000000,3681,3681,3679,3680,1055,363344,363370
2022-03-21 21:39:00.000000000,1647869940000000000,3680,3683,3679,3680,1127,363370,363293
2022-03-21 21:40:00.000000000,1647870000000000000,3680,3684,3680,3682,1506,363293,363082
2022-03-21 21:41:00.000000000,1647870060000000000,3682,3683,3676,3677,1325,363082,363127
2022-03-21 21:42:00.000000000,1647870120000000000,3677,3679,3674,3679,920,363127,363107
2022-03-21 21:43:00.000000000,1647870180000000000,3679,3684,3676,3683,1452,363107,363103
2022-03-21 21:44:00.000000000,1647870240000000000,3683,3688,3682,3687,1919,363103,363098
2022-03-21 21:45:00.000000000,1647870300000000000,3687,3691,3686,3687,2570,363098,363188
2022-03-21 21:46:00.000000000,1647870360000000000,3687,3689,3683,3685,2010,363188,362988
2022-03-21 21:47:00.000000000,1647870420000000000,3685,3689,3684,3689,1166,362988,363060
2022-03-21 21:48:00.000000000,1647870480000000000,3689,3693,3688,3690,2844,363060,362895
2022-03-21 21:49:00.000000000,1647870540000000000,3690,3693,3689,3692,1570,362895,363008
2022-03-21 21:50:00.000000000,1647870600000000000,3692,3692,3688,3692,1559,363008,363299
2022-03-21 21:51:00.000000000,1647870660000000000,3692,3695,3691,3692,2612,363299,363486
2022-03-21 21:52:00.000000000,1647870720000000000,3692,3697,3692,3696,2137,363486,363883
2022-03-21 21:53:00.000000000,1647870780000000000,3696,3697,3690,3693,1794,363883,364047
2022-03-21 21:54:00.000000000,1647870840000000000,3693,3693,3688,3692,1467,364047,364195
2022-03-21 21:55:00.000000000,1647870900000000000,3692,3697,3691,3697,1690,364195,364702
2022-03-21 21:56:00.000000000,1647870960000000000,3697,3697,3690,3692,1640,364702,364420
2022-03-21 21:57:00.000000000,1647871020000000000,3692,3692,3687,3689,1427,364420,364177
2022-03-21 21:58:00.000000000,1647871080000000000,3689,3692,3688,3691,857,364177,364043
2022-03-21 21:59:00.000000000,1647871140000000000,3691,3696,3691,3693,1313,364043,363844
2022-03-21 22:00:00.000000000,1647871200000000000,3693,3706,3693,3705,5478,363844,363916
2022-03-21 22:01:00.000000000,1647871260000000000,3705,3706,3702,3702,1715,363916,363913
2022-03-21 22:02:00.000000000,1647871320000000000,3702,3702,3697,3699,1639,363913,364079
2022-03-21 22:03:00.000000000,1647871380000000000,3699,3702,3697,3700,1036,364079,364141
2022-03-21 22:04:00.000000000,1647871440000000000,3700,3703,3696,3699,1416,364141,364120
2022-03-21 22:05:00.000000000,1647871500000000000,3699,3702,3698,3699,936,364120,364281
2022-03-21 22:06:00.000000000,1647871560000000000,3699,3705,3699,3704,2241,364281,364041
2022-03-21 22:07:00.000000000,1647871620000000000,3704,3704,3700,3702,1022,364041,363912
2022-03-21 22:08:00.000000000,1647871680000000000,3702,3704,3697,3697,1339,363912,364023
2022-03-21 22:09:00.000000000,1647871740000000000,3697,3701,3697,3700,870,364023,364071
2022-03-21 22:10:00.000000000,1647871800000000000,3700,3703,3699,3703,678,364071,364032
2022-03-21 22:11:00.000000000,1647871860000000000,3703,3706,3703,3704,1806,364032,363783
2022-03-21 22:12:00.000000000,1647871920000000000,3704,3715,3704,3713,3437,363783,363741
2022-03-21 22:13:00.000000000,1647871980000000000,3713,3717,3712,3715,2898,363741,363934
2022-03-21 22:14:00.000000000,1647872040000000000,3715,3715,3711,3713,1371,363934,363793
2022-03-21 22:15:00.000000000,1647872100000000000,3713,3721,3710,3721,2284,363793,363862
2022-03-21 22:16:00.000000000,1647872160000000000,3721,3723,3712,3714,3117,363862,363770
2022-03-21 22:17:00.000000000,1647872220000000000,3714,3724,3713,3722,3022,363770,364306
2022-03-21 22:18:00.000000000,1647872280000000000,3722,3732,3722,3729,5254,364306,365198
2022-03-21 22:19:00.000000000,1647872340000000000,3729,3733,3726,3729,2706,365198,365503
2022-03-21 22:20:00.000000000,1647872400000000000,3729,3741,3729,3737,5809,365503,366653
2022-03-21 22:21:00.000000000,1647872460000000000,3737,3743,3737,3738,3560,366653,367582
2022-03-21 22:22:00.000000000,1647872520000000000,3738,3748,3734,3743,4816,367582,367410
2022-03-21 22:23:00.000000000,1647872580000000000,3743,3752,3742,3748,5462,367410,368807
2022-03-21 22:24:00.000000000,1647872640000000000,3748,3751,3743,3749,3094,368807,368627
2022-03-21 22:25:00.000000000,1647872700000000000,3749,3756,3748,3750,3177,368627,369226
2022-03-21 22:26:00.000000000,1647872760000000000,3750,3752,3746,3748,1978,369226,368908
2022-03-21 22:27:00.000000000,1647872820000000000,3748,3749,3736,3736,3094,368908,368263
2022-03-21 22:28:00.000000000,1647872880000000000,3736,3741,3735,3740,3065,368263,367901
2022-03-21 22:29:00.000000000,1647872940000000000,3740,3743,3739,3740,1672,367901,368047
2022-03-21 22:30:00.000000000,1647873000000000000,3740,3746,3739,3740,1973,368047,368016
2022-03-21 22:31:00.000000000,1647873060000000000,3740,3740,3732,3733,2321,368016,367410
2022-03-21 22:32:00.000000000,1647873120000000000,3733,3742,3733,3736,1749,367410,367198
2022-03-21 22:33:00.000000000,1647873180000000000,3736,3740,3733,3739,1297,367198,367187
2022-03-21 22:34:00.000000000,1647873240000000000,3739,3744,3737,3742,1311,367187,367322
2022-03-21 22:35:00.000000000,1647873300000000000,3742,3751,3742,3749,2045,367322,367208
2022-03-21 22:36:00.000000000,1647873360000000000,3749,3759,3749,3752,3707,367208,367265
2022-03-21 22:37:00.000000000,1647873420000000000,3752,3755,3748,3748,1805,367265,367682
2022-03-21 22:38:00.000000000,1647873480000000000,3748,3752,3748,3748,1320,367682,367657
2022-03-21 22:39:00.000000000,1647873540000000000,3748,3750,3742,3743,1914,367657,367206
2022-03-21 22:40:00.000000000,1647873600000000000,3743,3745,3741,3742,2073,367206,367739
2022-03-21 22:41:00.000000000,1647873660000000000,3742,3742,3736,3736,2057,367739,367333
2022-03-21 22:42:00.000000000,1647873720000000000,3736,3742,3736,3740,1455,367333,367178
2022-03-21 22:43:00.000000000,1647873780000000000,3740,3741,3735,3738,1478,367178,366907
2022-03-21 22:44:00.000000000,1647873840000000000,3738,3742,3731,3732,1793,366907,366503
2022-03-21 22:45:00.000000000,1647873900000000000,3732,3737,3732,3734,945,366503,366314
2022-03-21 22:46:00.000000000,1647873960000000000,3734,3737,3732,3732,1513,366314,366104
2022-03-21 22:47:00.000000000,1647874020000000000,3732,3733,3724,3724,2801,366104,365382
2022-03-21 22:48:00.000000000,1647874080000000000,3724,3727,3721,3726,2612,365382,365193
2022-03-21 22:49:00.000000000,1647874140000000000,3726,3731,3725,3730,1874,365193,364827
2022-03-21 22:50:00.000000000,1647874200000000000,3730,3731,3725,3725,1223,364827,364775
2022-03-21 22:51:00.000000000,1647874260000000000,3725,3735,3725,3730,1831,364775,364657
2022-03-21 22:52:00.000000000,1647874320000000000,3730,3737,3730,3733,1053,364657,364526
2022-03-21 22:53:00.000000000,1647874380000000000,3733,3737,3732,3736,691,364526,364420
2022-03-21 22:54:00.000000000,1647874440000000000,3736,3737,3731,3731,998,364420,364412
2022-03-21 22:55:00.000000000,1647874500000000000,3731,3733,3730,3732,1144,364412,364214
2022-03-21 22:56:00.000000000,1647874560000000000,3732,3734,3731,3733,1231,364214,364503
2022-03-21 22:57:00.000000000,1647874620000000000,3733,3733,3729,3729,1074,364503,364241
2022-03-21 22:58:00.000000000,1647874680000000000,3729,3734,3729,3733,1302,364241,364086
2022-03-21 22:59:00.000000000,1647874740000000000,3733,3734,3731,3732,2478,364086,364015
2022-03-22 09:00:00.000000000,1647910800000000000,3782,3803,3761,3787,19144,364015,365296
2022-03-22 09:01:00.000000000,1647910860000000000,3787,3795,3785,3790,6018,365296,364960
2022-03-22 09:02:00.000000000,1647910920000000000,3790,3790,3783,3786,5447,364960,365669
2022-03-22 09:03:00.000000000,1647910980000000000,3786,3788,3781,3785,3527,365669,366419
2022-03-22 09:04:00.000000000,1647911040000000000,3785,3785,3780,3782,3231,366419,366562
2022-03-22 09:05:00.000000000,1647911100000000000,3782,3792,3782,3788,3527,366562,366974
2022-03-22 09:06:00.000000000,1647911160000000000,3788,3788,3782,3783,1939,366974,366960
2022-03-22 09:07:00.000000000,1647911220000000000,3783,3788,3779,3787,3622,366960,367640
2022-03-22 09:08:00.000000000,1647911280000000000,3787,3794,3786,3790,2666,367640,367649
2022-03-22 09:09:00.000000000,1647911340000000000,3790,3791,3784,3785,1704,367649,367623
2022-03-22 09:10:00.000000000,1647911400000000000,3785,3785,3777,3779,2279,367623,367316
2022-03-22 09:11:00.000000000,1647911460000000000,3779,3784,3778,3781,1806,367316,367466
2022-03-22 09:12:00.000000000,1647911520000000000,3781,3782,3776,3780,1903,367466,367221
2022-03-22 09:13:00.000000000,1647911580000000000,3780,3786,3780,3785,1492,367221,367175
2022-03-22 09:14:00.000000000,1647911640000000000,3785,3788,3784,3788,893,367175,367137
2022-03-22 09:15:00.000000000,1647911700000000000,3788,3790,3783,3784,2045,367137,367189
2022-03-22 09:16:00.000000000,1647911760000000000,3784,3787,3783,3786,767,367189,367115
2022-03-22 09:17:00.000000000,1647911820000000000,3786,3788,3782,3784,1095,367115,367127
2022-03-22 09:18:00.000000000,1647911880000000000,3784,3788,3780,3787,1282,367127,367175
2022-03-22 09:19:00.000000000,1647911940000000000,3787,3794,3785,3794,2016,367175,367345
2022-03-22 09:20:00.000000000,1647912000000000000,3794,3807,3794,3801,4899,367345,367501
2022-03-22 09:21:00.000000000,1647912060000000000,3801,3810,3801,3807,2832,367501,367727
2022-03-22 09:22:00.000000000,1647912120000000000,3807,3815,3803,3813,2909,367727,368301
2022-03-22 09:23:00.000000000,1647912180000000000,3813,3815,3808,3813,2679,368301,368674
2022-03-22 09:24:00.000000000,1647912240000000000,3813,3813,3809,3812,1739,368674,368847
2022-03-22 09:25:00.000000000,1647912300000000000,3812,3818,3812,3816,2374,368847,368796
2022-03-22 09:26:00.000000000,1647912360000000000,3816,3820,3810,3811,2430,368796,368535
2022-03-22 09:27:00.000000000,1647912420000000000,3811,3814,3810,3812,1082,368535,368555
2022-03-22 09:28:00.000000000,1647912480000000000,3812,3813,3806,3808,1639,368555,368463
2022-03-22 09:29:00.000000000,1647912540000000000,3808,3811,3805,3810,1583,368463,368330
2022-03-22 09:30:00.000000000,1647912600000000000,3810,3813,3807,3808,1407,368330,368220
2022-03-22 09:31:00.000000000,1647912660000000000,3808,3811,3804,3811,1191,368220,367922
2022-03-22 09:32:00.000000000,1647912720000000000,3811,3817,3811,3815,1488,367922,367781
2022-03-22 09:33:00.000000000,1647912780000000000,3815,3816,3811,3814,810,367781,367796
2022-03-22 09:34:00.000000000,1647912840000000000,3814,3817,3814,3817,1062,367796,367688
2022-03-22 09:35:00.000000000,1647912900000000000,3817,3817,3813,3813,989,367688,367642
2022-03-22 09:36:00.000000000,1647912960000000000,3813,3815,3810,3813,1168,367642,367540
2022-03-22 09:37:00.000000000,1647913020000000000,3813,3814,3807,3807,1127,367540,367463
2022-03-22 09:38:00.000000000,1647913080000000000,3807,3809,3805,3808,1064,367463,367496
2022-03-22 09:39:00.000000000,1647913140000000000,3808,3812,3808,3810,777,367496,367364
2022-03-22 09:40:00.000000000,1647913200000000000,3810,3812,3804,3805,1061,367364,367299
2022-03-22 09:41:00.000000000,1647913260000000000,3805,3806,3795,3803,2691,367299,367394
2022-03-22 09:42:00.000000000,1647913320000000000,3803,3808,3802,3806,1141,367394,367227
2022-03-22 09:43:00.000000000,1647913380000000000,3806,3807,3801,3803,829,367227,367153
2022-03-22 09:44:00.000000000,1647913440000000000,3803,3808,3803,3808,819,367153,367095
2022-03-22 09:45:00.000000000,1647913500000000000,3808,3815,3807,3814,1212,367095,367093
2022-03-22 09:46:00.000000000,1647913560000000000,3814,3816,3811,3811,1165,367093,367166
2022-03-22 09:47:00.000000000,1647913620000000000,3811,3816,3811,3814,1497,367166,367543
2022-03-22 09:48:00.000000000,1647913680000000000,3814,3814,3806,3808,1086,367543,367324
2022-03-22 09:49:00.000000000,1647913740000000000,3808,3810,3803,3809,1173,367324,367064
2022-03-22 09:50:00.000000000,1647913800000000000,3809,3811,3805,3810,672,367064,366995
2022-03-22 09:51:00.000000000,1647913860000000000,3810,3810,3802,3806,774,366995,366775
2022-03-22 09:52:00.000000000,1647913920000000000,3806,3810,3806,3806,537,366775,366650
2022-03-22 09:53:00.000000000,1647913980000000000,3806,3814,3806,3811,917,366650,366551
2022-03-22 09:54:00.000000000,1647914040000000000,3811,3811,3806,3807,574,366551,366582
2022-03-22 09:55:00.000000000,1647914100000000000,3807,3811,3805,3808,649,366582,366397
2022-03-22 09:56:00.000000000,1647914160000000000,3808,3808,3802,3805,933,366397,366270
2022-03-22 09:57:00.000000000,1647914220000000000,3805,3809,3804,3806,388,366270,366238
2022-03-22 09:58:00.000000000,1647914280000000000,3806,3808,3804,3806,620,366238,366160
2022-03-22 09:59:00.000000000,1647914340000000000,3806,3812,3806,3810,1254,366160,366212
2022-03-22 10:00:00.000000000,1647914400000000000,3810,3815,3808,3815,1694,366212,365923
2022-03-22 10:01:00.000000000,1647914460000000000,3815,3819,3812,3814,1629,365923,365991
2022-03-22 10:02:00.000000000,1647914520000000000,3814,3815,3810,3810,747,365991,365880
2022-03-22 10:03:00.000000000,1647914580000000000,3810,3810,3806,3807,702,365880,365815
2022-03-22 10:04:00.000000000,1647914640000000000,3807,3814,3807,3812,1115,365815,365648
2022-03-22 10:05:00.000000000,1647914700000000000,3812,3815,3811,3814,1070,365648,365562
2022-03-22 10:06:00.000000000,1647914760000000000,3814,3814,3805,3805,1452,365562,365501
2022-03-22 10:07:00.000000000,1647914820000000000,3805,3810,3804,3806,919,365501,365345
2022-03-22 10:08:00.000000000,1647914880000000000,3806,3811,3806,3809,510,365345,365118
2022-03-22 10:09:00.000000000,1647914940000000000,3809,3811,3808,3810,402,365118,365124
2022-03-22 10:10:00.000000000,1647915000000000000,3810,3811,3808,3809,388,365124,365218
2022-03-22 10:11:00.000000000,1647915060000000000,3809,3809,3805,3806,950,365218,365224
2022-03-22 10:12:00.000000000,1647915120000000000,3806,3810,3806,3807,399,365224,365242
2022-03-22 10:13:00.000000000,1647915180000000000,3807,3810,3806,3809,338,365242,365165
2022-03-22 10:14:00.000000000,1647915240000000000,3809,3812,3808,3810,584,365165,365155
2022-03-22 10:30:00.000000000,1647916200000000000,3811,3812,3804,3804,1264,365155,365097
2022-03-22 10:31:00.000000000,1647916260000000000,3804,3808,3804,3807,541,365097,364964
2022-03-22 10:32:00.000000000,1647916320000000000,3807,3811,3804,3805,1184,364964,365177
2022-03-22 10:33:00.000000000,1647916380000000000,3805,3805,3796,3797,1693,365177,364810
2022-03-22 10:34:00.000000000,1647916440000000000,3797,3799,3793,3796,1989,364810,364425
2022-03-22 10:35:00.000000000,1647916500000000000,3796,3799,3793,3798,1175,364425,364428
2022-03-22 10:36:00.000000000,1647916560000000000,3798,3804,3797,3798,954,364428,364514
2022-03-22 10:37:00.000000000,1647916620000000000,3798,3800,3796,3796,444,364514,364543
2022-03-22 10:38:00.000000000,1647916680000000000,3796,3797,3786,3788,1978,364543,364247
2022-03-22 10:39:00.000000000,1647916740000000000,3788,3789,3774,3777,4379,364247,363026
2022-03-22 10:40:00.000000000,1647916800000000000,3777,3780,3775,3776,1883,363026,362781
2022-03-22 10:41:00.000000000,1647916860000000000,3776,3776,3763,3769,3275,362781,362599
2022-03-22 10:42:00.000000000,1647916920000000000,3769,3772,3768,3769,1357,362599,362451
2022-03-22 10:43:00.000000000,1647916980000000000,3769,3774,3769,3774,1088,362451,362499
2022-03-22 10:44:00.000000000,1647917040000000000,3774,3776,3771,3772,1023,362499,362443
2022-03-22 10:45:00.000000000,1647917100000000000,3772,3777,3772,3772,1046,362443,362383
2022-03-22 10:46:00.000000000,1647917160000000000,3772,3774,3769,3769,1107,362383,362179
2022-03-22 10:47:00.000000000,1647917220000000000,3769,3776,3769,3774,818,362179,362157
2022-03-22 10:48:00.000000000,1647917280000000000,3774,3779,3773,3778,781,362157,362324
2022-03-22 10:49:00.000000000,1647917340000000000,3778,3778,3767,3767,1213,362324,362181
2022-03-22 10:50:00.000000000,1647917400000000000,3767,3770,3764,3769,1403,362181,361849
2022-03-22 10:51:00.000000000,1647917460000000000,3769,3771,3755,3755,2813,361849,361639
2022-03-22 10:52:00.000000000,1647917520000000000,3755,3760,3755,3755,1950,361639,361550
2022-03-22 10:53:00.000000000,1647917580000000000,3755,3758,3753,3758,1937,361550,361362
2022-03-22 10:54:00.000000000,1647917640000000000,3758,3759,3754,3756,1380,361362,361512
2022-03-22 10:55:00.000000000,1647917700000000000,3756,3760,3756,3759,962,361512,361527
2022-03-22 10:56:00.000000000,1647917760000000000,3759,3762,3758,3762,772,361527,361483
2022-03-22 10:57:00.000000000,1647917820000000000,3762,3762,3758,3761,1063,361483,361760
2022-03-22 10:58:00.000000000,1647917880000000000,3761,3762,3759,3760,400,361760,361870
2022-03-22 10:59:00.000000000,1647917940000000000,3760,3761,3759,3760,552,361870,361929
2022-03-22 11:00:00.000000000,1647918000000000000,3760,3769,3760,3768,1960,361929,362236
2022-03-22 11:01:00.000000000,1647918060000000000,3768,3777,3767,3774,1656,362236,362063
2022-03-22 11:02:00.000000000,1647918120000000000,3774,3775,3771,3773,1228,362063,362193
2022-03-22 11:03:00.000000000,1647918180000000000,3773,3773,3771,3771,657,362193,362304
2022-03-22 11:04:00.000000000,1647918240000000000,3771,3772,3766,3767,975,362304,362543
2022-03-22 11:05:00.000000000,1647918300000000000,3767,3768,3764,3764,851,362543,362701
2022-03-22 11:06:00.000000000,1647918360000000000,3764,3766,3759,3766,1206,362701,362814
2022-03-22 11:07:00.000000000,1647918420000000000,3766,3766,3758,3759,900,362814,362762
2022-03-22 11:08:00.000000000,1647918480000000000,3759,3759,3752,3754,2214,362762,362794
2022-03-22 11:09:00.000000000,1647918540000000000,3754,3756,3752,3754,775,362794,362875
2022-03-22 11:10:00.000000000,1647918600000000000,3754,3760,3753,3757,1023,362875,362925
2022-03-22 11:11:00.000000000,1647918660000000000,3757,3759,3756,3757,628,362925,363180
2022-03-22 11:12:00.000000000,1647918720000000000,3757,3762,3756,3761,613,363180,363252
2022-03-22 11:13:00.000000000,1647918780000000000,3761,3762,3758,3758,866,363252,363166
2022-03-22 11:14:00.000000000,1647918840000000000,3758,3760,3757,3760,680,363166,363133
2022-03-22 11:15:00.000000000,1647918900000000000,3760,3764,3760,3764,579,363133,363196
2022-03-22 11:16:00.000000000,1647918960000000000,3764,3765,3761,3763,513,363196,363127
2022-03-22 11:17:00.000000000,1647919020000000000,3763,3763,3759,3761,655,363127,363201
2022-03-22 11:18:00.000000000,1647919080000000000,3761,3763,3757,3759,476,363201,363237
2022-03-22 11:19:00.000000000,1647919140000000000,3759,3764,3759,3762,576,363237,363262
2022-03-22 11:20:00.000000000,1647919200000000000,3762,3768,3760,3764,929,363262,363389
2022-03-22 11:21:00.000000000,1647919260000000000,3764,3765,3761,3762,315,363389,363390
2022-03-22 11:22:00.000000000,1647919320000000000,3762,3766,3761,3764,341,363390,363480
2022-03-22 11:23:00.000000000,1647919380000000000,3764,3770,3763,3768,742,363480,363527
2022-03-22 11:24:00.000000000,1647919440000000000,3768,3771,3768,3771,850,363527,363689
2022-03-22 11:25:00.000000000,1647919500000000000,3771,3772,3769,3771,648,363689,363641
2022-03-22 11:26:00.000000000,1647919560000000000,3771,3771,3768,3768,343,363641,363547
2022-03-22 11:27:00.000000000,1647919620000000000,3768,3770,3768,3769,484,363547,363572
2022-03-22 11:28:00.000000000,1647919680000000000,3769,3770,3767,3767,395,363572,363610
2022-03-22 11:29:00.000000000,1647919740000000000,3767,3770,3767,3770,694,363610,363443
2022-03-22 13:30:00.000000000,1647927000000000000,3776,3785,3776,3782,3698,363443,363811
2022-03-22 13:31:00.000000000,1647927060000000000,3782,3787,3782,3784,1601,363811,363967
2022-03-22 13:32:00.000000000,1647927120000000000,3784,3787,3783,3786,980,363967,364023
2022-03-22 13:33:00.000000000,1647927180000000000,3786,3788,3784,3786,957,364023,363964
2022-03-22 13:34:00.000000000,1647927240000000000,3786,3796,3785,3795,2567,363964,363864
2022-03-22 13:35:00.000000000,1647927300000000000,3795,3800,3794,3799,1829,363864,363851
2022-03-22 13:36:00.000000000,1647927360000000000,3799,3799,3792,3794,1196,363851,363939
2022-03-22 13:37:00.000000000,1647927420000000000,3794,3796,3792,3793,1047,363939,363868
2022-03-22 13:38:00.000000000,1647927480000000000,3793,3799,3793,3798,1262,363868,363968
2022-03-22 13:39:00.000000000,1647927540000000000,3798,3801,3797,3801,1757,363968,364357
2022-03-22 13:40:00.000000000,1647927600000000000,3801,3808,3800,3808,2221,364357,364905
2022-03-22 13:41:00.000000000,1647927660000000000,3808,3810,3807,3809,2115,364905,365583
2022-03-22 13:42:00.000000000,1647927720000000000,3809,3815,3809,3809,2594,365583,365939
2022-03-22 13:43:00.000000000,1647927780000000000,3809,3809,3806,3806,1304,365939,365750
2022-03-22 13:44:00.000000000,1647927840000000000,3806,3811,3806,3810,1105,365750,365810
2022-03-22 13:45:00.000000000,1647927900000000000,3810,3810,3804,3804,2003,365810,365914
2022-03-22 13:46:00.000000000,1647927960000000000,3804,3807,3803,3803,1614,365914,366015
2022-03-22 13:47:00.000000000,1647928020000000000,3803,3804,3795,3796,1984,366015,365650
2022-03-22 13:48:00.000000000,1647928080000000000,3796,3800,3796,3798,815,365650,365670
2022-03-22 13:49:00.000000000,1647928140000000000,3798,3800,3797,3799,557,365670,365643
2022-03-22 13:50:00.000000000,1647928200000000000,3799,3803,3798,3803,775,365643,365585
2022-03-22 13:51:00.000000000,1647928260000000000,3803,3804,3801,3803,697,365585,365694
2022-03-22 13:52:00.000000000,1647928320000000000,3803,3807,3802,3805,910,365694,365840
2022-03-22 13:53:00.000000000,1647928380000000000,3805,3806,3803,3804,355,365840,365845
2022-03-22 13:54:00.000000000,1647928440000000000,3804,3807,3804,3806,536,365845,365752
2022-03-22 13:55:00.000000000,1647928500000000000,3806,3810,3805,3809,1015,365752,365903
2022-03-22 13:56:00.000000000,1647928560000000000,3809,3812,3809,3811,1314,365903,366450
2022-03-22 13:57:00.000000000,1647928620000000000,3811,3811,3806,3807,929,366450,366839
2022-03-22 13:58:00.000000000,1647928680000000000,3807,3807,3805,3806,514,366839,366795
2022-03-22 13:59:00.000000000,1647928740000000000,3806,3807,3804,3806,380,366795,366830
2022-03-22 14:00:00.000000000,1647928800000000000,3806,3806,3794,3796,1929,366830,366505
2022-03-22 14:01:00.000000000,1647928860000000000,3796,3798,3794,3797,1287,366505,366288
2022-03-22 14:02:00.000000000,1647928920000000000,3797,3805,3796,3804,1126,366288,366658
2022-03-22 14:03:00.000000000,1647928980000000000,3804,3807,3803,3804,988,366658,367142
2022-03-22 14:04:00.000000000,1647929040000000000,3804,3805,3801,3801,510,367142,367191
2022-03-22 14:05:00.000000000,1647929100000000000,3801,3804,3801,3803,192,367191,367190
2022-03-22 14:06:00.000000000,1647929160000000000,3803,3806,3802,3805,643,367190,367332
2022-03-22 14:07:00.000000000,1647929220000000000,3805,3805,3798,3799,631,367332,367252
2022-03-22 14:08:00.000000000,1647929280000000000,3799,3799,3795,3797,915,367252,367079
2022-03-22 14:09:00.000000000,1647929340000000000,3797,3800,3796,3797,469,367079,367062
2022-03-22 14:10:00.000000000,1647929400000000000,3797,3799,3792,3794,1246,367062,366712
2022-03-22 14:11:00.000000000,1647929460000000000,3794,3798,3793,3797,809,366712,366489
2022-03-22 14:12:00.000000000,1647929520000000000,3797,3800,3796,3799,496,366489,366495
2022-03-22 14:13:00.000000000,1647929580000000000,3799,3800,3798,3798,282,366495,366540
2022-03-22 14:14:00.000000000,1647929640000000000,3798,3800,3796,3796,517,366540,366646
2022-03-22 14:15:00.000000000,1647929700000000000,3796,3797,3794,3794,548,366646,366627
2022-03-22 14:16:00.000000000,1647929760000000000,3794,3794,3791,3791,743,366627,366334
2022-03-22 14:17:00.000000000,1647929820000000000,3791,3794,3781,3786,2420,366334,365803
2022-03-22 14:18:00.000000000,1647929880000000000,3786,3792,3786,3791,1722,365803,365704
2022-03-22 14:19:00.000000000,1647929940000000000,3791,3792,3789,3790,842,365704,365920
2022-03-22 14:20:00.000000000,1647930000000000000,3790,3791,3775,3776,2402,365920,365327
2022-03-22 14:21:00.000000000,1647930060000000000,3776,3780,3773,3780,2182,365327,365372
2022-03-22 14:22:00.000000000,1647930120000000000,3780,3783,3780,3782,998,365372,365359
2022-03-22 14:23:00.000000000,1647930180000000000,3782,3782,3779,3780,892,365359,365538
2022-03-22 14:24:00.000000000,1647930240000000000,3780,3786,3779,3785,1261,365538,365728
2022-03-22 14:25:00.000000000,1647930300000000000,3785,3785,3777,3777,886,365728,365749
2022-03-22 14:26:00.000000000,1647930360000000000,3777,3778,3772,3773,1484,365749,365439
2022-03-22 14:27:00.000000000,1647930420000000000,3773,3779,3773,3779,858,365439,365304
2022-03-22 14:28:00.000000000,1647930480000000000,3779,3779,3775,3776,525,365304,365422
2022-03-22 14:29:00.000000000,1647930540000000000,3776,3778,3774,3777,701,365422,365523
2022-03-22 14:30:00.000000000,1647930600000000000,3777,3777,3768,3768,1715,365523,365369
2022-03-22 14:31:00.000000000,1647930660000000000,3768,3770,3766,3769,1704,365369,365304
2022-03-22 14:32:00.000000000,1647930720000000000,3769,3770,3764,3765,1357,365304,365203
2022-03-22 14:33:00.000000000,1647930780000000000,3765,3771,3764,3771,1032,365203,365142
2022-03-22 14:34:00.000000000,1647930840000000000,3771,3776,3770,3774,1507,365142,365189
2022-03-22 14:35:00.000000000,1647930900000000000,3774,3779,3773,3779,1250,365189,365245
2022-03-22 14:36:00.000000000,1647930960000000000,3779,3782,3777,3780,1160,365245,365328
2022-03-22 14:37:00.000000000,1647931020000000000,3780,3782,3778,3778,869,365328,365559
2022-03-22 14:38:00.000000000,1647931080000000000,3778,3778,3765,3767,1538,365559,365667
2022-03-22 14:39:00.000000000,1647931140000000000,3767,3774,3767,3774,970,365667,365620
2022-03-22 14:40:00.000000000,1647931200000000000,3774,3779,3773,3774,985,365620,365760
2022-03-22 14:41:00.000000000,1647931260000000000,3774,3774,3769,3774,729,365760,365901
2022-03-22 14:42:00.000000000,1647931320000000000,3774,3774,3770,3772,446,365901,365946
2022-03-22 14:43:00.000000000,1647931380000000000,3772,3775,3769,3772,1188,365946,366025
2022-03-22 14:44:00.000000000,1647931440000000000,3772,3773,3768,3769,822,366025,365944
2022-03-22 14:45:00.000000000,1647931500000000000,3769,3775,3769,3772,676,365944,365829
2022-03-22 14:46:00.000000000,1647931560000000000,3772,3774,3771,3772,400,365829,365797
2022-03-22 14:47:00.000000000,1647931620000000000,3772,3774,3770,3771,1016,365797,366007
2022-03-22 14:48:00.000000000,1647931680000000000,3771,3773,3769,3770,1190,366007,366224
2022-03-22 14:49:00.000000000,1647931740000000000,3770,3773,3769,3770,866,366224,366340
2022-03-22 14:50:00.000000000,1647931800000000000,3770,3772,3768,3771,1289,366340,366364
2022-03-22 14:51:00.000000000,1647931860000000000,3771,3776,3770,3772,1420,366364,366024
2022-03-22 14:52:00.000000000,1647931920000000000,3772,3777,3772,3776,896,366024,365918
2022-03-22 14:53:00.000000000,1647931980000000000,3776,3779,3774,3777,1521,365918,365586
2022-03-22 14:54:00.000000000,1647932040000000000,3777,3778,3773,3774,679,365586,365405
2022-03-22 14:55:00.000000000,1647932100000000000,3774,3777,3772,3776,1798,365405,365796
2022-03-22 14:56:00.000000000,1647932160000000000,3776,3778,3771,3772,1345,365796,365434
2022-03-22 14:57:00.000000000,1647932220000000000,3772,3772,3766,3770,1702,365434,365303
2022-03-22 14:58:00.000000000,1647932280000000000,3770,3775,3770,3773,1869,365303,364777
2022-03-22 14:59:00.000000000,1647932340000000000,3773,3773,3769,3771,2330,364777,364552
2022-03-22 21:00:00.000000000,1647954000000000000,3748,3748,3733,3734,10782,364552,364833
2022-03-22 21:01:00.000000000,1647954060000000000,3734,3739,3730,3733,6243,364833,365637
2022-03-22 21:02:00.000000000,1647954120000000000,3733,3733,3711,3713,8407,365637,365943
2022-03-22 21:03:00.000000000,1647954180000000000,3713,3716,3702,3711,5768,365943,366252
2022-03-22 21:04:00.000000000,1647954240000000000,3711,3714,3704,3712,4940,366252,366388
2022-03-22 21:05:00.000000000,1647954300000000000,3712,3714,3707,3709,3570,366388,366960
2022-03-22 21:06:00.000000000,1647954360000000000,3709,3712,3704,3710,5383,366960,367320
2022-03-22 21:07:00.000000000,1647954420000000000,3710,3716,3709,3714,4199,367320,367930
2022-03-22 21:08:00.000000000,1647954480000000000,3714,3714,3709,3712,2181,367930,368397
2022-03-22 21:09:00.000000000,1647954540000000000,3712,3717,3710,3715,2000,368397,368526
2022-03-22 21:10:00.000000000,1647954600000000000,3715,3717,3710,3712,2488,368526,368727
2022-03-22 21:11:00.000000000,1647954660000000000,3712,3714,3709,3712,2012,368727,369080
2022-03-22 21:12:00.000000000,1647954720000000000,3712,3720,3711,3720,1871,369080,369092
2022-03-22 21:13:00.000000000,1647954780000000000,3720,3723,3717,3720,3303,369092,369224
2022-03-22 21:14:00.000000000,1647954840000000000,3720,3722,3716,3716,1812,369224,369170
2022-03-22 21:15:00.000000000,1647954900000000000,3716,3722,3713,3715,2518,369170,369276
2022-03-22 21:16:00.000000000,1647954960000000000,3715,3719,3712,3713,2043,369276,369278
2022-03-22 21:17:00.000000000,1647955020000000000,3713,3713,3705,3706,4540,369278,370080
2022-03-22 21:18:00.000000000,1647955080000000000,3706,3712,3706,3709,2199,370080,370240
2022-03-22 21:19:00.000000000,1647955140000000000,3709,3710,3703,3703,2490,370240,370226
2022-03-22 21:20:00.000000000,1647955200000000000,3703,3703,3696,3699,5014,370226,369810
2022-03-22 21:21:00.000000000,1647955260000000000,3699,3700,3687,3693,5339,369810,370264
2022-03-22 21:22:00.000000000,1647955320000000000,3693,3693,3685,3688,3717,370264,370568
2022-03-22 21:23:00.000000000,1647955380000000000,3688,3690,3682,3683,3398,370568,370550
2022-03-22 21:24:00.000000000,1647955440000000000,3683,3685,3672,3673,6299,370550,370545
2022-03-22 21:25:00.000000000,1647955500000000000,3673,3679,3673,3674,5348,370545,370369
2022-03-22 21:26:00.000000000,1647955560000000000,3674,3686,3674,3681,4055,370369,370579
2022-03-22 21:27:00.000000000,1647955620000000000,3681,3685,3671,3674,3232,370579,370674
2022-03-22 21:28:00.000000000,1647955680000000000,3674,3679,3667,3667,5165,370674,370611
2022-03-22 21:29:00.000000000,1647955740000000000,3667,3669,3658,3663,5633,370611,370800
2022-03-22 21:30:00.000000000,1647955800000000000,3663,3672,3659,3665,5492,370800,371095
2022-03-22 21:31:00.000000000,1647955860000000000,3665,3669,3659,3659,3404,371095,371444
2022-03-22 21:32:00.000000000,1647955920000000000,3659,3666,3659,3664,2622,371444,371359
2022-03-22 21:33:00.000000000,1647955980000000000,3664,3672,3662,3669,4484,371359,371596
2022-03-22 21:34:00.000000000,1647956040000000000,3669,3679,3669,3670,3640,371596,371195
2022-03-22 21:35:00.000000000,1647956100000000000,3670,3678,3668,3678,3291,371195,371204
2022-03-22 21:36:00.000000000,1647956160000000000,3678,3678,3667,3669,1877,371204,371269
2022-03-22 21:37:00.000000000,1647956220000000000,3669,3674,3666,3672,2170,371269,371530
2022-03-22 21:38:00.000000000,1647956280000000000,3672,3685,3672,3683,4048,371530,371544
2022-03-22 21:39:00.000000000,1647956340000000000,3683,3684,3678,3679,2194,371544,371862
2022-03-22 21:40:00.000000000,1647956400000000000,3679,3684,3676,3682,1691,371862,371692
2022-03-22 21:41:00.000000000,1647956460000000000,3682,3687,3678,3680,2680,371692,371604
2022-03-22 21:42:00.000000000,1647956520000000000,3680,3683,3674,3681,2154,371604,371699
2022-03-22 21:43:00.000000000,1647956580000000000,3681,3686,3680,3685,1925,371699,371691
2022-03-22 21:44:00.000000000,1647956640000000000,3685,3686,3680,3682,1331,371691,371781
2022-03-22 21:45:00.000000000,1647956700000000000,3682,3683,3668,3672,3060,371781,371423
2022-03-22 21:46:00.000000000,1647956760000000000,3672,3675,3668,3674,2005,371423,371344
2022-03-22 21:47:00.000000000,1647956820000000000,3674,3676,3669,3671,1672,371344,371424
2022-03-22 21:48:00.000000000,1647956880000000000,3671,3672,3666,3669,1797,371424,371692
2022-03-22 21:49:00.000000000,1647956940000000000,3669,3669,3666,3667,1393,371692,371945
2022-03-22 21:50:00.000000000,1647957000000000000,3667,3678,3666,3677,2722,371945,372242
2022-03-22 21:51:00.000000000,1647957060000000000,3677,3679,3671,3671,1558,372242,372065
2022-03-22 21:52:00.000000000,1647957120000000000,3671,3676,3668,3671,1591,372065,372163
2022-03-22 21:53:00.000000000,1647957180000000000,3671,3674,3669,3673,1189,372163,372335
2022-03-22 21:54:00.000000000,1647957240000000000,3673,3676,3670,3671,1242,372335,372221
2022-03-22 21:55:00.000000000,1647957300000000000,3671,3675,3669,3669,1250,372221,372119
2022-03-22 21:56:00.000000000,1647957360000000000,3669,3671,3667,3667,1930,372119,372095
2022-03-22 21:57:00.000000000,1647957420000000000,3667,3671,3665,3670,1805,372095,372490
2022-03-22 21:58:00.000000000,1647957480000000000,3670,3670,3664,3665,1461,372490,372695
2022-03-22 21:59:00.000000000,1647957540000000000,3665,3668,3664,3666,1475,372695,373012
2022-03-22 22:00:00.000000000,1647957600000000000,3666,3674,3665,3670,2082,373012,373328
2022-03-22 22:01:00.000000000,1647957660000000000,3670,3673,3668,3668,1315,373328,373260
2022-03-22 22:02:00.000000000,1647957720000000000,3668,3674,3667,3671,1554,373260,373449
2022-03-22 22:03:00.000000000,1647957780000000000,3671,3673,3669,3672,1083,373449,373579
2022-03-22 22:04:00.000000000,1647957840000000000,3672,3674,3665,3665,1381,373579,373638
2022-03-22 22:05:00.000000000,1647957900000000000,3665,3666,3660,3665,2911,373638,373614
2022-03-22 22:06:00.000000000,1647957960000000000,3665,3668,3662,3668,1585,373614,373699
2022-03-22 22:07:00.000000000,1647958020000000000,3668,3671,3665,3670,1328,373699,373602
2022-03-22 22:08:00.000000000,1647958080000000000,3670,3674,3666,3668,1976,373602,373631
2022-03-22 22:09:00.000000000,1647958140000000000,3668,3671,3667,3668,597,373631,373522
2022-03-22 22:10:00.000000000,1647958200000000000,3668,3671,3663,3670,1246,373522,373597
2022-03-22 22:11:00.000000000,1647958260000000000,3670,3674,3669,3673,1195,373597,373770
2022-03-22 22:12:00.000000000,1647958320000000000,3673,3673,3668,3670,1015,373770,373678
2022-03-22 22:13:00.000000000,1647958380000000000,3670,3671,3667,3668,623,373678,373642
2022-03-22 22:14:00.000000000,1647958440000000000,3668,3672,3667,3670,737,373642,373739
2022-03-22 22:15:00.000000000,1647958500000000000,3670,3670,3665,3666,1240,373739,373759
2022-03-22 22:16:00.000000000,1647958560000000000,3666,3669,3666,3669,811,373759,373798
2022-03-22 22:17:00.000000000,1647958620000000000,3669,3672,3666,3671,857,373798,373880
2022-03-22 22:18:00.000000000,1647958680000000000,3671,3675,3669,3670,1941,373880,373698
2022-03-22 22:19:00.000000000,1647958740000000000,3670,3672,3668,3669,843,373698,373577
2022-03-22 22:20:00.000000000,1647958800000000000,3669,3673,3667,3670,1012,373577,373663
2022-03-22 22:21:00.000000000,1647958860000000000,3670,3673,3668,3672,1363,373663,373519
2022-03-22 22:22:00.000000000,1647958920000000000,3672,3676,3672,3673,1769,373519,373272
2022-03-22 22:23:00.000000000,1647958980000000000,3673,3678,3673,3677,767,373272,373263
2022-03-22 22:24:00.000000000,1647959040000000000,3677,3678,3669,3669,1499,373263,373195
2022-03-22 22:25:00.000000000,1647959100000000000,3669,3674,3669,3671,688,373195,373094
2022-03-22 22:26:00.000000000,1647959160000000000,3671,3671,3665,3666,1620,373094,373099
2022-03-22 22:27:00.000000000,1647959220000000000,3666,3670,3665,3668,915,373099,373149
2022-03-22 22:28:00.000000000,1647959280000000000,3668,3672,3668,3669,932,373149,373041
2022-03-22 22:29:00.000000000,1647959340000000000,3669,3674,3668,3668,836,373041,373087
2022-03-22 22:30:00.000000000,1647959400000000000,3668,3671,3661,3663,2016,373087,373050
2022-03-22 22:31:00.000000000,1647959460000000000,3663,3666,3662,3665,1047,373050,372952
2022-03-22 22:32:00.000000000,1647959520000000000,3665,3668,3662,3666,1138,372952,372890
2022-03-22 22:33:00.000000000,1647959580000000000,3666,3667,3662,3667,681,372890,372841
2022-03-22 22:34:00.000000000,1647959640000000000,3667,3668,3663,3663,719,372841,372803
2022-03-22 22:35:00.000000000,1647959700000000000,3663,3668,3663,3666,737,372803,372761
2022-03-22 22:36:00.000000000,1647959760000000000,3666,3672,3665,3669,1282,372761,372700
2022-03-22 22:37:00.000000000,1647959820000000000,3669,3672,3664,3666,932,372700,372554
2022-03-22 22:38:00.000000000,1647959880000000000,3666,3672,3666,3670,635,372554,372592
2022-03-22 22:39:00.000000000,1647959940000000000,3670,3670,3664,3665,935,372592,372441
2022-03-22 22:40:00.000000000,1647960000000000000,3665,3673,3665,3672,1157,372441,372385
2022-03-22 22:41:00.000000000,1647960060000000000,3672,3672,3668,3668,656,372385,372312
2022-03-22 22:42:00.000000000,1647960120000000000,3668,3669,3665,3666,894,372312,372305
2022-03-22 22:43:00.000000000,1647960180000000000,3666,3669,3666,3669,545,372305,372247
2022-03-22 22:44:00.000000000,1647960240000000000,3669,3670,3665,3667,955,372247,372095
2022-03-22 22:45:00.000000000,1647960300000000000,3667,3674,3666,3671,1405,372095,372064
2022-03-22 22:46:00.000000000,1647960360000000000,3671,3672,3669,3669,657,372064,371966
2022-03-22 22:47:00.000000000,1647960420000000000,3669,3671,3667,3668,862,371966,371772
2022-03-22 22:48:00.000000000,1647960480000000000,3668,3671,3667,3667,722,371772,371725
2022-03-22 22:49:00.000000000,1647960540000000000,3667,3670,3666,3668,473,371725,371571
2022-03-22 22:50:00.000000000,1647960600000000000,3668,3673,3668,3670,1177,371571,371427
2022-03-22 22:51:00.000000000,1647960660000000000,3670,3673,3670,3671,1340,371427,370959
2022-03-22 22:52:00.000000000,1647960720000000000,3671,3671,3666,3669,877,370959,370982
2022-03-22 22:53:00.000000000,1647960780000000000,3669,3670,3667,3670,433,370982,370799
2022-03-22 22:54:00.000000000,1647960840000000000,3670,3670,3668,3668,901,370799,370432
2022-03-22 22:55:00.000000000,1647960900000000000,3668,3669,3666,3668,1047,370432,370247
2022-03-22 22:56:00.000000000,1647960960000000000,3668,3673,3668,3672,1399,370247,369752
2022-03-22 22:57:00.000000000,1647961020000000000,3672,3673,3670,3672,891,369752,369744
2022-03-22 22:58:00.000000000,1647961080000000000,3672,3672,3669,3670,1027,369744,369507
2022-03-22 22:59:00.000000000,1647961140000000000,3670,3671,3665,3668,1810,369507,368877
2022-03-23 09:00:00.000000000,1647997200000000000,3668,3676,3667,3674,2714,368877,369173
2022-03-23 09:01:00.000000000,1647997260000000000,3674,3675,3669,3670,2108,369173,369160
2022-03-23 09:02:00.000000000,1647997320000000000,3670,3671,3667,3669,1992,369160,369470
2022-03-23 09:03:00.000000000,1647997380000000000,3669,3677,3669,3676,3328,369470,369460
2022-03-23 09:04:00.000000000,1647997440000000000,3676,3685,3675,3682,3687,369460,369972
2022-03-23 09:05:00.000000000,1647997500000000000,3682,3684,3679,3681,1736,369972,370134
2022-03-23 09:06:00.000000000,1647997560000000000,3681,3686,3680,3685,2145,370134,370340
2022-03-23 09:07:00.000000000,1647997620000000000,3685,3697,3683,3690,3394,370340,370346
2022-03-23 09:08:00.000000000,1647997680000000000,3690,3690,3684,3686,1659,370346,370692
2022-03-23 09:09:00.000000000,1647997740000000000,3686,3689,3685,3685,753,370692,370760
2022-03-23 09:10:00.000000000,1647997800000000000,3685,3688,3683,3688,1147,370760,370686
2022-03-23 09:11:00.000000000,1647997860000000000,3688,3694,3688,3692,1604,370686,370728
2022-03-23 09:12:00.000000000,1647997920000000000,3692,3696,3689,3695,1466,370728,370899
2022-03-23 09:13:00.000000000,1647997980000000000,3695,3696,3689,3692,1050,370899,371129
2022-03-23 09:14:00.000000000,1647998040000000000,3692,3698,3690,3697,1969,371129,371448
2022-03-23 09:15:00.000000000,1647998100000000000,3697,3701,3697,3699,2510,371448,371581
2022-03-23 09:16:00.000000000,1647998160000000000,3699,3700,3697,3697,1183,371581,371781
2022-03-23 09:17:00.000000000,1647998220000000000,3697,3697,3693,3695,1596,371781,371958
2022-03-23 09:18:00.000000000,1647998280000000000,3695,3698,3693,3698,1292,371958,372133
2022-03-23 09:19:00.000000000,1647998340000000000,3698,3698,3693,3697,1040,372133,372260
2022-03-23 09:20:00.000000000,1647998400000000000,3697,3698,3693,3696,1221,372260,372449
2022-03-23 09:21:00.000000000,1647998460000000000,3696,3697,3694,3694,649,372449,372640
2022-03-23 09:22:00.000000000,1647998520000000000,3694,3695,3692,3692,787,372640,372560
2022-03-23 09:23:00.000000000,1647998580000000000,3692,3698,3692,3696,1333,372560,372739
2022-03-23 09:24:00.000000000,1647998640000000000,3696,3696,3692,3695,939,372739,372778
2022-03-23 09:25:00.000000000,1647998700000000000,3695,3696,3692,3693,483,372778,372798
2022-03-23 09:26:00.000000000,1647998760000000000,3693,3695,3691,3695,563,372798,372730
2022-03-23 09:27:00.000000000,1647998820000000000,3695,3695,3686,3688,2607,372730,372770
2022-03-23 09:28:00.000000000,1647998880000000000,3688,3694,3688,3693,670,372770,372772
2022-03-23 09:29:00.000000000,1647998940000000000,3693,3693,3690,3690,419,372772,372799
2022-03-23 09:30:00.000000000,1647999000000000000,3690,3692,3685,3686,1435,372799,372667
2022-03-23 09:31:00.000000000,1647999060000000000,3686,3689,3685,3686,765,372667,372641
2022-03-23 09:32:00.000000000,1647999120000000000,3686,3688,3682,3687,1704,372641,372831
2022-03-23 09:33:00.000000000,1647999180000000000,3687,3687,3683,3686,627,372831,373027
2022-03-23 09:34:00.000000000,1647999240000000000,3686,3687,3685,3686,447,373027,373136
2022-03-23 09:35:00.000000000,1647999300000000000,3686,3692,3686,3689,1159,373136,373477
2022-03-23 09:36:00.000000000,1647999360000000000,3689,3689,3685,3686,536,373477,373539
2022-03-23 09:37:00.000000000,1647999420000000000,3686,3689,3686,3687,568,373539,373435
2022-03-23 09:38:00.000000000,1647999480000000000,3687,3687,3685,3687,352,373435,373419
2022-03-23 09:39:00.000000000,1647999540000000000,3687,3687,3685,3685,358,373419,373470
2022-03-23 09:40:00.000000000,1647999600000000000,3685,3689,3684,3687,761,373470,373522
2022-03-23 09:41:00.000000000,1647999660000000000,3687,3691,3687,3689,314,373522,373530
2022-03-23 09:42:00.000000000,1647999720000000000,3689,3691,3689,3689,282,373530,373502
2022-03-23 09:43:00.000000000,1647999780000000000,3689,3689,3686,3687,353,373502,373585
2022-03-23 09:44:00.000000000,1647999840000000000,3687,3697,3687,3697,1088,373585,373567
2022-03-23 09:45:00.000000000,1647999900000000000,3697,3702,3696,3701,1605,373567,373518
2022-03-23 09:46:00.000000000,1647999960000000000,3701,3702,3697,3699,1326,373518,373710
2022-03-23 09:47:00.000000000,1648000020000000000,3699,3700,3697,3698,521,373710,373796
2022-03-23 09:48:00.000000000,1648000080000000000,3698,3699,3688,3690,2128,373796,374097
2022-03-23 09:49:00.000000000,1648000140000000000,3690,3697,3690,3694,1461,374097,374242
2022-03-23 09:50:00.000000000,1648000200000000000,3694,3700,3694,3700,891,374242,374358
2022-03-23 09:51:00.000000000,1648000260000000000,3700,3700,3697,3698,869,374358,374337
2022-03-23 09:52:00.000000000,1648000320000000000,3698,3700,3696,3699,760,374337,374397
2022-03-23 09:53:00.000000000,1648000380000000000,3699,3706,3699,3703,2198,374397,374409
2022-03-23 09:54:00.000000000,1648000440000000000,3703,3703,3699,3699,749,374409,374429
2022-03-23 09:55:00.000000000,1648000500000000000,3699,3702,3698,3702,722,374429,374459
2022-03-23 09:56:00.000000000,1648000560000000000,3702,3703,3700,3700,668,374459,374484
2022-03-23 09:57:00.000000000,1648000620000000000,3700,3702,3700,3701,276,374484,374511
2022-03-23 09:58:00.000000000,1648000680000000000,3701,3705,3696,3703,1831,374511,374386
2022-03-23 09:59:00.000000000,1648000740000000000,3703,3706,3703,3706,910,374386,374396
2022-03-23 10:00:00.000000000,1648000800000000000,3706,3706,3704,3705,848,374396,374655
2022-03-23 10:01:00.000000000,1648000860000000000,3705,3706,3703,3705,503,374655,374768
2022-03-23 10:02:00.000000000,1648000920000000000,3705,3710,3705,3709,1342,374768,374633
2022-03-23 10:03:00.000000000,1648000980000000000,3709,3713,3708,3710,1399,374633,374532
2022-03-23 10:04:00.000000000,1648001040000000000,3710,3716,3709,3715,1964,374532,374236
2022-03-23 10:05:00.000000000,1648001100000000000,3715,3716,3713,3713,1246,374236,374476
2022-03-23 10:06:00.000000000,1648001160000000000,3713,3715,3710,3714,1203,374476,374375
2022-03-23 10:07:00.000000000,1648001220000000000,3714,3717,3712,3716,1094,374375,374450
2022-03-23 10:08:00.000000000,1648001280000000000,3716,3718,3713,3714,1039,374450,374477
2022-03-23 10:09:00.000000000,1648001340000000000,3714,3714,3711,3712,625,374477,374468
2022-03-23 10:10:00.000000000,1648001400000000000,3712,3713,3708,3709,969,374468,374515
2022-03-23 10:11:00.000000000,1648001460000000000,3709,3712,3708,3711,626,374515,374509
2022-03-23 10:12:00.000000000,1648001520000000000,3711,3714,3711,3713,437,374509,374579
2022-03-23 10:13:00.000000000,1648001580000000000,3713,3714,3711,3711,505,374579,374811
2022-03-23 10:14:00.000000000,1648001640000000000,3711,3714,3710,3711,556,374811,374709
2022-03-23 10:30:00.000000000,1648002600000000000,3716,3723,3716,3721,3334,374709,374821
2022-03-23 10:31:00.000000000,1648002660000000000,3721,3727,3721,3722,2385,374821,375189
2022-03-23 10:32:00.000000000,1648002720000000000,3722,3726,3720,3725,1319,375189,375170
2022-03-23 10:33:00.000000000,1648002780000000000,3725,3725,3720,3721,1100,375170,375397
2022-03-23 10:34:00.000000000,1648002840000000000,3721,3724,3720,3722,881,375397,375477
2022-03-23 10:35:00.000000000,1648002900000000000,3722,3725,3721,3723,847,375477,375480
2022-03-23 10:36:00.000000000,1648002960000000000,3723,3724,3722,3723,477,375480,375482
2022-03-23 10:37:00.000000000,1648003020000000000,3723,3724,3722,3722,1098,375482,375856
2022-03-23 10:38:00.000000000,1648003080000000000,3722,3727,3721,3726,796,375856,375732
2022-03-23 10:39:00.000000000,1648003140000000000,3726,3727,3725,3726,761,375732,375746
2022-03-23 10:40:00.000000000,1648003200000000000,3726,3735,3726,3727,2620,375746,375542
2022-03-23 10:41:00.000000000,1648003260000000000,3727,3727,3721,3722,942,375542,375504
2022-03-23 10:42:00.000000000,1648003320000000000,3722,3724,3720,3720,851,375504,375507
2022-03-23 10:43:00.000000000,1648003380000000000,3720,3722,3718,3719,1064,375507,375317
2022-03-23 10:44:00.000000000,1648003440000000000,3719,3720,3716,3716,663,375317,375201
2022-03-23 10:45:00.000000000,1648003500000000000,3716,3721,3716,3719,531,375201,375213
2022-03-23 10:46:00.000000000,1648003560000000000,3719,3720,3717,3718,589,375213,375179
2022-03-23 10:47:00.000000000,1648003620000000000,3718,3723,3718,3722,677,375179,375347
2022-03-23 10:48:00.000000000,1648003680000000000,3722,3725,3721,3722,695,375347,375358
2022-03-23 10:49:00.000000000,1648003740000000000,3722,3725,3722,3724,329,375358,375391
2022-03-23 10:50:00.000000000,1648003800000000000,3724,3730,3724,3727,1318,375391,375471
2022-03-23 10:51:00.000000000,1648003860000000000,3727,3730,3726,3728,663,375471,375486
2022-03-23 10:52:00.000000000,1648003920000000000,3728,3732,3728,3730,906,375486,375378
2022-03-23 10:53:00.000000000,1648003980000000000,3730,3732,3728,3728,697,375378,375585
2022-03-23 10:54:00.000000000,1648004040000000000,3728,3730,3727,3729,594,375585,375584
2022-03-23 10:55:00.000000000,1648004100000000000,3729,3730,3727,3728,321,375584,375634
2022-03-23 10:56:00.000000000,1648004160000000000,3728,3734,3728,3733,1075,375634,375910
2022-03-23 10:57:00.000000000,1648004220000000000,3733,3735,3733,3734,693,375910,376012
2022-03-23 10:58:00.000000000,1648004280000000000,3734,3735,3732,3735,601,376012,376014
2022-03-23 10:59:00.000000000,1648004340000000000,3735,3739,3735,3737,1305,376014,375692
2022-03-23 11:00:00.000000000,1648004400000000000,3737,3743,3737,3742,1664,375692,375602
2022-03-23 11:01:00.000000000,1648004460000000000,3742,3743,3737,3740,951,375602,375598
2022-03-23 11:02:00.000000000,1648004520000000000,3740,3741,3738,3738,631,375598,375691
2022-03-23 11:03:00.000000000,1648004580000000000,3738,3744,3738,3743,854,375691,375844
2022-03-23 11:04:00.000000000,1648004640000000000,3743,3745,3741,3741,554,375844,375923
2022-03-23 11:05:00.000000000,1648004700000000000,3741,3755,3741,3754,4035,375923,375936
2022-03-23 11:06:00.000000000,1648004760000000000,3754,3758,3753,3757,2393,375936,376206
2022-03-23 11:07:00.000000000,1648004820000000000,3757,3763,3754,3761,1761,376206,376617
2022-03-23 11:08:00.000000000,1648004880000000000,3761,3763,3755,3755,1765,376617,376642
2022-03-23 11:09:00.000000000,1648004940000000000,3755,3762,3754,3758,1294,376642,376779
2022-03-23 11:10:00.000000000,1648005000000000000,3758,3760,3757,3757,716,376779,376809
2022-03-23 11:11:00.000000000,1648005060000000000,3757,3768,3757,3766,2002,376809,377181
2022-03-23 11:12:00.000000000,1648005120000000000,3766,3773,3766,3770,2278,377181,377572
2022-03-23 11:13:00.000000000,1648005180000000000,3770,3772,3765,3768,1693,377572,377447
2022-03-23 11:14:00.000000000,1648005240000000000,3768,3775,3767,3770,1979,377447,377446
2022-03-23 11:15:00.000000000,1648005300000000000,3770,3775,3770,3774,1399,377446,377488
2022-03-23 11:16:00.000000000,1648005360000000000,3774,3783,3774,3779,2401,377488,377452
2022-03-23 11:17:00.000000000,1648005420000000000,3779,3783,3779,3780,1325,377452,377397
2022-03-23 11:18:00.000000000,1648005480000000000,3780,3786,3779,3781,1881,377397,377368
2022-03-23 11:19:00.000000000,1648005540000000000,3781,3781,3772,3775,2453,377368,376594
2022-03-23 11:20:00.000000000,1648005600000000000,3775,3783,3774,3778,2130,376594,376531
2022-03-23 11:21:00.000000000,1648005660000000000,3778,3783,3777,3782,1238,376531,376271
2022-03-23 11:22:00.000000000,1648005720000000000,3782,3784,3780,3781,1077,376271,376199
2022-03-23 11:23:00.000000000,1648005780000000000,3781,3784,3780,3780,859,376199,376112
2022-03-23 11:24:00.000000000,1648005840000000000,3780,3782,3776,3776,1140,376112,376018
2022-03-23 11:25:00.000000000,1648005900000000000,3776,3781,3775,3776,1391,376018,375781
2022-03-23 11:26:00.000000000,1648005960000000000,3776,3776,3772,3772,1996,375781,375222
2022-03-23 11:27:00.000000000,1648006020000000000,3772,3778,3772,3777,1555,375222,375056
2022-03-23 11:28:00.000000000,1648006080000000000,3777,3781,3777,3777,1128,375056,375061
2022-03-23 11:29:00.000000000,1648006140000000000,3777,3779,3773,3777,1500,375061,374694
2022-03-23 13:30:00.000000000,1648013400000000000,3770,3774,3767,3771,4551,374694,374605
2022-03-23 13:31:00.000000000,1648013460000000000,3771,3780,3771,3778,1452,374605,374723
2022-03-23 13:32:00.000000000,1648013520000000000,3778,3782,3770,3770,1840,374723,374688
2022-03-23 13:33:00.000000000,1648013580000000000,3770,3773,3768,3768,1365,374688,374906
2022-03-23 13:34:00.000000000,1648013640000000000,3768,3769,3761,3766,2029,374906,374580
2022-03-23 13:35:00.000000000,1648013700000000000,3766,3774,3766,3769,1805,374580,374331
2022-03-23 13:36:00.000000000,1648013760000000000,3769,3770,3762,3765,1160,374331,374208
2022-03-23 13:37:00.000000000,1648013820000000000,3765,3765,3760,3761,1444,374208,373868
2022-03-23 13:38:00.000000000,1648013880000000000,3761,3762,3756,3759,1469,373868,373521
2022-03-23 13:39:00.000000000,1648013940000000000,3759,3764,3759,3763,689,373521,373549
2022-03-23 13:40:00.000000000,1648014000000000000,3763,3764,3758,3759,913,373549,373673
2022-03-23 13:41:00.000000000,1648014060000000000,3759,3764,3758,3762,655,373673,373673
2022-03-23 13:42:00.000000000,1648014120000000000,3762,3768,3762,3768,1078,373673,373550
2022-03-23 13:43:00.000000000,1648014180000000000,3768,3768,3764,3764,752,373550,373495
2022-03-23 13:44:00.000000000,1648014240000000000,3764,3767,3764,3767,393,373495,373367
2022-03-23 13:45:00.000000000,1648014300000000000,3767,3774,3766,3773,1522,373367,373220
2022-03-23 13:46:00.000000000,1648014360000000000,3773,3774,3772,3772,583,373220,373272
2022-03-23 13:47:00.000000000,1648014420000000000,3772,3779,3772,3779,1366,373272,373225
2022-03-23 13:48:00.000000000,1648014480000000000,3779,3779,3773,3773,1017,373225,373348
2022-03-23 13:49:00.000000000,1648014540000000000,3773,3773,3765,3765,988,373348,373249
2022-03-23 13:50:00.000000000,1648014600000000000,3765,3772,3765,3770,807,373249,373231
2022-03-23 13:51:00.000000000,1648014660000000000,3770,3776,3770,3774,1399,373231,373223
2022-03-23 13:52:00.000000000,1648014720000000000,3774,3775,3769,3769,885,373223,373145
2022-03-23 13:53:00.000000000,1648014780000000000,3769,3770,3765,3767,1409,373145,373069
2022-03-23 13:54:00.000000000,1648014840000000000,3767,3767,3764,3765,849,373069,373050
2022-03-23 13:55:00.000000000,1648014900000000000,3765,3768,3765,3767,705,373050,372955
2022-03-23 13:56:00.000000000,1648014960000000000,3767,3769,3766,3766,544,372955,372917
2022-03-23 13:57:00.000000000,1648015020000000000,3766,3767,3765,3765,699,372917,372871
2022-03-23 13:58:00.000000000,1648015080000000000,3765,3767,3764,3767,716,372871,373016
2022-03-23 13:59:00.000000000,1648015140000000000,3767,3768,3764,3764,535,373016,372971
2022-03-23 14:00:00.000000000,1648015200000000000,3764,3766,3753,3753,2558,372971,372474
2022-03-23 14:01:00.000000000,1648015260000000000,3753,3761,3753,3761,1435,372474,372373
2022-03-23 14:02:00.000000000,1648015320000000000,3761,3764,3759,3763,1236,372373,372396
2022-03-23 14:03:00.000000000,1648015380000000000,3763,3764,3762,3764,423,372396,372439
2022-03-23 14:04:00.000000000,1648015440000000000,3764,3765,3762,3764,584,372439,372341
2022-03-23 14:05:00.000000000,1648015500000000000,3764,3773,3763,3771,2023,372341,372170
2022-03-23 14:06:00.000000000,1648015560000000000,3771,3771,3765,3767,1084,372170,372119
2022-03-23 14:07:00.000000000,1648015620000000000,3767,3767,3761,3761,1110,372119,371807
2022-03-23 14:08:00.000000000,1648015680000000000,3761,3763,3756,3756,934,371807,371683
2022-03-23 14:09:00.000000000,1648015740000000000,3756,3757,3749,3752,2533,371683,371647
2022-03-23 14:10:00.000000000,1648015800000000000,3752,3755,3752,3754,1374,371647,371603
2022-03-23 14:11:00.000000000,1648015860000000000,3754,3754,3745,3746,1929,371603,371168
2022-03-23 14:12:00.000000000,1648015920000000000,3746,3746,3737,3742,4209,371168,369956
2022-03-23 14:13:00.000000000,1648015980000000000,3742,3743,3737,3738,2007,369956,369822
2022-03-23 14:14:00.000000000,1648016040000000000,3738,3739,3735,3737,1919,369822,369575
2022-03-23 14:15:00.000000000,1648016100000000000,3737,3742,3735,3740,1957,369575,369412
2022-03-23 14:16:00.000000000,1648016160000000000,3740,3746,3739,3742,1600,369412,369132
2022-03-23 14:17:00.000000000,1648016220000000000,3742,3744,3741,3743,554,369132,369114
2022-03-23 14:18:00.000000000,1648016280000000000,3743,3746,3741,3745,855,369114,368921
2022-03-23 14:19:00.000000000,1648016340000000000,3745,3746,3738,3739,1151,368921,368734
2022-03-23 14:20:00.000000000,1648016400000000000,3739,3740,3732,3732,1963,368734,368671
2022-03-23 14:21:00.000000000,1648016460000000000,3732,3735,3730,3735,1366,368671,368669
2022-03-23 14:22:00.000000000,1648016520000000000,3735,3739,3734,3737,993,368669,368586
2022-03-23 14:23:00.000000000,1648016580000000000,3737,3740,3733,3733,1327,368586,368418
2022-03-23 14:24:00.000000000,1648016640000000000,3733,3735,3728,3729,1833,368418,368474
2022-03-23 14:25:00.000000000,1648016700000000000,3729,3734,3727,3733,1167,368474,368528
2022-03-23 14:26:00.000000000,1648016760000000000,3733,3738,3732,3738,1448,368528,368681
2022-03-23 14:27:00.000000000,1648016820000000000,3738,3738,3728,3730,1262,368681,368624
2022-03-23 14:28:00.000000000,1648016880000000000,3730,3734,3729,3733,866,368624,368490
2022-03-23 14:29:00.000000000,1648016940000000000,3733,3737,3733,3736,1044,368490,368637
2022-03-23 14:30:00.000000000,1648017000000000000,3736,3737,3734,3736,851,368637,368660
2022-03-23 14:31:00.000000000,1648017060000000000,3736,3736,3729,3730,1675,368660,368495
2022-03-23 14:32:00.000000000,1648017120000000000,3730,3735,3730,3735,725,368495,368623
2022-03-23 14:33:00.000000000,1648017180000000000,3735,3740,3735,3738,1337,368623,368664
2022-03-23 14:34:00.000000000,1648017240000000000,3738,3738,3735,3736,552,368664,368724
2022-03-23 14:35:00.000000000,1648017300000000000,3736,3736,3724,3728,3022,368724,368470
2022-03-23 14:36:00.000000000,1648017360000000000,3728,3730,3727,3729,938,368470,368680
2022-03-23 14:37:00.000000000,1648017420000000000,3729,3731,3727,3730,1007,368680,368799
2022-03-23 14:38:00.000000000,1648017480000000000,3730,3730,3727,3728,880,368799,368976
2022-03-23 14:39:00.000000000,1648017540000000000,3728,3737,3728,3733,1288,368976,368801
2022-03-23 14:40:00.000000000,1648017600000000000,3733,3736,3732,3735,840,368801,368629
2022-03-23 14:41:00.000000000,1648017660000000000,3735,3736,3728,3731,1752,368629,368557
2022-03-23 14:42:00.000000000,1648017720000000000,3731,3735,3729,3733,736,368557,368464
2022-03-23 14:43:00.000000000,1648017780000000000,3733,3737,3733,3735,991,368464,368260
2022-03-23 14:44:00.000000000,1648017840000000000,3735,3737,3733,3735,462,368260,368303
2022-03-23 14:45:00.000000000,1648017900000000000,3735,3739,3735,3737,808,368303,368185
2022-03-23 14:46:00.000000000,1648017960000000000,3737,3742,3736,3742,1173,368185,368061
2022-03-23 14:47:00.000000000,1648018020000000000,3742,3746,3740,3744,1427,368061,367737
2022-03-23 14:48:00.000000000,1648018080000000000,3744,3746,3742,3743,1305,367737,367305
2022-03-23 14:49:00.000000000,1648018140000000000,3743,3743,3739,3743,892,367305,367247
2022-03-23 14:50:00.000000000,1648018200000000000,3743,3748,3741,3748,1110,367247,366983
2022-03-23 14:51:00.000000000,1648018260000000000,3748,3753,3747,3750,2182,366983,366659
2022-03-23 14:52:00.000000000,1648018320000000000,3750,3752,3746,3747,819,366659,366455
2022-03-23 14:53:00.000000000,1648018380000000000,3747,3748,3745,3747,768,366455,366098
2022-03-23 14:54:00.000000000,1648018440000000000,3747,3753,3747,3752,1814,366098,365724
2022-03-23 14:55:00.000000000,1648018500000000000,3752,3764,3751,3764,2277,365724,365522
2022-03-23 14:56:00.000000000,1648018560000000000,3764,3765,3747,3748,3506,365522,364329
2022-03-23 14:57:00.000000000,1648018620000000000,3748,3755,3748,3754,1384,364329,364310
2022-03-23 14:58:00.000000000,1648018680000000000,3754,3755,3748,3748,1894,364310,364260
2022-03-23 14:59:00.000000000,1648018740000000000,3748,3755,3748,3753,2190,364260,364052
2022-03-23 21:00:00.000000000,1648040400000000000,3820,3847,3820,3837,16494,364052,363457
2022-03-23 21:01:00.000000000,1648040460000000000,3837,3840,3824,3825,7512,363457,362788
2022-03-23 21:02:00.000000000,1648040520000000000,3825,3826,3811,3814,6809,362788,362923
2022-03-23 21:03:00.000000000,1648040580000000000,3814,3833,3813,3833,5445,362923,363358
2022-03-23 21:04:00.000000000,1648040640000000000,3833,3837,3832,3834,3334,363358,363423
2022-03-23 21:05:00.000000000,1648040700000000000,3834,3842,3834,3834,4539,363423,363509
2022-03-23 21:06:00.000000000,1648040760000000000,3834,3834,3822,3832,4070,363509,363391
2022-03-23 21:07:00.000000000,1648040820000000000,3832,3832,3817,3822,4352,363391,363109
2022-03-23 21:08:00.000000000,1648040880000000000,3822,3824,3805,3805,4821,363109,363110
2022-03-23 21:09:00.000000000,1648040940000000000,3805,3813,3804,3812,3921,363110,362929
2022-03-23 21:10:00.000000000,1648041000000000000,3812,3819,3812,3816,2087,362929,362980
2022-03-23 21:11:00.000000000,1648041060000000000,3816,3819,3810,3819,2108,362980,363156
2022-03-23 21:12:00.000000000,1648041120000000000,3819,3830,3819,3829,3624,363156,362981
2022-03-23 21:13:00.000000000,1648041180000000000,3829,3832,3824,3825,2923,362981,363179
2022-03-23 21:14:00.000000000,1648041240000000000,3825,3829,3821,3824,2168,363179,363370
2022-03-23 21:15:00.000000000,1648041300000000000,3824,3828,3816,3817,3236,363370,363440
2022-03-23 21:16:00.000000000,1648041360000000000,3817,3823,3813,3818,2091,363440,363495
2022-03-23 21:17:00.000000000,1648041420000000000,3818,3826,3817,3824,1331,363495,363531
2022-03-23 21:18:00.000000000,1648041480000000000,3824,3829,3824,3827,1877,363531,363881
2022-03-23 21:19:00.000000000,1648041540000000000,3827,3828,3820,3821,1843,363881,364054
2022-03-23 21:20:00.000000000,1648041600000000000,3821,3829,3821,3829,2286,364054,364564
2022-03-23 21:21:00.000000000,1648041660000000000,3829,3829,3821,3822,2064,364564,364698
2022-03-23 21:22:00.000000000,1648041720000000000,3822,3826,3820,3826,2086,364698,364814
2022-03-23 21:23:00.000000000,1648041780000000000,3826,3831,3824,3830,2129,364814,365062
2022-03-23 21:24:00.000000000,1648041840000000000,3830,3837,3829,3832,3635,365062,365547
2022-03-23 21:25:00.000000000,1648041900000000000,3832,3834,3824,3830,2220,365547,365570
2022-03-23 21:26:00.000000000,1648041960000000000,3830,3835,3828,3833,1657,365570,365622
2022-03-23 21:27:00.000000000,1648042020000000000,3833,3836,3832,3832,1624,365622,365832
2022-03-23 21:28:00.000000000,1648042080000000000,3832,3833,3828,3831,1817,365832,365754
2022-03-23 21:29:00.000000000,1648042140000000000,3831,3840,3830,3839,3235,365754,366050
2022-03-23 21:30:00.000000000,1648042200000000000,3839,3845,3839,3839,3921,366050,366382
2022-03-23 21:31:00.000000000,1648042260000000000,3839,3842,3834,3840,2117,366382,366379
2022-03-23 21:32:00.000000000,1648042320000000000,3840,3850,3840,3850,6393,366379,366516
2022-03-23 21:33:00.000000000,1648042380000000000,3850,3852,3847,3850,2764,366516,366668
2022-03-23 21:34:00.000000000,1648042440000000000,3850,3852,3845,3845,2488,366668,366852
2022-03-23 21:35:00.000000000,1648042500000000000,3845,3849,3842,3843,2281,366852,366797
2022-03-23 21:36:00.000000000,1648042560000000000,3843,3847,3842,3844,1140,366797,366640
2022-03-23 21:37:00.000000000,1648042620000000000,3844,3846,3842,3842,1317,366640,366661
2022-03-23 21:38:00.000000000,1648042680000000000,3842,3846,3839,3845,1577,366661,366568
2022-03-23 21:39:00.000000000,1648042740000000000,3845,3846,3841,3842,1323,366568,366552
2022-03-23 21:40:00.000000000,1648042800000000000,3842,3844,3839,3840,1644,366552,366513
2022-03-23 21:41:00.000000000,1648042860000000000,3840,3841,3832,3839,2882,366513,366424
2022-03-23 21:42:00.000000000,1648042920000000000,3839,3847,3839,3844,1928,366424,366563
2022-03-23 21:43:00.000000000,1648042980000000000,3844,3846,3839,3841,1584,366563,366548
2022-03-23 21:44:00.000000000,1648043040000000000,3841,3845,3839,3845,868,366548,366538
2022-03-23 21:45:00.000000000,1648043100000000000,3845,3848,3841,3842,1939,366538,366539
2022-03-23 21:46:00.000000000,1648043160000000000,3842,3843,3836,3838,1494,366539,366407
2022-03-23 21:47:00.000000000,1648043220000000000,3838,3843,3835,3841,1458,366407,366392
2022-03-23 21:48:00.000000000,1648043280000000000,3841,3841,3837,3840,1917,366392,366811
2022-03-23 21:49:00.000000000,1648043340000000000,3840,3846,3836,3838,2323,366811,366600
2022-03-23 21:50:00.000000000,1648043400000000000,3838,3841,3834,3835,2042,366600,366207
2022-03-23 21:51:00.000000000,1648043460000000000,3835,3836,3826,3827,3228,366207,365855
2022-03-23 21:52:00.000000000,1648043520000000000,3827,3831,3824,3825,2182,365855,365970
2022-03-23 21:53:00.000000000,1648043580000000000,3825,3831,3824,3830,1726,365970,365647
2022-03-23 21:54:00.000000000,1648043640000000000,3830,3830,3825,3825,1292,365647,365642
2022-03-23 21:55:00.000000000,1648043700000000000,3825,3833,3825,3832,1756,365642,365391
2022-03-23 21:56:00.000000000,1648043760000000000,3832,3832,3826,3827,945,365391,365239
2022-03-23 21:57:00.000000000,1648043820000000000,3827,3828,3819,3822,2540,365239,364980
2022-03-23 21:58:00.000000000,1648043880000000000,3822,3825,3821,3823,761,364980,364762
2022-03-23 21:59:00.000000000,1648043940000000000,3823,3826,3821,3823,1138,364762,364820
2022-03-23 22:00:00.000000000,1648044000000000000,3823,3824,3819,3822,1869,364820,364646
2022-03-23 22:01:00.000000000,1648044060000000000,3822,3824,3819,3824,1464,364646,364698
2022-03-23 22:02:00.000000000,1648044120000000000,3824,3830,3823,3829,1668,364698,364488
2022-03-23 22:03:00.000000000,1648044180000000000,3829,3830,3826,3828,985,364488,364593
2022-03-23 22:04:00.000000000,1648044240000000000,3828,3831,3828,3830,884,364593,364663
2022-03-23 22:05:00.000000000,1648044300000000000,3830,3834,3828,3833,1521,364663,364680
2022-03-23 22:06:00.000000000,1648044360000000000,3833,3834,3826,3827,1512,364680,364644
2022-03-23 22:07:00.000000000,1648044420000000000,3827,3831,3826,3830,929,364644,364703
2022-03-23 22:08:00.000000000,1648044480000000000,3830,3831,3828,3830,712,364703,364568
2022-03-23 22:09:00.000000000,1648044540000000000,3830,3835,3830,3834,949,364568,364582
2022-03-23 22:10:00.000000000,1648044600000000000,3834,3834,3828,3829,601,364582,364606
2022-03-23 22:11:00.000000000,1648044660000000000,3829,3831,3828,3829,468,364606,364622
2022-03-23 22:12:00.000000000,1648044720000000000,3829,3831,3827,3829,1077,364622,364637
2022-03-23 22:13:00.000000000,1648044780000000000,3829,3829,3822,3824,1162,364637,364752
2022-03-23 22:14:00.000000000,1648044840000000000,3824,3826,3821,3822,1264,364752,364385
2022-03-23 22:15:00.000000000,1648044900000000000,3822,3824,3816,3818,2053,364385,364134
2022-03-23 22:16:00.000000000,1648044960000000000,3818,3821,3812,3812,1579,364134,364097
2022-03-23 22:17:00.000000000,1648045020000000000,3812,3815,3811,3812,2588,364097,363608
2022-03-23 22:18:00.000000000,1648045080000000000,3812,3818,3811,3817,1374,363608,363591
2022-03-23 22:19:00.000000000,1648045140000000000,3817,3817,3806,3806,2505,363591,363457
2022-03-23 22:20:00.000000000,1648045200000000000,3806,3814,3806,3814,2399,363457,363785
2022-03-23 22:21:00.000000000,1648045260000000000,3814,3821,3814,3819,1662,363785,363882
2022-03-23 22:22:00.000000000,1648045320000000000,3819,3821,3817,3819,882,363882,363884
2022-03-23 22:23:00.000000000,1648045380000000000,3819,3819,3817,3819,441,363884,363839
2022-03-23 22:24:00.000000000,1648045440000000000,3819,3821,3818,3819,788,363839,363768
2022-03-23 22:25:00.000000000,1648045500000000000,3819,3819,3812,3814,1146,363768,363750
2022-03-23 22:26:00.000000000,1648045560000000000,3814,3820,3814,3819,554,363750,363899
2022-03-23 22:27:00.000000000,1648045620000000000,3819,3819,3813,3818,1105,363899,364010
2022-03-23 22:28:00.000000000,1648045680000000000,3818,3819,3815,3815,458,364010,363954
2022-03-23 22:29:00.000000000,1648045740000000000,3815,3818,3814,3817,1258,363954,363852
2022-03-23 22:30:00.000000000,1648045800000000000,3817,3823,3817,3822,1845,363852,363807
2022-03-23 22:31:00.000000000,1648045860000000000,3822,3829,3820,3827,2271,363807,363512
2022-03-23 22:32:00.000000000,1648045920000000000,3827,3828,3821,3822,1563,363512,363743
2022-03-23 22:33:00.000000000,1648045980000000000,3822,3827,3818,3821,1620,363743,363736
2022-03-23 22:34:00.000000000,1648046040000000000,3821,3824,3819,3824,899,363736,363517
2022-03-23 22:35:00.000000000,1648046100000000000,3824,3828,3820,3824,1180,363517,363523
2022-03-23 22:36:00.000000000,1648046160000000000,3824,3827,3822,3826,1025,363523,363462
2022-03-23 22:37:00.000000000,1648046220000000000,3826,3826,3822,3824,696,363462,363438
2022-03-23 22:38:00.000000000,1648046280000000000,3824,3825,3819,3823,982,363438,363273
2022-03-23 22:39:00.000000000,1648046340000000000,3823,3827,3823,3823,883,363273,363292
2022-03-23 22:40:00.000000000,1648046400000000000,3823,3825,3822,3823,368,363292,363295
2022-03-23 22:41:00.000000000,1648046460000000000,3823,3826,3823,3824,495,363295,363312
2022-03-23 22:42:00.000000000,1648046520000000000,3824,3827,3823,3826,643,363312,363363
2022-03-23 22:43:00.000000000,1648046580000000000,3826,3830,3824,3830,1439,363363,363179
2022-03-23 22:44:00.000000000,1648046640000000000,3830,3830,3826,3830,890,363179,363038
2022-03-23 22:45:00.000000000,1648046700000000000,3830,3835,3830,3834,2006,363038,363418
2022-03-23 22:46:00.000000000,1648046760000000000,3834,3836,3831,3834,1595,363418,363512
2022-03-23 22:47:00.000000000,1648046820000000000,3834,3837,3833,3836,947,363512,363365
2022-03-23 22:48:00.000000000,1648046880000000000,3836,3840,3835,3839,1384,363365,363380
2022-03-23 22:49:00.000000000,1648046940000000000,3839,3843,3839,3840,1537,363380,363274
2022-03-23 22:50:00.000000000,1648047000000000000,3840,3842,3837,3839,1516,363274,363141
2022-03-23 22:51:00.000000000,1648047060000000000,3839,3843,3838,3841,1171,363141,363186
2022-03-23 22:52:00.000000000,1648047120000000000,3841,3845,3841,3841,1280,363186,363207
2022-03-23 22:53:00.000000000,1648047180000000000,3841,3844,3838,3843,1270,363207,363321
2022-03-23 22:54:00.000000000,1648047240000000000,3843,3843,3838,3839,1043,363321,363404
2022-03-23 22:55:00.000000000,1648047300000000000,3839,3840,3834,3836,1784,363404,363503
2022-03-23 22:56:00.000000000,1648047360000000000,3836,3838,3829,3831,1658,363503,363192
2022-03-23 22:57:00.000000000,1648047420000000000,3831,3835,3830,3835,1267,363192,362965
2022-03-23 22:58:00.000000000,1648047480000000000,3835,3837,3833,3835,1324,362965,362706
2022-03-23 22:59:00.000000000,1648047540000000000,3835,3839,3835,3836,1803,362706,362050
2022-03-24 09:00:00.000000000,1648083600000000000,3857,3878,3857,3873,12031,362050,362086
2022-03-24 09:01:00.000000000,1648083660000000000,3873,3874,3867,3874,5076,362086,361622
2022-03-24 09:02:00.000000000,1648083720000000000,3874,3878,3870,3877,4178,361622,362495
2022-03-24 09:03:00.000000000,1648083780000000000,3877,3878,3868,3873,2472,362495,362660
2022-03-24 09:04:00.000000000,1648083840000000000,3873,3875,3870,3872,2560,362660,362094
2022-03-24 09:05:00.000000000,1648083900000000000,3872,3872,3862,3865,3475,362094,362116
2022-03-24 09:06:00.000000000,1648083960000000000,3865,3866,3859,3865,3204,362116,362122
2022-03-24 09:07:00.000000000,1648084020000000000,3865,3867,3861,3867,2289,362122,362439
2022-03-24 09:08:00.000000000,1648084080000000000,3867,3867,3860,3865,1888,362439,362347
2022-03-24 09:09:00.000000000,1648084140000000000,3865,3865,3859,3861,2753,362347,362476
2022-03-24 09:10:00.000000000,1648084200000000000,3861,3861,3854,3857,3157,362476,362555
2022-03-24 09:11:00.000000000,1648084260000000000,3857,3858,3846,3850,3036,362555,362531
2022-03-24 09:12:00.000000000,1648084320000000000,3850,3852,3844,3847,1957,362531,362560
2022-03-24 09:13:00.000000000,1648084380000000000,3847,3851,3847,3850,1643,362560,362743
2022-03-24 09:14:00.000000000,1648084440000000000,3850,3855,3848,3854,1101,362743,362794
2022-03-24 09:15:00.000000000,1648084500000000000,3854,3861,3854,3860,1659,362794,363206
2022-03-24 09:16:00.000000000,1648084560000000000,3860,3860,3852,3855,1045,363206,363068
2022-03-24 09:17:00.000000000,1648084620000000000,3855,3857,3853,3857,827,363068,363065
2022-03-24 09:18:00.000000000,1648084680000000000,3857,3858,3852,3852,1248,363065,363270
2022-03-24 09:19:00.000000000,1648084740000000000,3852,3852,3847,3847,1459,363270,362746
2022-03-24 09:20:00.000000000,1648084800000000000,3847,3851,3840,3840,2448,362746,362415
2022-03-24 09:21:00.000000000,1648084860000000000,3840,3847,3840,3846,1164,362415,362359
2022-03-24 09:22:00.000000000,1648084920000000000,3846,3847,3842,3845,850,362359,362429
2022-03-24 09:23:00.000000000,1648084980000000000,3845,3852,3843,3848,825,362429,362435
2022-03-24 09:24:00.000000000,1648085040000000000,3848,3849,3845,3845,953,362435,362360
2022-03-24 09:25:00.000000000,1648085100000000000,3845,3853,3845,3851,1361,362360,362678
2022-03-24 09:26:00.000000000,1648085160000000000,3851,3859,3851,3853,1350,362678,362718
2022-03-24 09:27:00.000000000,1648085220000000000,3853,3861,3853,3860,1857,362718,362871
2022-03-24 09:28:00.000000000,1648085280000000000,3860,3861,3856,3857,966,362871,362956
2022-03-24 09:29:00.000000000,1648085340000000000,3857,3860,3855,3858,909,362956,363116
2022-03-24 09:30:00.000000000,1648085400000000000,3858,3867,3857,3861,2527,363116,363478
2022-03-24 09:31:00.000000000,1648085460000000000,3861,3865,3861,3863,953,363478,363496
2022-03-24 09:32:00.000000000,1648085520000000000,3863,3867,3862,3867,970,363496,363672
2022-03-24 09:33:00.000000000,1648085580000000000,3867,3870,3865,3870,1858,363672,364196
2022-03-24 09:34:00.000000000,1648085640000000000,3870,3872,3866,3869,1785,364196,364305
2022-03-24 09:35:00.000000000,1648085700000000000,3869,3874,3868,3872,1770,364305,364364
2022-03-24 09:36:00.000000000,1648085760000000000,3872,3873,3869,3872,1358,364364,364309
2022-03-24 09:37:00.000000000,1648085820000000000,3872,3878,3871,3876,1796,364309,364596
2022-03-24 09:38:00.000000000,1648085880000000000,3876,3877,3872,3873,1275,364596,364944
2022-03-24 09:39:00.000000000,1648085940000000000,3873,3873,3869,3872,1430,364944,364861
2022-03-24 09:40:00.000000000,1648086000000000000,3872,3872,3868,3870,814,364861,364911
2022-03-24 09:41:00.000000000,1648086060000000000,3870,3870,3865,3867,1222,364911,364737
2022-03-24 09:42:00.000000000,1648086120000000000,3867,3872,3867,3868,1514,364737,365062
2022-03-24 09:43:00.000000000,1648086180000000000,3868,3871,3868,3870,645,365062,365058
2022-03-24 09:44:00.000000000,1648086240000000000,3870,3871,3863,3865,1385,365058,364914
2022-03-24 09:45:00.000000000,1648086300000000000,3865,3870,3865,3868,660,364914,364896
2022-03-24 09:46:00.000000000,1648086360000000000,3868,3875,3867,3871,1496,364896,364930
2022-03-24 09:47:00.000000000,1648086420000000000,3871,3877,3871,3875,1345,364930,365187
2022-03-24 09:48:00.000000000,1648086480000000000,3875,3885,3874,3883,2713,365187,365713
2022-03-24 09:49:00.000000000,1648086540000000000,3883,3885,3878,3885,2151,365713,366508
2022-03-24 09:50:00.000000000,1648086600000000000,3885,3893,3883,3888,3340,366508,366820
2022-03-24 09:51:00.000000000,1648086660000000000,3888,3891,3886,3890,1234,366820,367152
2022-03-24 09:52:00.000000000,1648086720000000000,3890,3890,3881,3883,1593,367152,367019
2022-03-24 09:53:00.000000000,1648086780000000000,3883,3885,3879,3882,1563,367019,367103
2022-03-24 09:54:00.000000000,1648086840000000000,3882,3883,3878,3878,1918,367103,367247
2022-03-24 09:55:00.000000000,1648086900000000000,3878,3887,3878,3886,1980,367247,367100
2022-03-24 09:56:00.000000000,1648086960000000000,3886,3890,3883,3885,1236,367100,367063
2022-03-24 09:57:00.000000000,1648087020000000000,3885,3892,3884,3889,1214,367063,367237
2022-03-24 09:58:00.000000000,1648087080000000000,3889,3894,3888,3894,1842,367237,367453
2022-03-24 09:59:00.000000000,1648087140000000000,3894,3895,3887,3890,2163,367453,367773
2022-03-24 10:00:00.000000000,1648087200000000000,3890,3893,3888,3889,1225,367773,367671
2022-03-24 10:01:00.000000000,1648087260000000000,3889,3889,3880,3881,2232,367671,366776
2022-03-24 10:02:00.000000000,1648087320000000000,3881,3882,3876,3877,1824,366776,366340
2022-03-24 10:03:00.000000000,1648087380000000000,3877,3878,3873,3876,1653,366340,365899
2022-03-24 10:04:00.000000000,1648087440000000000,3876,3877,3873,3874,909,365899,365621
2022-03-24 10:05:00.000000000,1648087500000000000,3874,3874,3869,3872,2549,365621,364604
2022-03-24 10:06:00.000000000,1648087560000000000,3872,3873,3867,3871,1331,364604,364391
2022-03-24 10:07:00.000000000,1648087620000000000,3871,3874,3870,3873,945,364391,364293
2022-03-24 10:08:00.000000000,1648087680000000000,3873,3873,3864,3865,1271,364293,364136
2022-03-24 10:09:00.000000000,1648087740000000000,3865,3867,3861,3862,1205,364136,363811
2022-03-24 10:10:00.000000000,1648087800000000000,3862,3869,3858,3869,1875,363811,363245
2022-03-24 10:11:00.000000000,1648087860000000000,3869,3877,3867,3876,1332,363245,363381
2022-03-24 10:12:00.000000000,1648087920000000000,3876,3879,3874,3878,1553,363381,363614
2022-03-24 10:13:00.000000000,1648087980000000000,3878,3878,3873,3876,548,363614,363608
2022-03-24 10:14:00.000000000,1648088040000000000,3876,3878,3874,3875,848,363608,363480
2022-03-24 10:30:00.000000000,1648089000000000000,3874,3879,3866,3876,2068,363480,363320
2022-03-24 10:31:00.000000000,1648089060000000000,3876,3877,3872,3872,1570,363320,363729
2022-03-24 10:32:00.000000000,1648089120000000000,3872,3874,3867,3873,1284,363729,363685
2022-03-24 10:33:00.000000000,1648089180000000000,3873,3874,3867,3871,819,363685,363437
2022-03-24 10:34:00.000000000,1648089240000000000,3871,3873,3867,3870,878,363437,363351
2022-03-24 10:35:00.000000000,1648089300000000000,3870,3876,3870,3874,1113,363351,363005
2022-03-24 10:36:00.000000000,1648089360000000000,3874,3875,3867,3869,878,363005,363021
2022-03-24 10:37:00.000000000,1648089420000000000,3869,3872,3867,3869,837,363021,362899
2022-03-24 10:38:00.000000000,1648089480000000000,3869,3872,3868,3872,470,362899,362867
2022-03-24 10:39:00.000000000,1648089540000000000,3872,3874,3871,3873,353,362867,362946
2022-03-24 10:40:00.000000000,1648089600000000000,3873,3874,3871,3873,476,362946,362984
2022-03-24 10:41:00.000000000,1648089660000000000,3873,3873,3868,3868,1155,362984,362682
2022-03-24 10:42:00.000000000,1648089720000000000,3868,3870,3863,3864,1121,362682,362316
2022-03-24 10:43:00.000000000,1648089780000000000,3864,3866,3858,3858,2084,362316,361766
2022-03-24 10:44:00.000000000,1648089840000000000,3858,3861,3855,3861,1837,361766,361306
2022-03-24 10:45:00.000000000,1648089900000000000,3861,3867,3860,3865,983,361306,361218
2022-03-24 10:46:00.000000000,1648089960000000000,3865,3868,3863,3864,772,361218,361050
2022-03-24 10:47:00.000000000,1648090020000000000,3864,3869,3863,3866,654,361050,360964
2022-03-24 10:48:00.000000000,1648090080000000000,3866,3873,3866,3869,1259,360964,360834
2022-03-24 10:49:00.000000000,1648090140000000000,3869,3872,3868,3872,539,360834,360805
2022-03-24 10:50:00.000000000,1648090200000000000,3872,3873,3866,3868,992,360805,360604
2022-03-24 10:51:00.000000000,1648090260000000000,3868,3868,3864,3867,624,360604,360560
2022-03-24 10:52:00.000000000,1648090320000000000,3867,3870,3866,3866,1063,360560,360173
2022-03-24 10:53:00.000000000,1648090380000000000,3866,3868,3861,3864,893,360173,359858
2022-03-24 10:54:00.000000000,1648090440000000000,3864,3864,3855,3855,1839,359858,359564
2022-03-24 10:55:00.000000000,1648090500000000000,3855,3857,3851,3855,2166,359564,359129
2022-03-24 10:56:00.000000000,1648090560000000000,3855,3858,3851,3851,1074,359129,358952
2022-03-24 10:57:00.000000000,1648090620000000000,3851,3853,3846,3851,3165,358952,359254
2022-03-24 10:58:00.000000000,1648090680000000000,3851,3853,3846,3850,1881,359254,358857
2022-03-24 10:59:00.000000000,1648090740000000000,3850,3853,3845,3846,1586,358857,358644
2022-03-24 11:00:00.000000000,1648090800000000000,3846,3852,3845,3851,1269,358644,358508
2022-03-24 11:01:00.000000000,1648090860000000000,3851,3858,3851,3853,1771,358508,358487
2022-03-24 11:02:00.000000000,1648090920000000000,3853,3857,3852,3857,1037,358487,358244
2022-03-24 11:03:00.000000000,1648090980000000000,3857,3857,3851,3852,1016,358244,358120
2022-03-24 11:04:00.000000000,1648091040000000000,3852,3855,3848,3848,713,358120,358086
2022-03-24 11:05:00.000000000,1648091100000000000,3848,3851,3847,3849,885,358086,357792
2022-03-24 11:06:00.000000000,1648091160000000000,3849,3851,3847,3851,1628,357792,357589
2022-03-24 11:07:00.000000000,1648091220000000000,3851,3851,3848,3848,934,357589,357452
2022-03-24 11:08:00.000000000,1648091280000000000,3848,3849,3845,3848,680,357452,357396
2022-03-24 11:09:00.000000000,1648091340000000000,3848,3850,3842,3843,1372,357396,357089
2022-03-24 11:10:00.000000000,1648091400000000000,3843,3844,3841,3844,672,357089,356933
2022-03-24 11:11:00.000000000,1648091460000000000,3844,3847,3843,3846,838,356933,356571
2022-03-24 11:12:00.000000000,1648091520000000000,3846,3846,3840,3840,1303,356571,356272
2022-03-24 11:13:00.000000000,1648091580000000000,3840,3842,3837,3839,1296,356272,356035
2022-03-24 11:14:00.000000000,1648091640000000000,3839,3842,3831,3831,1710,356035,355677
2022-03-24 11:15:00.000000000,1648091700000000000,3831,3834,3822,3823,3335,355677,355132
2022-03-24 11:16:00.000000000,1648091760000000000,3823,3829,3822,3828,2282,355132,355024
2022-03-24 11:17:00.000000000,1648091820000000000,3828,3828,3822,3826,1198,355024,354994
2022-03-24 11:18:00.000000000,1648091880000000000,3826,3833,3825,3832,1237,354994,354957
2022-03-24 11:19:00.000000000,1648091940000000000,3832,3834,3828,3833,1200,354957,354888
2022-03-24 11:20:00.000000000,1648092000000000000,3833,3838,3830,3831,1278,354888,354762
2022-03-24 11:21:00.000000000,1648092060000000000,3831,3834,3827,3829,824,354762,354744
2022-03-24 11:22:00.000000000,1648092120000000000,3829,3834,3826,3833,1061,354744,354678
2022-03-24 11:23:00.000000000,1648092180000000000,3833,3838,3829,3836,1782,354678,354916
2022-03-24 11:24:00.000000000,1648092240000000000,3836,3836,3829,3834,1037,354916,354945
2022-03-24 11:25:00.000000000,1648092300000000000,3834,3842,3834,3837,1985,354945,354897
2022-03-24 11:26:00.000000000,1648092360000000000,3837,3843,3836,3842,1745,354897,355184
2022-03-24 11:27:00.000000000,1648092420000000000,3842,3844,3839,3843,754,355184,355293
2022-03-24 11:28:00.000000000,1648092480000000000,3843,3843,3839,3840,1135,355293,355398
2022-03-24 11:29:00.000000000,1648092540000000000,3840,3842,3839,3840,1091,355398,355327
2022-03-24 13:30:00.000000000,1648099800000000000,3836,3839,3830,3832,3381,355327,355079
2022-03-24 13:31:00.000000000,1648099860000000000,3832,3841,3831,3839,1104,355079,355082
2022-03-24 13:32:00.000000000,1648099920000000000,3839,3844,3838,3843,839,355082,355279
2022-03-24 13:33:00.000000000,1648099980000000000,3843,3844,3838,3839,716,355279,355242
2022-03-24 13:34:00.000000000,1648100040000000000,3839,3841,3837,3840,518,355242,355237
2022-03-24 13:35:00.000000000,1648100100000000000,3840,3842,3837,3841,964,355237,355042
2022-03-24 13:36:00.000000000,1648100160000000000,3841,3851,3841,3850,1566,355042,355225
2022-03-24 13:37:00.000000000,1648100220000000000,3850,3853,3847,3853,1204,355225,355210
2022-03-24 13:38:00.000000000,1648100280000000000,3853,3853,3850,3851,639,355210,355293
2022-03-24 13:39:00.000000000,1648100340000000000,3851,3852,3848,3849,454,355293,355338
2022-03-24 13:40:00.000000000,1648100400000000000,3849,3855,3848,3854,1185,355338,355578
2022-03-24 13:41:00.000000000,1648100460000000000,3854,3855,3849,3851,958,355578,355683
2022-03-24 13:42:00.000000000,1648100520000000000,3851,3851,3847,3848,592,355683,355757
2022-03-24 13:43:00.000000000,1648100580000000000,3848,3849,3844,3846,733,355757,355746
2022-03-24 13:44:00.000000000,1648100640000000000,3846,3851,3846,3851,660,355746,355853
2022-03-24 13:45:00.000000000,1648100700000000000,3851,3858,3851,3855,1849,355853,356483
2022-03-24 13:46:00.000000000,1648100760000000000,3855,3857,3853,3855,640,356483,356497
2022-03-24 13:47:00.000000000,1648100820000000000,3855,3855,3849,3850,675,356497,356593
2022-03-24 13:48:00.000000000,1648100880000000000,3850,3852,3849,3850,637,356593,356642
2022-03-24 13:49:00.000000000,1648100940000000000,3850,3855,3850,3850,579,356642,356716
2022-03-24 13:50:00.000000000,1648101000000000000,3850,3854,3850,3851,436,356716,356733
2022-03-24 13:51:00.000000000,1648101060000000000,3851,3854,3850,3851,372,356733,356690
2022-03-24 13:52:00.000000000,1648101120000000000,3851,3855,3851,3853,415,356690,356766
2022-03-24 13:53:00.000000000,1648101180000000000,3853,3853,3848,3848,426,356766,356713
2022-03-24 13:54:00.000000000,1648101240000000000,3848,3850,3846,3848,947,356713,356370
2022-03-24 13:55:00.000000000,1648101300000000000,3848,3850,3846,3847,424,356370,356295
2022-03-24 13:56:00.000000000,1648101360000000000,3847,3848,3843,3844,647,356295,356279
2022-03-24 13:57:00.000000000,1648101420000000000,3844,3846,3843,3845,656,356279,356264
2022-03-24 13:58:00.000000000,1648101480000000000,3845,3851,3843,3851,835,356264,356361
2022-03-24 13:59:00.000000000,1648101540000000000,3851,3852,3848,3850,481,356361,356355
2022-03-24 14:00:00.000000000,1648101600000000000,3850,3851,3845,3851,1045,356355,356355
2022-03-24 14:01:00.000000000,1648101660000000000,3851,3851,3847,3849,277,356355,356387
2022-03-24 14:02:00.000000000,1648101720000000000,3849,3850,3846,3847,396,356387,356494
2022-03-24 14:03:00.000000000,1648101780000000000,3847,3850,3847,3847,405,356494,356593
2022-03-24 14:04:00.000000000,1648101840000000000,3847,3849,3845,3845,257,356593,356576
2022-03-24 14:05:00.000000000,1648101900000000000,3845,3853,3845,3850,667,356576,356712
2022-03-24 14:06:00.000000000,1648101960000000000,3850,3852,3849,3851,529,356712,356724
2022-03-24 14:07:00.000000000,1648102020000000000,3851,3854,3851,3854,702,356724,356676
2022-03-24 14:08:00.000000000,1648102080000000000,3854,3854,3851,3851,508,356676,356788
2022-03-24 14:09:00.000000000,1648102140000000000,3851,3856,3851,3856,1055,356788,356879
2022-03-24 14:10:00.000000000,1648102200000000000,3856,3867,3855,3862,2449,356879,356833
2022-03-24 14:11:00.000000000,1648102260000000000,3862,3867,3861,3867,1098,356833,356950
2022-03-24 14:12:00.000000000,1648102320000000000,3867,3868,3864,3865,991,356950,357012
2022-03-24 14:13:00.000000000,1648102380000000000,3865,3866,3860,3862,920,357012,357080
2022-03-24 14:14:00.000000000,1648102440000000000,3862,3864,3861,3862,681,357080,357189
2022-03-24 14:15:00.000000000,1648102500000000000,3862,3865,3862,3863,671,357189,357346
2022-03-24 14:16:00.000000000,1648102560000000000,3863,3873,3863,3869,1954,357346,357566
2022-03-24 14:17:00.000000000,1648102620000000000,3869,3872,3868,3872,904,357566,357708
2022-03-24 14:18:00.000000000,1648102680000000000,3872,3874,3869,3869,1622,357708,358087
2022-03-24 14:19:00.000000000,1648102740000000000,3869,3872,3867,3869,2432,358087,358775
2022-03-24 14:20:00.000000000,1648102800000000000,3869,3872,3867,3872,1355,358775,358713
2022-03-24 14:21:00.000000000,1648102860000000000,3872,3872,3868,3869,715,358713,358688
2022-03-24 14:22:00.000000000,1648102920000000000,3869,3871,3868,3870,588,358688,358734
2022-03-24 14:23:00.000000000,1648102980000000000,3870,3873,3869,3871,807,358734,358906
2022-03-24 14:24:00.000000000,1648103040000000000,3871,3872,3869,3871,633,358906,359118
2022-03-24 14:25:00.000000000,1648103100000000000,3871,3875,3869,3869,1439,359118,359196
2022-03-24 14:26:00.000000000,1648103160000000000,3869,3870,3862,3864,1978,359196,358975
2022-03-24 14:27:00.000000000,1648103220000000000,3864,3870,3864,3868,1254,358975,358991
2022-03-24 14:28:00.000000000,1648103280000000000,3868,3870,3868,3868,524,358991,359172
2022-03-24 14:29:00.000000000,1648103340000000000,3868,3870,3865,3868,976,359172,359382
2022-03-24 14:30:00.000000000,1648103400000000000,3868,3872,3867,3872,1051,359382,359540
2022-03-24 14:31:00.000000000,1648103460000000000,3872,3881,3872,3881,3757,359540,360888
2022-03-24 14:32:00.000000000,1648103520000000000,3881,3885,3879,3885,3979,360888,362386
2022-03-24 14:33:00.000000000,1648103580000000000,3885,3885,3879,3880,3322,362386,363584
2022-03-24 14:34:00.000000000,1648103640000000000,3880,3890,3880,3885,3747,363584,364898
2022-03-24 14:35:00.000000000,1648103700000000000,3885,3885,3874,3874,2816,364898,364643
2022-03-24 14:36:00.000000000,1648103760000000000,3874,3877,3865,3867,3401,364643,364478
2022-03-24 14:37:00.000000000,1648103820000000000,3867,3870,3860,3863,3549,364478,364532
2022-03-24 14:38:00.000000000,1648103880000000000,3863,3867,3860,3866,1788,364532,364268
2022-03-24 14:39:00.000000000,1648103940000000000,3866,3872,3866,3866,1923,364268,364189
2022-03-24 14:40:00.000000000,1648104000000000000,3866,3869,3863,3868,1279,364189,364298
2022-03-24 14:41:00.000000000,1648104060000000000,3868,3877,3867,3872,1947,364298,364521
2022-03-24 14:42:00.000000000,1648104120000000000,3872,3875,3871,3875,967,364521,364802
2022-03-24 14:43:00.000000000,1648104180000000000,3875,3876,3873,3874,1000,364802,365156
2022-03-24 14:44:00.000000000,1648104240000000000,3874,3875,3863,3863,1599,365156,365074
2022-03-24 14:45:00.000000000,1648104300000000000,3863,3873,3863,3869,1848,365074,365233
2022-03-24 14:46:00.000000000,1648104360000000000,3869,3871,3866,3866,882,365233,365142
2022-03-24 14:47:00.000000000,1648104420000000000,3866,3871,3866,3868,1055,365142,365157
2022-03-24 14:48:00.000000000,1648104480000000000,3868,3871,3866,3866,1587,365157,365117
2022-03-24 14:49:00.000000000,1648104540000000000,3866,3867,3858,3860,1919,365117,364657
2022-03-24 14:50:00.000000000,1648104600000000000,3860,3869,3858,3865,2214,364657,364756
2022-03-24 14:51:00.000000000,1648104660000000000,3865,3866,3860,3862,1801,364756,364839
2022-03-24 14:52:00.000000000,1648104720000000000,3862,3865,3857,3858,1933,364839,364516
2022-03-24 14:53:00.000000000,1648104780000000000,3858,3860,3851,3852,2631,364516,363926
2022-03-24 14:54:00.000000000,1648104840000000000,3852,3859,3851,3857,1916,363926,363626
2022-03-24 14:55:00.000000000,1648104900000000000,3857,3863,3857,3863,2450,363626,363579
2022-03-24 14:56:00.000000000,1648104960000000000,3863,3863,3856,3858,1852,363579,363104
2022-03-24 14:57:00.000000000,1648105020000000000,3858,3863,3857,3860,2048,363104,363191
2022-03-24 14:58:00.000000000,1648105080000000000,3860,3862,3859,3859,2254,363191,363114
2022-03-24 14:59:00.000000000,1648105140000000000,3859,3862,3859,3862,2858,363114,362862
2022-03-24 21:00:00.000000000,1648126800000000000,3904,3925,3898,3904,16770,362862,365919
2022-03-24 21:01:00.000000000,1648126860000000000,3904,3922,3904,3915,7971,365919,367471
2022-03-24 21:02:00.000000000,1648126920000000000,3915,3920,3904,3904,7173,367471,368040
2022-03-24 21:03:00.000000000,1648126980000000000,3904,3904,3884,3885,7575,368040,368009
2022-03-24 21:04:00.000000000,1648127040000000000,3885,3890,3880,3890,4358,368009,367372
2022-03-24 21:05:00.000000000,1648127100000000000,3890,3896,3888,3892,5179,367372,368349
2022-03-24 21:06:00.000000000,1648127160000000000,3892,3896,3887,3895,3293,368349,368909
2022-03-24 21:07:00.000000000,1648127220000000000,3895,3913,3895,3913,4555,368909,368943
2022-03-24 21:08:00.000000000,1648127280000000000,3913,3928,3913,3922,6257,368943,370132
2022-03-24 21:09:00.000000000,1648127340000000000,3922,3926,3914,3926,4890,370132,371232
2022-03-24 21:10:00.000000000,1648127400000000000,3926,3946,3926,3944,7989,371232,373598
2022-03-24 21:11:00.000000000,1648127460000000000,3944,3948,3940,3944,4711,373598,374800
2022-03-24 21:12:00.000000000,1648127520000000000,3944,3947,3938,3943,4536,374800,375800
2022-03-24 21:13:00.000000000,1648127580000000000,3943,3970,3943,3969,8040,375800,377755
2022-03-24 21:14:00.000000000,1648127640000000000,3969,4020,3968,4019,14537,377755,381725
2022-03-24 21:15:00.000000000,1648127700000000000,4019,4041,4009,4019,15781,381725,384071
2022-03-24 21:16:00.000000000,1648127760000000000,4019,4033,4019,4029,9455,384071,385500
2022-03-24 21:17:00.000000000,1648127820000000000,4029,4074,4027,4069,13163,385500,387837
2022-03-24 21:18:00.000000000,1648127880000000000,4069,4106,4068,4081,15652,387837,390194
2022-03-24 21:19:00.000000000,1648127940000000000,4081,4084,4048,4048,10495,390194,389729
2022-03-24 21:20:00.000000000,1648128000000000000,4048,4060,4048,4055,8748,389729,390811
2022-03-24 21:21:00.000000000,1648128060000000000,4055,4062,4050,4051,6234,390811,390988
2022-03-24 21:22:00.000000000,1648128120000000000,4051,4065,4051,4064,5008,390988,391486
2022-03-24 21:23:00.000000000,1648128180000000000,4064,4083,4062,4079,8995,391486,393394
2022-03-24 21:24:00.000000000,1648128240000000000,4079,4103,4079,4088,12008,393394,395096
2022-03-24 21:25:00.000000000,1648128300000000000,4088,4089,4063,4068,7239,395096,394853
2022-03-24 21:26:00.000000000,1648128360000000000,4068,4073,4061,4067,6060,394853,394301
2022-03-24 21:27:00.000000000,1648128420000000000,4067,4072,4055,4058,5477,394301,394934
2022-03-24 21:28:00.000000000,1648128480000000000,4058,4063,4047,4058,5380,394934,394363
2022-03-24 21:29:00.000000000,1648128540000000000,4058,4058,4043,4051,6278,394363,393558
2022-03-24 21:30:00.000000000,1648128600000000000,4051,4058,4041,4042,5046,393558,393196
2022-03-24 21:31:00.000000000,1648128660000000000,4042,4049,4036,4044,5034,393196,392870
2022-03-24 21:32:00.000000000,1648128720000000000,4044,4052,4043,4050,3445,392870,392551
2022-03-24 21:33:00.000000000,1648128780000000000,4050,4059,4050,4055,3488,392551,392296
2022-03-24 21:34:00.000000000,1648128840000000000,4055,4056,4044,4044,2811,392296,392025
2022-03-24 21:35:00.000000000,1648128900000000000,4044,4046,4027,4029,7518,392025,392070
2022-03-24 21:36:00.000000000,1648128960000000000,4029,4029,4007,4013,12237,392070,391846
2022-03-24 21:37:00.000000000,1648129020000000000,4013,4017,4009,4010,7071,391846,390988
2022-03-24 21:38:00.000000000,1648129080000000000,4010,4023,4010,4016,4135,390988,390788
2022-03-24 21:39:00.000000000,1648129140000000000,4016,4016,4005,4012,5406,390788,390684
2022-03-24 21:40:00.000000000,1648129200000000000,4012,4025,4012,4023,5656,390684,390437
2022-03-24 21:41:00.000000000,1648129260000000000,4023,4034,4021,4030,4849,390437,390545
2022-03-24 21:42:00.000000000,1648129320000000000,4030,4037,4027,4028,3243,390545,390548
2022-03-24 21:43:00.000000000,1648129380000000000,4028,4029,4026,4027,1167,390548,390739
2022-03-24 21:44:00.000000000,1648129440000000000,4027,4044,4027,4040,4329,390739,390855
2022-03-24 21:45:00.000000000,1648129500000000000,4040,4043,4034,4043,3603,390855,391426
2022-03-24 21:46:00.000000000,1648129560000000000,4043,4045,4036,4038,2511,391426,391234
2022-03-24 21:47:00.000000000,1648129620000000000,4038,4042,4036,4039,1400,391234,391197
2022-03-24 21:48:00.000000000,1648129680000000000,4039,4050,4039,4049,4078,391197,392037
2022-03-24 21:49:00.000000000,1648129740000000000,4049,4054,4045,4052,3431,392037,391661
2022-03-24 21:50:00.000000000,1648129800000000000,4052,4055,4048,4051,4536,391661,391381
2022-03-24 21:51:00.000000000,1648129860000000000,4051,4054,4046,4050,3566,391381,391495
2022-03-24 21:52:00.000000000,1648129920000000000,4050,4050,4039,4042,3137,391495,391344
2022-03-24 21:53:00.000000000,1648129980000000000,4042,4045,4040,4040,1387,391344,391496
2022-03-24 21:54:00.000000000,1648130040000000000,4040,4041,4031,4038,2646,391496,390969
2022-03-24 21:55:00.000000000,1648130100000000000,4038,4038,4026,4027,3026,390969,391031
2022-03-24 21:56:00.000000000,1648130160000000000,4027,4027,4018,4019,3300,391031,390525
2022-03-24 21:57:00.000000000,1648130220000000000,4019,4025,4017,4018,2112,390525,390775
2022-03-24 21:58:00.000000000,1648130280000000000,4018,4021,4011,4016,4193,390775,390417
2022-03-24 21:59:00.000000000,1648130340000000000,4016,4018,4004,4011,5969,390417,390524
2022-03-24 22:00:00.000000000,1648130400000000000,4011,4020,4011,4015,4023,390524,390534
2022-03-24 22:01:00.000000000,1648130460000000000,4015,4016,4000,4007,5564,390534,390525
2022-03-24 22:02:00.000000000,1648130520000000000,4007,4015,4007,4011,2356,390525,390666
2022-03-24 22:03:00.000000000,1648130580000000000,4011,4021,4009,4019,2812,390666,390848
2022-03-24 22:04:00.000000000,1648130640000000000,4019,4028,4017,4019,2886,390848,391005
2022-03-24 22:05:00.000000000,1648130700000000000,4019,4033,4019,4025,2828,391005,390866
2022-03-24 22:06:00.000000000,1648130760000000000,4025,4035,4024,4031,2826,390866,391093
2022-03-24 22:07:00.000000000,1648130820000000000,4031,4032,4018,4020,1992,391093,390966
2022-03-24 22:08:00.000000000,1648130880000000000,4020,4023,4009,4010,2625,390966,390826
2022-03-24 22:09:00.000000000,1648130940000000000,4010,4013,4003,4009,3627,390826,390497
2022-03-24 22:10:00.000000000,1648131000000000000,4009,4014,3996,3997,4382,390497,390182
2022-03-24 22:11:00.000000000,1648131060000000000,3997,4001,3981,3985,7892,390182,389968
2022-03-24 22:12:00.000000000,1648131120000000000,3985,3991,3981,3984,3841,389968,389215
2022-03-24 22:13:00.000000000,1648131180000000000,3984,3991,3984,3986,2944,389215,388877
2022-03-24 22:14:00.000000000,1648131240000000000,3986,3990,3963,3967,8237,388877,387737
2022-03-24 22:15:00.000000000,1648131300000000000,3967,3985,3967,3985,5089,387737,387556
2022-03-24 22:16:00.000000000,1648131360000000000,3985,3987,3975,3978,3999,387556,387334
2022-03-24 22:17:00.000000000,1648131420000000000,3978,3987,3978,3987,2288,387334,387174
2022-03-24 22:18:00.000000000,1648131480000000000,3987,3996,3986,3986,3625,387174,386751
2022-03-24 22:19:00.000000000,1648131540000000000,3986,3988,3975,3977,2057,386751,386670
2022-03-24 22:20:00.000000000,1648131600000000000,3977,3984,3969,3981,3200,386670,387093
2022-03-24 22:21:00.000000000,1648131660000000000,3981,3984,3974,3976,2023,387093,387273
2022-03-24 22:22:00.000000000,1648131720000000000,3976,3979,3974,3978,1660,387273,387368
2022-03-24 22:23:00.000000000,1648131780000000000,3978,3980,3962,3962,3917,387368,387312
2022-03-24 22:24:00.000000000,1648131840000000000,3962,3962,3956,3961,5543,387312,386190
2022-03-24 22:25:00.000000000,1648131900000000000,3961,3961,3955,3959,4021,386190,385492
2022-03-24 22:26:00.000000000,1648131960000000000,3959,3970,3959,3963,3777,385492,384975
2022-03-24 22:27:00.000000000,1648132020000000000,3963,3970,3963,3969,1921,384975,384965
2022-03-24 22:28:00.000000000,1648132080000000000,3969,3971,3964,3964,1812,384965,385047
2022-03-24 22:29:00.000000000,1648132140000000000,3964,3975,3964,3969,2806,385047,385139
2022-03-24 22:30:00.000000000,1648132200000000000,3969,3974,3965,3971,2360,385139,385092
2022-03-24 22:31:00.000000000,1648132260000000000,3971,3975,3969,3972,2519,385092,385298
2022-03-24 22:32:00.000000000,1648132320000000000,3972,3974,3968,3968,3078,385298,385246
2022-03-24 22:33:00.000000000,1648132380000000000,3968,3968,3963,3964,2393,385246,385211
2022-03-24 22:34:00.000000000,1648132440000000000,3964,3964,3954,3955,3695,385211,385140
2022-03-24 22:35:00.000000000,1648132500000000000,3955,3957,3942,3951,6904,385140,383786
2022-03-24 22:36:00.000000000,1648132560000000000,3951,3952,3945,3950,3251,383786,382967
2022-03-24 22:37:00.000000000,1648132620000000000,3950,3951,3935,3941,5013,382967,381915
2022-03-24 22:38:00.000000000,1648132680000000000,3941,3941,3925,3935,5629,381915,381628
2022-03-24 22:39:00.000000000,1648132740000000000,3935,3935,3911,3912,7720,381628,379719
2022-03-24 22:40:00.000000000,1648132800000000000,3912,3927,3912,3925,6862,379719,378357
2022-03-24 22:41:00.000000000,1648132860000000000,3925,3940,3923,3940,5637,378357,377187
2022-03-24 22:42:00.000000000,1648132920000000000,3940,3956,3940,3950,6280,377187,376519
2022-03-24 22:43:00.000000000,1648132980000000000,3950,3954,3948,3954,3714,376519,376760
2022-03-24 22:44:00.000000000,1648133040000000000,3954,3969,3953,3969,5271,376760,375644
2022-03-24 22:45:00.000000000,1648133100000000000,3969,3971,3964,3965,5490,375644,375956
2022-03-24 22:46:00.000000000,1648133160000000000,3965,3967,3959,3960,3241,375956,375535
2022-03-24 22:47:00.000000000,1648133220000000000,3960,3962,3946,3954,3375,375535,374655
2022-03-24 22:48:00.000000000,1648133280000000000,3954,3959,3948,3948,2274,374655,374321
2022-03-24 22:49:00.000000000,1648133340000000000,3948,3955,3947,3953,1486,374321,374002
2022-03-24 22:50:00.000000000,1648133400000000000,3953,3953,3940,3942,2343,374002,373415
2022-03-24 22:51:00.000000000,1648133460000000000,3942,3942,3927,3936,4423,373415,372463
2022-03-24 22:52:00.000000000,1648133520000000000,3936,3951,3931,3951,4808,372463,371269
2022-03-24 22:53:00.000000000,1648133580000000000,3951,3961,3949,3957,3711,371269,370544
2022-03-24 22:54:00.000000000,1648133640000000000,3957,3963,3952,3952,2000,370544,370279
2022-03-24 22:55:00.000000000,1648133700000000000,3952,3966,3951,3964,2656,370279,369881
2022-03-24 22:56:00.000000000,1648133760000000000,3964,3965,3956,3963,2206,369881,369724
2022-03-24 22:57:00.000000000,1648133820000000000,3963,3964,3957,3964,1884,369724,369384
2022-03-24 22:58:00.000000000,1648133880000000000,3964,3974,3961,3973,3546,369384,369291
2022-03-24 22:59:00.000000000,1648133940000000000,3973,3976,3970,3973,3275,369291,368021
2022-03-25 09:00:00.000000000,1648170000000000000,3905,3923,3896,3907,12809,368021,368285
2022-03-25 09:01:00.000000000,1648170060000000000,3907,3915,3904,3913,4428,368285,367733
2022-03-25 09:02:00.000000000,1648170120000000000,3913,3925,3911,3922,3736,367733,367495
2022-03-25 09:03:00.000000000,1648170180000000000,3922,3924,3905,3907,4345,367495,368071
2022-03-25 09:04:00.000000000,1648170240000000000,3907,3914,3906,3913,2488,368071,368523
2022-03-25 09:05:00.000000000,1648170300000000000,3913,3918,3907,3912,2920,368523,368819
2022-03-25 09:06:00.000000000,1648170360000000000,3912,3914,3902,3902,2715,368819,368792
2022-03-25 09:07:00.000000000,1648170420000000000,3902,3913,3900,3909,3169,368792,368985
2022-03-25 09:08:00.000000000,1648170480000000000,3909,3917,3907,3915,2748,368985,368908
2022-03-25 09:09:00.000000000,1648170540000000000,3915,3921,3913,3920,2260,368908,369428
2022-03-25 09:10:00.000000000,1648170600000000000,3920,3923,3914,3919,3233,369428,369413
2022-03-25 09:11:00.000000000,1648170660000000000,3919,3922,3917,3921,1988,369413,370175
2022-03-25 09:12:00.000000000,1648170720000000000,3921,3921,3915,3919,1410,370175,370417
2022-03-25 09:13:00.000000000,1648170780000000000,3919,3925,3919,3920,1727,370417,370827
2022-03-25 09:14:00.000000000,1648170840000000000,3920,3930,3917,3928,2477,370827,371186
2022-03-25 09:15:00.000000000,1648170900000000000,3928,3936,3927,3932,3064,371186,371780
2022-03-25 09:16:00.000000000,1648170960000000000,3932,3935,3928,3929,1927,371780,372001
2022-03-25 09:17:00.000000000,1648171020000000000,3929,3933,3927,3929,1247,372001,372080
2022-03-25 09:18:00.000000000,1648171080000000000,3929,3937,3929,3933,1173,372080,372393
2022-03-25 09:19:00.000000000,1648171140000000000,3933,3936,3931,3935,839,372393,372417
2022-03-25 09:20:00.000000000,1648171200000000000,3935,3946,3930,3942,2748,372417,372885
2022-03-25 09:21:00.000000000,1648171260000000000,3942,3956,3942,3952,3343,372885,373413
2022-03-25 09:22:00.000000000,1648171320000000000,3952,3960,3951,3956,2692,373413,373982
2022-03-25 09:23:00.000000000,1648171380000000000,3956,3956,3952,3954,998,373982,374109
2022-03-25 09:24:00.000000000,1648171440000000000,3954,3963,3953,3962,2160,374109,374323
2022-03-25 09:25:00.000000000,1648171500000000000,3962,3963,3956,3956,2072,374323,374962
2022-03-25 09:26:00.000000000,1648171560000000000,3956,3962,3956,3958,1325,374962,374995
2022-03-25 09:27:00.000000000,1648171620000000000,3958,3967,3956,3965,1793,374995,375271
2022-03-25 09:28:00.000000000,1648171680000000000,3965,3965,3958,3960,1698,375271,375397
2022-03-25 09:29:00.000000000,1648171740000000000,3960,3962,3956,3960,1050,375397,375526
2022-03-25 09:30:00.000000000,1648171800000000000,3960,3961,3957,3958,1018,375526,375631
2022-03-25 09:31:00.000000000,1648171860000000000,3958,3959,3951,3958,2793,375631,375240
2022-03-25 09:32:00.000000000,1648171920000000000,3958,3968,3958,3967,1817,375240,375345
2022-03-25 09:33:00.000000000,1648171980000000000,3967,3967,3963,3965,1124,375345,375457
2022-03-25 09:34:00.000000000,1648172040000000000,3965,3969,3964,3967,1706,375457,375930
2022-03-25 09:35:00.000000000,1648172100000000000,3967,3967,3961,3961,893,375930,375980
2022-03-25 09:36:00.000000000,1648172160000000000,3961,3963,3955,3955,1507,375980,375975
2022-03-25 09:37:00.000000000,1648172220000000000,3955,3957,3953,3956,1645,375975,376032
2022-03-25 09:38:00.000000000,1648172280000000000,3956,3958,3955,3957,689,376032,376042
2022-03-25 09:39:00.000000000,1648172340000000000,3957,3963,3957,3959,1020,376042,376121
2022-03-25 09:40:00.000000000,1648172400000000000,3959,3961,3957,3958,640,376121,376166
2022-03-25 09:41:00.000000000,1648172460000000000,3958,3963,3958,3962,1145,376166,376042
2022-03-25 09:42:00.000000000,1648172520000000000,3962,3967,3960,3965,1198,376042,376228
2022-03-25 09:43:00.000000000,1648172580000000000,3965,3966,3960,3962,638,376228,376260
2022-03-25 09:44:00.000000000,1648172640000000000,3962,3963,3959,3959,529,376260,376281
2022-03-25 09:45:00.000000000,1648172700000000000,3959,3965,3959,3964,706,376281,376252
2022-03-25 09:46:00.000000000,1648172760000000000,3964,3974,3964,3970,2267,376252,376618
2022-03-25 09:47:00.000000000,1648172820000000000,3970,3976,3970,3976,1266,376618,376866
2022-03-25 09:48:00.000000000,1648172880000000000,3976,3984,3976,3977,3923,376866,377887
2022-03-25 09:49:00.000000000,1648172940000000000,3977,3978,3972,3976,2094,377887,378334
2022-03-25 09:50:00.000000000,1648173000000000000,3976,3981,3974,3978,1433,378334,378626
2022-03-25 09:51:00.000000000,1648173060000000000,3978,3983,3976,3979,1520,378626,378928
2022-03-25 09:52:00.000000000,1648173120000000000,3979,3980,3975,3977,943,378928,379052
2022-03-25 09:53:00.000000000,1648173180000000000,3977,3979,3972,3974,2259,379052,378898
2022-03-25 09:54:00.000000000,1648173240000000000,3974,3977,3973,3977,1214,378898,379156
2022-03-25 09:55:00.000000000,1648173300000000000,3977,3984,3976,3979,1583,379156,379248
2022-03-25 09:56:00.000000000,1648173360000000000,3979,3982,3977,3978,759,379248,379295
2022-03-25 09:57:00.000000000,1648173420000000000,3978,3979,3976,3978,570,379295,379289
2022-03-25 09:58:00.000000000,1648173480000000000,3978,3984,3977,3980,1375,379289,379643
2022-03-25 09:59:00.000000000,1648173540000000000,3980,3982,3979,3982,835,379643,379834
2022-03-25 10:00:00.000000000,1648173600000000000,3982,3988,3981,3981,3186,379834,380250
2022-03-25 10:01:00.000000000,1648173660000000000,3981,3982,3974,3975,2194,380250,380360
2022-03-25 10:02:00.000000000,1648173720000000000,3975,3983,3975,3978,1191,380360,380582
2022-03-25 10:03:00.000000000,1648173780000000000,3978,3983,3977,3983,989,380582,380685
2022-03-25 10:04:00.000000000,1648173840000000000,3983,3985,3980,3984,946,380685,380844
2022-03-25 10:05:00.000000000,1648173900000000000,3984,3992,3982,3989,1846,380844,380821
2022-03-25 10:06:00.000000000,1648173960000000000,3989,3994,3988,3989,1742,380821,380824
2022-03-25 10:07:00.000000000,1648174020000000000,3989,3993,3988,3991,1188,380824,380992
2022-03-25 10:08:00.000000000,1648174080000000000,3991,3996,3989,3994,1319,380992,381093
2022-03-25 10:09:00.000000000,1648174140000000000,3994,3996,3991,3992,1317,381093,381069
2022-03-25 10:10:00.000000000,1648174200000000000,3992,3993,3987,3990,1158,381069,381247
2022-03-25 10:11:00.000000000,1648174260000000000,3990,3991,3987,3990,811,381247,381157
2022-03-25 10:12:00.000000000,1648174320000000000,3990,3994,3984,3985,1191,381157,381171
2022-03-25 10:13:00.000000000,1648174380000000000,3985,3987,3981,3981,1369,381171,380921
2022-03-25 10:14:00.000000000,1648174440000000000,3981,3981,3978,3980,1421,380921,380765
2022-03-25 10:30:00.000000000,1648175400000000000,3979,3990,3979,3982,1892,380765,380567
2022-03-25 10:31:00.000000000,1648175460000000000,3982,3990,3982,3989,1175,380567,380776
2022-03-25 10:32:00.000000000,1648175520000000000,3989,3992,3986,3987,2356,380776,380856
2022-03-25 10:33:00.000000000,1648175580000000000,3987,3993,3987,3992,703,380856,380996
2022-03-25 10:34:00.000000000,1648175640000000000,3992,3993,3989,3991,988,380996,381170
2022-03-25 10:35:00.000000000,1648175700000000000,3991,3993,3987,3991,1342,381170,381354
2022-03-25 10:36:00.000000000,1648175760000000000,3991,3991,3983,3985,964,381354,381247
2022-03-25 10:37:00.000000000,1648175820000000000,3985,3991,3985,3990,756,381247,381402
2022-03-25 10:38:00.000000000,1648175880000000000,3990,3991,3984,3984,813,381402,381345
2022-03-25 10:39:00.000000000,1648175940000000000,3984,3985,3978,3978,1198,381345,381040
2022-03-25 10:40:00.000000000,1648176000000000000,3978,3978,3969,3971,3206,381040,380550
2022-03-25 10:41:00.000000000,1648176060000000000,3971,3974,3957,3960,4708,380550,380115
2022-03-25 10:42:00.000000000,1648176120000000000,3960,3963,3957,3958,2498,380115,379813
2022-03-25 10:43:00.000000000,1648176180000000000,3958,3962,3956,3962,1486,379813,379603
2022-03-25 10:44:00.000000000,1648176240000000000,3962,3967,3961,3964,1441,379603,379522
2022-03-25 10:45:00.000000000,1648176300000000000,3964,3968,3961,3962,1357,379522,379729
2022-03-25 10:46:00.000000000,1648176360000000000,3962,3963,3957,3959,1709,379729,379415
2022-03-25 10:47:00.000000000,1648176420000000000,3959,3965,3958,3962,1895,379415,378951
2022-03-25 10:48:00.000000000,1648176480000000000,3962,3968,3961,3961,1266,378951,378724
2022-03-25 10:49:00.000000000,1648176540000000000,3961,3964,3956,3956,1609,378724,378772
2022-03-25 10:50:00.000000000,1648176600000000000,3956,3960,3955,3958,1665,378772,379060
2022-03-25 10:51:00.000000000,1648176660000000000,3958,3960,3951,3954,1488,379060,379055
2022-03-25 10:52:00.000000000,1648176720000000000,3954,3955,3951,3952,1156,379055,379073
2022-03-25 10:53:00.000000000,1648176780000000000,3952,3954,3945,3948,2146,379073,378890
2022-03-25 10:54:00.000000000,1648176840000000000,3948,3954,3948,3952,1890,378890,378847
2022-03-25 10:55:00.000000000,1648176900000000000,3952,3959,3952,3956,1716,378847,378892
2022-03-25 10:56:00.000000000,1648176960000000000,3956,3959,3954,3958,769,378892,378931
2022-03-25 10:57:00.000000000,1648177020000000000,3958,3964,3958,3958,1379,378931,379174
2022-03-25 10:58:00.000000000,1648177080000000000,3958,3962,3958,3960,491,379174,379144
2022-03-25 10:59:00.000000000,1648177140000000000,3960,3963,3958,3962,1029,379144,379343
2022-03-25 11:00:00.000000000,1648177200000000000,3962,3963,3956,3957,1307,379343,379437
2022-03-25 11:01:00.000000000,1648177260000000000,3957,3959,3956,3957,408,379437,379451
2022-03-25 11:02:00.000000000,1648177320000000000,3957,3958,3951,3952,1490,379451,379123
2022-03-25 11:03:00.000000000,1648177380000000000,3952,3953,3945,3948,1812,379123,378884
2022-03-25 11:04:00.000000000,1648177440000000000,3948,3953,3948,3953,882,378884,378876
2022-03-25 11:05:00.000000000,1648177500000000000,3953,3963,3952,3961,1471,378876,379101
2022-03-25 11:06:00.000000000,1648177560000000000,3961,3968,3960,3967,1362,379101,379147
2022-03-25 11:07:00.000000000,1648177620000000000,3967,3970,3963,3970,1081,379147,379213
2022-03-25 11:08:00.000000000,1648177680000000000,3970,3972,3967,3970,1068,379213,379382
2022-03-25 11:09:00.000000000,1648177740000000000,3970,3971,3963,3967,2732,379382,380011
2022-03-25 11:10:00.000000000,1648177800000000000,3967,3977,3966,3975,2455,380011,379970
2022-03-25 11:11:00.000000000,1648177860000000000,3975,3978,3973,3974,1711,379970,379865
2022-03-25 11:12:00.000000000,1648177920000000000,3974,3980,3971,3980,1340,379865,379989
2022-03-25 11:13:00.000000000,1648177980000000000,3980,3980,3974,3978,875,379989,380024
2022-03-25 11:14:00.000000000,1648178040000000000,3978,3978,3973,3975,575,380024,380044
2022-03-25 11:15:00.000000000,1648178100000000000,3975,3975,3971,3974,951,380044,380100
2022-03-25 11:16:00.000000000,1648178160000000000,3974,3982,3974,3979,1503,380100,380108
2022-03-25 11:17:00.000000000,1648178220000000000,3979,3980,3974,3977,667,380108,380300
2022-03-25 11:18:00.000000000,1648178280000000000,3977,3981,3975,3977,1061,380300,380327
2022-03-25 11:19:00.000000000,1648178340000000000,3977,3979,3975,3977,662,380327,380196
2022-03-25 11:20:00.000000000,1648178400000000000,3977,3979,3973,3974,1031,380196,380269
2022-03-25 11:21:00.000000000,1648178460000000000,3974,3975,3971,3974,1036,380269,380079
2022-03-25 11:22:00.000000000,1648178520000000000,3974,3976,3973,3974,614,380079,380182
2022-03-25 11:23:00.000000000,1648178580000000000,3974,3974,3966,3970,1290,380182,380138
2022-03-25 11:24:00.000000000,1648178640000000000,3970,3973,3970,3971,307,380138,380132
2022-03-25 11:25:00.000000000,1648178700000000000,3971,3981,3971,3980,1042,380132,380119
2022-03-25 11:26:00.000000000,1648178760000000000,3980,3981,3978,3980,663,380119,379997
2022-03-25 11:27:00.000000000,1648178820000000000,3980,3987,3979,3986,1345,379997,379843
2022-03-25 11:28:00.000000000,1648178880000000000,3986,3986,3981,3983,928,379843,379875
2022-03-25 11:29:00.000000000,1648178940000000000,3983,3985,3981,3983,907,379875,379780
2022-03-25 13:30:00.000000000,1648186200000000000,3969,3969,3955,3960,4580,379780,378929
2022-03-25 13:31:00.000000000,1648186260000000000,3960,3966,3956,3961,2013,378929,379161
2022-03-25 13:32:00.000000000,1648186320000000000,3961,3965,3960,3962,1891,379161,379145
2022-03-25 13:33:00.000000000,1648186380000000000,3962,3965,3958,3961,1906,379145,379655
2022-03-25 13:34:00.000000000,1648186440000000000,3961,3962,3958,3961,1977,379655,379804
2022-03-25 13:35:00.000000000,1648186500000000000,3961,3961,3958,3960,1549,379804,379976
2022-03-25 13:36:00.000000000,1648186560000000000,3960,3965,3960,3963,1128,379976,380089
2022-03-25 13:37:00.000000000,1648186620000000000,3963,3964,3961,3962,495,380089,380034
2022-03-25 13:38:00.000000000,1648186680000000000,3962,3963,3953,3955,2128,380034,379895
2022-03-25 13:39:00.000000000,1648186740000000000,3955,3955,3950,3954,1556,379895,379981
2022-03-25 13:40:00.000000000,1648186800000000000,3954,3958,3953,3956,826,379981,380079
2022-03-25 13:41:00.000000000,1648186860000000000,3956,3961,3955,3961,811,380079,379969
2022-03-25 13:42:00.000000000,1648186920000000000,3961,3962,3958,3960,592,379969,379960
2022-03-25 13:43:00.000000000,1648186980000000000,3960,3960,3957,3958,301,379960,379979
2022-03-25 13:44:00.000000000,1648187040000000000,3958,3964,3957,3964,598,379979,380023
2022-03-25 13:45:00.000000000,1648187100000000000,3964,3974,3964,3971,1962,380023,380068
2022-03-25 13:46:00.000000000,1648187160000000000,3971,3977,3970,3974,1222,380068,379994
2022-03-25 13:47:00.000000000,1648187220000000000,3974,3982,3974,3980,1454,379994,380093
2022-03-25 13:48:00.000000000,1648187280000000000,3980,3982,3978,3978,984,380093,380037
2022-03-25 13:49:00.000000000,1648187340000000000,3978,3982,3978,3981,902,380037,380105
2022-03-25 13:50:00.000000000,1648187400000000000,3981,3992,3980,3990,3000,380105,380103
2022-03-25 13:51:00.000000000,1648187460000000000,3990,3991,3986,3990,1920,380103,380544
2022-03-25 13:52:00.000000000,1648187520000000000,3990,3995,3988,3995,1842,380544,380864
2022-03-25 13:53:00.000000000,1648187580000000000,3995,3999,3994,3995,1857,380864,381108
2022-03-25 13:54:00.000000000,1648187640000000000,3995,3997,3993,3997,1172,381108,381049
2022-03-25 13:55:00.000000000,1648187700000000000,3997,4016,3997,4016,5930,381049,382073
2022-03-25 13:56:00.000000000,1648187760000000000,4016,4022,4012,4015,3806,382073,382554
2022-03-25 13:57:00.000000000,1648187820000000000,4015,4020,4015,4017,2404,382554,383111
2022-03-25 13:58:00.000000000,1648187880000000000,4017,4019,4014,4014,1610,383111,383185
2022-03-25 13:59:00.000000000,1648187940000000000,4014,4027,4013,4025,4567,383185,384269
2022-03-25 14:00:00.000000000,1648188000000000000,4025,4041,4024,4036,5871,384269,384723
2022-03-25 14:01:00.000000000,1648188060000000000,4036,4036,4029,4030,2527,384723,384935
2022-03-25 14:02:00.000000000,1648188120000000000,4030,4030,4025,4025,2803,384935,385482
2022-03-25 14:03:00.000000000,1648188180000000000,4025,4042,4025,4042,3731,385482,386027
2022-03-25 14:04:00.000000000,1648188240000000000,4042,4043,4036,4037,2620,386027,386434
2022-03-25 14:05:00.000000000,1648188300000000000,4037,4042,4037,4041,2213,386434,386790
2022-03-25 14:06:00.000000000,1648188360000000000,4041,4041,4033,4034,1962,386790,386635
2022-03-25 14:07:00.000000000,1648188420000000000,4034,4036,4028,4029,1846,386635,386638
2022-03-25 14:08:00.000000000,1648188480000000000,4029,4036,4021,4023,2878,386638,386601
2022-03-25 14:09:00.000000000,1648188540000000000,4023,4028,4022,4023,1391,386601,386424
2022-03-25 14:10:00.000000000,1648188600000000000,4023,4034,4022,4034,1768,386424,386685
2022-03-25 14:11:00.000000000,1648188660000000000,4034,4037,4029,4032,2319,386685,387323
2022-03-25 14:12:00.000000000,1648188720000000000,4032,4035,4031,4031,531,387323,387353
2022-03-25 14:13:00.000000000,1648188780000000000,4031,4032,4024,4025,1611,387353,387533
2022-03-25 14:14:00.000000000,1648188840000000000,4025,4026,4023,4024,836,387533,387436
2022-03-25 14:15:00.000000000,1648188900000000000,4024,4031,4024,4030,1020,387436,387459
2022-03-25 14:16:00.000000000,1648188960000000000,4030,4032,4028,4030,443,387459,387488
2022-03-25 14:17:00.000000000,1648189020000000000,4030,4030,4025,4026,870,387488,387463
2022-03-25 14:18:00.000000000,1648189080000000000,4026,4029,4026,4028,511,387463,387393
2022-03-25 14:19:00.000000000,1648189140000000000,4028,4035,4027,4030,1319,387393,387010
2022-03-25 14:20:00.000000000,1648189200000000000,4030,4030,4026,4027,632,387010,387078
2022-03-25 14:21:00.000000000,1648189260000000000,4027,4031,4027,4030,510,387078,387144
2022-03-25 14:22:00.000000000,1648189320000000000,4030,4030,4024,4025,1024,387144,387150
2022-03-25 14:23:00.000000000,1648189380000000000,4025,4028,4015,4015,1469,387150,386962
2022-03-25 14:24:00.000000000,1648189440000000000,4015,4021,4015,4021,1917,386962,387255
2022-03-25 14:25:00.000000000,1648189500000000000,4021,4025,4020,4023,652,387255,387264
2022-03-25 14:26:00.000000000,1648189560000000000,4023,4024,4018,4019,732,387264,387237
2022-03-25 14:27:00.000000000,1648189620000000000,4019,4024,4018,4021,683,387237,387175
2022-03-25 14:28:00.000000000,1648189680000000000,4021,4022,4019,4021,482,387175,387083
2022-03-25 14:29:00.000000000,1648189740000000000,4021,4022,4019,4020,402,387083,387000
2022-03-25 14:30:00.000000000,1648189800000000000,4020,4021,4010,4011,1911,387000,386496
2022-03-25 14:31:00.000000000,1648189860000000000,4011,4015,4003,4006,2777,386496,386374
2022-03-25 14:32:00.000000000,1648189920000000000,4006,4013,4005,4012,1548,386374,386285
2022-03-25 14:33:00.000000000,1648189980000000000,4012,4013,4011,4013,611,386285,386368
2022-03-25 14:34:00.000000000,1648190040000000000,4013,4015,4010,4011,688,386368,386419
2022-03-25 14:35:00.000000000,1648190100000000000,4011,4013,4009,4010,707,386419,386471
2022-03-25 14:36:00.000000000,1648190160000000000,4010,4013,4008,4011,550,386471,386503
2022-03-25 14:37:00.000000000,1648190220000000000,4011,4026,4011,4026,2194,386503,386270
2022-03-25 14:38:00.000000000,1648190280000000000,4026,4026,4022,4026,1129,386270,386563
2022-03-25 14:39:00.000000000,1648190340000000000,4026,4028,4019,4020,1041,386563,386618
2022-03-25 14:40:00.000000000,1648190400000000000,4020,4024,4019,4021,632,386618,386626
2022-03-25 14:41:00.000000000,1648190460000000000,4021,4021,4017,4020,846,386626,386618
2022-03-25 14:42:00.000000000,1648190520000000000,4020,4025,4019,4023,675,386618,386587
2022-03-25 14:43:00.000000000,1648190580000000000,4023,4025,4021,4024,1112,386587,386311
2022-03-25 14:44:00.000000000,1648190640000000000,4024,4026,4020,4021,988,386311,386493
2022-03-25 14:45:00.000000000,1648190700000000000,4021,4024,4020,4023,670,386493,386628
2022-03-25 14:46:00.000000000,1648190760000000000,4023,4026,4023,4025,877,386628,386785
2022-03-25 14:47:00.000000000,1648190820000000000,4025,4026,4021,4026,811,386785,386580
2022-03-25 14:48:00.000000000,1648190880000000000,4026,4026,4024,4024,458,386580,386478
2022-03-25 14:49:00.000000000,1648190940000000000,4024,4026,4022,4025,815,386478,386376
2022-03-25 14:50:00.000000000,1648191000000000000,4025,4030,4024,4029,1938,386376,386318
2022-03-25 14:51:00.000000000,1648191060000000000,4029,4032,4027,4030,1507,386318,386384
2022-03-25 14:52:00.000000000,1648191120000000000,4030,4031,4025,4026,1069,386384,386244
2022-03-25 14:53:00.000000000,1648191180000000000,4026,4030,4025,4028,991,386244,386073
2022-03-25 14:54:00.000000000,1648191240000000000,4028,4029,4025,4026,797,386073,385895
2022-03-25 14:55:00.000000000,1648191300000000000,4026,4032,4026,4031,1357,385895,386085
2022-03-25 14:56:00.000000000,1648191360000000000,4031,4032,4028,4030,2191,386085,386014
2022-03-25 14:57:00.000000000,1648191420000000000,4030,4030,4027,4028,1875,386014,385698
2022-03-25 14:58:00.000000000,1648191480000000000,4028,4028,4023,4023,2345,385698,384950
2022-03-25 14:59:00.000000000,1648191540000000000,4023,4026,4020,4025,2869,384950,384415
2022-03-25 21:00:00.000000000,1648213200000000000,3935,3960,3935,3944,27802,384415,379368
2022-03-25 21:01:00.000000000,1648213260000000000,3944,3956,3937,3956,10082,379368,379037
2022-03-25 21:02:00.000000000,1648213320000000000,3956,3976,3956,3973,7865,379037,378769
2022-03-25 21:03:00.000000000,1648213380000000000,3973,3973,3959,3964,4367,378769,379339
2022-03-25 21:04:00.000000000,1648213440000000000,3964,3972,3963,3965,3848,379339,379878
2022-03-25 21:05:00.000000000,1648213500000000000,3965,3978,3961,3970,5548,379878,379508
2022-03-25 21:06:00.000000000,1648213560000000000,3970,3973,3961,3963,2910,379508,379409
2022-03-25 21:07:00.000000000,1648213620000000000,3963,3969,3959,3964,3753,379409,379028
2022-03-25 21:08:00.000000000,1648213680000000000,3964,3969,3963,3964,1973,379028,378962
2022-03-25 21:09:00.000000000,1648213740000000000,3964,3964,3956,3956,2744,378962,378872
2022-03-25 21:10:00.000000000,1648213800000000000,3956,3964,3951,3956,4178,378872,378287
2022-03-25 21:11:00.000000000,1648213860000000000,3956,3962,3950,3961,3972,378287,378048
2022-03-25 21:12:00.000000000,1648213920000000000,3961,3963,3955,3957,2044,378048,378050
2022-03-25 21:13:00.000000000,1648213980000000000,3957,3965,3954,3965,2663,378050,377976
2022-03-25 21:14:00.000000000,1648214040000000000,3965,3976,3962,3974,4385,377976,376994
2022-03-25 21:15:00.000000000,1648214100000000000,3974,3985,3972,3979,4831,376994,377508
2022-03-25 21:16:00.000000000,1648214160000000000,3979,3998,3978,3992,4909,377508,378579
2022-03-25 21:17:00.000000000,1648214220000000000,3992,4005,3991,3999,4733,378579,379660
2022-03-25 21:18:00.000000000,1648214280000000000,3999,4003,3988,3990,4451,379660,379740
2022-03-25 21:19:00.000000000,1648214340000000000,3990,3993,3982,3983,2775,379740,379644
2022-03-25 21:20:00.000000000,1648214400000000000,3983,3987,3977,3980,4064,379644,379007
2022-03-25 21:21:00.000000000,1648214460000000000,3980,3992,3979,3991,2710,379007,378824
2022-03-25 21:22:00.000000000,1648214520000000000,3991,3998,3987,3992,3311,378824,379850
2022-03-25 21:23:00.000000000,1648214580000000000,3992,3996,3989,3996,2124,379850,380328
2022-03-25 21:24:00.000000000,1648214640000000000,3996,4004,3995,4002,3493,380328,381191
2022-03-25 21:25:00.000000000,1648214700000000000,4002,4017,4001,4012,5008,381191,382337
2022-03-25 21:26:00.000000000,1648214760000000000,4012,4020,4009,4009,4915,382337,382975
2022-03-25 21:27:00.000000000,1648214820000000000,4009,4020,4008,4014,3136,382975,383750
2022-03-25 21:28:00.000000000,1648214880000000000,4014,4019,4011,4017,2664,383750,384494
2022-03-25 21:29:00.000000000,1648214940000000000,4017,4019,4011,4011,2161,384494,384642
2022-03-25 21:30:00.000000000,1648215000000000000,4011,4013,4003,4007,4530,384642,384011
2022-03-25 21:31:00.000000000,1648215060000000000,4007,4020,4007,4015,2229,384011,384353
2022-03-25 21:32:00.000000000,1648215120000000000,4015,4018,4008,4015,3694,384353,384856
2022-03-25 21:33:00.000000000,1648215180000000000,4015,4019,4010,4013,3107,384856,385174
2022-03-25 21:34:00.000000000,1648215240000000000,4013,4017,4011,4016,1607,385174,385261
2022-03-25 21:35:00.000000000,1648215300000000000,4016,4025,4015,4021,3853,385261,385514
2022-03-25 21:36:00.000000000,1648215360000000000,4021,4021,4014,4018,2392,385514,385794
2022-03-25 21:37:00.000000000,1648215420000000000,4018,4018,4012,4013,1718,385794,385914
2022-03-25 21:38:00.000000000,1648215480000000000,4013,4016,4011,4012,1328,385914,386010
2022-03-25 21:39:00.000000000,1648215540000000000,4012,4017,4011,4014,1098,386010,386010
2022-03-25 21:40:00.000000000,1648215600000000000,4014,4022,4013,4021,1865,386010,386338
2022-03-25 21:41:00.000000000,1648215660000000000,4021,4026,4017,4024,1776,386338,386455
2022-03-25 21:42:00.000000000,1648215720000000000,4024,4024,4015,4017,1274,386455,386508
2022-03-25 21:43:00.000000000,1648215780000000000,4017,4021,4016,4020,908,386508,386669
2022-03-25 21:44:00.000000000,1648215840000000000,4020,4023,4017,4019,1027,386669,386864
2022-03-25 21:45:00.000000000,1648215900000000000,4019,4022,4016,4018,1204,386864,386948
2022-03-25 21:46:00.000000000,1648215960000000000,4018,4023,4016,4016,1328,386948,387147
2022-03-25 21:47:00.000000000,1648216020000000000,4016,4016,4009,4014,2446,387147,387242
2022-03-25 21:48:00.000000000,1648216080000000000,4014,4019,4012,4012,936,387242,387353
2022-03-25 21:49:00.000000000,1648216140000000000,4012,4015,4007,4014,1492,387353,387035
2022-03-25 21:50:00.000000000,1648216200000000000,4014,4015,4010,4010,951,387035,387026
2022-03-25 21:51:00.000000000,1648216260000000000,4010,4018,4010,4018,1609,387026,386758
2022-03-25 21:52:00.000000000,1648216320000000000,4018,4023,4015,4019,1616,386758,386868
2022-03-25 21:53:00.000000000,1648216380000000000,4019,4019,4013,4016,725,386868,386784
2022-03-25 21:54:00.000000000,1648216440000000000,4016,4018,4012,4013,784,386784,386785
2022-03-25 21:55:00.000000000,1648216500000000000,4013,4018,4011,4014,1059,386785,386750
2022-03-25 21:56:00.000000000,1648216560000000000,4014,4015,4008,4009,1305,386750,386763
2022-03-25 21:57:00.000000000,1648216620000000000,4009,4010,4004,4009,1646,386763,386482
2022-03-25 21:58:00.000000000,1648216680000000000,4009,4010,4004,4007,1970,386482,386818
2022-03-25 21:59:00.000000000,1648216740000000000,4007,4009,4000,4001,2842,386818,386371
2022-03-25 22:00:00.000000000,1648216800000000000,4001,4001,3994,4000,3863,386371,385867
2022-03-25 22:01:00.000000000,1648216860000000000,4000,4003,3998,4000,1789,385867,385582
2022-03-25 22:02:00.000000000,1648216920000000000,4000,4008,3999,4004,1718,385582,385391
2022-03-25 22:03:00.000000000,1648216980000000000,4004,4005,4000,4005,995,385391,385409
2022-03-25 22:04:00.000000000,1648217040000000000,4005,4006,4000,4006,1078,385409,385517
2022-03-25 22:05:00.000000000,1648217100000000000,4006,4014,4006,4011,1824,385517,385435
2022-03-25 22:06:00.000000000,1648217160000000000,4011,4014,4005,4012,965,385435,385453
2022-03-25 22:07:00.000000000,1648217220000000000,4012,4018,4005,4006,2334,385453,385309
2022-03-25 22:08:00.000000000,1648217280000000000,4006,4007,3999,3999,1692,385309,385136
2022-03-25 22:09:00.000000000,1648217340000000000,3999,4003,3997,4000,1686,385136,385206
2022-03-25 22:10:00.000000000,1648217400000000000,4000,4007,3998,4005,1275,385206,385244
2022-03-25 22:11:00.000000000,1648217460000000000,4005,4006,3999,4002,998,385244,385140
2022-03-25 22:12:00.000000000,1648217520000000000,4002,4009,4001,4009,1182,385140,385041
2022-03-25 22:13:00.000000000,1648217580000000000,4009,4011,4007,4007,1306,385041,385218
2022-03-25 22:14:00.000000000,1648217640000000000,4007,4014,4005,4014,1338,385218,385835
2022-03-25 22:15:00.000000000,1648217700000000000,4014,4016,4010,4014,2375,385835,385402
2022-03-25 22:16:00.000000000,1648217760000000000,4014,4015,4008,4010,907,385402,385392
2022-03-25 22:17:00.000000000,1648217820000000000,4010,4014,4008,4014,1118,385392,385816
2022-03-25 22:18:00.000000000,1648217880000000000,4014,4016,4012,4015,1052,385816,386132
2022-03-25 22:19:00.000000000,1648217940000000000,4015,4017,4012,4015,884,386132,386097
2022-03-25 22:20:00.000000000,1648218000000000000,4015,4017,4011,4013,875,386097,386011
2022-03-25 22:21:00.000000000,1648218060000000000,4013,4016,4009,4012,859,386011,385914
2022-03-25 22:22:00.000000000,1648218120000000000,4012,4013,4008,4011,529,385914,385919
2022-03-25 22:23:00.000000000,1648218180000000000,4011,4014,4008,4013,564,385919,385816
2022-03-25 22:24:00.000000000,1648218240000000000,4013,4013,4007,4007,440,385816,385791
2022-03-25 22:25:00.000000000,1648218300000000000,4007,4013,4007,4013,575,385791,385725
2022-03-25 22:26:00.000000000,1648218360000000000,4013,4015,4011,4011,881,385725,385596
2022-03-25 22:27:00.000000000,1648218420000000000,4011,4012,4008,4008,579,385596,385630
2022-03-25 22:28:00.000000000,1648218480000000000,4008,4010,4007,4007,618,385630,385569
2022-03-25 22:29:00.000000000,1648218540000000000,4007,4012,4006,4012,674,385569,385485
2022-03-25 22:30:00.000000000,1648218600000000000,4012,4012,4003,4003,936,385485,385475
2022-03-25 22:31:00.000000000,1648218660000000000,4003,4005,4001,4004,1383,385475,385501
2022-03-25 22:32:00.000000000,1648218720000000000,4004,4008,4004,4004,566,385501,385458
2022-03-25 22:33:00.000000000,1648218780000000000,4004,4008,4003,4005,858,385458,385563
2022-03-25 22:34:00.000000000,1648218840000000000,4005,4008,4002,4002,1144,385563,385350
2022-03-25 22:35:00.000000000,1648218900000000000,4002,4002,3997,4001,1890,385350,385150
2022-03-25 22:36:00.000000000,1648218960000000000,4001,4006,4000,4001,1113,385150,385040
2022-03-25 22:37:00.000000000,1648219020000000000,4001,4012,4001,4011,1499,385040,384675
2022-03-25 22:38:00.000000000,1648219080000000000,4011,4015,4010,4012,1057,384675,384615
2022-03-25 22:39:00.000000000,1648219140000000000,4012,4014,4009,4013,986,384615,384498
2022-03-25 22:40:00.000000000,1648219200000000000,4013,4016,4012,4016,1624,384498,384483
2022-03-25 22:41:00.000000000,1648219260000000000,4016,4016,4011,4012,719,384483,384425
2022-03-25 22:42:00.000000000,1648219320000000000,4012,4016,4012,4014,609,384425,384390
2022-03-25 22:43:00.000000000,1648219380000000000,4014,4018,4013,4016,994,384390,384327
2022-03-25 22:44:00.000000000,1648219440000000000,4016,4022,4016,4020,1937,384327,384458
2022-03-25 22:45:00.000000000,1648219500000000000,4020,4031,4020,4028,3052,384458,384621
2022-03-25 22:46:00.000000000,1648219560000000000,4028,4035,4027,4029,2590,384621,384470
2022-03-25 22:47:00.000000000,1648219620000000000,4029,4029,4019,4021,1771,384470,384081
2022-03-25 22:48:00.000000000,1648219680000000000,4021,4024,4018,4018,1011,384081,384154
2022-03-25 22:49:00.000000000,1648219740000000000,4018,4019,4013,4014,1282,384154,383976
2022-03-25 22:50:00.000000000,1648219800000000000,4014,4014,4006,4010,1871,383976,383781
2022-03-25 22:51:00.000000000,1648219860000000000,4010,4017,4010,4012,922,383781,383563
2022-03-25 22:52:00.000000000,1648219920000000000,4012,4024,4012,4023,1853,383563,383799
2022-03-25 22:53:00.000000000,1648219980000000000,4023,4031,4021,4028,2186,383799,384452
2022-03-25 22:54:00.000000000,1648220040000000000,4028,4035,4026,4026,2091,384452,384724
2022-03-25 22:55:00.000000000,1648220100000000000,4026,4027,4021,4023,1642,384724,384770
2022-03-25 22:56:00.000000000,1648220160000000000,4023,4031,4023,4029,1405,384770,384744
2022-03-25 22:57:00.000000000,1648220220000000000,4029,4031,4026,4026,1553,384744,384642
2022-03-25 22:58:00.000000000,1648220280000000000,4026,4032,4024,4031,2167,384642,384603
2022-03-25 22:59:00.000000000,1648220340000000000,4031,4041,4029,4041,3465,384603,384090
2022-03-28 09:00:00.000000000,1648429200000000000,3992,3998,3983,3987,14009,384090,383911
2022-03-28 09:01:00.000000000,1648429260000000000,3987,3990,3984,3988,5935,383911,383546
2022-03-28 09:02:00.000000000,1648429320000000000,3988,3988,3956,3963,9362,383546,382637
2022-03-28 09:03:00.000000000,1648429380000000000,3963,3964,3953,3964,5592,382637,382569
2022-03-28 09:04:00.000000000,1648429440000000000,3964,3979,3962,3973,6745,382569,383467
2022-03-28 09:05:00.000000000,1648429500000000000,3973,3981,3968,3978,6128,383467,382806
2022-03-28 09:06:00.000000000,1648429560000000000,3978,3995,3978,3992,4190,382806,382675
2022-03-28 09:07:00.000000000,1648429620000000000,3992,4000,3989,3996,3230,382675,382975
2022-03-28 09:08:00.000000000,1648429680000000000,3996,4014,3994,4010,5730,382975,384150
2022-03-28 09:09:00.000000000,1648429740000000000,4010,4020,4009,4017,3585,384150,384173
2022-03-28 09:10:00.000000000,1648429800000000000,4017,4017,4004,4004,2894,384173,384208
2022-03-28 09:11:00.000000000,1648429860000000000,4004,4009,4004,4005,1885,384208,384413
2022-03-28 09:12:00.000000000,1648429920000000000,4005,4007,4000,4003,2395,384413,384386
2022-03-28 09:13:00.000000000,1648429980000000000,4003,4005,3994,4005,3404,384386,384137
2022-03-28 09:14:00.000000000,1648430040000000000,4005,4009,4001,4008,1944,384137,384256
2022-03-28 09:15:00.000000000,1648430100000000000,4008,4012,4004,4005,1996,384256,384409
2022-03-28 09:16:00.000000000,1648430160000000000,4005,4006,4000,4001,1264,384409,384461
2022-03-28 09:17:00.000000000,1648430220000000000,4001,4007,4000,4001,1174,384461,384476
2022-03-28 09:18:00.000000000,1648430280000000000,4001,4002,3991,3994,2321,384476,384355
2022-03-28 09:19:00.000000000,1648430340000000000,3994,4000,3992,3996,1710,384355,384197
2022-03-28 09:20:00.000000000,1648430400000000000,3996,3997,3981,3986,3636,384197,384342
2022-03-28 09:21:00.000000000,1648430460000000000,3986,3995,3985,3990,1901,384342,384014
2022-03-28 09:22:00.000000000,1648430520000000000,3990,3994,3987,3992,1281,384014,383947
2022-03-28 09:23:00.000000000,1648430580000000000,3992,3993,3988,3988,783,383947,383839
2022-03-28 09:24:00.000000000,1648430640000000000,3988,3990,3986,3987,1037,383839,383831
2022-03-28 09:25:00.000000000,1648430700000000000,3987,3998,3987,3998,2133,383831,384215
2022-03-28 09:26:00.000000000,1648430760000000000,3998,3999,3993,3998,2162,384215,384566
2022-03-28 09:27:00.000000000,1648430820000000000,3998,4005,3996,4002,1686,384566,384515
2022-03-28 09:28:00.000000000,1648430880000000000,4002,4013,4002,4013,2112,384515,384960
2022-03-28 09:29:00.000000000,1648430940000000000,4013,4016,4010,4014,2767,384960,384833
2022-03-28 09:30:00.000000000,1648431000000000000,4014,4016,4004,4009,1922,384833,385019
2022-03-28 09:31:00.000000000,1648431060000000000,4009,4011,4007,4010,756,385019,385134
2022-03-28 09:32:00.000000000,1648431120000000000,4010,4017,4009,4017,1582,385134,385327
2022-03-28 09:33:00.000000000,1648431180000000000,4017,4019,4015,4016,1466,385327,385500
2022-03-28 09:34:00.000000000,1648431240000000000,4016,4024,4014,4022,2513,385500,385922
2022-03-28 09:35:00.000000000,1648431300000000000,4022,4024,4017,4018,1246,385922,385887
2022-03-28 09:36:00.000000000,1648431360000000000,4018,4018,4007,4016,1886,385887,385910
2022-03-28 09:37:00.000000000,1648431420000000000,4016,4018,4011,4014,901,385910,386042
2022-03-28 09:38:00.000000000,1648431480000000000,4014,4018,4013,4015,1068,386042,386191
2022-03-28 09:39:00.000000000,1648431540000000000,4015,4016,4010,4011,691,386191,386223
2022-03-28 09:40:00.000000000,1648431600000000000,4011,4016,4007,4012,1472,386223,386141
2022-03-28 09:41:00.000000000,1648431660000000000,4012,4013,4004,4008,1323,386141,385967
2022-03-28 09:42:00.000000000,1648431720000000000,4008,4014,4007,4014,883,385967,385967
2022-03-28 09:43:00.000000000,1648431780000000000,4014,4020,4009,4018,813,385967,386058
2022-03-28 09:44:00.000000000,1648431840000000000,4018,4020,4016,4020,866,386058,386206
2022-03-28 09:45:00.000000000,1648431900000000000,4020,4021,4012,4014,1218,386206,386401
2022-03-28 09:46:00.000000000,1648431960000000000,4014,4019,4013,4017,898,386401,386396
2022-03-28 09:47:00.000000000,1648432020000000000,4017,4017,4005,4008,2547,386396,386069
2022-03-28 09:48:00.000000000,1648432080000000000,4008,4012,4007,4007,786,386069,385847
2022-03-28 09:49:00.000000000,1648432140000000000,4007,4012,4006,4012,1378,385847,385756
2022-03-28 09:50:00.000000000,1648432200000000000,4012,4013,4002,4002,1639,385756,385647
2022-03-28 09:51:00.000000000,1648432260000000000,4002,4008,4002,4005,928,385647,385403
2022-03-28 09:52:00.000000000,1648432320000000000,4005,4005,3997,4001,1755,385403,384924
2022-03-28 09:53:00.000000000,1648432380000000000,4001,4002,3991,4002,1672,384924,384685
2022-03-28 09:54:00.000000000,1648432440000000000,4002,4003,3999,4000,779,384685,384738
2022-03-28 09:55:00.000000000,1648432500000000000,4000,4007,4000,4006,932,384738,384792
2022-03-28 09:56:00.000000000,1648432560000000000,4006,4012,4002,4010,1064,384792,384642
2022-03-28 09:57:00.000000000,1648432620000000000,4010,4015,4004,4012,1641,384642,384763
2022-03-28 09:58:00.000000000,1648432680000000000,4012,4015,4010,4013,885,384763,384591
2022-03-28 09:59:00.000000000,1648432740000000000,4013,4015,4009,4013,753,384591,384537
2022-03-28 10:00:00.000000000,1648432800000000000,4013,4014,4009,4011,744,384537,384533
2022-03-28 10:01:00.000000000,1648432860000000000,4011,4025,4011,4019,2669,384533,384639
2022-03-28 10:02:00.000000000,1648432920000000000,4019,4021,4014,4014,1692,384639,384488
2022-03-28 10:03:00.000000000,1648432980000000000,4014,4020,4013,4020,981,384488,384721
2022-03-28 10:04:00.000000000,1648433040000000000,4020,4025,4018,4024,1271,384721,385065
2022-03-28 10:05:00.000000000,1648433100000000000,4024,4024,4015,4020,1312,385065,385045
2022-03-28 10:06:00.000000000,1648433160000000000,4020,4021,4016,4018,740,385045,385080
2022-03-28 10:07:00.000000000,1648433220000000000,4018,4020,4016,4017,622,385080,385117
2022-03-28 10:08:00.000000000,1648433280000000000,4017,4019,4010,4019,1187,385117,385010
2022-03-28 10:09:00.000000000,1648433340000000000,4019,4021,4017,4017,615,385010,385050
2022-03-28 10:10:00.000000000,1648433400000000000,4017,4023,4016,4017,1107,385050,385212
2022-03-28 10:11:00.000000000,1648433460000000000,4017,4028,4017,4027,1480,385212,385558
2022-03-28 10:12:00.000000000,1648433520000000000,4027,4028,4022,4024,1249,385558,385698
2022-03-28 10:13:00.000000000,1648433580000000000,4024,4026,4023,4024,711,385698,385759
2022-03-28 10:14:00.000000000,1648433640000000000,4024,4024,4016,4022,1124,385759,385489
2022-03-28 10:30:00.000000000,1648434600000000000,4024,4026,4017,4021,1312,385489,385288
2022-03-28 10:31:00.000000000,1648434660000000000,4021,4025,4019,4022,852,385288,385316
2022-03-28 10:32:00.000000000,1648434720000000000,4022,4023,4011,4015,1612,385316,385248
2022-03-28 10:33:00.000000000,1648434780000000000,4015,4022,4012,4019,1121,385248,385177
2022-03-28 10:34:00.000000000,1648434840000000000,4019,4021,4014,4021,920,385177,385197
2022-03-28 10:35:00.000000000,1648434900000000000,4021,4022,4013,4014,995,385197,385200
2022-03-28 10:36:00.000000000,1648434960000000000,4014,4018,4014,4015,530,385200,385126
2022-03-28 10:37:00.000000000,1648435020000000000,4015,4016,4011,4015,769,385126,385064
2022-03-28 10:38:00.000000000,1648435080000000000,4015,4021,4010,4014,1445,385064,385075
2022-03-28 10:39:00.000000000,1648435140000000000,4014,4016,4012,4015,281,385075,385052
2022-03-28 10:40:00.000000000,1648435200000000000,4015,4019,4012,4016,700,385052,385059
2022-03-28 10:41:00.000000000,1648435260000000000,4016,4016,4011,4012,824,385059,385047
2022-03-28 10:42:00.000000000,1648435320000000000,4012,4018,4008,4015,956,385047,385081
2022-03-28 10:43:00.000000000,1648435380000000000,4015,4017,4014,4017,462,385081,385002
2022-03-28 10:44:00.000000000,1648435440000000000,4017,4021,4016,4020,634,385002,384973
2022-03-28 10:45:00.000000000,1648435500000000000,4020,4020,4017,4017,503,384973,385004
2022-03-28 10:46:00.000000000,1648435560000000000,4017,4031,4016,4030,2916,385004,385325
2022-03-28 10:47:00.000000000,1648435620000000000,4030,4031,4025,4031,1248,385325,385487
2022-03-28 10:48:00.000000000,1648435680000000000,4031,4063,4031,4059,9848,385487,387510
2022-03-28 10:49:00.000000000,1648435740000000000,4059,4063,4051,4061,3638,387510,386655
2022-03-28 10:50:00.000000000,1648435800000000000,4061,4070,4061,4063,2641,386655,387283
2022-03-28 10:51:00.000000000,1648435860000000000,4063,4077,4062,4074,3735,387283,388145
2022-03-28 10:52:00.000000000,1648435920000000000,4074,4076,4064,4064,2496,388145,388222
2022-03-28 10:53:00.000000000,1648435980000000000,4064,4066,4057,4058,2616,388222,388002
2022-03-28 10:54:00.000000000,1648436040000000000,4058,4059,4048,4051,3975,388002,386926
2022-03-28 10:55:00.000000000,1648436100000000000,4051,4056,4049,4051,3506,386926,385574
2022-03-28 10:56:00.000000000,1648436160000000000,4051,4052,4045,4046,1699,385574,384952
2022-03-28 10:57:00.000000000,1648436220000000000,4046,4051,4044,4048,1629,384952,384467
2022-03-28 10:58:00.000000000,1648436280000000000,4048,4055,4048,4054,1325,384467,384373
2022-03-28 10:59:00.000000000,1648436340000000000,4054,4054,4048,4049,1730,384373,384447
2022-03-28 11:00:00.000000000,1648436400000000000,4049,4051,4046,4048,1199,384447,384406
2022-03-28 11:01:00.000000000,1648436460000000000,4048,4049,4042,4048,1047,384406,384287
2022-03-28 11:02:00.000000000,1648436520000000000,4048,4052,4046,4049,1104,384287,384340
2022-03-28 11:03:00.000000000,1648436580000000000,4049,4051,4048,4050,831,384340,384304
2022-03-28 11:04:00.000000000,1648436640000000000,4050,4054,4049,4051,725,384304,384381
2022-03-28 11:05:00.000000000,1648436700000000000,4051,4054,4048,4049,905,384381,384528
2022-03-28 11:06:00.000000000,1648436760000000000,4049,4051,4048,4049,590,384528,384578
2022-03-28 11:07:00.000000000,1648436820000000000,4049,4049,4042,4042,1167,384578,384155
2022-03-28 11:08:00.000000000,1648436880000000000,4042,4045,4034,4045,2561,384155,383807
2022-03-28 11:09:00.000000000,1648436940000000000,4045,4048,4043,4047,1073,383807,383885
2022-03-28 11:10:00.000000000,1648437000000000000,4047,4050,4045,4049,762,383885,383973
2022-03-28 11:11:00.000000000,1648437060000000000,4049,4049,4047,4048,334,383973,384064
2022-03-28 11:12:00.000000000,1648437120000000000,4048,4051,4047,4051,800,384064,384120
2022-03-28 11:13:00.000000000,1648437180000000000,4051,4056,4050,4055,1393,384120,384205
2022-03-28 11:14:00.000000000,1648437240000000000,4055,4057,4051,4056,935,384205,384041
2022-03-28 11:15:00.000000000,1648437300000000000,4056,4056,4053,4054,805,384041,384159
2022-03-28 11:16:00.000000000,1648437360000000000,4054,4055,4045,4045,768,384159,384194
2022-03-28 11:17:00.000000000,1648437420000000000,4045,4049,4044,4046,785,384194,384081
2022-03-28 11:18:00.000000000,1648437480000000000,4046,4048,4042,4043,616,384081,384131
2022-03-28 11:19:00.000000000,1648437540000000000,4043,4050,4043,4049,609,384131,384033
2022-03-28 11:20:00.000000000,1648437600000000000,4049,4050,4043,4043,610,384033,384094
2022-03-28 11:21:00.000000000,1648437660000000000,4043,4047,4042,4044,557,384094,384057
2022-03-28 11:22:00.000000000,1648437720000000000,4044,4046,4039,4040,760,384057,384072
2022-03-28 11:23:00.000000000,1648437780000000000,4040,4040,4034,4038,1332,384072,383839
2022-03-28 11:24:00.000000000,1648437840000000000,4038,4038,4022,4028,2477,383839,383345
2022-03-28 11:25:00.000000000,1648437900000000000,4028,4033,4026,4029,1125,383345,383180
2022-03-28 11:26:00.000000000,1648437960000000000,4029,4029,4023,4023,1363,383180,383542
2022-03-28 11:27:00.000000000,1648438020000000000,4023,4025,4015,4024,2499,383542,383276
2022-03-28 11:28:00.000000000,1648438080000000000,4024,4025,4014,4017,1842,383276,382863
2022-03-28 11:29:00.000000000,1648438140000000000,4017,4025,4017,4024,1437,382863,382401
2022-03-28 13:30:00.000000000,1648445400000000000,4012,4012,3998,4006,4797,382401,382085
2022-03-28 13:31:00.000000000,1648445460000000000,4006,4010,4004,4009,1574,382085,382252
2022-03-28 13:32:00.000000000,1648445520000000000,4009,4009,3999,3999,1864,382252,381946
2022-03-28 13:33:00.000000000,1648445580000000000,3999,4002,3992,4000,2541,381946,381126
2022-03-28 13:34:00.000000000,1648445640000000000,4000,4005,3999,4001,1575,381126,381231
2022-03-28 13:35:00.000000000,1648445700000000000,4001,4002,3988,3988,3097,381231,380601
2022-03-28 13:36:00.000000000,1648445760000000000,3988,3989,3980,3983,4506,380601,379368
2022-03-28 13:37:00.000000000,1648445820000000000,3983,3984,3975,3982,3136,379368,378951
2022-03-28 13:38:00.000000000,1648445880000000000,3982,3989,3976,3976,2421,378951,379106
2022-03-28 13:39:00.000000000,1648445940000000000,3976,3984,3976,3981,1452,379106,379017
2022-03-28 13:40:00.000000000,1648446000000000000,3981,3986,3979,3984,2258,379017,379097
2022-03-28 13:41:00.000000000,1648446060000000000,3984,3985,3978,3980,2188,379097,379249
2022-03-28 13:42:00.000000000,1648446120000000000,3980,3988,3976,3988,1649,379249,379219
2022-03-28 13:43:00.000000000,1648446180000000000,3988,3988,3983,3986,1299,379219,379116
2022-03-28 13:44:00.000000000,1648446240000000000,3986,3993,3985,3992,2146,379116,379167
2022-03-28 13:45:00.000000000,1648446300000000000,3992,3992,3975,3976,2213,379167,379011
2022-03-28 13:46:00.000000000,1648446360000000000,3976,3983,3976,3978,1784,379011,379383
2022-03-28 13:47:00.000000000,1648446420000000000,3978,3978,3971,3971,2407,379383,379651
2022-03-28 13:48:00.000000000,1648446480000000000,3971,3980,3970,3980,1384,379651,379700
2022-03-28 13:49:00.000000000,1648446540000000000,3980,3984,3977,3980,1712,379700,379700
2022-03-28 13:50:00.000000000,1648446600000000000,3980,3987,3977,3984,1565,379700,379648
2022-03-28 13:51:00.000000000,1648446660000000000,3984,3985,3979,3984,1085,379648,379624
2022-03-28 13:52:00.000000000,1648446720000000000,3984,3986,3980,3981,1058,379624,379686
2022-03-28 13:53:00.000000000,1648446780000000000,3981,3986,3979,3983,1071,379686,379936
2022-03-28 13:54:00.000000000,1648446840000000000,3983,3984,3974,3976,1140,379936,379899
2022-03-28 13:55:00.000000000,1648446900000000000,3976,3985,3976,3983,1444,379899,379817
2022-03-28 13:56:00.000000000,1648446960000000000,3983,3985,3980,3980,597,379817,379849
2022-03-28 13:57:00.000000000,1648447020000000000,3980,3981,3977,3981,731,379849,379838
2022-03-28 13:58:00.000000000,1648447080000000000,3981,3986,3980,3984,837,379838,379811
2022-03-28 13:59:00.000000000,1648447140000000000,3984,3994,3983,3993,2527,379811,379549
2022-03-28 14:00:00.000000000,1648447200000000000,3993,3993,3981,3984,1667,379549,379552
2022-03-28 14:01:00.000000000,1648447260000000000,3984,3989,3984,3985,1098,379552,379571
2022-03-28 14:02:00.000000000,1648447320000000000,3985,3987,3982,3982,928,379571,379490
2022-03-28 14:03:00.000000000,1648447380000000000,3982,3986,3981,3985,1096,379490,379260
2022-03-28 14:04:00.000000000,1648447440000000000,3985,3994,3985,3993,1332,379260,379495
2022-03-28 14:05:00.000000000,1648447500000000000,3993,3993,3982,3982,1331,379495,379417
2022-03-28 14:06:00.000000000,1648447560000000000,3982,3984,3980,3980,1661,379417,379699
2022-03-28 14:07:00.000000000,1648447620000000000,3980,3982,3976,3979,1142,379699,379480
2022-03-28 14:08:00.000000000,1648447680000000000,3979,3981,3975,3976,806,379480,379374
2022-03-28 14:09:00.000000000,1648447740000000000,3976,3980,3976,3980,805,379374,379390
2022-03-28 14:10:00.000000000,1648447800000000000,3980,3980,3977,3977,671,379390,379392
2022-03-28 14:11:00.000000000,1648447860000000000,3977,3984,3977,3983,902,379392,379568
2022-03-28 14:12:00.000000000,1648447920000000000,3983,3984,3980,3980,471,379568,379564
2022-03-28 14:13:00.000000000,1648447980000000000,3980,3981,3970,3970,2218,379564,379619
2022-03-28 14:14:00.000000000,1648448040000000000,3970,3972,3958,3963,5140,379619,378697
2022-03-28 14:15:00.000000000,1648448100000000000,3963,3963,3955,3958,3920,378697,378077
2022-03-28 14:16:00.000000000,1648448160000000000,3958,3971,3958,3970,2199,378077,377785
2022-03-28 14:17:00.000000000,1648448220000000000,3970,3972,3968,3971,1632,377785,377842
2022-03-28 14:18:00.000000000,1648448280000000000,3971,3977,3968,3975,1350,377842,377961
2022-03-28 14:19:00.000000000,1648448340000000000,3975,3980,3971,3971,2142,377961,378224
2022-03-28 14:20:00.000000000,1648448400000000000,3971,3973,3967,3969,1394,378224,378447
2022-03-28 14:21:00.000000000,1648448460000000000,3969,3977,3968,3976,1425,378447,378319
2022-03-28 14:22:00.000000000,1648448520000000000,3976,3977,3973,3975,1189,378319,378323
2022-03-28 14:23:00.000000000,1648448580000000000,3975,3975,3970,3970,963,378323,378163
2022-03-28 14:24:00.000000000,1648448640000000000,3970,3972,3967,3971,580,378163,378121
2022-03-28 14:25:00.000000000,1648448700000000000,3971,3972,3960,3961,1814,378121,377723
2022-03-28 14:26:00.000000000,1648448760000000000,3961,3964,3952,3957,3602,377723,376743
2022-03-28 14:27:00.000000000,1648448820000000000,3957,3966,3956,3965,1399,376743,376445
2022-03-28 14:28:00.000000000,1648448880000000000,3965,3969,3964,3965,1062,376445,376553
2022-03-28 14:29:00.000000000,1648448940000000000,3965,3966,3958,3959,1801,376553,376727
2022-03-28 14:30:00.000000000,1648449000000000000,3959,3962,3950,3953,3158,376727,375763
2022-03-28 14:31:00.000000000,1648449060000000000,3953,3957,3951,3953,1621,375763,375349
2022-03-28 14:32:00.000000000,1648449120000000000,3953,3955,3943,3955,3509,375349,374520
2022-03-28 14:33:00.000000000,1648449180000000000,3955,3962,3953,3955,2029,374520,373924
2022-03-28 14:34:00.000000000,1648449240000000000,3955,3957,3950,3955,1386,373924,373891
2022-03-28 14:35:00.000000000,1648449300000000000,3955,3956,3947,3951,1599,373891,373914
2022-03-28 14:36:00.000000000,1648449360000000000,3951,3954,3950,3953,870,373914,373944
2022-03-28 14:37:00.000000000,1648449420000000000,3953,3959,3952,3956,1387,373944,374077
2022-03-28 14:38:00.000000000,1648449480000000000,3956,3964,3955,3960,1297,374077,374103
2022-03-28 14:39:00.000000000,1648449540000000000,3960,3967,3959,3963,1603,374103,374415
2022-03-28 14:40:00.000000000,1648449600000000000,3963,3980,3963,3975,3065,374415,374411
2022-03-28 14:41:00.000000000,1648449660000000000,3975,3978,3970,3971,1283,374411,374503
2022-03-28 14:42:00.000000000,1648449720000000000,3971,3975,3969,3974,736,374503,374406
2022-03-28 14:43:00.000000000,1648449780000000000,3974,3976,3969,3972,858,374406,374537
2022-03-28 14:44:00.000000000,1648449840000000000,3972,3973,3965,3968,806,374537,374377
2022-03-28 14:45:00.000000000,1648449900000000000,3968,3972,3968,3970,648,374377,374365
2022-03-28 14:46:00.000000000,1648449960000000000,3970,3973,3965,3970,1541,374365,374723
2022-03-28 14:47:00.000000000,1648450020000000000,3970,3970,3965,3967,618,374723,374740
2022-03-28 14:48:00.000000000,1648450080000000000,3967,3967,3964,3967,728,374740,374514
2022-03-28 14:49:00.000000000,1648450140000000000,3967,3969,3962,3969,896,374514,374409
2022-03-28 14:50:00.000000000,1648450200000000000,3969,3977,3968,3975,1519,374409,374109
2022-03-28 14:51:00.000000000,1648450260000000000,3975,3976,3965,3966,1466,374109,374090
2022-03-28 14:52:00.000000000,1648450320000000000,3966,3972,3966,3970,738,374090,373940
2022-03-28 14:53:00.000000000,1648450380000000000,3970,3975,3968,3974,941,373940,373843
2022-03-28 14:54:00.000000000,1648450440000000000,3974,3980,3974,3979,1586,373843,373868
2022-03-28 14:55:00.000000000,1648450500000000000,3979,3988,3977,3987,3584,373868,374082
2022-03-28 14:56:00.000000000,1648450560000000000,3987,3991,3984,3985,1801,374082,373859
2022-03-28 14:57:00.000000000,1648450620000000000,3985,3986,3982,3984,1531,373859,373903
2022-03-28 14:58:00.000000000,1648450680000000000,3984,3985,3981,3984,1810,373903,373746
2022-03-28 14:59:00.000000000,1648450740000000000,3984,3987,3980,3982,2400,373746,373705
2022-03-28 21:00:00.000000000,1648472400000000000,3960,3968,3951,3965,12810,373705,370279
2022-03-28 21:01:00.000000000,1648472460000000000,3965,3966,3953,3961,6381,370279,371287
2022-03-28 21:02:00.000000000,1648472520000000000,3961,3961,3935,3938,7886,371287,370748
2022-03-28 21:03:00.000000000,1648472580000000000,3938,3955,3935,3954,5177,370748,371150
2022-03-28 21:04:00.000000000,1648472640000000000,3954,3961,3953,3956,3584,371150,371489
2022-03-28 21:05:00.000000000,1648472700000000000,3956,3956,3941,3946,5689,371489,371179
2022-03-28 21:06:00.000000000,1648472760000000000,3946,3948,3933,3938,4859,371179,371197
2022-03-28 21:07:00.000000000,1648472820000000000,3938,3944,3936,3937,3510,371197,371003
2022-03-28 21:08:00.000000000,1648472880000000000,3937,3937,3922,3924,5203,371003,371018
2022-03-28 21:09:00.000000000,1648472940000000000,3924,3936,3923,3930,4386,371018,370691
2022-03-28 21:10:00.000000000,1648473000000000000,3930,3941,3928,3937,3554,370691,370919
2022-03-28 21:11:00.000000000,1648473060000000000,3937,3939,3932,3934,1974,370919,370922
2022-03-28 21:12:00.000000000,1648473120000000000,3934,3944,3934,3941,2861,370922,371051
2022-03-28 21:13:00.000000000,1648473180000000000,3941,3941,3927,3928,3151,371051,370887
2022-03-28 21:14:00.000000000,1648473240000000000,3928,3935,3928,3933,2200,370887,370946
2022-03-28 21:15:00.000000000,1648473300000000000,3933,3943,3928,3942,2902,370946,371078
2022-03-28 21:16:00.000000000,1648473360000000000,3942,3946,3940,3942,3082,371078,371764
2022-03-28 21:17:00.000000000,1648473420000000000,3942,3942,3934,3940,1758,371764,371600
2022-03-28 21:18:00.000000000,1648473480000000000,3940,3946,3938,3941,1783,371600,371310
2022-03-28 21:19:00.000000000,1648473540000000000,3941,3941,3934,3934,1930,371310,371373
2022-03-28 21:20:00.000000000,1648473600000000000,3934,3938,3928,3932,2808,371373,371186
2022-03-28 21:21:00.000000000,1648473660000000000,3932,3933,3925,3926,3192,371186,371601
2022-03-28 21:22:00.000000000,1648473720000000000,3926,3931,3926,3929,1926,371601,371364
2022-03-28 21:23:00.000000000,1648473780000000000,3929,3935,3929,3932,1237,371364,371451
2022-03-28 21:24:00.000000000,1648473840000000000,3932,3932,3924,3930,1702,371451,371585
2022-03-28 21:25:00.000000000,1648473900000000000,3930,3934,3920,3925,2912,371585,371511
2022-03-28 21:26:00.000000000,1648473960000000000,3925,3931,3923,3928,2484,371511,371453
2022-03-28 21:27:00.000000000,1648474020000000000,3928,3931,3924,3924,1668,371453,371422
2022-03-28 21:28:00.000000000,1648474080000000000,3924,3928,3920,3922,1786,371422,371219
2022-03-28 21:29:00.000000000,1648474140000000000,3922,3922,3915,3918,4216,371219,370640
2022-03-28 21:30:00.000000000,1648474200000000000,3918,3919,3913,3915,2880,370640,370692
2022-03-28 21:31:00.000000000,1648474260000000000,3915,3915,3906,3911,4213,370692,370739
2022-03-28 21:32:00.000000000,1648474320000000000,3911,3915,3907,3907,2615,370739,370822
2022-03-28 21:33:00.000000000,1648474380000000000,3907,3907,3888,3895,9201,370822,369058
2022-03-28 21:34:00.000000000,1648474440000000000,3895,3900,3891,3896,4145,369058,368608
2022-03-28 21:35:00.000000000,1648474500000000000,3896,3912,3894,3908,4150,368608,368271
2022-03-28 21:36:00.000000000,1648474560000000000,3908,3909,3903,3909,2649,368271,368624
2022-03-28 21:37:00.000000000,1648474620000000000,3909,3910,3897,3901,2105,368624,368407
2022-03-28 21:38:00.000000000,1648474680000000000,3901,3907,3898,3904,1658,368407,368726
2022-03-28 21:39:00.000000000,1648474740000000000,3904,3905,3898,3901,2239,368726,368573
2022-03-28 21:40:00.000000000,1648474800000000000,3901,3903,3894,3902,2050,368573,368572
2022-03-28 21:41:00.000000000,1648474860000000000,3902,3911,3902,3908,2483,368572,368457
2022-03-28 21:42:00.000000000,1648474920000000000,3908,3911,3901,3904,2399,368457,368712
2022-03-28 21:43:00.000000000,1648474980000000000,3904,3906,3903,3905,835,368712,368785
2022-03-28 21:44:00.000000000,1648475040000000000,3905,3919,3904,3913,3658,368785,368268
2022-03-28 21:45:00.000000000,1648475100000000000,3913,3913,3905,3905,2257,368268,367899
2022-03-28 21:46:00.000000000,1648475160000000000,3905,3906,3901,3902,1586,367899,367974
2022-03-28 21:47:00.000000000,1648475220000000000,3902,3905,3898,3904,2025,367974,368064
2022-03-28 21:48:00.000000000,1648475280000000000,3904,3910,3903,3904,1416,368064,367843
2022-03-28 21:49:00.000000000,1648475340000000000,3904,3905,3898,3899,1672,367843,367934
2022-03-28 21:50:00.000000000,1648475400000000000,3899,3901,3892,3895,2775,367934,367623
2022-03-28 21:51:00.000000000,1648475460000000000,3895,3899,3892,3892,1688,367623,367447
2022-03-28 21:52:00.000000000,1648475520000000000,3892,3893,3882,3888,4573,367447,366798
2022-03-28 21:53:00.000000000,1648475580000000000,3888,3893,3886,3888,2610,366798,366514
2022-03-28 21:54:00.000000000,1648475640000000000,3888,3893,3882,3891,2703,366514,366499
2022-03-28 21:55:00.000000000,1648475700000000000,3891,3894,3888,3891,1777,366499,366414
2022-03-28 21:56:00.000000000,1648475760000000000,3891,3891,3882,3886,2339,366414,366349
2022-03-28 21:57:00.000000000,1648475820000000000,3886,3894,3886,3891,1639,366349,366198
2022-03-28 21:58:00.000000000,1648475880000000000,3891,3899,3890,3896,2067,366198,365962
2022-03-28 21:59:00.000000000,1648475940000000000,3896,3900,3891,3897,1862,365962,366192
2022-03-28 22:00:00.000000000,1648476000000000000,3897,3897,3888,3889,1787,366192,366021
2022-03-28 22:01:00.000000000,1648476060000000000,3889,3894,3887,3890,1752,366021,366449
2022-03-28 22:02:00.000000000,1648476120000000000,3890,3895,3889,3893,1392,366449,366413
2022-03-28 22:03:00.000000000,1648476180000000000,3893,3899,3891,3899,1612,366413,366563
2022-03-28 22:04:00.000000000,1648476240000000000,3899,3900,3895,3899,1546,366563,366465
2022-03-28 22:05:00.000000000,1648476300000000000,3899,3908,3897,3906,2585,366465,366333
2022-03-28 22:06:00.000000000,1648476360000000000,3906,3913,3906,3911,2763,366333,366071
2022-03-28 22:07:00.000000000,1648476420000000000,3911,3913,3908,3912,2886,366071,365827
2022-03-28 22:08:00.000000000,1648476480000000000,3912,3912,3905,3907,1723,365827,365459
2022-03-28 22:09:00.000000000,1648476540000000000,3907,3913,3905,3913,1562,365459,365644
2022-03-28 22:10:00.000000000,1648476600000000000,3913,3924,3911,3921,3475,365644,365758
2022-03-28 22:11:00.000000000,1648476660000000000,3921,3921,3914,3914,2161,365758,365465
2022-03-28 22:12:00.000000000,1648476720000000000,3914,3920,3913,3916,1717,365465,365472
2022-03-28 22:13:00.000000000,1648476780000000000,3916,3921,3916,3918,1458,365472,365542
2022-03-28 22:14:00.000000000,1648476840000000000,3918,3922,3918,3921,3140,365542,366030
2022-03-28 22:15:00.000000000,1648476900000000000,3921,3929,3919,3928,3122,366030,366032
2022-03-28 22:16:00.000000000,1648476960000000000,3928,3936,3928,3934,3459,366032,365519
2022-03-28 22:17:00.000000000,1648477020000000000,3934,3938,3929,3929,2328,365519,365543
2022-03-28 22:18:00.000000000,1648477080000000000,3929,3929,3923,3926,1622,365543,365248
2022-03-28 22:19:00.000000000,1648477140000000000,3926,3928,3923,3928,1157,365248,365185
2022-03-28 22:20:00.000000000,1648477200000000000,3928,3934,3926,3933,1674,365185,365599
2022-03-28 22:21:00.000000000,1648477260000000000,3933,3934,3927,3929,1224,365599,365752
2022-03-28 22:22:00.000000000,1648477320000000000,3929,3929,3924,3925,1244,365752,365718
2022-03-28 22:23:00.000000000,1648477380000000000,3925,3931,3924,3926,1193,365718,365699
2022-03-28 22:24:00.000000000,1648477440000000000,3926,3928,3923,3927,1298,365699,365505
2022-03-28 22:25:00.000000000,1648477500000000000,3927,3928,3921,3922,1548,365505,365511
2022-03-28 22:26:00.000000000,1648477560000000000,3922,3930,3922,3929,936,365511,365585
2022-03-28 22:27:00.000000000,1648477620000000000,3929,3930,3927,3927,859,365585,365588
2022-03-28 22:28:00.000000000,1648477680000000000,3927,3929,3924,3927,727,365588,365524
2022-03-28 22:29:00.000000000,1648477740000000000,3927,3927,3912,3917,3142,365524,365475
2022-03-28 22:30:00.000000000,1648477800000000000,3917,3920,3916,3917,1112,365475,365478
2022-03-28 22:31:00.000000000,1648477860000000000,3917,3918,3913,3915,1158,365478,365273
2022-03-28 22:32:00.000000000,1648477920000000000,3915,3919,3914,3917,760,365273,365328
2022-03-28 22:33:00.000000000,1648477980000000000,3917,3922,3914,3917,1260,365328,365370
2022-03-28 22:34:00.000000000,1648478040000000000,3917,3921,3917,3920,547,365370,365324
2022-03-28 22:35:00.000000000,1648478100000000000,3920,3920,3911,3915,1362,365324,365253
2022-03-28 22:36:00.000000000,1648478160000000000,3915,3916,3913,3914,626,365253,365272
2022-03-28 22:37:00.000000000,1648478220000000000,3914,3918,3913,3918,849,365272,365223
2022-03-28 22:38:00.000000000,1648478280000000000,3918,3921,3917,3920,754,365223,365146
2022-03-28 22:39:00.000000000,1648478340000000000,3920,3926,3920,3924,1184,365146,364960
2022-03-28 22:40:00.000000000,1648478400000000000,3924,3932,3923,3925,2150,364960,365175
2022-03-28 22:41:00.000000000,1648478460000000000,3925,3927,3922,3922,835,365175,365246
2022-03-28 22:42:00.000000000,1648478520000000000,3922,3922,3917,3918,1039,365246,365053
2022-03-28 22:43:00.000000000,1648478580000000000,3918,3919,3910,3912,2280,365053,364427
2022-03-28 22:44:00.000000000,1648478640000000000,3912,3915,3909,3910,1028,364427,364302
2022-03-28 22:45:00.000000000,1648478700000000000,3910,3917,3910,3914,1163,364302,364325
2022-03-28 22:46:00.000000000,1648478760000000000,3914,3916,3913,3915,1004,364325,364421
2022-03-28 22:47:00.000000000,1648478820000000000,3915,3920,3915,3917,844,364421,364415
2022-03-28 22:48:00.000000000,1648478880000000000,3917,3917,3911,3914,792,364415,364312
2022-03-28 22:49:00.000000000,1648478940000000000,3914,3916,3912,3915,465,364312,364286
2022-03-28 22:50:00.000000000,1648479000000000000,3915,3918,3910,3915,1592,364286,364199
2022-03-28 22:51:00.000000000,1648479060000000000,3915,3920,3915,3919,1614,364199,363963
2022-03-28 22:52:00.000000000,1648479120000000000,3919,3920,3911,3913,851,363963,363802
2022-03-28 22:53:00.000000000,1648479180000000000,3913,3917,3911,3913,1218,363802,363517
2022-03-28 22:54:00.000000000,1648479240000000000,3913,3915,3903,3905,2092,363517,362863
2022-03-28 22:55:00.000000000,1648479300000000000,3905,3912,3904,3909,1020,362863,362765
2022-03-28 22:56:00.000000000,1648479360000000000,3909,3912,3904,3909,1191,362765,362533
2022-03-28 22:57:00.000000000,1648479420000000000,3909,3911,3908,3910,709,362533,362491
2022-03-28 22:58:00.000000000,1648479480000000000,3910,3911,3907,3909,1372,362491,361957
2022-03-28 22:59:00.000000000,1648479540000000000,3909,3911,3907,3909,1535,361957,361489
2022-03-29 09:00:00.000000000,1648515600000000000,3892,3908,3892,3904,7841,361489,361768
2022-03-29 09:01:00.000000000,1648515660000000000,3904,3917,3904,3906,4768,361768,361831
2022-03-29 09:02:00.000000000,1648515720000000000,3906,3913,3905,3910,3882,361831,362461
2022-03-29 09:03:00.000000000,1648515780000000000,3910,3912,3904,3909,2803,362461,363138
2022-03-29 09:04:00.000000000,1648515840000000000,3909,3909,3897,3901,3142,363138,363341
2022-03-29 09:05:00.000000000,1648515900000000000,3901,3901,3894,3894,2177,363341,363439
2022-03-29 09:06:00.000000000,1648515960000000000,3894,3902,3894,3896,2041,363439,363450
2022-03-29 09:07:00.000000000,1648516020000000000,3896,3901,3894,3898,1737,363450,363475
2022-03-29 09:08:00.000000000,1648516080000000000,3898,3906,3898,3904,1297,363475,363365
2022-03-29 09:09:00.000000000,1648516140000000000,3904,3904,3898,3900,1179,363365,363403
2022-03-29 09:10:00.000000000,1648516200000000000,3900,3904,3899,3902,1218,363403,363670
2022-03-29 09:11:00.000000000,1648516260000000000,3902,3903,3897,3898,1432,363670,363731
2022-03-29 09:12:00.000000000,1648516320000000000,3898,3902,3898,3902,876,363731,363761
2022-03-29 09:13:00.000000000,1648516380000000000,3902,3912,3901,3910,2053,363761,363860
2022-03-29 09:14:00.000000000,1648516440000000000,3910,3917,3905,3916,3570,363860,364429
2022-03-29 09:15:00.000000000,1648516500000000000,3916,3917,3911,3916,1814,364429,364678
2022-03-29 09:16:00.000000000,1648516560000000000,3916,3923,3916,3922,3138,364678,364868
2022-03-29 09:17:00.000000000,1648516620000000000,3922,3926,3919,3926,2047,364868,365215
2022-03-29 09:18:00.000000000,1648516680000000000,3926,3930,3923,3926,2307,365215,365770
2022-03-29 09:19:00.000000000,1648516740000000000,3926,3928,3922,3925,2012,365770,366089
2022-03-29 09:20:00.000000000,1648516800000000000,3925,3927,3923,3927,1492,366089,366404
2022-03-29 09:21:00.000000000,1648516860000000000,3927,3927,3919,3922,1389,366404,366800
2022-03-29 09:22:00.000000000,1648516920000000000,3922,3924,3916,3917,1848,366800,367105
2022-03-29 09:23:00.000000000,1648516980000000000,3917,3919,3912,3914,1222,367105,366979
2022-03-29 09:24:00.000000000,1648517040000000000,3914,3917,3910,3914,1473,366979,367034
2022-03-29 09:25:00.000000000,1648517100000000000,3914,3914,3908,3908,1297,367034,367227
2022-03-29 09:26:00.000000000,1648517160000000000,3908,3914,3908,3910,1801,367227,367294
2022-03-29 09:27:00.000000000,1648517220000000000,3910,3912,3907,3912,1319,367294,367292
2022-03-29 09:28:00.000000000,1648517280000000000,3912,3913,3909,3911,1153,367292,367149
2022-03-29 09:29:00.000000000,1648517340000000000,3911,3916,3910,3911,1045,367149,367038
2022-03-29 09:30:00.000000000,1648517400000000000,3911,3911,3904,3905,2022,367038,366791
2022-03-29 09:31:00.000000000,1648517460000000000,3905,3909,3902,3907,1399,366791,366714
2022-03-29 09:32:00.000000000,1648517520000000000,3907,3911,3906,3907,605,366714,366764
2022-03-29 09:33:00.000000000,1648517580000000000,3907,3909,3904,3904,564,366764,366700
2022-03-29 09:34:00.000000000,1648517640000000000,3904,3905,3898,3902,1557,366700,366669
2022-03-29 09:35:00.000000000,1648517700000000000,3902,3903,3895,3896,1691,366669,366473
2022-03-29 09:36:00.000000000,1648517760000000000,3896,3902,3896,3900,1083,366473,366420
2022-03-29 09:37:00.000000000,1648517820000000000,3900,3906,3900,3904,820,366420,366394
2022-03-29 09:38:00.000000000,1648517880000000000,3904,3906,3902,3903,512,366394,366481
2022-03-29 09:39:00.000000000,1648517940000000000,3903,3904,3899,3903,637,366481,366522
2022-03-29 09:40:00.000000000,1648518000000000000,3903,3907,3903,3906,734,366522,366447
2022-03-29 09:41:00.000000000,1648518060000000000,3906,3906,3901,3903,396,366447,366494
2022-03-29 09:42:00.000000000,1648518120000000000,3903,3903,3892,3892,2075,366494,366544
2022-03-29 09:43:00.000000000,1648518180000000000,3892,3892,3888,3890,2282,366544,366459
2022-03-29 09:44:00.000000000,1648518240000000000,3890,3894,3885,3886,2765,366459,366139
2022-03-29 09:45:00.000000000,1648518300000000000,3886,3886,3868,3869,6473,366139,364800
2022-03-29 09:46:00.000000000,1648518360000000000,3869,3877,3869,3871,3422,364800,364633
2022-03-29 09:47:00.000000000,1648518420000000000,3871,3874,3868,3870,2544,364633,364510
2022-03-29 09:48:00.000000000,1648518480000000000,3870,3873,3866,3868,2337,364510,364960
2022-03-29 09:49:00.000000000,1648518540000000000,3868,3876,3868,3870,2192,364960,365230
2022-03-29 09:50:00.000000000,1648518600000000000,3870,3878,3869,3878,2664,365230,365916
2022-03-29 09:51:00.000000000,1648518660000000000,3878,3881,3876,3877,2120,365916,365880
2022-03-29 09:52:00.000000000,1648518720000000000,3877,3888,3877,3885,2340,365880,365856
2022-03-29 09:53:00.000000000,1648518780000000000,3885,3888,3882,3882,1150,365856,365745
2022-03-29 09:54:00.000000000,1648518840000000000,3882,3888,3882,3886,842,365745,365672
2022-03-29 09:55:00.000000000,1648518900000000000,3886,3898,3885,3896,3530,365672,365992
2022-03-29 09:56:00.000000000,1648518960000000000,3896,3896,3890,3891,2207,365992,365727
2022-03-29 09:57:00.000000000,1648519020000000000,3891,3897,3889,3896,1712,365727,365708
2022-03-29 09:58:00.000000000,1648519080000000000,3896,3897,3891,3892,1101,365708,365565
2022-03-29 09:59:00.000000000,1648519140000000000,3892,3894,3890,3892,945,365565,365794
2022-03-29 10:00:00.000000000,1648519200000000000,3892,3897,3891,3895,1331,365794,365913
2022-03-29 10:01:00.000000000,1648519260000000000,3895,3904,3895,3901,2894,365913,366053
2022-03-29 10:02:00.000000000,1648519320000000000,3901,3903,3897,3897,970,366053,366097
2022-03-29 10:03:00.000000000,1648519380000000000,3897,3902,3896,3902,933,366097,366294
2022-03-29 10:04:00.000000000,1648519440000000000,3902,3902,3895,3895,661,366294,366258
2022-03-29 10:05:00.000000000,1648519500000000000,3895,3900,3894,3896,556,366258,366169
2022-03-29 10:06:00.000000000,1648519560000000000,3896,3900,3894,3895,641,366169,366200
2022-03-29 10:07:00.000000000,1648519620000000000,3895,3896,3887,3888,1585,366200,366256
2022-03-29 10:08:00.000000000,1648519680000000000,3888,3891,3887,3889,891,366256,366329
2022-03-29 10:09:00.000000000,1648519740000000000,3889,3889,3881,3882,2163,366329,366098
2022-03-29 10:10:00.000000000,1648519800000000000,3882,3884,3880,3883,789,366098,366176
2022-03-29 10:11:00.000000000,1648519860000000000,3883,3883,3879,3880,1144,366176,366284
2022-03-29 10:12:00.000000000,1648519920000000000,3880,3883,3876,3876,1195,366284,366306
2022-03-29 10:13:00.000000000,1648519980000000000,3876,3878,3872,3873,2776,366306,365886
2022-03-29 10:14:00.000000000,1648520040000000000,3873,3873,3870,3872,2215,365886,364937
2022-03-29 10:30:00.000000000,1648521000000000000,3872,3879,3868,3875,2851,364937,364769
2022-03-29 10:31:00.000000000,1648521060000000000,3875,3877,3872,3874,1483,364769,364715
2022-03-29 10:32:00.000000000,1648521120000000000,3874,3874,3866,3870,1837,364715,364503
2022-03-29 10:33:00.000000000,1648521180000000000,3870,3872,3867,3872,978,364503,364450
2022-03-29 10:34:00.000000000,1648521240000000000,3872,3872,3862,3862,2511,364450,364430
2022-03-29 10:35:00.000000000,1648521300000000000,3862,3867,3862,3865,1371,364430,364652
2022-03-29 10:36:00.000000000,1648521360000000000,3865,3872,3864,3872,1269,364652,364597
2022-03-29 10:37:00.000000000,1648521420000000000,3872,3879,3870,3879,1175,364597,364340
2022-03-29 10:38:00.000000000,1648521480000000000,3879,3879,3875,3876,1259,364340,364602
2022-03-29 10:39:00.000000000,1648521540000000000,3876,3884,3872,3882,1478,364602,364441
2022-03-29 10:40:00.000000000,1648521600000000000,3882,3882,3877,3880,807,364441,364458
2022-03-29 10:41:00.000000000,1648521660000000000,3880,3884,3879,3883,919,364458,364286
2022-03-29 10:42:00.000000000,1648521720000000000,3883,3883,3877,3881,747,364286,364339
2022-03-29 10:43:00.000000000,1648521780000000000,3881,3881,3877,3877,543,364339,364374
2022-03-29 10:44:00.000000000,1648521840000000000,3877,3885,3877,3884,814,364374,364400
2022-03-29 10:45:00.000000000,1648521900000000000,3884,3889,3884,3884,1221,364400,364264
2022-03-29 10:46:00.000000000,1648521960000000000,3884,3885,3880,3882,577,364264,364319
2022-03-29 10:47:00.000000000,1648522020000000000,3882,3883,3876,3877,1349,364319,364626
2022-03-29 10:48:00.000000000,1648522080000000000,3877,3881,3876,3877,563,364626,364657
2022-03-29 10:49:00.000000000,1648522140000000000,3877,3878,3874,3875,621,364657,364706
2022-03-29 10:50:00.000000000,1648522200000000000,3875,3880,3871,3880,1282,364706,364686
2022-03-29 10:51:00.000000000,1648522260000000000,3880,3881,3876,3877,707,364686,364698
2022-03-29 10:52:00.000000000,1648522320000000000,3877,3882,3877,3882,406,364698,364736
2022-03-29 10:53:00.000000000,1648522380000000000,3882,3885,3880,3885,917,364736,364746
2022-03-29 10:54:00.000000000,1648522440000000000,3885,3885,3880,3882,886,364746,364941
2022-03-29 10:55:00.000000000,1648522500000000000,3882,3885,3880,3884,641,364941,364900
2022-03-29 10:56:00.000000000,1648522560000000000,3884,3885,3880,3882,657,364900,364852
2022-03-29 10:57:00.000000000,1648522620000000000,3882,3883,3879,3883,730,364852,364847
2022-03-29 10:58:00.000000000,1648522680000000000,3883,3886,3881,3883,1205,364847,364899
2022-03-29 10:59:00.000000000,1648522740000000000,3883,3884,3878,3882,772,364899,364956
2022-03-29 11:00:00.000000000,1648522800000000000,3882,3884,3882,3883,675,364956,364973
2022-03-29 11:01:00.000000000,1648522860000000000,3883,3885,3882,3885,621,364973,364972
2022-03-29 11:02:00.000000000,1648522920000000000,3885,3890,3885,3889,1606,364972,364836
2022-03-29 11:03:00.000000000,1648522980000000000,3889,3890,3886,3886,998,364836,364823
2022-03-29 11:04:00.000000000,1648523040000000000,3886,3893,3886,3891,1115,364823,364636
2022-03-29 11:05:00.000000000,1648523100000000000,3891,3897,3890,3897,1068,364636,364778
2022-03-29 11:06:00.000000000,1648523160000000000,3897,3900,3894,3899,1438,364778,364899
2022-03-29 11:07:00.000000000,1648523220000000000,3899,3900,3895,3895,739,364899,364872
2022-03-29 11:08:00.000000000,1648523280000000000,3895,3897,3893,3894,725,364872,364758
2022-03-29 11:09:00.000000000,1648523340000000000,3894,3894,3890,3891,593,364758,364754
2022-03-29 11:10:00.000000000,1648523400000000000,3891,3895,3890,3891,805,364754,364716
2022-03-29 11:11:00.000000000,1648523460000000000,3891,3893,3884,3884,971,364716,364538
2022-03-29 11:12:00.000000000,1648523520000000000,3884,3886,3883,3885,679,364538,364529
2022-03-29 11:13:00.000000000,1648523580000000000,3885,3885,3882,3885,636,364529,364265
2022-03-29 11:14:00.000000000,1648523640000000000,3885,3894,3884,3893,1393,364265,364204
2022-03-29 11:15:00.000000000,1648523700000000000,3893,3895,3889,3892,789,364204,364204
2022-03-29 11:16:00.000000000,1648523760000000000,3892,3899,3891,3899,901,364204,364220
2022-03-29 11:17:00.000000000,1648523820000000000,3899,3899,3896,3897,518,364220,364289
2022-03-29 11:18:00.000000000,1648523880000000000,3897,3898,3892,3894,826,364289,364322
2022-03-29 11:19:00.000000000,1648523940000000000,3894,3896,3893,3895,409,364322,364278
2022-03-29 11:20:00.000000000,1648524000000000000,3895,3900,3895,3896,836,364278,364355
2022-03-29 11:21:00.000000000,1648524060000000000,3896,3897,3888,3888,897,364355,364133
2022-03-29 11:22:00.000000000,1648524120000000000,3888,3892,3884,3892,1318,364133,363935
2022-03-29 11:23:00.000000000,1648524180000000000,3892,3892,3886,3888,465,363935,363870
2022-03-29 11:24:00.000000000,1648524240000000000,3888,3893,3888,3892,464,363870,363777
2022-03-29 11:25:00.000000000,1648524300000000000,3892,3892,3887,3889,526,363777,363804
2022-03-29 11:26:00.000000000,1648524360000000000,3889,3890,3883,3886,570,363804,363652
2022-03-29 11:27:00.000000000,1648524420000000000,3886,3891,3886,3887,316,363652,363565
2022-03-29 11:28:00.000000000,1648524480000000000,3887,3893,3886,3893,516,363565,363395
2022-03-29 11:29:00.000000000,1648524540000000000,3893,3896,3892,3894,853,363395,363236
2022-03-29 13:30:00.000000000,1648531800000000000,3891,3893,3888,3890,1835,363236,363536
2022-03-29 13:31:00.000000000,1648531860000000000,3890,3897,3889,3897,879,363536,363612
2022-03-29 13:32:00.000000000,1648531920000000000,3897,3907,3896,3906,2119,363612,363631
2022-03-29 13:33:00.000000000,1648531980000000000,3906,3927,3906,3925,5769,363631,364616
2022-03-29 13:34:00.000000000,1648532040000000000,3925,3933,3925,3930,4499,364616,365384
2022-03-29 13:35:00.000000000,1648532100000000000,3930,3933,3929,3932,2834,365384,365930
2022-03-29 13:36:00.000000000,1648532160000000000,3932,3932,3927,3930,2099,365930,366475
2022-03-29 13:37:00.000000000,1648532220000000000,3930,3956,3930,3950,5988,366475,367392
2022-03-29 13:38:00.000000000,1648532280000000000,3950,3956,3950,3953,3000,367392,368581
2022-03-29 13:39:00.000000000,1648532340000000000,3953,3961,3951,3953,3454,368581,369176
2022-03-29 13:40:00.000000000,1648532400000000000,3953,3954,3941,3941,2701,369176,369313
2022-03-29 13:41:00.000000000,1648532460000000000,3941,3944,3940,3942,1627,369313,369574
2022-03-29 13:42:00.000000000,1648532520000000000,3942,3946,3938,3944,1817,369574,369677
2022-03-29 13:43:00.000000000,1648532580000000000,3944,3952,3944,3949,2243,369677,370300
2022-03-29 13:44:00.000000000,1648532640000000000,3949,3949,3942,3946,1889,370300,370475
2022-03-29 13:45:00.000000000,1648532700000000000,3946,3958,3946,3956,2877,370475,370846
2022-03-29 13:46:00.000000000,1648532760000000000,3956,3966,3954,3965,3628,370846,372064
2022-03-29 13:47:00.000000000,1648532820000000000,3965,3987,3962,3982,6737,372064,374400
2022-03-29 13:48:00.000000000,1648532880000000000,3982,3984,3976,3983,3175,374400,375020
2022-03-29 13:49:00.000000000,1648532940000000000,3983,3988,3981,3986,2913,375020,375914
2022-03-29 13:50:00.000000000,1648533000000000000,3986,3994,3979,3992,5216,375914,377814
2022-03-29 13:51:00.000000000,1648533060000000000,3992,3993,3982,3984,2515,377814,378165
2022-03-29 13:52:00.000000000,1648533120000000000,3984,3992,3984,3987,3150,378165,379015
2022-03-29 13:53:00.000000000,1648533180000000000,3987,3988,3981,3987,1700,379015,378877
2022-03-29 13:54:00.000000000,1648533240000000000,3987,3990,3979,3980,2245,378877,379194
2022-03-29 13:55:00.000000000,1648533300000000000,3980,3981,3971,3976,3752,379194,378583
2022-03-29 13:56:00.000000000,1648533360000000000,3976,3981,3976,3976,1907,378583,378956
2022-03-29 13:57:00.000000000,1648533420000000000,3976,3980,3976,3978,1294,378956,379068
2022-03-29 13:58:00.000000000,1648533480000000000,3978,3978,3968,3974,2704,379068,378413
2022-03-29 13:59:00.000000000,1648533540000000000,3974,3989,3974,3988,3619,378413,379936
2022-03-29 14:00:00.000000000,1648533600000000000,3988,3990,3982,3983,2665,379936,380507
2022-03-29 14:01:00.000000000,1648533660000000000,3983,3991,3982,3987,2656,380507,381084
2022-03-29 14:02:00.000000000,1648533720000000000,3987,3987,3982,3985,1187,381084,381130
2022-03-29 14:03:00.000000000,1648533780000000000,3985,3987,3983,3984,1693,381130,381266
2022-03-29 14:04:00.000000000,1648533840000000000,3984,3986,3977,3979,1992,381266,381562
2022-03-29 14:05:00.000000000,1648533900000000000,3979,3982,3978,3980,2173,381562,382336
2022-03-29 14:06:00.000000000,1648533960000000000,3980,3982,3979,3981,653,382336,382367
2022-03-29 14:07:00.000000000,1648534020000000000,3981,3981,3970,3973,2362,382367,381762
2022-03-29 14:08:00.000000000,1648534080000000000,3973,3973,3965,3968,3004,381762,381537
2022-03-29 14:09:00.000000000,1648534140000000000,3968,3973,3968,3968,1054,381537,381433
2022-03-29 14:10:00.000000000,1648534200000000000,3968,3972,3958,3968,3095,381433,381368
2022-03-29 14:11:00.000000000,1648534260000000000,3968,3969,3963,3965,1280,381368,381195
2022-03-29 14:12:00.000000000,1648534320000000000,3965,3972,3965,3968,1247,381195,381078
2022-03-29 14:13:00.000000000,1648534380000000000,3968,3972,3964,3965,841,381078,381129
2022-03-29 14:14:00.000000000,1648534440000000000,3965,3970,3964,3967,1022,381129,381093
2022-03-29 14:15:00.000000000,1648534500000000000,3967,3972,3965,3970,1467,381093,380722
2022-03-29 14:16:00.000000000,1648534560000000000,3970,3973,3968,3971,1802,380722,380335
2022-03-29 14:17:00.000000000,1648534620000000000,3971,3974,3969,3970,541,380335,380316
2022-03-29 14:18:00.000000000,1648534680000000000,3970,3975,3970,3974,981,380316,380234
2022-03-29 14:19:00.000000000,1648534740000000000,3974,3978,3974,3975,839,380234,380380
2022-03-29 14:20:00.000000000,1648534800000000000,3975,3981,3974,3978,1288,380380,380152
2022-03-29 14:21:00.000000000,1648534860000000000,3978,3983,3977,3981,1999,380152,380609
2022-03-29 14:22:00.000000000,1648534920000000000,3981,3987,3981,3985,2437,380609,381269
2022-03-29 14:23:00.000000000,1648534980000000000,3985,3988,3984,3988,1653,381269,382052
2022-03-29 14:24:00.000000000,1648535040000000000,3988,3989,3978,3981,1898,382052,382485
2022-03-29 14:25:00.000000000,1648535100000000000,3981,3982,3977,3979,1098,382485,382394
2022-03-29 14:26:00.000000000,1648535160000000000,3979,3980,3975,3976,1466,382394,382248
2022-03-29 14:27:00.000000000,1648535220000000000,3976,3980,3976,3979,620,382248,382255
2022-03-29 14:28:00.000000000,1648535280000000000,3979,3980,3977,3980,436,382255,382221
2022-03-29 14:29:00.000000000,1648535340000000000,3980,3981,3978,3979,522,382221,382353
2022-03-29 14:30:00.000000000,1648535400000000000,3979,3980,3968,3969,2173,382353,381869
2022-03-29 14:31:00.000000000,1648535460000000000,3969,3973,3968,3970,1547,381869,382287
2022-03-29 14:32:00.000000000,1648535520000000000,3970,3970,3966,3969,835,382287,382199
2022-03-29 14:33:00.000000000,1648535580000000000,3969,3977,3968,3973,1411,382199,382588
2022-03-29 14:34:00.000000000,1648535640000000000,3973,3978,3973,3978,456,382588,382517
2022-03-29 14:35:00.000000000,1648535700000000000,3978,3980,3974,3978,742,382517,382510
2022-03-29 14:36:00.000000000,1648535760000000000,3978,3982,3977,3977,855,382510,382649
2022-03-29 14:37:00.000000000,1648535820000000000,3977,3977,3975,3977,494,382649,382765
2022-03-29 14:38:00.000000000,1648535880000000000,3977,3982,3977,3980,776,382765,382859
2022-03-29 14:39:00.000000000,1648535940000000000,3980,3980,3977,3978,413,382859,382890
2022-03-29 14:40:00.000000000,1648536000000000000,3978,3987,3978,3983,1226,382890,383203
2022-03-29 14:41:00.000000000,1648536060000000000,3983,3985,3981,3981,482,383203,383256
2022-03-29 14:42:00.000000000,1648536120000000000,3981,3981,3978,3981,714,383256,383222
2022-03-29 14:43:00.000000000,1648536180000000000,3981,3982,3978,3979,420,383222,383270
2022-03-29 14:44:00.000000000,1648536240000000000,3979,3980,3973,3973,841,383270,383192
2022-03-29 14:45:00.000000000,1648536300000000000,3973,3978,3973,3976,538,383192,383248
2022-03-29 14:46:00.000000000,1648536360000000000,3976,3983,3976,3982,647,383248,383275
2022-03-29 14:47:00.000000000,1648536420000000000,3982,3983,3979,3980,797,383275,383365
2022-03-29 14:48:00.000000000,1648536480000000000,3980,3981,3977,3977,635,383365,383187
2022-03-29 14:49:00.000000000,1648536540000000000,3977,3982,3977,3981,586,383187,383171
2022-03-29 14:50:00.000000000,1648536600000000000,3981,3993,3981,3993,2698,383171,383633
2022-03-29 14:51:00.000000000,1648536660000000000,3993,3995,3986,3986,1799,383633,383795
2022-03-29 14:52:00.000000000,1648536720000000000,3986,3987,3982,3985,1087,383795,383831
2022-03-29 14:53:00.000000000,1648536780000000000,3985,3987,3983,3987,1023,383831,383828
2022-03-29 14:54:00.000000000,1648536840000000000,3987,3987,3978,3981,1628,383828,383530
2022-03-29 14:55:00.000000000,1648536900000000000,3981,3987,3980,3986,1831,383530,383389
2022-03-29 14:56:00.000000000,1648536960000000000,3986,3989,3983,3984,2038,383389,383191
2022-03-29 14:57:00.000000000,1648537020000000000,3984,3984,3977,3977,2004,383191,382285
2022-03-29 14:58:00.000000000,1648537080000000000,3977,3981,3976,3977,2471,382285,381419
2022-03-29 14:59:00.000000000,1648537140000000000,3977,3979,3974,3978,2506,381419,380523
2022-03-29 21:00:00.000000000,1648558800000000000,3810,3838,3806,3810,31977,380523,370291
2022-03-29 21:01:00.000000000,1648558860000000000,3810,3810,3779,3794,18622,370291,367534
2022-03-29 21:02:00.000000000,1648558920000000000,3794,3818,3794,3818,11321,367534,365789
2022-03-29 21:03:00.000000000,1648558980000000000,3818,3819,3802,3804,11202,365789,366524
2022-03-29 21:04:00.000000000,1648559040000000000,3804,3815,3800,3815,7469,366524,366461
2022-03-29 21:05:00.000000000,1648559100000000000,3815,3831,3812,3821,9970,366461,366169
2022-03-29 21:06:00.000000000,1648559160000000000,3821,3829,3813,3827,6057,366169,367167
2022-03-29 21:07:00.000000000,1648559220000000000,3827,3834,3822,3833,5799,367167,368014
2022-03-29 21:08:00.000000000,1648559280000000000,3833,3835,3827,3834,4759,368014,368555
2022-03-29 21:09:00.000000000,1648559340000000000,3834,3848,3832,3842,7116,368555,368814
2022-03-29 21:10:00.000000000,1648559400000000000,3842,3842,3832,3839,5851,368814,368701
2022-03-29 21:11:00.000000000,1648559460000000000,3839,3841,3820,3820,4545,368701,368183
2022-03-29 21:12:00.000000000,1648559520000000000,3820,3826,3816,3825,4126,368183,367911
2022-03-29 21:13:00.000000000,1648559580000000000,3825,3834,3823,3823,3962,367911,368198
2022-03-29 21:14:00.000000000,1648559640000000000,3823,3824,3806,3808,6187,368198,367224
2022-03-29 21:15:00.000000000,1648559700000000000,3808,3831,3807,3826,4835,367224,366842
2022-03-29 21:16:00.000000000,1648559760000000000,3826,3833,3824,3833,3811,366842,366883
2022-03-29 21:17:00.000000000,1648559820000000000,3833,3840,3831,3834,4372,366883,367184
2022-03-29 21:18:00.000000000,1648559880000000000,3834,3840,3833,3836,3328,367184,367399
2022-03-29 21:19:00.000000000,1648559940000000000,3836,3840,3831,3834,3401,367399,367532
2022-03-29 21:20:00.000000000,1648560000000000000,3834,3839,3834,3838,2413,367532,367485
2022-03-29 21:21:00.000000000,1648560060000000000,3838,3844,3833,3843,4076,367485,368026
2022-03-29 21:22:00.000000000,1648560120000000000,3843,3843,3835,3836,3298,368026,368333
2022-03-29 21:23:00.000000000,1648560180000000000,3836,3843,3833,3838,4270,368333,367972
2022-03-29 21:24:00.000000000,1648560240000000000,3838,3838,3833,3835,2646,367972,367936
2022-03-29 21:25:00.000000000,1648560300000000000,3835,3838,3833,3836,2541,367936,367650
2022-03-29 21:26:00.000000000,1648560360000000000,3836,3844,3836,3843,2241,367650,367937
2022-03-29 21:27:00.000000000,1648560420000000000,3843,3844,3835,3837,2029,367937,367826
2022-03-29 21:28:00.000000000,1648560480000000000,3837,3838,3834,3834,1856,367826,367733
2022-03-29 21:29:00.000000000,1648560540000000000,3834,3835,3831,3833,2077,367733,367594
2022-03-29 21:30:00.000000000,1648560600000000000,3833,3836,3827,3834,3473,367594,368002
2022-03-29 21:31:00.000000000,1648560660000000000,3834,3841,3833,3834,2450,368002,367999
2022-03-29 21:32:00.000000000,1648560720000000000,3834,3842,3833,3835,3082,367999,368110
2022-03-29 21:33:00.000000000,1648560780000000000,3835,3837,3828,3829,3200,368110,368073
2022-03-29 21:34:00.000000000,1648560840000000000,3829,3836,3828,3834,2263,368073,367864
2022-03-29 21:35:00.000000000,1648560900000000000,3834,3840,3831,3839,2164,367864,367902
2022-03-29 21:36:00.000000000,1648560960000000000,3839,3843,3834,3840,3602,367902,368028
2022-03-29 21:37:00.000000000,1648561020000000000,3840,3843,3835,3843,1658,368028,367933
2022-03-29 21:38:00.000000000,1648561080000000000,3843,3843,3835,3838,1821,367933,367848
2022-03-29 21:39:00.000000000,1648561140000000000,3838,3840,3833,3837,1662,367848,367866
2022-03-29 21:40:00.000000000,1648561200000000000,3837,3838,3833,3835,1835,367866,368095
2022-03-29 21:41:00.000000000,1648561260000000000,3835,3841,3834,3838,1556,368095,368207
2022-03-29 21:42:00.000000000,1648561320000000000,3838,3840,3831,3833,2426,368207,367850
2022-03-29 21:43:00.000000000,1648561380000000000,3833,3840,3828,3838,3108,367850,367807
2022-03-29 21:44:00.000000000,1648561440000000000,3838,3842,3835,3842,2226,367807,368107
2022-03-29 21:45:00.000000000,1648561500000000000,3842,3866,3841,3863,9322,368107,367811
2022-03-29 21:46:00.000000000,1648561560000000000,3863,3868,3858,3861,6829,367811,368308
2022-03-29 21:47:00.000000000,1648561620000000000,3861,3879,3861,3868,7756,368308,369465
2022-03-29 21:48:00.000000000,1648561680000000000,3868,3875,3867,3868,3126,369465,369701
2022-03-29 21:49:00.000000000,1648561740000000000,3868,3878,3868,3876,3740,369701,370201
2022-03-29 21:50:00.000000000,1648561800000000000,3876,3876,3865,3865,3213,370201,369710
2022-03-29 21:51:00.000000000,1648561860000000000,3865,3875,3865,3869,1973,369710,369782
2022-03-29 21:52:00.000000000,1648561920000000000,3869,3870,3866,3866,2542,369782,369304
2022-03-29 21:53:00.000000000,1648561980000000000,3866,3868,3860,3862,2202,369304,369217
2022-03-29 21:54:00.000000000,1648562040000000000,3862,3863,3855,3855,2768,369217,369189
2022-03-29 21:55:00.000000000,1648562100000000000,3855,3868,3855,3867,2010,369189,369248
2022-03-29 21:56:00.000000000,1648562160000000000,3867,3873,3867,3867,1726,369248,369362
2022-03-29 21:57:00.000000000,1648562220000000000,3867,3870,3865,3867,1107,369362,369406
2022-03-29 21:58:00.000000000,1648562280000000000,3867,3875,3866,3873,1916,369406,369440
2022-03-29 21:59:00.000000000,1648562340000000000,3873,3875,3872,3873,1800,369440,369202
2022-03-29 22:00:00.000000000,1648562400000000000,3873,3873,3862,3864,1952,369202,369140
2022-03-29 22:01:00.000000000,1648562460000000000,3864,3867,3862,3867,1649,369140,369162
2022-03-29 22:02:00.000000000,1648562520000000000,3867,3870,3863,3868,1535,369162,369116
2022-03-29 22:03:00.000000000,1648562580000000000,3868,3874,3866,3870,1441,369116,369072
2022-03-29 22:04:00.000000000,1648562640000000000,3870,3872,3868,3870,1083,369072,369070
2022-03-29 22:05:00.000000000,1648562700000000000,3870,3871,3865,3869,1562,369070,369190
2022-03-29 22:06:00.000000000,1648562760000000000,3869,3873,3868,3873,1616,369190,369341
2022-03-29 22:07:00.000000000,1648562820000000000,3873,3874,3866,3868,1618,369341,369447
2022-03-29 22:08:00.000000000,1648562880000000000,3868,3870,3866,3869,1185,369447,369327
2022-03-29 22:09:00.000000000,1648562940000000000,3869,3871,3867,3871,961,369327,369293
2022-03-29 22:10:00.000000000,1648563000000000000,3871,3871,3865,3870,1872,369293,369491
2022-03-29 22:11:00.000000000,1648563060000000000,3870,3883,3870,3879,4079,369491,369226
2022-03-29 22:12:00.000000000,1648563120000000000,3879,3883,3876,3878,2067,369226,369397
2022-03-29 22:13:00.000000000,1648563180000000000,3878,3887,3877,3887,2846,369397,369411
2022-03-29 22:14:00.000000000,1648563240000000000,3887,3893,3885,3892,3428,369411,369381
2022-03-29 22:15:00.000000000,1648563300000000000,3892,3897,3890,3894,2752,369381,369316
2022-03-29 22:16:00.000000000,1648563360000000000,3894,3899,3893,3899,2514,369316,369888
2022-03-29 22:17:00.000000000,1648563420000000000,3899,3900,3891,3891,3139,369888,369672
2022-03-29 22:18:00.000000000,1648563480000000000,3891,3896,3888,3894,2114,369672,369925
2022-03-29 22:19:00.000000000,1648563540000000000,3894,3901,3891,3901,2616,369925,370634
2022-03-29 22:20:00.000000000,1648563600000000000,3901,3921,3900,3914,7293,370634,371586
2022-03-29 22:21:00.000000000,1648563660000000000,3914,3916,3909,3911,2310,371586,371547
2022-03-29 22:22:00.000000000,1648563720000000000,3911,3919,3910,3914,2996,371547,372408
2022-03-29 22:23:00.000000000,1648563780000000000,3914,3914,3906,3907,2701,372408,372451
2022-03-29 22:24:00.000000000,1648563840000000000,3907,3907,3900,3903,3299,372451,372402
2022-03-29 22:25:00.000000000,1648563900000000000,3903,3903,3897,3903,1872,372402,372488
2022-03-29 22:26:00.000000000,1648563960000000000,3903,3903,3898,3898,1428,372488,372766
2022-03-29 22:27:00.000000000,1648564020000000000,3898,3909,3898,3909,1915,372766,372917
2022-03-29 22:28:00.000000000,1648564080000000000,3909,3909,3897,3898,1726,372917,373201
2022-03-29 22:29:00.000000000,1648564140000000000,3898,3902,3897,3898,1762,373201,373216
2022-03-29 22:30:00.000000000,1648564200000000000,3898,3903,3898,3901,1513,373216,373209
2022-03-29 22:31:00.000000000,1648564260000000000,3901,3903,3898,3901,1392,373209,373144
2022-03-29 22:32:00.000000000,1648564320000000000,3901,3907,3900,3901,1191,373144,373140
2022-03-29 22:33:00.000000000,1648564380000000000,3901,3907,3900,3906,973,373140,373246
2022-03-29 22:34:00.000000000,1648564440000000000,3906,3909,3902,3905,1330,373246,373157
2022-03-29 22:35:00.000000000,1648564500000000000,3905,3905,3901,3902,1167,373157,373221
2022-03-29 22:36:00.000000000,1648564560000000000,3902,3906,3902,3903,985,373221,373491
2022-03-29 22:37:00.000000000,1648564620000000000,3903,3912,3903,3910,1498,373491,373509
2022-03-29 22:38:00.000000000,1648564680000000000,3910,3926,3910,3922,3199,373509,373424
2022-03-29 22:39:00.000000000,1648564740000000000,3922,3922,3915,3918,1637,373424,373453
2022-03-29 22:40:00.000000000,1648564800000000000,3918,3920,3915,3918,1649,373453,373809
2022-03-29 22:41:00.000000000,1648564860000000000,3918,3926,3913,3926,2480,373809,373869
2022-03-29 22:42:00.000000000,1648564920000000000,3926,3937,3925,3929,5131,373869,373591
2022-03-29 22:43:00.000000000,1648564980000000000,3929,3931,3924,3927,2572,373591,374010
2022-03-29 22:44:00.000000000,1648565040000000000,3927,3931,3925,3929,3016,374010,374977
2022-03-29 22:45:00.000000000,1648565100000000000,3929,3929,3920,3926,2199,374977,374758
2022-03-29 22:46:00.000000000,1648565160000000000,3926,3932,3925,3926,1503,374758,374976
2022-03-29 22:47:00.000000000,1648565220000000000,3926,3938,3926,3935,2688,374976,375038
2022-03-29 22:48:00.000000000,1648565280000000000,3935,3936,3930,3931,2076,375038,375101
2022-03-29 22:49:00.000000000,1648565340000000000,3931,3939,3931,3935,2110,375101,375349
2022-03-29 22:50:00.000000000,1648565400000000000,3935,3942,3932,3941,2595,375349,375983
2022-03-29 22:51:00.000000000,1648565460000000000,3941,3947,3940,3942,2315,375983,376417
2022-03-29 22:52:00.000000000,1648565520000000000,3942,3951,3941,3950,2727,376417,377033
2022-03-29 22:53:00.000000000,1648565580000000000,3950,3950,3939,3939,2616,377033,377248
2022-03-29 22:54:00.000000000,1648565640000000000,3939,3942,3933,3938,2452,377248,376645
2022-03-29 22:55:00.000000000,1648565700000000000,3938,3938,3925,3925,2933,376645,375947
2022-03-29 22:56:00.000000000,1648565760000000000,3925,3932,3923,3932,2471,375947,375446
2022-03-29 22:57:00.000000000,1648565820000000000,3932,3936,3927,3928,1441,375446,375193
2022-03-29 22:58:00.000000000,1648565880000000000,3928,3935,3926,3928,1732,375193,374910
2022-03-29 22:59:00.000000000,1648565940000000000,3928,3932,3925,3925,2614,374910,373636
2022-03-30 09:00:00.000000000,1648602000000000000,3994,4010,3976,3987,17085,373636,373099
2022-03-30 09:01:00.000000000,1648602060000000000,3987,3990,3975,3990,6592,373099,373098
2022-03-30 09:02:00.000000000,1648602120000000000,3990,3992,3973,3975,5477,373098,372676
2022-03-30 09:03:00.000000000,1648602180000000000,3975,3982,3973,3977,4670,372676,372502
2022-03-30 09:04:00.000000000,1648602240000000000,3977,3978,3965,3969,3929,372502,372066
2022-03-30 09:05:00.000000000,1648602300000000000,3969,3975,3967,3970,1928,372066,371808
2022-03-30 09:06:00.000000000,1648602360000000000,3970,3970,3961,3966,2610,371808,371779
2022-03-30 09:07:00.000000000,1648602420000000000,3966,3967,3962,3965,1693,371779,371622
2022-03-30 09:08:00.000000000,1648602480000000000,3965,3968,3962,3964,1556,371622,371476
2022-03-30 09:09:00.000000000,1648602540000000000,3964,3968,3963,3968,1157,371476,371515
2022-03-30 09:10:00.000000000,1648602600000000000,3968,3972,3960,3962,2904,371515,371850
2022-03-30 09:11:00.000000000,1648602660000000000,3962,3966,3960,3961,2631,371850,371702
2022-03-30 09:12:00.000000000,1648602720000000000,3961,3965,3958,3965,2120,371702,371941
2022-03-30 09:13:00.000000000,1648602780000000000,3965,3975,3964,3974,1919,371941,372108
2022-03-30 09:14:00.000000000,1648602840000000000,3974,3976,3967,3973,2218,372108,372420
2022-03-30 09:15:00.000000000,1648602900000000000,3973,3974,3964,3967,1455,372420,372358
2022-03-30 09:16:00.000000000,1648602960000000000,3967,3968,3963,3964,1146,372358,372425
2022-03-30 09:17:00.000000000,1648603020000000000,3964,3969,3964,3965,1242,372425,372562
2022-03-30 09:18:00.000000000,1648603080000000000,3965,3966,3960,3961,1538,372562,372597
2022-03-30 09:19:00.000000000,1648603140000000000,3961,3967,3961,3967,716,372597,372626
2022-03-30 09:20:00.000000000,1648603200000000000,3967,3973,3967,3970,1441,372626,372465
2022-03-30 09:21:00.000000000,1648603260000000000,3970,3974,3968,3970,1079,372465,372529
2022-03-30 09:22:00.000000000,1648603320000000000,3970,3971,3967,3970,937,372529,372608
2022-03-30 09:23:00.000000000,1648603380000000000,3970,3972,3968,3969,722,372608,372508
2022-03-30 09:24:00.000000000,1648603440000000000,3969,3969,3963,3965,1235,372508,372653
2022-03-30 09:25:00.000000000,1648603500000000000,3965,3968,3955,3956,2147,372653,372220
2022-03-30 09:26:00.000000000,1648603560000000000,3956,3957,3951,3951,3085,372220,371679
2022-03-30 09:27:00.000000000,1648603620000000000,3951,3953,3940,3947,4698,371679,370809
2022-03-30 09:28:00.000000000,1648603680000000000,3947,3949,3943,3948,1517,370809,370667
2022-03-30 09:29:00.000000000,1648603740000000000,3948,3949,3945,3946,1086,370667,370536
2022-03-30 09:30:00.000000000,1648603800000000000,3946,3951,3934,3934,3566,370536,370030
2022-03-30 09:31:00.000000000,1648603860000000000,3934,3944,3934,3935,4087,370030,369146
2022-03-30 09:32:00.000000000,1648603920000000000,3935,3942,3933,3934,2316,369146,368687
2022-03-30 09:33:00.000000000,1648603980000000000,3934,3940,3934,3937,1719,368687,368260
2022-03-30 09:34:00.000000000,1648604040000000000,3937,3937,3929,3935,2302,368260,367807
2022-03-30 09:35:00.000000000,1648604100000000000,3935,3936,3926,3930,2485,367807,367417
2022-03-30 09:36:00.000000000,1648604160000000000,3930,3931,3926,3926,1723,367417,367081
2022-03-30 09:37:00.000000000,1648604220000000000,3926,3927,3920,3927,3323,367081,366688
2022-03-30 09:38:00.000000000,1648604280000000000,3927,3930,3925,3929,1530,366688,366309
2022-03-30 09:39:00.000000000,1648604340000000000,3929,3933,3928,3933,1399,366309,366023
2022-03-30 09:40:00.000000000,1648604400000000000,3933,3936,3932,3933,1818,366023,365770
2022-03-30 09:41:00.000000000,1648604460000000000,3933,3937,3932,3933,1497,365770,365551
2022-03-30 09:42:00.000000000,1648604520000000000,3933,3935,3932,3933,904,365551,365498
2022-03-30 09:43:00.000000000,1648604580000000000,3933,3933,3929,3933,984,365498,365603
2022-03-30 09:44:00.000000000,1648604640000000000,3933,3935,3931,3931,817,365603,365700
2022-03-30 09:45:00.000000000,1648604700000000000,3931,3935,3925,3926,1425,365700,365442
2022-03-30 09:46:00.000000000,1648604760000000000,3926,3929,3917,3919,2198,365442,365300
2022-03-30 09:47:00.000000000,1648604820000000000,3919,3925,3918,3925,1567,365300,365123
2022-03-30 09:48:00.000000000,1648604880000000000,3925,3930,3925,3930,970,365123,364952
2022-03-30 09:49:00.000000000,1648604940000000000,3930,3930,3925,3925,801,364952,364759
2022-03-30 09:50:00.000000000,1648605000000000000,3925,3929,3924,3929,979,364759,364673
2022-03-30 09:51:00.000000000,1648605060000000000,3929,3936,3929,3936,2249,364673,364662
2022-03-30 09:52:00.000000000,1648605120000000000,3936,3942,3934,3940,2498,364662,364617
2022-03-30 09:53:00.000000000,1648605180000000000,3940,3940,3933,3937,1618,364617,364649
2022-03-30 09:54:00.000000000,1648605240000000000,3937,3943,3937,3942,1977,364649,364334
2022-03-30 09:55:00.000000000,1648605300000000000,3942,3943,3937,3940,903,364334,364324
2022-03-30 09:56:00.000000000,1648605360000000000,3940,3944,3939,3942,1007,364324,364253
2022-03-30 09:57:00.000000000,1648605420000000000,3942,3942,3937,3938,885,364253,364244
2022-03-30 09:58:00.000000000,1648605480000000000,3938,3940,3937,3937,400,364244,364219
2022-03-30 09:59:00.000000000,1648605540000000000,3937,3940,3930,3936,2331,364219,364242
2022-03-30 10:00:00.000000000,1648605600000000000,3936,3938,3930,3933,1088,364242,364029
2022-03-30 10:01:00.000000000,1648605660000000000,3933,3937,3930,3934,1211,364029,363863
2022-03-30 10:02:00.000000000,1648605720000000000,3934,3939,3932,3938,1439,363863,363375
2022-03-30 10:03:00.000000000,1648605780000000000,3938,3948,3938,3945,1580,363375,363068
2022-03-30 10:04:00.000000000,1648605840000000000,3945,3949,3944,3946,1387,363068,363196
2022-03-30 10:05:00.000000000,1648605900000000000,3946,3948,3944,3945,615,363196,363250
2022-03-30 10:06:00.000000000,1648605960000000000,3945,3946,3942,3943,629,363250,363218
2022-03-30 10:07:00.000000000,1648606020000000000,3943,3948,3942,3943,935,363218,363150
2022-03-30 10:08:00.000000000,1648606080000000000,3943,3952,3943,3948,1643,363150,363033
2022-03-30 10:09:00.000000000,1648606140000000000,3948,3950,3947,3948,566,363033,363042
2022-03-30 10:10:00.000000000,1648606200000000000,3948,3950,3940,3944,1091,363042,363062
2022-03-30 10:11:00.000000000,1648606260000000000,3944,3947,3940,3942,880,363062,362920
2022-03-30 10:12:00.000000000,1648606320000000000,3942,3945,3942,3943,520,362920,362747
2022-03-30 10:13:00.000000000,1648606380000000000,3943,3944,3939,3939,792,362747,362659
2022-03-30 10:14:00.000000000,1648606440000000000,3939,3942,3938,3940,612,362659,362751
2022-03-30 10:30:00.000000000,1648607400000000000,3934,3935,3924,3934,2900,362751,362378
2022-03-30 10:31:00.000000000,1648607460000000000,3934,3939,3932,3935,1270,362378,362457
2022-03-30 10:32:00.000000000,1648607520000000000,3935,3937,3931,3933,905,362457,362408
2022-03-30 10:33:00.000000000,1648607580000000000,3933,3934,3926,3929,1266,362408,362471
2022-03-30 10:34:00.000000000,1648607640000000000,3929,3929,3923,3927,1333,362471,362442
2022-03-30 10:35:00.000000000,1648607700000000000,3927,3928,3922,3925,1839,362442,362709
2022-03-30 10:36:00.000000000,1648607760000000000,3925,3928,3925,3925,814,362709,362581
2022-03-30 10:37:00.000000000,1648607820000000000,3925,3929,3925,3927,774,362581,362623
2022-03-30 10:38:00.000000000,1648607880000000000,3927,3932,3926,3930,458,362623,362593
2022-03-30 10:39:00.000000000,1648607940000000000,3930,3934,3929,3933,1051,362593,362926
2022-03-30 10:40:00.000000000,1648608000000000000,3933,3933,3925,3927,1005,362926,362851
2022-03-30 10:41:00.000000000,1648608060000000000,3927,3933,3926,3931,636,362851,362823
2022-03-30 10:42:00.000000000,1648608120000000000,3931,3932,3926,3927,358,362823,362780
2022-03-30 10:43:00.000000000,1648608180000000000,3927,3929,3925,3927,568,362780,362676
2022-03-30 10:44:00.000000000,1648608240000000000,3927,3929,3924,3928,560,362676,362666
2022-03-30 10:45:00.000000000,1648608300000000000,3928,3938,3928,3937,1705,362666,362449
2022-03-30 10:46:00.000000000,1648608360000000000,3937,3940,3936,3936,949,362449,362440
2022-03-30 10:47:00.000000000,1648608420000000000,3936,3940,3935,3938,475,362440,362429
2022-03-30 10:48:00.000000000,1648608480000000000,3938,3938,3935,3936,288,362429,362557
2022-03-30 10:49:00.000000000,1648608540000000000,3936,3939,3935,3936,383,362557,362530
2022-03-30 10:50:00.000000000,1648608600000000000,3936,3937,3932,3933,566,362530,362507
2022-03-30 10:51:00.000000000,1648608660000000000,3933,3937,3929,3930,823,362507,362671
2022-03-30 10:52:00.000000000,1648608720000000000,3930,3936,3930,3932,661,362671,362665
2022-03-30 10:53:00.000000000,1648608780000000000,3932,3934,3931,3931,397,362665,362637
2022-03-30 10:54:00.000000000,1648608840000000000,3931,3935,3931,3934,281,362637,362629
2022-03-30 10:55:00.000000000,1648608900000000000,3934,3939,3934,3937,981,362629,362536
2022-03-30 10:56:00.000000000,1648608960000000000,3937,3943,3936,3942,1233,362536,362387
2022-03-30 10:57:00.000000000,1648609020000000000,3942,3942,3935,3936,762,362387,362436
2022-03-30 10:58:00.000000000,1648609080000000000,3936,3941,3936,3938,667,362436,362410
2022-03-30 10:59:00.000000000,1648609140000000000,3938,3939,3931,3931,1168,362410,362434
2022-03-30 11:00:00.000000000,1648609200000000000,3931,3937,3931,3934,400,362434,362449
2022-03-30 11:01:00.000000000,1648609260000000000,3934,3937,3933,3933,458,362449,362501
2022-03-30 11:02:00.000000000,1648609320000000000,3933,3941,3933,3939,741,362501,362442
2022-03-30 11:03:00.000000000,1648609380000000000,3939,3943,3938,3940,716,362442,362452
2022-03-30 11:04:00.000000000,1648609440000000000,3940,3946,3937,3944,1227,362452,362483
2022-03-30 11:05:00.000000000,1648609500000000000,3944,3948,3943,3947,1193,362483,362490
2022-03-30 11:06:00.000000000,1648609560000000000,3947,3948,3943,3946,1013,362490,362577
2022-03-30 11:07:00.000000000,1648609620000000000,3946,3952,3946,3950,1197,362577,362592
2022-03-30 11:08:00.000000000,1648609680000000000,3950,3954,3949,3953,1208,362592,362728
2022-03-30 11:09:00.000000000,1648609740000000000,3953,3955,3949,3951,1231,362728,363005
2022-03-30 11:10:00.000000000,1648609800000000000,3951,3952,3947,3951,1031,363005,363154
2022-03-30 11:11:00.000000000,1648609860000000000,3951,3952,3946,3947,1055,363154,363371
2022-03-30 11:12:00.000000000,1648609920000000000,3947,3949,3944,3945,1036,363371,363493
2022-03-30 11:13:00.000000000,1648609980000000000,3945,3948,3944,3948,863,363493,363762
2022-03-30 11:14:00.000000000,1648610040000000000,3948,3948,3943,3945,784,363762,363995
2022-03-30 11:15:00.000000000,1648610100000000000,3945,3952,3945,3949,1001,363995,364284
2022-03-30 11:16:00.000000000,1648610160000000000,3949,3949,3946,3948,612,364284,364448
2022-03-30 11:17:00.000000000,1648610220000000000,3948,3948,3944,3946,534,364448,364331
2022-03-30 11:18:00.000000000,1648610280000000000,3946,3948,3943,3948,504,364331,364295
2022-03-30 11:19:00.000000000,1648610340000000000,3948,3950,3944,3944,690,364295,364344
2022-03-30 11:20:00.000000000,1648610400000000000,3944,3945,3943,3944,257,364344,364287
2022-03-30 11:21:00.000000000,1648610460000000000,3944,3949,3944,3948,389,364287,364329
2022-03-30 11:22:00.000000000,1648610520000000000,3948,3950,3946,3949,561,364329,364232
2022-03-30 11:23:00.000000000,1648610580000000000,3949,3949,3945,3947,320,364232,364252
2022-03-30 11:24:00.000000000,1648610640000000000,3947,3949,3946,3947,324,364252,364161
2022-03-30 11:25:00.000000000,1648610700000000000,3947,3948,3946,3947,198,364161,364204
2022-03-30 11:26:00.000000000,1648610760000000000,3947,3949,3947,3949,359,364204,364193
2022-03-30 11:27:00.000000000,1648610820000000000,3949,3958,3949,3949,2373,364193,363991
2022-03-30 11:28:00.000000000,1648610880000000000,3949,3952,3948,3948,536,363991,364055
2022-03-30 11:29:00.000000000,1648610940000000000,3948,3949,3945,3945,611,364055,363913
2022-03-30 13:30:00.000000000,1648618200000000000,3945,3947,3941,3941,1028,363913,363839
2022-03-30 13:31:00.000000000,1648618260000000000,3941,3946,3941,3943,880,363839,363909
2022-03-30 13:32:00.000000000,1648618320000000000,3943,3944,3939,3941,1186,363909,363834
2022-03-30 13:33:00.000000000,1648618380000000000,3941,3945,3939,3944,625,363834,363785
2022-03-30 13:34:00.000000000,1648618440000000000,3944,3954,3943,3952,1546,363785,363412
2022-03-30 13:35:00.000000000,1648618500000000000,3952,3962,3952,3958,2649,363412,363258
2022-03-30 13:36:00.000000000,1648618560000000000,3958,3960,3955,3959,1312,363258,363033
2022-03-30 13:37:00.000000000,1648618620000000000,3959,3966,3958,3966,1712,363033,363088
2022-03-30 13:38:00.000000000,1648618680000000000,3966,3966,3959,3960,1164,363088,363175
2022-03-30 13:39:00.000000000,1648618740000000000,3960,3963,3959,3961,1002,363175,363254
2022-03-30 13:40:00.000000000,1648618800000000000,3961,3968,3961,3968,1347,363254,363285
2022-03-30 13:41:00.000000000,1648618860000000000,3968,3968,3962,3965,1056,363285,363386
2022-03-30 13:42:00.000000000,1648618920000000000,3965,3967,3960,3961,853,363386,363456
2022-03-30 13:43:00.000000000,1648618980000000000,3961,3961,3956,3956,781,363456,363402
2022-03-30 13:44:00.000000000,1648619040000000000,3956,3958,3952,3957,850,363402,363306
2022-03-30 13:45:00.000000000,1648619100000000000,3957,3960,3957,3959,399,363306,363378
2022-03-30 13:46:00.000000000,1648619160000000000,3959,3962,3959,3961,889,363378,363219
2022-03-30 13:47:00.000000000,1648619220000000000,3961,3961,3957,3957,367,363219,363205
2022-03-30 13:48:00.000000000,1648619280000000000,3957,3962,3957,3961,369,363205,363203
2022-03-30 13:49:00.000000000,1648619340000000000,3961,3965,3961,3965,723,363203,363323
2022-03-30 13:50:00.000000000,1648619400000000000,3965,3965,3960,3960,573,363323,363387
2022-03-30 13:51:00.000000000,1648619460000000000,3960,3963,3960,3963,429,363387,363341
2022-03-30 13:52:00.000000000,1648619520000000000,3963,3966,3962,3964,558,363341,363443
2022-03-30 13:53:00.000000000,1648619580000000000,3964,3965,3962,3963,549,363443,363502
2022-03-30 13:54:00.000000000,1648619640000000000,3963,3964,3960,3962,646,363502,363542
2022-03-30 13:55:00.000000000,1648619700000000000,3962,3966,3962,3964,642,363542,363531
2022-03-30 13:56:00.000000000,1648619760000000000,3964,3969,3963,3969,1011,363531,363447
2022-03-30 13:57:00.000000000,1648619820000000000,3969,3973,3968,3973,1613,363447,363434
2022-03-30 13:58:00.000000000,1648619880000000000,3973,3976,3971,3975,1381,363434,363540
2022-03-30 13:59:00.000000000,1648619940000000000,3975,3977,3974,3977,720,363540,363623
2022-03-30 14:00:00.000000000,1648620000000000000,3977,3978,3969,3970,1369,363623,363521
2022-03-30 14:01:00.000000000,1648620060000000000,3970,3973,3965,3972,992,363521,363482
2022-03-30 14:02:00.000000000,1648620120000000000,3972,3980,3972,3977,1565,363482,363655
2022-03-30 14:03:00.000000000,1648620180000000000,3977,3978,3974,3976,728,363655,363738
2022-03-30 14:04:00.000000000,1648620240000000000,3976,3976,3972,3973,756,363738,363683
2022-03-30 14:05:00.000000000,1648620300000000000,3973,3973,3971,3971,605,363683,363541
2022-03-30 14:06:00.000000000,1648620360000000000,3971,3972,3968,3968,728,363541,363351
2022-03-30 14:07:00.000000000,1648620420000000000,3968,3972,3967,3972,909,363351,363245
2022-03-30 14:08:00.000000000,1648620480000000000,3972,3973,3971,3973,407,363245,363198
2022-03-30 14:09:00.000000000,1648620540000000000,3973,3979,3973,3979,1456,363198,363127
2022-03-30 14:10:00.000000000,1648620600000000000,3979,3979,3972,3973,1024,363127,363142
2022-03-30 14:11:00.000000000,1648620660000000000,3973,3975,3970,3973,739,363142,363087
2022-03-30 14:12:00.000000000,1648620720000000000,3973,3975,3970,3970,863,363087,362797
2022-03-30 14:13:00.000000000,1648620780000000000,3970,3972,3968,3968,811,362797,362838
2022-03-30 14:14:00.000000000,1648620840000000000,3968,3969,3957,3959,2456,362838,362106
2022-03-30 14:15:00.000000000,1648620900000000000,3959,3961,3955,3956,1987,362106,361617
2022-03-30 14:16:00.000000000,1648620960000000000,3956,3962,3956,3961,1047,361617,361242
2022-03-30 14:17:00.000000000,1648621020000000000,3961,3961,3956,3957,536,361242,361110
2022-03-30 14:18:00.000000000,1648621080000000000,3957,3957,3954,3954,783,361110,360951
2022-03-30 14:19:00.000000000,1648621140000000000,3954,3961,3954,3957,845,360951,360859
2022-03-30 14:20:00.000000000,1648621200000000000,3957,3964,3956,3964,644,360859,360748
2022-03-30 14:21:00.000000000,1648621260000000000,3964,3971,3963,3970,1028,360748,360709
2022-03-30 14:22:00.000000000,1648621320000000000,3970,3971,3966,3968,1049,360709,361064
2022-03-30 14:23:00.000000000,1648621380000000000,3968,3975,3968,3973,1102,361064,361016
2022-03-30 14:24:00.000000000,1648621440000000000,3973,3974,3967,3968,765,361016,361116
2022-03-30 14:25:00.000000000,1648621500000000000,3968,3974,3968,3971,578,361116,361198
2022-03-30 14:26:00.000000000,1648621560000000000,3971,3973,3968,3970,555,361198,361252
2022-03-30 14:27:00.000000000,1648621620000000000,3970,3974,3968,3974,711,361252,361294
2022-03-30 14:28:00.000000000,1648621680000000000,3974,3977,3972,3977,1849,361294,361799
2022-03-30 14:29:00.000000000,1648621740000000000,3977,3980,3977,3979,3024,361799,362967
2022-03-30 14:30:00.000000000,1648621800000000000,3979,3985,3978,3980,2243,362967,363048
2022-03-30 14:31:00.000000000,1648621860000000000,3980,3981,3978,3978,833,363048,363164
2022-03-30 14:32:00.000000000,1648621920000000000,3978,3982,3978,3982,837,363164,363143
2022-03-30 14:33:00.000000000,1648621980000000000,3982,3984,3979,3979,1124,363143,363260
2022-03-30 14:34:00.000000000,1648622040000000000,3979,3982,3979,3980,1299,363260,363576
2022-03-30 14:35:00.000000000,1648622100000000000,3980,3983,3970,3978,3461,363576,363083
2022-03-30 14:36:00.000000000,1648622160000000000,3978,3980,3973,3975,1604,363083,362871
2022-03-30 14:37:00.000000000,1648622220000000000,3975,3981,3975,3978,1302,362871,362812
2022-03-30 14:38:00.000000000,1648622280000000000,3978,3980,3977,3978,581,362812,362849
2022-03-30 14:39:00.000000000,1648622340000000000,3978,3980,3976,3979,665,362849,362882
2022-03-30 14:40:00.000000000,1648622400000000000,3979,3983,3978,3982,623,362882,362736
2022-03-30 14:41:00.000000000,1648622460000000000,3982,3983,3978,3979,769,362736,362646
2022-03-30 14:42:00.000000000,1648622520000000000,3979,3981,3979,3980,225,362646,362656
2022-03-30 14:43:00.000000000,1648622580000000000,3980,3981,3976,3977,720,362656,362519
2022-03-30 14:44:00.000000000,1648622640000000000,3977,3983,3977,3980,948,362519,362508
2022-03-30 14:45:00.000000000,1648622700000000000,3980,3981,3979,3980,542,362508,362473
2022-03-30 14:46:00.000000000,1648622760000000000,3980,3986,3980,3986,1093,362473,362304
2022-03-30 14:47:00.000000000,1648622820000000000,3986,3986,3981,3982,1204,362304,362283
2022-03-30 14:48:00.000000000,1648622880000000000,3982,3986,3982,3984,829,362283,362316
2022-03-30 14:49:00.000000000,1648622940000000000,3984,3985,3978,3979,1241,362316,362457
2022-03-30 14:50:00.000000000,1648623000000000000,3979,3982,3977,3979,1556,362457,362557
2022-03-30 14:51:00.000000000,1648623060000000000,3979,3980,3975,3978,1038,362557,362420
2022-03-30 14:52:00.000000000,1648623120000000000,3978,3983,3978,3980,752,362420,362318
2022-03-30 14:53:00.000000000,1648623180000000000,3980,3984,3977,3977,971,362318,362436
2022-03-30 14:54:00.000000000,1648623240000000000,3977,3983,3976,3982,1530,362436,362591
2022-03-30 14:55:00.000000000,1648623300000000000,3982,3987,3979,3985,1810,362591,362481
2022-03-30 14:56:00.000000000,1648623360000000000,3985,3986,3977,3980,1122,362481,362703
2022-03-30 14:57:00.000000000,1648623420000000000,3980,3982,3977,3977,1060,362703,362552
2022-03-30 14:58:00.000000000,1648623480000000000,3977,3979,3973,3974,1727,362552,362145
2022-03-30 14:59:00.000000000,1648623540000000000,3974,3977,3973,3975,2075,362145,361523
2022-03-30 21:00:00.000000000,1648645200000000000,3975,4031,3974,4022,20287,361523,359241
2022-03-30 21:01:00.000000000,1648645260000000000,4022,4024,4010,4012,7974,359241,358613
2022-03-30 21:02:00.000000000,1648645320000000000,4012,4017,4008,4010,5639,358613,358873
2022-03-30 21:03:00.000000000,1648645380000000000,4010,4017,4010,4015,4392,358873,359041
2022-03-30 21:04:00.000000000,1648645440000000000,4015,4019,4012,4018,2743,359041,358892
2022-03-30 21:05:00.000000000,1648645500000000000,4018,4019,4000,4000,4250,358892,358960
2022-03-30 21:06:00.000000000,1648645560000000000,4000,4007,3991,4005,4360,358960,359512
2022-03-30 21:07:00.000000000,1648645620000000000,4005,4011,4001,4002,3373,359512,359422
2022-03-30 21:08:00.000000000,1648645680000000000,4002,4007,4001,4002,2486,359422,359322
2022-03-30 21:09:00.000000000,1648645740000000000,4002,4015,4002,4013,2407,359322,359553
2022-03-30 21:10:00.000000000,1648645800000000000,4013,4013,4005,4010,2406,359553,359701
2022-03-30 21:11:00.000000000,1648645860000000000,4010,4011,4003,4005,1711,359701,359676
2022-03-30 21:12:00.000000000,1648645920000000000,4005,4006,3993,3994,3957,359676,359406
2022-03-30 21:13:00.000000000,1648645980000000000,3994,3996,3987,3990,3308,359406,359318
2022-03-30 21:14:00.000000000,1648646040000000000,3990,3993,3986,3991,4247,359318,358980
2022-03-30 21:15:00.000000000,1648646100000000000,3991,3991,3976,3984,5087,358980,359004
2022-03-30 21:16:00.000000000,1648646160000000000,3984,3990,3981,3990,2502,359004,358709
2022-03-30 21:17:00.000000000,1648646220000000000,3990,3996,3988,3996,2097,358709,358720
2022-03-30 21:18:00.000000000,1648646280000000000,3996,4000,3986,3986,2999,358720,359007
2022-03-30 21:19:00.000000000,1648646340000000000,3986,3992,3984,3984,1770,359007,359242
2022-03-30 21:20:00.000000000,1648646400000000000,3984,3984,3976,3978,4111,359242,358874
2022-03-30 21:21:00.000000000,1648646460000000000,3978,3984,3975,3983,2947,358874,358597
2022-03-30 21:22:00.000000000,1648646520000000000,3983,3983,3976,3977,2222,358597,358877
2022-03-30 21:23:00.000000000,1648646580000000000,3977,3985,3976,3978,1734,358877,359044
2022-03-30 21:24:00.000000000,1648646640000000000,3978,3980,3976,3979,1320,359044,359096
2022-03-30 21:25:00.000000000,1648646700000000000,3979,3979,3955,3960,7506,359096,357867
2022-03-30 21:26:00.000000000,1648646760000000000,3960,3967,3957,3965,3960,357867,357450
2022-03-30 21:27:00.000000000,1648646820000000000,3965,3968,3962,3962,2467,357450,357639
2022-03-30 21:28:00.000000000,1648646880000000000,3962,3968,3962,3965,1615,357639,357714
2022-03-30 21:29:00.000000000,1648646940000000000,3965,3983,3965,3979,3407,357714,358292
2022-03-30 21:30:00.000000000,1648647000000000000,3979,3979,3968,3968,2573,358292,358689
2022-03-30 21:31:00.000000000,1648647060000000000,3968,3969,3965,3965,2056,358689,358952
2022-03-30 21:32:00.000000000,1648647120000000000,3965,3966,3961,3964,1975,358952,359261
2022-03-30 21:33:00.000000000,1648647180000000000,3964,3971,3962,3969,2470,359261,359823
2022-03-30 21:34:00.000000000,1648647240000000000,3969,3976,3968,3970,1542,359823,359875
2022-03-30 21:35:00.000000000,1648647300000000000,3970,3971,3967,3968,1717,359875,360387
2022-03-30 21:36:00.000000000,1648647360000000000,3968,3968,3961,3967,2798,360387,360553
2022-03-30 21:37:00.000000000,1648647420000000000,3967,3978,3965,3977,2303,360553,360808
2022-03-30 21:38:00.000000000,1648647480000000000,3977,3978,3967,3969,2086,360808,361112
2022-03-30 21:39:00.000000000,1648647540000000000,3969,3976,3968,3976,1253,361112,361031
2022-03-30 21:40:00.000000000,1648647600000000000,3976,3978,3971,3973,1840,361031,361322
2022-03-30 21:41:00.000000000,1648647660000000000,3973,3977,3972,3976,1897,361322,361687
2022-03-30 21:42:00.000000000,1648647720000000000,3976,3977,3973,3975,1534,361687,362174
2022-03-30 21:43:00.000000000,1648647780000000000,3975,3979,3972,3978,1812,362174,362491
2022-03-30 21:44:00.000000000,1648647840000000000,3978,3978,3974,3977,1398,362491,362442
2022-03-30 21:45:00.000000000,1648647900000000000,3977,3983,3976,3983,3323,362442,362626
2022-03-30 21:46:00.000000000,1648647960000000000,3983,3984,3976,3982,1983,362626,362736
2022-03-30 21:47:00.000000000,1648648020000000000,3982,3983,3974,3975,1832,362736,363124
2022-03-30 21:48:00.000000000,1648648080000000000,3975,3976,3966,3966,2500,363124,362875
2022-03-30 21:49:00.000000000,1648648140000000000,3966,3970,3966,3970,1057,362875,362751
2022-03-30 21:50:00.000000000,1648648200000000000,3970,3971,3963,3971,1908,362751,362716
2022-03-30 21:51:00.000000000,1648648260000000000,3971,3973,3966,3969,1492,362716,362643
2022-03-30 21:52:00.000000000,1648648320000000000,3969,3971,3967,3970,1177,362643,362502
2022-03-30 21:53:00.000000000,1648648380000000000,3970,3978,3969,3973,1911,362502,362581
2022-03-30 21:54:00.000000000,1648648440000000000,3973,3976,3973,3975,1086,362581,362805
2022-03-30 21:55:00.000000000,1648648500000000000,3975,3977,3975,3975,755,362805,362816
2022-03-30 21:56:00.000000000,1648648560000000000,3975,3977,3970,3973,1196,362816,362799
2022-03-30 21:57:00.000000000,1648648620000000000,3973,3975,3970,3974,773,362799,362725
2022-03-30 21:58:00.000000000,1648648680000000000,3974,3979,3972,3973,1069,362725,362698
2022-03-30 21:59:00.000000000,1648648740000000000,3973,3975,3969,3974,1542,362698,362726
2022-03-30 22:00:00.000000000,1648648800000000000,3974,3975,3972,3974,806,362726,362600
2022-03-30 22:01:00.000000000,1648648860000000000,3974,3974,3965,3965,1120,362600,362607
2022-03-30 22:02:00.000000000,1648648920000000000,3965,3967,3963,3966,1813,362607,362622
2022-03-30 22:03:00.000000000,1648648980000000000,3966,3967,3964,3965,1317,362622,362443
2022-03-30 22:04:00.000000000,1648649040000000000,3965,3969,3965,3966,953,362443,362478
2022-03-30 22:05:00.000000000,1648649100000000000,3966,3967,3957,3960,3015,362478,362875
2022-03-30 22:06:00.000000000,1648649160000000000,3960,3963,3951,3955,2872,362875,362484
2022-03-30 22:07:00.000000000,1648649220000000000,3955,3957,3953,3955,1496,362484,362460
2022-03-30 22:08:00.000000000,1648649280000000000,3955,3957,3953,3953,1836,362460,362666
2022-03-30 22:09:00.000000000,1648649340000000000,3953,3954,3946,3950,3651,362666,362266
2022-03-30 22:10:00.000000000,1648649400000000000,3950,3958,3949,3956,1934,362266,362293
2022-03-30 22:11:00.000000000,1648649460000000000,3956,3957,3951,3951,1510,362293,362124
2022-03-30 22:12:00.000000000,1648649520000000000,3951,3954,3947,3950,2536,362124,361790
2022-03-30 22:13:00.000000000,1648649580000000000,3950,3954,3949,3951,1585,361790,361619
2022-03-30 22:14:00.000000000,1648649640000000000,3951,3954,3949,3952,1668,361619,361477
2022-03-30 22:15:00.000000000,1648649700000000000,3952,3959,3951,3959,1383,361477,361340
2022-03-30 22:16:00.000000000,1648649760000000000,3959,3966,3959,3963,2653,361340,361916
2022-03-30 22:17:00.000000000,1648649820000000000,3963,3963,3957,3959,980,361916,362048
2022-03-30 22:18:00.000000000,1648649880000000000,3959,3961,3957,3960,986,362048,362201
2022-03-30 22:19:00.000000000,1648649940000000000,3960,3960,3953,3953,1471,362201,362428
2022-03-30 22:20:00.000000000,1648650000000000000,3953,3961,3953,3958,1438,362428,362177
2022-03-30 22:21:00.000000000,1648650060000000000,3958,3960,3957,3960,687,362177,362047
2022-03-30 22:22:00.000000000,1648650120000000000,3960,3966,3960,3965,1604,362047,361593
2022-03-30 22:23:00.000000000,1648650180000000000,3965,3965,3961,3964,783,361593,361515
2022-03-30 22:24:00.000000000,1648650240000000000,3964,3965,3959,3965,1016,361515,361615
2022-03-30 22:25:00.000000000,1648650300000000000,3965,3966,3961,3962,1439,361615,361912
2022-03-30 22:26:00.000000000,1648650360000000000,3962,3967,3962,3967,880,361912,361997
2022-03-30 22:27:00.000000000,1648650420000000000,3967,3967,3963,3963,586,361997,362039
2022-03-30 22:28:00.000000000,1648650480000000000,3963,3963,3959,3959,685,362039,362122
2022-03-30 22:29:00.000000000,1648650540000000000,3959,3961,3957,3959,879,362122,362223
2022-03-30 22:30:00.000000000,1648650600000000000,3959,3963,3953,3963,2123,362223,362362
2022-03-30 22:31:00.000000000,1648650660000000000,3963,3964,3959,3960,1358,362362,362653
2022-03-30 22:32:00.000000000,1648650720000000000,3960,3961,3956,3957,1328,362653,362815
2022-03-30 22:33:00.000000000,1648650780000000000,3957,3959,3952,3958,1555,362815,362780
2022-03-30 22:34:00.000000000,1648650840000000000,3958,3961,3957,3957,718,362780,362817
2022-03-30 22:35:00.000000000,1648650900000000000,3957,3961,3957,3960,682,362817,362936
2022-03-30 22:36:00.000000000,1648650960000000000,3960,3964,3959,3962,821,362936,362928
2022-03-30 22:37:00.000000000,1648651020000000000,3962,3963,3957,3959,619,362928,362924
2022-03-30 22:38:00.000000000,1648651080000000000,3959,3962,3957,3960,682,362924,362969
2022-03-30 22:39:00.000000000,1648651140000000000,3960,3962,3958,3961,622,362969,363093
2022-03-30 22:40:00.000000000,1648651200000000000,3961,3965,3959,3963,1059,363093,362949
2022-03-30 22:41:00.000000000,1648651260000000000,3963,3963,3960,3961,549,362949,362995
2022-03-30 22:42:00.000000000,1648651320000000000,3961,3964,3960,3961,547,362995,363070
2022-03-30 22:43:00.000000000,1648651380000000000,3961,3962,3960,3961,339,363070,363046
2022-03-30 22:44:00.000000000,1648651440000000000,3961,3961,3957,3960,766,363046,363065
2022-03-30 22:45:00.000000000,1648651500000000000,3960,3965,3960,3965,750,363065,362957
2022-03-30 22:46:00.000000000,1648651560000000000,3965,3966,3962,3966,1233,362957,363027
2022-03-30 22:47:00.000000000,1648651620000000000,3966,3967,3963,3965,790,363027,362924
2022-03-30 22:48:00.000000000,1648651680000000000,3965,3966,3963,3965,541,362924,362890
2022-03-30 22:49:00.000000000,1648651740000000000,3965,3965,3957,3958,1458,362890,362531
2022-03-30 22:50:00.000000000,1648651800000000000,3958,3960,3957,3958,1262,362531,362309
2022-03-30 22:51:00.000000000,1648651860000000000,3958,3961,3957,3961,1162,362309,362246
2022-03-30 22:52:00.000000000,1648651920000000000,3961,3961,3958,3960,784,362246,361970
2022-03-30 22:53:00.000000000,1648651980000000000,3960,3962,3959,3961,557,361970,361972
2022-03-30 22:54:00.000000000,1648652040000000000,3961,3962,3959,3961,556,361972,361882
2022-03-30 22:55:00.000000000,1648652100000000000,3961,3961,3956,3958,1496,361882,361622
2022-03-30 22:56:00.000000000,1648652160000000000,3958,3960,3956,3958,1788,361622,361437
2022-03-30 22:57:00.000000000,1648652220000000000,3958,3958,3953,3955,1240,361437,361065
2022-03-30 22:58:00.000000000,1648652280000000000,3955,3958,3954,3955,966,361065,360799
2022-03-30 22:59:00.000000000,1648652340000000000,3955,3956,3953,3956,1653,360799,360057
2022-03-31 09:00:00.000000000,1648688400000000000,3847,3920,3830,3903,27857,360057,358646
2022-03-31 09:01:00.000000000,1648688460000000000,3903,3906,3890,3891,8321,358646,358276
2022-03-31 09:02:00.000000000,1648688520000000000,3891,3894,3884,3893,7139,358276,357614
2022-03-31 09:03:00.000000000,1648688580000000000,3893,3893,3878,3882,6207,357614,356919
2022-03-31 09:04:00.000000000,1648688640000000000,3882,3882,3871,3872,6138,356919,355717
2022-03-31 09:05:00.000000000,1648688700000000000,3872,3874,3862,3865,7146,355717,355153
2022-03-31 09:06:00.000000000,1648688760000000000,3865,3884,3856,3881,9058,355153,355526
2022-03-31 09:07:00.000000000,1648688820000000000,3881,3881,3871,3873,3590,355526,355443
2022-03-31 09:08:00.000000000,1648688880000000000,3873,3879,3871,3876,3642,355443,355076
2022-03-31 09:09:00.000000000,1648688940000000000,3876,3885,3874,3881,4591,355076,355106
2022-03-31 09:10:00.000000000,1648689000000000000,3881,3887,3879,3887,3512,355106,354624
2022-03-31 09:11:00.000000000,1648689060000000000,3887,3896,3882,3894,4632,354624,354734
2022-03-31 09:12:00.000000000,1648689120000000000,3894,3894,3886,3889,2693,354734,355050
2022-03-31 09:13:00.000000000,1648689180000000000,3889,3895,3886,3891,2100,355050,355247
2022-03-31 09:14:00.000000000,1648689240000000000,3891,3891,3884,3887,2557,355247,355346
2022-03-31 09:15:00.000000000,1648689300000000000,3887,3887,3882,3883,1912,355346,355593
2022-03-31 09:16:00.000000000,1648689360000000000,3883,3889,3882,3888,2008,355593,356145
2022-03-31 09:17:00.000000000,1648689420000000000,3888,3897,3887,3895,2172,356145,356279
2022-03-31 09:18:00.000000000,1648689480000000000,3895,3895,3885,3885,1624,356279,356391
2022-03-31 09:19:00.000000000,1648689540000000000,3885,3889,3884,3888,1214,356391,356563
2022-03-31 09:20:00.000000000,1648689600000000000,3888,3893,3887,3889,1780,356563,356957
2022-03-31 09:21:00.000000000,1648689660000000000,3889,3890,3884,3885,976,356957,356996
2022-03-31 09:22:00.000000000,1648689720000000000,3885,3886,3883,3886,1364,356996,357011
2022-03-31 09:23:00.000000000,1648689780000000000,3886,3892,3885,3887,3065,357011,357536
2022-03-31 09:24:00.000000000,1648689840000000000,3887,3888,3884,3886,1280,357536,357570
2022-03-31 09:25:00.000000000,1648689900000000000,3886,3891,3886,3889,880,357570,357582
2022-03-31 09:26:00.000000000,1648689960000000000,3889,3894,3889,3892,1403,357582,357812
2022-03-31 09:27:00.000000000,1648690020000000000,3892,3892,3876,3877,3272,357812,358174
2022-03-31 09:28:00.000000000,1648690080000000000,3877,3877,3863,3871,4663,358174,358580
2022-03-31 09:29:00.000000000,1648690140000000000,3871,3871,3863,3863,2872,358580,359100
2022-03-31 09:30:00.000000000,1648690200000000000,3863,3871,3862,3867,2796,359100,359372
2022-03-31 09:31:00.000000000,1648690260000000000,3867,3868,3864,3866,1471,359372,359604
2022-03-31 09:32:00.000000000,1648690320000000000,3866,3870,3862,3869,2136,359604,359869
2022-03-31 09:33:00.000000000,1648690380000000000,3869,3869,3860,3867,2301,359869,360145
2022-03-31 09:34:00.000000000,1648690440000000000,3867,3868,3861,3864,1674,360145,360355
2022-03-31 09:35:00.000000000,1648690500000000000,3864,3864,3858,3860,1945,360355,360473
2022-03-31 09:36:00.000000000,1648690560000000000,3860,3867,3857,3866,2099,360473,360587
2022-03-31 09:37:00.000000000,1648690620000000000,3866,3876,3864,3871,2629,360587,360215
2022-03-31 09:38:00.000000000,1648690680000000000,3871,3872,3866,3869,1232,360215,360566
2022-03-31 09:39:00.000000000,1648690740000000000,3869,3869,3863,3865,1494,360566,360730
2022-03-31 09:40:00.000000000,1648690800000000000,3865,3866,3861,3864,963,360730,360699
2022-03-31 09:41:00.000000000,1648690860000000000,3864,3865,3855,3855,2626,360699,360781
2022-03-31 09:42:00.000000000,1648690920000000000,3855,3861,3854,3861,1529,360781,360967
2022-03-31 09:43:00.000000000,1648690980000000000,3861,3862,3853,3854,1965,360967,360740
2022-03-31 09:44:00.000000000,1648691040000000000,3854,3855,3848,3848,2459,360740,360569
2022-03-31 09:45:00.000000000,1648691100000000000,3848,3850,3843,3844,3297,360569,360304
2022-03-31 09:46:00.000000000,1648691160000000000,3844,3856,3844,3855,1902,360304,360317
2022-03-31 09:47:00.000000000,1648691220000000000,3855,3856,3852,3853,890,360317,360422
2022-03-31 09:48:00.000000000,1648691280000000000,3853,3858,3852,3856,994,360422,360413
2022-03-31 09:49:00.000000000,1648691340000000000,3856,3859,3853,3859,1364,360413,360586
2022-03-31 09:50:00.000000000,1648691400000000000,3859,3860,3854,3859,1185,360586,360821
2022-03-31 09:51:00.000000000,1648691460000000000,3859,3859,3854,3855,1154,360821,360946
2022-03-31 09:52:00.000000000,1648691520000000000,3855,3857,3850,3856,1009,360946,361276
2022-03-31 09:53:00.000000000,1648691580000000000,3856,3862,3855,3862,1079,361276,361394
2022-03-31 09:54:00.000000000,1648691640000000000,3862,3866,3860,3863,1557,361394,361434
2022-03-31 09:55:00.000000000,1648691700000000000,3863,3864,3859,3863,941,361434,361456
2022-03-31 09:56:00.000000000,1648691760000000000,3863,3864,3861,3863,765,361456,361547
2022-03-31 09:57:00.000000000,1648691820000000000,3863,3864,3860,3862,647,361547,361581
2022-03-31 09:58:00.000000000,1648691880000000000,3862,3863,3860,3862,880,361581,361676
2022-03-31 09:59:00.000000000,1648691940000000000,3862,3865,3860,3862,1452,361676,361898
2022-03-31 10:00:00.000000000,1648692000000000000,3862,3869,3860,3867,1641,361898,362018
2022-03-31 10:01:00.000000000,1648692060000000000,3867,3871,3865,3866,1336,362018,362110
2022-03-31 10:02:00.000000000,1648692120000000000,3866,3869,3866,3867,578,362110,362068
2022-03-31 10:03:00.000000000,1648692180000000000,3867,3870,3866,3869,931,362068,362023
2022-03-31 10:04:00.000000000,1648692240000000000,3869,3874,3868,3871,994,362023,362008
2022-03-31 10:05:00.000000000,1648692300000000000,3871,3872,3867,3868,733,362008,362024
2022-03-31 10:06:00.000000000,1648692360000000000,3868,3868,3862,3865,1210,362024,362197
2022-03-31 10:07:00.000000000,1648692420000000000,3865,3867,3863,3866,662,362197,362356
2022-03-31 10:08:00.000000000,1648692480000000000,3866,3866,3863,3865,645,362356,362387
2022-03-31 10:09:00.000000000,1648692540000000000,3865,3870,3865,3869,517,362387,362456
2022-03-31 10:10:00.000000000,1648692600000000000,3869,3869,3863,3863,1110,362456,362254
2022-03-31 10:11:00.000000000,1648692660000000000,3863,3865,3861,3861,773,362254,362061
2022-03-31 10:12:00.000000000,1648692720000000000,3861,3863,3854,3854,1583,362061,362261
2022-03-31 10:13:00.000000000,1648692780000000000,3854,3855,3846,3847,2143,362261,362592
2022-03-31 10:14:00.000000000,1648692840000000000,3847,3852,3847,3850,838,362592,362768
2022-03-31 10:30:00.000000000,1648693800000000000,3851,3856,3851,3852,1521,362768,362872
2022-03-31 10:31:00.000000000,1648693860000000000,3852,3855,3849,3854,684,362872,362928
2022-03-31 10:32:00.000000000,1648693920000000000,3854,3857,3853,3857,587,362928,363025
2022-03-31 10:33:00.000000000,1648693980000000000,3857,3858,3855,3857,504,363025,363131
2022-03-31 10:34:00.000000000,1648694040000000000,3857,3857,3849,3849,824,363131,363421
2022-03-31 10:35:00.000000000,1648694100000000000,3849,3850,3847,3848,1105,363421,363469
2022-03-31 10:36:00.000000000,1648694160000000000,3848,3852,3848,3852,615,363469,363540
2022-03-31 10:37:00.000000000,1648694220000000000,3852,3854,3851,3852,399,363540,363567
2022-03-31 10:38:00.000000000,1648694280000000000,3852,3852,3846,3849,1273,363567,363884
2022-03-31 10:39:00.000000000,1648694340000000000,3849,3850,3842,3845,2065,363884,364029
2022-03-31 10:40:00.000000000,1648694400000000000,3845,3851,3842,3850,1884,364029,364600
2022-03-31 10:41:00.000000000,1648694460000000000,3850,3857,3849,3856,1092,364600,364874
2022-03-31 10:42:00.000000000,1648694520000000000,3856,3857,3854,3855,984,364874,365184
2022-03-31 10:43:00.000000000,1648694580000000000,3855,3856,3852,3854,512,365184,365318
2022-03-31 10:44:00.000000000,1648694640000000000,3854,3856,3853,3853,791,365318,365684
2022-03-31 10:45:00.000000000,1648694700000000000,3853,3853,3846,3849,1089,365684,365950
2022-03-31 10:46:00.000000000,1648694760000000000,3849,3849,3844,3846,1211,365950,365919
2022-03-31 10:47:00.000000000,1648694820000000000,3846,3855,3845,3853,1308,365919,365712
2022-03-31 10:48:00.000000000,1648694880000000000,3853,3854,3851,3852,693,365712,365954
2022-03-31 10:49:00.000000000,1648694940000000000,3852,3854,3851,3853,698,365954,366106
2022-03-31 10:50:00.000000000,1648695000000000000,3853,3858,3852,3852,1063,366106,366247
2022-03-31 10:51:00.000000000,1648695060000000000,3852,3852,3847,3851,768,366247,366443
2022-03-31 10:52:00.000000000,1648695120000000000,3851,3853,3849,3852,420,366443,366509
2022-03-31 10:53:00.000000000,1648695180000000000,3852,3853,3848,3849,713,366509,366544
2022-03-31 10:54:00.000000000,1648695240000000000,3849,3851,3845,3846,920,366544,366888
2022-03-31 10:55:00.000000000,1648695300000000000,3846,3847,3840,3841,2605,366888,366955
2022-03-31 10:56:00.000000000,1648695360000000000,3841,3842,3834,3835,3421,366955,365931
2022-03-31 10:57:00.000000000,1648695420000000000,3835,3836,3824,3827,4258,365931,364861
2022-03-31 10:58:00.000000000,1648695480000000000,3827,3831,3825,3829,1984,364861,364861
2022-03-31 10:59:00.000000000,1648695540000000000,3829,3829,3824,3824,1326,364861,365082
2022-03-31 11:00:00.000000000,1648695600000000000,3824,3830,3821,3828,2435,365082,365007
2022-03-31 11:01:00.000000000,1648695660000000000,3828,3829,3824,3826,929,365007,365077
2022-03-31 11:02:00.000000000,1648695720000000000,3826,3829,3822,3828,1504,365077,365441
2022-03-31 11:03:00.000000000,1648695780000000000,3828,3830,3825,3825,988,365441,365544
2022-03-31 11:04:00.000000000,1648695840000000000,3825,3829,3822,3828,1174,365544,365648
2022-03-31 11:05:00.000000000,1648695900000000000,3828,3831,3825,3826,1239,365648,365725
2022-03-31 11:06:00.000000000,1648695960000000000,3826,3826,3820,3823,1634,365725,365838
2022-03-31 11:07:00.000000000,1648696020000000000,3823,3830,3822,3828,797,365838,365844
2022-03-31 11:08:00.000000000,1648696080000000000,3828,3831,3824,3827,945,365844,366025
2022-03-31 11:09:00.000000000,1648696140000000000,3827,3828,3824,3827,543,366025,365965
2022-03-31 11:10:00.000000000,1648696200000000000,3827,3827,3822,3824,728,365965,365902
2022-03-31 11:11:00.000000000,1648696260000000000,3824,3828,3823,3828,759,365902,365989
2022-03-31 11:12:00.000000000,1648696320000000000,3828,3833,3827,3832,1420,365989,366229
2022-03-31 11:13:00.000000000,1648696380000000000,3832,3838,3828,3837,1846,366229,366891
2022-03-31 11:14:00.000000000,1648696440000000000,3837,3839,3834,3835,2093,366891,367370
2022-03-31 11:15:00.000000000,1648696500000000000,3835,3837,3832,3835,1081,367370,367544
2022-03-31 11:16:00.000000000,1648696560000000000,3835,3838,3833,3838,412,367544,367548
2022-03-31 11:17:00.000000000,1648696620000000000,3838,3839,3835,3835,598,367548,367597
2022-03-31 11:18:00.000000000,1648696680000000000,3835,3836,3834,3835,422,367597,367626
2022-03-31 11:19:00.000000000,1648696740000000000,3835,3835,3831,3832,455,367626,367613
2022-03-31 11:20:00.000000000,1648696800000000000,3832,3834,3826,3826,1016,367613,367622
2022-03-31 11:21:00.000000000,1648696860000000000,3826,3833,3826,3833,503,367622,367536
2022-03-31 11:22:00.000000000,1648696920000000000,3833,3836,3830,3833,1013,367536,367416
2022-03-31 11:23:00.000000000,1648696980000000000,3833,3835,3831,3833,904,367416,367297
2022-03-31 11:24:00.000000000,1648697040000000000,3833,3833,3829,3831,719,367297,367145
2022-03-31 11:25:00.000000000,1648697100000000000,3831,3834,3831,3834,428,367145,367136
2022-03-31 11:26:00.000000000,1648697160000000000,3834,3840,3834,3838,1435,367136,367021
2022-03-31 11:27:00.000000000,1648697220000000000,3838,3839,3836,3838,539,367021,367011
2022-03-31 11:28:00.000000000,1648697280000000000,3838,3841,3835,3838,1285,367011,366461
2022-03-31 11:29:00.000000000,1648697340000000000,3838,3841,3834,3840,1411,366461,366097
2022-03-31 13:30:00.000000000,1648704600000000000,3818,3828,3818,3827,4335,366097,365478
2022-03-31 13:31:00.000000000,1648704660000000000,3827,3832,3825,3831,2049,365478,365122
2022-03-31 13:32:00.000000000,1648704720000000000,3831,3833,3825,3832,1837,365122,365057
2022-03-31 13:33:00.000000000,1648704780000000000,3832,3843,3830,3843,1900,365057,365005
2022-03-31 13:34:00.000000000,1648704840000000000,3843,3855,3842,3851,3165,365005,364621
2022-03-31 13:35:00.000000000,1648704900000000000,3851,3853,3846,3846,1680,364621,364569
2022-03-31 13:36:00.000000000,1648704960000000000,3846,3853,3846,3853,957,364569,364407
2022-03-31 13:37:00.000000000,1648705020000000000,3853,3858,3851,3857,1529,364407,364352
2022-03-31 13:38:00.000000000,1648705080000000000,3857,3859,3854,3856,1242,364352,364535
2022-03-31 13:39:00.000000000,1648705140000000000,3856,3856,3852,3852,843,364535,364636
2022-03-31 13:40:00.000000000,1648705200000000000,3852,3858,3848,3856,1257,364636,364460
2022-03-31 13:41:00.000000000,1648705260000000000,3856,3857,3852,3852,648,364460,364409
2022-03-31 13:42:00.000000000,1648705320000000000,3852,3855,3851,3855,713,364409,364423
2022-03-31 13:43:00.000000000,1648705380000000000,3855,3860,3855,3859,900,364423,364419
2022-03-31 13:44:00.000000000,1648705440000000000,3859,3860,3855,3856,1070,364419,364483
2022-03-31 13:45:00.000000000,1648705500000000000,3856,3867,3856,3865,2025,364483,364101
2022-03-31 13:46:00.000000000,1648705560000000000,3865,3866,3860,3860,1242,364101,364124
2022-03-31 13:47:00.000000000,1648705620000000000,3860,3862,3857,3860,1304,364124,364064
2022-03-31 13:48:00.000000000,1648705680000000000,3860,3865,3859,3864,932,364064,364091
2022-03-31 13:49:00.000000000,1648705740000000000,3864,3871,3864,3869,1838,364091,363999
2022-03-31 13:50:00.000000000,1648705800000000000,3869,3871,3866,3866,978,363999,363918
2022-03-31 13:51:00.000000000,1648705860000000000,3866,3870,3865,3869,712,363918,363833
2022-03-31 13:52:00.000000000,1648705920000000000,3869,3870,3866,3866,505,363833,363841
2022-03-31 13:53:00.000000000,1648705980000000000,3866,3871,3865,3871,662,363841,363856
2022-03-31 13:54:00.000000000,1648706040000000000,3871,3874,3870,3871,1117,363856,363993
2022-03-31 13:55:00.000000000,1648706100000000000,3871,3873,3870,3872,614,363993,364024
2022-03-31 13:56:00.000000000,1648706160000000000,3872,3872,3867,3867,717,364024,363931
2022-03-31 13:57:00.000000000,1648706220000000000,3867,3871,3864,3871,1060,363931,363680
2022-03-31 13:58:00.000000000,1648706280000000000,3871,3872,3869,3869,452,363680,363732
2022-03-31 13:59:00.000000000,1648706340000000000,3869,3870,3867,3868,426,363732,363685
2022-03-31 14:00:00.000000000,1648706400000000000,3868,3869,3858,3862,1806,363685,363331
2022-03-31 14:01:00.000000000,1648706460000000000,3862,3868,3861,3867,957,363331,363202
2022-03-31 14:02:00.000000000,1648706520000000000,3867,3867,3863,3863,571,363202,363147
2022-03-31 14:03:00.000000000,1648706580000000000,3863,3867,3862,3867,709,363147,362993
2022-03-31 14:04:00.000000000,1648706640000000000,3867,3867,3861,3865,1129,362993,362608
2022-03-31 14:05:00.000000000,1648706700000000000,3865,3872,3865,3871,933,362608,362544
2022-03-31 14:06:00.000000000,1648706760000000000,3871,3876,3871,3875,1417,362544,362553
2022-03-31 14:07:00.000000000,1648706820000000000,3875,3877,3871,3872,888,362553,362590
2022-03-31 14:08:00.000000000,1648706880000000000,3872,3874,3872,3873,460,362590,362649
2022-03-31 14:09:00.000000000,1648706940000000000,3873,3873,3870,3873,660,362649,362554
2022-03-31 14:10:00.000000000,1648707000000000000,3873,3874,3870,3872,931,362554,362093
2022-03-31 14:11:00.000000000,1648707060000000000,3872,3874,3870,3872,883,362093,361991
2022-03-31 14:12:00.000000000,1648707120000000000,3872,3877,3872,3874,1244,361991,361711
2022-03-31 14:13:00.000000000,1648707180000000000,3874,3877,3874,3876,671,361711,361634
2022-03-31 14:14:00.000000000,1648707240000000000,3876,3882,3875,3878,1562,361634,361622
2022-03-31 14:15:00.000000000,1648707300000000000,3878,3884,3877,3883,1162,361622,361575
2022-03-31 14:16:00.000000000,1648707360000000000,3883,3883,3875,3875,993,361575,361500
2022-03-31 14:17:00.000000000,1648707420000000000,3875,3878,3872,3874,887,361500,361524
2022-03-31 14:18:00.000000000,1648707480000000000,3874,3875,3871,3874,562,361524,361527
2022-03-31 14:19:00.000000000,1648707540000000000,3874,3874,3871,3874,1477,361527,361687
2022-03-31 14:20:00.000000000,1648707600000000000,3874,3878,3874,3878,1056,361687,361710
2022-03-31 14:21:00.000000000,1648707660000000000,3878,3885,3878,3885,1247,361710,361743
2022-03-31 14:22:00.000000000,1648707720000000000,3885,3885,3881,3883,1283,361743,361707
2022-03-31 14:23:00.000000000,1648707780000000000,3883,3883,3878,3880,957,361707,362010
2022-03-31 14:24:00.000000000,1648707840000000000,3880,3886,3880,3886,976,362010,362243
2022-03-31 14:25:00.000000000,1648707900000000000,3886,3886,3883,3885,1614,362243,362607
2022-03-31 14:26:00.000000000,1648707960000000000,3885,3887,3883,3883,837,362607,362789
2022-03-31 14:27:00.000000000,1648708020000000000,3883,3886,3883,3885,746,362789,362796
2022-03-31 14:28:00.000000000,1648708080000000000,3885,3887,3885,3886,549,362796,362815
2022-03-31 14:29:00.000000000,1648708140000000000,3886,3894,3886,3894,2323,362815,362656
2022-03-31 14:30:00.000000000,1648708200000000000,3894,3898,3888,3889,2373,362656,362378
2022-03-31 14:31:00.000000000,1648708260000000000,3889,3890,3883,3887,1208,362378,362157
2022-03-31 14:32:00.000000000,1648708320000000000,3887,3887,3881,3882,1092,362157,361993
2022-03-31 14:33:00.000000000,1648708380000000000,3882,3886,3882,3884,1775,361993,361399
2022-03-31 14:34:00.000000000,1648708440000000000,3884,3887,3882,3887,927,361399,361064
2022-03-31 14:35:00.000000000,1648708500000000000,3887,3891,3885,3889,1065,361064,360780
2022-03-31 14:36:00.000000000,1648708560000000000,3889,3889,3884,3885,669,360780,360665
2022-03-31 14:37:00.000000000,1648708620000000000,3885,3888,3882,3887,655,360665,360471
2022-03-31 14:38:00.000000000,1648708680000000000,3887,3887,3883,3884,371,360471,360389
2022-03-31 14:39:00.000000000,1648708740000000000,3884,3885,3880,3882,976,360389,360131
2022-03-31 14:40:00.000000000,1648708800000000000,3882,3882,3878,3880,1212,360131,359936
2022-03-31 14:41:00.000000000,1648708860000000000,3880,3884,3880,3884,672,359936,359770
2022-03-31 14:42:00.000000000,1648708920000000000,3884,3887,3883,3886,604,359770,359718
2022-03-31 14:43:00.000000000,1648708980000000000,3886,3891,3886,3890,1170,359718,359453
2022-03-31 14:44:00.000000000,1648709040000000000,3890,3890,3888,3888,512,359453,359458
2022-03-31 14:45:00.000000000,1648709100000000000,3888,3891,3887,3888,647,359458,359338
2022-03-31 14:46:00.000000000,1648709160000000000,3888,3893,3888,3892,1035,359338,359062
2022-03-31 14:47:00.000000000,1648709220000000000,3892,3893,3889,3890,821,359062,358755
2022-03-31 14:48:00.000000000,1648709280000000000,3890,3896,3890,3895,1680,358755,359016
2022-03-31 14:49:00.000000000,1648709340000000000,3895,3898,3895,3897,1219,359016,358940
2022-03-31 14:50:00.000000000,1648709400000000000,3897,3905,3897,3905,4608,358940,357374
2022-03-31 14:51:00.000000000,1648709460000000000,3905,3914,3904,3912,2736,357374,357710
2022-03-31 14:52:00.000000000,1648709520000000000,3912,3915,3910,3914,1992,357710,357870
2022-03-31 14:53:00.000000000,1648709580000000000,3914,3919,3909,3909,3414,357870,357743
2022-03-31 14:54:00.000000000,1648709640000000000,3909,3919,3909,3914,2983,357743,357668
2022-03-31 14:55:00.000000000,1648709700000000000,3914,3923,3914,3922,4110,357668,357011
2022-03-31 14:56:00.000000000,1648709760000000000,3922,3923,3920,3922,2092,357011,356702
2022-03-31 14:57:00.000000000,1648709820000000000,3922,3923,3914,3914,2328,356702,355905
2022-03-31 14:58:00.000000000,1648709880000000000,3914,3920,3914,3918,2463,355905,355387
2022-03-31 14:59:00.000000000,1648709940000000000,3918,3921,3917,3918,2551,355387,354620
